resourceinstanceid,graphid,graphpublicationid,principaluser_id,specific_place_tileid,specific_place_name_content,specific_place_name_type,specific_place_name_language,statement_tileid,statement_statement_content,statement_statement_type_metatype,statement_statement_type,statement_statement_language,specific_place_uri_tileid,specific_place_uri_external_uri,geo_point_tileid,geo_point_defined_by
db85b422-ea1b-4de9-b3e5-2199aab0fafb,3dda9f54-d771-11ef-825b-0275dc2ded29,a3e9145b-ba55-4793-a0fa-189e0f404ca7,1,01c959ef-57ae-4d4c-8617-82744975493e,"{""en"": {""value"": ""Germany"", ""direction"": ""ltr""}}",[],[],f8ef0884-f5fe-4e51-aff4-623f50bc50dc,"{""en"": {""value"": ""Germany (URI: https://www.geonames.org/2921044)"", ""direction"": ""ltr""}}",[],[],[],7df8428a-a92d-4f6e-b775-d2464bd01c33,"{""en"": {""value"": ""https://www.geonames.org/2921044"", ""direction"": ""ltr""}}",604d8ac9-4b04-4914-9720-e5e7b8192096,"{""type"": ""Point"", ""coordinates"": [10.5, 51.5]}"
12ab92a6-0269-49b0-a116-6998fd2ce65f,3dda9f54-d771-11ef-825b-0275dc2ded29,a3e9145b-ba55-4793-a0fa-189e0f404ca7,1,016b4d85-0f7f-498e-a0f2-7463b1e77197,"{""en"": {""value"": ""United States"", ""direction"": ""ltr""}}",[],[],5d12feca-0137-463c-8444-7de1a45bc9d2,"{""en"": {""value"": ""United States (URI: https://www.geonames.org/6252001)"", ""direction"": ""ltr""}}",[],[],[],2894f900-26dd-47b3-be4c-b32a5536c7a2,"{""en"": {""value"": ""https://www.geonames.org/6252001"", ""direction"": ""ltr""}}",db5e2d15-135b-4b37-a253-773b8135627e,"{""type"": ""Point"", ""coordinates"": [-98.5, 39.76]}"
3973c7cf-c3f1-4def-bee2-204a5d32eba9,3dda9f54-d771-11ef-825b-0275dc2ded29,a3e9145b-ba55-4793-a0fa-189e0f404ca7,1,2cbdd2cd-8e72-4b2e-be3e-bb25f204cc56,"{""en"": {""value"": ""London"", ""direction"": ""ltr""}}",[],[],17338d92-dd57-4c2c-9acf-e359f19cb39d,"{""en"": {""value"": ""London (URI: https://www.geonames.org/2643743)"", ""direction"": ""ltr""}}",[],[],[],de98d024-e295-4ef3-a48a-c9c4a7056df2,"{""en"": {""value"": ""https://www.geonames.org/2643743"", ""direction"": ""ltr""}}",f6baac7b-1e74-48ee-b824-d60a9326c55d,"{""type"": ""Point"", ""coordinates"": [-0.12574, 51.50853]}"
5bd76880-3b01-46ad-9af4-d611f0f9ec38,3dda9f54-d771-11ef-825b-0275dc2ded29,a3e9145b-ba55-4793-a0fa-189e0f404ca7,1,6889b66b-ed17-4239-8665-322e4e6ef4d1,"{""en"": {""value"": ""Aichstetten"", ""direction"": ""ltr""}}",[],[],977616a5-bf42-478c-9c43-ab32e57d75d1,"{""en"": {""value"": ""Aichstetten (URI: https://www.geonames.org/6556053)"", ""direction"": ""ltr""}}",[],[],[],bcc0b3a1-44fc-4ec6-af4a-1d974cbac3a7,"{""en"": {""value"": ""https://www.geonames.org/6556053"", ""direction"": ""ltr""}}",6631545a-e04a-4d4f-b7b3-d6a9dd6876b8,"{""type"": ""Point"", ""coordinates"": [10.0565, 47.8973]}"
c82ad3b5-fc69-4930-abfc-8cd06f28534a,3dda9f54-d771-11ef-825b-0275dc2ded29,a3e9145b-ba55-4793-a0fa-189e0f404ca7,1,b5cd93e7-b66c-49e3-9254-4a30afc07074,"{""en"": {""value"": ""England"", ""direction"": ""ltr""}}",[],[],d534078f-303b-4761-b228-c7224d6f18c5,"{""en"": {""value"": ""England (URI: https://www.geonames.org/6269131)"", ""direction"": ""ltr""}}",[],[],[],6a32f6a8-4531-458d-95dd-f1bb0085d18a,"{""en"": {""value"": ""https://www.geonames.org/6269131"", ""direction"": ""ltr""}}",83416444-845a-4d22-a169-685bbbacd698,"{""type"": ""Point"", ""coordinates"": [-0.70312, 52.16045]}"
733128ab-aa88-4acb-a7bf-7f2e32fb1b74,3dda9f54-d771-11ef-825b-0275dc2ded29,a3e9145b-ba55-4793-a0fa-189e0f404ca7,1,c7d834d2-3409-448c-99e6-ee9935fc74fe,"{""en"": {""value"": ""Japan"", ""direction"": ""ltr""}}",[],[],2eae28cc-5c62-400b-bc55-0ff402086d63,"{""en"": {""value"": ""Japan (URI: https://www.geonames.org/1861060)"", ""direction"": ""ltr""}}",[],[],[],ce87e7db-3483-4518-adbf-8539fee3ba75,"{""en"": {""value"": ""https://www.geonames.org/1861060"", ""direction"": ""ltr""}}",5cf1c547-603c-4e84-8733-6095daea687f,"{""type"": ""Point"", ""coordinates"": [139.75309, 35.68536]}"
814fabf0-6af3-4a72-a864-d0795bd5cf23,3dda9f54-d771-11ef-825b-0275dc2ded29,a3e9145b-ba55-4793-a0fa-189e0f404ca7,1,eeb69976-ffc3-4adc-bc4f-8853cd4b709f,"{""en"": {""value"": ""Cedar Grove"", ""direction"": ""ltr""}}",[],[],95015f92-eac0-4274-8825-435cf901aa1b,"{""en"": {""value"": ""Cedar Grove (URI: https://www.geonames.org/5096371)"", ""direction"": ""ltr""}}",[],[],[],9aa4cf3a-5b17-4118-8b8f-b8e70cea202c,"{""en"": {""value"": ""https://www.geonames.org/5096371"", ""direction"": ""ltr""}}",5a1af9bd-b016-4609-bfc1-ebc09cb4e033,"{""type"": ""Point"", ""coordinates"": [-74.22903, 40.85177]}"
13d46718-449c-4dd1-9c2f-cb68b92374fc,3dda9f54-d771-11ef-825b-0275dc2ded29,a3e9145b-ba55-4793-a0fa-189e0f404ca7,1,9e4338a2-f157-4693-a2a2-e3ed75e0d9bf,"{""en"": {""value"": ""The Netherlands"", ""direction"": ""ltr""}}",[],[],519b0dbd-2965-40e4-972a-de55a8972fde,"{""en"": {""value"": ""The Netherlands (URI: https://www.geonames.org/2750405)"", ""direction"": ""ltr""}}",[],[],[],1972e02d-50c0-4a06-8506-12f853a80ab8,"{""en"": {""value"": ""https://www.geonames.org/2750405"", ""direction"": ""ltr""}}",93d7e83b-8084-44d3-8d29-3d56b416074b,"{""type"": ""Point"", ""coordinates"": [5.75, 52.25]}"
795a2be8-5d4e-49e5-90e3-7cd429123b7b,3dda9f54-d771-11ef-825b-0275dc2ded29,a3e9145b-ba55-4793-a0fa-189e0f404ca7,1,56c6468a-21e9-463c-86fb-8edda3b223c6,"{""en"": {""value"": ""France"", ""direction"": ""ltr""}}",[],[],ff0e7315-2499-47e8-9f7e-3e22c48bf2dc,"{""en"": {""value"": ""France (URI: https://www.geonames.org/3017382)"", ""direction"": ""ltr""}}",[],[],[],ae7572a7-25e2-40ce-8610-2dea5e53b35e,"{""en"": {""value"": ""https://www.geonames.org/3017382"", ""direction"": ""ltr""}}",89c1768e-b53d-498c-b85b-c22d82b057e2,"{""type"": ""Point"", ""coordinates"": [2.0, 46.0]}"
407d1c04-b792-4ed6-94d2-8317362a0f15,3dda9f54-d771-11ef-825b-0275dc2ded29,a3e9145b-ba55-4793-a0fa-189e0f404ca7,1,2d3eddd7-4974-44eb-8fa2-e4ad8aab4ccd,"{""en"": {""value"": ""Zaandam"", ""direction"": ""ltr""}}",[],[],e8d86a4a-f66b-42ef-95c5-d7d060060b96,"{""en"": {""value"": ""Zaandam (URI: https://www.geonames.org/2744118)"", ""direction"": ""ltr""}}",[],[],[],17276ae9-eb9e-46c6-b76c-037fa520140d,"{""en"": {""value"": ""https://www.geonames.org/2744118"", ""direction"": ""ltr""}}",ca32a849-04f2-4427-a9d2-1983944349c1,"{""type"": ""Point"", ""coordinates"": [4.82643, 52.43854]}"
43e2eb0b-477b-40f9-9d43-353c81299c73,3dda9f54-d771-11ef-825b-0275dc2ded29,a3e9145b-ba55-4793-a0fa-189e0f404ca7,1,46dcf60f-a2b5-4333-8391-a07a93887e89,"{""en"": {""value"": ""China"", ""direction"": ""ltr""}}",[],[],c08153b1-ff65-4c74-a34f-206370afd80f,"{""en"": {""value"": ""China (URI: https://www.geonames.org/1814991)"", ""direction"": ""ltr""}}",[],[],[],93e1fd9f-9ca0-40d9-a212-10c278a2a8d4,"{""en"": {""value"": ""https://www.geonames.org/1814991"", ""direction"": ""ltr""}}",d3bef8a3-f013-4cc7-9787-823dd472961d,"{""type"": ""Point"", ""coordinates"": [105.0, 35.0]}"
f4aa9811-2484-4374-ae91-0361b6569502,3dda9f54-d771-11ef-825b-0275dc2ded29,a3e9145b-ba55-4793-a0fa-189e0f404ca7,1,a448fb9b-61bb-4d01-a976-c1ce47a508b7,"{""en"": {""value"": ""Brazil"", ""direction"": ""ltr""}}",[],[],a273aba0-0e36-4cd1-95eb-34038f0b2e34,"{""en"": {""value"": ""Brazil (URI: https://www.geonames.org/3469034)"", ""direction"": ""ltr""}}",[],[],[],89855a40-d4bb-45a2-a936-645039791adb,"{""en"": {""value"": ""https://www.geonames.org/3469034"", ""direction"": ""ltr""}}",1d002b16-87f0-48bf-92ab-ac01a89f4357,"{""type"": ""Point"", ""coordinates"": [-55.0, -10.0]}"
e680b3ce-b023-42c7-9b78-04e195d4cc32,3dda9f54-d771-11ef-825b-0275dc2ded29,a3e9145b-ba55-4793-a0fa-189e0f404ca7,1,9432b2fa-7b8f-4b3d-95ac-9b20a62c08c4,"{""en"": {""value"": ""Czechia"", ""direction"": ""ltr""}}",[],[],c918fd54-230c-42a0-a905-86a33cf5896e,"{""en"": {""value"": ""Czechia (URI: https://www.geonames.org/3077311)"", ""direction"": ""ltr""}}",[],[],[],d05664f3-4d89-4e27-9754-cdc92e0a2059,"{""en"": {""value"": ""https://www.geonames.org/3077311"", ""direction"": ""ltr""}}",42852a05-f599-4e5e-ba0e-6ba05a0e65da,"{""type"": ""Point"", ""coordinates"": [15.0, 49.75]}"
ed107d61-fcf5-4517-8f7c-c5ba32b9ec67,3dda9f54-d771-11ef-825b-0275dc2ded29,a3e9145b-ba55-4793-a0fa-189e0f404ca7,1,52ca2d4f-223e-45b8-ac71-a70bbbe829db,"{""en"": {""value"": ""Florence"", ""direction"": ""ltr""}}",[],[],3d1c0db2-47f5-489e-9157-6327384bb814,"{""en"": {""value"": ""Florence (URI: https://www.geonames.org/3176959)"", ""direction"": ""ltr""}}",[],[],[],8e159257-6519-4e29-bfc7-0da13b1a188d,"{""en"": {""value"": ""https://www.geonames.org/3176959"", ""direction"": ""ltr""}}",def3a452-97e9-4633-9eb3-846cff131584,"{""type"": ""Point"", ""coordinates"": [11.24626, 43.77925]}"
04138f0a-3ae2-4fd0-88c7-7739277f432c,3dda9f54-d771-11ef-825b-0275dc2ded29,a3e9145b-ba55-4793-a0fa-189e0f404ca7,1,4f84268f-d851-4929-9621-38baaf3b8f63,"{""en"": {""value"": ""Italy"", ""direction"": ""ltr""}}",[],[],b4f47e66-0def-4520-af67-b529aebfcdf8,"{""en"": {""value"": ""Italy (URI: https://www.geonames.org/3175395)"", ""direction"": ""ltr""}}",[],[],[],95939b43-0caf-4df2-95b8-c9aa6e7f38a3,"{""en"": {""value"": ""https://www.geonames.org/3175395"", ""direction"": ""ltr""}}",22bab6aa-8c11-4a72-aa48-4a0d12f6ea9f,"{""type"": ""Point"", ""coordinates"": [12.83333, 42.83333]}"
4275be58-37e1-4d63-adc4-7e2d8d49573d,3dda9f54-d771-11ef-825b-0275dc2ded29,a3e9145b-ba55-4793-a0fa-189e0f404ca7,1,fcbb2383-8cda-4cdf-8d49-b452684f5bbc,"{""en"": {""value"": ""Sussex"", ""direction"": ""ltr""}}",[],[],fb266e5c-5ca3-46b7-a30d-aa32593a492c,"{""en"": {""value"": ""Sussex (URI: https://www.geonames.org/5105168)"", ""direction"": ""ltr""}}",[],[],[],d75b71fc-3d89-48bf-b86a-31e61c69f997,"{""en"": {""value"": ""https://www.geonames.org/5105168"", ""direction"": ""ltr""}}",ff33e536-4ce0-440a-b80c-58463e35dae0,"{""type"": ""Point"", ""coordinates"": [-74.69023, 41.13946]}"
91465c4c-422f-41e8-8825-eed0809b135a,3dda9f54-d771-11ef-825b-0275dc2ded29,a3e9145b-ba55-4793-a0fa-189e0f404ca7,1,6f38b4ab-090a-4302-b566-7e108e915ffd,"{""en"": {""value"": ""Sparks"", ""direction"": ""ltr""}}",[],[],b96fbcb0-671d-41f7-91a6-8e393079374b,"{""en"": {""value"": ""Sparks (URI: https://www.geonames.org/5512862)"", ""direction"": ""ltr""}}",[],[],[],4719305c-6718-4bc5-96b6-301fed25eb7c,"{""en"": {""value"": ""https://www.geonames.org/5512862"", ""direction"": ""ltr""}}",d2829668-471b-49ee-90fe-5cab9577c329,"{""type"": ""Point"", ""coordinates"": [-119.75269, 39.53491]}"
8be4fc05-1cb4-412d-a9d3-eafd643a5eef,3dda9f54-d771-11ef-825b-0275dc2ded29,a3e9145b-ba55-4793-a0fa-189e0f404ca7,1,e91843a5-c823-45b6-b5c5-543449a3d024,"{""en"": {""value"": ""New Berlin"", ""direction"": ""ltr""}}",[],[],4596452c-a12a-4dce-a995-913dc6864f86,"{""en"": {""value"": ""New Berlin (URI: https://www.geonames.org/5128465)"", ""direction"": ""ltr""}}",[],[],[],1fe8fc0c-5b5d-4a98-82a3-768552f57537,"{""en"": {""value"": ""https://www.geonames.org/5128465"", ""direction"": ""ltr""}}",d30d5247-9817-405a-bd02-c3da6b79c219,"{""type"": ""Point"", ""coordinates"": [-75.33156, 42.62424]}"
e6b8ffb5-5cc5-42fd-aae6-aa0688ad1203,3dda9f54-d771-11ef-825b-0275dc2ded29,a3e9145b-ba55-4793-a0fa-189e0f404ca7,1,544708b7-492d-434f-a38a-c90ff8f27e5b,"{""en"": {""value"": ""Minas Gerais"", ""direction"": ""ltr""}}",[],[],0159f364-e616-4d8c-a1bf-3171f4c33f8f,"{""en"": {""value"": ""Minas Gerais (URI: https://www.geonames.org/3457153)"", ""direction"": ""ltr""}}",[],[],[],3268fd01-a68b-4edc-afe0-814bcb28255a,"{""en"": {""value"": ""https://www.geonames.org/3457153"", ""direction"": ""ltr""}}",d8977dee-ff81-4812-b9c6-5d008ce4b3b1,"{""type"": ""Point"", ""coordinates"": [-44.0, -18.0]}"
9c5c97be-4ed2-4f12-8bab-24460be8c0f5,3dda9f54-d771-11ef-825b-0275dc2ded29,a3e9145b-ba55-4793-a0fa-189e0f404ca7,1,faa2589f-5546-4258-9753-29e832e40546,"{""en"": {""value"": ""Ripon"", ""direction"": ""ltr""}}",[],[],0f137b20-ff09-4844-9a21-5a1b4edfcb7d,"{""en"": {""value"": ""Ripon (URI: https://www.geonames.org/5268955)"", ""direction"": ""ltr""}}",[],[],[],6540a65f-a299-4e15-9f0b-c3c55913d05a,"{""en"": {""value"": ""https://www.geonames.org/5268955"", ""direction"": ""ltr""}}",155c3f5c-e0a7-4ebc-a866-ecfdebbe7d76,"{""type"": ""Point"", ""coordinates"": [-88.83594, 43.8422]}"
1527dca5-26ce-4190-9828-49658cc4edb5,3dda9f54-d771-11ef-825b-0275dc2ded29,a3e9145b-ba55-4793-a0fa-189e0f404ca7,1,12dd9a5f-fe4f-4970-b1ca-8682bf8a3cd0,"{""en"": {""value"": ""Paris 06 Luxembourg"", ""direction"": ""ltr""}}",[],[],8f34f673-c264-4753-803e-a60571103745,"{""en"": {""value"": ""Paris 06 Luxembourg (URI: https://www.geonames.org/2997000)"", ""direction"": ""ltr""}}",[],[],[],0c8659da-1bd0-4e38-b1e2-5246383ad7a5,"{""en"": {""value"": ""https://www.geonames.org/2997000"", ""direction"": ""ltr""}}",a7a33420-bd43-4549-adfb-89e40931facf,"{""type"": ""Point"", ""coordinates"": [2.33, 48.8493]}"
f42daebd-2054-4d57-a8f0-e0c5ca558e16,3dda9f54-d771-11ef-825b-0275dc2ded29,a3e9145b-ba55-4793-a0fa-189e0f404ca7,1,0c0a9b6a-67ca-4902-9742-fb5a8fda48bb,"{""en"": {""value"": ""Pomona"", ""direction"": ""ltr""}}",[],[],faef72b3-20ca-4e79-bb2a-85e27294a1cc,"{""en"": {""value"": ""Pomona (URI: https://www.geonames.org/5384170)"", ""direction"": ""ltr""}}",[],[],[],ab1eb0b3-1d94-41b1-a3c4-7e096bfe4b15,"{""en"": {""value"": ""https://www.geonames.org/5384170"", ""direction"": ""ltr""}}",d428f54b-9896-4b67-be64-d664fafb576f,"{""type"": ""Point"", ""coordinates"": [-117.75228, 34.05529]}"
a6aa2d4e-dafd-4c26-bba6-dbcf5bbdd007,3dda9f54-d771-11ef-825b-0275dc2ded29,a3e9145b-ba55-4793-a0fa-189e0f404ca7,1,0906162f-074b-49aa-92c4-30942861c971,"{""en"": {""value"": ""São Bernardo do Campo"", ""direction"": ""ltr""}}",[],[],58d7f1e6-138f-467f-9df1-3d3a2113dac2,"{""en"": {""value"": ""São Bernardo do Campo (URI: https://www.geonames.org/3449344)"", ""direction"": ""ltr""}}",[],[],[],9dbedb92-f55e-46bf-8169-cc7672358b99,"{""en"": {""value"": ""https://www.geonames.org/3449344"", ""direction"": ""ltr""}}",029d2dfc-ed4e-4a0a-b2e0-b332430cfaa4,"{""type"": ""Point"", ""coordinates"": [-46.565, -23.69389]}"
f4c44e22-201b-45c9-9f0b-0c4d9c3acdb9,3dda9f54-d771-11ef-825b-0275dc2ded29,a3e9145b-ba55-4793-a0fa-189e0f404ca7,1,0c9ca9d4-c60f-4f20-a408-92439dbcc0bb,"{""en"": {""value"": ""Mexico"", ""direction"": ""ltr""}}",[],[],a51adf67-fdec-4608-afb8-a0efe756ac58,"{""en"": {""value"": ""Mexico (URI: https://www.geonames.org/3996063)"", ""direction"": ""ltr""}}",[],[],[],c0d43766-6c65-4304-bd41-0513ca36410c,"{""en"": {""value"": ""https://www.geonames.org/3996063"", ""direction"": ""ltr""}}",962f9477-dc11-4411-83b8-3f258110441c,"{""type"": ""Point"", ""coordinates"": [-102.0, 23.0]}"
1837734d-fe72-499a-9a13-277bb85bd1f2,3dda9f54-d771-11ef-825b-0275dc2ded29,a3e9145b-ba55-4793-a0fa-189e0f404ca7,1,db651e8f-187e-4dfb-ba66-7be40f54d3f8,"{""en"": {""value"": ""Riverside"", ""direction"": ""ltr""}}",[],[],0834a2dd-1cd3-42f4-ad65-e38becea5e6d,"{""en"": {""value"": ""Riverside (URI: https://www.geonames.org/5387890)"", ""direction"": ""ltr""}}",[],[],[],d1133cf7-5dba-45a0-af0b-61ec2d08229a,"{""en"": {""value"": ""https://www.geonames.org/5387890"", ""direction"": ""ltr""}}",0ce351fe-b8b9-481a-971a-0ad60fb3280b,"{""type"": ""Point"", ""coordinates"": [-115.99386, 33.74368]}"
92bdf162-91d4-464d-8f60-3c0e3670742d,3dda9f54-d771-11ef-825b-0275dc2ded29,a3e9145b-ba55-4793-a0fa-189e0f404ca7,1,b7d617a9-170a-4012-8a71-db6ad021432c,"{""en"": {""value"": ""New York"", ""direction"": ""ltr""}}",[],[],76bf9e69-e73a-4229-a81f-d98f5322dc0a,"{""en"": {""value"": ""New York (URI: https://www.geonames.org/5128638)"", ""direction"": ""ltr""}}",[],[],[],df57a4f8-9d53-436b-ae2f-c74f0c8fb207,"{""en"": {""value"": ""https://www.geonames.org/5128638"", ""direction"": ""ltr""}}",0f19638d-20f7-462e-99c8-170439a0060d,"{""type"": ""Point"", ""coordinates"": [-75.4999, 43.00035]}"
20c106ff-439c-4288-9785-3cb2cc52d25f,3dda9f54-d771-11ef-825b-0275dc2ded29,a3e9145b-ba55-4793-a0fa-189e0f404ca7,1,9f04be3d-5935-40b3-947b-87fe0181ad31,"{""en"": {""value"": ""Louisiana"", ""direction"": ""ltr""}}",[],[],ef1c8ffc-c599-4195-b1f4-fd784548ce6f,"{""en"": {""value"": ""Louisiana (URI: https://www.geonames.org/4331987)"", ""direction"": ""ltr""}}",[],[],[],537f4db0-b331-428a-8f77-2f846e511761,"{""en"": {""value"": ""https://www.geonames.org/4331987"", ""direction"": ""ltr""}}",c234e73d-4700-46cb-948a-400c41e9eb99,"{""type"": ""Point"", ""coordinates"": [-92.0004, 31.00047]}"
698b92af-a502-4344-9f7a-5ec7dd7551c5,3dda9f54-d771-11ef-825b-0275dc2ded29,a3e9145b-ba55-4793-a0fa-189e0f404ca7,1,2266d921-944f-4179-a844-cac8dad8da6a,"{""en"": {""value"": ""India"", ""direction"": ""ltr""}}",[],[],95739e12-8743-4fb8-85c9-1eecb4c1c3c2,"{""en"": {""value"": ""India (URI: https://www.geonames.org/1269750)"", ""direction"": ""ltr""}}",[],[],[],d1df0daf-e7a8-49fb-9d84-dd87a40c97d4,"{""en"": {""value"": ""https://www.geonames.org/1269750"", ""direction"": ""ltr""}}",57bc155f-731b-43fa-b40f-4a586afbc8a0,"{""type"": ""Point"", ""coordinates"": [79.0, 22.0]}"
37098bce-7ea7-4807-b65c-eca14974485b,3dda9f54-d771-11ef-825b-0275dc2ded29,a3e9145b-ba55-4793-a0fa-189e0f404ca7,1,0a1fa7de-117b-479e-be24-6726117ace37,"{""en"": {""value"": ""Kola Peninsula"", ""direction"": ""ltr""}}",[],[],86b16631-dd0f-47c7-8cc6-3e2108377637,"{""en"": {""value"": ""Kola Peninsula (URI: https://www.geonames.org/546085)"", ""direction"": ""ltr""}}",[],[],[],1a61786b-ab4e-44d1-8148-4e18f7425198,"{""en"": {""value"": ""https://www.geonames.org/546085"", ""direction"": ""ltr""}}",798802d5-4bb8-49dd-b90c-37d046536562,"{""type"": ""Point"", ""coordinates"": [37.55087, 67.29948]}"
920dc38b-c630-4b74-8b66-7e5c56ad40b6,3dda9f54-d771-11ef-825b-0275dc2ded29,a3e9145b-ba55-4793-a0fa-189e0f404ca7,1,33bad35c-a3c8-4735-a812-695bc4464931,"{""en"": {""value"": ""California"", ""direction"": ""ltr""}}",[],[],7203e380-bea7-4636-9fd1-202d6dbf0718,"{""en"": {""value"": ""California (URI: https://www.geonames.org/5332921)"", ""direction"": ""ltr""}}",[],[],[],0c6202f5-0bd1-40f6-9c8d-4f9099b98a20,"{""en"": {""value"": ""https://www.geonames.org/5332921"", ""direction"": ""ltr""}}",e4c3f54f-9e33-47e8-a3f6-51bf6ac3fd5c,"{""type"": ""Point"", ""coordinates"": [-119.75126, 37.25022]}"
bc21b2ed-9987-478f-a208-4ef9b25e048e,3dda9f54-d771-11ef-825b-0275dc2ded29,a3e9145b-ba55-4793-a0fa-189e0f404ca7,1,060d9d75-cf94-4e22-95e2-7162f3f784c1,"{""en"": {""value"": ""Australia"", ""direction"": ""ltr""}}",[],[],1c1b531e-266f-46d7-937d-2f02cf40b335,"{""en"": {""value"": ""Australia (URI: https://www.geonames.org/2077456)"", ""direction"": ""ltr""}}",[],[],[],725d7890-6f47-4be6-875d-ef6a1df459f5,"{""en"": {""value"": ""https://www.geonames.org/2077456"", ""direction"": ""ltr""}}",9f60b4c7-574a-4c89-a5ef-d94cb3cd6279,"{""type"": ""Point"", ""coordinates"": [135.0, -25.0]}"
3afc95f9-6014-49ca-89db-d56ea3895ced,3dda9f54-d771-11ef-825b-0275dc2ded29,a3e9145b-ba55-4793-a0fa-189e0f404ca7,1,259fab1f-39eb-402c-b4d4-d4fe792b1de1,"{""en"": {""value"": ""Milan"", ""direction"": ""ltr""}}",[],[],90a5d756-5ad1-4d96-ae70-7cabf4bcfde8,"{""en"": {""value"": ""Milan (URI: https://www.geonames.org/3173435)"", ""direction"": ""ltr""}}",[],[],[],b447a391-35b8-4255-93fc-af72614bb694,"{""en"": {""value"": ""https://www.geonames.org/3173435"", ""direction"": ""ltr""}}",11c641a4-a7fb-40ad-b3e9-cd88f79b7a06,"{""type"": ""Point"", ""coordinates"": [9.18951, 45.46427]}"
fc789ebe-4be6-422e-98e1-9b2e4de0c088,3dda9f54-d771-11ef-825b-0275dc2ded29,a3e9145b-ba55-4793-a0fa-189e0f404ca7,1,14b26a1a-f28e-4489-ad8b-7cfbabb98fd6,"{""en"": {""value"": ""Czechoslovakia"", ""direction"": ""ltr""}}",[],[],b5fa6498-852f-4594-b1cb-3f4da905da94,"{""en"": {""value"": ""Czechoslovakia (URI: https://www.geonames.org/8505031)"", ""direction"": ""ltr""}}",[],[],[],407fd103-56ee-4a8d-b664-5b50fa0985f1,"{""en"": {""value"": ""https://www.geonames.org/8505031"", ""direction"": ""ltr""}}",e89807cc-21cf-40e4-b8fa-6963b0f094b9,"{""type"": ""Point"", ""coordinates"": [14.46672, 50.08292]}"
5e8bbd53-5fbf-46ac-9e84-b3c921eceae6,3dda9f54-d771-11ef-825b-0275dc2ded29,a3e9145b-ba55-4793-a0fa-189e0f404ca7,1,9230d75a-b357-4ece-aea9-2c1aabe12ad1,"{""en"": {""value"": ""New Zealand"", ""direction"": ""ltr""}}",[],[],0478aed2-4415-404e-91da-a81e04e78ae4,"{""en"": {""value"": ""New Zealand (URI: https://www.geonames.org/2186224)"", ""direction"": ""ltr""}}",[],[],[],9e8d9300-2a8a-43f6-a597-eb4e583f104c,"{""en"": {""value"": ""https://www.geonames.org/2186224"", ""direction"": ""ltr""}}",24993bf2-68ea-40bb-abb0-9e3a1cb0e193,"{""type"": ""Point"", ""coordinates"": [174.0, -42.0]}"
fe72a817-1174-4ad0-a4c1-ea273a9b0706,3dda9f54-d771-11ef-825b-0275dc2ded29,a3e9145b-ba55-4793-a0fa-189e0f404ca7,1,c77b540b-cc56-43a4-b889-db72ce8df283,"{""en"": {""value"": ""Canada"", ""direction"": ""ltr""}}",[],[],13687590-a1ed-46ee-8ca3-07ae3221b9ae,"{""en"": {""value"": ""Canada (URI: https://www.geonames.org/6251999)"", ""direction"": ""ltr""}}",[],[],[],2250b736-1ce3-417d-afa3-f6a7d0ea9864,"{""en"": {""value"": ""https://www.geonames.org/6251999"", ""direction"": ""ltr""}}",ca276515-035c-4fee-bcfb-2aa3d6c898b1,"{""type"": ""Point"", ""coordinates"": [-113.64258, 60.10867]}"
596d7f22-7495-4939-b0cc-02a41f70e71e,3dda9f54-d771-11ef-825b-0275dc2ded29,a3e9145b-ba55-4793-a0fa-189e0f404ca7,1,77891152-8366-42a6-a27c-851f48486499,"{""en"": {""value"": ""Warrington"", ""direction"": ""ltr""}}",[],[],284b140c-8ace-48d0-b496-09593309e687,"{""en"": {""value"": ""Warrington (URI: https://www.geonames.org/5218008)"", ""direction"": ""ltr""}}",[],[],[],e9b935a8-4edf-4327-9556-441b10d08170,"{""en"": {""value"": ""https://www.geonames.org/5218008"", ""direction"": ""ltr""}}",7abe7fb2-a054-48bb-b7f2-b4ad5c9fe7e4,"{""type"": ""Point"", ""coordinates"": [-75.13406, 40.24927]}"
79ca6d79-7804-4376-9b38-6e07205c2772,3dda9f54-d771-11ef-825b-0275dc2ded29,a3e9145b-ba55-4793-a0fa-189e0f404ca7,1,933ba0d6-03da-4577-bd08-90c3e234c62d,"{""en"": {""value"": ""Texas"", ""direction"": ""ltr""}}",[],[],a585577d-fac1-49dd-9ec6-d9d469b131a4,"{""en"": {""value"": ""Texas (URI: https://www.geonames.org/4736286)"", ""direction"": ""ltr""}}",[],[],[],02bd5c08-2e0c-44c3-851f-681f97605e0b,"{""en"": {""value"": ""https://www.geonames.org/4736286"", ""direction"": ""ltr""}}",dc2e527b-9874-4217-b941-b66a625ce00f,"{""type"": ""Point"", ""coordinates"": [-99.25061, 31.25044]}"
c8c0092e-917a-4998-8d65-8f4f16c74b5b,3dda9f54-d771-11ef-825b-0275dc2ded29,a3e9145b-ba55-4793-a0fa-189e0f404ca7,1,25ce83f6-2532-4587-93b5-feea6a39ac3f,"{""en"": {""value"": ""St Petersburg"", ""direction"": ""ltr""}}",[],[],9c2a3468-977c-430d-88e5-a4891e23055e,"{""en"": {""value"": ""St Petersburg (URI: https://www.geonames.org/498817)"", ""direction"": ""ltr""}}",[],[],[],30a140fa-6fc0-43c9-8a8d-8370fd59d0b0,"{""en"": {""value"": ""https://www.geonames.org/498817"", ""direction"": ""ltr""}}",36243170-af4c-4db5-bd85-e23bc2d89404,"{""type"": ""Point"", ""coordinates"": [30.31413, 59.93863]}"
ce4971ad-62ea-4488-9f20-ba8167578a82,3dda9f54-d771-11ef-825b-0275dc2ded29,a3e9145b-ba55-4793-a0fa-189e0f404ca7,1,cb8bdff6-d203-4a72-b834-ab21d343e952,"{""en"": {""value"": ""Ontario"", ""direction"": ""ltr""}}",[],[],27f5f64e-3760-42c4-ab9d-915c99e8cec5,"{""en"": {""value"": ""Ontario (URI: https://www.geonames.org/6093943)"", ""direction"": ""ltr""}}",[],[],[],6a89044e-09c5-472b-8442-03015375865b,"{""en"": {""value"": ""https://www.geonames.org/6093943"", ""direction"": ""ltr""}}",89d2a68f-3710-4fec-a700-2c583a22ed48,"{""type"": ""Point"", ""coordinates"": [-84.49983, 49.25014]}"
016235e8-b11d-49f7-8f00-57c2fbba9781,3dda9f54-d771-11ef-825b-0275dc2ded29,a3e9145b-ba55-4793-a0fa-189e0f404ca7,1,54189fd1-ed1e-4bf9-a895-569785dd7e70,"{""en"": {""value"": ""Heidelberg"", ""direction"": ""ltr""}}",[],[],e0c66a1e-e576-4e36-8f6b-28fe851c7dc7,"{""en"": {""value"": ""Heidelberg (URI: https://www.geonames.org/2907911)"", ""direction"": ""ltr""}}",[],[],[],f6666f62-cd9e-4316-88e4-2ffc7ea5947e,"{""en"": {""value"": ""https://www.geonames.org/2907911"", ""direction"": ""ltr""}}",0d17f0f7-7e6e-4b5b-900e-120c99763df9,"{""type"": ""Point"", ""coordinates"": [8.69079, 49.40768]}"
0ad6f48a-3257-4eca-a922-e787cb2c6bb3,3dda9f54-d771-11ef-825b-0275dc2ded29,a3e9145b-ba55-4793-a0fa-189e0f404ca7,1,f1ae11d2-cfff-49aa-b83c-3cebbd12b4ae,"{""en"": {""value"": ""Russia"", ""direction"": ""ltr""}}",[],[],f6648434-ceab-4498-9424-67b4f206825f,"{""en"": {""value"": ""Russia (URI: https://www.geonames.org/2017370)"", ""direction"": ""ltr""}}",[],[],[],c709a4f5-b45e-4efa-94c2-bebc0a31cf82,"{""en"": {""value"": ""https://www.geonames.org/2017370"", ""direction"": ""ltr""}}",6161fdae-a31d-4ee4-9756-4cd3f79cb28b,"{""type"": ""Point"", ""coordinates"": [100.0, 60.0]}"
60394141-6c3f-49f1-848d-1ccd1b150cc3,3dda9f54-d771-11ef-825b-0275dc2ded29,a3e9145b-ba55-4793-a0fa-189e0f404ca7,1,1fd0ba08-8c0d-4e9a-a3f0-81eecfbc97a7,"{""en"": {""value"": ""Marquette"", ""direction"": ""ltr""}}",[],[],54007a13-0e6a-458f-9ea6-1bf02da81354,"{""en"": {""value"": ""Marquette (URI: https://www.geonames.org/5000950)"", ""direction"": ""ltr""}}",[],[],[],281aa67d-11ea-4783-822c-4e70332bb370,"{""en"": {""value"": ""https://www.geonames.org/5000950"", ""direction"": ""ltr""}}",c4af3773-3b45-4845-b827-0584f5939bac,"{""type"": ""Point"", ""coordinates"": [-87.5735, 46.66295]}"
7bb576c0-5dd0-49d0-bd8e-12ca07f799c3,3dda9f54-d771-11ef-825b-0275dc2ded29,a3e9145b-ba55-4793-a0fa-189e0f404ca7,1,7329b296-5de6-435b-abed-09481215c1e2,"{""en"": {""value"": ""Chihuahua"", ""direction"": ""ltr""}}",[],[],5a488198-3b4b-4c56-af5a-9f851009eb33,"{""en"": {""value"": ""Chihuahua (URI: https://www.geonames.org/4014336)"", ""direction"": ""ltr""}}",[],[],[],7ddf326a-16d5-4a2a-b5f0-7a48f1f91b40,"{""en"": {""value"": ""https://www.geonames.org/4014336"", ""direction"": ""ltr""}}",bd7f7f6c-1a37-4494-b5a4-ba493a097921,"{""type"": ""Point"", ""coordinates"": [-106.25, 28.75]}"
7b1ad88c-0564-4811-9a38-ea51f3e0379d,3dda9f54-d771-11ef-825b-0275dc2ded29,a3e9145b-ba55-4793-a0fa-189e0f404ca7,1,6f127df1-dd49-473b-ac59-1b4f63edef97,"{""en"": {""value"": ""San Benito"", ""direction"": ""ltr""}}",[],[],30f06b62-fa2c-4fd1-97ee-f0f23c1e28bf,"{""en"": {""value"": ""San Benito (URI: https://www.geonames.org/5391692)"", ""direction"": ""ltr""}}",[],[],[],57c6e239-6dd4-4462-be0a-292994971a7d,"{""en"": {""value"": ""https://www.geonames.org/5391692"", ""direction"": ""ltr""}}",82e69802-325e-441f-9bdb-e91cc506cc19,"{""type"": ""Point"", ""coordinates"": [-121.075, 36.60571]}"
b5af4eeb-3b14-4de0-9775-60c1d90b5331,3dda9f54-d771-11ef-825b-0275dc2ded29,a3e9145b-ba55-4793-a0fa-189e0f404ca7,1,26eddce1-bb18-41d0-a1d1-747dd4168509,"{""en"": {""value"": ""Apeldoorn"", ""direction"": ""ltr""}}",[],[],d3896e39-68f2-4ca6-9794-d8802f4be81a,"{""en"": {""value"": ""Apeldoorn (URI: https://www.geonames.org/2759706)"", ""direction"": ""ltr""}}",[],[],[],efbdac79-c8b0-4a63-a334-6b463cc7c85d,"{""en"": {""value"": ""https://www.geonames.org/2759706"", ""direction"": ""ltr""}}",a7714a65-6979-4a39-94f9-14f4b3d353d7,"{""type"": ""Point"", ""coordinates"": [5.96944, 52.21]}"
71b51869-b751-4f10-9d55-e293c27cfbb1,3dda9f54-d771-11ef-825b-0275dc2ded29,a3e9145b-ba55-4793-a0fa-189e0f404ca7,1,8bff5ae3-40d1-43d1-9dc6-a7b33c2041c1,"{""en"": {""value"": ""Venice"", ""direction"": ""ltr""}}",[],[],fd436d1d-57e7-468c-9bd8-75ceda3946c0,"{""en"": {""value"": ""Venice (URI: https://www.geonames.org/3164603)"", ""direction"": ""ltr""}}",[],[],[],e18438db-f594-4777-9baf-eb0038ed6801,"{""en"": {""value"": ""https://www.geonames.org/3164603"", ""direction"": ""ltr""}}",1fba8f17-aee0-4afb-9cef-c80768a901dc,"{""type"": ""Point"", ""coordinates"": [12.33265, 45.43713]}"
34bd9c17-40fc-4fae-8335-6813281d4e83,3dda9f54-d771-11ef-825b-0275dc2ded29,a3e9145b-ba55-4793-a0fa-189e0f404ca7,1,2988cc07-fa57-44ce-8375-c9dc3542550d,"{""en"": {""value"": ""Shanghai"", ""direction"": ""ltr""}}",[],[],980135de-5cf4-44bf-827a-8bf80eedd84a,"{""en"": {""value"": ""Shanghai (URI: https://www.geonames.org/1796236)"", ""direction"": ""ltr""}}",[],[],[],609b717d-431a-4656-972a-149bda09cb85,"{""en"": {""value"": ""https://www.geonames.org/1796236"", ""direction"": ""ltr""}}",a188fd44-01a2-454d-b5a4-c192b613b7d3,"{""type"": ""Point"", ""coordinates"": [121.45806, 31.22222]}"
ac3ca48a-1c4d-4a25-87f5-6fa4e2dc4fb6,3dda9f54-d771-11ef-825b-0275dc2ded29,a3e9145b-ba55-4793-a0fa-189e0f404ca7,1,1f245722-71d4-4e88-96f9-a42ae0400479,"{""en"": {""value"": ""United Kingdom"", ""direction"": ""ltr""}}",[],[],5f4f9e94-bbad-4ad1-a09c-24454cb6bcbf,"{""en"": {""value"": ""United Kingdom (URI: https://www.geonames.org/2635167)"", ""direction"": ""ltr""}}",[],[],[],cfe0f67d-1f25-4894-a7b6-8059197c0a52,"{""en"": {""value"": ""https://www.geonames.org/2635167"", ""direction"": ""ltr""}}",2c3ada76-677a-4c60-a665-f6f3eb26a7c5,"{""type"": ""Point"", ""coordinates"": [-2.69531, 54.75844]}"
6d2c42d3-56cc-4bda-bbb2-a61aab0b4df1,3dda9f54-d771-11ef-825b-0275dc2ded29,a3e9145b-ba55-4793-a0fa-189e0f404ca7,1,54b21e9c-70d7-4b1c-964a-bf8131aa3bca,"{""en"": {""value"": ""Ontonagon"", ""direction"": ""ltr""}}",[],[],7b6af591-4137-43ca-932a-6681d1744267,"{""en"": {""value"": ""Ontonagon (URI: https://www.geonames.org/5004521)"", ""direction"": ""ltr""}}",[],[],[],d1f80b6c-b71e-4d49-b490-4da74f1fa1e5,"{""en"": {""value"": ""https://www.geonames.org/5004521"", ""direction"": ""ltr""}}",f41bed12-48b7-480d-a23f-8bbd40ae592b,"{""type"": ""Point"", ""coordinates"": [-89.30511, 46.77749]}"
bb9faa4e-ea43-4423-80c5-611a657a62bc,3dda9f54-d771-11ef-825b-0275dc2ded29,a3e9145b-ba55-4793-a0fa-189e0f404ca7,1,a34936c0-eec6-4672-aeb7-55cb5472a957,"{""en"": {""value"": ""Europe"", ""direction"": ""ltr""}}",[],[],7633dcc6-deb5-4781-8147-8263b9e89347,"{""en"": {""value"": ""Europe (URI: https://www.geonames.org/6255148)"", ""direction"": ""ltr""}}",[],[],[],01a864f3-3d15-4de9-8a15-c036094816f9,"{""en"": {""value"": ""https://www.geonames.org/6255148"", ""direction"": ""ltr""}}",71c127be-ff6e-4e1d-a491-18bec0146d78,"{""type"": ""Point"", ""coordinates"": [9.14062, 48.69096]}"
bbb8e2cb-01fe-4711-8bfe-0b4373c00db2,3dda9f54-d771-11ef-825b-0275dc2ded29,a3e9145b-ba55-4793-a0fa-189e0f404ca7,1,c1080234-4a6d-4443-8ae3-e76510496f72,"{""en"": {""value"": ""Quebec"", ""direction"": ""ltr""}}",[],[],ea7d2dbf-0c87-4aa0-bb1f-ece1eb1c2bd5,"{""en"": {""value"": ""Quebec (URI: https://www.geonames.org/6115047)"", ""direction"": ""ltr""}}",[],[],[],4a9ba6c1-5597-4f04-acb1-f1acb5c2ff8a,"{""en"": {""value"": ""https://www.geonames.org/6115047"", ""direction"": ""ltr""}}",bad08028-5db7-4886-9c9f-6920455c9d5f,"{""type"": ""Point"", ""coordinates"": [-71.99907, 52.00017]}"
ee6914be-89e7-4f79-a167-2fcd000c7a46,3dda9f54-d771-11ef-825b-0275dc2ded29,a3e9145b-ba55-4793-a0fa-189e0f404ca7,1,cb2449a3-c863-4e61-a163-fdc8aad6bab4,"{""en"": {""value"": ""Florida"", ""direction"": ""ltr""}}",[],[],7bc26a48-b88f-4b03-8f34-30c4d5c4b4b5,"{""en"": {""value"": ""Florida (URI: https://www.geonames.org/4155751)"", ""direction"": ""ltr""}}",[],[],[],be867f85-139b-47e4-abb7-3c6cbdbd4cd9,"{""en"": {""value"": ""https://www.geonames.org/4155751"", ""direction"": ""ltr""}}",0c87e9e5-21fa-4af4-93ba-6b06157bd72e,"{""type"": ""Point"", ""coordinates"": [-82.5001, 28.75054]}"
9f706bd7-c726-4ac1-aadc-c114fb92d90e,3dda9f54-d771-11ef-825b-0275dc2ded29,a3e9145b-ba55-4793-a0fa-189e0f404ca7,1,c7d35e36-9503-4cbb-a0bd-95afdd762cdd,"{""en"": {""value"": ""Singapore"", ""direction"": ""ltr""}}",[],[],dfa8e1dc-6e35-4aa6-8dbe-237dc8f28070,"{""en"": {""value"": ""Singapore (URI: https://www.geonames.org/1880251)"", ""direction"": ""ltr""}}",[],[],[],5620abd9-7ea2-4756-9416-2b8398a361cc,"{""en"": {""value"": ""https://www.geonames.org/1880251"", ""direction"": ""ltr""}}",1a0af8f3-da7f-4ac0-9e94-0568c2b65e42,"{""type"": ""Point"", ""coordinates"": [103.8, 1.36667]}"
eb016411-0bb9-4958-94be-ac82e2b61b09,3dda9f54-d771-11ef-825b-0275dc2ded29,a3e9145b-ba55-4793-a0fa-189e0f404ca7,1,1d20e05d-5c33-457e-86da-136993447772,"{""en"": {""value"": ""Wisconsin"", ""direction"": ""ltr""}}",[],[],1178428e-3c3a-46f1-afee-c3eae343abb3,"{""en"": {""value"": ""Wisconsin (URI: https://www.geonames.org/5279468)"", ""direction"": ""ltr""}}",[],[],[],538b5ec2-5ecd-407d-afe0-f983535c1a2a,"{""en"": {""value"": ""https://www.geonames.org/5279468"", ""direction"": ""ltr""}}",680b210e-adc2-49c3-a92c-3b0fd1a65266,"{""type"": ""Point"", ""coordinates"": [-90.00041, 44.50024]}"
1d3204df-31bf-4922-ad8f-21140f7bab87,3dda9f54-d771-11ef-825b-0275dc2ded29,a3e9145b-ba55-4793-a0fa-189e0f404ca7,1,ac661be8-400e-40c3-a6de-888e45bfe102,"{""en"": {""value"": ""Pinal"", ""direction"": ""ltr""}}",[],[],5d3731f5-9162-4568-bb53-992775e162d6,"{""en"": {""value"": ""Pinal (URI: https://www.geonames.org/5308916)"", ""direction"": ""ltr""}}",[],[],[],27d7e580-e9d2-44c3-b6f0-405ba6f015f4,"{""en"": {""value"": ""https://www.geonames.org/5308916"", ""direction"": ""ltr""}}",fa1bc54c-e90b-48b5-a356-9c03839b0dc9,"{""type"": ""Point"", ""coordinates"": [-111.34471, 32.90431]}"
61b2a642-205e-4e91-a829-652fb17ec091,3dda9f54-d771-11ef-825b-0275dc2ded29,a3e9145b-ba55-4793-a0fa-189e0f404ca7,1,9811042a-c617-4c37-96c0-092ebe8fadfb,"{""en"": {""value"": ""Houghton"", ""direction"": ""ltr""}}",[],[],3963a487-693e-45b0-922d-37f7bcaa9bdf,"{""en"": {""value"": ""Houghton (URI: https://www.geonames.org/4996573)"", ""direction"": ""ltr""}}",[],[],[],9e0ff26c-87d1-43cb-856f-3483211c9957,"{""en"": {""value"": ""https://www.geonames.org/4996573"", ""direction"": ""ltr""}}",42d5e7aa-049f-42f9-a735-0bf238cb078b,"{""type"": ""Point"", ""coordinates"": [-88.65206, 46.99155]}"
f114529a-0b14-431b-b32f-25c4aa50fa9b,3dda9f54-d771-11ef-825b-0275dc2ded29,a3e9145b-ba55-4793-a0fa-189e0f404ca7,1,1e45e269-8924-46e6-8000-fceee14aeb76,"{""en"": {""value"": ""Tasmania"", ""direction"": ""ltr""}}",[],[],78ff68e5-a9ab-4060-9002-8e6a2fd3c79a,"{""en"": {""value"": ""Tasmania (URI: https://www.geonames.org/2147291)"", ""direction"": ""ltr""}}",[],[],[],34e3a1e8-4e3d-403d-a861-12e090428bf4,"{""en"": {""value"": ""https://www.geonames.org/2147291"", ""direction"": ""ltr""}}",69fe7594-b095-4588-86a6-0a9a612043ca,"{""type"": ""Point"", ""coordinates"": [147.0, -42.0]}"
ec115617-791f-47f3-8e1b-ec3c0825af0d,3dda9f54-d771-11ef-825b-0275dc2ded29,a3e9145b-ba55-4793-a0fa-189e0f404ca7,1,9244fcbf-a131-4196-a915-af6dca7beda1,"{""en"": {""value"": ""Switzerland"", ""direction"": ""ltr""}}",[],[],2c35e9df-1aa2-4bf9-b0a7-8c6d566eeabf,"{""en"": {""value"": ""Switzerland (URI: https://www.geonames.org/2658434)"", ""direction"": ""ltr""}}",[],[],[],217bc4e5-cca6-435d-a695-d8bd29a8c990,"{""en"": {""value"": ""https://www.geonames.org/2658434"", ""direction"": ""ltr""}}",d3e4019e-0382-4789-8468-9e793d6ac5e8,"{""type"": ""Point"", ""coordinates"": [8.01427, 47.00016]}"
1b53d8c9-abaa-4f55-bb87-17b17a48eeea,3dda9f54-d771-11ef-825b-0275dc2ded29,a3e9145b-ba55-4793-a0fa-189e0f404ca7,1,a0ce1bc1-15a2-4601-84e6-3ef66b463e16,"{""en"": {""value"": ""Arizona"", ""direction"": ""ltr""}}",[],[],5729f8f1-5563-434c-ab7a-484574370e16,"{""en"": {""value"": ""Arizona (URI: https://www.geonames.org/5551752)"", ""direction"": ""ltr""}}",[],[],[],9cb9df9f-6b1c-48bb-8a2d-8a77107a01de,"{""en"": {""value"": ""https://www.geonames.org/5551752"", ""direction"": ""ltr""}}",78b04caf-0f8e-4919-83fa-09be5b8062f2,"{""type"": ""Point"", ""coordinates"": [-111.50098, 34.5003]}"
031c39e8-286a-4729-94b0-dace8c339d0b,3dda9f54-d771-11ef-825b-0275dc2ded29,a3e9145b-ba55-4793-a0fa-189e0f404ca7,1,d7002172-0458-40d9-9144-47df875bf2c3,"{""en"": {""value"": ""St. Louis"", ""direction"": ""ltr""}}",[],[],2ee72bf1-75ca-41e3-a324-c871ed4f60ea,"{""en"": {""value"": ""St. Louis (URI: https://www.geonames.org/4407066)"", ""direction"": ""ltr""}}",[],[],[],b3394ff1-a298-428b-a23f-0b56cf7eef7c,"{""en"": {""value"": ""https://www.geonames.org/4407066"", ""direction"": ""ltr""}}",460833cc-91c5-4f58-9b2c-b349ad66ea23,"{""type"": ""Point"", ""coordinates"": [-90.19789, 38.62727]}"
ffcc8671-084a-4ffb-bb65-0f3d2bd8a508,3dda9f54-d771-11ef-825b-0275dc2ded29,a3e9145b-ba55-4793-a0fa-189e0f404ca7,1,6b5d57e1-5c20-4afb-a93b-41c8ae82ec4c,"{""en"": {""value"": ""Prague"", ""direction"": ""ltr""}}",[],[],5dfa9fa3-391f-4086-8d41-88979520d46e,"{""en"": {""value"": ""Prague (URI: https://www.geonames.org/3067696)"", ""direction"": ""ltr""}}",[],[],[],38f66b3e-15a6-4993-8d52-14e3460baff7,"{""en"": {""value"": ""https://www.geonames.org/3067696"", ""direction"": ""ltr""}}",7bb8256e-1d73-42fb-9473-f1041461f203,"{""type"": ""Point"", ""coordinates"": [14.42076, 50.08804]}"
bd16f3e1-304c-4d7d-85a5-bba1e349f4c8,3dda9f54-d771-11ef-825b-0275dc2ded29,a3e9145b-ba55-4793-a0fa-189e0f404ca7,1,dfe1b688-8562-4f05-8072-40dfbd806e8e,"{""en"": {""value"": ""Inyo"", ""direction"": ""ltr""}}",[],[],2cc1d9e7-6442-42a8-8c44-ed3afe50cd12,"{""en"": {""value"": ""Inyo (URI: https://www.geonames.org/5359604)"", ""direction"": ""ltr""}}",[],[],[],c218a365-b8cd-4cc5-8fa9-63f0a87d98d8,"{""en"": {""value"": ""https://www.geonames.org/5359604"", ""direction"": ""ltr""}}",b756cb53-8ae4-4c9d-a114-48eda88e0852,"{""type"": ""Point"", ""coordinates"": [-117.41079, 36.51113]}"
fe8b3191-8a15-4df9-945c-0b61889b575e,3dda9f54-d771-11ef-825b-0275dc2ded29,a3e9145b-ba55-4793-a0fa-189e0f404ca7,1,279ee5ae-1c47-45d6-ac5a-33b10e748d52,"{""en"": {""value"": ""Bloomington"", ""direction"": ""ltr""}}",[],[],800c0920-d296-42be-8035-08af5b2a28c5,"{""en"": {""value"": ""Bloomington (URI: https://www.geonames.org/5018739)"", ""direction"": ""ltr""}}",[],[],[],c649817f-f562-4875-8d07-a35687115d8c,"{""en"": {""value"": ""https://www.geonames.org/5018739"", ""direction"": ""ltr""}}",026b253f-3cfb-4b96-997d-878521637efd,"{""type"": ""Point"", ""coordinates"": [-93.29828, 44.8408]}"
ea03eabc-eca6-4224-8046-7b224fa81f50,3dda9f54-d771-11ef-825b-0275dc2ded29,a3e9145b-ba55-4793-a0fa-189e0f404ca7,1,7ddf4def-2c3f-46ff-a748-be4a29abf7ad,"{""en"": {""value"": ""Vila Minas Gerais"", ""direction"": ""ltr""}}",[],[],34bcf36e-53a3-4733-8dd7-628f2ede7d93,"{""en"": {""value"": ""Vila Minas Gerais (URI: https://www.geonames.org/3386073)"", ""direction"": ""ltr""}}",[],[],[],a02aebaf-0b06-450f-83b3-c4379800697c,"{""en"": {""value"": ""https://www.geonames.org/3386073"", ""direction"": ""ltr""}}",fbe9d053-5af6-4b6c-96d2-0f1baf98286d,"{""type"": ""Point"", ""coordinates"": [-36.99607, -5.20866]}"
b900c732-7fb0-4b8a-8d48-7d9e7d42aff3,3dda9f54-d771-11ef-825b-0275dc2ded29,a3e9145b-ba55-4793-a0fa-189e0f404ca7,1,c79edae5-ee67-4d75-8103-96ec41e29912,"{""en"": {""value"": ""Los Angeles"", ""direction"": ""ltr""}}",[],[],634b9124-cb6a-4c4e-a382-5c92429c1dfc,"{""en"": {""value"": ""Los Angeles (URI: https://www.geonames.org/5368361)"", ""direction"": ""ltr""}}",[],[],[],96782120-d9d9-4c8f-b7a2-ef72327eef11,"{""en"": {""value"": ""https://www.geonames.org/5368361"", ""direction"": ""ltr""}}",6c265eeb-2b88-4622-98eb-6545f52d199c,"{""type"": ""Point"", ""coordinates"": [-118.24368, 34.05223]}"
b361c7a3-5a97-42b5-9291-fae0eb304875,3dda9f54-d771-11ef-825b-0275dc2ded29,a3e9145b-ba55-4793-a0fa-189e0f404ca7,1,8d4c615c-ea52-47d3-8cef-02e0cb49cc1b,"{""en"": {""value"": ""Philippines"", ""direction"": ""ltr""}}",[],[],ab9f13ed-8810-431b-b0ad-bece3d5799bd,"{""en"": {""value"": ""Philippines (URI: https://www.geonames.org/1694008)"", ""direction"": ""ltr""}}",[],[],[],782c049e-e631-49b2-a23e-e88db7bc7a45,"{""en"": {""value"": ""https://www.geonames.org/1694008"", ""direction"": ""ltr""}}",f2c7d280-90ab-4252-b534-05ffdc6c078a,"{""type"": ""Point"", ""coordinates"": [122.56155, 13.40882]}"
a5e5478e-27a4-49c4-a797-60e782d5c8d5,3dda9f54-d771-11ef-825b-0275dc2ded29,a3e9145b-ba55-4793-a0fa-189e0f404ca7,1,d941d335-13ed-4dbc-b5d6-82a9610a0994,"{""en"": {""value"": ""Brooklyn"", ""direction"": ""ltr""}}",[],[],20170718-8935-4e0a-85a8-4b6c14a77812,"{""en"": {""value"": ""Brooklyn (URI: https://www.geonames.org/5110302)"", ""direction"": ""ltr""}}",[],[],[],22b7c559-eb89-467a-bc75-69b5acfb7679,"{""en"": {""value"": ""https://www.geonames.org/5110302"", ""direction"": ""ltr""}}",7bd9d55f-78be-410d-bea9-70b1f1a01856,"{""type"": ""Point"", ""coordinates"": [-73.94958, 40.6501]}"
3401ae8d-5cd2-48dd-884e-d7fdfa6caa19,3dda9f54-d771-11ef-825b-0275dc2ded29,a3e9145b-ba55-4793-a0fa-189e0f404ca7,1,1cfdc835-8d7c-4293-abe9-10361dcb7fee,"{""en"": {""value"": ""British Columbia"", ""direction"": ""ltr""}}",[],[],bc05e9c7-eaa1-4fbe-aa30-54324c391740,"{""en"": {""value"": ""British Columbia (URI: https://www.geonames.org/5909050)"", ""direction"": ""ltr""}}",[],[],[],945a5af8-87c9-4bad-b59b-72082dbc619d,"{""en"": {""value"": ""https://www.geonames.org/5909050"", ""direction"": ""ltr""}}",187fa0d8-52e8-4930-bd08-69a512fa61bf,"{""type"": ""Point"", ""coordinates"": [-125.0032, 53.99983]}"
9db8b498-e427-4ff4-a6a7-4416d40b4a39,3dda9f54-d771-11ef-825b-0275dc2ded29,a3e9145b-ba55-4793-a0fa-189e0f404ca7,1,131c5b04-04d0-4123-8594-3ae1348ae0bd,"{""en"": {""value"": ""Western Africa"", ""direction"": ""ltr""}}",[],[],2d8d88a5-1a76-4379-8a88-8ee0ed976ead,"{""en"": {""value"": ""Western Africa (URI: https://www.geonames.org/7729885)"", ""direction"": ""ltr""}}",[],[],[],a29370d5-2d86-44bd-a738-554d7d1060d1,"{""en"": {""value"": ""https://www.geonames.org/7729885"", ""direction"": ""ltr""}}",e77807af-322f-4006-96e6-d586b96c04d3,"{""type"": ""Point"", ""coordinates"": [-4.83398, 18.31281]}"
6c9e743c-6273-401e-b76e-3090dc53a4b5,3dda9f54-d771-11ef-825b-0275dc2ded29,a3e9145b-ba55-4793-a0fa-189e0f404ca7,1,fc80d563-9e43-445b-be22-371073e7f4da,"{""en"": {""value"": ""Tianjin"", ""direction"": ""ltr""}}",[],[],e30bb773-9e8a-47c4-9f9f-709fc6ce9bc7,"{""en"": {""value"": ""Tianjin (URI: https://www.geonames.org/1792947)"", ""direction"": ""ltr""}}",[],[],[],0721e78d-e822-4b1f-9804-d404f094696f,"{""en"": {""value"": ""https://www.geonames.org/1792947"", ""direction"": ""ltr""}}",468b761b-b6fc-423b-b4d3-8558d80e6ce2,"{""type"": ""Point"", ""coordinates"": [117.17667, 39.14222]}"
1c61ce84-cdc9-4870-b29e-5149188f0408,3dda9f54-d771-11ef-825b-0275dc2ded29,a3e9145b-ba55-4793-a0fa-189e0f404ca7,1,217ba3d7-4fb3-448d-a050-3fbe3fd0115e,"{""en"": {""value"": ""Israel"", ""direction"": ""ltr""}}",[],[],3a438cc5-1682-4790-93f3-b4fa11141aae,"{""en"": {""value"": ""Israel (URI: https://www.geonames.org/294640)"", ""direction"": ""ltr""}}",[],[],[],c5c96904-9e7f-4fec-9356-2fbf8103c4ac,"{""en"": {""value"": ""https://www.geonames.org/294640"", ""direction"": ""ltr""}}",af03d8ef-585e-4684-a522-568815494e17,"{""type"": ""Point"", ""coordinates"": [34.75, 31.5]}"
e986681b-9fea-4642-9065-ee69a58930f2,3dda9f54-d771-11ef-825b-0275dc2ded29,a3e9145b-ba55-4793-a0fa-189e0f404ca7,1,1dbbf6eb-dc73-47c6-8735-4703bef2b2bf,"{""en"": {""value"": ""Nieuw-Amsterdam"", ""direction"": ""ltr""}}",[],[],e64d29a1-e2cc-4433-8d5b-8b390d40964b,"{""en"": {""value"": ""Nieuw-Amsterdam (URI: https://www.geonames.org/2750375)"", ""direction"": ""ltr""}}",[],[],[],8f956217-1775-440f-88b0-8e811b9c2972,"{""en"": {""value"": ""https://www.geonames.org/2750375"", ""direction"": ""ltr""}}",466f24b6-9cb4-4065-a397-f7c10b372d30,"{""type"": ""Point"", ""coordinates"": [6.85556, 52.71167]}"
cebd94d9-704d-451d-b86a-b66be3ee5177,3dda9f54-d771-11ef-825b-0275dc2ded29,a3e9145b-ba55-4793-a0fa-189e0f404ca7,1,123608f1-8a40-4de6-b552-dcdad2d0163a,"{""en"": {""value"": ""Keweenaw"", ""direction"": ""ltr""}}",[],[],42b60935-ca81-46f8-a545-4024749abd72,"{""en"": {""value"": ""Keweenaw (URI: https://www.geonames.org/4998067)"", ""direction"": ""ltr""}}",[],[],[],2fb2b491-dc70-4e4c-8e1d-e288183c8e0a,"{""en"": {""value"": ""https://www.geonames.org/4998067"", ""direction"": ""ltr""}}",80c52d61-c56a-4e7a-ae62-49a6e837addb,"{""type"": ""Point"", ""coordinates"": [-88.21198, 47.28296]}"
6a1462af-0337-43f0-afd9-ef572f6f1085,3dda9f54-d771-11ef-825b-0275dc2ded29,a3e9145b-ba55-4793-a0fa-189e0f404ca7,1,31b1b5e6-94e7-4d39-991b-965c100e8f08,"{""en"": {""value"": ""Cranbury"", ""direction"": ""ltr""}}",[],[],3730f0f5-28a8-4f03-b6ad-5275ef269186,"{""en"": {""value"": ""Cranbury (URI: https://www.geonames.org/5097006)"", ""direction"": ""ltr""}}",[],[],[],689f87e4-cfd0-4862-9757-ddface24313f,"{""en"": {""value"": ""https://www.geonames.org/5097006"", ""direction"": ""ltr""}}",164c8f40-6502-47aa-82e2-80da8f70aded,"{""type"": ""Point"", ""coordinates"": [-74.51376, 40.31622]}"
273313a0-f61a-4462-b7fd-8c11d43e9f90,3dda9f54-d771-11ef-825b-0275dc2ded29,a3e9145b-ba55-4793-a0fa-189e0f404ca7,1,85bc3888-b15f-4e58-b939-c6c35e212acf,"{""en"": {""value"": ""Cyprus"", ""direction"": ""ltr""}}",[],[],e1d644ac-a591-47c2-baa9-6e884c555f2d,"{""en"": {""value"": ""Cyprus (URI: https://www.geonames.org/146669)"", ""direction"": ""ltr""}}",[],[],[],e3a4d162-da6c-48f0-a0a0-310fe9ffd23b,"{""en"": {""value"": ""https://www.geonames.org/146669"", ""direction"": ""ltr""}}",a96b979d-c714-42de-b1bd-2e5d02c85930,"{""type"": ""Point"", ""coordinates"": [33.0, 35.0]}"
cec36d01-61bf-4c0c-bf34-053ffbd9736f,3dda9f54-d771-11ef-825b-0275dc2ded29,a3e9145b-ba55-4793-a0fa-189e0f404ca7,1,50f68799-156e-4155-88f9-8bb78e52e3c4,"{""en"": {""value"": ""Dickinson"", ""direction"": ""ltr""}}",[],[],8d1a038a-29ee-41b0-aa5b-5e9cd1001bde,"{""en"": {""value"": ""Dickinson (URI: https://www.geonames.org/4990845)"", ""direction"": ""ltr""}}",[],[],[],fc4193b4-5d47-4242-a6f2-6904b8789a9f,"{""en"": {""value"": ""https://www.geonames.org/4990845"", ""direction"": ""ltr""}}",bea34d0d-a563-49aa-802f-9883f08c4de6,"{""type"": ""Point"", ""coordinates"": [-87.87021, 46.00935]}"
350fb99d-5890-41cf-8ffc-fb90ca694cf4,3dda9f54-d771-11ef-825b-0275dc2ded29,a3e9145b-ba55-4793-a0fa-189e0f404ca7,1,bc6228de-3ff8-4dc5-92d3-eb9fb2ca2928,"{""en"": {""value"": ""Kern"", ""direction"": ""ltr""}}",[],[],c064850d-d253-45d9-87ef-bdc4b5094058,"{""en"": {""value"": ""Kern (URI: https://www.geonames.org/5362932)"", ""direction"": ""ltr""}}",[],[],[],47a48872-887f-4a6b-ad11-14a455aefa16,"{""en"": {""value"": ""https://www.geonames.org/5362932"", ""direction"": ""ltr""}}",275f0a06-9ec4-4cec-bc6e-ccfc4ed8d7ce,"{""type"": ""Point"", ""coordinates"": [-118.7299, 35.34285]}"
35361203-8cfc-4156-9d3b-83a07d1d82b0,3dda9f54-d771-11ef-825b-0275dc2ded29,a3e9145b-ba55-4793-a0fa-189e0f404ca7,1,b090d91d-bc65-4660-8af9-8dec064891af,"{""en"": {""value"": ""San Bernardino"", ""direction"": ""ltr""}}",[],[],f22e65cb-c308-4b2c-8c26-330e40f3e99b,"{""en"": {""value"": ""San Bernardino (URI: https://www.geonames.org/5391726)"", ""direction"": ""ltr""}}",[],[],[],fc23e8fe-5e0d-4cd6-b6e9-13e31d5fedc6,"{""en"": {""value"": ""https://www.geonames.org/5391726"", ""direction"": ""ltr""}}",2499dedf-b8f8-4265-b45b-88bf0728ca80,"{""type"": ""Point"", ""coordinates"": [-116.17846, 34.84143]}"
2e00df78-e269-4a1b-a633-5bebc1194420,3dda9f54-d771-11ef-825b-0275dc2ded29,a3e9145b-ba55-4793-a0fa-189e0f404ca7,1,294bffe7-5d14-4773-bdbc-5fa4361286da,"{""en"": {""value"": ""Durango"", ""direction"": ""ltr""}}",[],[],e1143966-b538-4232-b5e9-9045b6ecfa96,"{""en"": {""value"": ""Durango (URI: https://www.geonames.org/4011741)"", ""direction"": ""ltr""}}",[],[],[],37ade552-9f9d-4de7-b127-0e3349c47126,"{""en"": {""value"": ""https://www.geonames.org/4011741"", ""direction"": ""ltr""}}",4c0e819f-fc73-4c8e-af3d-d5af92c87524,"{""type"": ""Point"", ""coordinates"": [-104.83333, 24.83333]}"
7c43f9a5-f943-413e-88fd-197e2cb4642c,3dda9f54-d771-11ef-825b-0275dc2ded29,a3e9145b-ba55-4793-a0fa-189e0f404ca7,1,5e34b333-0d57-423e-8024-f0ef14b3f5d7,"{""en"": {""value"": ""Boron"", ""direction"": ""ltr""}}",[],[],54002cce-a2d0-447a-a977-2d2a25ed36b4,"{""en"": {""value"": ""Boron (URI: https://www.geonames.org/5330106)"", ""direction"": ""ltr""}}",[],[],[],1fad7312-ae69-4bd1-9800-03ae3405680b,"{""en"": {""value"": ""https://www.geonames.org/5330106"", ""direction"": ""ltr""}}",53bb144a-3c07-4fd7-9acb-22cf1215b002,"{""type"": ""Point"", ""coordinates"": [-117.64978, 34.99942]}"
13dbf7a5-2893-4714-a7ac-54d7a7d5d260,3dda9f54-d771-11ef-825b-0275dc2ded29,a3e9145b-ba55-4793-a0fa-189e0f404ca7,1,a0eeb58f-6ddb-4941-a207-fec55bdbe2d2,"{""en"": {""value"": ""Nishi-Tokyo-shi"", ""direction"": ""ltr""}}",[],[],fa423ab5-6a5a-4c4a-b36e-5f1d678197f8,"{""en"": {""value"": ""Nishi-Tokyo-shi (URI: https://www.geonames.org/1850692)"", ""direction"": ""ltr""}}",[],[],[],7d671784-ce48-42bc-94d7-bea2fe457195,"{""en"": {""value"": ""https://www.geonames.org/1850692"", ""direction"": ""ltr""}}",22670947-99e3-4c8b-8003-836b07df6e76,"{""type"": ""Point"", ""coordinates"": [139.5383, 35.72526]}"
922ec83a-762a-423b-aca2-3c0f76e4e4a5,3dda9f54-d771-11ef-825b-0275dc2ded29,a3e9145b-ba55-4793-a0fa-189e0f404ca7,1,97dcaafd-f592-4051-be7a-8296d6f00293,"{""en"": {""value"": ""Republic of the Congo"", ""direction"": ""ltr""}}",[],[],750ad518-395a-4314-89e6-3623badcc56c,"{""en"": {""value"": ""Republic of the Congo (URI: https://www.geonames.org/2260494)"", ""direction"": ""ltr""}}",[],[],[],d99f51a0-f628-4557-b6ef-33150c92e786,"{""en"": {""value"": ""https://www.geonames.org/2260494"", ""direction"": ""ltr""}}",7c5ab13b-78c6-45ef-a490-b9a8b7c32b8c,"{""type"": ""Point"", ""coordinates"": [15.5, -1.0]}"
a3ec08df-c57a-4c87-adf9-4c600a20e445,3dda9f54-d771-11ef-825b-0275dc2ded29,a3e9145b-ba55-4793-a0fa-189e0f404ca7,1,e2fc5d0d-3c7e-431e-ab2f-83102ae23842,"{""en"": {""value"": ""Winnipeg"", ""direction"": ""ltr""}}",[],[],14cb5f23-8619-44c6-9012-27a6c3f6d2dc,"{""en"": {""value"": ""Winnipeg (URI: https://www.geonames.org/6183235)"", ""direction"": ""ltr""}}",[],[],[],8dddf78e-fc38-4070-918e-6d5281f35143,"{""en"": {""value"": ""https://www.geonames.org/6183235"", ""direction"": ""ltr""}}",099ddc24-77d0-4fc2-908f-a5d2ad0d4896,"{""type"": ""Point"", ""coordinates"": [-97.14704, 49.8844]}"
6cbd4f64-44eb-4106-8001-ac201e8193a2,3dda9f54-d771-11ef-825b-0275dc2ded29,a3e9145b-ba55-4793-a0fa-189e0f404ca7,1,91e282ea-f83f-4b0c-8320-3dba19235213,"{""en"": {""value"": ""New York City"", ""direction"": ""ltr""}}",[],[],e7d9900d-27b4-4d8a-b412-76cd0e8da18c,"{""en"": {""value"": ""New York City (URI: https://www.geonames.org/5128581)"", ""direction"": ""ltr""}}",[],[],[],b3f27f27-3a21-48ab-a475-ea84763d9d72,"{""en"": {""value"": ""https://www.geonames.org/5128581"", ""direction"": ""ltr""}}",b6a2962f-4c5d-4930-997a-a4a41afaf4e9,"{""type"": ""Point"", ""coordinates"": [-74.00597, 40.71427]}"
11676fd3-8532-4bc8-bd19-f45da9405708,3dda9f54-d771-11ef-825b-0275dc2ded29,a3e9145b-ba55-4793-a0fa-189e0f404ca7,1,2120716a-a6df-45da-a081-6b1a110ffb92,"{""en"": {""value"": ""Gay Head"", ""direction"": ""ltr""}}",[],[],99bf9018-5fcd-4ccb-81b6-f5dd3c122e8f,"{""en"": {""value"": ""Gay Head (URI: https://www.geonames.org/4937628)"", ""direction"": ""ltr""}}",[],[],[],c072f2ac-5715-4420-bda7-92bb55df5a77,"{""en"": {""value"": ""https://www.geonames.org/4937628"", ""direction"": ""ltr""}}",bfd070c3-e912-4a2b-a554-5dbfb92d7c7e,"{""type"": ""Point"", ""coordinates"": [-70.81475, 41.34372]}"
870a20a4-5cbd-4a43-85e3-ed6da7de618e,3dda9f54-d771-11ef-825b-0275dc2ded29,a3e9145b-ba55-4793-a0fa-189e0f404ca7,1,791f0d69-1c78-4ef3-ac08-6fc3d273a76e,"{""en"": {""value"": ""Sonora"", ""direction"": ""ltr""}}",[],[],36ff66ba-5f49-4201-990b-0e89c2b05305,"{""en"": {""value"": ""Sonora (URI: https://www.geonames.org/3982846)"", ""direction"": ""ltr""}}",[],[],[],d1a80547-6310-4199-a209-9890636ef14d,"{""en"": {""value"": ""https://www.geonames.org/3982846"", ""direction"": ""ltr""}}",722662ad-aa3a-4dcd-b331-1bf916b0c2e7,"{""type"": ""Point"", ""coordinates"": [-110.5, 29.66667]}"
3838d7b5-3686-40ca-9724-9fba1fd015ce,3dda9f54-d771-11ef-825b-0275dc2ded29,a3e9145b-ba55-4793-a0fa-189e0f404ca7,1,6299b43c-722c-47b8-a677-e9805cac5fa5,"{""en"": {""value"": ""Boston"", ""direction"": ""ltr""}}",[],[],00d137a0-e6c3-47eb-a53f-927c8b1cdef8,"{""en"": {""value"": ""Boston (URI: https://www.geonames.org/4930956)"", ""direction"": ""ltr""}}",[],[],[],2dbdc3cb-d2ac-4b17-a828-4f1d14caba0d,"{""en"": {""value"": ""https://www.geonames.org/4930956"", ""direction"": ""ltr""}}",b056aa80-97e0-41f5-a0c5-d6e8e323b6f7,"{""type"": ""Point"", ""coordinates"": [-71.05977, 42.35843]}"
3d9f4ebe-eaa4-40fd-92c3-37804bb8c41e,3dda9f54-d771-11ef-825b-0275dc2ded29,a3e9145b-ba55-4793-a0fa-189e0f404ca7,1,56e14737-4684-4d49-8606-a3082b0a79e2,"{""en"": {""value"": ""Great Britain"", ""direction"": ""ltr""}}",[],[],ff20db99-6b66-4598-8490-3d85ae313aa6,"{""en"": {""value"": ""Great Britain (URI: https://www.geonames.org/2648147)"", ""direction"": ""ltr""}}",[],[],[],77d67948-241c-4866-861d-4a2ce7ad002b,"{""en"": {""value"": ""https://www.geonames.org/2648147"", ""direction"": ""ltr""}}",a70c001f-63a1-4333-a1b9-d1cdc82fd04f,"{""type"": ""Point"", ""coordinates"": [-2.0, 54.0]}"
6d1a414c-adf1-4d4e-8625-d2ed976cc1f7,3dda9f54-d771-11ef-825b-0275dc2ded29,a3e9145b-ba55-4793-a0fa-189e0f404ca7,1,f88c2307-fda1-421c-b685-82a1b85d4e2f,"{""en"": {""value"": ""Hungary"", ""direction"": ""ltr""}}",[],[],72124c14-0055-44d3-aeb7-355fed49d3f2,"{""en"": {""value"": ""Hungary (URI: https://www.geonames.org/719819)"", ""direction"": ""ltr""}}",[],[],[],395e6c0b-a765-4365-9274-381df598b85a,"{""en"": {""value"": ""https://www.geonames.org/719819"", ""direction"": ""ltr""}}",70ae1208-0145-40ad-87a1-3257356f059f,"{""type"": ""Point"", ""coordinates"": [20.0, 47.0]}"
94412e29-ff20-4bc5-853a-a5687d78f361,3dda9f54-d771-11ef-825b-0275dc2ded29,a3e9145b-ba55-4793-a0fa-189e0f404ca7,1,7443b1ab-c02a-4bd2-9252-2c47336859de,"{""en"": {""value"": ""Indonesia"", ""direction"": ""ltr""}}",[],[],63fbf3ae-9d4a-4a9a-9942-6cdf98c354f9,"{""en"": {""value"": ""Indonesia (URI: https://www.geonames.org/1643084)"", ""direction"": ""ltr""}}",[],[],[],42e738a7-a80f-4f7a-b1e0-b24c005acd94,"{""en"": {""value"": ""https://www.geonames.org/1643084"", ""direction"": ""ltr""}}",4d4ac1c0-37d3-4792-b32e-f554de5e249c,"{""type"": ""Point"", ""coordinates"": [120.0, -5.0]}"
7e685a37-0085-48dc-812a-e775e73034e7,3dda9f54-d771-11ef-825b-0275dc2ded29,a3e9145b-ba55-4793-a0fa-189e0f404ca7,1,da159416-445d-46ad-abbb-28979c63894b,"{""en"": {""value"": ""Los Angeles Westside"", ""direction"": ""ltr""}}",[],[],0b010935-a807-4a45-a44e-eb8511712c7d,"{""en"": {""value"": ""Los Angeles Westside (URI: https://www.geonames.org/12218096)"", ""direction"": ""ltr""}}",[],[],[],4a52cb24-2837-47ed-af1e-b1effea79b9b,"{""en"": {""value"": ""https://www.geonames.org/12218096"", ""direction"": ""ltr""}}",b84c1d51-f3da-4cbc-8b98-6d1c934e95da,"{""type"": ""Point"", ""coordinates"": [-118.42539, 34.04153]}"
6f49e1e2-38ef-480a-bb4b-6efd8a70e145,3dda9f54-d771-11ef-825b-0275dc2ded29,a3e9145b-ba55-4793-a0fa-189e0f404ca7,1,9a968403-e70c-46af-ba58-4f6763e7cca8,"{""en"": {""value"": ""Portland"", ""direction"": ""ltr""}}",[],[],0f920c93-504a-4832-945a-8c14f5d8eb3e,"{""en"": {""value"": ""Portland (URI: https://www.geonames.org/5746545)"", ""direction"": ""ltr""}}",[],[],[],78a8158c-ebc9-482a-be41-f3d30326166b,"{""en"": {""value"": ""https://www.geonames.org/5746545"", ""direction"": ""ltr""}}",9aaceb5f-d676-4321-8e17-a303691bfbac,"{""type"": ""Point"", ""coordinates"": [-122.67621, 45.52345]}"
8a2a484b-7f4d-4be6-990e-d73a4709ce89,3dda9f54-d771-11ef-825b-0275dc2ded29,a3e9145b-ba55-4793-a0fa-189e0f404ca7,1,2741be6b-a1a1-46be-9471-3dc899f94616,"{""en"": {""value"": ""Cincinnati"", ""direction"": ""ltr""}}",[],[],8f060b84-c08e-4e75-8fd0-1334d72be517,"{""en"": {""value"": ""Cincinnati (URI: https://www.geonames.org/4508722)"", ""direction"": ""ltr""}}",[],[],[],f5d1d9f3-a2d6-40ee-ba15-08161707d4f9,"{""en"": {""value"": ""https://www.geonames.org/4508722"", ""direction"": ""ltr""}}",43c1a436-5724-46cc-9345-1ea6ba77bbf5,"{""type"": ""Point"", ""coordinates"": [-84.51439, 39.12711]}"
add127dd-4f45-4198-8684-e2405957f86d,3dda9f54-d771-11ef-825b-0275dc2ded29,a3e9145b-ba55-4793-a0fa-189e0f404ca7,1,d0ca8776-bd0a-47ff-b04a-47a723b72fcd,"{""en"": {""value"": ""Spain"", ""direction"": ""ltr""}}",[],[],4536e944-af8b-473f-b929-7f8b88fcfe76,"{""en"": {""value"": ""Spain (URI: https://www.geonames.org/2510769)"", ""direction"": ""ltr""}}",[],[],[],559b7da9-aecd-4f0a-ad7f-a2918bf1ab09,"{""en"": {""value"": ""https://www.geonames.org/2510769"", ""direction"": ""ltr""}}",52648496-58be-4cbd-87d1-dc2edd8ce588,"{""type"": ""Point"", ""coordinates"": [-4.0, 40.0]}"
8262b80c-b7e8-4575-8a94-05fe6930383c,3dda9f54-d771-11ef-825b-0275dc2ded29,a3e9145b-ba55-4793-a0fa-189e0f404ca7,1,f7646311-ffa9-45cc-a096-384428e26819,"{""en"": {""value"": ""Greenland"", ""direction"": ""ltr""}}",[],[],f7da9423-bb2e-4e48-bb6a-2b60a8bd3775,"{""en"": {""value"": ""Greenland (URI: https://www.geonames.org/2164540)"", ""direction"": ""ltr""}}",[],[],[],b376ef7b-2b24-40bd-ba47-b813ad6dd61a,"{""en"": {""value"": ""https://www.geonames.org/2164540"", ""direction"": ""ltr""}}",bb1a9769-6c3b-4bcf-a2e3-b166af61719b,"{""type"": ""Point"", ""coordinates"": [151.18333, -32.38333]}"
32a41347-d661-4fb7-b8bb-63d19d17dd2c,3dda9f54-d771-11ef-825b-0275dc2ded29,a3e9145b-ba55-4793-a0fa-189e0f404ca7,1,85374f47-3517-436c-9feb-863396c4e17e,"{""en"": {""value"": ""Rome"", ""direction"": ""ltr""}}",[],[],2df21d5d-3c34-4c8c-9619-eb99585d24ec,"{""en"": {""value"": ""Rome (URI: https://www.geonames.org/3169070)"", ""direction"": ""ltr""}}",[],[],[],608112ee-3e54-4ab1-be08-17e8fa3e9f8e,"{""en"": {""value"": ""https://www.geonames.org/3169070"", ""direction"": ""ltr""}}",2e98f096-f598-4ae4-9f86-fbdb0e912b25,"{""type"": ""Point"", ""coordinates"": [12.51133, 41.89193]}"
4a28b517-7804-430a-852b-c41dffea2f32,3dda9f54-d771-11ef-825b-0275dc2ded29,a3e9145b-ba55-4793-a0fa-189e0f404ca7,1,71d51cf1-165b-40e8-8d7e-0f3b0ece30c9,"{""en"": {""value"": ""Iron"", ""direction"": ""ltr""}}",[],[],57c90a2a-dba1-490a-bfbb-91e05b67fcd3,"{""en"": {""value"": ""Iron (URI: https://www.geonames.org/4997220)"", ""direction"": ""ltr""}}",[],[],[],ae85c0ac-6912-459b-a9e0-8fd3c23eb80a,"{""en"": {""value"": ""https://www.geonames.org/4997220"", ""direction"": ""ltr""}}",37c39f57-e1f6-4a62-aaf3-4202b14ed0b6,"{""type"": ""Point"", ""coordinates"": [-88.53053, 46.20869]}"
810fdfeb-6b12-49d1-a96b-0c2090f78ead,3dda9f54-d771-11ef-825b-0275dc2ded29,a3e9145b-ba55-4793-a0fa-189e0f404ca7,1,0c34598b-98ab-4342-abaf-3d362f25aac9,"{""en"": {""value"": ""Bisbee"", ""direction"": ""ltr""}}",[],[],27e0a76b-90a3-4014-b142-1951695b116b,"{""en"": {""value"": ""Bisbee (URI: https://www.geonames.org/5284905)"", ""direction"": ""ltr""}}",[],[],[],948717df-e9a8-4e6a-be54-337f7636743b,"{""en"": {""value"": ""https://www.geonames.org/5284905"", ""direction"": ""ltr""}}",f7262c0a-fbef-4cbc-b5aa-7ddbdaa301e5,"{""type"": ""Point"", ""coordinates"": [-109.92841, 31.44815]}"
1d677597-005f-473f-a3ea-a57be45e1f99,3dda9f54-d771-11ef-825b-0275dc2ded29,a3e9145b-ba55-4793-a0fa-189e0f404ca7,1,6f6124e3-6208-4da7-a68e-920be6c95b8e,"{""en"": {""value"": ""Värmland"", ""direction"": ""ltr""}}",[],[],ee71cfd8-6f66-4aec-b109-48050e9a39ae,"{""en"": {""value"": ""Värmland (URI: https://www.geonames.org/2664870)"", ""direction"": ""ltr""}}",[],[],[],9dbac008-0272-4d42-87ec-0179e8eac7fa,"{""en"": {""value"": ""https://www.geonames.org/2664870"", ""direction"": ""ltr""}}",86807938-a66e-49b8-855b-f1bf9ac02f1a,"{""type"": ""Point"", ""coordinates"": [13.25, 59.75]}"
f3c5cb42-8615-41cd-b1a1-73d16b8c24de,3dda9f54-d771-11ef-825b-0275dc2ded29,a3e9145b-ba55-4793-a0fa-189e0f404ca7,1,686b33e4-c8e6-4acd-85ed-6c357a21e08e,"{""en"": {""value"": ""Doncaster"", ""direction"": ""ltr""}}",[],[],44278f4b-46a4-43d4-98aa-3a37b5b0c034,"{""en"": {""value"": ""Doncaster (URI: https://www.geonames.org/3333143)"", ""direction"": ""ltr""}}",[],[],[],bdd67f48-5a54-4673-899b-e00c9dfac954,"{""en"": {""value"": ""https://www.geonames.org/3333143"", ""direction"": ""ltr""}}",8f6a5fdf-d295-40ee-8163-0bdc0e1e22b5,"{""type"": ""Point"", ""coordinates"": [-1.08333, 53.5]}"
dcf2521f-046b-443d-8858-48cbccd3db7b,3dda9f54-d771-11ef-825b-0275dc2ded29,a3e9145b-ba55-4793-a0fa-189e0f404ca7,1,38beea7b-c987-41fc-a232-d8815cb5789d,"{""en"": {""value"": ""Siena"", ""direction"": ""ltr""}}",[],[],1bf61394-00ec-4857-83e5-0b4cf0666ffb,"{""en"": {""value"": ""Siena (URI: https://www.geonames.org/3166548)"", ""direction"": ""ltr""}}",[],[],[],03aafa80-8b7a-4dba-9b2e-ffe1b8309b57,"{""en"": {""value"": ""https://www.geonames.org/3166548"", ""direction"": ""ltr""}}",d04af835-a6d1-48a6-bded-4022b68e2c82,"{""type"": ""Point"", ""coordinates"": [11.33064, 43.31822]}"
98a39fc9-1aeb-4405-addd-43bba971a428,3dda9f54-d771-11ef-825b-0275dc2ded29,a3e9145b-ba55-4793-a0fa-189e0f404ca7,1,88a57d5e-fc81-4641-9ca8-cb80c9f6054a,"{""en"": {""value"": ""Africa"", ""direction"": ""ltr""}}",[],[],35429f1d-0dea-4511-8eb1-f6e4feb90384,"{""en"": {""value"": ""Africa (URI: https://www.geonames.org/6255146)"", ""direction"": ""ltr""}}",[],[],[],7dd4a2a1-0793-43c0-9455-099188bc939b,"{""en"": {""value"": ""https://www.geonames.org/6255146"", ""direction"": ""ltr""}}",b0aab26a-a940-46e3-9cc7-bc73686b45a1,"{""type"": ""Point"", ""coordinates"": [21.09375, 7.1881]}"
576a48ea-73e1-431d-815a-941ac0a715da,3dda9f54-d771-11ef-825b-0275dc2ded29,a3e9145b-ba55-4793-a0fa-189e0f404ca7,1,f7e781d6-856c-4a27-818b-6a0a55de5f88,"{""en"": {""value"": ""Rio Arriba"", ""direction"": ""ltr""}}",[],[],d2ee7cf9-9378-426f-878d-8ad2b1f94a0c,"{""en"": {""value"": ""Rio Arriba (URI: https://www.geonames.org/5487732)"", ""direction"": ""ltr""}}",[],[],[],9dc1cd93-d13e-453d-99c5-f4f44671481f,"{""en"": {""value"": ""https://www.geonames.org/5487732"", ""direction"": ""ltr""}}",bcc5990b-378a-4c7a-8ef2-ca9b393408ec,"{""type"": ""Point"", ""coordinates"": [-106.69311, 36.50957]}"
274ab08c-6a9b-4e05-9b85-e5c0cc2682c4,3dda9f54-d771-11ef-825b-0275dc2ded29,a3e9145b-ba55-4793-a0fa-189e0f404ca7,1,bc698722-ede6-4482-9122-a96e1fbfeaa7,"{""en"": {""value"": ""Roussillon"", ""direction"": ""ltr""}}",[],[],d960ba2d-ef32-40ce-93eb-756e991734a9,"{""en"": {""value"": ""Roussillon (URI: https://www.geonames.org/2982454)"", ""direction"": ""ltr""}}",[],[],[],e1034907-3870-45ae-9c45-64fa64d14766,"{""en"": {""value"": ""https://www.geonames.org/2982454"", ""direction"": ""ltr""}}",9e5381c0-8de0-4ba5-934c-dc7f5ad55992,"{""type"": ""Point"", ""coordinates"": [4.81496, 45.37388]}"
2870431c-f473-4ffe-a2c6-be708cdc6e94,3dda9f54-d771-11ef-825b-0275dc2ded29,a3e9145b-ba55-4793-a0fa-189e0f404ca7,1,7fdcd9d0-a25e-42a7-b99f-516b3c998791,"{""en"": {""value"": ""Hunan"", ""direction"": ""ltr""}}",[],[],dd81be39-c594-4b67-9880-d6b8fe9fa1ab,"{""en"": {""value"": ""Hunan (URI: https://www.geonames.org/1806691)"", ""direction"": ""ltr""}}",[],[],[],81132aa8-4634-4d3e-adfa-7ca2617043d4,"{""en"": {""value"": ""https://www.geonames.org/1806691"", ""direction"": ""ltr""}}",f4dd53e6-08b8-4900-8db1-e0ebeedcb778,"{""type"": ""Point"", ""coordinates"": [111.75, 27.66667]}"
bf231582-bc4d-44a4-9e51-e77973d50d06,3dda9f54-d771-11ef-825b-0275dc2ded29,a3e9145b-ba55-4793-a0fa-189e0f404ca7,1,ac02f779-e4a1-43d0-9610-5daec3d3a0e6,"{""en"": {""value"": ""San Diego"", ""direction"": ""ltr""}}",[],[],63f98da0-32f1-4e0e-b79e-a1ce185976c9,"{""en"": {""value"": ""San Diego (URI: https://www.geonames.org/5391832)"", ""direction"": ""ltr""}}",[],[],[],09b4c0e8-54a5-45cd-8053-ddd73d75e9ce,"{""en"": {""value"": ""https://www.geonames.org/5391832"", ""direction"": ""ltr""}}",36848f19-1a2e-46b7-81d7-6691c024e25d,"{""type"": ""Point"", ""coordinates"": [-116.77021, 33.0282]}"
ee7097df-8461-48b4-b270-b1e0081b4209,3dda9f54-d771-11ef-825b-0275dc2ded29,a3e9145b-ba55-4793-a0fa-189e0f404ca7,1,ce06596b-433c-4127-9cf1-de20e4ce4f10,"{""en"": {""value"": ""Malaysia"", ""direction"": ""ltr""}}",[],[],3f3d4768-6918-416b-9f10-bf9f1e414430,"{""en"": {""value"": ""Malaysia (URI: https://www.geonames.org/1733045)"", ""direction"": ""ltr""}}",[],[],[],a9ff26d0-fa5a-4ab4-8309-a00020fdc1c8,"{""en"": {""value"": ""https://www.geonames.org/1733045"", ""direction"": ""ltr""}}",71fd5995-1d41-4ed2-82c3-03524f6b37ba,"{""type"": ""Point"", ""coordinates"": [112.5, 2.5]}"
0c90de27-f6af-4332-81af-60b41b42dfe0,3dda9f54-d771-11ef-825b-0275dc2ded29,a3e9145b-ba55-4793-a0fa-189e0f404ca7,1,9eae7647-749c-442d-92bc-0e347d538421,"{""en"": {""value"": ""Namibia"", ""direction"": ""ltr""}}",[],[],7fc0d4e4-dbda-429d-a871-46582c09102a,"{""en"": {""value"": ""Namibia (URI: https://www.geonames.org/3355338)"", ""direction"": ""ltr""}}",[],[],[],14ef37b8-55fa-4460-8393-8360c935c880,"{""en"": {""value"": ""https://www.geonames.org/3355338"", ""direction"": ""ltr""}}",93bedda3-f2c7-4c10-b557-dc803fc2be96,"{""type"": ""Point"", ""coordinates"": [17.0, -22.0]}"
cf7af3ba-717d-4f48-83bb-f2422b656cf2,3dda9f54-d771-11ef-825b-0275dc2ded29,a3e9145b-ba55-4793-a0fa-189e0f404ca7,1,5662c9db-c34b-4ab1-979d-393560199b79,"{""en"": {""value"": ""Düsseldorf"", ""direction"": ""ltr""}}",[],[],520c5a53-b92e-4969-abfc-9f064199c93f,"{""en"": {""value"": ""Düsseldorf (URI: https://www.geonames.org/2934246)"", ""direction"": ""ltr""}}",[],[],[],14cc7eb9-c321-4715-91e2-b06feff8ad04,"{""en"": {""value"": ""https://www.geonames.org/2934246"", ""direction"": ""ltr""}}",e334dbb1-e36c-4c1c-afb6-2907f3f3e362,"{""type"": ""Point"", ""coordinates"": [6.77616, 51.22172]}"
ff3bf0e4-205a-462c-b852-609f03a0c764,3dda9f54-d771-11ef-825b-0275dc2ded29,a3e9145b-ba55-4793-a0fa-189e0f404ca7,1,bea793f1-4450-4a6f-8897-aaeff14d3af0,"{""en"": {""value"": ""Lower Saxony"", ""direction"": ""ltr""}}",[],[],7e746fc0-213c-429c-9e9e-079410a5d1f0,"{""en"": {""value"": ""Lower Saxony (URI: https://www.geonames.org/2862926)"", ""direction"": ""ltr""}}",[],[],[],bac2b2cd-4835-47ee-9915-e4658d286f7b,"{""en"": {""value"": ""https://www.geonames.org/2862926"", ""direction"": ""ltr""}}",06ebe627-c317-4634-8105-1b5728a23235,"{""type"": ""Point"", ""coordinates"": [9.16667, 52.83333]}"
dc5549eb-84f1-4068-917c-c8c7ffa904ae,3dda9f54-d771-11ef-825b-0275dc2ded29,a3e9145b-ba55-4793-a0fa-189e0f404ca7,1,584dc1d2-9223-4ffd-ae2c-12c44534a06e,"{""en"": {""value"": ""La Paz"", ""direction"": ""ltr""}}",[],[],7ba74230-8018-4880-8293-c241f5311266,"{""en"": {""value"": ""La Paz (URI: https://www.geonames.org/5301323)"", ""direction"": ""ltr""}}",[],[],[],a84cca20-38ee-4636-a7ce-8bb2ba54a0ec,"{""en"": {""value"": ""https://www.geonames.org/5301323"", ""direction"": ""ltr""}}",881ed613-3379-4366-9716-036c78cb3ea4,"{""type"": ""Point"", ""coordinates"": [-113.98134, 33.72926]}"
7d150957-dde1-401f-8219-ca21536446d7,3dda9f54-d771-11ef-825b-0275dc2ded29,a3e9145b-ba55-4793-a0fa-189e0f404ca7,1,354d35be-cf3e-4524-930e-a7f4fe24844b,"{""en"": {""value"": ""Bologna"", ""direction"": ""ltr""}}",[],[],fc4f8ee6-dffb-4539-93e2-c73dcaae2abf,"{""en"": {""value"": ""Bologna (URI: https://www.geonames.org/3181928)"", ""direction"": ""ltr""}}",[],[],[],5bec0fca-b610-4b95-966a-07df455bea1d,"{""en"": {""value"": ""https://www.geonames.org/3181928"", ""direction"": ""ltr""}}",2df5a5ac-e63a-4d0c-a8a8-4779947325e5,"{""type"": ""Point"", ""coordinates"": [11.33875, 44.49381]}"
ede7d427-3baa-46bc-9379-3f0c6bf8697e,3dda9f54-d771-11ef-825b-0275dc2ded29,a3e9145b-ba55-4793-a0fa-189e0f404ca7,1,754ae153-9055-4695-8691-2aedbf9f81c3,"{""en"": {""value"": ""Türkiye"", ""direction"": ""ltr""}}",[],[],8e22a2ea-7a52-4e8e-8294-1094b40c58d2,"{""en"": {""value"": ""Türkiye (URI: https://www.geonames.org/298795)"", ""direction"": ""ltr""}}",[],[],[],cb5aebff-680e-4961-9f20-24339b6a28c5,"{""en"": {""value"": ""https://www.geonames.org/298795"", ""direction"": ""ltr""}}",2efb43f8-33cf-4b76-9e90-e838afcdd494,"{""type"": ""Point"", ""coordinates"": [35.0, 39.0]}"
924d16f0-7ac6-48f6-8231-b38d2b7facf1,3dda9f54-d771-11ef-825b-0275dc2ded29,a3e9145b-ba55-4793-a0fa-189e0f404ca7,1,20ef5ab1-02b0-4f98-bf9c-e9f2c0af36d1,"{""en"": {""value"": ""Ohio"", ""direction"": ""ltr""}}",[],[],5d759dda-ba2d-4b32-bd0b-0fc03d0287a4,"{""en"": {""value"": ""Ohio (URI: https://www.geonames.org/5165418)"", ""direction"": ""ltr""}}",[],[],[],3edd3228-2893-4a9d-ba25-f31cbb7f1ddc,"{""en"": {""value"": ""https://www.geonames.org/5165418"", ""direction"": ""ltr""}}",6e5f4f69-50b9-4f45-bb28-1a207cb72eb6,"{""type"": ""Point"", ""coordinates"": [-83.00018, 40.25034]}"
69bc377a-75bc-4897-8f8a-19f3c51f54fb,3dda9f54-d771-11ef-825b-0275dc2ded29,a3e9145b-ba55-4793-a0fa-189e0f404ca7,1,a67788cb-f876-400f-8eb5-8c8a5ab95a5a,"{""en"": {""value"": ""Tuscany"", ""direction"": ""ltr""}}",[],[],3ed3d4be-8eb2-4c70-a188-ad41a8b31d25,"{""en"": {""value"": ""Tuscany (URI: https://www.geonames.org/3165361)"", ""direction"": ""ltr""}}",[],[],[],866fbfd3-45f6-449e-b1ff-27c0542c6626,"{""en"": {""value"": ""https://www.geonames.org/3165361"", ""direction"": ""ltr""}}",1aa483f3-5a57-4626-83a3-f25fa96a0df0,"{""type"": ""Point"", ""coordinates"": [11.0, 43.41667]}"
5fc1c535-fa31-4e8f-b9d3-659fbe109da2,3dda9f54-d771-11ef-825b-0275dc2ded29,a3e9145b-ba55-4793-a0fa-189e0f404ca7,1,af8ae524-44cb-47ab-955f-8999a342e9d2,"{""en"": {""value"": ""Sargé-lès-le-Mans"", ""direction"": ""ltr""}}",[],[],164078fe-c627-42cb-b11a-a061affdbd4d,"{""en"": {""value"": ""Sargé-lès-le-Mans (URI: https://www.geonames.org/2976019)"", ""direction"": ""ltr""}}",[],[],[],25155db5-292a-41a7-9fc2-f51d802bcdee,"{""en"": {""value"": ""https://www.geonames.org/2976019"", ""direction"": ""ltr""}}",8b37cccd-5bcd-4b61-9cf7-7e0fd920a8ac,"{""type"": ""Point"", ""coordinates"": [0.23981, 48.03466]}"
62c8cef1-69fb-48ab-a0da-80cfbb71e930,3dda9f54-d771-11ef-825b-0275dc2ded29,a3e9145b-ba55-4793-a0fa-189e0f404ca7,1,5e148a25-215f-4df1-8577-000cf47db98e,"{""en"": {""value"": ""Michigan"", ""direction"": ""ltr""}}",[],[],b6086925-d2f5-4ec9-bbc2-760f06a7f421,"{""en"": {""value"": ""Michigan (URI: https://www.geonames.org/5001836)"", ""direction"": ""ltr""}}",[],[],[],12d62bd9-f17d-4f81-a9fa-07ee8caff9f1,"{""en"": {""value"": ""https://www.geonames.org/5001836"", ""direction"": ""ltr""}}",8885ec2f-9e35-4c4f-842e-9476e287db51,"{""type"": ""Point"", ""coordinates"": [-85.50033, 44.25029]}"
0971df56-3be6-4b2c-a185-6af5a5af6af7,3dda9f54-d771-11ef-825b-0275dc2ded29,a3e9145b-ba55-4793-a0fa-189e0f404ca7,1,d1e26a20-ac13-4d0e-914d-c48ebe0aab45,"{""en"": {""value"": ""South Australia"", ""direction"": ""ltr""}}",[],[],5b23e195-3fcf-4fd4-8243-b57975c75d84,"{""en"": {""value"": ""South Australia (URI: https://www.geonames.org/2061327)"", ""direction"": ""ltr""}}",[],[],[],550bc48b-ac6f-4e89-9402-5abcc8a9b399,"{""en"": {""value"": ""https://www.geonames.org/2061327"", ""direction"": ""ltr""}}",e12978d5-8667-4020-ad51-e42715601000,"{""type"": ""Point"", ""coordinates"": [135.0, -30.0]}"
a7fae2cc-53c9-4706-8f52-42bbeaf7b3f7,3dda9f54-d771-11ef-825b-0275dc2ded29,a3e9145b-ba55-4793-a0fa-189e0f404ca7,1,31c1d109-1844-4623-a6df-05f627993e45,"{""en"": {""value"": ""Kūh-e Kīlī Dāghī"", ""direction"": ""ltr""}}",[],[],7f9af6e5-40b0-410a-a1c7-cdcc55e01884,"{""en"": {""value"": ""Kūh-e Kīlī Dāghī (URI: https://www.geonames.org/8539959)"", ""direction"": ""ltr""}}",[],[],[],9f988dec-3771-4c21-bac4-ef740876fff0,"{""en"": {""value"": ""https://www.geonames.org/8539959"", ""direction"": ""ltr""}}",c9604a80-5449-4f66-93eb-3985843e17b9,"{""type"": ""Point"", ""coordinates"": [46.00323, 38.74246]}"
744fe5d4-f514-4373-bb8d-d8fde4659f74,3dda9f54-d771-11ef-825b-0275dc2ded29,a3e9145b-ba55-4793-a0fa-189e0f404ca7,1,0281ba70-5f24-461a-9dc8-a3ade98d6ab3,"{""en"": {""value"": ""Ontario"", ""direction"": ""ltr""}}",[],[],32f36c50-7889-4903-babc-794f96a1ff95,"{""en"": {""value"": ""Ontario (URI: https://www.geonames.org/5129887)"", ""direction"": ""ltr""}}",[],[],[],7727592b-d5a0-4f24-82f4-5454e49249c8,"{""en"": {""value"": ""https://www.geonames.org/5129887"", ""direction"": ""ltr""}}",ed3ce369-e670-4dce-afd1-bed476ddf716,"{""type"": ""Point"", ""coordinates"": [-77.28304, 43.2209]}"
837c6012-6927-4c5b-bc5f-17e48b64f09a,3dda9f54-d771-11ef-825b-0275dc2ded29,a3e9145b-ba55-4793-a0fa-189e0f404ca7,1,70302bf0-a1a7-4c32-a9a3-490ab6190a20,"{""en"": {""value"": ""Galapagos Islands"", ""direction"": ""ltr""}}",[],[],47fababc-88c2-4a7f-a5e5-ec1229aaed87,"{""en"": {""value"": ""Galapagos Islands (URI: https://www.geonames.org/3658931)"", ""direction"": ""ltr""}}",[],[],[],24aa3de1-22d6-45ef-a192-8800fd0b17df,"{""en"": {""value"": ""https://www.geonames.org/3658931"", ""direction"": ""ltr""}}",baf66902-0ef8-493c-821f-5bf186039a1a,"{""type"": ""Point"", ""coordinates"": [-90.5, 0.0]}"
d1b3315c-3ae4-44fd-a1be-5b69450219e4,3dda9f54-d771-11ef-825b-0275dc2ded29,a3e9145b-ba55-4793-a0fa-189e0f404ca7,1,c821a9c4-9c47-4c35-9df7-27c4c0f077f9,"{""en"": {""value"": ""Frederikshåb Isblink"", ""direction"": ""ltr""}}",[],[],fb3ba661-0b4f-4e82-b10d-0fdeffb042da,"{""en"": {""value"": ""Frederikshåb Isblink (URI: https://www.geonames.org/3423770)"", ""direction"": ""ltr""}}",[],[],[],6d954011-f869-4517-b1f6-5de75a5b3a27,"{""en"": {""value"": ""https://www.geonames.org/3423770"", ""direction"": ""ltr""}}",4f218015-d745-4eca-bb15-0ade810a8b53,"{""type"": ""Point"", ""coordinates"": [-50.00496, 62.54209]}"
d00fb7da-ef6b-4681-85c9-ec8b617d04a9,3dda9f54-d771-11ef-825b-0275dc2ded29,a3e9145b-ba55-4793-a0fa-189e0f404ca7,1,3c70f95a-96e1-47ef-92bc-837215d2d86d,"{""en"": {""value"": ""Madagascar"", ""direction"": ""ltr""}}",[],[],b4a3190d-56a7-49ac-98d5-07804b65f173,"{""en"": {""value"": ""Madagascar (URI: https://www.geonames.org/1062947)"", ""direction"": ""ltr""}}",[],[],[],30cc34d1-f84c-49eb-a946-ecdb2787b987,"{""en"": {""value"": ""https://www.geonames.org/1062947"", ""direction"": ""ltr""}}",8bf06aeb-aeca-43c5-8eb1-194b0d1c8fe7,"{""type"": ""Point"", ""coordinates"": [47.0, -20.0]}"
9cabbbcf-30ae-4e83-ab61-18ef2cc714c3,3dda9f54-d771-11ef-825b-0275dc2ded29,a3e9145b-ba55-4793-a0fa-189e0f404ca7,1,5a8fcab0-d157-4b33-a36b-904342321378,"{""en"": {""value"": ""New South Wales"", ""direction"": ""ltr""}}",[],[],630c1f10-cfd4-4c91-a491-f7ade9da0251,"{""en"": {""value"": ""New South Wales (URI: https://www.geonames.org/2155400)"", ""direction"": ""ltr""}}",[],[],[],060d0468-0c40-433d-b167-cb46ed79e696,"{""en"": {""value"": ""https://www.geonames.org/2155400"", ""direction"": ""ltr""}}",121bd8ef-5638-40fe-b548-fcfe9ed902f4,"{""type"": ""Point"", ""coordinates"": [146.0, -33.0]}"
f7c48509-ffb8-4c9b-bcc5-26951500d589,3dda9f54-d771-11ef-825b-0275dc2ded29,a3e9145b-ba55-4793-a0fa-189e0f404ca7,1,b5a3712a-44de-4847-a0bc-c5e8f8202af9,"{""en"": {""value"": ""Tooele"", ""direction"": ""ltr""}}",[],[],f352b2f0-c3bb-44f6-b7d5-f0c43d2cdd29,"{""en"": {""value"": ""Tooele (URI: https://www.geonames.org/5783699)"", ""direction"": ""ltr""}}",[],[],[],2679941e-c537-45e1-ba8f-bcb9c8348189,"{""en"": {""value"": ""https://www.geonames.org/5783699"", ""direction"": ""ltr""}}",ccc36546-db3c-4663-bf26-47c56d849535,"{""type"": ""Point"", ""coordinates"": [-113.13106, 40.44875]}"
aabeb834-cf22-4bf7-9917-784c91cb0557,3dda9f54-d771-11ef-825b-0275dc2ded29,a3e9145b-ba55-4793-a0fa-189e0f404ca7,1,c61117fc-4902-4fb6-8622-0397afd8df6b,"{""en"": {""value"": ""Zona Arqueológica Cacaxtla"", ""direction"": ""ltr""}}",[],[],b8ce7cdc-e11e-4834-b973-a17bb76e2968,"{""en"": {""value"": ""Zona Arqueológica Cacaxtla (URI: https://www.geonames.org/3815431)"", ""direction"": ""ltr""}}",[],[],[],16d152e5-3466-4b3f-85dd-62cdc6cc2acc,"{""en"": {""value"": ""https://www.geonames.org/3815431"", ""direction"": ""ltr""}}",23e7d484-837f-4d9f-bab5-20d4b3896aea,"{""type"": ""Point"", ""coordinates"": [-98.34008, 19.2443]}"
45997015-6906-4bf4-8d49-97619b3f4dc9,3dda9f54-d771-11ef-825b-0275dc2ded29,a3e9145b-ba55-4793-a0fa-189e0f404ca7,1,c986c234-a10d-48f0-8e45-8a1f7373a928,"{""en"": {""value"": ""Chios"", ""direction"": ""ltr""}}",[],[],637b7350-6942-454e-9b70-c329cfce2801,"{""en"": {""value"": ""Chios (URI: https://www.geonames.org/259973)"", ""direction"": ""ltr""}}",[],[],[],c6f46d1b-6a02-4748-9755-44566dd3a161,"{""en"": {""value"": ""https://www.geonames.org/259973"", ""direction"": ""ltr""}}",cf4e0c46-28db-4eac-838e-2f0042d90ac1,"{""type"": ""Point"", ""coordinates"": [26.13718, 38.36875]}"
5d5eaa4a-d453-4bae-884c-60fc59526915,3dda9f54-d771-11ef-825b-0275dc2ded29,a3e9145b-ba55-4793-a0fa-189e0f404ca7,1,b4c08bbd-3599-42eb-9a0f-be9dfdce27b4,"{""en"": {""value"": ""Oregon"", ""direction"": ""ltr""}}",[],[],b168dbca-4582-4e29-b48b-48f1ff920b26,"{""en"": {""value"": ""Oregon (URI: https://www.geonames.org/5744337)"", ""direction"": ""ltr""}}",[],[],[],989c145a-e626-4e3a-9e36-b25256ad301a,"{""en"": {""value"": ""https://www.geonames.org/5744337"", ""direction"": ""ltr""}}",1dc0b37f-f8d4-4400-81d5-cc79c27f3b1f,"{""type"": ""Point"", ""coordinates"": [-120.50139, 44.00013]}"
93c85b98-5822-479d-8cd7-53b18dd00d6c,3dda9f54-d771-11ef-825b-0275dc2ded29,a3e9145b-ba55-4793-a0fa-189e0f404ca7,1,2e5041ff-b581-469e-aefd-5bdc9f4c2ab3,"{""en"": {""value"": ""Munich"", ""direction"": ""ltr""}}",[],[],c88a8df9-42cc-4d85-a32a-0cef02e0913c,"{""en"": {""value"": ""Munich (URI: https://www.geonames.org/6559171)"", ""direction"": ""ltr""}}",[],[],[],c840f958-1a59-4c79-8663-699e4e0e6e8e,"{""en"": {""value"": ""https://www.geonames.org/6559171"", ""direction"": ""ltr""}}",594c82fe-692a-4d8a-a4e4-cb694bbdae3d,"{""type"": ""Point"", ""coordinates"": [11.571, 48.13452]}"
c82c43c3-8b56-48cc-8983-05273adb7448,3dda9f54-d771-11ef-825b-0275dc2ded29,a3e9145b-ba55-4793-a0fa-189e0f404ca7,1,ccde1109-7040-4668-875f-8622f55787b2,"{""en"": {""value"": ""Douglas"", ""direction"": ""ltr""}}",[],[],50b8f02d-490d-4ec3-a2f6-b3a0a3855444,"{""en"": {""value"": ""Douglas (URI: https://www.geonames.org/5250831)"", ""direction"": ""ltr""}}",[],[],[],63e222e2-14e3-4cc3-9b45-fa73ecabead4,"{""en"": {""value"": ""https://www.geonames.org/5250831"", ""direction"": ""ltr""}}",dc2614c1-ad2a-4cbf-a854-baf56054e86b,"{""type"": ""Point"", ""coordinates"": [-91.8994, 46.46411]}"
d124bf25-8952-43ce-a189-c70fc540a194,3dda9f54-d771-11ef-825b-0275dc2ded29,a3e9145b-ba55-4793-a0fa-189e0f404ca7,1,bb50a976-b451-4d35-8c68-7b1aa030ea7f,"{""en"": {""value"": ""Peru"", ""direction"": ""ltr""}}",[],[],109e40f4-6e05-4430-b61b-3bd4396e22fe,"{""en"": {""value"": ""Peru (URI: https://www.geonames.org/3932488)"", ""direction"": ""ltr""}}",[],[],[],a9f96a57-9c0d-48b9-996f-035565f200fd,"{""en"": {""value"": ""https://www.geonames.org/3932488"", ""direction"": ""ltr""}}",9a0ca10b-ab58-46ee-b486-56b9c550a6dd,"{""type"": ""Point"", ""coordinates"": [-75.25, -10.0]}"
bb896a16-0358-401c-9c7d-9a2c1cc47aa2,3dda9f54-d771-11ef-825b-0275dc2ded29,a3e9145b-ba55-4793-a0fa-189e0f404ca7,1,afeb8584-c34d-4154-a783-55284f6c19c0,"{""en"": {""value"": ""Pima"", ""direction"": ""ltr""}}",[],[],659eb2d4-acca-40a6-9a13-f645b41ce479,"{""en"": {""value"": ""Pima (URI: https://www.geonames.org/5308878)"", ""direction"": ""ltr""}}",[],[],[],977b5553-2704-4b24-b771-02a9693c29eb,"{""en"": {""value"": ""https://www.geonames.org/5308878"", ""direction"": ""ltr""}}",78539cd7-f3c3-482d-b88a-b340ca30a67a,"{""type"": ""Point"", ""coordinates"": [-111.78995, 32.09738]}"
ef661282-1c71-4ef9-b23b-415948e93587,3dda9f54-d771-11ef-825b-0275dc2ded29,a3e9145b-ba55-4793-a0fa-189e0f404ca7,1,9bfb9299-4bbb-4d87-bfdf-2a9161efb861,"{""en"": {""value"": ""Manila"", ""direction"": ""ltr""}}",[],[],a504886a-aa9e-48e4-9c03-27008d34e696,"{""en"": {""value"": ""Manila (URI: https://www.geonames.org/1701668)"", ""direction"": ""ltr""}}",[],[],[],555e3d0a-f375-4d7c-9e82-7bd4aa1d9d74,"{""en"": {""value"": ""https://www.geonames.org/1701668"", ""direction"": ""ltr""}}",8bd812be-1f9f-4a71-baa3-6c32c759ecd7,"{""type"": ""Point"", ""coordinates"": [120.9822, 14.6042]}"
3b3e2cb1-368d-4a27-ba4e-f6577338c61c,3dda9f54-d771-11ef-825b-0275dc2ded29,a3e9145b-ba55-4793-a0fa-189e0f404ca7,1,33e78691-753b-485d-8bec-569b179de707,"{""en"": {""value"": ""Cleveland"", ""direction"": ""ltr""}}",[],[],e46cdf70-8c03-4dfb-97a7-b9b68305b6a2,"{""en"": {""value"": ""Cleveland (URI: https://www.geonames.org/4461030)"", ""direction"": ""ltr""}}",[],[],[],be91313f-8c4d-4144-ac88-105cbdb21e32,"{""en"": {""value"": ""https://www.geonames.org/4461030"", ""direction"": ""ltr""}}",d73fdf61-8ffd-4d73-a677-bbe7b6263a13,"{""type"": ""Point"", ""coordinates"": [-81.55561, 35.33411]}"
cc3443fc-0412-4568-86e6-c3732b92406b,3dda9f54-d771-11ef-825b-0275dc2ded29,a3e9145b-ba55-4793-a0fa-189e0f404ca7,1,6ae8a5fe-d6ad-43ee-aaae-68605554b473,"{""en"": {""value"": ""Cochise"", ""direction"": ""ltr""}}",[],[],dfce03b6-4523-4d12-abc6-8c7239e88005,"{""en"": {""value"": ""Cochise (URI: https://www.geonames.org/5290270)"", ""direction"": ""ltr""}}",[],[],[],ed614450-318b-45b6-8aa7-7d6cf41ee6ea,"{""en"": {""value"": ""https://www.geonames.org/5290270"", ""direction"": ""ltr""}}",a087488e-d781-44e4-a019-5b0e324cdc4c,"{""type"": ""Point"", ""coordinates"": [-109.75114, 31.87957]}"
1e499cd4-265e-4843-b11a-799f2fde30fe,3dda9f54-d771-11ef-825b-0275dc2ded29,a3e9145b-ba55-4793-a0fa-189e0f404ca7,1,cd834b1c-4589-454c-9e75-c3084dd3cce9,"{""en"": {""value"": ""Kyoto"", ""direction"": ""ltr""}}",[],[],8174299c-ec7a-4c0c-9353-fe6ace7b4900,"{""en"": {""value"": ""Kyoto (URI: https://www.geonames.org/1857910)"", ""direction"": ""ltr""}}",[],[],[],fefbbe79-0fc5-4d52-83e3-45e7f6c39cc5,"{""en"": {""value"": ""https://www.geonames.org/1857910"", ""direction"": ""ltr""}}",0f7426fe-0c9b-4b08-b551-351d29526d1a,"{""type"": ""Point"", ""coordinates"": [135.75385, 35.02107]}"
25cb0a41-9cc4-41a0-b7e1-ee234d91e3b9,3dda9f54-d771-11ef-825b-0275dc2ded29,a3e9145b-ba55-4793-a0fa-189e0f404ca7,1,d81621b9-3d2d-40d0-8e60-094d03ccf6de,"{""en"": {""value"": ""Searles Lake"", ""direction"": ""ltr""}}",[],[],d36b3206-9ae7-4827-9c96-8e4bb9e4d489,"{""en"": {""value"": ""Searles Lake (URI: https://www.geonames.org/5394122)"", ""direction"": ""ltr""}}",[],[],[],72f0ab57-30ed-4f92-b279-f043a5429f41,"{""en"": {""value"": ""https://www.geonames.org/5394122"", ""direction"": ""ltr""}}",949bac12-dd88-4cdf-aba1-f6143d70b340,"{""type"": ""Point"", ""coordinates"": [-117.32934, 35.7315]}"
e5743691-2f3f-4e5f-9379-4ead8e1b621f,3dda9f54-d771-11ef-825b-0275dc2ded29,a3e9145b-ba55-4793-a0fa-189e0f404ca7,1,7f6296b3-b08b-47ef-8a5e-af15506cb410,"{""en"": {""value"": ""Taiwan"", ""direction"": ""ltr""}}",[],[],c5759872-22c4-47a3-bd5f-d5664bf9d556,"{""en"": {""value"": ""Taiwan (URI: https://www.geonames.org/1668284)"", ""direction"": ""ltr""}}",[],[],[],930f6434-7a4a-4374-a764-879d314427aa,"{""en"": {""value"": ""https://www.geonames.org/1668284"", ""direction"": ""ltr""}}",e2b30caa-36ea-4e9b-9367-76d2870a616b,"{""type"": ""Point"", ""coordinates"": [121.0, 24.0]}"
92965e00-f3f5-4d73-94f7-4301321156e8,3dda9f54-d771-11ef-825b-0275dc2ded29,a3e9145b-ba55-4793-a0fa-189e0f404ca7,1,dfca6515-fbfa-4e16-9f3b-50f904827404,"{""en"": {""value"": ""Swede Mountain"", ""direction"": ""ltr""}}",[],[],bfb2be15-e7ed-4800-9dce-bb7ec66b4c98,"{""en"": {""value"": ""Swede Mountain (URI: https://www.geonames.org/5681406)"", ""direction"": ""ltr""}}",[],[],[],39124a53-76cb-45db-9f40-8e1088f9022b,"{""en"": {""value"": ""https://www.geonames.org/5681406"", ""direction"": ""ltr""}}",2ac9c72c-26f1-47e2-a236-399268d4fc45,"{""type"": ""Point"", ""coordinates"": [-115.46016, 48.36801]}"
6ab96c78-69a8-46cc-af0a-3ddafcd72fa3,3dda9f54-d771-11ef-825b-0275dc2ded29,a3e9145b-ba55-4793-a0fa-189e0f404ca7,1,a855d8db-9d97-414f-97ff-4968d23a951b,"{""en"": {""value"": ""Fiji"", ""direction"": ""ltr""}}",[],[],cb3a23f9-9dab-4af8-87a2-2e766385451f,"{""en"": {""value"": ""Fiji (URI: https://www.geonames.org/2205218)"", ""direction"": ""ltr""}}",[],[],[],cd79d291-3fa4-45ea-9787-3e87cc8d92ab,"{""en"": {""value"": ""https://www.geonames.org/2205218"", ""direction"": ""ltr""}}",20de2899-d12a-4563-b872-ad5e2e9b546d,"{""type"": ""Point"", ""coordinates"": [178.0, -18.0]}"
7cdbd64e-143c-4382-919d-ea3246fd1344,3dda9f54-d771-11ef-825b-0275dc2ded29,a3e9145b-ba55-4793-a0fa-189e0f404ca7,1,0adab0f6-b637-49b0-a416-9abf57aae4f7,"{""en"": {""value"": ""Erkrath"", ""direction"": ""ltr""}}",[],[],df099ab4-5bea-4c8f-bf77-2a9c49d805f9,"{""en"": {""value"": ""Erkrath (URI: https://www.geonames.org/2929600)"", ""direction"": ""ltr""}}",[],[],[],9e1c51d7-5188-4a89-8ef2-c5c24b6b7b6d,"{""en"": {""value"": ""https://www.geonames.org/2929600"", ""direction"": ""ltr""}}",38a00bb8-091b-4ff3-9622-51be47df7303,"{""type"": ""Point"", ""coordinates"": [6.90831, 51.22235]}"
37d671bc-2bb0-4a7a-a039-9620865b427e,3dda9f54-d771-11ef-825b-0275dc2ded29,a3e9145b-ba55-4793-a0fa-189e0f404ca7,1,0cbb2388-b199-42e0-ae25-8c6e2cfd2465,"{""en"": {""value"": ""St. Lawrence"", ""direction"": ""ltr""}}",[],[],6ffe000b-55e3-4091-bf63-091159362112,"{""en"": {""value"": ""St. Lawrence (URI: https://www.geonames.org/5135484)"", ""direction"": ""ltr""}}",[],[],[],4a3362b6-544b-4071-97e0-ccfa396263dd,"{""en"": {""value"": ""https://www.geonames.org/5135484"", ""direction"": ""ltr""}}",67b2a0aa-e3e6-458d-95ec-82e5d8104009,"{""type"": ""Point"", ""coordinates"": [-75.11631, 44.50062]}"
ad2f007e-6ad9-4a83-91fd-3319152e427b,3dda9f54-d771-11ef-825b-0275dc2ded29,a3e9145b-ba55-4793-a0fa-189e0f404ca7,1,ed3af2b4-95a9-4ed1-8959-0b99244b3ccf,"{""en"": {""value"": ""Colombia"", ""direction"": ""ltr""}}",[],[],d9152920-5986-4d0e-b83d-2b9e9795890a,"{""en"": {""value"": ""Colombia (URI: https://www.geonames.org/3686110)"", ""direction"": ""ltr""}}",[],[],[],8a944fca-e9c6-45f6-9799-0e64df235876,"{""en"": {""value"": ""https://www.geonames.org/3686110"", ""direction"": ""ltr""}}",2189f457-035c-4e1d-9d5c-60c1a35785df,"{""type"": ""Point"", ""coordinates"": [-73.25, 4.0]}"
d8610029-c869-4d31-8f95-cd351c7a9511,3dda9f54-d771-11ef-825b-0275dc2ded29,a3e9145b-ba55-4793-a0fa-189e0f404ca7,1,222ba397-4865-4260-a2da-140f636ebdb1,"{""en"": {""value"": ""Northern Territory"", ""direction"": ""ltr""}}",[],[],ea2192ea-b36f-4291-b762-a5ff27e8a4db,"{""en"": {""value"": ""Northern Territory (URI: https://www.geonames.org/2064513)"", ""direction"": ""ltr""}}",[],[],[],fbf00eb7-874b-487c-b221-28aa317ec1b4,"{""en"": {""value"": ""https://www.geonames.org/2064513"", ""direction"": ""ltr""}}",bc517858-8f58-470f-a7a6-6a8c78a36e2e,"{""type"": ""Point"", ""coordinates"": [134.0, -20.0]}"
48ba9b4d-f118-4d4d-b77e-a2880b344cb2,3dda9f54-d771-11ef-825b-0275dc2ded29,a3e9145b-ba55-4793-a0fa-189e0f404ca7,1,68dda971-bd37-49cc-b348-fb753804a253,"{""en"": {""value"": ""Baja California"", ""direction"": ""ltr""}}",[],[],99d4a77c-02fd-45d8-a57a-70663a149e86,"{""en"": {""value"": ""Baja California (URI: https://www.geonames.org/4017700)"", ""direction"": ""ltr""}}",[],[],[],e9a637ef-7bba-4ce9-a3a5-485d87c3b4d6,"{""en"": {""value"": ""https://www.geonames.org/4017700"", ""direction"": ""ltr""}}",dc577746-77e3-4f6c-97bd-83693e66e690,"{""type"": ""Point"", ""coordinates"": [-115.0, 30.0]}"
566a0614-829a-49fb-a27c-951283ae7a23,3dda9f54-d771-11ef-825b-0275dc2ded29,a3e9145b-ba55-4793-a0fa-189e0f404ca7,1,566d5398-4869-49be-a604-d4b41fce0b13,"{""en"": {""value"": ""A’Ari-N-Es Sa’"", ""direction"": ""ltr""}}",[],[],0ed6d596-8929-40df-ba12-10c6d6245587,"{""en"": {""value"": ""A’Ari-N-Es Sa’ (URI: https://www.geonames.org/2541354)"", ""direction"": ""ltr""}}",[],[],[],7bf12f80-4ba4-464c-ad53-8cc23b7da480,"{""en"": {""value"": ""https://www.geonames.org/2541354"", ""direction"": ""ltr""}}",06851c1e-a4b0-46ed-bcb2-3fd15e6c4470,"{""type"": ""Point"", ""coordinates"": [-5.16425, 33.02365]}"
9975e18f-461a-4371-b206-ecdd0e0141f6,3dda9f54-d771-11ef-825b-0275dc2ded29,a3e9145b-ba55-4793-a0fa-189e0f404ca7,1,926af1dc-46b9-4f8c-a9cc-a4efc775f6c1,"{""en"": {""value"": ""Whittier"", ""direction"": ""ltr""}}",[],[],a140381c-c8d8-45d3-bf47-934c527f6c19,"{""en"": {""value"": ""Whittier (URI: https://www.geonames.org/5409059)"", ""direction"": ""ltr""}}",[],[],[],277477ef-5b32-4c3e-bcd4-bfc933f32a07,"{""en"": {""value"": ""https://www.geonames.org/5409059"", ""direction"": ""ltr""}}",22bcf655-7e3f-4685-8fc8-27de14548b93,"{""type"": ""Point"", ""coordinates"": [-118.03284, 33.97918]}"
44bb3572-1504-40e8-ac58-d83ef05a9af7,3dda9f54-d771-11ef-825b-0275dc2ded29,a3e9145b-ba55-4793-a0fa-189e0f404ca7,1,86f560f1-1f32-4191-855b-79864447cfbe,"{""en"": {""value"": ""Bahia"", ""direction"": ""ltr""}}",[],[],b357f539-6b98-4218-852f-6f8f0703e70d,"{""en"": {""value"": ""Bahia (URI: https://www.geonames.org/3471168)"", ""direction"": ""ltr""}}",[],[],[],7ebd580f-3622-4181-b3a4-bcd5532adda0,"{""en"": {""value"": ""https://www.geonames.org/3471168"", ""direction"": ""ltr""}}",ea782ee4-90b5-4ee2-9412-23925b46fc39,"{""type"": ""Point"", ""coordinates"": [-42.0, -12.0]}"
70ad6d87-d854-4e9f-8be0-f641d8979e1f,3dda9f54-d771-11ef-825b-0275dc2ded29,a3e9145b-ba55-4793-a0fa-189e0f404ca7,1,7d46b8a1-a5b0-43c3-bbad-4e319423a429,"{""en"": {""value"": ""Washington"", ""direction"": ""ltr""}}",[],[],6da12a73-9677-4baf-9386-b689fafeccef,"{""en"": {""value"": ""Washington (URI: https://www.geonames.org/5815135)"", ""direction"": ""ltr""}}",[],[],[],65665101-c6e1-4da2-bedf-74dd7fa9a97f,"{""en"": {""value"": ""https://www.geonames.org/5815135"", ""direction"": ""ltr""}}",4d28d423-17b0-4df2-b9ba-c52346312272,"{""type"": ""Point"", ""coordinates"": [-120.50147, 47.50012]}"
5bb2cf63-f8a5-4367-9456-644bb1ea7517,3dda9f54-d771-11ef-825b-0275dc2ded29,a3e9145b-ba55-4793-a0fa-189e0f404ca7,1,7ab65f53-ef60-42f2-976d-57956afef467,"{""en"": {""value"": ""Yungang"", ""direction"": ""ltr""}}",[],[],ccbd9e5b-3499-4ba3-a34a-037fc1852ad1,"{""en"": {""value"": ""Yungang (URI: https://www.geonames.org/9615016)"", ""direction"": ""ltr""}}",[],[],[],10fc2d0f-4620-4cef-b255-f19f7d7dd3d3,"{""en"": {""value"": ""https://www.geonames.org/9615016"", ""direction"": ""ltr""}}",2e5fcb08-f7ea-4056-a1a7-8bf6c49e1721,"{""type"": ""Point"", ""coordinates"": [114.53114, 26.34126]}"
31a43b6e-2e6c-4b7f-9121-1f0c65512200,3dda9f54-d771-11ef-825b-0275dc2ded29,a3e9145b-ba55-4793-a0fa-189e0f404ca7,1,3d6a036a-79dc-4db4-9ac7-7b89ab6bb63d,"{""en"": {""value"": ""Afghanistan"", ""direction"": ""ltr""}}",[],[],9a0e3f38-aa19-4b8f-a4c1-20eadd26102e,"{""en"": {""value"": ""Afghanistan (URI: https://www.geonames.org/1149361)"", ""direction"": ""ltr""}}",[],[],[],587aa442-4b33-43dd-8e95-6a8ab5f7f9a2,"{""en"": {""value"": ""https://www.geonames.org/1149361"", ""direction"": ""ltr""}}",253114b8-8a9c-4f0e-bb28-9041a7b26d2c,"{""type"": ""Point"", ""coordinates"": [66.0, 33.0]}"
20b2a239-7091-4461-a4d7-8fe97df89fe6,3dda9f54-d771-11ef-825b-0275dc2ded29,a3e9145b-ba55-4793-a0fa-189e0f404ca7,1,1b0c7e6b-9716-4165-ad13-c43dde4396c5,"{""en"": {""value"": ""Panama"", ""direction"": ""ltr""}}",[],[],65f346c0-1471-482a-b6fa-82aa27b06b47,"{""en"": {""value"": ""Panama (URI: https://www.geonames.org/3703430)"", ""direction"": ""ltr""}}",[],[],[],60e9c69f-5c2c-4a48-8f80-9469c7cdc5c0,"{""en"": {""value"": ""https://www.geonames.org/3703430"", ""direction"": ""ltr""}}",df6f2972-8fba-40de-b6a6-5447a29fb68d,"{""type"": ""Point"", ""coordinates"": [-80.0, 9.0]}"
089daa6f-f717-408e-9a3c-a9f03bf46e42,3dda9f54-d771-11ef-825b-0275dc2ded29,a3e9145b-ba55-4793-a0fa-189e0f404ca7,1,69310bc1-6b36-481a-acd2-c8ecc309e6a8,"{""en"": {""value"": ""Morenci"", ""direction"": ""ltr""}}",[],[],b3d8c64f-792f-4955-b852-3d48053d3b7e,"{""en"": {""value"": ""Morenci (URI: https://www.geonames.org/5305503)"", ""direction"": ""ltr""}}",[],[],[],487afecf-1bab-472b-8afd-a2f1c43382fe,"{""en"": {""value"": ""https://www.geonames.org/5305503"", ""direction"": ""ltr""}}",a3cbe645-e317-4f58-a7ed-137c75e39c3d,"{""type"": ""Point"", ""coordinates"": [-109.328, 33.052]}"
39f58e5c-dc7e-4dcf-8e9f-786836391377,3dda9f54-d771-11ef-825b-0275dc2ded29,a3e9145b-ba55-4793-a0fa-189e0f404ca7,1,7c148296-46ce-4c9c-9667-775028084857,"{""en"": {""value"": ""Morocco"", ""direction"": ""ltr""}}",[],[],939713f8-68b1-43bc-8e4f-bd51f85886b4,"{""en"": {""value"": ""Morocco (URI: https://www.geonames.org/2542007)"", ""direction"": ""ltr""}}",[],[],[],5f5d4230-b667-406d-bd6b-c3e812fd25eb,"{""en"": {""value"": ""https://www.geonames.org/2542007"", ""direction"": ""ltr""}}",e17e5448-0170-4abd-840b-52693387abb2,"{""type"": ""Point"", ""coordinates"": [-10.0, 28.5]}"
5aaa985e-eab7-467a-9fbc-010a95d3c28b,3dda9f54-d771-11ef-825b-0275dc2ded29,a3e9145b-ba55-4793-a0fa-189e0f404ca7,1,51449c6a-8092-4d1c-85dc-60227e1c012d,"{""en"": {""value"": ""Le Mans"", ""direction"": ""ltr""}}",[],[],fae10208-e16a-403a-b4a8-46c204bdb4e3,"{""en"": {""value"": ""Le Mans (URI: https://www.geonames.org/3003603)"", ""direction"": ""ltr""}}",[],[],[],daf61617-47d0-426b-bbdb-f9ed31f6b30b,"{""en"": {""value"": ""https://www.geonames.org/3003603"", ""direction"": ""ltr""}}",c5336e4b-0d2b-4229-b26b-c34e65245bd3,"{""type"": ""Point"", ""coordinates"": [0.20251, 48.0021]}"
3248b3a3-b7f2-4d5c-8df5-778d7a34f20a,3dda9f54-d771-11ef-825b-0275dc2ded29,a3e9145b-ba55-4793-a0fa-189e0f404ca7,1,7099de84-d6f7-435a-b16e-eb9eef443461,"{""en"": {""value"": ""Guyana"", ""direction"": ""ltr""}}",[],[],44cd4d35-3d03-4fdd-9599-b4f2ad6413ba,"{""en"": {""value"": ""Guyana (URI: https://www.geonames.org/3378535)"", ""direction"": ""ltr""}}",[],[],[],47cd4882-b1b1-47f0-94a1-3a14f8142572,"{""en"": {""value"": ""https://www.geonames.org/3378535"", ""direction"": ""ltr""}}",120c708f-93bb-443e-a9c9-aa547fba8849,"{""type"": ""Point"", ""coordinates"": [-59.0, 5.0]}"
fff5825c-caa5-4cf6-aeb5-52c26733adf6,3dda9f54-d771-11ef-825b-0275dc2ded29,a3e9145b-ba55-4793-a0fa-189e0f404ca7,1,f3773756-bf8f-44aa-843e-279b7635ac03,"{""en"": {""value"": ""Fresno"", ""direction"": ""ltr""}}",[],[],6b7896ba-d8a1-441f-a50d-caee6003b92b,"{""en"": {""value"": ""Fresno (URI: https://www.geonames.org/5350964)"", ""direction"": ""ltr""}}",[],[],[],5254d6e3-574e-41e6-ab7e-6ea73aab76bd,"{""en"": {""value"": ""https://www.geonames.org/5350964"", ""direction"": ""ltr""}}",73873f44-e574-485f-94df-59b497874d7f,"{""type"": ""Point"", ""coordinates"": [-119.64932, 36.75818]}"
72f4857f-3b00-49d2-96c4-75b980a5ab41,3dda9f54-d771-11ef-825b-0275dc2ded29,a3e9145b-ba55-4793-a0fa-189e0f404ca7,1,5d4132c7-9b67-4451-b63e-92b7047cf6a2,"{""en"": {""value"": ""Americas"", ""direction"": ""ltr""}}",[],[],3458b52b-d01b-4282-8881-68ddc456970c,"{""en"": {""value"": ""Americas (URI: https://www.geonames.org/10861432)"", ""direction"": ""ltr""}}",[],[],[],f10740ab-5908-47f2-9f4d-f730696b1099,"{""en"": {""value"": ""https://www.geonames.org/10861432"", ""direction"": ""ltr""}}",fdfdefe1-f1f5-4fc6-be82-b71d3d8bfd9c,"{""type"": ""Point"", ""coordinates"": [-104.41406, 26.0173]}"
a322c65b-a6fe-41ca-9eeb-edc10b827527,3dda9f54-d771-11ef-825b-0275dc2ded29,a3e9145b-ba55-4793-a0fa-189e0f404ca7,1,b7adbecf-210b-4580-80d1-b1058426194c,"{""en"": {""value"": ""Langesundsfjorden"", ""direction"": ""ltr""}}",[],[],75955a02-d6aa-401b-845e-054d98dc80ec,"{""en"": {""value"": ""Langesundsfjorden (URI: https://www.geonames.org/3148353)"", ""direction"": ""ltr""}}",[],[],[],19fd0e9c-dccb-466e-bb43-21dc0cbada36,"{""en"": {""value"": ""https://www.geonames.org/3148353"", ""direction"": ""ltr""}}",47eaf52e-df66-4db6-bd6f-d4254eabb238,"{""type"": ""Point"", ""coordinates"": [9.73514, 59.02928]}"
12ab1efa-ad70-4a60-b0e0-2148ce57a954,3dda9f54-d771-11ef-825b-0275dc2ded29,a3e9145b-ba55-4793-a0fa-189e0f404ca7,1,5bd3dc87-ae81-4db6-8a05-918e4c16388d,"{""en"": {""value"": ""Krakow"", ""direction"": ""ltr""}}",[],[],6262f3fb-0a2d-4bc6-9470-389f6d8c131f,"{""en"": {""value"": ""Krakow (URI: https://www.geonames.org/3094802)"", ""direction"": ""ltr""}}",[],[],[],67bf7ff5-2857-4f62-8414-d0e09ddc2ad0,"{""en"": {""value"": ""https://www.geonames.org/3094802"", ""direction"": ""ltr""}}",b23a17a3-8504-410c-ac85-0895107e7363,"{""type"": ""Point"", ""coordinates"": [19.93658, 50.06143]}"
39808ce7-ae4f-4499-99c6-400a18d7963d,3dda9f54-d771-11ef-825b-0275dc2ded29,a3e9145b-ba55-4793-a0fa-189e0f404ca7,1,421c2e77-cdc4-4756-a59a-8064c89b5332,"{""en"": {""value"": ""Greece"", ""direction"": ""ltr""}}",[],[],47d17574-e499-4d0c-b673-19db30705453,"{""en"": {""value"": ""Greece (URI: https://www.geonames.org/390903)"", ""direction"": ""ltr""}}",[],[],[],45788155-6ced-4208-83fc-a20445a99cb4,"{""en"": {""value"": ""https://www.geonames.org/390903"", ""direction"": ""ltr""}}",8e229bc5-720d-4233-b1e1-0aec87fab321,"{""type"": ""Point"", ""coordinates"": [22.0, 39.0]}"
a5942976-3984-44ee-aa69-823dcca5c9c8,3dda9f54-d771-11ef-825b-0275dc2ded29,a3e9145b-ba55-4793-a0fa-189e0f404ca7,1,2260e5bc-b85e-4931-9c13-5a653c2d8231,"{""en"": {""value"": ""Nevada"", ""direction"": ""ltr""}}",[],[],5b483bdf-e74c-4f7f-95a9-577fa7fa14e1,"{""en"": {""value"": ""Nevada (URI: https://www.geonames.org/5509151)"", ""direction"": ""ltr""}}",[],[],[],28a36e62-6e78-4dd7-b3db-abbe27e9d68e,"{""en"": {""value"": ""https://www.geonames.org/5509151"", ""direction"": ""ltr""}}",577df431-7617-46a8-b19a-9baed02d0c14,"{""type"": ""Point"", ""coordinates"": [-116.75119, 39.25021]}"
6c4dbd10-8158-411f-a659-c938ba077b52,3dda9f54-d771-11ef-825b-0275dc2ded29,a3e9145b-ba55-4793-a0fa-189e0f404ca7,1,69ae0601-991e-4b99-9f7c-f1c3e9668b58,"{""en"": {""value"": ""Venezuela"", ""direction"": ""ltr""}}",[],[],0a554060-0c12-4a95-a1e0-9b65882e8a93,"{""en"": {""value"": ""Venezuela (URI: https://www.geonames.org/3625428)"", ""direction"": ""ltr""}}",[],[],[],2b690daa-4e4b-4e39-bd6c-d0e28877e7b8,"{""en"": {""value"": ""https://www.geonames.org/3625428"", ""direction"": ""ltr""}}",fee19c78-8f96-4541-ab2e-57a3da09931f,"{""type"": ""Point"", ""coordinates"": [-66.0, 8.0]}"
389e855b-43f8-4da4-a6c9-d8225f2bcbea,3dda9f54-d771-11ef-825b-0275dc2ded29,a3e9145b-ba55-4793-a0fa-189e0f404ca7,1,5619c4f3-2a4c-491e-9073-596bc80fb324,"{""en"": {""value"": ""Oaxaca"", ""direction"": ""ltr""}}",[],[],1183ef46-59f2-432f-9fc2-fc77d9fda4de,"{""en"": {""value"": ""Oaxaca (URI: https://www.geonames.org/3522509)"", ""direction"": ""ltr""}}",[],[],[],4cdb6522-51b2-472b-8197-c00d3a99774d,"{""en"": {""value"": ""https://www.geonames.org/3522509"", ""direction"": ""ltr""}}",f9bebc52-49ef-42ae-bea9-042b23faa708,"{""type"": ""Point"", ""coordinates"": [-96.5, 17.0]}"
22b74fc2-0e1e-48f2-9175-52b7db72dcb8,3dda9f54-d771-11ef-825b-0275dc2ded29,a3e9145b-ba55-4793-a0fa-189e0f404ca7,1,845222a2-68ac-4526-96ae-ffba70e976d6,"{""en"": {""value"": ""Easton"", ""direction"": ""ltr""}}",[],[],01ee4a8b-f5f6-4fc9-83ea-2f2f74c5f493,"{""en"": {""value"": ""Easton (URI: https://www.geonames.org/5188140)"", ""direction"": ""ltr""}}",[],[],[],8ec8aa9e-c1d0-4ba4-b4fb-ab1a8fccf098,"{""en"": {""value"": ""https://www.geonames.org/5188140"", ""direction"": ""ltr""}}",04bff2a6-cdfe-4bb9-b01c-c3c6f461a76e,"{""type"": ""Point"", ""coordinates"": [-75.22073, 40.68843]}"
bd0e5d7c-f348-48f0-a21c-15243e8a310e,3dda9f54-d771-11ef-825b-0275dc2ded29,a3e9145b-ba55-4793-a0fa-189e0f404ca7,1,2ec16988-51c1-42bc-b15b-87f342696f72,"{""en"": {""value"": ""Eagle"", ""direction"": ""ltr""}}",[],[],5ce33e90-5443-480b-b9d4-23d106451084,"{""en"": {""value"": ""Eagle (URI: https://www.geonames.org/5420332)"", ""direction"": ""ltr""}}",[],[],[],e2e69785-4caa-4cef-a893-4b561df4784b,"{""en"": {""value"": ""https://www.geonames.org/5420332"", ""direction"": ""ltr""}}",8c850768-6e75-434a-8d36-461272767a9b,"{""type"": ""Point"", ""coordinates"": [-106.6953, 39.62783]}"
a337e6f2-df75-489b-9182-2c0ab41c4be3,3dda9f54-d771-11ef-825b-0275dc2ded29,a3e9145b-ba55-4793-a0fa-189e0f404ca7,1,7a56e332-49d2-48f6-9f73-767f6e329bf9,"{""en"": {""value"": ""Maricopa"", ""direction"": ""ltr""}}",[],[],db4b8540-c26a-418b-afb7-60b62ede54fa,"{""en"": {""value"": ""Maricopa (URI: https://www.geonames.org/5303754)"", ""direction"": ""ltr""}}",[],[],[],3215d2c0-0b0f-49e6-819e-0523a321a375,"{""en"": {""value"": ""https://www.geonames.org/5303754"", ""direction"": ""ltr""}}",611e264f-bda9-46e0-9b46-6e307c608859,"{""type"": ""Point"", ""coordinates"": [-112.49123, 33.34883]}"
ff570530-f0db-43c6-95ef-96e9d11fc30f,3dda9f54-d771-11ef-825b-0275dc2ded29,a3e9145b-ba55-4793-a0fa-189e0f404ca7,1,35150300-c169-4a9c-8f79-11bc2b3e039e,"{""en"": {""value"": ""Northwest Territories"", ""direction"": ""ltr""}}",[],[],9f4c8128-656b-4e58-bee9-42c40251a84b,"{""en"": {""value"": ""Northwest Territories (URI: https://www.geonames.org/6091069)"", ""direction"": ""ltr""}}",[],[],[],d8d3ab24-d37e-40e7-81c9-72aa48bd3b98,"{""en"": {""value"": ""https://www.geonames.org/6091069"", ""direction"": ""ltr""}}",f8f117c5-7023-44d7-9595-3608f3c4520a,"{""type"": ""Point"", ""coordinates"": [-121.50445, 69.50061]}"
a52702cd-d901-42b4-a26b-7af7cc4a3f65,3dda9f54-d771-11ef-825b-0275dc2ded29,a3e9145b-ba55-4793-a0fa-189e0f404ca7,1,5f9bfa43-25c5-4606-966f-d1eceb04396c,"{""en"": {""value"": ""Telemark"", ""direction"": ""ltr""}}",[],[],abb4262a-a2b4-44e3-8f92-708626f90027,"{""en"": {""value"": ""Telemark (URI: https://www.geonames.org/3134723)"", ""direction"": ""ltr""}}",[],[],[],24691403-f9e5-4e06-9fe9-382cab005093,"{""en"": {""value"": ""https://www.geonames.org/3134723"", ""direction"": ""ltr""}}",08777a8e-2ac0-4958-9583-b7286ac5ddf1,"{""type"": ""Point"", ""coordinates"": [9.6112, 59.2161]}"
973c6662-a953-4493-8c74-1fdcdbac07d2,3dda9f54-d771-11ef-825b-0275dc2ded29,a3e9145b-ba55-4793-a0fa-189e0f404ca7,1,2b07a6a7-9dbe-461f-b9a0-85a9d14c95f1,"{""en"": {""value"": ""Maharashtra"", ""direction"": ""ltr""}}",[],[],e5fef641-8c0c-4098-88d3-63e9fb71835c,"{""en"": {""value"": ""Maharashtra (URI: https://www.geonames.org/1264418)"", ""direction"": ""ltr""}}",[],[],[],33a8201b-7a8c-4fb0-a1e8-6b376780827d,"{""en"": {""value"": ""https://www.geonames.org/1264418"", ""direction"": ""ltr""}}",c796f16c-2b54-4727-bff6-51ad08883e5e,"{""type"": ""Point"", ""coordinates"": [76.0, 19.5]}"
4a32ba4c-8dca-4fb7-a936-581d046147d9,3dda9f54-d771-11ef-825b-0275dc2ded29,a3e9145b-ba55-4793-a0fa-189e0f404ca7,1,c258c40f-fe16-4b5e-9efd-5dca9e53f234,"{""en"": {""value"": ""Custer"", ""direction"": ""ltr""}}",[],[],19ae2719-f177-4f2a-8508-e1a34222b2f5,"{""en"": {""value"": ""Custer (URI: https://www.geonames.org/5763916)"", ""direction"": ""ltr""}}",[],[],[],f58af566-5920-4fae-bff5-4eea4bb40468,"{""en"": {""value"": ""https://www.geonames.org/5763916"", ""direction"": ""ltr""}}",92956b1b-f252-4723-bab1-259c58a8ccdf,"{""type"": ""Point"", ""coordinates"": [-103.45154, 43.67763]}"
efd73186-1f8b-4746-a92b-f095a713896c,3dda9f54-d771-11ef-825b-0275dc2ded29,a3e9145b-ba55-4793-a0fa-189e0f404ca7,1,8c678f1f-e3e3-4282-8edf-10d107e164ab,"{""en"": {""value"": ""Gila"", ""direction"": ""ltr""}}",[],[],016f343a-5e31-482c-a63d-0b4704636406,"{""en"": {""value"": ""Gila (URI: https://www.geonames.org/5295877)"", ""direction"": ""ltr""}}",[],[],[],a81a63c6-ae29-4de0-8a65-56d3a9af334f,"{""en"": {""value"": ""https://www.geonames.org/5295877"", ""direction"": ""ltr""}}",0ebacaae-85b6-45fd-b276-4314a44f0d40,"{""type"": ""Point"", ""coordinates"": [-110.81174, 33.79975]}"
1a8013e2-17f6-4424-9861-c80d54210619,3dda9f54-d771-11ef-825b-0275dc2ded29,a3e9145b-ba55-4793-a0fa-189e0f404ca7,1,fea5200e-7d7d-4666-afbf-bd09f1ac8496,"{""en"": {""value"": ""South Africa"", ""direction"": ""ltr""}}",[],[],2af0169e-5461-4b58-9217-7bd014049b00,"{""en"": {""value"": ""South Africa (URI: https://www.geonames.org/953987)"", ""direction"": ""ltr""}}",[],[],[],a77fa893-61b4-4305-9dca-818b40aee673,"{""en"": {""value"": ""https://www.geonames.org/953987"", ""direction"": ""ltr""}}",42483b2a-4d60-44c8-b985-968954d23af6,"{""type"": ""Point"", ""coordinates"": [24.0, -29.0]}"
d84a7fb0-5fb1-4595-8b6c-ce2e04f30d58,3dda9f54-d771-11ef-825b-0275dc2ded29,a3e9145b-ba55-4793-a0fa-189e0f404ca7,1,849b609c-bb79-4c00-8425-0f9064ceceb0,"{""en"": {""value"": ""DR Congo"", ""direction"": ""ltr""}}",[],[],c9310698-f378-4bba-a3de-acd9b113c30b,"{""en"": {""value"": ""DR Congo (URI: https://www.geonames.org/203312)"", ""direction"": ""ltr""}}",[],[],[],8cd46b61-0c97-4c1d-ad4a-ce57a1f83ca4,"{""en"": {""value"": ""https://www.geonames.org/203312"", ""direction"": ""ltr""}}",554a3aad-69bb-4d0f-8df6-eb0190945569,"{""type"": ""Point"", ""coordinates"": [23.5, -2.5]}"
cb85b2ef-eeee-4279-84ac-0184142fbb0d,3dda9f54-d771-11ef-825b-0275dc2ded29,a3e9145b-ba55-4793-a0fa-189e0f404ca7,1,e34aaed6-a604-4011-b13c-8a33598757ed,"{""en"": {""value"": ""Midland"", ""direction"": ""ltr""}}",[],[],50fe1941-c46d-4cdb-92bf-26265235d1f8,"{""en"": {""value"": ""Midland (URI: https://www.geonames.org/5001929)"", ""direction"": ""ltr""}}",[],[],[],0c3254c8-8e9a-46f2-b341-1c1b42628726,"{""en"": {""value"": ""https://www.geonames.org/5001929"", ""direction"": ""ltr""}}",09553514-b003-4d48-baf2-d81f4a893d56,"{""type"": ""Point"", ""coordinates"": [-84.24721, 43.61558]}"
54e32abf-c17a-4178-9be1-de71678962a9,3dda9f54-d771-11ef-825b-0275dc2ded29,a3e9145b-ba55-4793-a0fa-189e0f404ca7,1,94dda5c5-eb26-449c-8ac0-a81a90310796,"{""en"": {""value"": ""Middlesex"", ""direction"": ""ltr""}}",[],[],bbb7f6fa-d8bb-4774-9d2b-7505a4f00d43,"{""en"": {""value"": ""Middlesex (URI: https://www.geonames.org/5101159)"", ""direction"": ""ltr""}}",[],[],[],dfc46aa3-6777-4bc5-9436-f3a804de4214,"{""en"": {""value"": ""https://www.geonames.org/5101159"", ""direction"": ""ltr""}}",12326b11-cfe9-41ee-9aed-031ef58bfc24,"{""type"": ""Point"", ""coordinates"": [-74.49265, 40.5726]}"
601ef281-4db9-4c9f-9cee-3abb5bfc45c0,3dda9f54-d771-11ef-825b-0275dc2ded29,a3e9145b-ba55-4793-a0fa-189e0f404ca7,1,6c929607-8fd9-47a2-b44b-ba34551caaa1,"{""en"": {""value"": ""German Democratic Republic"", ""direction"": ""ltr""}}",[],[],a407bc59-b6c7-46cd-a525-955f43a8fc0b,"{""en"": {""value"": ""German Democratic Republic (URI: https://www.geonames.org/8354410)"", ""direction"": ""ltr""}}",[],[],[],aeb22d4e-5e20-472d-84d5-c9c48df0c3fa,"{""en"": {""value"": ""https://www.geonames.org/8354410"", ""direction"": ""ltr""}}",6b90f9fa-8f0b-4211-8c65-8a33518c8de8,"{""type"": ""Point"", ""coordinates"": [12.51559, 52.19498]}"
1be24673-da5a-41db-ac54-f14b086d33d0,3dda9f54-d771-11ef-825b-0275dc2ded29,a3e9145b-ba55-4793-a0fa-189e0f404ca7,1,5026ff0d-3b30-4e4c-a032-fc0b247c4efb,"{""en"": {""value"": ""Tsumeb"", ""direction"": ""ltr""}}",[],[],0e895ea1-b8fa-4e51-8a09-ed6bdb757664,"{""en"": {""value"": ""Tsumeb (URI: https://www.geonames.org/3352594)"", ""direction"": ""ltr""}}",[],[],[],3ecf6d18-12b6-4047-878c-0bb06bf97f5e,"{""en"": {""value"": ""https://www.geonames.org/3352594"", ""direction"": ""ltr""}}",99150dc4-c550-4759-9be0-4b93136a9572,"{""type"": ""Point"", ""coordinates"": [17.71667, -19.21667]}"
ff757b7c-724c-41e4-8810-3e497858563d,3dda9f54-d771-11ef-825b-0275dc2ded29,a3e9145b-ba55-4793-a0fa-189e0f404ca7,1,59adacbb-7ac0-4f30-86a1-b3b91da2d01b,"{""en"": {""value"": ""Miami"", ""direction"": ""ltr""}}",[],[],b1042042-e8e3-485c-8b88-6531a98f1cde,"{""en"": {""value"": ""Miami (URI: https://www.geonames.org/4923517)"", ""direction"": ""ltr""}}",[],[],[],3712cfbc-f8ed-471a-9b6c-dcb07fa5c837,"{""en"": {""value"": ""https://www.geonames.org/4923517"", ""direction"": ""ltr""}}",15621bf6-4c04-41e8-9dc6-bc243e385149,"{""type"": ""Point"", ""coordinates"": [-86.04502, 40.7695]}"
253e408d-a4da-418e-a984-343dbd55e35e,3dda9f54-d771-11ef-825b-0275dc2ded29,a3e9145b-ba55-4793-a0fa-189e0f404ca7,1,5e6ee9b5-c70d-47cd-a14a-fdf7381462a6,"{""en"": {""value"": ""Minneapolis"", ""direction"": ""ltr""}}",[],[],b85c7f6c-ab9a-4f57-8287-ee2d523d6050,"{""en"": {""value"": ""Minneapolis (URI: https://www.geonames.org/5037649)"", ""direction"": ""ltr""}}",[],[],[],2850ad21-484f-4c45-9527-03a6a3b75805,"{""en"": {""value"": ""https://www.geonames.org/5037649"", ""direction"": ""ltr""}}",d2eb23b3-54b9-4a4d-96fb-82afbfdad926,"{""type"": ""Point"", ""coordinates"": [-93.26384, 44.97997]}"
1daf6a36-a41e-47c1-af54-4fa75c6692d0,3dda9f54-d771-11ef-825b-0275dc2ded29,a3e9145b-ba55-4793-a0fa-189e0f404ca7,1,d4728f2d-4783-44fb-8e24-124a983c2649,"{""en"": {""value"": ""Ouray"", ""direction"": ""ltr""}}",[],[],2142d721-d99e-4819-96d4-1c3af8819d86,"{""en"": {""value"": ""Ouray (URI: https://www.geonames.org/5433677)"", ""direction"": ""ltr""}}",[],[],[],e21a2413-dc57-4c77-bbc7-eac7c7c392bc,"{""en"": {""value"": ""https://www.geonames.org/5433677"", ""direction"": ""ltr""}}",c2f20b0e-8efa-4c09-a41e-92dffe51fc4f,"{""type"": ""Point"", ""coordinates"": [-107.76932, 38.1555]}"
355938bf-37a7-4951-b3c8-b5686ba0c05f,3dda9f54-d771-11ef-825b-0275dc2ded29,a3e9145b-ba55-4793-a0fa-189e0f404ca7,1,cb0b70be-eff3-4168-9e7e-5b1597a971b2,"{""en"": {""value"": ""Majuba Hill Mine"", ""direction"": ""ltr""}}",[],[],a57c3874-6d10-41ee-83b5-fa405a4f9928,"{""en"": {""value"": ""Majuba Hill Mine (URI: https://www.geonames.org/5706094)"", ""direction"": ""ltr""}}",[],[],[],173ffd7f-1303-4747-bfbb-488cb1cc2228,"{""en"": {""value"": ""https://www.geonames.org/5706094"", ""direction"": ""ltr""}}",0a814f34-cc29-4561-96d9-6514bd0f9c5b,"{""type"": ""Point"", ""coordinates"": [-118.46293, 40.66907]}"
8c8062c9-aadb-4986-b3bc-73d3fc5e1065,3dda9f54-d771-11ef-825b-0275dc2ded29,a3e9145b-ba55-4793-a0fa-189e0f404ca7,1,89c6ddf0-5d3e-4d1d-a072-ce79d7ceb215,"{""en"": {""value"": ""Franklin"", ""direction"": ""ltr""}}",[],[],36fbaf10-3059-4139-ac23-b7f8fb1e416c,"{""en"": {""value"": ""Franklin (URI: https://www.geonames.org/5098214)"", ""direction"": ""ltr""}}",[],[],[],e6c879ab-39f1-4337-ba28-9948c1b1b8b6,"{""en"": {""value"": ""https://www.geonames.org/5098214"", ""direction"": ""ltr""}}",05203e2c-67ee-404a-a3c6-bf4390b14ec5,"{""type"": ""Point"", ""coordinates"": [-74.58044, 41.12204]}"
6177ce0a-6cc3-4b3e-b712-089849e57dec,3dda9f54-d771-11ef-825b-0275dc2ded29,a3e9145b-ba55-4793-a0fa-189e0f404ca7,1,c0d97798-ea81-4ccb-8531-75c3980bcf99,"{""en"": {""value"": ""Belgium"", ""direction"": ""ltr""}}",[],[],2a8e25a0-f793-44b4-97cc-936ea91b6bb3,"{""en"": {""value"": ""Belgium (URI: https://www.geonames.org/2802361)"", ""direction"": ""ltr""}}",[],[],[],58fc8c1f-ef2f-4aa7-8453-54e7a89a2dcc,"{""en"": {""value"": ""https://www.geonames.org/2802361"", ""direction"": ""ltr""}}",ddb14534-7de9-4597-a92a-18603cffa952,"{""type"": ""Point"", ""coordinates"": [4.5, 50.75]}"
2aac745b-6a02-450a-81b9-20d4f47367f4,3dda9f54-d771-11ef-825b-0275dc2ded29,a3e9145b-ba55-4793-a0fa-189e0f404ca7,1,4e18c9c9-0910-4dfb-a59c-9ceca88bae1c,"{""en"": {""value"": ""Pershing"", ""direction"": ""ltr""}}",[],[],48f271fe-0b6d-4eaa-b8f8-3245f92a31b6,"{""en"": {""value"": ""Pershing (URI: https://www.geonames.org/5707263)"", ""direction"": ""ltr""}}",[],[],[],f533f1ca-fc37-4f5c-905c-ca66d43b958b,"{""en"": {""value"": ""https://www.geonames.org/5707263"", ""direction"": ""ltr""}}",563b58e7-8ba9-4429-ae3c-1f362d4a1d4a,"{""type"": ""Point"", ""coordinates"": [-118.40444, 40.44036]}"
823498ae-6939-45c4-8afc-ff30e3a7e929,3dda9f54-d771-11ef-825b-0275dc2ded29,a3e9145b-ba55-4793-a0fa-189e0f404ca7,1,8c2aa976-1a59-47a5-a576-b8a994344be2,"{""en"": {""value"": ""Yavapai"", ""direction"": ""ltr""}}",[],[],dd46e0a2-da41-4518-ae9d-3ced2c70f6a4,"{""en"": {""value"": ""Yavapai (URI: https://www.geonames.org/5321860)"", ""direction"": ""ltr""}}",[],[],[],3efbf1fd-8303-47a8-a430-1a9433fb2354,"{""en"": {""value"": ""https://www.geonames.org/5321860"", ""direction"": ""ltr""}}",95e695f4-6c08-4962-867c-d720d4c531f5,"{""type"": ""Point"", ""coordinates"": [-112.55387, 34.59988]}"
738f45eb-7f10-4dd9-ad89-6a0e867c812b,3dda9f54-d771-11ef-825b-0275dc2ded29,a3e9145b-ba55-4793-a0fa-189e0f404ca7,1,4f3526d8-d7b6-4fa5-8018-b3550ac0f23a,"{""en"": {""value"": ""Sudan"", ""direction"": ""ltr""}}",[],[],5b26a8e6-c6a3-435e-a38c-8e15aed2e8bb,"{""en"": {""value"": ""Sudan (URI: https://www.geonames.org/366755)"", ""direction"": ""ltr""}}",[],[],[],b063a2b3-c941-44f3-b848-e1dd8377eeaa,"{""en"": {""value"": ""https://www.geonames.org/366755"", ""direction"": ""ltr""}}",36bfd5c7-1b59-4363-b6e9-b1ff41298ec4,"{""type"": ""Point"", ""coordinates"": [30.0, 16.0]}"
43bcdee0-ac34-4f21-a8f0-5c2f0a27e20c,3dda9f54-d771-11ef-825b-0275dc2ded29,a3e9145b-ba55-4793-a0fa-189e0f404ca7,1,a6f69d18-1114-41e0-8a08-8719e715b153,"{""en"": {""value"": ""Argentina"", ""direction"": ""ltr""}}",[],[],585ec3f9-8414-4f95-9e49-77e59d43abe7,"{""en"": {""value"": ""Argentina (URI: https://www.geonames.org/3865483)"", ""direction"": ""ltr""}}",[],[],[],5eff9eff-e320-4a84-9055-eae79134e516,"{""en"": {""value"": ""https://www.geonames.org/3865483"", ""direction"": ""ltr""}}",55151247-f7e4-4f13-b5ce-f9c6c0cb74e2,"{""type"": ""Point"", ""coordinates"": [-64.0, -34.0]}"
8e172e25-9c4b-4c6f-856c-044d35e16ea6,3dda9f54-d771-11ef-825b-0275dc2ded29,a3e9145b-ba55-4793-a0fa-189e0f404ca7,1,cb32be73-990e-431c-b735-41df9a72c31e,"{""en"": {""value"": ""La Libertad"", ""direction"": ""ltr""}}",[],[],514892f3-b95d-4f36-89f0-cefb67204d53,"{""en"": {""value"": ""La Libertad (URI: https://www.geonames.org/3695781)"", ""direction"": ""ltr""}}",[],[],[],9a1cc26c-d74a-44a6-8073-5c07606e53aa,"{""en"": {""value"": ""https://www.geonames.org/3695781"", ""direction"": ""ltr""}}",32547bc9-e759-4a0e-8c36-d4ba1aa3a9b3,"{""type"": ""Point"", ""coordinates"": [-78.5, -8.0]}"
ada12203-4737-4d5a-81ec-15f2c15c813c,3dda9f54-d771-11ef-825b-0275dc2ded29,a3e9145b-ba55-4793-a0fa-189e0f404ca7,1,d00e56b7-acfb-41e4-857a-38df4905329c,"{""en"": {""value"": ""Iran"", ""direction"": ""ltr""}}",[],[],234af3e2-9fed-4634-9712-bac0dae0dc87,"{""en"": {""value"": ""Iran (URI: https://www.geonames.org/130758)"", ""direction"": ""ltr""}}",[],[],[],391ccf93-bd95-4bb7-9c1d-67ab9b176f40,"{""en"": {""value"": ""https://www.geonames.org/130758"", ""direction"": ""ltr""}}",906f00e4-1ccc-4a49-a106-8d17e8a083a6,"{""type"": ""Point"", ""coordinates"": [53.0, 32.0]}"
2890164d-86cd-4cbf-a65c-847da6954d85,3dda9f54-d771-11ef-825b-0275dc2ded29,a3e9145b-ba55-4793-a0fa-189e0f404ca7,1,323ea937-eb73-4c91-827d-3629b5c5132a,"{""en"": {""value"": ""Lake"", ""direction"": ""ltr""}}",[],[],34cd6634-de03-450a-8595-bb4745eb816c,"{""en"": {""value"": ""Lake (URI: https://www.geonames.org/5427799)"", ""direction"": ""ltr""}}",[],[],[],2bdfdc91-89ff-431f-9b36-80a8302eae83,"{""en"": {""value"": ""https://www.geonames.org/5427799"", ""direction"": ""ltr""}}",36e20cb4-2431-4268-89ca-420a28a62719,"{""type"": ""Point"", ""coordinates"": [-106.34484, 39.20238]}"
6936825e-4f61-48ec-9aa2-a44a88791e3f,3dda9f54-d771-11ef-825b-0275dc2ded29,a3e9145b-ba55-4793-a0fa-189e0f404ca7,1,139295b4-7708-4988-ad97-a07e1a2d0876,"{""en"": {""value"": ""Verona"", ""direction"": ""ltr""}}",[],[],a1b6ffda-7fa9-4eda-808a-b510ed418064,"{""en"": {""value"": ""Verona (URI: https://www.geonames.org/8976723)"", ""direction"": ""ltr""}}",[],[],[],37b725d8-d80f-431c-9730-3b4c22ae98c0,"{""en"": {""value"": ""https://www.geonames.org/8976723"", ""direction"": ""ltr""}}",085dc700-e849-4422-b2bc-efdaf4580a5f,"{""type"": ""Point"", ""coordinates"": [12.68541, 45.76965]}"
72690734-ccbb-4299-ad99-93f6e690f7b5,3dda9f54-d771-11ef-825b-0275dc2ded29,a3e9145b-ba55-4793-a0fa-189e0f404ca7,1,5c65d5f1-fd4d-469a-be0a-cb82b583c50a,"{""en"": {""value"": ""Shaba Shaba Pan"", ""direction"": ""ltr""}}",[],[],68a39aba-ebd6-4223-b7b1-474fad2a140b,"{""en"": {""value"": ""Shaba Shaba Pan (URI: https://www.geonames.org/881403)"", ""direction"": ""ltr""}}",[],[],[],461e8a0a-ce54-4a4e-a259-f1e8a97a327b,"{""en"": {""value"": ""https://www.geonames.org/881403"", ""direction"": ""ltr""}}",b9d96600-8c8a-4c2f-b04c-d0393d983121,"{""type"": ""Point"", ""coordinates"": [26.16667, -19.31667]}"
5047b769-b035-4af9-aa51-942b3c17efd7,3dda9f54-d771-11ef-825b-0275dc2ded29,a3e9145b-ba55-4793-a0fa-189e0f404ca7,1,459d12e1-2d81-41aa-9ba8-9bd478000195,"{""en"": {""value"": ""Scotland"", ""direction"": ""ltr""}}",[],[],7592dc99-ef31-4a56-b4e7-348bc0bfa167,"{""en"": {""value"": ""Scotland (URI: https://www.geonames.org/2638360)"", ""direction"": ""ltr""}}",[],[],[],8cae0bf3-6b3e-4dd6-aae9-95773d031802,"{""en"": {""value"": ""https://www.geonames.org/2638360"", ""direction"": ""ltr""}}",e69a26b6-d13f-4673-ba44-3c0c4f1ea5cf,"{""type"": ""Point"", ""coordinates"": [-4.0, 56.0]}"
93580666-f7e0-4ead-b034-85fa07bda745,3dda9f54-d771-11ef-825b-0275dc2ded29,a3e9145b-ba55-4793-a0fa-189e0f404ca7,1,1f0ae3a5-427b-41c7-be58-65a416bcb04b,"{""en"": {""value"": ""Sakha"", ""direction"": ""ltr""}}",[],[],55f9da15-270b-4f81-b709-992ad5beaf84,"{""en"": {""value"": ""Sakha (URI: https://www.geonames.org/2013162)"", ""direction"": ""ltr""}}",[],[],[],7c7a5d6b-cadf-472c-90c7-fb1445fc9f2b,"{""en"": {""value"": ""https://www.geonames.org/2013162"", ""direction"": ""ltr""}}",aeb0adf7-2ce3-4678-a4f1-3420c6d76b0c,"{""type"": ""Point"", ""coordinates"": [130.0, 65.0]}"
3724c1fd-5e89-49a0-8517-c2e460c21c79,3dda9f54-d771-11ef-825b-0275dc2ded29,a3e9145b-ba55-4793-a0fa-189e0f404ca7,1,db6df838-9936-4f1b-a125-c5eddb3df450,"{""en"": {""value"": ""San Juan"", ""direction"": ""ltr""}}",[],[],230d500c-29f5-4e27-a470-e4093351b66e,"{""en"": {""value"": ""San Juan (URI: https://www.geonames.org/5437668)"", ""direction"": ""ltr""}}",[],[],[],b5b9a97d-6197-4384-9234-d4972c5ce42a,"{""en"": {""value"": ""https://www.geonames.org/5437668"", ""direction"": ""ltr""}}",3d12ed1b-867b-41ea-a489-2db886ee8157,"{""type"": ""Point"", ""coordinates"": [-107.67615, 37.76404]}"
8ec8410f-cc8d-4918-945e-613073ca2e42,3dda9f54-d771-11ef-825b-0275dc2ded29,a3e9145b-ba55-4793-a0fa-189e0f404ca7,1,23f72377-2ed8-4ea8-a753-21385fd8ba65,"{""en"": {""value"": ""Humboldt"", ""direction"": ""ltr""}}",[],[],4399bd9a-075a-4368-a5ce-9b9493983071,"{""en"": {""value"": ""Humboldt (URI: https://www.geonames.org/5704974)"", ""direction"": ""ltr""}}",[],[],[],5ccf74fb-5220-4d21-a507-8eaf20f0c1ac,"{""en"": {""value"": ""https://www.geonames.org/5704974"", ""direction"": ""ltr""}}",8a963290-95f5-4587-9502-a8b30a184dd4,"{""type"": ""Point"", ""coordinates"": [-118.11197, 41.40684]}"
4c97bb35-5fb5-4b6a-9ba3-7dfc2dc71667,3dda9f54-d771-11ef-825b-0275dc2ded29,a3e9145b-ba55-4793-a0fa-189e0f404ca7,1,401b7891-77db-42ad-9625-0482b16299e6,"{""en"": {""value"": ""Nelson Region"", ""direction"": ""ltr""}}",[],[],e310caff-26da-4ddf-96a2-e91dd663a537,"{""en"": {""value"": ""Nelson Region (URI: https://www.geonames.org/6612108)"", ""direction"": ""ltr""}}",[],[],[],3433ba58-7335-4c9c-a8cf-cd5c3b21e3e4,"{""en"": {""value"": ""https://www.geonames.org/6612108"", ""direction"": ""ltr""}}",c279d3bc-c907-4d41-80cd-63e3ce4e4e0f,"{""type"": ""Point"", ""coordinates"": [173.28401, -41.27089]}"
f6e0501b-8938-4d79-92b1-e699c71db831,3dda9f54-d771-11ef-825b-0275dc2ded29,a3e9145b-ba55-4793-a0fa-189e0f404ca7,1,a9062141-177b-4c0d-ac5f-97aa0f037ce6,"{""en"": {""value"": ""Tanzania"", ""direction"": ""ltr""}}",[],[],fc78496d-7064-4c46-92ee-ca277824c9a1,"{""en"": {""value"": ""Tanzania (URI: https://www.geonames.org/149590)"", ""direction"": ""ltr""}}",[],[],[],4ac8fcfa-f1ef-468f-b0ec-7357c0f742f1,"{""en"": {""value"": ""https://www.geonames.org/149590"", ""direction"": ""ltr""}}",58a93c91-15ef-4bc0-82b1-b3812b25a51e,"{""type"": ""Point"", ""coordinates"": [35.0, -6.0]}"
9d63d95c-bd28-4cce-b29a-16d8ec190155,3dda9f54-d771-11ef-825b-0275dc2ded29,a3e9145b-ba55-4793-a0fa-189e0f404ca7,1,80e922d3-3efc-4fd7-bfc6-c24f915bcb30,"{""en"": {""value"": ""Barcelona"", ""direction"": ""ltr""}}",[],[],49bca88f-221c-4423-9bde-ae4514d86bd1,"{""en"": {""value"": ""Barcelona (URI: https://www.geonames.org/3128760)"", ""direction"": ""ltr""}}",[],[],[],984d745c-a96f-4e12-8080-01ee18cb042a,"{""en"": {""value"": ""https://www.geonames.org/3128760"", ""direction"": ""ltr""}}",cd1c70fb-7fee-4bc9-8888-55cff1ae088f,"{""type"": ""Point"", ""coordinates"": [2.15899, 41.38879]}"
8affbade-3b7b-4440-bcb6-1da2006e8960,3dda9f54-d771-11ef-825b-0275dc2ded29,a3e9145b-ba55-4793-a0fa-189e0f404ca7,1,09095a9c-658c-4fbb-8e5d-52002f8c892b,"{""en"": {""value"": ""Bangladesh"", ""direction"": ""ltr""}}",[],[],f730cf54-b90b-4948-884a-9c2b49f735ff,"{""en"": {""value"": ""Bangladesh (URI: https://www.geonames.org/1210997)"", ""direction"": ""ltr""}}",[],[],[],c39b4b07-0a00-4205-87cb-865f42f6cf39,"{""en"": {""value"": ""https://www.geonames.org/1210997"", ""direction"": ""ltr""}}",1c500d9d-c327-4289-b452-54b4882bd1c0,"{""type"": ""Point"", ""coordinates"": [90.0, 24.0]}"
fcbcc827-8c8a-43c4-9cbe-566619236c21,3dda9f54-d771-11ef-825b-0275dc2ded29,a3e9145b-ba55-4793-a0fa-189e0f404ca7,1,831f5cb2-9835-471a-bc79-6a3063075d5e,"{""en"": {""value"": ""Lyon"", ""direction"": ""ltr""}}",[],[],1112b9e3-6cf3-4b9d-91a2-75ee9e6c6bbd,"{""en"": {""value"": ""Lyon (URI: https://www.geonames.org/5507669)"", ""direction"": ""ltr""}}",[],[],[],85239586-14d1-47b2-a213-7abcf0f54aa4,"{""en"": {""value"": ""https://www.geonames.org/5507669"", ""direction"": ""ltr""}}",56e80b63-2c66-433f-a636-f141ebb9121e,"{""type"": ""Point"", ""coordinates"": [-119.1892, 39.0204]}"
ac87ef3c-9578-4c26-97eb-5d4e31f65205,3dda9f54-d771-11ef-825b-0275dc2ded29,a3e9145b-ba55-4793-a0fa-189e0f404ca7,1,7dd50a1c-eee5-4d36-97cc-58df97de88b4,"{""en"": {""value"": ""Buenos Aires Chico"", ""direction"": ""ltr""}}",[],[],9253b3f8-1118-4f90-adbd-d196889dc920,"{""en"": {""value"": ""Buenos Aires Chico (URI: https://www.geonames.org/3863774)"", ""direction"": ""ltr""}}",[],[],[],f23f22eb-7924-4278-8670-8712b383c5d8,"{""en"": {""value"": ""https://www.geonames.org/3863774"", ""direction"": ""ltr""}}",418795b4-06d4-44ce-8fe8-238d8101f2fc,"{""type"": ""Point"", ""coordinates"": [-71.21481, -42.06697]}"
437bd1e4-c492-4148-a301-f29574a7c2e0,3dda9f54-d771-11ef-825b-0275dc2ded29,a3e9145b-ba55-4793-a0fa-189e0f404ca7,1,19f1548d-736f-48bd-85bf-51a5d8c536bd,"{""en"": {""value"": ""Seattle"", ""direction"": ""ltr""}}",[],[],64f28e29-73a9-43ac-ab24-1d76fcdad62d,"{""en"": {""value"": ""Seattle (URI: https://www.geonames.org/5809844)"", ""direction"": ""ltr""}}",[],[],[],c413db46-61ce-4e8e-a986-39b243bd97c4,"{""en"": {""value"": ""https://www.geonames.org/5809844"", ""direction"": ""ltr""}}",ccc02880-9eb8-4711-8ffb-f65759b98df1,"{""type"": ""Point"", ""coordinates"": [-122.33207, 47.60621]}"
526b1693-d30d-41ca-baa9-3e5599c0284c,3dda9f54-d771-11ef-825b-0275dc2ded29,a3e9145b-ba55-4793-a0fa-189e0f404ca7,1,9fb59788-99e3-45c4-a187-c57ccf95845e,"{""en"": {""value"": ""Campania"", ""direction"": ""ltr""}}",[],[],991057cd-8c18-45fb-877a-4a5fe907f574,"{""en"": {""value"": ""Campania (URI: https://www.geonames.org/3181042)"", ""direction"": ""ltr""}}",[],[],[],fd5a6f2a-a072-46a4-8d3a-cf02b5d83416,"{""en"": {""value"": ""https://www.geonames.org/3181042"", ""direction"": ""ltr""}}",b9d86efb-777d-4ced-9c70-7d336d520c0a,"{""type"": ""Point"", ""coordinates"": [14.92053, 40.91056]}"
de31a352-36c1-4a09-986e-88b5686d4282,3dda9f54-d771-11ef-825b-0275dc2ded29,a3e9145b-ba55-4793-a0fa-189e0f404ca7,1,c4d1c6cc-2868-4b27-9a6e-e9f4bcfdaf41,"{""en"": {""value"": ""Contra Costa"", ""direction"": ""ltr""}}",[],[],3a38d092-6d1b-4c30-9347-8da368592bc3,"{""en"": {""value"": ""Contra Costa (URI: https://www.geonames.org/5339268)"", ""direction"": ""ltr""}}",[],[],[],1e88f039-f4ca-4658-a445-3a37b980fe60,"{""en"": {""value"": ""https://www.geonames.org/5339268"", ""direction"": ""ltr""}}",8e26b847-6693-4460-8296-af400412c7c3,"{""type"": ""Point"", ""coordinates"": [-121.95121, 37.92342]}"
f52155e9-ff34-4913-a07e-07099724d98a,3dda9f54-d771-11ef-825b-0275dc2ded29,a3e9145b-ba55-4793-a0fa-189e0f404ca7,1,acb38d08-3950-48cc-b179-d754bdf797f4,"{""en"": {""value"": ""Nigeria"", ""direction"": ""ltr""}}",[],[],86d7d7a2-b327-4189-a112-5effdada4af6,"{""en"": {""value"": ""Nigeria (URI: https://www.geonames.org/2328926)"", ""direction"": ""ltr""}}",[],[],[],00e91357-5d9e-400f-8466-813d101f1f8c,"{""en"": {""value"": ""https://www.geonames.org/2328926"", ""direction"": ""ltr""}}",18fabcdb-cc95-41e2-8b1a-6dcaac35d056,"{""type"": ""Point"", ""coordinates"": [8.0, 10.0]}"
af2912a9-631e-49f5-8660-68ab5474cf4e,3dda9f54-d771-11ef-825b-0275dc2ded29,a3e9145b-ba55-4793-a0fa-189e0f404ca7,1,d3ff66f6-6d40-46cf-a45a-29dbc0e6412c,"{""en"": {""value"": ""Vietnam"", ""direction"": ""ltr""}}",[],[],38eef67b-9de6-4c4b-9640-fdb5851db9ac,"{""en"": {""value"": ""Vietnam (URI: https://www.geonames.org/1562822)"", ""direction"": ""ltr""}}",[],[],[],4157c192-e6ed-4d57-b827-1c188965816e,"{""en"": {""value"": ""https://www.geonames.org/1562822"", ""direction"": ""ltr""}}",05e0f504-b627-4f22-ba35-64dcfe370acb,"{""type"": ""Point"", ""coordinates"": [107.83333, 16.16667]}"
e7e367d0-eb97-473c-b83d-8f56194e8f2e,3dda9f54-d771-11ef-825b-0275dc2ded29,a3e9145b-ba55-4793-a0fa-189e0f404ca7,1,ef3019c2-a494-40ba-ae0f-09d36b897451,"{""en"": {""value"": ""Mineral"", ""direction"": ""ltr""}}",[],[],c8a353af-8d5a-459b-a0ba-e675cb820ec3,"{""en"": {""value"": ""Mineral (URI: https://www.geonames.org/5508393)"", ""direction"": ""ltr""}}",[],[],[],72c03178-643e-4768-9122-fc9c94eadad8,"{""en"": {""value"": ""https://www.geonames.org/5508393"", ""direction"": ""ltr""}}",bb8f6fce-b199-407b-a230-c84a93ef1ba8,"{""type"": ""Point"", ""coordinates"": [-118.43521, 38.53881]}"
48cf172e-6850-4531-a946-fbf8b5cb15dd,3dda9f54-d771-11ef-825b-0275dc2ded29,a3e9145b-ba55-4793-a0fa-189e0f404ca7,1,3ef639af-b9e8-4fcc-9723-f49e1a1973ba,"{""en"": {""value"": ""Sweden"", ""direction"": ""ltr""}}",[],[],261c8503-94a3-4c19-9c65-fe1ed642b4e9,"{""en"": {""value"": ""Sweden (URI: https://www.geonames.org/2661886)"", ""direction"": ""ltr""}}",[],[],[],ae3b5a52-d8aa-4846-b8d6-37a6980344c7,"{""en"": {""value"": ""https://www.geonames.org/2661886"", ""direction"": ""ltr""}}",db0bc79f-dd66-4542-b8dc-2af907898474,"{""type"": ""Point"", ""coordinates"": [15.0, 62.0]}"
4c04fb7e-51fb-431d-a1d2-85efdb7c336f,3dda9f54-d771-11ef-825b-0275dc2ded29,a3e9145b-ba55-4793-a0fa-189e0f404ca7,1,fe891968-0bef-46db-9f50-bab18f847ad1,"{""en"": {""value"": ""Manchester"", ""direction"": ""ltr""}}",[],[],a494ca96-c999-4b2d-a43f-816ac5de8fd7,"{""en"": {""value"": ""Manchester (URI: https://www.geonames.org/3333169)"", ""direction"": ""ltr""}}",[],[],[],974f9985-6383-4741-b968-eaed66bffe25,"{""en"": {""value"": ""https://www.geonames.org/3333169"", ""direction"": ""ltr""}}",ea39b6db-c3e1-473e-aa1c-2d906d0eadb7,"{""type"": ""Point"", ""coordinates"": [-2.25, 53.41667]}"
a437548e-7f2e-4111-abf4-44762fce9a35,3dda9f54-d771-11ef-825b-0275dc2ded29,a3e9145b-ba55-4793-a0fa-189e0f404ca7,1,d6b56e47-07a7-4faa-a712-0e8776070341,"{""en"": {""value"": ""Costa Rica"", ""direction"": ""ltr""}}",[],[],14ed2026-3609-40a3-ae3b-04daf3fe6ecd,"{""en"": {""value"": ""Costa Rica (URI: https://www.geonames.org/3624060)"", ""direction"": ""ltr""}}",[],[],[],16535752-3d7e-498a-9e3c-437dad5335d0,"{""en"": {""value"": ""https://www.geonames.org/3624060"", ""direction"": ""ltr""}}",396f3dcb-86b5-4da0-854b-6925f3d23430,"{""type"": ""Point"", ""coordinates"": [-84.0, 10.0]}"
7c1315e4-c86f-4ed7-ba8a-fb9a1377cd25,3dda9f54-d771-11ef-825b-0275dc2ded29,a3e9145b-ba55-4793-a0fa-189e0f404ca7,1,34f266eb-dfe4-4f21-9221-8bf6df09dd99,"{""en"": {""value"": ""Thailand"", ""direction"": ""ltr""}}",[],[],cb191c22-d12a-442c-9bc8-5c948edd4bce,"{""en"": {""value"": ""Thailand (URI: https://www.geonames.org/1605651)"", ""direction"": ""ltr""}}",[],[],[],fedbb563-86d8-4472-8480-4a64afe95888,"{""en"": {""value"": ""https://www.geonames.org/1605651"", ""direction"": ""ltr""}}",d4143236-a900-4d4a-bd0b-99d93dae704f,"{""type"": ""Point"", ""coordinates"": [101.0, 15.5]}"
6ab64ed3-6a1f-421a-a88c-d844395162a5,3dda9f54-d771-11ef-825b-0275dc2ded29,a3e9145b-ba55-4793-a0fa-189e0f404ca7,1,0aa8534b-550b-4cc3-a095-555203854b4e,"{""en"": {""value"": ""Colorado"", ""direction"": ""ltr""}}",[],[],5ee91ec7-3995-4f2c-9783-462f36697e4e,"{""en"": {""value"": ""Colorado (URI: https://www.geonames.org/5417618)"", ""direction"": ""ltr""}}",[],[],[],4201d15d-da84-44cf-93e5-a9f4bf7d979b,"{""en"": {""value"": ""https://www.geonames.org/5417618"", ""direction"": ""ltr""}}",bccd166d-d7b9-4104-9319-72095d35b920,"{""type"": ""Point"", ""coordinates"": [-105.50083, 39.00027]}"
51fc5679-c95a-4481-b151-94ce0cb8c326,3dda9f54-d771-11ef-825b-0275dc2ded29,a3e9145b-ba55-4793-a0fa-189e0f404ca7,1,068aacb9-363f-4a83-ab01-7a215a137fdd,"{""en"": {""value"": ""Mariposa"", ""direction"": ""ltr""}}",[],[],64d93ce1-e26e-4567-a88b-ce0370547915,"{""en"": {""value"": ""Mariposa (URI: https://www.geonames.org/5370594)"", ""direction"": ""ltr""}}",[],[],[],b40e6160-cf61-4987-8a74-da1ee56e85e5,"{""en"": {""value"": ""https://www.geonames.org/5370594"", ""direction"": ""ltr""}}",b9591555-48e6-41d6-a9f3-2be79e9a5f87,"{""type"": ""Point"", ""coordinates"": [-119.90552, 37.58152]}"
43dd44e7-13c0-4e1c-944e-35cd3e59b1df,3dda9f54-d771-11ef-825b-0275dc2ded29,a3e9145b-ba55-4793-a0fa-189e0f404ca7,1,90407ab5-1fcf-4d07-a078-060789332999,"{""en"": {""value"": ""Yukon"", ""direction"": ""ltr""}}",[],[],f0129f5a-65ed-4e25-b983-dcbd8a6468ff,"{""en"": {""value"": ""Yukon (URI: https://www.geonames.org/6185811)"", ""direction"": ""ltr""}}",[],[],[],2a44a728-4b15-49f0-8a2c-ae80689cfd6c,"{""en"": {""value"": ""https://www.geonames.org/6185811"", ""direction"": ""ltr""}}",9227a7ec-1f15-4fcf-83d9-de31f749b23a,"{""type"": ""Point"", ""coordinates"": [-135.00404, 62.99962]}"
700bce8d-d89e-4c0a-bbc9-393080efdc7b,3dda9f54-d771-11ef-825b-0275dc2ded29,a3e9145b-ba55-4793-a0fa-189e0f404ca7,1,e1a1098c-cd32-4174-b920-825c1e57d80b,"{""en"": {""value"": ""Suriname"", ""direction"": ""ltr""}}",[],[],e0101142-f01e-446f-8eb0-c2b0fb81b72d,"{""en"": {""value"": ""Suriname (URI: https://www.geonames.org/3382998)"", ""direction"": ""ltr""}}",[],[],[],9571d7e8-a236-4a8c-ac2e-77b4ad6c0f2d,"{""en"": {""value"": ""https://www.geonames.org/3382998"", ""direction"": ""ltr""}}",68aae991-7d5d-4593-bde9-273c56c9401e,"{""type"": ""Point"", ""coordinates"": [-56.0, 4.0]}"
1eba7fb4-37b9-492d-a926-18c0c29c713e,3dda9f54-d771-11ef-825b-0275dc2ded29,a3e9145b-ba55-4793-a0fa-189e0f404ca7,1,438fefcc-1bcb-4701-b1ba-2a00524eebf2,"{""en"": {""value"": ""Terlingua"", ""direction"": ""ltr""}}",[],[],a3072b60-ff29-428d-8f3b-10326e7b8925,"{""en"": {""value"": ""Terlingua (URI: https://www.geonames.org/5532172)"", ""direction"": ""ltr""}}",[],[],[],9e93d653-19ed-4992-ae99-cf27e62950b7,"{""en"": {""value"": ""https://www.geonames.org/5532172"", ""direction"": ""ltr""}}",d6901a23-5ff2-41a4-b671-87b7ba41d49e,"{""type"": ""Point"", ""coordinates"": [-103.61602, 29.32159]}"
bd304125-bd54-4930-8cf7-5a6572430e53,3dda9f54-d771-11ef-825b-0275dc2ded29,a3e9145b-ba55-4793-a0fa-189e0f404ca7,1,aef1c59a-75dc-4b1f-9339-877032e0033c,"{""en"": {""value"": ""Nugegoda"", ""direction"": ""ltr""}}",[],[],9e1b08c5-6de2-45c3-b15a-81faee414053,"{""en"": {""value"": ""Nugegoda (URI: https://www.geonames.org/1232807)"", ""direction"": ""ltr""}}",[],[],[],d77be811-62d9-4a21-a870-eeb8fc184dfa,"{""en"": {""value"": ""https://www.geonames.org/1232807"", ""direction"": ""ltr""}}",0e9f4934-29e4-462c-ac97-ef3c8bf7c60d,"{""type"": ""Point"", ""coordinates"": [79.8899, 6.8735]}"
98427097-423b-43e4-b824-616122748d6b,3dda9f54-d771-11ef-825b-0275dc2ded29,a3e9145b-ba55-4793-a0fa-189e0f404ca7,1,a48069dd-66cd-4191-9ca0-1cd0e87043f6,"{""en"": {""value"": ""Vosges"", ""direction"": ""ltr""}}",[],[],1e7c3ce1-52f5-4d41-8816-cf79e1f1021c,"{""en"": {""value"": ""Vosges (URI: https://www.geonames.org/2967681)"", ""direction"": ""ltr""}}",[],[],[],2d5817d8-ad20-4c29-9d0a-cf10fba3de93,"{""en"": {""value"": ""https://www.geonames.org/2967681"", ""direction"": ""ltr""}}",d9eeb0cb-179f-4b93-baf7-6008681698ab,"{""type"": ""Point"", ""coordinates"": [6.40533, 48.19161]}"
02887dd7-00ff-4eeb-bffb-2af23a40a84e,3dda9f54-d771-11ef-825b-0275dc2ded29,a3e9145b-ba55-4793-a0fa-189e0f404ca7,1,34d94c31-c25b-43cb-8619-ab7a1fe5537a,"{""en"": {""value"": ""Val-de-Marne"", ""direction"": ""ltr""}}",[],[],519dff21-e1b3-4300-bc3c-d64f12d3e5f2,"{""en"": {""value"": ""Val-de-Marne (URI: https://www.geonames.org/2971090)"", ""direction"": ""ltr""}}",[],[],[],16f91c8d-fae3-4355-b566-6239078c1df2,"{""en"": {""value"": ""https://www.geonames.org/2971090"", ""direction"": ""ltr""}}",8c1e4e0f-33f8-4ea8-8c31-3ac8bd8c3537,"{""type"": ""Point"", ""coordinates"": [2.49331, 48.78149]}"
6225e7fc-3205-451d-99c8-dbd617957acc,3dda9f54-d771-11ef-825b-0275dc2ded29,a3e9145b-ba55-4793-a0fa-189e0f404ca7,1,6c136594-ee37-4f83-9ffa-92f9426b527a,"{""en"": {""value"": ""Chile"", ""direction"": ""ltr""}}",[],[],5db4d27d-3c57-4589-a7df-9a729c41ae4c,"{""en"": {""value"": ""Chile (URI: https://www.geonames.org/3895114)"", ""direction"": ""ltr""}}",[],[],[],7ea39749-4f00-4ac0-9c69-fe26c882a05b,"{""en"": {""value"": ""https://www.geonames.org/3895114"", ""direction"": ""ltr""}}",b15a2a82-0bd8-4be5-aa2d-5bc376131177,"{""type"": ""Point"", ""coordinates"": [-71.0, -30.0]}"
dbf7c822-5c00-47fc-b2d1-f7f098b5ce04,3dda9f54-d771-11ef-825b-0275dc2ded29,a3e9145b-ba55-4793-a0fa-189e0f404ca7,1,5b300da6-2047-4518-833d-cf7cd44fed84,"{""en"": {""value"": ""Cerro Ancash"", ""direction"": ""ltr""}}",[],[],7b092cda-164b-4f33-9487-18552abbd21b,"{""en"": {""value"": ""Cerro Ancash (URI: https://www.geonames.org/3961376)"", ""direction"": ""ltr""}}",[],[],[],c6e1c3cd-81c4-434f-a0aa-3cb07427c6e1,"{""en"": {""value"": ""https://www.geonames.org/3961376"", ""direction"": ""ltr""}}",1e713f94-0890-47b2-93f8-212bd8fa2d27,"{""type"": ""Point"", ""coordinates"": [-75.68786, -12.67566]}"
1ebc2cc9-5833-45a2-9302-b4b5e2dab227,3dda9f54-d771-11ef-825b-0275dc2ded29,a3e9145b-ba55-4793-a0fa-189e0f404ca7,1,b9dd4513-9e2b-4fed-8c32-67460401b76f,"{""en"": {""value"": ""Rochester"", ""direction"": ""ltr""}}",[],[],6a8af92f-c662-4f65-9099-0d6ced8e5acb,"{""en"": {""value"": ""Rochester (URI: https://www.geonames.org/5134086)"", ""direction"": ""ltr""}}",[],[],[],584ed497-3335-4a13-8e5f-a6b9d73c426c,"{""en"": {""value"": ""https://www.geonames.org/5134086"", ""direction"": ""ltr""}}",a321666f-9660-41b0-83f1-acad7488a25a,"{""type"": ""Point"", ""coordinates"": [-77.61556, 43.15478]}"
10a6eea6-d9b9-4ea9-8d7a-5b86ebe84c8b,3dda9f54-d771-11ef-825b-0275dc2ded29,a3e9145b-ba55-4793-a0fa-189e0f404ca7,1,45886ae1-5d2b-4419-8035-7e489d76b634,"{""en"": {""value"": ""Rusk"", ""direction"": ""ltr""}}",[],[],389066d4-5fc8-4abd-8e3c-ef82d4fe315e,"{""en"": {""value"": ""Rusk (URI: https://www.geonames.org/5269777)"", ""direction"": ""ltr""}}",[],[],[],d3c1873c-907a-468b-b0d0-50b22af82808,"{""en"": {""value"": ""https://www.geonames.org/5269777"", ""direction"": ""ltr""}}",131467a5-4836-43d1-bd40-f66b98f70a29,"{""type"": ""Point"", ""coordinates"": [-91.13312, 45.47513]}"
cd5d64ea-d4d0-4746-b43e-69435892f2dc,3dda9f54-d771-11ef-825b-0275dc2ded29,a3e9145b-ba55-4793-a0fa-189e0f404ca7,1,123d3645-43b8-47bc-addf-f92865c7de47,"{""en"": {""value"": ""N Section 5 Prospects Mine"", ""direction"": ""ltr""}}",[],[],7d895b83-ff4c-4d58-bb77-b860c68db1df,"{""en"": {""value"": ""N Section 5 Prospects Mine (URI: https://www.geonames.org/5667944)"", ""direction"": ""ltr""}}",[],[],[],598f458b-6e50-412b-b68b-c9332e55ba8a,"{""en"": {""value"": ""https://www.geonames.org/5667944"", ""direction"": ""ltr""}}",191a2517-896b-4e2b-a0ab-e01ae3fd589d,"{""type"": ""Point"", ""coordinates"": [-111.76137, 46.74216]}"
7c052a3f-4c00-4f60-a8ac-0b92001c219a,3dda9f54-d771-11ef-825b-0275dc2ded29,a3e9145b-ba55-4793-a0fa-189e0f404ca7,1,7edce96a-85a6-46e9-86e6-9c70a92eb879,"{""en"": {""value"": ""Gardena"", ""direction"": ""ltr""}}",[],[],8811b3ec-0581-49ef-8db2-191c85e61ede,"{""en"": {""value"": ""Gardena (URI: https://www.geonames.org/5351549)"", ""direction"": ""ltr""}}",[],[],[],f0642657-bf83-493e-8a6d-35d8780b46c0,"{""en"": {""value"": ""https://www.geonames.org/5351549"", ""direction"": ""ltr""}}",713acf87-7477-4ca9-aa7a-6b8908af6b5d,"{""type"": ""Point"", ""coordinates"": [-118.30896, 33.88835]}"
9a92402e-7a5f-460d-aa4b-e70480f8f448,3dda9f54-d771-11ef-825b-0275dc2ded29,a3e9145b-ba55-4793-a0fa-189e0f404ca7,1,b6a96a7c-46ea-4c4c-b685-628e22335f43,"{""en"": {""value"": ""Guatemala"", ""direction"": ""ltr""}}",[],[],0f94dec4-a001-48d4-8d0e-321fbb5ff60e,"{""en"": {""value"": ""Guatemala (URI: https://www.geonames.org/3595528)"", ""direction"": ""ltr""}}",[],[],[],4c0f2cd5-5bde-40d1-8ef4-1ae13cb4ee25,"{""en"": {""value"": ""https://www.geonames.org/3595528"", ""direction"": ""ltr""}}",1428a390-c19f-430c-bc4f-14e88ffe30f2,"{""type"": ""Point"", ""coordinates"": [-90.25, 15.5]}"
f3625bb0-f5e6-4c51-ace3-022a5667a5d1,3dda9f54-d771-11ef-825b-0275dc2ded29,a3e9145b-ba55-4793-a0fa-189e0f404ca7,1,2c07dd80-159c-49bf-aa10-1a6ebe2f0260,"{""en"": {""value"": ""Gold Hill"", ""direction"": ""ltr""}}",[],[],45a936e3-0397-48e6-a726-b1f0eea02874,"{""en"": {""value"": ""Gold Hill (URI: https://www.geonames.org/5775203)"", ""direction"": ""ltr""}}",[],[],[],1701ccac-962d-44eb-839c-0228200ba59d,"{""en"": {""value"": ""https://www.geonames.org/5775203"", ""direction"": ""ltr""}}",328c55f8-58e9-4d26-a0f3-c161637f5eae,"{""type"": ""Point"", ""coordinates"": [-113.83055, 40.16633]}"
67291577-286a-4269-a544-b8496f9677c9,3dda9f54-d771-11ef-825b-0275dc2ded29,a3e9145b-ba55-4793-a0fa-189e0f404ca7,1,9156f571-ad6b-40b8-8eff-872894a8f4ad,"{""en"": {""value"": ""Ouray"", ""direction"": ""ltr""}}",[],[],e1efae37-73f4-4bd7-9a1e-155e164f5821,"{""en"": {""value"": ""Ouray (URI: https://www.geonames.org/5433676)"", ""direction"": ""ltr""}}",[],[],[],727fb7d1-518b-41c4-ae8b-a22a808dbec8,"{""en"": {""value"": ""https://www.geonames.org/5433676"", ""direction"": ""ltr""}}",408e3a3d-54c5-479e-a7e2-d34f1861425e,"{""type"": ""Point"", ""coordinates"": [-107.67145, 38.02277]}"
597ebb62-5353-4aa8-af2a-5b19563de8e4,3dda9f54-d771-11ef-825b-0275dc2ded29,a3e9145b-ba55-4793-a0fa-189e0f404ca7,1,41b63969-a485-4657-a4d3-5fd0876d1128,"{""en"": {""value"": ""Torrance"", ""direction"": ""ltr""}}",[],[],1df25358-cb60-4beb-bb44-5b57108e61ae,"{""en"": {""value"": ""Torrance (URI: https://www.geonames.org/5403022)"", ""direction"": ""ltr""}}",[],[],[],564cea64-9ec9-4a19-a41e-dfea308a16a2,"{""en"": {""value"": ""https://www.geonames.org/5403022"", ""direction"": ""ltr""}}",7efadd80-3b38-4f15-9c9e-34409ed3a05f,"{""type"": ""Point"", ""coordinates"": [-118.34063, 33.83585]}"
71d76b3d-1c01-45bc-86b9-aca96834fc46,3dda9f54-d771-11ef-825b-0275dc2ded29,a3e9145b-ba55-4793-a0fa-189e0f404ca7,1,b726cc14-d83b-4ece-84e1-af82307a720a,"{""en"": {""value"": ""Tulum"", ""direction"": ""ltr""}}",[],[],bb626a0f-c6bb-4d27-a037-0d461d9ba1f2,"{""en"": {""value"": ""Tulum (URI: https://www.geonames.org/12467706)"", ""direction"": ""ltr""}}",[],[],[],21f2e7ed-3753-48c1-9b5a-7f5c1d1602f5,"{""en"": {""value"": ""https://www.geonames.org/12467706"", ""direction"": ""ltr""}}",a4f9231f-6ea7-47b7-8725-77f446cb948d,"{""type"": ""Point"", ""coordinates"": [-89.38224, 21.0018]}"
90881e48-e6c4-4cf8-b65b-d7ebb47d71b3,3dda9f54-d771-11ef-825b-0275dc2ded29,a3e9145b-ba55-4793-a0fa-189e0f404ca7,1,70e6bf9b-1abe-4879-ab18-ffb7288be546,"{""en"": {""value"": ""Kazakhstan"", ""direction"": ""ltr""}}",[],[],7a07aa7e-29ed-48d4-b01b-1b205b9c9099,"{""en"": {""value"": ""Kazakhstan (URI: https://www.geonames.org/1522867)"", ""direction"": ""ltr""}}",[],[],[],d1013b29-8525-4bb7-af6c-957ff90c39e4,"{""en"": {""value"": ""https://www.geonames.org/1522867"", ""direction"": ""ltr""}}",bdc4bf7d-7538-4723-9b40-2dc1c7dcafbd,"{""type"": ""Point"", ""coordinates"": [68.0, 48.0]}"
610a67dd-08d3-43ec-baa9-841c2b6d6b4b,3dda9f54-d771-11ef-825b-0275dc2ded29,a3e9145b-ba55-4793-a0fa-189e0f404ca7,1,3faeb30e-15dd-44d9-89a5-f2ba1df5628f,"{""en"": {""value"": ""Cobija"", ""direction"": ""ltr""}}",[],[],7d37f677-0573-4954-afb7-301022333bf7,"{""en"": {""value"": ""Cobija (URI: https://www.geonames.org/3919998)"", ""direction"": ""ltr""}}",[],[],[],e69f45be-1038-4d28-a9c5-819a2ffb7e39,"{""en"": {""value"": ""https://www.geonames.org/3919998"", ""direction"": ""ltr""}}",59c34087-6d37-451b-bad0-8b0d73b35c96,"{""type"": ""Point"", ""coordinates"": [-68.76918, -11.02671]}"
4a47d17f-5cc6-4d37-9e70-82d031f00239,3dda9f54-d771-11ef-825b-0275dc2ded29,a3e9145b-ba55-4793-a0fa-189e0f404ca7,1,7b674d32-fd69-4c1f-a88c-d639f359e783,"{""en"": {""value"": ""Primorye"", ""direction"": ""ltr""}}",[],[],7fa0835d-57b3-4208-ae62-f4d0ecf5da92,"{""en"": {""value"": ""Primorye (URI: https://www.geonames.org/2017623)"", ""direction"": ""ltr""}}",[],[],[],d9704725-68d1-4691-a7f0-3edfca488cd3,"{""en"": {""value"": ""https://www.geonames.org/2017623"", ""direction"": ""ltr""}}",d6dca727-e2cc-47d5-b7e9-21fdd2a71d73,"{""type"": ""Point"", ""coordinates"": [135.0, 45.0]}"
245b2b1f-8e29-463a-829f-e27db937466f,3dda9f54-d771-11ef-825b-0275dc2ded29,a3e9145b-ba55-4793-a0fa-189e0f404ca7,1,3bac5b3f-960e-475e-80ea-eefd9e9c1ec2,"{""en"": {""value"": ""Belo Horizonte"", ""direction"": ""ltr""}}",[],[],36890c09-2182-43bc-b5d4-bbd084fc79d2,"{""en"": {""value"": ""Belo Horizonte (URI: https://www.geonames.org/3470127)"", ""direction"": ""ltr""}}",[],[],[],a8a3b5b3-f8f6-4a2f-856f-99f95e07020a,"{""en"": {""value"": ""https://www.geonames.org/3470127"", ""direction"": ""ltr""}}",a5f96123-cf9d-4475-8203-e7bd81c7820a,"{""type"": ""Point"", ""coordinates"": [-43.93778, -19.92083]}"
45662bb4-d29c-4488-8656-39e4e1d84452,3dda9f54-d771-11ef-825b-0275dc2ded29,a3e9145b-ba55-4793-a0fa-189e0f404ca7,1,6c45be86-4ddf-4a1b-ad68-34a53c95aa5c,"{""en"": {""value"": ""Western Australia"", ""direction"": ""ltr""}}",[],[],afe808ca-112d-41a1-8653-8eac681a06b6,"{""en"": {""value"": ""Western Australia (URI: https://www.geonames.org/2058645)"", ""direction"": ""ltr""}}",[],[],[],e391ea1c-a84b-4f10-b564-d1f1a4adda1b,"{""en"": {""value"": ""https://www.geonames.org/2058645"", ""direction"": ""ltr""}}",b63cc7c5-1d23-4f98-ae2a-7fa3b0f20270,"{""type"": ""Point"", ""coordinates"": [122.0, -25.0]}"
d459a15b-39f1-4301-a0ca-89602ff2f033,3dda9f54-d771-11ef-825b-0275dc2ded29,a3e9145b-ba55-4793-a0fa-189e0f404ca7,1,25d01db0-6508-4575-b5cb-8d67c78818fd,"{""en"": {""value"": ""Liège"", ""direction"": ""ltr""}}",[],[],7241a11d-f519-4a53-9ee9-3211f4e147af,"{""en"": {""value"": ""Liège (URI: https://www.geonames.org/2792413)"", ""direction"": ""ltr""}}",[],[],[],e376e0cd-adc1-48f1-847c-3a1976a60766,"{""en"": {""value"": ""https://www.geonames.org/2792413"", ""direction"": ""ltr""}}",2f2d0410-0f3b-4b53-8f30-f60afb2d39e2,"{""type"": ""Point"", ""coordinates"": [5.56749, 50.63373]}"
35ff1dea-e8a9-47e3-ab8e-b0fe31b0c400,3dda9f54-d771-11ef-825b-0275dc2ded29,a3e9145b-ba55-4793-a0fa-189e0f404ca7,1,556aa8d4-56f0-42a2-ab80-5edd9fd6b1fb,"{""en"": {""value"": ""Mount Italy"", ""direction"": ""ltr""}}",[],[],1392ef8e-79a7-44df-b053-bd91ca95a210,"{""en"": {""value"": ""Mount Italy (URI: https://www.geonames.org/8165591)"", ""direction"": ""ltr""}}",[],[],[],692225f6-9a11-4636-b917-26aec03ca785,"{""en"": {""value"": ""https://www.geonames.org/8165591"", ""direction"": ""ltr""}}",c7d568ca-6985-48f0-9d1a-0fc3821dae53,"{""type"": ""Point"", ""coordinates"": [149.5679, -35.8652]}"
4fb532e0-ffdd-408a-a22c-54c318eca485,3dda9f54-d771-11ef-825b-0275dc2ded29,a3e9145b-ba55-4793-a0fa-189e0f404ca7,1,4bb8aa18-dd0b-4d00-9490-20eba9c1ac9b,"{""en"": {""value"": ""Gilman"", ""direction"": ""ltr""}}",[],[],f219dbbf-b6b1-44c1-ad53-4975ad93b554,"{""en"": {""value"": ""Gilman (URI: https://www.geonames.org/5285318)"", ""direction"": ""ltr""}}",[],[],[],6f310924-ba72-4d82-ba8d-b6a1f6be6879,"{""en"": {""value"": ""https://www.geonames.org/5285318"", ""direction"": ""ltr""}}",f8877392-b0a8-4c1d-8fff-897dbc35455e,"{""type"": ""Point"", ""coordinates"": [-106.39392, 39.53276]}"
d98e009f-cd81-48d3-a0d0-7f84c6295dd8,3dda9f54-d771-11ef-825b-0275dc2ded29,a3e9145b-ba55-4793-a0fa-189e0f404ca7,1,29c09345-a57b-4a30-94fc-c072c9d7a20d,"{""en"": {""value"": ""Santa Cruz"", ""direction"": ""ltr""}}",[],[],dc4f1cc6-a681-4c6d-b436-75302a0b34d4,"{""en"": {""value"": ""Santa Cruz (URI: https://www.geonames.org/5393068)"", ""direction"": ""ltr""}}",[],[],[],2c346ad2-e3e3-4731-8105-03b1406faaaa,"{""en"": {""value"": ""https://www.geonames.org/5393068"", ""direction"": ""ltr""}}",c535b320-994a-4640-8f2f-afeba9c723d4,"{""type"": ""Point"", ""coordinates"": [-122.00979, 37.02161]}"
d770b4c5-ebad-48fa-98a4-40b69f1b8290,3dda9f54-d771-11ef-825b-0275dc2ded29,a3e9145b-ba55-4793-a0fa-189e0f404ca7,1,5d0f07ae-9b74-4cd9-aff5-6433a5604542,"{""en"": {""value"": ""Ivory Coast"", ""direction"": ""ltr""}}",[],[],16935196-4a34-4bc9-b246-25c0bf7fdbf3,"{""en"": {""value"": ""Ivory Coast (URI: https://www.geonames.org/2287781)"", ""direction"": ""ltr""}}",[],[],[],981c9836-b0a1-4a03-a8a1-2fe2ce4224c3,"{""en"": {""value"": ""https://www.geonames.org/2287781"", ""direction"": ""ltr""}}",b4677a1b-a16f-406d-9b8d-21e868f15dae,"{""type"": ""Point"", ""coordinates"": [-5.5, 8.0]}"
d69b1342-c7f8-4427-a2b7-1f2ae67bc2c9,3dda9f54-d771-11ef-825b-0275dc2ded29,a3e9145b-ba55-4793-a0fa-189e0f404ca7,1,c4f2cff2-b385-47b3-9819-1fb9b4a1ac90,"{""en"": {""value"": ""Romania"", ""direction"": ""ltr""}}",[],[],ade3e69d-8f4f-40dc-a4b8-fc0afc934254,"{""en"": {""value"": ""Romania (URI: https://www.geonames.org/798549)"", ""direction"": ""ltr""}}",[],[],[],67bb63e3-8327-4107-b3c9-c84818b7b3ce,"{""en"": {""value"": ""https://www.geonames.org/798549"", ""direction"": ""ltr""}}",d9c4b444-1a49-4aef-ad45-ad7a912a99fe,"{""type"": ""Point"", ""coordinates"": [25.0, 46.0]}"
6e382c2f-e576-46f8-9e2a-f580bb09b3b8,3dda9f54-d771-11ef-825b-0275dc2ded29,a3e9145b-ba55-4793-a0fa-189e0f404ca7,1,45bbade7-a834-40c2-8e00-72af1bd37e5a,"{""en"": {""value"": ""Ardennes"", ""direction"": ""ltr""}}",[],[],4f42647e-022c-4f05-ad19-041c42382f7c,"{""en"": {""value"": ""Ardennes (URI: https://www.geonames.org/3037136)"", ""direction"": ""ltr""}}",[],[],[],ed4996dd-5454-4f15-b795-686d8944cdbe,"{""en"": {""value"": ""https://www.geonames.org/3037136"", ""direction"": ""ltr""}}",d708b944-8578-45be-9d56-b93621966cf8,"{""type"": ""Point"", ""coordinates"": [4.65369, 49.63202]}"
6908130e-02db-4d33-96a3-3b5b4bc815cf,3dda9f54-d771-11ef-825b-0275dc2ded29,a3e9145b-ba55-4793-a0fa-189e0f404ca7,1,9f10fbbd-ac19-4b83-9279-76b879f882da,"{""en"": {""value"": ""Wayne"", ""direction"": ""ltr""}}",[],[],897fa449-45ec-4c95-904d-9cbf54278fe3,"{""en"": {""value"": ""Wayne (URI: https://www.geonames.org/5218270)"", ""direction"": ""ltr""}}",[],[],[],5a7c4380-42f6-4528-9c72-d3f434743cc1,"{""en"": {""value"": ""https://www.geonames.org/5218270"", ""direction"": ""ltr""}}",ede3a7c9-214a-4601-8b2f-4ed79ed7eec2,"{""type"": ""Point"", ""coordinates"": [-75.38769, 40.044]}"
c0fb93fb-9799-444c-a4c7-be9a6fa601b5,3dda9f54-d771-11ef-825b-0275dc2ded29,a3e9145b-ba55-4793-a0fa-189e0f404ca7,1,c39ca137-5499-49f3-adb0-9670e3b0d347,"{""en"": {""value"": ""Yuma"", ""direction"": ""ltr""}}",[],[],e765ea54-945d-43e4-9878-1063bb616a2a,"{""en"": {""value"": ""Yuma (URI: https://www.geonames.org/5322057)"", ""direction"": ""ltr""}}",[],[],[],5969db42-cf2a-48e8-a06c-97c8908bd92c,"{""en"": {""value"": ""https://www.geonames.org/5322057"", ""direction"": ""ltr""}}",08d4974f-372f-47c7-9582-1c49987c3d8d,"{""type"": ""Point"", ""coordinates"": [-113.90556, 32.7694]}"
faedeb5c-6089-4134-b3ba-59300d490980,3dda9f54-d771-11ef-825b-0275dc2ded29,a3e9145b-ba55-4793-a0fa-189e0f404ca7,1,dd1eba0b-e750-4f5c-adbf-26cbacbf218a,"{""en"": {""value"": ""Calaveras"", ""direction"": ""ltr""}}",[],[],4d9a7b9b-b26c-4179-bb9a-e1ceded3de45,"{""en"": {""value"": ""Calaveras (URI: https://www.geonames.org/5332628)"", ""direction"": ""ltr""}}",[],[],[],b71d2c54-fe40-41f6-8018-3b18ca75c26d,"{""en"": {""value"": ""https://www.geonames.org/5332628"", ""direction"": ""ltr""}}",38ac1bad-eabd-46f2-bb4a-942b5006984b,"{""type"": ""Point"", ""coordinates"": [-120.55413, 38.20461]}"
8d06ea67-a865-45f1-b799-b7628d18fc8c,3dda9f54-d771-11ef-825b-0275dc2ded29,a3e9145b-ba55-4793-a0fa-189e0f404ca7,1,da105918-4463-4964-86b8-c843e89294f7,"{""en"": {""value"": ""Silver Bow"", ""direction"": ""ltr""}}",[],[],70bc82bf-d205-4f6d-8588-279e7f4e8780,"{""en"": {""value"": ""Silver Bow (URI: https://www.geonames.org/5677822)"", ""direction"": ""ltr""}}",[],[],[],8a280145-0b2e-4015-8f13-5e488c4ff6eb,"{""en"": {""value"": ""https://www.geonames.org/5677822"", ""direction"": ""ltr""}}",f295eab6-026f-4e87-921c-81bb5a9524ce,"{""type"": ""Point"", ""coordinates"": [-112.65672, 45.90236]}"
fd2778a0-4537-4cba-9510-6c74124b7c82,3dda9f54-d771-11ef-825b-0275dc2ded29,a3e9145b-ba55-4793-a0fa-189e0f404ca7,1,246cd731-9db6-4c03-8dc9-95e611a0e3c6,"{""en"": {""value"": ""Svalbard"", ""direction"": ""ltr""}}",[],[],44b7af1a-774b-4318-9aad-5cdb4a0feffa,"{""en"": {""value"": ""Svalbard (URI: https://www.geonames.org/7521757)"", ""direction"": ""ltr""}}",[],[],[],01e0cfaa-f9f0-4f41-9e13-1efdb8410a55,"{""en"": {""value"": ""https://www.geonames.org/7521757"", ""direction"": ""ltr""}}",7d1faa56-e19f-4084-82d5-9af3fd1bb7a3,"{""type"": ""Point"", ""coordinates"": [15.86426, 78.15706]}"
3a90921a-b9a9-4f4b-b8cb-1f63df63370e,3dda9f54-d771-11ef-825b-0275dc2ded29,a3e9145b-ba55-4793-a0fa-189e0f404ca7,1,f41bb005-c17f-4d06-a0c7-e7fc92f652da,"{""en"": {""value"": ""Arkansas"", ""direction"": ""ltr""}}",[],[],391595f8-6558-47c5-a8a6-e687c6af3026,"{""en"": {""value"": ""Arkansas (URI: https://www.geonames.org/4099753)"", ""direction"": ""ltr""}}",[],[],[],c4a07eec-349f-474f-9b97-ceda46578f30,"{""en"": {""value"": ""https://www.geonames.org/4099753"", ""direction"": ""ltr""}}",bf73ddd1-ac0e-45f5-b264-9817a3b95290,"{""type"": ""Point"", ""coordinates"": [-92.50044, 34.75037]}"
ea15cd8d-10a2-4d19-bc21-30f8fe133a8e,3dda9f54-d771-11ef-825b-0275dc2ded29,a3e9145b-ba55-4793-a0fa-189e0f404ca7,1,7223d7ce-0bb8-45aa-8fe2-37827cb5e021,"{""en"": {""value"": ""Hawaii"", ""direction"": ""ltr""}}",[],[],88807448-4fe2-471b-934f-deb873e9c414,"{""en"": {""value"": ""Hawaii (URI: https://www.geonames.org/5855797)"", ""direction"": ""ltr""}}",[],[],[],66a4cb15-998d-4026-b1b4-15b591e95507,"{""en"": {""value"": ""https://www.geonames.org/5855797"", ""direction"": ""ltr""}}",ae84a857-b68b-486e-bf74-8823a195daa7,"{""type"": ""Point"", ""coordinates"": [-156.38612, 20.78785]}"
212729cc-85f0-4360-b774-2efbf499ea70,3dda9f54-d771-11ef-825b-0275dc2ded29,a3e9145b-ba55-4793-a0fa-189e0f404ca7,1,08b90a94-01bd-49b5-857f-27e167007265,"{""en"": {""value"": ""Taiz"", ""direction"": ""ltr""}}",[],[],3d852f4d-78a3-415e-82cd-01f49b3f86fe,"{""en"": {""value"": ""Taiz (URI: https://www.geonames.org/70225)"", ""direction"": ""ltr""}}",[],[],[],59b6c071-c8bd-4f8e-a503-fdfc71aa59bf,"{""en"": {""value"": ""https://www.geonames.org/70225"", ""direction"": ""ltr""}}",bc32ea13-9173-41a7-b842-85bc86aef813,"{""type"": ""Point"", ""coordinates"": [44.02091, 13.57952]}"
35cf9b32-8653-4dae-af2c-62041e7b1e89,3dda9f54-d771-11ef-825b-0275dc2ded29,a3e9145b-ba55-4793-a0fa-189e0f404ca7,1,71ecae58-bc08-401d-a338-2e6e0921624d,"{""en"": {""value"": ""Philadelphia"", ""direction"": ""ltr""}}",[],[],f9d97659-de56-4d2b-9aff-fead2800ccc9,"{""en"": {""value"": ""Philadelphia (URI: https://www.geonames.org/4560349)"", ""direction"": ""ltr""}}",[],[],[],1f281190-03a1-47d9-b7a1-a9d554b7c2b4,"{""en"": {""value"": ""https://www.geonames.org/4560349"", ""direction"": ""ltr""}}",b62c6212-16c2-4dba-9ebc-4190c6995676,"{""type"": ""Point"", ""coordinates"": [-75.16362, 39.95238]}"
20fd635b-c5e6-4ad9-9212-d1c3a6e9f424,3dda9f54-d771-11ef-825b-0275dc2ded29,a3e9145b-ba55-4793-a0fa-189e0f404ca7,1,03d8db1d-fc7d-45c8-8964-87562694010b,"{""en"": {""value"": ""Atacama"", ""direction"": ""ltr""}}",[],[],ff6c08e0-8a76-4f6e-b1dc-ae1efc3b3d12,"{""en"": {""value"": ""Atacama (URI: https://www.geonames.org/3899191)"", ""direction"": ""ltr""}}",[],[],[],c28533c6-e4c5-4503-9990-6282272f1547,"{""en"": {""value"": ""https://www.geonames.org/3899191"", ""direction"": ""ltr""}}",a2d4598e-ca38-4eab-9cfa-e23406043bf3,"{""type"": ""Point"", ""coordinates"": [-70.0, -27.5]}"
b1776524-9f4b-47f6-a96a-87ad0b8b51e8,3dda9f54-d771-11ef-825b-0275dc2ded29,a3e9145b-ba55-4793-a0fa-189e0f404ca7,1,791f19ac-066a-4d97-a65c-5177e39f685b,"{""en"": {""value"": ""South America"", ""direction"": ""ltr""}}",[],[],efb05ada-7bba-4a40-aee0-09a0b2e7c410,"{""en"": {""value"": ""South America (URI: https://www.geonames.org/6255150)"", ""direction"": ""ltr""}}",[],[],[],b539b64e-5ae3-4aff-9c0a-25b66683c27d,"{""en"": {""value"": ""https://www.geonames.org/6255150"", ""direction"": ""ltr""}}",92312b93-7600-4d77-a509-ddcb50a8c59b,"{""type"": ""Point"", ""coordinates"": [-57.65625, -14.60485]}"
63977cdf-7de8-4837-a2c3-3183f8589229,3dda9f54-d771-11ef-825b-0275dc2ded29,a3e9145b-ba55-4793-a0fa-189e0f404ca7,1,c71856d6-6f7a-410a-a8ce-b5891b27a4d9,"{""en"": {""value"": ""Lake"", ""direction"": ""ltr""}}",[],[],839844be-c0d7-4b66-a6cd-99c3377e69f8,"{""en"": {""value"": ""Lake (URI: https://www.geonames.org/5033738)"", ""direction"": ""ltr""}}",[],[],[],c8f1ccdb-9d38-49cf-bb5d-dc74af91a3a5,"{""en"": {""value"": ""https://www.geonames.org/5033738"", ""direction"": ""ltr""}}",45ba1a4e-419e-4372-ab09-abc6ae360c23,"{""type"": ""Point"", ""coordinates"": [-91.40885, 47.52317]}"
a02a0ce1-5397-49c1-96b3-d422e8aa6c51,3dda9f54-d771-11ef-825b-0275dc2ded29,a3e9145b-ba55-4793-a0fa-189e0f404ca7,1,a92d8d7a-ac4e-45e5-81a7-68366b9c6cf0,"{""en"": {""value"": ""Salon-de-Provence"", ""direction"": ""ltr""}}",[],[],4e234938-af75-4003-85d1-74fd06ab6f5b,"{""en"": {""value"": ""Salon-de-Provence (URI: https://www.geonames.org/2976341)"", ""direction"": ""ltr""}}",[],[],[],817ab0d7-f066-406b-8ba2-fb34ad29bdd3,"{""en"": {""value"": ""https://www.geonames.org/2976341"", ""direction"": ""ltr""}}",627626c5-04de-44e8-b0de-9b300ce18145,"{""type"": ""Point"", ""coordinates"": [5.09478, 43.64229]}"
fdb34111-a003-4a49-82ad-3a6bdd54fa5d,3dda9f54-d771-11ef-825b-0275dc2ded29,a3e9145b-ba55-4793-a0fa-189e0f404ca7,1,9f0fb472-65ab-4917-bf43-d790ce6f0c4f,"{""en"": {""value"": ""Maprik District"", ""direction"": ""ltr""}}",[],[],eabd5349-e58c-4f76-8311-70f2af9de84f,"{""en"": {""value"": ""Maprik District (URI: https://www.geonames.org/2091472)"", ""direction"": ""ltr""}}",[],[],[],41063298-6322-4a9e-9a4d-712cc86d75d1,"{""en"": {""value"": ""https://www.geonames.org/2091472"", ""direction"": ""ltr""}}",9412faf1-dfae-45e8-b88d-c0c58173ddd9,"{""type"": ""Point"", ""coordinates"": [143.0, -3.75]}"
6897bcc6-48d2-4c20-a6c1-d50b0cd85630,3dda9f54-d771-11ef-825b-0275dc2ded29,a3e9145b-ba55-4793-a0fa-189e0f404ca7,1,79e5a0b4-0a0c-4c77-af50-41c16c3df8d3,"{""en"": {""value"": ""Richmond"", ""direction"": ""ltr""}}",[],[],a8481f93-db1c-4e3a-90dd-2ac375e784f8,"{""en"": {""value"": ""Richmond (URI: https://www.geonames.org/5139559)"", ""direction"": ""ltr""}}",[],[],[],06d606cd-85a5-4977-8a48-021be43b7938,"{""en"": {""value"": ""https://www.geonames.org/5139559"", ""direction"": ""ltr""}}",978c7943-430e-4992-ad91-26dc64289584,"{""type"": ""Point"", ""coordinates"": [-74.14959, 40.58344]}"
5abf45fd-d8fa-4ec9-a71c-8866714b21b6,3dda9f54-d771-11ef-825b-0275dc2ded29,a3e9145b-ba55-4793-a0fa-189e0f404ca7,1,65323b44-f4e9-41dd-a836-4fa3cfb71b7a,"{""en"": {""value"": ""East Berlin"", ""direction"": ""ltr""}}",[],[],a553f1aa-0257-4727-8087-7979aa0fc801,"{""en"": {""value"": ""East Berlin (URI: https://www.geonames.org/4833225)"", ""direction"": ""ltr""}}",[],[],[],535cb693-6983-47d4-a49c-52f92f5d6f85,"{""en"": {""value"": ""https://www.geonames.org/4833225"", ""direction"": ""ltr""}}",93c980ab-6d0e-4c5b-ba10-fe5ea8ecfeaf,"{""type"": ""Point"", ""coordinates"": [-72.71371, 41.61843]}"
21f22767-fdaf-4a04-b221-a7308eb53297,3dda9f54-d771-11ef-825b-0275dc2ded29,a3e9145b-ba55-4793-a0fa-189e0f404ca7,1,b3450d34-4a04-4f68-a9ac-46c19b88bf1e,"{""en"": {""value"": ""Strafford"", ""direction"": ""ltr""}}",[],[],3aa399cc-bb6d-454d-b803-04d5587a2ff2,"{""en"": {""value"": ""Strafford (URI: https://www.geonames.org/5093237)"", ""direction"": ""ltr""}}",[],[],[],6b4d2d3e-5c99-434f-a80f-bb8ffb31d438,"{""en"": {""value"": ""https://www.geonames.org/5093237"", ""direction"": ""ltr""}}",3224e2fd-40e6-44a3-b8fc-aa2051d26f3e,"{""type"": ""Point"", ""coordinates"": [-71.0294, 43.29743]}"
64f55a38-a832-4772-a294-97c1fa75b250,3dda9f54-d771-11ef-825b-0275dc2ded29,a3e9145b-ba55-4793-a0fa-189e0f404ca7,1,cc362697-0733-4e28-a91f-f3003d1b9d47,"{""en"": {""value"": ""Eaton"", ""direction"": ""ltr""}}",[],[],56cdb099-ce55-4468-9ec2-9eeb26710f9a,"{""en"": {""value"": ""Eaton (URI: https://www.geonames.org/4991746)"", ""direction"": ""ltr""}}",[],[],[],8343b838-ad98-4872-ad8b-6f6ee330c6bb,"{""en"": {""value"": ""https://www.geonames.org/4991746"", ""direction"": ""ltr""}}",8ba49098-22d3-4bf0-b1fe-ce719aa36354,"{""type"": ""Point"", ""coordinates"": [-84.83831, 42.59607]}"
f4b6d051-51af-4d39-9e94-f41dee721298,3dda9f54-d771-11ef-825b-0275dc2ded29,a3e9145b-ba55-4793-a0fa-189e0f404ca7,1,ba6f41cb-3065-4871-88ab-99d2aed2c431,"{""en"": {""value"": ""Magnet Cove"", ""direction"": ""ltr""}}",[],[],26a338b8-4515-4f0c-87f4-7519b0e525ce,"{""en"": {""value"": ""Magnet Cove (URI: https://www.geonames.org/4120315)"", ""direction"": ""ltr""}}",[],[],[],5c1eaa09-5466-49c6-8db9-7b2e800adbc2,"{""en"": {""value"": ""https://www.geonames.org/4120315"", ""direction"": ""ltr""}}",571148a3-41f2-47f0-96fa-9b56cf80e98b,"{""type"": ""Point"", ""coordinates"": [-92.84461, 34.45426]}"
e7c48d7f-e170-4a60-a69c-501bcd84eefe,3dda9f54-d771-11ef-825b-0275dc2ded29,a3e9145b-ba55-4793-a0fa-189e0f404ca7,1,e35fa231-fc68-4ea2-a0b8-d1e3d4d12978,"{""en"": {""value"": ""M'Sila"", ""direction"": ""ltr""}}",[],[],b8703195-4f0e-44c6-8744-270d64b31f45,"{""en"": {""value"": ""M'Sila (URI: https://www.geonames.org/2486690)"", ""direction"": ""ltr""}}",[],[],[],85a1d963-09cb-46b9-a4c1-73401ba19d2b,"{""en"": {""value"": ""https://www.geonames.org/2486690"", ""direction"": ""ltr""}}",c09660ef-8a69-41de-b3da-89fa5f1bc143,"{""type"": ""Point"", ""coordinates"": [4.53722, 35.70889]}"
fec00225-f147-4d62-b0cc-3c6264c5a268,3dda9f54-d771-11ef-825b-0275dc2ded29,a3e9145b-ba55-4793-a0fa-189e0f404ca7,1,acdd8480-c73b-41f2-98bc-968320614a00,"{""en"": {""value"": ""Socorro"", ""direction"": ""ltr""}}",[],[],a9acc96e-ec8b-4c2a-9840-39d1a7896538,"{""en"": {""value"": ""Socorro (URI: https://www.geonames.org/5492031)"", ""direction"": ""ltr""}}",[],[],[],ebd17bee-706d-4d1c-9839-14262cf925e8,"{""en"": {""value"": ""https://www.geonames.org/5492031"", ""direction"": ""ltr""}}",35eabf2c-a6ba-432d-bd93-610ca3b66f8e,"{""type"": ""Point"", ""coordinates"": [-106.93033, 34.00724]}"
077d079d-efe7-4e26-b8a1-402eceefbba6,3dda9f54-d771-11ef-825b-0275dc2ded29,a3e9145b-ba55-4793-a0fa-189e0f404ca7,1,4a5bdb6b-5635-4360-b1b3-259e13614657,"{""en"": {""value"": ""Irkutsk Oblast"", ""direction"": ""ltr""}}",[],[],44011112-15c8-4eca-835a-d153c6469f89,"{""en"": {""value"": ""Irkutsk Oblast (URI: https://www.geonames.org/2023468)"", ""direction"": ""ltr""}}",[],[],[],08b41794-81f0-46db-8290-391028326003,"{""en"": {""value"": ""https://www.geonames.org/2023468"", ""direction"": ""ltr""}}",62afbed3-35b0-4eee-b165-0b959af6791a,"{""type"": ""Point"", ""coordinates"": [106.0, 56.0]}"
c74525b5-ba55-451f-b29b-e8cac2cb3b48,3dda9f54-d771-11ef-825b-0275dc2ded29,a3e9145b-ba55-4793-a0fa-189e0f404ca7,1,b29f6a0d-f673-47f6-af77-c6fe3072df3d,"{""en"": {""value"": ""Butte"", ""direction"": ""ltr""}}",[],[],a7e1647d-dcbf-4cae-ae8d-cb6c0cf1dbcb,"{""en"": {""value"": ""Butte (URI: https://www.geonames.org/5642934)"", ""direction"": ""ltr""}}",[],[],[],a48038e8-496c-474a-a825-2111c36b8508,"{""en"": {""value"": ""https://www.geonames.org/5642934"", ""direction"": ""ltr""}}",60e80695-5859-44d3-bdff-fb1106d5810f,"{""type"": ""Point"", ""coordinates"": [-112.53474, 46.00382]}"
2a7f0e3c-89d3-45ec-b084-9b78db21d25c,3dda9f54-d771-11ef-825b-0275dc2ded29,a3e9145b-ba55-4793-a0fa-189e0f404ca7,1,9022fd0f-3858-492e-9d7f-c50163b38c1c,"{""en"": {""value"": ""Mohawk"", ""direction"": ""ltr""}}",[],[],41f72422-3301-40e5-9727-f286ed3b23c8,"{""en"": {""value"": ""Mohawk (URI: https://www.geonames.org/5127233)"", ""direction"": ""ltr""}}",[],[],[],e42bfb1f-bf06-4abf-823e-46472cf5eb20,"{""en"": {""value"": ""https://www.geonames.org/5127233"", ""direction"": ""ltr""}}",9059f7fb-7c23-42f0-8d31-af04bab4f6f6,"{""type"": ""Point"", ""coordinates"": [-75.00404, 43.01146]}"
714ed7a2-60a3-4d62-9d7e-b82ac00868ce,3dda9f54-d771-11ef-825b-0275dc2ded29,a3e9145b-ba55-4793-a0fa-189e0f404ca7,1,76e90860-c9d6-4831-8059-5e2a42af39af,"{""en"": {""value"": ""Tien Shan"", ""direction"": ""ltr""}}",[],[],0e26fd02-a922-486b-8196-8ffd56baa632,"{""en"": {""value"": ""Tien Shan (URI: https://www.geonames.org/1489643)"", ""direction"": ""ltr""}}",[],[],[],5b09c140-9a8a-415c-8ed1-6d43a2f3194a,"{""en"": {""value"": ""https://www.geonames.org/1489643"", ""direction"": ""ltr""}}",8f027563-c71d-4747-a368-5167528b627b,"{""type"": ""Point"", ""coordinates"": [80.0, 42.0]}"
57e60399-fe7b-4c09-8d3e-8046866011b1,3dda9f54-d771-11ef-825b-0275dc2ded29,a3e9145b-ba55-4793-a0fa-189e0f404ca7,1,5dc165cc-5e75-4a4c-9876-8801c6164046,"{""en"": {""value"": ""Central America"", ""direction"": ""ltr""}}",[],[],848ad22f-4602-4c9d-8f67-74f02490e26a,"{""en"": {""value"": ""Central America (URI: https://www.geonames.org/7729892)"", ""direction"": ""ltr""}}",[],[],[],18a2a297-3297-4b31-a8f4-355cf18aa422,"{""en"": {""value"": ""https://www.geonames.org/7729892"", ""direction"": ""ltr""}}",0795c2ee-09a6-46dd-a9da-adfa54a1f908,"{""type"": ""Point"", ""coordinates"": [-99.66797, 25.32417]}"
f9e5d159-030c-4f45-b312-f62344c82593,3dda9f54-d771-11ef-825b-0275dc2ded29,a3e9145b-ba55-4793-a0fa-189e0f404ca7,1,aedc77f6-03ea-478b-8798-fe5fabb42735,"{""en"": {""value"": ""Misiones"", ""direction"": ""ltr""}}",[],[],84794f81-b7ef-4983-8c67-47b5d730a7f6,"{""en"": {""value"": ""Misiones (URI: https://www.geonames.org/3430657)"", ""direction"": ""ltr""}}",[],[],[],41009624-bc0b-4d78-9c5e-de6a7fb2cdb3,"{""en"": {""value"": ""https://www.geonames.org/3430657"", ""direction"": ""ltr""}}",3557ccef-ef8e-4969-a3b5-3e0ca67aee80,"{""type"": ""Point"", ""coordinates"": [-54.34387, -26.81427]}"
24e393d3-3b17-4e37-8390-17049f783115,3dda9f54-d771-11ef-825b-0275dc2ded29,a3e9145b-ba55-4793-a0fa-189e0f404ca7,1,90b2111b-823c-40c0-b72b-2f1cae247571,"{""en"": {""value"": ""Utah"", ""direction"": ""ltr""}}",[],[],13ac8870-65d7-4821-865f-1e6791e0db1f,"{""en"": {""value"": ""Utah (URI: https://www.geonames.org/5549030)"", ""direction"": ""ltr""}}",[],[],[],59df2837-028d-41c2-b92a-a8b54e7380e9,"{""en"": {""value"": ""https://www.geonames.org/5549030"", ""direction"": ""ltr""}}",572628cc-1f60-40bf-a053-5c539cc3b24e,"{""type"": ""Point"", ""coordinates"": [-111.75103, 39.25024]}"
31d98ad4-deac-4043-b8a4-b194ba42f9cc,3dda9f54-d771-11ef-825b-0275dc2ded29,a3e9145b-ba55-4793-a0fa-189e0f404ca7,1,eb2a00f6-755b-499f-9b70-a2b1f8e94f25,"{""en"": {""value"": ""Nye"", ""direction"": ""ltr""}}",[],[],24357602-9fd2-4328-9783-25b04022a37a,"{""en"": {""value"": ""Nye (URI: https://www.geonames.org/5509519)"", ""direction"": ""ltr""}}",[],[],[],6f95799e-f137-47e5-9b98-edf5c6a37c22,"{""en"": {""value"": ""https://www.geonames.org/5509519"", ""direction"": ""ltr""}}",19102e6b-80a0-46d6-b9fc-9728a90285c1,"{""type"": ""Point"", ""coordinates"": [-116.47193, 38.04238]}"
0f28927e-63eb-4ee0-a310-0b2012c9daef,3dda9f54-d771-11ef-825b-0275dc2ded29,a3e9145b-ba55-4793-a0fa-189e0f404ca7,1,abd87408-1420-4008-9f3c-fbe9498a6d20,"{""en"": {""value"": ""Paraguay"", ""direction"": ""ltr""}}",[],[],87e5ebe7-5d42-4b25-bafd-8c63c8439a57,"{""en"": {""value"": ""Paraguay (URI: https://www.geonames.org/3437598)"", ""direction"": ""ltr""}}",[],[],[],59e4dead-3ace-43a1-b605-4d3077e76c63,"{""en"": {""value"": ""https://www.geonames.org/3437598"", ""direction"": ""ltr""}}",bcd80b6e-355f-44ad-8613-1bb412f467ba,"{""type"": ""Point"", ""coordinates"": [-58.0, -23.33333]}"
9f0785d0-7036-4518-86e9-88045e74b0b5,3dda9f54-d771-11ef-825b-0275dc2ded29,a3e9145b-ba55-4793-a0fa-189e0f404ca7,1,ff9f27bc-9c32-41fb-82e6-32ed4d08f6ed,"{""en"": {""value"": ""North Carolina"", ""direction"": ""ltr""}}",[],[],44bbeb71-762c-44e6-8a57-8e11002c7efa,"{""en"": {""value"": ""North Carolina (URI: https://www.geonames.org/4482348)"", ""direction"": ""ltr""}}",[],[],[],c18c573b-7837-476b-9dc2-f26c38328219,"{""en"": {""value"": ""https://www.geonames.org/4482348"", ""direction"": ""ltr""}}",8700a0db-bdc7-4a74-bee5-6b0851d94d48,"{""type"": ""Point"", ""coordinates"": [-80.00032, 35.50069]}"
1d963da5-272d-41fc-a579-d11bc5474df4,3dda9f54-d771-11ef-825b-0275dc2ded29,a3e9145b-ba55-4793-a0fa-189e0f404ca7,1,831cc322-340e-42a5-8d85-d661d5e4d971,"{""en"": {""value"": ""Norway"", ""direction"": ""ltr""}}",[],[],23701490-2cc0-49c2-90ae-121c39a9e29a,"{""en"": {""value"": ""Norway (URI: https://www.geonames.org/3144096)"", ""direction"": ""ltr""}}",[],[],[],484a97c4-adca-4edb-9763-70e7b85fe89e,"{""en"": {""value"": ""https://www.geonames.org/3144096"", ""direction"": ""ltr""}}",e0396d92-f042-4951-8251-0e452f737f95,"{""type"": ""Point"", ""coordinates"": [10.0, 62.0]}"
356fc206-d9de-4ea6-ad07-dc81fd4a32cc,3dda9f54-d771-11ef-825b-0275dc2ded29,a3e9145b-ba55-4793-a0fa-189e0f404ca7,1,6b418130-4a7f-40fa-b066-0c65fe0f009f,"{""en"": {""value"": ""Ward Hill"", ""direction"": ""ltr""}}",[],[],b0e8cddb-cbd1-48d9-bda0-695867ce987b,"{""en"": {""value"": ""Ward Hill (URI: https://www.geonames.org/4954448)"", ""direction"": ""ltr""}}",[],[],[],ce23ddf6-beb4-4457-b319-36ec36736076,"{""en"": {""value"": ""https://www.geonames.org/4954448"", ""direction"": ""ltr""}}",813c06f8-0365-416d-b105-c1e4f425ab48,"{""type"": ""Point"", ""coordinates"": [-71.10367, 42.75676]}"
764768ac-01b8-4828-86d2-1cb9f282ba29,3dda9f54-d771-11ef-825b-0275dc2ded29,a3e9145b-ba55-4793-a0fa-189e0f404ca7,1,e4045242-f5b8-4b30-aab6-e5ca9fa4782e,"{""en"": {""value"": ""Kūh-e Chak Gūrmez"", ""direction"": ""ltr""}}",[],[],5299335d-3ce1-4d23-9019-bcf6b0fda316,"{""en"": {""value"": ""Kūh-e Chak Gūrmez (URI: https://www.geonames.org/10349596)"", ""direction"": ""ltr""}}",[],[],[],ea326e3d-6f56-4437-ab12-cd2432491f35,"{""en"": {""value"": ""https://www.geonames.org/10349596"", ""direction"": ""ltr""}}",60e50cb1-9951-4905-a443-64c4999ddca5,"{""type"": ""Point"", ""coordinates"": [47.64929, 38.06922]}"
61db364b-6a33-444d-9d55-a5cb467512de,3dda9f54-d771-11ef-825b-0275dc2ded29,a3e9145b-ba55-4793-a0fa-189e0f404ca7,1,34eab6a0-57d0-4bd2-802c-2e7996ad31ba,"{""en"": {""value"": ""Asia"", ""direction"": ""ltr""}}",[],[],b325514c-5539-4611-bf98-5b03bd09938c,"{""en"": {""value"": ""Asia (URI: https://www.geonames.org/6255147)"", ""direction"": ""ltr""}}",[],[],[],e6842cd1-c448-4638-b9bc-da82d6546085,"{""en"": {""value"": ""https://www.geonames.org/6255147"", ""direction"": ""ltr""}}",13b1332b-5d39-463f-b14b-396d582f2da4,"{""type"": ""Point"", ""coordinates"": [89.29688, 29.84064]}"
bd0c500e-eaba-4c46-875a-4e5234eff867,3dda9f54-d771-11ef-825b-0275dc2ded29,a3e9145b-ba55-4793-a0fa-189e0f404ca7,1,435f7e0f-f708-4dc8-9c02-0622ca04744c,"{""en"": {""value"": ""Socorro"", ""direction"": ""ltr""}}",[],[],da1c26a3-492d-419e-b518-0568b1cb0b00,"{""en"": {""value"": ""Socorro (URI: https://www.geonames.org/5491999)"", ""direction"": ""ltr""}}",[],[],[],0c4906e8-93d7-4f51-bd59-4346f2bbfb46,"{""en"": {""value"": ""https://www.geonames.org/5491999"", ""direction"": ""ltr""}}",9817a4e2-6b87-489d-8559-c02156b50cf9,"{""type"": ""Point"", ""coordinates"": [-106.89142, 34.0584]}"
88a0e077-606d-4702-8669-b6a624c512ac,3dda9f54-d771-11ef-825b-0275dc2ded29,a3e9145b-ba55-4793-a0fa-189e0f404ca7,1,a16fbd1f-89cb-4556-bf73-781c6017cf4b,"{""en"": {""value"": ""Grafton"", ""direction"": ""ltr""}}",[],[],561786d6-ee3b-49d9-8d0f-040fc93dae69,"{""en"": {""value"": ""Grafton (URI: https://www.geonames.org/5086767)"", ""direction"": ""ltr""}}",[],[],[],976d7d5c-5e9d-4f3e-ac4a-3a91968b5903,"{""en"": {""value"": ""https://www.geonames.org/5086767"", ""direction"": ""ltr""}}",27a758b6-7b39-44a1-ab79-c1a0472ee6a9,"{""type"": ""Point"", ""coordinates"": [-71.82055, 43.94074]}"
fe8cf156-aa00-4380-9868-12ed4ee727be,3dda9f54-d771-11ef-825b-0275dc2ded29,a3e9145b-ba55-4793-a0fa-189e0f404ca7,1,e121e958-15d7-4195-acde-98e3828b8801,"{""en"": {""value"": ""Zacatecas"", ""direction"": ""ltr""}}",[],[],e2e2ef1e-2b92-4568-ab5a-f851629450d7,"{""en"": {""value"": ""Zacatecas (URI: https://www.geonames.org/3979840)"", ""direction"": ""ltr""}}",[],[],[],097a00a3-fdef-40f4-9c1a-bf61ccac25a0,"{""en"": {""value"": ""https://www.geonames.org/3979840"", ""direction"": ""ltr""}}",cb4a3b0b-1663-4e77-851e-5a18195862fc,"{""type"": ""Point"", ""coordinates"": [-103.0, 23.25]}"
f20ec9a9-28aa-4b71-8319-025d224d2f46,3dda9f54-d771-11ef-825b-0275dc2ded29,a3e9145b-ba55-4793-a0fa-189e0f404ca7,1,99933bdc-a2e4-4d62-92b3-99eba492373c,"{""en"": {""value"": ""Chicago"", ""direction"": ""ltr""}}",[],[],e836540d-f810-4ced-8660-e14167519a0e,"{""en"": {""value"": ""Chicago (URI: https://www.geonames.org/4887398)"", ""direction"": ""ltr""}}",[],[],[],d68a986c-8e46-45fa-8b32-b8a9805c584f,"{""en"": {""value"": ""https://www.geonames.org/4887398"", ""direction"": ""ltr""}}",f96c97c6-90cb-4ec6-bb3b-4e9df11c9518,"{""type"": ""Point"", ""coordinates"": [-87.65005, 41.85003]}"
e56a2f33-d683-4008-8e03-56900b3ed9d9,3dda9f54-d771-11ef-825b-0275dc2ded29,a3e9145b-ba55-4793-a0fa-189e0f404ca7,1,b23f0e96-8221-4956-b30d-e8d282118c89,"{""en"": {""value"": ""Grass Valley"", ""direction"": ""ltr""}}",[],[],47f8b1bb-bfe9-429c-a7c6-f7585198801c,"{""en"": {""value"": ""Grass Valley (URI: https://www.geonames.org/5353775)"", ""direction"": ""ltr""}}",[],[],[],ea01a407-3545-4574-97cb-aed2e8687834,"{""en"": {""value"": ""https://www.geonames.org/5353775"", ""direction"": ""ltr""}}",03822b95-727d-4e4f-88d9-c38004f036a8,"{""type"": ""Point"", ""coordinates"": [-121.06106, 39.21906]}"
cb7f4394-711a-4d23-877d-2e056d6a8066,3dda9f54-d771-11ef-825b-0275dc2ded29,a3e9145b-ba55-4793-a0fa-189e0f404ca7,1,a95b7135-27f0-4e74-8b68-b387cc88575d,"{""en"": {""value"": ""Chihuahua City"", ""direction"": ""ltr""}}",[],[],523f0f82-d32a-457f-9bc5-a3c573863e22,"{""en"": {""value"": ""Chihuahua City (URI: https://www.geonames.org/4014338)"", ""direction"": ""ltr""}}",[],[],[],0943d663-5d7b-437e-86b8-cb1b184c49ba,"{""en"": {""value"": ""https://www.geonames.org/4014338"", ""direction"": ""ltr""}}",8053d8cd-6c9d-487a-81a6-5850545bf24d,"{""type"": ""Point"", ""coordinates"": [-106.08889, 28.63528]}"
79a401b5-a23a-49be-936e-4c834cf69762,3dda9f54-d771-11ef-825b-0275dc2ded29,a3e9145b-ba55-4793-a0fa-189e0f404ca7,1,175933fe-b0f0-4664-9c24-57fd7ad6fd47,"{""en"": {""value"": ""Uganda"", ""direction"": ""ltr""}}",[],[],6a3fabf0-b998-4c95-8031-af3a2db0b4eb,"{""en"": {""value"": ""Uganda (URI: https://www.geonames.org/226074)"", ""direction"": ""ltr""}}",[],[],[],09013712-cd15-4fb3-ba08-8823201b5598,"{""en"": {""value"": ""https://www.geonames.org/226074"", ""direction"": ""ltr""}}",14ba46cd-ba9e-4140-a5e0-36619a2d4951,"{""type"": ""Point"", ""coordinates"": [32.5, 1.25]}"
5d7c1fbd-bf0f-438a-8c67-2fb4ff7981db,3dda9f54-d771-11ef-825b-0275dc2ded29,a3e9145b-ba55-4793-a0fa-189e0f404ca7,1,4cb3bec8-9f76-4441-9c0f-167461736063,"{""en"": {""value"": ""Wales"", ""direction"": ""ltr""}}",[],[],f115ecb0-1df2-4052-bea6-3641ff7917bf,"{""en"": {""value"": ""Wales (URI: https://www.geonames.org/2634895)"", ""direction"": ""ltr""}}",[],[],[],fff74935-f3a7-48a0-a3cc-24a98d42eef0,"{""en"": {""value"": ""https://www.geonames.org/2634895"", ""direction"": ""ltr""}}",7ba8a03d-c140-4d2e-980b-95868b3aee2d,"{""type"": ""Point"", ""coordinates"": [-3.5, 52.5]}"
6d3bfc78-fe2e-4046-9439-28354cd53c60,3dda9f54-d771-11ef-825b-0275dc2ded29,a3e9145b-ba55-4793-a0fa-189e0f404ca7,1,1fb1ba3b-f011-47e8-9bab-844447ad89ef,"{""en"": {""value"": ""Pennsylvania"", ""direction"": ""ltr""}}",[],[],f4658fec-536e-4e5b-bfc0-6182d0004b1f,"{""en"": {""value"": ""Pennsylvania (URI: https://www.geonames.org/6254927)"", ""direction"": ""ltr""}}",[],[],[],b2c436da-7b18-45ed-af18-bc04eb9d1832,"{""en"": {""value"": ""https://www.geonames.org/6254927"", ""direction"": ""ltr""}}",eac97c62-f1df-4f61-a0b4-2d4fbc6abf1d,"{""type"": ""Point"", ""coordinates"": [-77.7, 40.8]}"
8b9f944d-a95e-408e-acf1-f8bb4dfeafa2,3dda9f54-d771-11ef-825b-0275dc2ded29,a3e9145b-ba55-4793-a0fa-189e0f404ca7,1,127a9bab-8515-4318-9462-27c94471611b,"{""en"": {""value"": ""Soqatra"", ""direction"": ""ltr""}}",[],[],129aa932-69f7-4c31-943d-7d3208affb71,"{""en"": {""value"": ""Soqatra (URI: https://www.geonames.org/9645387)"", ""direction"": ""ltr""}}",[],[],[],0efc183c-f9ae-4d89-b08a-01772b753eea,"{""en"": {""value"": ""https://www.geonames.org/9645387"", ""direction"": ""ltr""}}",ab8e7397-6b13-4ce4-8c6b-6fbc9a84f9a4,"{""type"": ""Point"", ""coordinates"": [53.82065, 12.50228]}"
d695d6ed-8050-46c3-aa22-1341c5d7642b,3dda9f54-d771-11ef-825b-0275dc2ded29,a3e9145b-ba55-4793-a0fa-189e0f404ca7,1,ef6a67e1-dfe8-463c-b4a7-552eb065b5c0,"{""en"": {""value"": ""Westland District"", ""direction"": ""ltr""}}",[],[],c553b26f-4c78-42d5-b488-af22296bc0cc,"{""en"": {""value"": ""Westland District (URI: https://www.geonames.org/2179466)"", ""direction"": ""ltr""}}",[],[],[],88094526-3560-43ba-bb62-cd8e4065a937,"{""en"": {""value"": ""https://www.geonames.org/2179466"", ""direction"": ""ltr""}}",c1a55b37-0b0d-4df8-bc87-51bf3dcf585f,"{""type"": ""Point"", ""coordinates"": [170.0, -43.5]}"
dda1d429-0a3a-47da-a112-5d8f5410f6b6,3dda9f54-d771-11ef-825b-0275dc2ded29,a3e9145b-ba55-4793-a0fa-189e0f404ca7,1,88073a53-4449-4d8d-9c45-8a174eeff28c,"{""en"": {""value"": ""Otavi"", ""direction"": ""ltr""}}",[],[],c7f64511-6585-41af-96bc-2ecbd0919c18,"{""en"": {""value"": ""Otavi (URI: https://www.geonames.org/11428998)"", ""direction"": ""ltr""}}",[],[],[],2f36a067-705d-484d-93da-7ad808911246,"{""en"": {""value"": ""https://www.geonames.org/11428998"", ""direction"": ""ltr""}}",fdb22212-8079-4ac7-8392-df149d03e16b,"{""type"": ""Point"", ""coordinates"": [17.33138, -19.63812]}"
0a8072bf-4971-4a6c-83de-52d3f3bb29f3,3dda9f54-d771-11ef-825b-0275dc2ded29,a3e9145b-ba55-4793-a0fa-189e0f404ca7,1,5ba68eee-cf67-497c-952c-9775e9b7cf61,"{""en"": {""value"": ""Clark"", ""direction"": ""ltr""}}",[],[],a3103836-1e21-489d-9719-a46b10ccea46,"{""en"": {""value"": ""Clark (URI: https://www.geonames.org/5501879)"", ""direction"": ""ltr""}}",[],[],[],a420b27c-4721-407c-ad69-f8749cb6ee0c,"{""en"": {""value"": ""https://www.geonames.org/5501879"", ""direction"": ""ltr""}}",4533a337-b370-4a27-9664-57a12b6ef23c,"{""type"": ""Point"", ""coordinates"": [-115.01356, 36.2152]}"
694557bf-0eb4-4c33-8e5e-48d999a960b8,3dda9f54-d771-11ef-825b-0275dc2ded29,a3e9145b-ba55-4793-a0fa-189e0f404ca7,1,c381f978-cda6-4f1f-a79c-4eace4be1a72,"{""en"": {""value"": ""Lake"", ""direction"": ""ltr""}}",[],[],d087f8df-f85c-41d3-8f22-158a47412c65,"{""en"": {""value"": ""Lake (URI: https://www.geonames.org/5364466)"", ""direction"": ""ltr""}}",[],[],[],b90c0d5c-65c4-4763-b30f-9ff72efe2b77,"{""en"": {""value"": ""https://www.geonames.org/5364466"", ""direction"": ""ltr""}}",34dbb8bf-ca34-4afa-b5a6-4413ccba315e,"{""type"": ""Point"", ""coordinates"": [-122.75318, 39.09965]}"
ca0c4c9f-7396-43a3-93cb-1c1074fe6e52,3dda9f54-d771-11ef-825b-0275dc2ded29,a3e9145b-ba55-4793-a0fa-189e0f404ca7,1,51847178-7fd8-4733-a6cf-88adbbfd0f0a,"{""en"": {""value"": ""N R A Prospect"", ""direction"": ""ltr""}}",[],[],88f8ec8c-b628-4913-96b3-4829701ac226,"{""en"": {""value"": ""N R A Prospect (URI: https://www.geonames.org/5376055)"", ""direction"": ""ltr""}}",[],[],[],17b34c40-eea9-4d49-b4b4-7f880ec47fa8,"{""en"": {""value"": ""https://www.geonames.org/5376055"", ""direction"": ""ltr""}}",d71468c9-74c3-4514-ba08-2dd4385a58bd,"{""type"": ""Point"", ""coordinates"": [-118.12843, 36.86882]}"
88385592-8a3a-433d-ab91-0c48bd1ab88c,3dda9f54-d771-11ef-825b-0275dc2ded29,a3e9145b-ba55-4793-a0fa-189e0f404ca7,1,74dbf296-b5d9-4030-adc9-9124f31996b5,"{""en"": {""value"": ""N O Bar Mesa"", ""direction"": ""ltr""}}",[],[],6375c3c1-578c-4e18-a1d0-8a46261afef3,"{""en"": {""value"": ""N O Bar Mesa (URI: https://www.geonames.org/5306092)"", ""direction"": ""ltr""}}",[],[],[],ffda62de-b5a8-4e0b-a5dd-20b1fb531334,"{""en"": {""value"": ""https://www.geonames.org/5306092"", ""direction"": ""ltr""}}",a6e5f73c-06c6-4453-999d-7ce187e4dc93,"{""type"": ""Point"", ""coordinates"": [-109.37063, 33.27756]}"
234be047-d5a4-462f-8b1d-e6eaa2a5e5b6,3dda9f54-d771-11ef-825b-0275dc2ded29,a3e9145b-ba55-4793-a0fa-189e0f404ca7,1,93d317b5-ab8b-4171-a3c4-7afdbb993516,"{""en"": {""value"": ""French Guiana"", ""direction"": ""ltr""}}",[],[],116c4bc7-925c-4cde-a3a3-267bca087298,"{""en"": {""value"": ""French Guiana (URI: https://www.geonames.org/3381670)"", ""direction"": ""ltr""}}",[],[],[],63bce074-ae60-4882-832f-e048ae50da29,"{""en"": {""value"": ""https://www.geonames.org/3381670"", ""direction"": ""ltr""}}",99222650-7b97-4d7b-9dc8-de33ce809a8c,"{""type"": ""Point"", ""coordinates"": [-53.0, 4.0]}"
99fd1358-a740-4068-baf7-d567f5987eee,3dda9f54-d771-11ef-825b-0275dc2ded29,a3e9145b-ba55-4793-a0fa-189e0f404ca7,1,0c3609ec-8dd1-471f-8747-9e2b160d866d,"{""en"": {""value"": ""Wyoming Prospect"", ""direction"": ""ltr""}}",[],[],253f4b17-f71e-4798-a848-3728abcb9a2d,"{""en"": {""value"": ""Wyoming Prospect (URI: https://www.geonames.org/5498697)"", ""direction"": ""ltr""}}",[],[],[],2acb2fc1-aa32-4e38-99aa-d51287d46318,"{""en"": {""value"": ""https://www.geonames.org/5498697"", ""direction"": ""ltr""}}",9430f9b6-2807-446e-b52b-b4fbac62a85a,"{""type"": ""Point"", ""coordinates"": [-106.0103, 36.50613]}"
7a702826-8305-41bf-9771-4eb168b9914a,3dda9f54-d771-11ef-825b-0275dc2ded29,a3e9145b-ba55-4793-a0fa-189e0f404ca7,1,b06b39ab-d968-487e-8c51-141a6aeb6cc0,"{""en"": {""value"": ""Western Cape"", ""direction"": ""ltr""}}",[],[],61b4dbb1-92a2-4263-83da-7c4a29944c8e,"{""en"": {""value"": ""Western Cape (URI: https://www.geonames.org/1085599)"", ""direction"": ""ltr""}}",[],[],[],f6293692-4d27-490c-9bf0-2c2b4835c405,"{""en"": {""value"": ""https://www.geonames.org/1085599"", ""direction"": ""ltr""}}",5c1752dc-d994-42bf-a615-d720eeef11f5,"{""type"": ""Point"", ""coordinates"": [20.0, -34.0]}"
6936c5c2-2a84-4000-8cb7-0cdddad2b287,3dda9f54-d771-11ef-825b-0275dc2ded29,a3e9145b-ba55-4793-a0fa-189e0f404ca7,1,b7bb7ac2-162a-4300-b95c-5dd4d5c2bafd,"{""en"": {""value"": ""Florence"", ""direction"": ""ltr""}}",[],[],63f90d2f-403d-42ff-aae0-20618b3f3765,"{""en"": {""value"": ""Florence (URI: https://www.geonames.org/5253306)"", ""direction"": ""ltr""}}",[],[],[],f2a6addb-7b02-41e7-aec7-632cd5282437,"{""en"": {""value"": ""https://www.geonames.org/5253306"", ""direction"": ""ltr""}}",4fd41624-baa5-4260-99ae-fb0fee94cd5c,"{""type"": ""Point"", ""coordinates"": [-88.39816, 45.84845]}"
af6ccee5-e26b-439f-99a1-bc65f54b5678,3dda9f54-d771-11ef-825b-0275dc2ded29,a3e9145b-ba55-4793-a0fa-189e0f404ca7,1,a964ffdd-591b-40cf-ad32-ff8752425ead,"{""en"": {""value"": ""Redruth"", ""direction"": ""ltr""}}",[],[],ae28597e-f450-472a-a791-77995fc5274d,"{""en"": {""value"": ""Redruth (URI: https://www.geonames.org/7294442)"", ""direction"": ""ltr""}}",[],[],[],bbc5b33b-2557-41e1-9119-bbb36a187dc8,"{""en"": {""value"": ""https://www.geonames.org/7294442"", ""direction"": ""ltr""}}",c6376964-b468-4233-b7ea-cab22c174a0e,"{""type"": ""Point"", ""coordinates"": [-5.22912, 50.23864]}"
56747061-eb6c-4010-aaf8-31a93d061ea8,3dda9f54-d771-11ef-825b-0275dc2ded29,a3e9145b-ba55-4793-a0fa-189e0f404ca7,1,678d1ed9-a813-4863-9055-73c4252e5d95,"{""en"": {""value"": ""Lazio"", ""direction"": ""ltr""}}",[],[],e790bde2-1fba-42b3-8698-62ad4857d7db,"{""en"": {""value"": ""Lazio (URI: https://www.geonames.org/3174976)"", ""direction"": ""ltr""}}",[],[],[],dd2a4127-cb62-4880-a2b4-a3a0216bfbf0,"{""en"": {""value"": ""https://www.geonames.org/3174976"", ""direction"": ""ltr""}}",147dd072-ffc4-455a-bb4f-57ec99fedf5d,"{""type"": ""Point"", ""coordinates"": [12.77878, 42.07762]}"
73815821-1d82-4fec-9bb6-77964a313c38,3dda9f54-d771-11ef-825b-0275dc2ded29,a3e9145b-ba55-4793-a0fa-189e0f404ca7,1,19cad0bd-b585-42f7-a42b-5a897f666135,"{""en"": {""value"": ""Benešov"", ""direction"": ""ltr""}}",[],[],eada006a-be60-42ad-80d2-84bee86dca21,"{""en"": {""value"": ""Benešov (URI: https://www.geonames.org/3079508)"", ""direction"": ""ltr""}}",[],[],[],00ca9dcc-5afd-4c8f-8a75-108b302d5727,"{""en"": {""value"": ""https://www.geonames.org/3079508"", ""direction"": ""ltr""}}",d743d1ff-4eea-4e6f-98e5-e538f1656ad8,"{""type"": ""Point"", ""coordinates"": [14.68697, 49.78162]}"
56b64d14-070e-41d2-9875-ddb0c6138c0d,3dda9f54-d771-11ef-825b-0275dc2ded29,a3e9145b-ba55-4793-a0fa-189e0f404ca7,1,561a5918-dd0e-42d6-9ae8-4c3c38c0c2c6,"{""en"": {""value"": ""Mount Northwest"", ""direction"": ""ltr""}}",[],[],e019a701-71fc-4c8e-abdf-5e4624557978,"{""en"": {""value"": ""Mount Northwest (URI: https://www.geonames.org/6082110)"", ""direction"": ""ltr""}}",[],[],[],3514e287-3034-41a0-b769-e1086b404fda,"{""en"": {""value"": ""https://www.geonames.org/6082110"", ""direction"": ""ltr""}}",d778563e-9f35-4b0d-a3b4-46c192d8ef33,"{""type"": ""Point"", ""coordinates"": [-140.97089, 60.96869]}"
93ce5c08-91ed-4fdb-ba4e-b1422e8cec1d,3dda9f54-d771-11ef-825b-0275dc2ded29,a3e9145b-ba55-4793-a0fa-189e0f404ca7,1,0cd7b440-3280-4d6c-bf97-8ea0dcaa76e0,"{""en"": {""value"": ""Nevada Utah Mine"", ""direction"": ""ltr""}}",[],[],b174a91d-e986-4fd3-a341-9239953b47f1,"{""en"": {""value"": ""Nevada Utah Mine (URI: https://www.geonames.org/5509147)"", ""direction"": ""ltr""}}",[],[],[],2da7c319-9039-45e4-b562-f2f9c6556b6d,"{""en"": {""value"": ""https://www.geonames.org/5509147"", ""direction"": ""ltr""}}",b211e9f9-36ce-454f-8f50-923e88fb6dcc,"{""type"": ""Point"", ""coordinates"": [-114.49194, 37.93163]}"
52157250-62c3-4911-b1c0-12245752bbc3,3dda9f54-d771-11ef-825b-0275dc2ded29,a3e9145b-ba55-4793-a0fa-189e0f404ca7,1,3622f7e8-9434-479a-8e78-7f6d0e381283,"{""en"": {""value"": ""Kirghizia"", ""direction"": ""ltr""}}",[],[],e587bf34-776e-45ac-9bcb-f81617ea6d2f,"{""en"": {""value"": ""Kirghizia (URI: https://www.geonames.org/1527747)"", ""direction"": ""ltr""}}",[],[],[],ab4b95c6-2f59-4051-8313-4311faeb1495,"{""en"": {""value"": ""https://www.geonames.org/1527747"", ""direction"": ""ltr""}}",95eab4c2-bf7a-43e1-9548-e4f011d940fc,"{""type"": ""Point"", ""coordinates"": [75.0, 41.5]}"
cd23e742-fc8f-446c-9b89-8f649e96e3ec,3dda9f54-d771-11ef-825b-0275dc2ded29,a3e9145b-ba55-4793-a0fa-189e0f404ca7,1,402751f8-e886-477f-bb7c-9fc8392ad661,"{""en"": {""value"": ""Ajo"", ""direction"": ""ltr""}}",[],[],34b2c59a-f0ab-47fd-b19b-8bc87f48dacd,"{""en"": {""value"": ""Ajo (URI: https://www.geonames.org/5550996)"", ""direction"": ""ltr""}}",[],[],[],d19bde23-ac80-4dbd-aa1d-b6eda2b9546e,"{""en"": {""value"": ""https://www.geonames.org/5550996"", ""direction"": ""ltr""}}",fd6efc62-cbd2-43c6-a828-973e4e4c7bc8,"{""type"": ""Point"", ""coordinates"": [-112.86071, 32.37172]}"
67785b97-71a4-415a-a352-1ac05225a768,3dda9f54-d771-11ef-825b-0275dc2ded29,a3e9145b-ba55-4793-a0fa-189e0f404ca7,1,30793be8-913b-463c-9f45-7bd33603214b,"{""en"": {""value"": ""Newport"", ""direction"": ""ltr""}}",[],[],403cd909-f9fc-4e3b-a8a7-1a7bd9affb18,"{""en"": {""value"": ""Newport (URI: https://www.geonames.org/5742750)"", ""direction"": ""ltr""}}",[],[],[],8d611b13-fae5-4ec1-9c13-3236c7be7e90,"{""en"": {""value"": ""https://www.geonames.org/5742750"", ""direction"": ""ltr""}}",af17693e-55d8-4181-810a-95d264bd363b,"{""type"": ""Point"", ""coordinates"": [-124.05345, 44.63678]}"
8b2292e9-562d-4f9d-ac93-040b3986d96a,3dda9f54-d771-11ef-825b-0275dc2ded29,a3e9145b-ba55-4793-a0fa-189e0f404ca7,1,15b21804-586c-4742-a2b5-f771d738992b,"{""en"": {""value"": ""Iron"", ""direction"": ""ltr""}}",[],[],356fc4ea-741f-4762-8072-c1ab419ef26a,"{""en"": {""value"": ""Iron (URI: https://www.geonames.org/5257533)"", ""direction"": ""ltr""}}",[],[],[],0b92f692-3089-4a6f-b924-84152100bbe3,"{""en"": {""value"": ""https://www.geonames.org/5257533"", ""direction"": ""ltr""}}",78ac37ea-0f1e-48c4-9f35-606d652c96c4,"{""type"": ""Point"", ""coordinates"": [-90.26445, 46.31706]}"
15324a1b-4236-421f-87fe-518ce2d80918,3dda9f54-d771-11ef-825b-0275dc2ded29,a3e9145b-ba55-4793-a0fa-189e0f404ca7,1,4b7e6022-45f2-4d3f-bdac-82562eb12a1e,"{""en"": {""value"": ""Ignacio"", ""direction"": ""ltr""}}",[],[],440b4b5a-41f4-4985-befb-0ca525181600,"{""en"": {""value"": ""Ignacio (URI: https://www.geonames.org/5358983)"", ""direction"": ""ltr""}}",[],[],[],970f0fe1-162f-48fd-8ce5-9e7a9965b1f2,"{""en"": {""value"": ""https://www.geonames.org/5358983"", ""direction"": ""ltr""}}",a678b834-d59c-4f06-bc26-42ff52aca659,"{""type"": ""Point"", ""coordinates"": [-122.53859, 38.0702]}"
fe0eba12-f507-4f01-9852-e769e3fb7e23,3dda9f54-d771-11ef-825b-0275dc2ded29,a3e9145b-ba55-4793-a0fa-189e0f404ca7,1,2e14c8cf-70fa-4b31-9422-4f30fb7bd247,"{""en"": {""value"": ""Hyderabad"", ""direction"": ""ltr""}}",[],[],9a684c8f-b3bd-4dc5-9130-4204be68093f,"{""en"": {""value"": ""Hyderabad (URI: https://www.geonames.org/1269844)"", ""direction"": ""ltr""}}",[],[],[],f8ffa3ae-a607-4542-8c87-901bc5b25372,"{""en"": {""value"": ""https://www.geonames.org/1269844"", ""direction"": ""ltr""}}",8b4f754e-1218-440b-9d58-c5ede6d46564,"{""type"": ""Point"", ""coordinates"": [78.48976, 17.40164]}"
288d65c1-e417-4f8b-b41e-eb86b06a7864,3dda9f54-d771-11ef-825b-0275dc2ded29,a3e9145b-ba55-4793-a0fa-189e0f404ca7,1,a0c084cb-b7cb-41d5-ab29-1bbfc3757d66,"{""en"": {""value"": ""Hurricane"", ""direction"": ""ltr""}}",[],[],72bb18e4-b9be-4662-b0d0-a58cff607b84,"{""en"": {""value"": ""Hurricane (URI: https://www.geonames.org/5540831)"", ""direction"": ""ltr""}}",[],[],[],3de71e2a-8fba-4d25-940d-d32fbb577c25,"{""en"": {""value"": ""https://www.geonames.org/5540831"", ""direction"": ""ltr""}}",ccad30b2-c561-44b2-9244-4b684ef41fd0,"{""type"": ""Point"", ""coordinates"": [-113.28995, 37.17526]}"
2292083d-7c30-4453-8cff-41db1d899cce,3dda9f54-d771-11ef-825b-0275dc2ded29,a3e9145b-ba55-4793-a0fa-189e0f404ca7,1,877e7d53-ceb9-4a56-8d1e-65fa013795a8,"{""en"": {""value"": ""Nunavut"", ""direction"": ""ltr""}}",[],[],51d7e66e-00f5-41e6-9fbb-f799ee3f6da5,"{""en"": {""value"": ""Nunavut (URI: https://www.geonames.org/6091732)"", ""direction"": ""ltr""}}",[],[],[],7b3a3837-2c38-4a61-b25c-6a922ecb59ce,"{""en"": {""value"": ""https://www.geonames.org/6091732"", ""direction"": ""ltr""}}",93a9159c-fd52-4dcc-9764-4115b65f5b81,"{""type"": ""Point"", ""coordinates"": [-100.07813, 66.03478]}"
483cbe4d-0b7c-48cc-b2f7-90f72a58da72,3dda9f54-d771-11ef-825b-0275dc2ded29,a3e9145b-ba55-4793-a0fa-189e0f404ca7,1,035c9999-b9b6-4ed9-9d36-39112d415cf2,"{""en"": {""value"": ""Huancavelica"", ""direction"": ""ltr""}}",[],[],02c0d7ed-71c8-4358-9d1d-32da94757808,"{""en"": {""value"": ""Huancavelica (URI: https://www.geonames.org/3939467)"", ""direction"": ""ltr""}}",[],[],[],a21f2eca-8dd9-447a-903e-f76c86a22759,"{""en"": {""value"": ""https://www.geonames.org/3939467"", ""direction"": ""ltr""}}",8ae7c705-223c-4f9e-bd2a-fbb931f21427,"{""type"": ""Point"", ""coordinates"": [-75.0, -13.0]}"
3de70681-e6f5-4699-a2b2-395cb3a41db1,3dda9f54-d771-11ef-825b-0275dc2ded29,a3e9145b-ba55-4793-a0fa-189e0f404ca7,1,29d4cc76-3a06-406d-a181-dc38ae8e4883,"{""en"": {""value"": ""San Miguel"", ""direction"": ""ltr""}}",[],[],cf184f84-7e06-416a-8af8-e32d49ba8e11,"{""en"": {""value"": ""San Miguel (URI: https://www.geonames.org/5437707)"", ""direction"": ""ltr""}}",[],[],[],e8ecae5c-ee8f-4426-91ac-efb7d6aba74e,"{""en"": {""value"": ""https://www.geonames.org/5437707"", ""direction"": ""ltr""}}",79786c0e-a1fc-4eaa-8895-228aaa05071a,"{""type"": ""Point"", ""coordinates"": [-108.40583, 38.00374]}"
3214a73b-8213-4a02-b872-6124cd3a1fe3,3dda9f54-d771-11ef-825b-0275dc2ded29,a3e9145b-ba55-4793-a0fa-189e0f404ca7,1,bbea98ca-b90a-445a-8c62-fddb5f6a7000,"{""en"": {""value"": ""San Luis Potosí"", ""direction"": ""ltr""}}",[],[],ff3d92fd-6610-439d-9292-b9cb6a120767,"{""en"": {""value"": ""San Luis Potosí (URI: https://www.geonames.org/3985605)"", ""direction"": ""ltr""}}",[],[],[],a4169fbe-b746-483a-8ed1-8ba51e3af533,"{""en"": {""value"": ""https://www.geonames.org/3985605"", ""direction"": ""ltr""}}",e7cca0e0-89cd-47a7-b357-291891c6c8b5,"{""type"": ""Point"", ""coordinates"": [-100.5, 22.5]}"
db5a164a-7ee0-4900-87af-77a4559be162,3dda9f54-d771-11ef-825b-0275dc2ded29,a3e9145b-ba55-4793-a0fa-189e0f404ca7,1,bda6d307-0b33-43b3-92a7-e8b78b324eb3,"{""en"": {""value"": ""Jan Mayen"", ""direction"": ""ltr""}}",[],[],2a3c9ba8-39b2-485c-bbf7-3109f41a5f0a,"{""en"": {""value"": ""Jan Mayen (URI: https://www.geonames.org/3041964)"", ""direction"": ""ltr""}}",[],[],[],2026cf68-2c33-4dd8-a586-81db0991a8ab,"{""en"": {""value"": ""https://www.geonames.org/3041964"", ""direction"": ""ltr""}}",fbbaceea-7bb0-42f7-931c-b3a78f6fb284,"{""type"": ""Point"", ""coordinates"": [-8.5, 70.98333]}"
dd2146d6-e118-4bd6-b9f3-dd5a205da5db,3dda9f54-d771-11ef-825b-0275dc2ded29,a3e9145b-ba55-4793-a0fa-189e0f404ca7,1,7aaf53a7-2bca-4b06-80a2-bccce79bc274,"{""en"": {""value"": ""Carrara"", ""direction"": ""ltr""}}",[],[],177bfda4-69e3-488f-a0fe-a215f4679c3e,"{""en"": {""value"": ""Carrara (URI: https://www.geonames.org/8975780)"", ""direction"": ""ltr""}}",[],[],[],45ec0199-a0fb-4852-9120-aaa6e9594ee6,"{""en"": {""value"": ""https://www.geonames.org/8975780"", ""direction"": ""ltr""}}",853cd3f1-1b67-4ddb-8bc8-cabe3839f4d8,"{""type"": ""Point"", ""coordinates"": [8.42448, 44.67645]}"
e90a0ca9-a7f9-4f6c-9b1a-987177f0e7e2,3dda9f54-d771-11ef-825b-0275dc2ded29,a3e9145b-ba55-4793-a0fa-189e0f404ca7,1,b6a02ec5-c529-4199-919c-84b4fd5c8d9e,"{""en"": {""value"": ""Hopewell"", ""direction"": ""ltr""}}",[],[],5230efe6-d0b0-4dc9-b76d-5b230a944362,"{""en"": {""value"": ""Hopewell (URI: https://www.geonames.org/4764826)"", ""direction"": ""ltr""}}",[],[],[],3c607896-285d-4a85-bf9b-5f60ca961c5a,"{""en"": {""value"": ""https://www.geonames.org/4764826"", ""direction"": ""ltr""}}",eb84062c-3833-4f64-a528-965628a4e626,"{""type"": ""Point"", ""coordinates"": [-77.2872, 37.30432]}"
9d170183-bfa3-4287-b0eb-5e508b7692bc,3dda9f54-d771-11ef-825b-0275dc2ded29,a3e9145b-ba55-4793-a0fa-189e0f404ca7,1,739280ff-c918-4529-8bc5-5a964df2c159,"{""en"": {""value"": ""Jefferson"", ""direction"": ""ltr""}}",[],[],d61d3e47-4fe8-420b-a61d-c70f5c492d90,"{""en"": {""value"": ""Jefferson (URI: https://www.geonames.org/5733534)"", ""direction"": ""ltr""}}",[],[],[],8849f789-5e3a-497d-9c07-dcb3f7d7fbc6,"{""en"": {""value"": ""https://www.geonames.org/5733534"", ""direction"": ""ltr""}}",6f2f3568-b71c-4905-b955-5ca338409c16,"{""type"": ""Point"", ""coordinates"": [-121.17541, 44.62941]}"
3e4c0820-84b3-4c94-87e6-33f52d86ca52,3dda9f54-d771-11ef-825b-0275dc2ded29,a3e9145b-ba55-4793-a0fa-189e0f404ca7,1,cbdd304c-2797-4bdf-a51e-8343a7cd83a2,"{""en"": {""value"": ""Hochstein"", ""direction"": ""ltr""}}",[],[],c11531e1-1d4b-4978-9fed-a973192ae841,"{""en"": {""value"": ""Hochstein (URI: https://www.geonames.org/2902982)"", ""direction"": ""ltr""}}",[],[],[],c1bfd981-7412-4af8-9fde-93ff705b1fdf,"{""en"": {""value"": ""https://www.geonames.org/2902982"", ""direction"": ""ltr""}}",1a1bfd8d-f24a-43d2-90e3-0d8481d515d0,"{""type"": ""Point"", ""coordinates"": [7.21943, 50.37166]}"
a56a368a-f4c3-4682-8769-81bfe6b59713,3dda9f54-d771-11ef-825b-0275dc2ded29,a3e9145b-ba55-4793-a0fa-189e0f404ca7,1,e290f5d8-87c4-4e95-8bfc-d6c35b9e6b5b,"{""en"": {""value"": ""Salton Sea Beach"", ""direction"": ""ltr""}}",[],[],2b6789f8-aafb-4829-94dd-6ff93a6a1937,"{""en"": {""value"": ""Salton Sea Beach (URI: https://www.geonames.org/5391508)"", ""direction"": ""ltr""}}",[],[],[],63de06f6-64b7-4cfd-8f20-083493a728ae,"{""en"": {""value"": ""https://www.geonames.org/5391508"", ""direction"": ""ltr""}}",94b2e32f-2806-4e29-ac5e-9c6c1b064d00,"{""type"": ""Point"", ""coordinates"": [-116.01195, 33.37503]}"
a56048ef-3e00-40f1-b861-ecd3774bd489,3dda9f54-d771-11ef-825b-0275dc2ded29,a3e9145b-ba55-4793-a0fa-189e0f404ca7,1,80067155-8104-43bd-8a44-abdb546f7fd4,"{""en"": {""value"": ""Klatovy"", ""direction"": ""ltr""}}",[],[],78b9c3cb-be29-49cc-97ff-3513a3014f49,"{""en"": {""value"": ""Klatovy (URI: https://www.geonames.org/3073660)"", ""direction"": ""ltr""}}",[],[],[],31e06eb3-4da9-467f-aca0-52505bfbd12a,"{""en"": {""value"": ""https://www.geonames.org/3073660"", ""direction"": ""ltr""}}",cf822e78-9c97-4a11-a5a7-0f8f71cc143c,"{""type"": ""Point"", ""coordinates"": [13.29505, 49.39552]}"
11934895-74e3-42de-a6f9-c420a740acaa,3dda9f54-d771-11ef-825b-0275dc2ded29,a3e9145b-ba55-4793-a0fa-189e0f404ca7,1,1376c3ee-b327-4f7d-9c43-85dbc21adc29,"{""en"": {""value"": ""Karnataka"", ""direction"": ""ltr""}}",[],[],6fa46b1e-6662-43d9-a0b0-d0d0694c6c03,"{""en"": {""value"": ""Karnataka (URI: https://www.geonames.org/1267701)"", ""direction"": ""ltr""}}",[],[],[],9d0770d5-6a86-4267-b653-3b660f5ab8cf,"{""en"": {""value"": ""https://www.geonames.org/1267701"", ""direction"": ""ltr""}}",f4a89f58-e00f-4f9a-a302-a35810c36d9c,"{""type"": ""Point"", ""coordinates"": [75.83333, 14.66667]}"
3bd8992d-6e16-4c4c-b9b3-5fab4d41059b,3dda9f54-d771-11ef-825b-0275dc2ded29,a3e9145b-ba55-4793-a0fa-189e0f404ca7,1,3ea548ba-5d7b-4e95-8473-b105b684c9b4,"{""en"": {""value"": ""Newbury"", ""direction"": ""ltr""}}",[],[],21bce5b7-a969-4e2b-ae6e-7a9201d3bd1d,"{""en"": {""value"": ""Newbury (URI: https://www.geonames.org/2641689)"", ""direction"": ""ltr""}}",[],[],[],e49b5a8d-76fe-49be-b684-2dbfb79e7eee,"{""en"": {""value"": ""https://www.geonames.org/2641689"", ""direction"": ""ltr""}}",95c0fc35-0781-4db5-9ec8-c35dd9d09c20,"{""type"": ""Point"", ""coordinates"": [-1.32471, 51.40148]}"
0e01144f-11bf-4a2e-b00d-117051806284,3dda9f54-d771-11ef-825b-0275dc2ded29,a3e9145b-ba55-4793-a0fa-189e0f404ca7,1,c1a1a45a-8b67-4b94-b9a2-422105bf99f6,"{""en"": {""value"": ""Ural Mountains"", ""direction"": ""ltr""}}",[],[],ad549b13-0166-4940-8fb6-7136fbd86770,"{""en"": {""value"": ""Ural Mountains (URI: https://www.geonames.org/1488441)"", ""direction"": ""ltr""}}",[],[],[],710896be-ee14-4deb-9e01-3f534fb52820,"{""en"": {""value"": ""https://www.geonames.org/1488441"", ""direction"": ""ltr""}}",b3b1c3f8-bd45-42f0-ac49-d0ead923e60c,"{""type"": ""Point"", ""coordinates"": [59.19434, 61.64816]}"
f36b4c6b-2d90-46ef-8ee7-9bac1c2a8e8f,3dda9f54-d771-11ef-825b-0275dc2ded29,a3e9145b-ba55-4793-a0fa-189e0f404ca7,1,5d36154a-07c5-4dba-af12-68b442c48134,"{""en"": {""value"": ""Agay"", ""direction"": ""ltr""}}",[],[],a272fdc3-d9aa-4f6f-a09b-a25af94200df,"{""en"": {""value"": ""Agay (URI: https://www.geonames.org/3038640)"", ""direction"": ""ltr""}}",[],[],[],2e4009a8-25dc-4598-9cd7-ae64bdd3db54,"{""en"": {""value"": ""https://www.geonames.org/3038640"", ""direction"": ""ltr""}}",d9e2bd45-3ad0-40e4-b097-3e74edc816f8,"{""type"": ""Point"", ""coordinates"": [6.85564, 43.43248]}"
c5102f39-86dc-4461-8532-9eb18f7df591,3dda9f54-d771-11ef-825b-0275dc2ded29,a3e9145b-ba55-4793-a0fa-189e0f404ca7,1,68127304-a181-41b5-8b29-3a1c9da44fe8,"{""en"": {""value"": ""Harz"", ""direction"": ""ltr""}}",[],[],27e63407-0315-4d53-b687-38bb02344d0c,"{""en"": {""value"": ""Harz (URI: https://www.geonames.org/2909965)"", ""direction"": ""ltr""}}",[],[],[],448b32c7-2bce-42cc-9596-84d335f329da,"{""en"": {""value"": ""https://www.geonames.org/2909965"", ""direction"": ""ltr""}}",f310e921-503d-47b4-8224-ae240ab062db,"{""type"": ""Point"", ""coordinates"": [10.63462, 51.75619]}"
e5b561cc-3756-4237-a314-a4f141d57dd3,3dda9f54-d771-11ef-825b-0275dc2ded29,a3e9145b-ba55-4793-a0fa-189e0f404ca7,1,f1286bc5-a377-4910-992f-225b93faedef,"{""en"": {""value"": ""Saint Louis"", ""direction"": ""ltr""}}",[],[],a2107a56-3276-4155-8faf-bfc04472cc58,"{""en"": {""value"": ""Saint Louis (URI: https://www.geonames.org/5045020)"", ""direction"": ""ltr""}}",[],[],[],33931794-db78-49fb-8b81-132f6babd776,"{""en"": {""value"": ""https://www.geonames.org/5045020"", ""direction"": ""ltr""}}",63a13c8f-ef16-4867-80cf-f1cb7c52d11a,"{""type"": ""Point"", ""coordinates"": [-92.46147, 47.58986]}"
350a0412-811c-4a70-8a3e-390295441d22,3dda9f54-d771-11ef-825b-0275dc2ded29,a3e9145b-ba55-4793-a0fa-189e0f404ca7,1,a2d92c9c-5901-4ec7-be8f-a4640b18f684,"{""en"": {""value"": ""Austria"", ""direction"": ""ltr""}}",[],[],13b66421-7fa8-4450-91e0-03b5e3fafeab,"{""en"": {""value"": ""Austria (URI: https://www.geonames.org/2782113)"", ""direction"": ""ltr""}}",[],[],[],f84ae93c-d5ea-4839-a781-e7731963af66,"{""en"": {""value"": ""https://www.geonames.org/2782113"", ""direction"": ""ltr""}}",fed7ea53-9416-4db6-84b9-4ad1dc157a1d,"{""type"": ""Point"", ""coordinates"": [13.33333, 47.33333]}"
9d80ed07-01f6-4ed0-b1df-5c00db544ea2,3dda9f54-d771-11ef-825b-0275dc2ded29,a3e9145b-ba55-4793-a0fa-189e0f404ca7,1,1d59020e-a49d-4e20-a83d-7b47687f89f2,"{""en"": {""value"": ""Zanzibar"", ""direction"": ""ltr""}}",[],[],4f174d98-08ad-4be9-bf99-c26c714e8f19,"{""en"": {""value"": ""Zanzibar (URI: https://www.geonames.org/148730)"", ""direction"": ""ltr""}}",[],[],[],c73d976c-ca25-4213-b50e-1b76db3c8e34,"{""en"": {""value"": ""https://www.geonames.org/148730"", ""direction"": ""ltr""}}",b84ae239-edd1-4fc4-8f18-0d8b84c5ddad,"{""type"": ""Point"", ""coordinates"": [39.19793, -6.16394]}"
26adbc93-ee22-48eb-a213-65912ac9074d,3dda9f54-d771-11ef-825b-0275dc2ded29,a3e9145b-ba55-4793-a0fa-189e0f404ca7,1,e522d8a6-909c-4c7b-bf83-040fab1d842f,"{""en"": {""value"": ""Keystone"", ""direction"": ""ltr""}}",[],[],3fad4095-cb32-4f9b-9404-fd56271d6702,"{""en"": {""value"": ""Keystone (URI: https://www.geonames.org/5766211)"", ""direction"": ""ltr""}}",[],[],[],ea4c2103-0250-451f-bc25-d2ea4b06fd9c,"{""en"": {""value"": ""https://www.geonames.org/5766211"", ""direction"": ""ltr""}}",7eb993c4-314e-4ef1-bcb2-14e6950d8deb,"{""type"": ""Point"", ""coordinates"": [-103.41825, 43.89554]}"
2cba1476-f5fe-41e4-8292-379b7cea5bf7,3dda9f54-d771-11ef-825b-0275dc2ded29,a3e9145b-ba55-4793-a0fa-189e0f404ca7,1,a286b675-8fd3-4591-8b0b-f7bf3e3e0dd7,"{""en"": {""value"": ""Hampden"", ""direction"": ""ltr""}}",[],[],71fd7dc2-5c95-4720-ae8d-ffbf7b9d8ff4,"{""en"": {""value"": ""Hampden (URI: https://www.geonames.org/4938741)"", ""direction"": ""ltr""}}",[],[],[],056a35a1-ac1b-45b0-bab7-115fa2d84ef9,"{""en"": {""value"": ""https://www.geonames.org/4938741"", ""direction"": ""ltr""}}",5bcd6339-4cb4-4c30-885b-3018c7b217e6,"{""type"": ""Point"", ""coordinates"": [-72.63162, 42.13511]}"
80c07577-b3f7-4d68-8dba-f128045166cc,3dda9f54-d771-11ef-825b-0275dc2ded29,a3e9145b-ba55-4793-a0fa-189e0f404ca7,1,0d5b7857-45de-41ce-bfc0-9fa0b6d44d09,"{""en"": {""value"": ""Randville"", ""direction"": ""ltr""}}",[],[],833fcacd-1eb2-48bb-8db7-44c7ed419703,"{""en"": {""value"": ""Randville (URI: https://www.geonames.org/5006756)"", ""direction"": ""ltr""}}",[],[],[],23dfd4f9-e732-4644-abe2-348e5c302107,"{""en"": {""value"": ""https://www.geonames.org/5006756"", ""direction"": ""ltr""}}",f1292d96-09b8-4c98-be3c-1ceaeadd844e,"{""type"": ""Point"", ""coordinates"": [-88.05708, 45.99162]}"
e289aad6-ac3b-408c-b541-74d53f038b43,3dda9f54-d771-11ef-825b-0275dc2ded29,a3e9145b-ba55-4793-a0fa-189e0f404ca7,1,03cf0cd5-5882-4903-9919-d1359aeac5d3,"{""en"": {""value"": ""New Mexico"", ""direction"": ""ltr""}}",[],[],782d1f4d-b6e8-4121-a078-8217bdc5d5c6,"{""en"": {""value"": ""New Mexico (URI: https://www.geonames.org/5481136)"", ""direction"": ""ltr""}}",[],[],[],b44579f0-c4e6-4863-a12b-4678573791a3,"{""en"": {""value"": ""https://www.geonames.org/5481136"", ""direction"": ""ltr""}}",a60f3e61-f30a-4b5a-bc4b-13ea8c220857,"{""type"": ""Point"", ""coordinates"": [-106.00085, 34.50034]}"
dbb28bce-98b0-4325-9e7d-30f7d2532d49,3dda9f54-d771-11ef-825b-0275dc2ded29,a3e9145b-ba55-4793-a0fa-189e0f404ca7,1,1f8f7dd9-8e59-4896-9e57-e8388635d154,"{""en"": {""value"": ""New Jersey"", ""direction"": ""ltr""}}",[],[],b1a5a239-eb97-4e4a-af06-034fe6116aca,"{""en"": {""value"": ""New Jersey (URI: https://www.geonames.org/5101760)"", ""direction"": ""ltr""}}",[],[],[],4c8470e3-e1c7-4d0c-af25-c2e0ec49efa0,"{""en"": {""value"": ""https://www.geonames.org/5101760"", ""direction"": ""ltr""}}",37acc48e-6cc4-4dcb-ad43-f8ea78641cf6,"{""type"": ""Point"", ""coordinates"": [-74.49987, 40.16706]}"
87e317ec-010a-4fa5-9d7c-80674108fb67,3dda9f54-d771-11ef-825b-0275dc2ded29,a3e9145b-ba55-4793-a0fa-189e0f404ca7,1,4fd3b128-2ce9-4bc5-a8b9-c587df284a74,"{""en"": {""value"": ""Pakistan"", ""direction"": ""ltr""}}",[],[],b9e29e0e-d218-4f41-8344-a0e90156e041,"{""en"": {""value"": ""Pakistan (URI: https://www.geonames.org/1168579)"", ""direction"": ""ltr""}}",[],[],[],6c2df8cb-df69-4d40-ad3d-8b917a8f2344,"{""en"": {""value"": ""https://www.geonames.org/1168579"", ""direction"": ""ltr""}}",28691319-ad64-4fb1-a2c4-3ff9d6c5a5a8,"{""type"": ""Point"", ""coordinates"": [70.0, 30.0]}"
0b145e96-c06b-4c4e-ae18-452e0ad27197,3dda9f54-d771-11ef-825b-0275dc2ded29,a3e9145b-ba55-4793-a0fa-189e0f404ca7,1,99731224-3a63-4530-a220-1d0cd7970cdb,"{""en"": {""value"": ""Garnerville"", ""direction"": ""ltr""}}",[],[],30655420-9654-4982-8e87-d885762a473c,"{""en"": {""value"": ""Garnerville (URI: https://www.geonames.org/5118277)"", ""direction"": ""ltr""}}",[],[],[],b13341d3-ff0e-4f2d-a104-a0609089e320,"{""en"": {""value"": ""https://www.geonames.org/5118277"", ""direction"": ""ltr""}}",7fb5ec5f-622f-41c8-bce8-a05fcc94a41b,"{""type"": ""Point"", ""coordinates"": [-73.99431, 41.20176]}"
002c8652-9eed-452c-a6f8-7a65fa4dbc11,3dda9f54-d771-11ef-825b-0275dc2ded29,a3e9145b-ba55-4793-a0fa-189e0f404ca7,1,42aa97b1-b376-4b81-b82c-660c863db101,"{""en"": {""value"": ""Fano"", ""direction"": ""ltr""}}",[],[],2fd39f2e-d249-4e53-a1e9-ee320574c1fa,"{""en"": {""value"": ""Fano (URI: https://www.geonames.org/8969798)"", ""direction"": ""ltr""}}",[],[],[],ce26f217-77bc-430e-84c3-2874da079723,"{""en"": {""value"": ""https://www.geonames.org/8969798"", ""direction"": ""ltr""}}",d5792b58-3773-412c-8fb3-e52ef1e5bab2,"{""type"": ""Point"", ""coordinates"": [11.53961, 43.67898]}"
69ac5ce8-c47e-49c6-b8b0-6c77c434309f,3dda9f54-d771-11ef-825b-0275dc2ded29,a3e9145b-ba55-4793-a0fa-189e0f404ca7,1,11cd7307-cd60-48a0-8b5c-7328832625ef,"{""en"": {""value"": ""Drobeta-Turnu Severin"", ""direction"": ""ltr""}}",[],[],16237a92-2486-46be-9f6b-feb7ba71c5f0,"{""en"": {""value"": ""Drobeta-Turnu Severin (URI: https://www.geonames.org/678817)"", ""direction"": ""ltr""}}",[],[],[],70cf4677-d7d7-465b-89c5-97907c992da2,"{""en"": {""value"": ""https://www.geonames.org/678817"", ""direction"": ""ltr""}}",f65a0f9b-87a8-41eb-a676-ee21ad2f6c8c,"{""type"": ""Point"", ""coordinates"": [22.65288, 44.62693]}"
e3e53d40-80b4-43f2-ba26-7d450ea1c64a,3dda9f54-d771-11ef-825b-0275dc2ded29,a3e9145b-ba55-4793-a0fa-189e0f404ca7,1,5865cabb-0a43-4045-a188-96994b47e0e6,"{""en"": {""value"": ""Palos Verdes Estates"", ""direction"": ""ltr""}}",[],[],b2b372c3-f5e9-485b-be99-8da0456d1379,"{""en"": {""value"": ""Palos Verdes Estates (URI: https://www.geonames.org/5380883)"", ""direction"": ""ltr""}}",[],[],[],d5679b8c-f454-4536-87bb-793d26c23886,"{""en"": {""value"": ""https://www.geonames.org/5380883"", ""direction"": ""ltr""}}",d93c6ef7-20c9-4013-8ff0-84dcdd7fbdc1,"{""type"": ""Point"", ""coordinates"": [-118.39245, 33.80105]}"
ec15a56c-98fd-45f0-ba02-350c6abb9520,3dda9f54-d771-11ef-825b-0275dc2ded29,a3e9145b-ba55-4793-a0fa-189e0f404ca7,1,2052083a-3360-4329-9be6-e27aa6487234,"{""en"": {""value"": ""Congregación el Tajín"", ""direction"": ""ltr""}}",[],[],79a49135-e20f-4393-a1fa-ec203124cc37,"{""en"": {""value"": ""Congregación el Tajín (URI: https://www.geonames.org/3516422)"", ""direction"": ""ltr""}}",[],[],[],85bf99b8-b43b-4d20-95ef-3c9c721192a3,"{""en"": {""value"": ""https://www.geonames.org/3516422"", ""direction"": ""ltr""}}",8cc22117-fe14-42d6-88e3-74eee794fc89,"{""type"": ""Point"", ""coordinates"": [-97.38183, 20.43047]}"
677e4072-3704-4479-b262-8eb8e5794dab,3dda9f54-d771-11ef-825b-0275dc2ded29,a3e9145b-ba55-4793-a0fa-189e0f404ca7,1,316ceddb-7498-48b5-9087-bdb554c15c6f,"{""en"": {""value"": ""Montana"", ""direction"": ""ltr""}}",[],[],1901f108-1f75-492d-b6ab-6af325be7bfa,"{""en"": {""value"": ""Montana (URI: https://www.geonames.org/5667009)"", ""direction"": ""ltr""}}",[],[],[],2f261f53-446e-4941-91f1-c573da27d1cf,"{""en"": {""value"": ""https://www.geonames.org/5667009"", ""direction"": ""ltr""}}",8305b3f8-dae5-4b8c-bea8-612e8d1d9d6d,"{""type"": ""Point"", ""coordinates"": [-109.75102, 47.00025]}"
45d01bb2-228f-485d-b6ab-77aa646f7ef4,3dda9f54-d771-11ef-825b-0275dc2ded29,a3e9145b-ba55-4793-a0fa-189e0f404ca7,1,9433baf9-b5f9-40e5-a188-1cc3d448aa2a,"{""en"": {""value"": ""Mono"", ""direction"": ""ltr""}}",[],[],5be7f246-8599-421e-b1f5-db4e6fafbf09,"{""en"": {""value"": ""Mono (URI: https://www.geonames.org/5374091)"", ""direction"": ""ltr""}}",[],[],[],cbe09a9e-b505-475a-963c-0282dabbe8a4,"{""en"": {""value"": ""https://www.geonames.org/5374091"", ""direction"": ""ltr""}}",6c2cb6e8-8987-4521-9850-c7c19b8603b6,"{""type"": ""Point"", ""coordinates"": [-118.88671, 37.93899]}"
3f31548f-3ed5-4a1a-982e-d048317ae4b1,3dda9f54-d771-11ef-825b-0275dc2ded29,a3e9145b-ba55-4793-a0fa-189e0f404ca7,1,e417fddb-2f9d-4a9e-9ff4-42ba5b17f49f,"{""en"": {""value"": ""Park"", ""direction"": ""ltr""}}",[],[],328c0871-1b1f-4e6a-a8f7-39c6c9454a1e,"{""en"": {""value"": ""Park (URI: https://www.geonames.org/5433959)"", ""direction"": ""ltr""}}",[],[],[],8fa2c0a1-72db-4b17-8af8-9e37a3271b65,"{""en"": {""value"": ""https://www.geonames.org/5433959"", ""direction"": ""ltr""}}",cf2053b3-e6d7-4b81-8c0d-ad9b47ab2144,"{""type"": ""Point"", ""coordinates"": [-105.71717, 39.1193]}"
022d493a-43e2-464f-907c-5590cfe5a65f,3dda9f54-d771-11ef-825b-0275dc2ded29,a3e9145b-ba55-4793-a0fa-189e0f404ca7,1,3f152c82-be3c-4f4d-aafb-55f8bdcc98b1,"{""en"": {""value"": ""Parlin"", ""direction"": ""ltr""}}",[],[],ce8c12ec-7098-45ce-8e1b-1be2a640ac00,"{""en"": {""value"": ""Parlin (URI: https://www.geonames.org/5102425)"", ""direction"": ""ltr""}}",[],[],[],db403692-c3b4-4cc1-ac5a-d36ac669949e,"{""en"": {""value"": ""https://www.geonames.org/5102425"", ""direction"": ""ltr""}}",e345ba78-ee65-411a-984b-8313f4cc70cf,"{""type"": ""Point"", ""coordinates"": [-74.3382, 40.46205]}"
5bcafbac-fcff-4d84-abef-fbfd50d0a379,3dda9f54-d771-11ef-825b-0275dc2ded29,a3e9145b-ba55-4793-a0fa-189e0f404ca7,1,b36d0a35-ea52-488a-a65e-54d5019ca751,"{""en"": {""value"": ""Modoc"", ""direction"": ""ltr""}}",[],[],9a9d6a6c-6834-42f9-b245-f35f18f86c24,"{""en"": {""value"": ""Modoc (URI: https://www.geonames.org/5568120)"", ""direction"": ""ltr""}}",[],[],[],2cfc5c78-1ce0-4622-ad83-e7c540700005,"{""en"": {""value"": ""https://www.geonames.org/5568120"", ""direction"": ""ltr""}}",af3e2bf9-44cb-46af-a558-daeeba12ef51,"{""type"": ""Point"", ""coordinates"": [-120.72497, 41.58985]}"
43bce957-f7fa-40c2-a3f2-e97d7b5c35bc,3dda9f54-d771-11ef-825b-0275dc2ded29,a3e9145b-ba55-4793-a0fa-189e0f404ca7,1,a4b8bca0-d664-45e3-9927-0977f2562f21,"{""en"": {""value"": ""The Bronx"", ""direction"": ""ltr""}}",[],[],e469e5ae-d8b5-42ae-a24d-6ac16ce3dcc1,"{""en"": {""value"": ""The Bronx (URI: https://www.geonames.org/5110266)"", ""direction"": ""ltr""}}",[],[],[],c1a27898-9160-4a84-9eab-a56be972711f,"{""en"": {""value"": ""https://www.geonames.org/5110266"", ""direction"": ""ltr""}}",69777fb8-b34b-44f2-95f7-134ed4428923,"{""type"": ""Point"", ""coordinates"": [-73.86641, 40.84985]}"
043a5d23-c404-4f50-80bb-0028a0fa3bde,3dda9f54-d771-11ef-825b-0275dc2ded29,a3e9145b-ba55-4793-a0fa-189e0f404ca7,1,78e75287-8d11-4b99-a828-b124831dd8b9,"{""en"": {""value"": ""County Cork"", ""direction"": ""ltr""}}",[],[],9f5a746c-6420-4058-978a-ed1034dd7ab7,"{""en"": {""value"": ""County Cork (URI: https://www.geonames.org/2965139)"", ""direction"": ""ltr""}}",[],[],[],426c80d8-d67f-49f0-8c44-4de6aa0b449b,"{""en"": {""value"": ""https://www.geonames.org/2965139"", ""direction"": ""ltr""}}",ee3c32cc-32a3-4c89-8f1c-d7500bf3dc20,"{""type"": ""Point"", ""coordinates"": [-8.58333, 51.96667]}"
62aaa99e-4fc8-4841-ab9f-c965dfa84234,3dda9f54-d771-11ef-825b-0275dc2ded29,a3e9145b-ba55-4793-a0fa-189e0f404ca7,1,46bb0829-9bd3-4395-86c5-1f13eed8a68f,"{""en"": {""value"": ""Coventry"", ""direction"": ""ltr""}}",[],[],101487ad-ebeb-412c-a007-c64c2da80247,"{""en"": {""value"": ""Coventry (URI: https://www.geonames.org/5221637)"", ""direction"": ""ltr""}}",[],[],[],57633e25-f8e8-42e0-b8d2-721748d504bb,"{""en"": {""value"": ""https://www.geonames.org/5221637"", ""direction"": ""ltr""}}",64c3f145-236c-4e96-90dd-256328dfb01e,"{""type"": ""Point"", ""coordinates"": [-71.68284, 41.7001]}"
f1202ad9-3352-4d35-8438-1e5c29847c0a,3dda9f54-d771-11ef-825b-0275dc2ded29,a3e9145b-ba55-4793-a0fa-189e0f404ca7,1,01906a04-3cb4-436f-b669-48778c60bc6a,"{""en"": {""value"": ""Borneo"", ""direction"": ""ltr""}}",[],[],ed675c2e-cb0a-42c5-ab6c-4a9c613b2149,"{""en"": {""value"": ""Borneo (URI: https://www.geonames.org/1648148)"", ""direction"": ""ltr""}}",[],[],[],8f6a412d-1523-4ea1-867a-66e3b336bc84,"{""en"": {""value"": ""https://www.geonames.org/1648148"", ""direction"": ""ltr""}}",8e3903c2-0157-4ec3-9cef-3546a4d4e88f,"{""type"": ""Point"", ""coordinates"": [114.0, 1.0]}"
7eadfa0b-826f-4d80-a1b3-a456827dafa7,3dda9f54-d771-11ef-825b-0275dc2ded29,a3e9145b-ba55-4793-a0fa-189e0f404ca7,1,119767e4-19f3-405a-9ba5-d6cd63181cc9,"{""en"": {""value"": ""Doña Ana"", ""direction"": ""ltr""}}",[],[],b819d9b3-3721-44c0-bc77-a8a016207d21,"{""en"": {""value"": ""Doña Ana (URI: https://www.geonames.org/5465283)"", ""direction"": ""ltr""}}",[],[],[],eeb3b191-ec09-4fa8-957a-e895423dd95e,"{""en"": {""value"": ""https://www.geonames.org/5465283"", ""direction"": ""ltr""}}",1485763f-a8f1-4067-a817-39dac0ff4705,"{""type"": ""Point"", ""coordinates"": [-106.8328, 32.35268]}"
427fca6f-e725-493a-8f8d-5a1d731a332d,3dda9f54-d771-11ef-825b-0275dc2ded29,a3e9145b-ba55-4793-a0fa-189e0f404ca7,1,9b4fe11b-f907-40c8-bd74-c15829531ad4,"{""en"": {""value"": ""Lucerne"", ""direction"": ""ltr""}}",[],[],fcf71dfd-ceb9-4562-afc9-3474f87d2ad4,"{""en"": {""value"": ""Lucerne (URI: https://www.geonames.org/2659811)"", ""direction"": ""ltr""}}",[],[],[],05568b3f-c71c-4a1f-b147-0e1d25d13c94,"{""en"": {""value"": ""https://www.geonames.org/2659811"", ""direction"": ""ltr""}}",146adce2-9550-4eae-b0f6-56140852c119,"{""type"": ""Point"", ""coordinates"": [8.30635, 47.05048]}"
dd82328f-b351-4814-8eb9-90380b858727,3dda9f54-d771-11ef-825b-0275dc2ded29,a3e9145b-ba55-4793-a0fa-189e0f404ca7,1,2e982449-0099-4cc5-b65a-b9b863d4437c,"{""en"": {""value"": ""Maybee"", ""direction"": ""ltr""}}",[],[],1c123777-b286-4439-844d-ab5ff1c2b0e2,"{""en"": {""value"": ""Maybee (URI: https://www.geonames.org/5001199)"", ""direction"": ""ltr""}}",[],[],[],d6f1bbb8-9d2b-47b7-b916-1b6826d4751c,"{""en"": {""value"": ""https://www.geonames.org/5001199"", ""direction"": ""ltr""}}",5f30ff0a-321f-495a-89b2-26553f2c091d,"{""type"": ""Point"", ""coordinates"": [-83.51549, 42.00393]}"
35b0893e-ab28-4549-8677-e239746c9e43,3dda9f54-d771-11ef-825b-0275dc2ded29,a3e9145b-ba55-4793-a0fa-189e0f404ca7,1,b177a666-85b8-4831-a1ae-bd2a04f27da4,"{""en"": {""value"": ""Piedmont"", ""direction"": ""ltr""}}",[],[],1c916273-8dd6-4cbc-b7ba-63ca3770de2d,"{""en"": {""value"": ""Piedmont (URI: https://www.geonames.org/3170831)"", ""direction"": ""ltr""}}",[],[],[],de2fbff2-a17e-455f-9c93-4bc78049e2f5,"{""en"": {""value"": ""https://www.geonames.org/3170831"", ""direction"": ""ltr""}}",8f1baebf-e063-419f-88dc-8c53a965e670,"{""type"": ""Point"", ""coordinates"": [8.0, 45.0]}"
9e198afb-d7a4-431d-9c68-7559407dea5f,3dda9f54-d771-11ef-825b-0275dc2ded29,a3e9145b-ba55-4793-a0fa-189e0f404ca7,1,a34aaa25-08d1-415c-a603-6f2d02f6b1ec,"{""en"": {""value"": ""Sunland"", ""direction"": ""ltr""}}",[],[],af14b942-a3b6-4bf2-8962-cb4ab7168775,"{""en"": {""value"": ""Sunland (URI: https://www.geonames.org/5399976)"", ""direction"": ""ltr""}}",[],[],[],eb58b7fd-d585-46f9-93a1-2d665c091b77,"{""en"": {""value"": ""https://www.geonames.org/5399976"", ""direction"": ""ltr""}}",ab6bddd2-8409-456c-b37b-54240cf7a7ec,"{""type"": ""Point"", ""coordinates"": [-118.3023, 34.26695]}"
309d78bb-bb08-4e3c-8a52-6e3f382d53aa,3dda9f54-d771-11ef-825b-0275dc2ded29,a3e9145b-ba55-4793-a0fa-189e0f404ca7,1,77be55ec-a8d3-4a5b-88e4-c9f7ac126085,"{""en"": {""value"": ""Superior"", ""direction"": ""ltr""}}",[],[],c41d914c-6fc8-4490-9a9b-66a53e0f12eb,"{""en"": {""value"": ""Superior (URI: https://www.geonames.org/5316405)"", ""direction"": ""ltr""}}",[],[],[],4ef20eb1-f7ce-4d10-b38e-be70a1d7bda0,"{""en"": {""value"": ""https://www.geonames.org/5316405"", ""direction"": ""ltr""}}",5c1a513e-7e3d-4020-beed-790001860244,"{""type"": ""Point"", ""coordinates"": [-111.09623, 33.29395]}"
d84e6899-4cbb-4771-8cf2-b72f6693a7e9,3dda9f54-d771-11ef-825b-0275dc2ded29,a3e9145b-ba55-4793-a0fa-189e0f404ca7,1,3bce5112-63a2-4a60-af3a-69f1bede2a55,"{""en"": {""value"": ""Miyagi"", ""direction"": ""ltr""}}",[],[],fa7b264e-f91c-434e-9998-38f02d403d7f,"{""en"": {""value"": ""Miyagi (URI: https://www.geonames.org/2111888)"", ""direction"": ""ltr""}}",[],[],[],4c0091a1-f27b-41f7-a147-88b58266c1ff,"{""en"": {""value"": ""https://www.geonames.org/2111888"", ""direction"": ""ltr""}}",ed625d1d-7798-469a-bbf2-fbd468c35432,"{""type"": ""Point"", ""coordinates"": [140.92624, 38.44938]}"
cdca48ed-6b0b-4014-b26b-7808cde9ca13,3dda9f54-d771-11ef-825b-0275dc2ded29,a3e9145b-ba55-4793-a0fa-189e0f404ca7,1,3cf03336-0eea-4e21-99e7-0738cc4d0161,"{""en"": {""value"": ""Merrill"", ""direction"": ""ltr""}}",[],[],42a45db9-3305-4b60-ab00-6f6e364be888,"{""en"": {""value"": ""Merrill (URI: https://www.geonames.org/5262680)"", ""direction"": ""ltr""}}",[],[],[],7bde8edd-eb4c-417a-ae9a-1c9499e1dc3b,"{""en"": {""value"": ""https://www.geonames.org/5262680"", ""direction"": ""ltr""}}",644186b0-1dae-4551-96f2-28c44ca114e1,"{""type"": ""Point"", ""coordinates"": [-89.68346, 45.18052]}"
0c020853-16ea-4d87-a736-50ced213dbfc,3dda9f54-d771-11ef-825b-0275dc2ded29,a3e9145b-ba55-4793-a0fa-189e0f404ca7,1,9416cca6-3dc4-4baa-84f5-2148ff36e928,"{""en"": {""value"": ""Deming"", ""direction"": ""ltr""}}",[],[],1aa7ecb3-e021-48d5-a8a7-91b786b8cf6d,"{""en"": {""value"": ""Deming (URI: https://www.geonames.org/5464806)"", ""direction"": ""ltr""}}",[],[],[],dc5ce648-1eec-4b8b-a4ee-369308cd2464,"{""en"": {""value"": ""https://www.geonames.org/5464806"", ""direction"": ""ltr""}}",29b17ef0-5822-46dc-bf19-c9b2722ef433,"{""type"": ""Point"", ""coordinates"": [-107.75864, 32.2687]}"
08674697-a450-4089-8d9f-9e994dcf1a45,3dda9f54-d771-11ef-825b-0275dc2ded29,a3e9145b-ba55-4793-a0fa-189e0f404ca7,1,9b479f83-d4de-4c60-88e4-fde545e8ce36,"{""en"": {""value"": ""Washoe"", ""direction"": ""ltr""}}",[],[],16432668-6eb3-4045-9c71-06686457ab23,"{""en"": {""value"": ""Washoe (URI: https://www.geonames.org/5709906)"", ""direction"": ""ltr""}}",[],[],[],749b726c-052a-4321-9876-972675934876,"{""en"": {""value"": ""https://www.geonames.org/5709906"", ""direction"": ""ltr""}}",c4bc3329-155a-4c4e-b5e5-b295944e85fc,"{""type"": ""Point"", ""coordinates"": [-119.6643, 40.66542]}"
71677b59-5afb-4494-a99f-20bd66cad950,3dda9f54-d771-11ef-825b-0275dc2ded29,a3e9145b-ba55-4793-a0fa-189e0f404ca7,1,07ba6223-f38c-496e-b7f2-26efc79eff7e,"{""en"": {""value"": ""Bloomsbury"", ""direction"": ""ltr""}}",[],[],570749ba-a414-4a9b-b409-1ad3cca1748b,"{""en"": {""value"": ""Bloomsbury (URI: https://www.geonames.org/5095791)"", ""direction"": ""ltr""}}",[],[],[],99ecf413-8249-492b-bc76-d5fe7dacf75b,"{""en"": {""value"": ""https://www.geonames.org/5095791"", ""direction"": ""ltr""}}",2ff49835-5e3c-4c5f-99d9-b6cdebd90bfc,"{""type"": ""Point"", ""coordinates"": [-75.08656, 40.65399]}"
a0c57170-d66a-4314-8cde-159d48302a44,3dda9f54-d771-11ef-825b-0275dc2ded29,a3e9145b-ba55-4793-a0fa-189e0f404ca7,1,46b9325b-b3c7-4c4e-8695-d7e3e5d508f6,"{""en"": {""value"": ""Tajikistan"", ""direction"": ""ltr""}}",[],[],81d2d776-66d4-4375-aa37-8826ce7cc318,"{""en"": {""value"": ""Tajikistan (URI: https://www.geonames.org/1220409)"", ""direction"": ""ltr""}}",[],[],[],26e70293-cf46-45e3-a6d4-a89b78c63f79,"{""en"": {""value"": ""https://www.geonames.org/1220409"", ""direction"": ""ltr""}}",d1d62b8a-adc9-4e59-99e5-dde5374d68db,"{""type"": ""Point"", ""coordinates"": [71.0, 39.0]}"
8dd5f469-538d-4079-9977-1f4b620b1149,3dda9f54-d771-11ef-825b-0275dc2ded29,a3e9145b-ba55-4793-a0fa-189e0f404ca7,1,8d5b92ac-7062-4b5c-9d2c-e476f38fb4d1,"{""en"": {""value"": ""Pala"", ""direction"": ""ltr""}}",[],[],ab11e6e2-ab66-4b8d-818f-9211597f4c78,"{""en"": {""value"": ""Pala (URI: https://www.geonames.org/5380548)"", ""direction"": ""ltr""}}",[],[],[],2f53acae-7b86-4133-a63d-bd7237cd20ff,"{""en"": {""value"": ""https://www.geonames.org/5380548"", ""direction"": ""ltr""}}",6a9ea943-7d33-44ca-a3a8-01daeb700b29,"{""type"": ""Point"", ""coordinates"": [-117.0767, 33.36531]}"
1d5fe06d-06e3-46e7-95e2-13dfeebec77d,3dda9f54-d771-11ef-825b-0275dc2ded29,a3e9145b-ba55-4793-a0fa-189e0f404ca7,1,5f229ee3-471c-4556-b582-5a4dafc3dd40,"{""en"": {""value"": ""Dunhuang Shi"", ""direction"": ""ltr""}}",[],[],68db193c-9997-4e88-9e2e-5e53f18dad41,"{""en"": {""value"": ""Dunhuang Shi (URI: https://www.geonames.org/1529530)"", ""direction"": ""ltr""}}",[],[],[],474d1cc4-8b2f-45d4-8822-d1a64522a79d,"{""en"": {""value"": ""https://www.geonames.org/1529530"", ""direction"": ""ltr""}}",906e95cb-8dad-4157-b8ac-7f08fd4d16f6,"{""type"": ""Point"", ""coordinates"": [94.86163, 40.76726]}"
32c9e7be-f09f-4932-8564-1d6a9f44118d,3dda9f54-d771-11ef-825b-0275dc2ded29,a3e9145b-ba55-4793-a0fa-189e0f404ca7,1,c7073670-ac76-42dd-9687-a82864432598,"{""en"": {""value"": ""Pune"", ""direction"": ""ltr""}}",[],[],4b46f1bd-9057-4260-9677-aee4eddaad80,"{""en"": {""value"": ""Pune (URI: https://www.geonames.org/1259229)"", ""direction"": ""ltr""}}",[],[],[],a8d56bd8-9139-4054-9a6c-0fea84da955a,"{""en"": {""value"": ""https://www.geonames.org/1259229"", ""direction"": ""ltr""}}",5c6b4577-be9e-4199-a68b-0512460455c0,"{""type"": ""Point"", ""coordinates"": [73.85535, 18.51957]}"
89da5247-ba19-439b-9be2-fac7125e2d50,3dda9f54-d771-11ef-825b-0275dc2ded29,a3e9145b-ba55-4793-a0fa-189e0f404ca7,1,b36ecafb-52f1-4ed2-a5a1-a78643b99207,"{""en"": {""value"": ""Beroun"", ""direction"": ""ltr""}}",[],[],327e0611-d01f-4115-a54c-33d9fc64b3ec,"{""en"": {""value"": ""Beroun (URI: https://www.geonames.org/3079467)"", ""direction"": ""ltr""}}",[],[],[],8d688233-6577-475d-9959-81ada1916fdd,"{""en"": {""value"": ""https://www.geonames.org/3079467"", ""direction"": ""ltr""}}",a39340fd-a6f2-43d2-8f48-40bfe49e9734,"{""type"": ""Point"", ""coordinates"": [14.072, 49.96382]}"
65147367-22c3-458a-ad24-c328e2c0c083,3dda9f54-d771-11ef-825b-0275dc2ded29,a3e9145b-ba55-4793-a0fa-189e0f404ca7,1,5afb912d-2ea4-4b24-8d24-221c6c083365,"{""en"": {""value"": ""Lime City"", ""direction"": ""ltr""}}",[],[],7d6aa454-5c7d-41f3-9b95-cd30ada019d1,"{""en"": {""value"": ""Lime City (URI: https://www.geonames.org/5160818)"", ""direction"": ""ltr""}}",[],[],[],0de5e6b4-d6f7-4792-b63a-95f0a10d3e7d,"{""en"": {""value"": ""https://www.geonames.org/5160818"", ""direction"": ""ltr""}}",f36c4f4a-bbfa-43f6-a2a9-49daf2f8c7d0,"{""type"": ""Point"", ""coordinates"": [-83.56688, 41.53505]}"
5e980ec9-17cd-4ebd-be28-9e8900d4921c,3dda9f54-d771-11ef-825b-0275dc2ded29,a3e9145b-ba55-4793-a0fa-189e0f404ca7,1,7bca3df5-9bb7-4f08-9155-64323a919c39,"{""en"": {""value"": ""Queensland"", ""direction"": ""ltr""}}",[],[],4edf0e49-7b9f-41f6-b5e0-230b6c7666d5,"{""en"": {""value"": ""Queensland (URI: https://www.geonames.org/2152274)"", ""direction"": ""ltr""}}",[],[],[],b8551403-72aa-4a8b-8808-948174ca6840,"{""en"": {""value"": ""https://www.geonames.org/2152274"", ""direction"": ""ltr""}}",11314f4e-e16c-46ae-993e-b9a821ea1ed7,"{""type"": ""Point"", ""coordinates"": [145.0, -20.0]}"
cb0ac5a3-8026-46a5-92ff-1187daa6a635,3dda9f54-d771-11ef-825b-0275dc2ded29,a3e9145b-ba55-4793-a0fa-189e0f404ca7,1,f7c190f3-9bd3-4a69-8932-a1a44ac30097,"{""en"": {""value"": ""Todi"", ""direction"": ""ltr""}}",[],[],2fea3dd9-6494-441e-9b80-309df0f5eb94,"{""en"": {""value"": ""Todi (URI: https://www.geonames.org/6536883)"", ""direction"": ""ltr""}}",[],[],[],15e589bf-00dc-4947-a94a-13202b9dd54e,"{""en"": {""value"": ""https://www.geonames.org/6536883"", ""direction"": ""ltr""}}",8405f77b-b72b-4c48-ba77-1b49abbe07f8,"{""type"": ""Point"", ""coordinates"": [12.40456, 42.77994]}"
4283b0e7-2c26-4199-a24c-6704a0551ab2,3dda9f54-d771-11ef-825b-0275dc2ded29,a3e9145b-ba55-4793-a0fa-189e0f404ca7,1,3661364a-f47f-4b38-918c-544c9ec1a92b,"{""en"": {""value"": ""Eureka"", ""direction"": ""ltr""}}",[],[],13a6b1b3-c9b0-4fe9-a6c6-13f252b9eccf,"{""en"": {""value"": ""Eureka (URI: https://www.geonames.org/5703766)"", ""direction"": ""ltr""}}",[],[],[],13db0019-579e-4635-80d3-e5df51a52044,"{""en"": {""value"": ""https://www.geonames.org/5703766"", ""direction"": ""ltr""}}",166ca53f-a109-45dd-9a63-1b349df4fabe,"{""type"": ""Point"", ""coordinates"": [-116.26856, 39.98389]}"
c80bc5a9-06d7-4515-824a-af8e3500ec1b,3dda9f54-d771-11ef-825b-0275dc2ded29,a3e9145b-ba55-4793-a0fa-189e0f404ca7,1,eecef9e6-be88-44d1-b2c5-bd9bafb318ad,"{""en"": {""value"": ""Lone Pine"", ""direction"": ""ltr""}}",[],[],e1ad3134-a066-49ad-a27c-e0826396391e,"{""en"": {""value"": ""Lone Pine (URI: https://www.geonames.org/5367846)"", ""direction"": ""ltr""}}",[],[],[],3f0eaed0-5b41-428e-a461-e3d922864a70,"{""en"": {""value"": ""https://www.geonames.org/5367846"", ""direction"": ""ltr""}}",2c95af18-4eeb-4908-9614-554af2fdb236,"{""type"": ""Point"", ""coordinates"": [-118.06462, 36.60626]}"
40a91322-a974-451d-8b4a-837fa6116d6b,3dda9f54-d771-11ef-825b-0275dc2ded29,a3e9145b-ba55-4793-a0fa-189e0f404ca7,1,a028cb7a-199f-4359-8426-ff176622dfc1,"{""en"": {""value"": ""Owyhee"", ""direction"": ""ltr""}}",[],[],07689776-b085-4152-a82e-e7461a38878c,"{""en"": {""value"": ""Owyhee (URI: https://www.geonames.org/5603018)"", ""direction"": ""ltr""}}",[],[],[],7cb9b64d-15ad-40c2-896e-830e1cde8579,"{""en"": {""value"": ""https://www.geonames.org/5603018"", ""direction"": ""ltr""}}",5201a9e3-4c04-4be4-9675-e5c80791b1f0,"{""type"": ""Point"", ""coordinates"": [-116.16998, 42.58153]}"
d02ec6f7-efd3-4b02-9350-1855d6848ae0,3dda9f54-d771-11ef-825b-0275dc2ded29,a3e9145b-ba55-4793-a0fa-189e0f404ca7,1,5709595f-28c4-4737-98e0-f2b3d38ee183,"{""en"": {""value"": ""San Luis Obispo"", ""direction"": ""ltr""}}",[],[],8ceea1d9-ae1e-4cc3-9076-92d29dcc4b0f,"{""en"": {""value"": ""San Luis Obispo (URI: https://www.geonames.org/5392323)"", ""direction"": ""ltr""}}",[],[],[],c9d9f059-0909-4fa3-a11a-386e9fb86a75,"{""en"": {""value"": ""https://www.geonames.org/5392323"", ""direction"": ""ltr""}}",42fb542d-b16d-4e85-ba76-be1a4ea551e1,"{""type"": ""Point"", ""coordinates"": [-120.65962, 35.28275]}"
cd8167f1-4c4c-4674-bc68-a61ea9592f76,3dda9f54-d771-11ef-825b-0275dc2ded29,a3e9145b-ba55-4793-a0fa-189e0f404ca7,1,7683ac90-6ec5-4c3d-8c27-70900c9e6e8d,"{""en"": {""value"": ""San Juan"", ""direction"": ""ltr""}}",[],[],52176078-6769-403a-9228-14e42d8046f1,"{""en"": {""value"": ""San Juan (URI: https://www.geonames.org/5546337)"", ""direction"": ""ltr""}}",[],[],[],4990cb35-0c7e-4417-bf30-bd5db8a67076,"{""en"": {""value"": ""https://www.geonames.org/5546337"", ""direction"": ""ltr""}}",051cb963-472f-4e7a-b73d-3c0ccce5ef1c,"{""type"": ""Point"", ""coordinates"": [-109.80457, 37.62601]}"
57582120-40bc-46d8-bb85-296b7c696a6d,3dda9f54-d771-11ef-825b-0275dc2ded29,a3e9145b-ba55-4793-a0fa-189e0f404ca7,1,2e0e355e-629f-4996-9564-18395e1cac4a,"{""en"": {""value"": ""Nicaragua"", ""direction"": ""ltr""}}",[],[],5018e37c-29b3-40b2-ad9d-1a5fb10bc9ef,"{""en"": {""value"": ""Nicaragua (URI: https://www.geonames.org/3617476)"", ""direction"": ""ltr""}}",[],[],[],090d5385-705f-41a0-b4c3-a33c0b565830,"{""en"": {""value"": ""https://www.geonames.org/3617476"", ""direction"": ""ltr""}}",cf5010a5-d407-46ed-9b91-123ee5572366,"{""type"": ""Point"", ""coordinates"": [-85.0, 13.0]}"
c0d84e4a-4e16-4657-a020-1b958eb0ce9d,3dda9f54-d771-11ef-825b-0275dc2ded29,a3e9145b-ba55-4793-a0fa-189e0f404ca7,1,494c135b-49c5-48a6-b3e3-75d76e2b7a4d,"{""en"": {""value"": ""Mendocino"", ""direction"": ""ltr""}}",[],[],47e909de-0a69-43d6-8d4c-606776d0e38f,"{""en"": {""value"": ""Mendocino (URI: https://www.geonames.org/5372163)"", ""direction"": ""ltr""}}",[],[],[],b9e385ee-0969-4d8a-862a-1472f0b46dd0,"{""en"": {""value"": ""https://www.geonames.org/5372163"", ""direction"": ""ltr""}}",a1f200f5-c25c-41d5-9de5-a7ea73498492,"{""type"": ""Point"", ""coordinates"": [-123.43155, 39.43362]}"
21ce6649-6f04-4a23-b476-31d2832bb4d0,3dda9f54-d771-11ef-825b-0275dc2ded29,a3e9145b-ba55-4793-a0fa-189e0f404ca7,1,ad5971d0-d563-47c9-9304-9974ae207032,"{""en"": {""value"": ""Mitchell"", ""direction"": ""ltr""}}",[],[],70c5106d-8e31-41d2-98d7-56c6a73dbefd,"{""en"": {""value"": ""Mitchell (URI: https://www.geonames.org/4479817)"", ""direction"": ""ltr""}}",[],[],[],8e813064-02f3-4273-895d-a99a8938faf9,"{""en"": {""value"": ""https://www.geonames.org/4479817"", ""direction"": ""ltr""}}",8b9b500a-9d6f-4104-ab25-40782be59842,"{""type"": ""Point"", ""coordinates"": [-82.16347, 36.01329]}"
1451f03d-61dd-4b76-a07e-01b7edaeb452,3dda9f54-d771-11ef-825b-0275dc2ded29,a3e9145b-ba55-4793-a0fa-189e0f404ca7,1,293365c5-d2ed-4392-86c9-9e6db4b87be5,"{""en"": {""value"": ""Jiangxi"", ""direction"": ""ltr""}}",[],[],f5f43a42-2581-454c-8ba7-1910439469dd,"{""en"": {""value"": ""Jiangxi (URI: https://www.geonames.org/1806222)"", ""direction"": ""ltr""}}",[],[],[],c5766314-4854-4b40-aa07-6124f6446ff1,"{""en"": {""value"": ""https://www.geonames.org/1806222"", ""direction"": ""ltr""}}",4e56c8ce-ba5a-47d4-923c-bc5092c48808,"{""type"": ""Point"", ""coordinates"": [115.66667, 27.66667]}"
159baecc-7421-44bc-935f-436fba1732ac,3dda9f54-d771-11ef-825b-0275dc2ded29,a3e9145b-ba55-4793-a0fa-189e0f404ca7,1,dbfa275c-4a11-44d1-b091-9694116c20fc,"{""en"": {""value"": ""Republic"", ""direction"": ""ltr""}}",[],[],64d35d48-14f5-48be-99b5-2ef0c92ba6bc,"{""en"": {""value"": ""Republic (URI: https://www.geonames.org/5007015)"", ""direction"": ""ltr""}}",[],[],[],b89a790f-8a4b-481d-8560-7fafcd86156a,"{""en"": {""value"": ""https://www.geonames.org/5007015"", ""direction"": ""ltr""}}",c3999a81-3d2c-4204-972d-723806fd774f,"{""type"": ""Point"", ""coordinates"": [-87.97569, 46.40661]}"
229bb741-ecd6-436a-afaa-ff463722a7f6,3dda9f54-d771-11ef-825b-0275dc2ded29,a3e9145b-ba55-4793-a0fa-189e0f404ca7,1,396d7312-d8b6-4e30-a1bc-ef936bccf649,"{""en"": {""value"": ""San Francisco"", ""direction"": ""ltr""}}",[],[],b85e618a-7513-4d6e-8569-daa7c1d0b6a3,"{""en"": {""value"": ""San Francisco (URI: https://www.geonames.org/5391959)"", ""direction"": ""ltr""}}",[],[],[],963853c7-11f3-479b-9583-6a709b7c7e0d,"{""en"": {""value"": ""https://www.geonames.org/5391959"", ""direction"": ""ltr""}}",3e766e4a-2672-4a75-912a-67838299d04e,"{""type"": ""Point"", ""coordinates"": [-122.41942, 37.77493]}"
4bc7f02d-a560-4c49-a2f5-2fe2d8b8b046,3dda9f54-d771-11ef-825b-0275dc2ded29,a3e9145b-ba55-4793-a0fa-189e0f404ca7,1,b38d6e42-eabd-40b8-9011-8f11f476cd9b,"{""en"": {""value"": ""Baden-Wurttemberg"", ""direction"": ""ltr""}}",[],[],dc5b9579-741f-4e90-bdc9-9479545ef6f5,"{""en"": {""value"": ""Baden-Wurttemberg (URI: https://www.geonames.org/2953481)"", ""direction"": ""ltr""}}",[],[],[],9dc363ff-ec05-4357-9d44-4713538cc4fe,"{""en"": {""value"": ""https://www.geonames.org/2953481"", ""direction"": ""ltr""}}",7e08d04e-5ed4-4e3f-a432-bfb93a152b8b,"{""type"": ""Point"", ""coordinates"": [9.0, 48.5]}"
1ba3a48e-9de1-4579-a1e0-dc3b82f9e489,3dda9f54-d771-11ef-825b-0275dc2ded29,a3e9145b-ba55-4793-a0fa-189e0f404ca7,1,fe8fcd46-24e7-4a85-b5e2-380fa3cf1155,"{""en"": {""value"": ""Nhandeara"", ""direction"": ""ltr""}}",[],[],03503f5e-758d-4e4e-985b-5e9779e95762,"{""en"": {""value"": ""Nhandeara (URI: https://www.geonames.org/6322407)"", ""direction"": ""ltr""}}",[],[],[],8403cb76-0f53-4966-b656-7e04c9adc1e5,"{""en"": {""value"": ""https://www.geonames.org/6322407"", ""direction"": ""ltr""}}",217be544-7c7d-4e50-974d-44060d1fa555,"{""type"": ""Point"", ""coordinates"": [-50.05605, -20.66142]}"
3130e344-ff16-44dc-b550-8967876fc33b,3dda9f54-d771-11ef-825b-0275dc2ded29,a3e9145b-ba55-4793-a0fa-189e0f404ca7,1,a58d9b88-6cb9-495e-8d21-9f3cdf17b64f,"{""en"": {""value"": ""Wobic"", ""direction"": ""ltr""}}",[],[],e7f57ea7-8c22-486c-9309-d38c4c4faf6a,"{""en"": {""value"": ""Wobic (URI: https://www.geonames.org/5015352)"", ""direction"": ""ltr""}}",[],[],[],e0e0de8e-66ca-4233-8fb2-bac309d4d16c,"{""en"": {""value"": ""https://www.geonames.org/5015352"", ""direction"": ""ltr""}}",8f31f1b2-8d2b-4db5-965d-bc9714ee0fb2,"{""type"": ""Point"", ""coordinates"": [-87.95291, 46.50271]}"
3928e165-812f-494a-b6e8-2edce8ec3fe6,3dda9f54-d771-11ef-825b-0275dc2ded29,a3e9145b-ba55-4793-a0fa-189e0f404ca7,1,90ab8d74-ed57-4991-8f9c-3319587c2b9d,"{""en"": {""value"": ""Alberta"", ""direction"": ""ltr""}}",[],[],30f91578-89ed-4a31-8fd1-0910c858986a,"{""en"": {""value"": ""Alberta (URI: https://www.geonames.org/5883102)"", ""direction"": ""ltr""}}",[],[],[],a1f77a08-8e76-42dc-aab7-fc3886fa40b4,"{""en"": {""value"": ""https://www.geonames.org/5883102"", ""direction"": ""ltr""}}",90624a78-7a03-451f-9d80-15e594cd710e,"{""type"": ""Point"", ""coordinates"": [-117.469, 52.28333]}"
01192288-b978-41dc-9d14-de0b22bff227,3dda9f54-d771-11ef-825b-0275dc2ded29,a3e9145b-ba55-4793-a0fa-189e0f404ca7,1,df3de65a-4136-4b04-b8f6-12b8b340fb2d,"{""en"": {""value"": ""Zimbabwe"", ""direction"": ""ltr""}}",[],[],e4345707-7443-4817-a80f-f4a5c9142982,"{""en"": {""value"": ""Zimbabwe (URI: https://www.geonames.org/878675)"", ""direction"": ""ltr""}}",[],[],[],5f9ec670-2882-4ea6-bdc4-7644841dc007,"{""en"": {""value"": ""https://www.geonames.org/878675"", ""direction"": ""ltr""}}",510264c9-7631-472c-91b5-b2f6dd5d84ab,"{""type"": ""Point"", ""coordinates"": [29.75, -19.0]}"
85845ae0-d536-4d48-98d4-36a267400c02,3dda9f54-d771-11ef-825b-0275dc2ded29,a3e9145b-ba55-4793-a0fa-189e0f404ca7,1,33ee1ac4-9d30-4593-b9f0-c6360a27e7bd,"{""en"": {""value"": ""Allentown"", ""direction"": ""ltr""}}",[],[],7a7ef502-5aa5-4328-af86-85648e685d4a,"{""en"": {""value"": ""Allentown (URI: https://www.geonames.org/5178127)"", ""direction"": ""ltr""}}",[],[],[],44421500-305a-45b7-b083-95731eb46af2,"{""en"": {""value"": ""https://www.geonames.org/5178127"", ""direction"": ""ltr""}}",b8a52d6b-0469-4edf-a0a7-1013dc0e444f,"{""type"": ""Point"", ""coordinates"": [-75.49018, 40.60843]}"
b1f3c9b9-f1a9-4236-bd20-faa18dd2e30d,3dda9f54-d771-11ef-825b-0275dc2ded29,a3e9145b-ba55-4793-a0fa-189e0f404ca7,1,7db181ff-299e-417a-92c2-5a0b63f0181c,"{""en"": {""value"": ""Karelia"", ""direction"": ""ltr""}}",[],[],03cac80e-2257-417e-b2a6-6d381bf60da4,"{""en"": {""value"": ""Karelia (URI: https://www.geonames.org/552548)"", ""direction"": ""ltr""}}",[],[],[],c8c76723-93a0-4958-b059-7a6e8e95602c,"{""en"": {""value"": ""https://www.geonames.org/552548"", ""direction"": ""ltr""}}",82e9371e-3818-4a49-a1c8-1845d25db5fb,"{""type"": ""Point"", ""coordinates"": [33.10671, 63.76634]}"
14159e22-fecd-490d-bca8-daf79315741c,3dda9f54-d771-11ef-825b-0275dc2ded29,a3e9145b-ba55-4793-a0fa-189e0f404ca7,1,91a15048-7aeb-4843-ab2f-cd77a9c1d2d3,"{""en"": {""value"": ""McMurdo Station"", ""direction"": ""ltr""}}",[],[],cd6929fc-b242-42e1-b672-c69388c5c2ee,"{""en"": {""value"": ""McMurdo Station (URI: https://www.geonames.org/6696480)"", ""direction"": ""ltr""}}",[],[],[],facdf3b8-b467-4ca1-a0fc-bd3e098297cf,"{""en"": {""value"": ""https://www.geonames.org/6696480"", ""direction"": ""ltr""}}",2848dbed-3160-4aca-83ea-d2f7f227efde,"{""type"": ""Point"", ""coordinates"": [166.66824, -77.84632]}"
94e121fe-83f8-4d3f-b22f-51b1e53bc376,3dda9f54-d771-11ef-825b-0275dc2ded29,a3e9145b-ba55-4793-a0fa-189e0f404ca7,1,2a93490c-7e08-4524-9ff7-7f92b5bea710,"{""en"": {""value"": ""Las Animas County"", ""direction"": ""ltr""}}",[],[],3d1d0aba-a82c-45e8-8e14-9c4b5cd0c9e1,"{""en"": {""value"": ""Las Animas County (URI: https://www.geonames.org/5428059)"", ""direction"": ""ltr""}}",[],[],[],2404d940-c597-4186-873a-87e276775fdd,"{""en"": {""value"": ""https://www.geonames.org/5428059"", ""direction"": ""ltr""}}",4fa2fe6f-edba-4c28-8da4-79eeaed56e33,"{""type"": ""Point"", ""coordinates"": [-104.03872, 37.31585]}"
67a80404-7151-4ba3-bf50-e78a0f9b9fed,3dda9f54-d771-11ef-825b-0275dc2ded29,a3e9145b-ba55-4793-a0fa-189e0f404ca7,1,97130249-97ce-4d35-b1b7-47784d2c4108,"{""en"": {""value"": ""Jbel A’youy"", ""direction"": ""ltr""}}",[],[],fc4f853c-8419-41e7-8050-5a24d553453b,"{""en"": {""value"": ""Jbel A’youy (URI: https://www.geonames.org/2560756)"", ""direction"": ""ltr""}}",[],[],[],f8880868-e7e3-49f9-9d3b-a141048d5ee1,"{""en"": {""value"": ""https://www.geonames.org/2560756"", ""direction"": ""ltr""}}",43553e5a-6094-4507-baa5-3878b60ce286,"{""type"": ""Point"", ""coordinates"": [-6.15039, 31.79862]}"
088671e4-8eab-439c-98f8-804be473469a,3dda9f54-d771-11ef-825b-0275dc2ded29,a3e9145b-ba55-4793-a0fa-189e0f404ca7,1,5f640833-1420-48a6-b92a-91cee9a74725,"{""en"": {""value"": ""Proença-a-Nova Municipality"", ""direction"": ""ltr""}}",[],[],cefbae25-1fd3-4f3d-b2c1-5f3634077c22,"{""en"": {""value"": ""Proença-a-Nova Municipality (URI: https://www.geonames.org/8010478)"", ""direction"": ""ltr""}}",[],[],[],bc610579-939e-44e7-b5d4-9f1a94215646,"{""en"": {""value"": ""https://www.geonames.org/8010478"", ""direction"": ""ltr""}}",9c1cf98c-8e80-47f3-ab19-c513d716ee3a,"{""type"": ""Point"", ""coordinates"": [-7.92595, 39.757]}"
26227bee-4ad8-45e1-b1a9-b0f9f9dbda05,3dda9f54-d771-11ef-825b-0275dc2ded29,a3e9145b-ba55-4793-a0fa-189e0f404ca7,1,7257087b-8887-443c-990e-742cae135738,"{""en"": {""value"": ""Passaic"", ""direction"": ""ltr""}}",[],[],aad8fc06-6343-4104-b522-f863b9c8af9c,"{""en"": {""value"": ""Passaic (URI: https://www.geonames.org/5102445)"", ""direction"": ""ltr""}}",[],[],[],deea15c7-7c7e-4e8c-af69-e5ab22e892bf,"{""en"": {""value"": ""https://www.geonames.org/5102445"", ""direction"": ""ltr""}}",5c80b11e-a855-4a74-8ddf-e6fea8d6f4f6,"{""type"": ""Point"", ""coordinates"": [-74.30032, 41.0337]}"
67a5044a-1355-48f7-a38c-66b00842c977,3dda9f54-d771-11ef-825b-0275dc2ded29,a3e9145b-ba55-4793-a0fa-189e0f404ca7,1,33978a40-568e-4b2e-97ad-2cb27e89602b,"{""en"": {""value"": ""Rheinland-Pfalz"", ""direction"": ""ltr""}}",[],[],5c475d67-34be-4c76-9a76-e59f51fc4ea6,"{""en"": {""value"": ""Rheinland-Pfalz (URI: https://www.geonames.org/2847618)"", ""direction"": ""ltr""}}",[],[],[],b4aa5ab3-710b-4613-9e9d-7f145a1b94e6,"{""en"": {""value"": ""https://www.geonames.org/2847618"", ""direction"": ""ltr""}}",8debb8a1-f0b2-4aa0-9a35-319ce8f92675,"{""type"": ""Point"", ""coordinates"": [7.5, 49.66667]}"
c43acd6e-8627-41d4-ba3d-27d74fabd107,3dda9f54-d771-11ef-825b-0275dc2ded29,a3e9145b-ba55-4793-a0fa-189e0f404ca7,1,6e339810-23b2-4975-a234-a4203e5841a1,"{""en"": {""value"": ""Northern Cape"", ""direction"": ""ltr""}}",[],[],890a4bb5-cfbe-4b0d-a445-5f59fd85ead2,"{""en"": {""value"": ""Northern Cape (URI: https://www.geonames.org/1085596)"", ""direction"": ""ltr""}}",[],[],[],f88335fc-3550-4b3f-98d2-df775dc7e31a,"{""en"": {""value"": ""https://www.geonames.org/1085596"", ""direction"": ""ltr""}}",c75ba622-f9c1-416d-b5b0-dd95413e40f7,"{""type"": ""Point"", ""coordinates"": [22.0, -29.5]}"
3cdbfb2a-4918-43a9-8b33-c019afbcad79,3dda9f54-d771-11ef-825b-0275dc2ded29,a3e9145b-ba55-4793-a0fa-189e0f404ca7,1,05081758-b2cf-4a7f-bfd4-38a09272befb,"{""en"": {""value"": ""North Sumatra"", ""direction"": ""ltr""}}",[],[],530e15e2-8ddf-4362-b31d-0196f3f41d21,"{""en"": {""value"": ""North Sumatra (URI: https://www.geonames.org/1213642)"", ""direction"": ""ltr""}}",[],[],[],9da1707c-f747-41e0-8898-e705a86b54f9,"{""en"": {""value"": ""https://www.geonames.org/1213642"", ""direction"": ""ltr""}}",6f3cfd28-11a8-4d1c-9f44-1b9cc200058e,"{""type"": ""Point"", ""coordinates"": [99.0, 2.0]}"
788f8114-cd9e-4303-9968-87235f76059d,3dda9f54-d771-11ef-825b-0275dc2ded29,a3e9145b-ba55-4793-a0fa-189e0f404ca7,1,bb6b4eb2-05f4-4361-a6fc-7c5c80bfbc6a,"{""en"": {""value"": ""Istanbul"", ""direction"": ""ltr""}}",[],[],14e79238-2436-481f-9644-443c89c38e43,"{""en"": {""value"": ""Istanbul (URI: https://www.geonames.org/745044)"", ""direction"": ""ltr""}}",[],[],[],ae644b8a-4649-402d-aa08-4533c86301d0,"{""en"": {""value"": ""https://www.geonames.org/745044"", ""direction"": ""ltr""}}",9af0c38b-69f9-4cca-84b9-81f8bdfae2cb,"{""type"": ""Point"", ""coordinates"": [28.94966, 41.01384]}"
ab658d61-0f1d-4a73-bb0e-c18e04e56573,3dda9f54-d771-11ef-825b-0275dc2ded29,a3e9145b-ba55-4793-a0fa-189e0f404ca7,1,945a15f2-a8e1-41ef-a013-344f2fef6085,"{""en"": {""value"": ""North Island"", ""direction"": ""ltr""}}",[],[],7589955f-5c48-4857-ad8b-79799920b685,"{""en"": {""value"": ""North Island (URI: https://www.geonames.org/2185983)"", ""direction"": ""ltr""}}",[],[],[],5586895f-2363-4508-a3ce-6db93bba4ab5,"{""en"": {""value"": ""https://www.geonames.org/2185983"", ""direction"": ""ltr""}}",cf35043b-5181-4798-9694-1ea71a115c66,"{""type"": ""Point"", ""coordinates"": [176.0, -39.0]}"
5b6b4845-07d9-40d0-b491-e02761b3c5ce,3dda9f54-d771-11ef-825b-0275dc2ded29,a3e9145b-ba55-4793-a0fa-189e0f404ca7,1,1b9f0a42-5f86-498c-b237-cdc5942068d0,"{""en"": {""value"": ""Mineral"", ""direction"": ""ltr""}}",[],[],b82bde08-0f89-4733-956b-0262b3e7bc1c,"{""en"": {""value"": ""Mineral (URI: https://www.geonames.org/5431333)"", ""direction"": ""ltr""}}",[],[],[],e5947c9a-837a-4932-b7da-626c0abe5013,"{""en"": {""value"": ""https://www.geonames.org/5431333"", ""direction"": ""ltr""}}",a60e2be8-fb15-40d4-829e-788489a4ec97,"{""type"": ""Point"", ""coordinates"": [-106.92409, 37.669]}"
9d1842cf-ff0c-4684-b889-0d5d982a9b6f,3dda9f54-d771-11ef-825b-0275dc2ded29,a3e9145b-ba55-4793-a0fa-189e0f404ca7,1,c6193fdf-0979-4ef2-9f31-c7acaf50af1f,"{""en"": {""value"": ""Itasca"", ""direction"": ""ltr""}}",[],[],46b2a4ff-3c1b-4560-a146-324632e1cf13,"{""en"": {""value"": ""Itasca (URI: https://www.geonames.org/5031616)"", ""direction"": ""ltr""}}",[],[],[],ff29895c-dc95-4be3-94ee-d242e0d3f5a1,"{""en"": {""value"": ""https://www.geonames.org/5031616"", ""direction"": ""ltr""}}",265059b8-b2c5-459f-85b8-b1b34b39fefa,"{""type"": ""Point"", ""coordinates"": [-93.632, 47.50953]}"
483c813b-2229-4cc2-b866-9ecc4a40af23,3dda9f54-d771-11ef-825b-0275dc2ded29,a3e9145b-ba55-4793-a0fa-189e0f404ca7,1,a4404e28-ce51-4089-8d66-02b02788b28b,"{""en"": {""value"": ""Ithaca"", ""direction"": ""ltr""}}",[],[],106e0350-b357-4380-86f3-66179267afdb,"{""en"": {""value"": ""Ithaca (URI: https://www.geonames.org/5122432)"", ""direction"": ""ltr""}}",[],[],[],bc7528fe-16c0-4726-a29b-df38fef40e7f,"{""en"": {""value"": ""https://www.geonames.org/5122432"", ""direction"": ""ltr""}}",ff5ee37d-5939-41f9-b196-2a95386ef920,"{""type"": ""Point"", ""coordinates"": [-76.49661, 42.44063]}"
e0164dc5-6011-465a-b7b5-65f8fde3c0f7,3dda9f54-d771-11ef-825b-0275dc2ded29,a3e9145b-ba55-4793-a0fa-189e0f404ca7,1,a7249a86-87e4-4a21-b427-1d82e0c0a84a,"{""en"": {""value"": ""Nova Lima"", ""direction"": ""ltr""}}",[],[],7d88f40a-d7aa-4a8d-abb1-f216797cad3c,"{""en"": {""value"": ""Nova Lima (URI: https://www.geonames.org/3456147)"", ""direction"": ""ltr""}}",[],[],[],34b6c8cf-f8c1-432b-b148-32601faabb40,"{""en"": {""value"": ""https://www.geonames.org/3456147"", ""direction"": ""ltr""}}",465db684-8bb8-45cf-883a-c91a44724c6b,"{""type"": ""Point"", ""coordinates"": [-43.84667, -19.98556]}"
2a7c53fa-fd43-4d79-ad59-fa200f3e7326,3dda9f54-d771-11ef-825b-0275dc2ded29,a3e9145b-ba55-4793-a0fa-189e0f404ca7,1,b538772a-9b10-4a0f-a299-57ccc1fb19b7,"{""en"": {""value"": ""Quartzsite"", ""direction"": ""ltr""}}",[],[],a6bc60ad-c5f4-49d8-8abf-817627475c86,"{""en"": {""value"": ""Quartzsite (URI: https://www.geonames.org/5310183)"", ""direction"": ""ltr""}}",[],[],[],1e75cba9-eb3d-4a1f-bb4e-47da6f7e40c2,"{""en"": {""value"": ""https://www.geonames.org/5310183"", ""direction"": ""ltr""}}",0c6ae3cb-300a-4d2d-884b-6ffbbb7ec56d,"{""type"": ""Point"", ""coordinates"": [-114.22995, 33.66391]}"
62e41fe3-86d7-4b90-abca-ffbabbd34a1a,3dda9f54-d771-11ef-825b-0275dc2ded29,a3e9145b-ba55-4793-a0fa-189e0f404ca7,1,3696023f-973f-442b-bec3-f2013b9de9cf,"{""en"": {""value"": ""Santa Cruz de Tenerife"", ""direction"": ""ltr""}}",[],[],4d41585d-7b84-425e-9e9e-61003596638d,"{""en"": {""value"": ""Santa Cruz de Tenerife (URI: https://www.geonames.org/2511174)"", ""direction"": ""ltr""}}",[],[],[],16dfe946-04c2-4a0b-9bd1-8e939740f53c,"{""en"": {""value"": ""https://www.geonames.org/2511174"", ""direction"": ""ltr""}}",468420b2-a5c8-48f4-a49c-e1f77636ce59,"{""type"": ""Point"", ""coordinates"": [-16.25462, 28.46824]}"
3e2f1480-ddf0-4ea2-8201-fcb5ae17e4d0,3dda9f54-d771-11ef-825b-0275dc2ded29,a3e9145b-ba55-4793-a0fa-189e0f404ca7,1,0ef56bf3-b898-4073-8f5b-6e315e7afd70,"{""en"": {""value"": ""Algeria"", ""direction"": ""ltr""}}",[],[],32d74bab-2f1f-4ad9-b58b-598c6749729c,"{""en"": {""value"": ""Algeria (URI: https://www.geonames.org/2589581)"", ""direction"": ""ltr""}}",[],[],[],3b690ca7-996f-4367-9314-87f735dceb8a,"{""en"": {""value"": ""https://www.geonames.org/2589581"", ""direction"": ""ltr""}}",620a313c-67bd-4106-acab-d49cf290e868,"{""type"": ""Point"", ""coordinates"": [3.0, 28.0]}"
ce520e96-5454-44dd-b7d6-1b01ca9f2f9a,3dda9f54-d771-11ef-825b-0275dc2ded29,a3e9145b-ba55-4793-a0fa-189e0f404ca7,1,0b75235a-f2b3-4386-88a2-69d087d6a903,"{""en"": {""value"": ""Iwate"", ""direction"": ""ltr""}}",[],[],8443eeb1-ee93-49dd-a145-fcd85a805706,"{""en"": {""value"": ""Iwate (URI: https://www.geonames.org/2112518)"", ""direction"": ""ltr""}}",[],[],[],043faaef-c6e2-45c6-83b3-45f78f34ff70,"{""en"": {""value"": ""https://www.geonames.org/2112518"", ""direction"": ""ltr""}}",e74fb82e-101f-4e4a-b2dc-dfcc66cbdabc,"{""type"": ""Point"", ""coordinates"": [141.35, 39.6]}"
7be01ad8-0e68-4070-8da6-063f7eeddb73,3dda9f54-d771-11ef-825b-0275dc2ded29,a3e9145b-ba55-4793-a0fa-189e0f404ca7,1,ba130df1-6dcf-471d-9a62-107d0127c2cf,"{""en"": {""value"": ""Putnam"", ""direction"": ""ltr""}}",[],[],dcc75802-616d-4f2e-8df2-a968f22b6265,"{""en"": {""value"": ""Putnam (URI: https://www.geonames.org/5133166)"", ""direction"": ""ltr""}}",[],[],[],fa27a778-b13c-4723-84b3-6fda0cfa9772,"{""en"": {""value"": ""https://www.geonames.org/5133166"", ""direction"": ""ltr""}}",0d71faec-887d-47e2-8d3f-52ed11666557,"{""type"": ""Point"", ""coordinates"": [-73.74951, 41.42666]}"
fd3b50c1-e9b9-416d-8fe8-f5612c8f1276,3dda9f54-d771-11ef-825b-0275dc2ded29,a3e9145b-ba55-4793-a0fa-189e0f404ca7,1,48d5c3f1-2a5d-4145-b135-8cd58e1ae994,"{""en"": {""value"": ""Santa Cruz"", ""direction"": ""ltr""}}",[],[],e7e4bad2-dad4-4ceb-b81f-73c7ae3f1d8b,"{""en"": {""value"": ""Santa Cruz (URI: https://www.geonames.org/5313135)"", ""direction"": ""ltr""}}",[],[],[],900234b7-10cc-4270-ad20-8662c9036854,"{""en"": {""value"": ""https://www.geonames.org/5313135"", ""direction"": ""ltr""}}",1327dea5-bb06-4977-9376-2c23c2e7fded,"{""type"": ""Point"", ""coordinates"": [-110.84657, 31.526]}"
4ecf66cd-dd5b-4b20-aafe-5d221ede1598,3dda9f54-d771-11ef-825b-0275dc2ded29,a3e9145b-ba55-4793-a0fa-189e0f404ca7,1,e6673e28-39c7-4b51-8150-5036782ee223,"{""en"": {""value"": ""Pennington"", ""direction"": ""ltr""}}",[],[],9e11675a-488f-48aa-b6c8-da956fe4acf1,"{""en"": {""value"": ""Pennington (URI: https://www.geonames.org/5767840)"", ""direction"": ""ltr""}}",[],[],[],7d87882c-e34f-40a8-a890-d7257c0060f1,"{""en"": {""value"": ""https://www.geonames.org/5767840"", ""direction"": ""ltr""}}",f943dd92-faae-4778-8c6a-bb30509b96f5,"{""type"": ""Point"", ""coordinates"": [-102.82383, 44.00373]}"
183746f8-7b1a-4811-8e2f-69ecf19f7f21,3dda9f54-d771-11ef-825b-0275dc2ded29,a3e9145b-ba55-4793-a0fa-189e0f404ca7,1,d9443950-6657-4409-b7fe-c7ed37664816,"{""en"": {""value"": ""Peloponnese"", ""direction"": ""ltr""}}",[],[],9d1ce578-1bb2-4562-af57-1b143a3c2378,"{""en"": {""value"": ""Peloponnese (URI: https://www.geonames.org/6697807)"", ""direction"": ""ltr""}}",[],[],[],750c2411-6b05-4091-81d2-f901b9554194,"{""en"": {""value"": ""https://www.geonames.org/6697807"", ""direction"": ""ltr""}}",97626fa1-0b8e-448e-9426-d516610e380c,"{""type"": ""Point"", ""coordinates"": [22.43958, 37.62728]}"
e15c4035-ac96-405a-82db-cdb97437704d,3dda9f54-d771-11ef-825b-0275dc2ded29,a3e9145b-ba55-4793-a0fa-189e0f404ca7,1,4c243368-16f6-401c-b9f8-bb62942f80d9,"{""en"": {""value"": ""Santa Clara"", ""direction"": ""ltr""}}",[],[],4746f130-7497-44d8-9edc-51363b6a34b2,"{""en"": {""value"": ""Santa Clara (URI: https://www.geonames.org/5393021)"", ""direction"": ""ltr""}}",[],[],[],c2a768a0-4d3f-4107-8b66-8db26d4532a6,"{""en"": {""value"": ""https://www.geonames.org/5393021"", ""direction"": ""ltr""}}",8bde2ca0-d941-483d-aa3a-8b2a5215fb4a,"{""type"": ""Point"", ""coordinates"": [-121.69627, 37.23249]}"
4f414cd9-a12e-40c4-aab9-6d1a3703e130,3dda9f54-d771-11ef-825b-0275dc2ded29,a3e9145b-ba55-4793-a0fa-189e0f404ca7,1,af2b1a36-5d4e-4a84-affb-2c184bbf128c,"{""en"": {""value"": ""Minnesota"", ""direction"": ""ltr""}}",[],[],a4f339b4-c1eb-4f76-a170-2631454888ae,"{""en"": {""value"": ""Minnesota (URI: https://www.geonames.org/5037779)"", ""direction"": ""ltr""}}",[],[],[],fb336215-b939-406b-8e66-b4d2fc1d28e0,"{""en"": {""value"": ""https://www.geonames.org/5037779"", ""direction"": ""ltr""}}",1e18518b-c7a6-49bb-b8c9-14db7c78638f,"{""type"": ""Point"", ""coordinates"": [-94.25055, 46.25024]}"
b839815c-86a5-4a09-bc57-92b6c876ee00,3dda9f54-d771-11ef-825b-0275dc2ded29,a3e9145b-ba55-4793-a0fa-189e0f404ca7,1,d93622b5-88c4-4689-a7c7-512498e47b2f,"{""en"": {""value"": ""Algiers"", ""direction"": ""ltr""}}",[],[],39f4c2ce-a63e-449d-96d2-26012c9c9769,"{""en"": {""value"": ""Algiers (URI: https://www.geonames.org/2507475)"", ""direction"": ""ltr""}}",[],[],[],ef740a70-9f7a-4d88-811e-f3e4454e5c1f,"{""en"": {""value"": ""https://www.geonames.org/2507475"", ""direction"": ""ltr""}}",291e5616-8141-40f6-90f9-a9963f9d2cb8,"{""type"": ""Point"", ""coordinates"": [3.00957, 36.74053]}"
d767828f-a340-417e-95bd-bcd2285a9159,3dda9f54-d771-11ef-825b-0275dc2ded29,a3e9145b-ba55-4793-a0fa-189e0f404ca7,1,0e206a9f-cfb2-4017-8708-3043e7e86d6d,"{""en"": {""value"": ""Padua"", ""direction"": ""ltr""}}",[],[],0671bdf2-b69a-433a-89fe-fd482dce7bba,"{""en"": {""value"": ""Padua (URI: https://www.geonames.org/3171728)"", ""direction"": ""ltr""}}",[],[],[],2e6d1070-e5c4-4b42-b50a-b1847bea936f,"{""en"": {""value"": ""https://www.geonames.org/3171728"", ""direction"": ""ltr""}}",9b7248e2-b161-49e6-9f96-b5b533b6a907,"{""type"": ""Point"", ""coordinates"": [11.88586, 45.40797]}"
4cd20f1b-cc20-4d77-b2c1-a9c29abd0e53,3dda9f54-d771-11ef-825b-0275dc2ded29,a3e9145b-ba55-4793-a0fa-189e0f404ca7,1,5c085ea1-e4d2-4d07-9096-52a9e69b0133,"{""en"": {""value"": ""Marysvale"", ""direction"": ""ltr""}}",[],[],bc67cb74-ed74-4101-951f-081309c2de4a,"{""en"": {""value"": ""Marysvale (URI: https://www.geonames.org/5542858)"", ""direction"": ""ltr""}}",[],[],[],3c2faf7d-af99-4eeb-87d7-45a100bbf97b,"{""en"": {""value"": ""https://www.geonames.org/5542858"", ""direction"": ""ltr""}}",857dd238-1833-4445-ab45-b40312f1c390,"{""type"": ""Point"", ""coordinates"": [-112.2302, 38.44942]}"
fa4ecc30-160c-4679-8427-abc7357621af,3dda9f54-d771-11ef-825b-0275dc2ded29,a3e9145b-ba55-4793-a0fa-189e0f404ca7,1,f816c093-6ca9-4e31-9745-3cfa46d85414,"{""en"": {""value"": ""Parnassus"", ""direction"": ""ltr""}}",[],[],4934e581-9403-4497-9d94-c6cd4f411079,"{""en"": {""value"": ""Parnassus (URI: https://www.geonames.org/255730)"", ""direction"": ""ltr""}}",[],[],[],a09a62dc-6f13-4127-8114-aefc05e67e9b,"{""en"": {""value"": ""https://www.geonames.org/255730"", ""direction"": ""ltr""}}",0880e1fd-a51e-43e5-b7b5-536fe268ad8e,"{""type"": ""Point"", ""coordinates"": [22.62188, 38.53528]}"
143e0aab-ce14-493d-be28-847116158859,3dda9f54-d771-11ef-825b-0275dc2ded29,a3e9145b-ba55-4793-a0fa-189e0f404ca7,1,6beece34-4922-49c4-a33a-2f063296c782,"{""en"": {""value"": ""Kreisfreie Stadt Wiesbaden"", ""direction"": ""ltr""}}",[],[],4ee6b151-cc53-4251-9633-e56855b77b13,"{""en"": {""value"": ""Kreisfreie Stadt Wiesbaden (URI: https://www.geonames.org/3220990)"", ""direction"": ""ltr""}}",[],[],[],6d8db897-4e98-48bb-a313-c68307b33ea1,"{""en"": {""value"": ""https://www.geonames.org/3220990"", ""direction"": ""ltr""}}",ed920b37-97c2-408d-ad74-e957b6523438,"{""type"": ""Point"", ""coordinates"": [8.25639, 50.0825]}"
06ab4467-c149-428a-bbfe-eb1bc2a28667,3dda9f54-d771-11ef-825b-0275dc2ded29,a3e9145b-ba55-4793-a0fa-189e0f404ca7,1,7f1fd5dc-ea45-4e80-aa17-3ab8404cea8b,"{""en"": {""value"": ""Nenthead"", ""direction"": ""ltr""}}",[],[],f9795f00-3cca-450a-babe-f3a50ab700ec,"{""en"": {""value"": ""Nenthead (URI: https://www.geonames.org/2641808)"", ""direction"": ""ltr""}}",[],[],[],29651217-9ee9-44d8-a940-e616a481cb70,"{""en"": {""value"": ""https://www.geonames.org/2641808"", ""direction"": ""ltr""}}",0babc805-c8a1-467e-82a0-2ae367082eb0,"{""type"": ""Point"", ""coordinates"": [-2.34215, 54.78921]}"
878555e8-3bf5-4642-a9c8-4777b1393e31,3dda9f54-d771-11ef-825b-0275dc2ded29,a3e9145b-ba55-4793-a0fa-189e0f404ca7,1,890a9186-2f67-47aa-9453-6fe8bf154738,"{""en"": {""value"": ""Kyoto"", ""direction"": ""ltr""}}",[],[],5e5d11e4-0585-4a83-a14a-c87b2cb3e42a,"{""en"": {""value"": ""Kyoto (URI: https://www.geonames.org/1857907)"", ""direction"": ""ltr""}}",[],[],[],ea36b611-0c6f-4812-97d9-c48e075b4ac1,"{""en"": {""value"": ""https://www.geonames.org/1857907"", ""direction"": ""ltr""}}",e713c12b-a024-47f1-a911-e3cd60ef6902,"{""type"": ""Point"", ""coordinates"": [135.43333, 35.25]}"
1aa834c6-2bf1-4d22-b57d-6ba9e1892bab,3dda9f54-d771-11ef-825b-0275dc2ded29,a3e9145b-ba55-4793-a0fa-189e0f404ca7,1,65dda0dc-6f11-4a51-85aa-6aed344ee06b,"{""en"": {""value"": ""Makassar"", ""direction"": ""ltr""}}",[],[],5e3ca73c-df37-40ad-8360-9a8023123378,"{""en"": {""value"": ""Makassar (URI: https://www.geonames.org/1622786)"", ""direction"": ""ltr""}}",[],[],[],0ee860bb-4fc8-48d2-b671-122d95442e24,"{""en"": {""value"": ""https://www.geonames.org/1622786"", ""direction"": ""ltr""}}",28f3c927-58d2-4370-b1b8-a8d71d9692cd,"{""type"": ""Point"", ""coordinates"": [119.43194, -5.14861]}"
1acd23aa-7c3a-4c1e-ba0d-4cce6645386f,3dda9f54-d771-11ef-825b-0275dc2ded29,a3e9145b-ba55-4793-a0fa-189e0f404ca7,1,b3271b55-c6bc-46e0-94a1-940c4b76fea6,"{""en"": {""value"": ""Longvale"", ""direction"": ""ltr""}}",[],[],26a6b662-6b22-482f-ba0e-ff115e91304e,"{""en"": {""value"": ""Longvale (URI: https://www.geonames.org/5368179)"", ""direction"": ""ltr""}}",[],[],[],53faaf43-709f-4363-9f01-12b5b13ca0dc,"{""en"": {""value"": ""https://www.geonames.org/5368179"", ""direction"": ""ltr""}}",db68e4c7-cbeb-42cf-a102-ca6563bdb048,"{""type"": ""Point"", ""coordinates"": [-123.42974, 39.55516]}"
97d1a152-39b6-4a7f-bade-27d9a7788afb,3dda9f54-d771-11ef-825b-0275dc2ded29,a3e9145b-ba55-4793-a0fa-189e0f404ca7,1,d7c666ab-090c-459b-a3d2-30d1e38f4796,"{""en"": {""value"": ""Madison"", ""direction"": ""ltr""}}",[],[],d994fdec-28e9-4e98-9163-5ffee1b91bd6,"{""en"": {""value"": ""Madison (URI: https://www.geonames.org/5664295)"", ""direction"": ""ltr""}}",[],[],[],781c5110-1687-4f7c-8e20-a131fabfba22,"{""en"": {""value"": ""https://www.geonames.org/5664295"", ""direction"": ""ltr""}}",5c784fc2-b98d-4749-ba68-bf32ed2d3069,"{""type"": ""Point"", ""coordinates"": [-111.92033, 45.30074]}"
da25a10c-7257-4843-a2c6-03d51673690c,3dda9f54-d771-11ef-825b-0275dc2ded29,a3e9145b-ba55-4793-a0fa-189e0f404ca7,1,8f676d5e-6f30-4152-8ac9-e3a04777bf4c,"{""en"": {""value"": ""Nagasaki"", ""direction"": ""ltr""}}",[],[],e4931e9f-bfb8-4b32-8e09-fe88f3fd5935,"{""en"": {""value"": ""Nagasaki (URI: https://www.geonames.org/1856156)"", ""direction"": ""ltr""}}",[],[],[],6c1b57e1-8abc-447c-a14f-9fd215241877,"{""en"": {""value"": ""https://www.geonames.org/1856156"", ""direction"": ""ltr""}}",a1e5dcd1-0d9d-4201-b9f3-6693bf753304,"{""type"": ""Point"", ""coordinates"": [129.6, 33.23333]}"
11eb11c4-eecc-4ef8-8621-14a118e33bf7,3dda9f54-d771-11ef-825b-0275dc2ded29,a3e9145b-ba55-4793-a0fa-189e0f404ca7,1,4ec8e381-dfbe-4091-803a-29b0f98a8c8f,"{""en"": {""value"": ""Monte Amiata"", ""direction"": ""ltr""}}",[],[],0d1aaaa1-a197-4c06-9c03-ae41bb0d26b2,"{""en"": {""value"": ""Monte Amiata (URI: https://www.geonames.org/3183110)"", ""direction"": ""ltr""}}",[],[],[],031f02da-a35c-478f-9a07-403ddc81e565,"{""en"": {""value"": ""https://www.geonames.org/3183110"", ""direction"": ""ltr""}}",909382ee-43c4-4f57-b272-22b5b1f2c1d7,"{""type"": ""Point"", ""coordinates"": [11.62414, 42.88769]}"
27366e73-1e8e-4fde-b00d-b741236dcc9a,3dda9f54-d771-11ef-825b-0275dc2ded29,a3e9145b-ba55-4793-a0fa-189e0f404ca7,1,5349ef3a-23ce-4801-a6f6-4036c4c437a0,"{""en"": {""value"": ""Orchard Hill"", ""direction"": ""ltr""}}",[],[],2568d211-792f-4e45-9a19-c6847326ad80,"{""en"": {""value"": ""Orchard Hill (URI: https://www.geonames.org/4840119)"", ""direction"": ""ltr""}}",[],[],[],cd168370-74b0-479e-8652-5d63763bd5f7,"{""en"": {""value"": ""https://www.geonames.org/4840119"", ""direction"": ""ltr""}}",47109568-9495-41ad-bccd-b421d8a650fd,"{""type"": ""Point"", ""coordinates"": [-73.25928, 41.16704]}"
e41c80d4-82ad-46b2-98bd-166a9b256a7f,3dda9f54-d771-11ef-825b-0275dc2ded29,a3e9145b-ba55-4793-a0fa-189e0f404ca7,1,3a2d8c7b-daa2-4291-a6b2-a8a46852e6dd,"{""en"": {""value"": ""Zabaykalskiy (Transbaikal) Kray"", ""direction"": ""ltr""}}",[],[],3b14c1a3-1db5-4734-b40f-2bbf50b9cff6,"{""en"": {""value"": ""Zabaykalskiy (Transbaikal) Kray (URI: https://www.geonames.org/7779061)"", ""direction"": ""ltr""}}",[],[],[],8be00d49-0468-446f-98dc-d7b3d98783e0,"{""en"": {""value"": ""https://www.geonames.org/7779061"", ""direction"": ""ltr""}}",0454d91f-1b80-4f43-af58-f957cdd85e38,"{""type"": ""Point"", ""coordinates"": [117.0, 52.0]}"
1cb564c9-9284-4dc3-beab-1394f500e936,3dda9f54-d771-11ef-825b-0275dc2ded29,a3e9145b-ba55-4793-a0fa-189e0f404ca7,1,6ccbd784-2d3a-4ed9-81fe-bf909d1598ef,"{""en"": {""value"": ""Pennsylvania Mine"", ""direction"": ""ltr""}}",[],[],c655285d-7ea4-46b6-a1db-ff73eb534e58,"{""en"": {""value"": ""Pennsylvania Mine (URI: https://www.geonames.org/5510098)"", ""direction"": ""ltr""}}",[],[],[],648555db-be70-49c7-bf12-f995ea9f4e26,"{""en"": {""value"": ""https://www.geonames.org/5510098"", ""direction"": ""ltr""}}",0138182f-8472-49df-978c-039383ac9da4,"{""type"": ""Point"", ""coordinates"": [-114.47527, 37.41608]}"
f5462e7f-8f64-4905-9459-b123007bf4bc,3dda9f54-d771-11ef-825b-0275dc2ded29,a3e9145b-ba55-4793-a0fa-189e0f404ca7,1,b8da94e2-8208-4507-bdfe-461dd1f39c5b,"{""en"": {""value"": ""La Paz Department"", ""direction"": ""ltr""}}",[],[],8e11c6a1-01a0-470d-be3f-526a73899619,"{""en"": {""value"": ""La Paz Department (URI: https://www.geonames.org/3911924)"", ""direction"": ""ltr""}}",[],[],[],1f500c5f-cdb1-44d5-b2d5-ca41391ebae1,"{""en"": {""value"": ""https://www.geonames.org/3911924"", ""direction"": ""ltr""}}",cb3d1ac0-5e06-47b3-92a6-f9f38a63c979,"{""type"": ""Point"", ""coordinates"": [-68.0, -15.5]}"
77094c2f-d040-483b-bc84-ff4d0ada6433,3dda9f54-d771-11ef-825b-0275dc2ded29,a3e9145b-ba55-4793-a0fa-189e0f404ca7,1,3d82ce00-ca9a-4b1b-bd5f-e4c2d98c4d46,"{""en"": {""value"": ""Antofagasta"", ""direction"": ""ltr""}}",[],[],e4a770db-2d83-491c-ad7f-8fda8afd12db,"{""en"": {""value"": ""Antofagasta (URI: https://www.geonames.org/3899537)"", ""direction"": ""ltr""}}",[],[],[],04b47719-22e7-470e-832b-a61421f24da3,"{""en"": {""value"": ""https://www.geonames.org/3899537"", ""direction"": ""ltr""}}",b4bde5bc-6781-44ed-a51c-6659204e41fc,"{""type"": ""Point"", ""coordinates"": [-69.0, -23.5]}"
5d629d54-98ad-44c8-bff4-b05690bcf6c3,3dda9f54-d771-11ef-825b-0275dc2ded29,a3e9145b-ba55-4793-a0fa-189e0f404ca7,1,f1fbaf9b-76a2-40af-9104-60bcd58b227e,"{""en"": {""value"": ""Oruro"", ""direction"": ""ltr""}}",[],[],96ceef29-40ab-411f-a7eb-eb8dbd5ba6a4,"{""en"": {""value"": ""Oruro (URI: https://www.geonames.org/3909233)"", ""direction"": ""ltr""}}",[],[],[],ab9c273b-8e7f-4abf-8e55-f88670fa99d2,"{""en"": {""value"": ""https://www.geonames.org/3909233"", ""direction"": ""ltr""}}",0b56b031-b242-4281-98ad-e17546f0f2ab,"{""type"": ""Point"", ""coordinates"": [-67.5, -18.66667]}"
5984cf3e-7548-465c-96f2-0975dd524c50,3dda9f54-d771-11ef-825b-0275dc2ded29,a3e9145b-ba55-4793-a0fa-189e0f404ca7,1,94bec38c-85cb-4ef5-9241-004250d112a7,"{""en"": {""value"": ""Ludwig Mine"", ""direction"": ""ltr""}}",[],[],47a4236b-0347-4481-b3da-5e15ceda1e37,"{""en"": {""value"": ""Ludwig Mine (URI: https://www.geonames.org/5507634)"", ""direction"": ""ltr""}}",[],[],[],a96e614e-4dbb-4abd-b78f-da3e441573b5,"{""en"": {""value"": ""https://www.geonames.org/5507634"", ""direction"": ""ltr""}}",854b4934-417a-46bb-9ea1-2c1b8a146ef5,"{""type"": ""Point"", ""coordinates"": [-119.27432, 38.95547]}"
771297de-5831-422b-ba30-0eea3c1e89da,3dda9f54-d771-11ef-825b-0275dc2ded29,a3e9145b-ba55-4793-a0fa-189e0f404ca7,1,86d83c34-6e1e-4d5d-b7a0-9e29c9fcf4c4,"{""en"": {""value"": ""Naples"", ""direction"": ""ltr""}}",[],[],bbeffa05-79f4-425d-a725-7bdd1fd8bafa,"{""en"": {""value"": ""Naples (URI: https://www.geonames.org/3172394)"", ""direction"": ""ltr""}}",[],[],[],eece5b4d-189f-4bc7-86fa-46cab74ab785,"{""en"": {""value"": ""https://www.geonames.org/3172394"", ""direction"": ""ltr""}}",211e90cb-7d9a-4eba-8ff2-f54d73d1857a,"{""type"": ""Point"", ""coordinates"": [14.26811, 40.85216]}"
00fb6587-3ce6-4e66-a28c-ccbeb54bff55,3dda9f54-d771-11ef-825b-0275dc2ded29,a3e9145b-ba55-4793-a0fa-189e0f404ca7,1,b5be5638-4402-4cb1-b1a2-a642cea38abf,"{""en"": {""value"": ""Napa"", ""direction"": ""ltr""}}",[],[],f657a53e-7926-475e-9205-477e4f9cd342,"{""en"": {""value"": ""Napa (URI: https://www.geonames.org/5376101)"", ""direction"": ""ltr""}}",[],[],[],c6f74072-a1c6-4284-b035-fbb8c1d94fa8,"{""en"": {""value"": ""https://www.geonames.org/5376101"", ""direction"": ""ltr""}}",1eb82206-fe06-4ab3-b508-a1c546c7bbf8,"{""type"": ""Point"", ""coordinates"": [-122.33053, 38.50647]}"
805ab63c-d5b1-4c4c-9cf5-7593ef38148a,3dda9f54-d771-11ef-825b-0275dc2ded29,a3e9145b-ba55-4793-a0fa-189e0f404ca7,1,4fa62bc7-ebec-4ed1-98ca-be82d89e5e35,"{""en"": {""value"": ""Albula Alps"", ""direction"": ""ltr""}}",[],[],05e0cb78-2d87-4590-ad6e-587ef96ac18b,"{""en"": {""value"": ""Albula Alps (URI: https://www.geonames.org/2661823)"", ""direction"": ""ltr""}}",[],[],[],e6356b0f-945c-46aa-ba92-cd6d64d79ca3,"{""en"": {""value"": ""https://www.geonames.org/2661823"", ""direction"": ""ltr""}}",63daea0f-6359-47c9-a873-c92ba32cf445,"{""type"": ""Point"", ""coordinates"": [9.8, 46.55]}"
ef05305a-1f99-4b63-a6c4-31e68a551098,3dda9f54-d771-11ef-825b-0275dc2ded29,a3e9145b-ba55-4793-a0fa-189e0f404ca7,1,92f2411f-0123-47b6-a016-50aad6d9282c,"{""en"": {""value"": ""Rome"", ""direction"": ""ltr""}}",[],[],eb6ed3f6-6443-47d6-bcfc-21660bdb3570,"{""en"": {""value"": ""Rome (URI: https://www.geonames.org/3169069)"", ""direction"": ""ltr""}}",[],[],[],d5aa27ea-7166-4ef7-bc5e-4e8a28f886f1,"{""en"": {""value"": ""https://www.geonames.org/3169069"", ""direction"": ""ltr""}}",e1b925a5-71b6-42b8-b228-bdea7165b171,"{""type"": ""Point"", ""coordinates"": [12.66667, 41.96667]}"
c1e9ada1-f9e3-4783-973c-cad3231e9b21,3dda9f54-d771-11ef-825b-0275dc2ded29,a3e9145b-ba55-4793-a0fa-189e0f404ca7,1,11fc98c1-a571-4c6d-ab1d-4c3fda6d39d3,"{""en"": {""value"": ""Alaska Peak"", ""direction"": ""ltr""}}",[],[],165498e7-9e65-4c7c-97a6-af7b07fd1220,"{""en"": {""value"": ""Alaska Peak (URI: https://www.geonames.org/5636710)"", ""direction"": ""ltr""}}",[],[],[],4fc9839b-f0d2-41ee-a2d0-d356c1893c87,"{""en"": {""value"": ""https://www.geonames.org/5636710"", ""direction"": ""ltr""}}",03d2bc95-9140-4a2b-8f30-abfc1d93d2d3,"{""type"": ""Point"", ""coordinates"": [-115.66211, 48.17078]}"
a691dc4b-0587-4e63-a62e-fbda65a5a786,3dda9f54-d771-11ef-825b-0275dc2ded29,a3e9145b-ba55-4793-a0fa-189e0f404ca7,1,e8dc78f1-3bf2-4227-926d-286bceae2dc4,"{""en"": {""value"": ""Ardennes"", ""direction"": ""ltr""}}",[],[],8047b122-3257-4bd2-915b-8ee98d9467f0,"{""en"": {""value"": ""Ardennes (URI: https://www.geonames.org/2803095)"", ""direction"": ""ltr""}}",[],[],[],2f033046-317a-4177-80cf-cab10d88e9df,"{""en"": {""value"": ""https://www.geonames.org/2803095"", ""direction"": ""ltr""}}",b8d79ac6-107a-4409-8206-81f4e97cc2d7,"{""type"": ""Point"", ""coordinates"": [5.5, 50.16667]}"
6bf51ba2-1fa1-4748-b97d-aa877bf86287,3dda9f54-d771-11ef-825b-0275dc2ded29,a3e9145b-ba55-4793-a0fa-189e0f404ca7,1,580ecec2-a5ff-4761-aeeb-524b4b0792f5,"{""en"": {""value"": ""Outagamie"", ""direction"": ""ltr""}}",[],[],7c47ffbe-033d-499f-bcdc-9c92851c3635,"{""en"": {""value"": ""Outagamie (URI: https://www.geonames.org/5266044)"", ""direction"": ""ltr""}}",[],[],[],d63f3575-35e9-46ee-9f21-8f4caf8f1503,"{""en"": {""value"": ""https://www.geonames.org/5266044"", ""direction"": ""ltr""}}",6a2336c3-4ee2-4c2b-a6c8-dfacf7d88585,"{""type"": ""Point"", ""coordinates"": [-88.46493, 44.41609]}"
d9a888f5-4c81-4ff6-b316-cea6447550f6,3dda9f54-d771-11ef-825b-0275dc2ded29,a3e9145b-ba55-4793-a0fa-189e0f404ca7,1,1fdbbc1d-9824-431c-9f1e-252b3abe9b9d,"{""en"": {""value"": ""Kentucky"", ""direction"": ""ltr""}}",[],[],1e6065d2-067a-40ae-b8c7-23d06b3a2d3b,"{""en"": {""value"": ""Kentucky (URI: https://www.geonames.org/6254925)"", ""direction"": ""ltr""}}",[],[],[],bb813ddc-36fe-499f-9da0-17793e1cd231,"{""en"": {""value"": ""https://www.geonames.org/6254925"", ""direction"": ""ltr""}}",af7a182a-2f0e-47fb-8c40-9d6a70fcb204,"{""type"": ""Point"", ""coordinates"": [-84.87762, 38.20042]}"
5a249ce8-5517-4ec4-a64c-7206b2cb98af,3dda9f54-d771-11ef-825b-0275dc2ded29,a3e9145b-ba55-4793-a0fa-189e0f404ca7,1,1366d705-3906-4f1c-8f62-c10be54a7354,"{""en"": {""value"": ""Marinette"", ""direction"": ""ltr""}}",[],[],9542e66f-079d-4d36-bc47-32188b391d3c,"{""en"": {""value"": ""Marinette (URI: https://www.geonames.org/5261856)"", ""direction"": ""ltr""}}",[],[],[],0b931b6b-b653-47a3-b89d-f453f1ae0934,"{""en"": {""value"": ""https://www.geonames.org/5261856"", ""direction"": ""ltr""}}",323660ef-9770-48fb-9652-c7e9c5b0a374,"{""type"": ""Point"", ""coordinates"": [-88.00222, 45.3509]}"
e2d3294b-3103-4a0b-bcca-fb3dea73ecfd,3dda9f54-d771-11ef-825b-0275dc2ded29,a3e9145b-ba55-4793-a0fa-189e0f404ca7,1,a8e6f591-566b-445a-af31-692d8166c2bc,"{""en"": {""value"": ""Marin"", ""direction"": ""ltr""}}",[],[],b55ca8b0-9ee4-4fc6-afbf-f9938fb88148,"{""en"": {""value"": ""Marin (URI: https://www.geonames.org/5370468)"", ""direction"": ""ltr""}}",[],[],[],57edeae4-b210-4d43-9c85-43119adef778,"{""en"": {""value"": ""https://www.geonames.org/5370468"", ""direction"": ""ltr""}}",7737838d-eb41-4439-ba24-fb9adb6c6f62,"{""type"": ""Point"", ""coordinates"": [-122.74886, 38.05518]}"
3633b8f6-e84a-4ae9-a52b-4500662891c4,3dda9f54-d771-11ef-825b-0275dc2ded29,a3e9145b-ba55-4793-a0fa-189e0f404ca7,1,2fd23a53-cecc-45af-a0ee-3a8f742faea5,"{""en"": {""value"": ""Möng Mit"", ""direction"": ""ltr""}}",[],[],1cdaf316-f398-46d4-a8c0-f5864c8fa6b6,"{""en"": {""value"": ""Möng Mit (URI: https://www.geonames.org/1308651)"", ""direction"": ""ltr""}}",[],[],[],f2f6c98b-c8da-43ad-81b9-cff1bd1208ba,"{""en"": {""value"": ""https://www.geonames.org/1308651"", ""direction"": ""ltr""}}",ebde2d58-7fc4-4e4f-8c35-f2f9ee72a32d,"{""type"": ""Point"", ""coordinates"": [96.66912, 23.10971]}"
30af30d5-9e4f-4680-90f0-b9e42550aae6,3dda9f54-d771-11ef-825b-0275dc2ded29,a3e9145b-ba55-4793-a0fa-189e0f404ca7,1,8e5333fc-9067-42df-a675-4829e864df92,"{""en"": {""value"": ""Khomas Region"", ""direction"": ""ltr""}}",[],[],fddad5fe-a6f7-4ebf-ab31-6814b4f4f834,"{""en"": {""value"": ""Khomas Region (URI: https://www.geonames.org/3352137)"", ""direction"": ""ltr""}}",[],[],[],e1f7bd48-be63-4b02-ae94-4592113a15cb,"{""en"": {""value"": ""https://www.geonames.org/3352137"", ""direction"": ""ltr""}}",e3abca24-44b1-472d-a97e-71070763b69a,"{""type"": ""Point"", ""coordinates"": [17.08333, -22.75]}"
4179d39a-28ec-48f8-ab1f-854731576476,3dda9f54-d771-11ef-825b-0275dc2ded29,a3e9145b-ba55-4793-a0fa-189e0f404ca7,1,72d7d469-9837-471f-8623-09328fffd24e,"{""en"": {""value"": ""Santa Fe"", ""direction"": ""ltr""}}",[],[],6d10dcbd-3845-48bc-9cd7-108e3895aab3,"{""en"": {""value"": ""Santa Fe (URI: https://www.geonames.org/5490263)"", ""direction"": ""ltr""}}",[],[],[],d5752601-52e3-4a8e-9c4b-6697d37f65ba,"{""en"": {""value"": ""https://www.geonames.org/5490263"", ""direction"": ""ltr""}}",425cbd1b-9f2f-42f0-acd6-c7ca9f21c6f7,"{""type"": ""Point"", ""coordinates"": [-105.9378, 35.68698]}"
2096f10f-ce5d-471f-bae6-d863c8a89b2d,3dda9f54-d771-11ef-825b-0275dc2ded29,a3e9145b-ba55-4793-a0fa-189e0f404ca7,1,d24abb6d-f9b9-4054-8949-9e9b09e35c85,"{""en"": {""value"": ""Richville"", ""direction"": ""ltr""}}",[],[],e34f6f28-089d-4987-ba5f-723ea7f450f7,"{""en"": {""value"": ""Richville (URI: https://www.geonames.org/5133823)"", ""direction"": ""ltr""}}",[],[],[],499869c6-2b1e-476b-b6d4-ff97ef670410,"{""en"": {""value"": ""https://www.geonames.org/5133823"", ""direction"": ""ltr""}}",c59cf74c-4ba8-4ec6-8dda-5158cc665e50,"{""type"": ""Point"", ""coordinates"": [-75.39188, 44.41728]}"
f1695c52-83fb-4dd9-b6c7-90314cd90160,3dda9f54-d771-11ef-825b-0275dc2ded29,a3e9145b-ba55-4793-a0fa-189e0f404ca7,1,2238cc9b-ec67-4a50-a0aa-035c30ca287d,"{""en"": {""value"": ""Kirgiziya"", ""direction"": ""ltr""}}",[],[],081f34d1-5cba-436a-8618-2111e5ce3ca3,"{""en"": {""value"": ""Kirgiziya (URI: https://www.geonames.org/1503356)"", ""direction"": ""ltr""}}",[],[],[],629ff7f4-8017-412e-8054-b3b94c75bd1b,"{""en"": {""value"": ""https://www.geonames.org/1503356"", ""direction"": ""ltr""}}",c00be0b0-6a73-4e62-851f-aef793f6efc6,"{""type"": ""Point"", ""coordinates"": [75.0, 41.0]}"
7a32a082-8d64-4e44-ab6b-2eb063063de4,3dda9f54-d771-11ef-825b-0275dc2ded29,a3e9145b-ba55-4793-a0fa-189e0f404ca7,1,63fa38b4-f279-464d-81eb-bd5c3ac4f4d1,"{""en"": {""value"": ""Lander"", ""direction"": ""ltr""}}",[],[],70ebc955-3bbf-4fdc-9dde-c1d45f5ef7f8,"{""en"": {""value"": ""Lander (URI: https://www.geonames.org/5506935)"", ""direction"": ""ltr""}}",[],[],[],50550253-372e-4bfc-af4a-af7c393b2f6e,"{""en"": {""value"": ""https://www.geonames.org/5506935"", ""direction"": ""ltr""}}",8e25bb2f-2d4b-431b-9426-3ee5c2b034b9,"{""type"": ""Point"", ""coordinates"": [-117.03791, 39.93381]}"
00afbb4f-444d-4d74-8495-933887764a34,3dda9f54-d771-11ef-825b-0275dc2ded29,a3e9145b-ba55-4793-a0fa-189e0f404ca7,1,9596b361-ca58-45d0-94fa-4b6786e716f3,"{""en"": {""value"": ""Mohave"", ""direction"": ""ltr""}}",[],[],7b957e3e-c1a2-4a2a-a955-0de1b132d257,"{""en"": {""value"": ""Mohave (URI: https://www.geonames.org/5305206)"", ""direction"": ""ltr""}}",[],[],[],b58f4aad-5a47-4d74-b203-f0c299de635f,"{""en"": {""value"": ""https://www.geonames.org/5305206"", ""direction"": ""ltr""}}",81763f09-bdeb-443d-b006-8d365f5d814a,"{""type"": ""Point"", ""coordinates"": [-113.75791, 35.70404]}"
35901b55-f49d-461a-9d9e-35984b4fe074,3dda9f54-d771-11ef-825b-0275dc2ded29,a3e9145b-ba55-4793-a0fa-189e0f404ca7,1,24ba8ba9-6b6e-4ef1-ac4b-116ef881d4f2,"{""en"": {""value"": ""Lemhi"", ""direction"": ""ltr""}}",[],[],7ade7654-5ea5-487d-82f0-e297be270780,"{""en"": {""value"": ""Lemhi (URI: https://www.geonames.org/5598464)"", ""direction"": ""ltr""}}",[],[],[],744b3ce3-36f6-433b-b380-fee431256a92,"{""en"": {""value"": ""https://www.geonames.org/5598464"", ""direction"": ""ltr""}}",b6cbd46d-537f-4f69-8535-5072000a26d6,"{""type"": ""Point"", ""coordinates"": [-113.93324, 44.94331]}"
d2bc4851-978c-434c-aed6-38614627181e,3dda9f54-d771-11ef-825b-0275dc2ded29,a3e9145b-ba55-4793-a0fa-189e0f404ca7,1,d92bb122-8744-4890-9481-12367245ead9,"{""en"": {""value"": ""Plzeň Region"", ""direction"": ""ltr""}}",[],[],f33b3c27-1cb5-47b8-8803-18c14b38f957,"{""en"": {""value"": ""Plzeň Region (URI: https://www.geonames.org/3339575)"", ""direction"": ""ltr""}}",[],[],[],d888140c-8215-4ac3-ac95-857e814fd2f8,"{""en"": {""value"": ""https://www.geonames.org/3339575"", ""direction"": ""ltr""}}",338365c3-3b0c-4f56-aeeb-93fc726df6c4,"{""type"": ""Point"", ""coordinates"": [13.16667, 49.5]}"
ed8cf4e3-1ab9-4d65-ac09-36ea9335ac28,3dda9f54-d771-11ef-825b-0275dc2ded29,a3e9145b-ba55-4793-a0fa-189e0f404ca7,1,812ac60f-b5f3-4e61-8c93-ffcf5c8efe60,"{""en"": {""value"": ""Kongu"", ""direction"": ""ltr""}}",[],[],cc3c0e6e-62f4-4840-945d-645d269b8bc4,"{""en"": {""value"": ""Kongu (URI: https://www.geonames.org/212371)"", ""direction"": ""ltr""}}",[],[],[],f1a897eb-4946-4166-995b-7a4494411f3a,"{""en"": {""value"": ""https://www.geonames.org/212371"", ""direction"": ""ltr""}}",845bc22a-bf0d-4e17-83bb-303c6117527c,"{""type"": ""Point"", ""coordinates"": [27.32599, -8.55784]}"
579c1fee-9ebf-4f52-ad7a-18c1ae2beea0,3dda9f54-d771-11ef-825b-0275dc2ded29,a3e9145b-ba55-4793-a0fa-189e0f404ca7,1,a9c3f264-a13d-4cf0-a113-73e645fe9d54,"{""en"": {""value"": ""Koné"", ""direction"": ""ltr""}}",[],[],e156de74-f275-43f4-9148-babdb0bdaa0e,"{""en"": {""value"": ""Koné (URI: https://www.geonames.org/2140691)"", ""direction"": ""ltr""}}",[],[],[],0ce874a7-bd61-4376-aa55-1afbc65e934f,"{""en"": {""value"": ""https://www.geonames.org/2140691"", ""direction"": ""ltr""}}",20620183-4935-4ec0-aae5-4b313b9c8fc5,"{""type"": ""Point"", ""coordinates"": [164.86582, -21.05951]}"
d7ffba12-f620-4776-9e73-d07fd4cadab9,3dda9f54-d771-11ef-825b-0275dc2ded29,a3e9145b-ba55-4793-a0fa-189e0f404ca7,1,6e2a1cd2-a066-412d-8cad-8e89abe235c5,"{""en"": {""value"": ""Olyokminsk"", ""direction"": ""ltr""}}",[],[],635fc257-f628-4b69-9d27-018ce1473a81,"{""en"": {""value"": ""Olyokminsk (URI: https://www.geonames.org/2018571)"", ""direction"": ""ltr""}}",[],[],[],b9448466-6204-4672-a6f1-674ddb016cb1,"{""en"": {""value"": ""https://www.geonames.org/2018571"", ""direction"": ""ltr""}}",004a643a-8e2a-4cf8-8986-8af7c06c653c,"{""type"": ""Point"", ""coordinates"": [120.4203, 60.3743]}"
dc547579-3d76-4ef3-9619-14d3538511e7,3dda9f54-d771-11ef-825b-0275dc2ded29,a3e9145b-ba55-4793-a0fa-189e0f404ca7,1,cd88e245-3f77-4f8e-988f-84664f0612c1,"{""en"": {""value"": ""Lampasas"", ""direction"": ""ltr""}}",[],[],ac585723-a927-4a3c-8862-344d5b98f650,"{""en"": {""value"": ""Lampasas (URI: https://www.geonames.org/4705176)"", ""direction"": ""ltr""}}",[],[],[],b19db10d-1c19-42cc-91c1-ba5d26503486,"{""en"": {""value"": ""https://www.geonames.org/4705176"", ""direction"": ""ltr""}}",f027094d-5fc9-45bf-bc17-190f5eff4119,"{""type"": ""Point"", ""coordinates"": [-98.1817, 31.06378]}"
1baeb389-5516-43ab-82b3-dd1a92593cfb,3dda9f54-d771-11ef-825b-0275dc2ded29,a3e9145b-ba55-4793-a0fa-189e0f404ca7,1,90b096e1-2cf4-4f98-9e4f-572bfb112779,"{""en"": {""value"": ""Malawi"", ""direction"": ""ltr""}}",[],[],0f3c64ff-faea-45ce-862a-c881dbd89022,"{""en"": {""value"": ""Malawi (URI: https://www.geonames.org/927384)"", ""direction"": ""ltr""}}",[],[],[],aca67038-6963-4e90-811b-0eb3cd5be011,"{""en"": {""value"": ""https://www.geonames.org/927384"", ""direction"": ""ltr""}}",257daf88-bf81-4eb8-a063-18100e3b252d,"{""type"": ""Point"", ""coordinates"": [34.0, -13.5]}"
7fd906f5-ffda-440d-bb9e-a057ae970f35,3dda9f54-d771-11ef-825b-0275dc2ded29,a3e9145b-ba55-4793-a0fa-189e0f404ca7,1,8116953f-a15f-4aa2-b423-9e990c519286,"{""en"": {""value"": ""Kramer Hills"", ""direction"": ""ltr""}}",[],[],4c4d7389-85bc-4e40-818a-12434778f752,"{""en"": {""value"": ""Kramer Hills (URI: https://www.geonames.org/5363773)"", ""direction"": ""ltr""}}",[],[],[],39d91ed6-0e02-4b38-af4a-0ee30977985a,"{""en"": {""value"": ""https://www.geonames.org/5363773"", ""direction"": ""ltr""}}",1e0ad6b9-e813-4309-b7bf-86c151a6c31c,"{""type"": ""Point"", ""coordinates"": [-117.50922, 34.89692]}"
b51cb084-b6ab-4cab-912d-55ff306d6bcb,3dda9f54-d771-11ef-825b-0275dc2ded29,a3e9145b-ba55-4793-a0fa-189e0f404ca7,1,45a7981d-c3ae-453d-970d-33bd417ade5d,"{""en"": {""value"": ""New Guinea"", ""direction"": ""ltr""}}",[],[],67d7c0b7-2028-4e3c-bdc8-59bcea1546d3,"{""en"": {""value"": ""New Guinea (URI: https://www.geonames.org/2082514)"", ""direction"": ""ltr""}}",[],[],[],c68460ae-25e3-4b68-bc43-dd5df07c4e57,"{""en"": {""value"": ""https://www.geonames.org/2082514"", ""direction"": ""ltr""}}",55bd2481-d42c-4448-88c9-92bfb2152598,"{""type"": ""Point"", ""coordinates"": [140.0, -5.0]}"
eba480cc-17c8-4f48-874f-f77cbc90cbbe,3dda9f54-d771-11ef-825b-0275dc2ded29,a3e9145b-ba55-4793-a0fa-189e0f404ca7,1,b7b3ce85-8fce-4528-9d85-1e9fa47a2793,"{""en"": {""value"": ""Caldbeck"", ""direction"": ""ltr""}}",[],[],ad2d2c8a-ad37-453c-8077-d7f8072452e2,"{""en"": {""value"": ""Caldbeck (URI: https://www.geonames.org/7294760)"", ""direction"": ""ltr""}}",[],[],[],4ea87400-13cd-4ee1-bd31-a6644d320c67,"{""en"": {""value"": ""https://www.geonames.org/7294760"", ""direction"": ""ltr""}}",7fe5ed64-f552-4ad3-8be5-5913d16044df,"{""type"": ""Point"", ""coordinates"": [-3.0597, 54.71436]}"
5538ca99-05db-4c35-afbb-65e06d0f09f1,3dda9f54-d771-11ef-825b-0275dc2ded29,a3e9145b-ba55-4793-a0fa-189e0f404ca7,1,f4aa324f-3142-4c36-9203-35edb13ae47a,"{""en"": {""value"": ""Abu Dhabi"", ""direction"": ""ltr""}}",[],[],e6642d8b-c6e5-48bd-b8fb-75364feba540,"{""en"": {""value"": ""Abu Dhabi (URI: https://www.geonames.org/292969)"", ""direction"": ""ltr""}}",[],[],[],4e504532-e79a-4d20-891d-1bae46e10dda,"{""en"": {""value"": ""https://www.geonames.org/292969"", ""direction"": ""ltr""}}",132da199-e981-4fa5-ba80-f89f42140c88,"{""type"": ""Point"", ""coordinates"": [54.0, 23.66667]}"
0341c29c-f75e-4211-b3a1-beccbcc683ba,3dda9f54-d771-11ef-825b-0275dc2ded29,a3e9145b-ba55-4793-a0fa-189e0f404ca7,1,65a33d9f-fe43-4f19-9018-8937cf808a2c,"{""en"": {""value"": ""Columbus"", ""direction"": ""ltr""}}",[],[],38bbd37c-d55c-4b50-85b4-8834f14943d7,"{""en"": {""value"": ""Columbus (URI: https://www.geonames.org/4509177)"", ""direction"": ""ltr""}}",[],[],[],0261ef02-0d28-4667-8398-c9bb312974fb,"{""en"": {""value"": ""https://www.geonames.org/4509177"", ""direction"": ""ltr""}}",850cb581-66c8-4908-95ad-83f6f0133185,"{""type"": ""Point"", ""coordinates"": [-82.99879, 39.96118]}"
12709f4e-de4a-447c-af59-7a63b3aa9008,3dda9f54-d771-11ef-825b-0275dc2ded29,a3e9145b-ba55-4793-a0fa-189e0f404ca7,1,1264b6e7-39b2-4103-89d9-493cc9f7a961,"{""en"": {""value"": ""Sri Lanka"", ""direction"": ""ltr""}}",[],[],7f0d0893-61a8-4a23-b47a-b3412f0fc243,"{""en"": {""value"": ""Sri Lanka (URI: https://www.geonames.org/1227603)"", ""direction"": ""ltr""}}",[],[],[],bf854339-ab7a-4e79-8d05-3ee7baa364c5,"{""en"": {""value"": ""https://www.geonames.org/1227603"", ""direction"": ""ltr""}}",7a03caef-bcbf-47ad-919d-b0f2eaf35a61,"{""type"": ""Point"", ""coordinates"": [80.75, 7.75]}"
b79f6ee8-c7d5-4956-a903-7707cb867f32,3dda9f54-d771-11ef-825b-0275dc2ded29,a3e9145b-ba55-4793-a0fa-189e0f404ca7,1,ec431bff-1ee7-4c46-9c4f-c6c289d3810c,"{""en"": {""value"": ""Tombstone"", ""direction"": ""ltr""}}",[],[],afc847a9-fd8d-4bcf-9fb0-ecd4e11c0deb,"{""en"": {""value"": ""Tombstone (URI: https://www.geonames.org/5317714)"", ""direction"": ""ltr""}}",[],[],[],f1348f6a-a379-45f2-9a25-1b5e0e9230b2,"{""en"": {""value"": ""https://www.geonames.org/5317714"", ""direction"": ""ltr""}}",d0ee03e9-1a95-415d-8621-0f082fca6331,"{""type"": ""Point"", ""coordinates"": [-110.06758, 31.71287]}"
86420475-8f0e-4e63-8d04-441f069132d2,3dda9f54-d771-11ef-825b-0275dc2ded29,a3e9145b-ba55-4793-a0fa-189e0f404ca7,1,8f5ea5c2-fe2a-4515-ab2e-6da79df3d7bc,"{""en"": {""value"": ""Box Elder"", ""direction"": ""ltr""}}",[],[],3c7c5c32-d860-42f9-9e63-d75e6dd5480b,"{""en"": {""value"": ""Box Elder (URI: https://www.geonames.org/5771875)"", ""direction"": ""ltr""}}",[],[],[],5b6e7ed6-87ef-4187-9887-a39b58c7dc7b,"{""en"": {""value"": ""https://www.geonames.org/5771875"", ""direction"": ""ltr""}}",cf462bd3-9acf-4e9f-bc2b-25c47b94ee4e,"{""type"": ""Point"", ""coordinates"": [-113.08209, 41.52097]}"
52ddb055-2314-4e0e-b1e2-61b70cb5ee29,3dda9f54-d771-11ef-825b-0275dc2ded29,a3e9145b-ba55-4793-a0fa-189e0f404ca7,1,bd150aff-13cf-457a-98e9-47b5cab51676,"{""en"": {""value"": ""Washington"", ""direction"": ""ltr""}}",[],[],71265e9a-a3da-4feb-990a-beb22d5f27f8,"{""en"": {""value"": ""Washington (URI: https://www.geonames.org/5549225)"", ""direction"": ""ltr""}}",[],[],[],24d526f8-3e51-4d9c-a0a5-960cb357ac17,"{""en"": {""value"": ""https://www.geonames.org/5549225"", ""direction"": ""ltr""}}",7217e26f-af43-48b5-831a-e2f6342b5e11,"{""type"": ""Point"", ""coordinates"": [-113.50494, 37.28036]}"
98a6850b-5a0c-4b87-872a-2533791bc370,3dda9f54-d771-11ef-825b-0275dc2ded29,a3e9145b-ba55-4793-a0fa-189e0f404ca7,1,cf2ec808-e98e-4ae1-98a0-78301a5b3ac0,"{""en"": {""value"": ""Cobalt"", ""direction"": ""ltr""}}",[],[],245fdd03-f6d2-45de-97f8-169e4a0cf8ca,"{""en"": {""value"": ""Cobalt (URI: https://www.geonames.org/5589148)"", ""direction"": ""ltr""}}",[],[],[],ce641903-05b7-49f5-aed3-2ac70d74e9be,"{""en"": {""value"": ""https://www.geonames.org/5589148"", ""direction"": ""ltr""}}",c13de859-1b7c-417a-841f-7267121a7281,"{""type"": ""Point"", ""coordinates"": [-114.23174, 45.09298]}"
8ac5881c-e8dd-4461-a704-e1b0de41ff95,3dda9f54-d771-11ef-825b-0275dc2ded29,a3e9145b-ba55-4793-a0fa-189e0f404ca7,1,e466385f-da9a-423e-9b5a-10747c922b3a,"{""en"": {""value"": ""Town of Saxon"", ""direction"": ""ltr""}}",[],[],063e6e09-523f-4b24-b7a1-e8cc7e8350e0,"{""en"": {""value"": ""Town of Saxon (URI: https://www.geonames.org/5272297)"", ""direction"": ""ltr""}}",[],[],[],56b88a52-b778-4b28-b1f4-08a29a17fe8d,"{""en"": {""value"": ""https://www.geonames.org/5272297"", ""direction"": ""ltr""}}",19a6cf62-ee27-449d-a150-8660c5302848,"{""type"": ""Point"", ""coordinates"": [-90.42272, 46.50017]}"
b9bf796f-7b54-4e3a-aba5-8a7ef45a7865,3dda9f54-d771-11ef-825b-0275dc2ded29,a3e9145b-ba55-4793-a0fa-189e0f404ca7,1,db0c119b-3f58-4ddf-acd5-7ae86962e307,"{""en"": {""value"": ""Trinity"", ""direction"": ""ltr""}}",[],[],8023ba65-f282-4747-abe6-97ed1fd9ebfa,"{""en"": {""value"": ""Trinity (URI: https://www.geonames.org/5553701)"", ""direction"": ""ltr""}}",[],[],[],d822a8f4-fc18-4b2a-a881-aec93a4c29f9,"{""en"": {""value"": ""https://www.geonames.org/5553701"", ""direction"": ""ltr""}}",92d64277-c4f1-43a0-bfa7-f6e9d1a2efe5,"{""type"": ""Point"", ""coordinates"": [-123.11263, 40.65069]}"
7f48ca55-dcef-4de1-aada-8338089acea6,3dda9f54-d771-11ef-825b-0275dc2ded29,a3e9145b-ba55-4793-a0fa-189e0f404ca7,1,94f85762-e6c1-45e2-a316-e0fc0909b8ef,"{""en"": {""value"": ""Finland"", ""direction"": ""ltr""}}",[],[],98a19991-5cf9-4417-b5ae-9a30e6f856e8,"{""en"": {""value"": ""Finland (URI: https://www.geonames.org/660013)"", ""direction"": ""ltr""}}",[],[],[],39da7ea6-3a76-44a3-8e55-34ee969cc2ef,"{""en"": {""value"": ""https://www.geonames.org/660013"", ""direction"": ""ltr""}}",320a702c-75b4-446b-ac2d-172056736ca3,"{""type"": ""Point"", ""coordinates"": [26.0, 64.0]}"
0ddb3403-db7f-4af7-814a-970221f65a6f,3dda9f54-d771-11ef-825b-0275dc2ded29,a3e9145b-ba55-4793-a0fa-189e0f404ca7,1,97b783fc-cabc-4f35-9728-c15293f9dffa,"{""en"": {""value"": ""Belukha Mountain"", ""direction"": ""ltr""}}",[],[],0d607c61-536d-46fe-a689-731b2a61146a,"{""en"": {""value"": ""Belukha Mountain (URI: https://www.geonames.org/1510411)"", ""direction"": ""ltr""}}",[],[],[],5d5a8939-3a1a-4650-99d7-d653e1464409,"{""en"": {""value"": ""https://www.geonames.org/1510411"", ""direction"": ""ltr""}}",9f2739f5-9a62-48d4-a957-6703c100cf03,"{""type"": ""Point"", ""coordinates"": [86.59083, 49.80667]}"
8bba64cd-0ca7-446e-a1d2-aa168131af09,3dda9f54-d771-11ef-825b-0275dc2ded29,a3e9145b-ba55-4793-a0fa-189e0f404ca7,1,aea8a63c-f81a-4bd6-8964-3c0c06ee11eb,"{""en"": {""value"": ""Beech Creek"", ""direction"": ""ltr""}}",[],[],adf89ddc-ca4e-4b9e-9386-5e85025b3d60,"{""en"": {""value"": ""Beech Creek (URI: https://www.geonames.org/5713442)"", ""direction"": ""ltr""}}",[],[],[],761f6d40-6d8a-4a75-9f0f-3aaa611a6a01,"{""en"": {""value"": ""https://www.geonames.org/5713442"", ""direction"": ""ltr""}}",b7ed7d3d-a0ac-4aa6-b452-58016bca8a7e,"{""type"": ""Point"", ""coordinates"": [-119.14886, 44.61932]}"
2a61117e-9c92-42bc-9950-b30266554617,3dda9f54-d771-11ef-825b-0275dc2ded29,a3e9145b-ba55-4793-a0fa-189e0f404ca7,1,9cf5583c-923f-4bbf-844a-6fdc8aa0776b,"{""en"": {""value"": ""Fujian"", ""direction"": ""ltr""}}",[],[],d5e19f85-1a1f-4161-bf7b-5b979b47eba9,"{""en"": {""value"": ""Fujian (URI: https://www.geonames.org/1811017)"", ""direction"": ""ltr""}}",[],[],[],82accd04-283b-4896-8085-1dc1fd112a3b,"{""en"": {""value"": ""https://www.geonames.org/1811017"", ""direction"": ""ltr""}}",8b82adb2-c73e-4078-82ee-5cec1f92e758,"{""type"": ""Point"", ""coordinates"": [118.0, 26.25]}"
4d2a3ddf-1b59-4275-b25d-ed281c6b2095,3dda9f54-d771-11ef-825b-0275dc2ded29,a3e9145b-ba55-4793-a0fa-189e0f404ca7,1,dcfaecf2-d543-4c6a-9a68-648117bd8bef,"{""en"": {""value"": ""South Trona"", ""direction"": ""ltr""}}",[],[],95b853ce-bb6d-4ee5-b10a-6cf49cd24ab1,"{""en"": {""value"": ""South Trona (URI: https://www.geonames.org/5397822)"", ""direction"": ""ltr""}}",[],[],[],478caed3-ad04-4dd8-82c6-2cee4c30f159,"{""en"": {""value"": ""https://www.geonames.org/5397822"", ""direction"": ""ltr""}}",b488ea1c-d3ac-496f-8a2e-4f3712d01f64,"{""type"": ""Point"", ""coordinates"": [-117.39728, 35.71551]}"
37f36621-9951-4971-9673-23fdec9d5c58,3dda9f54-d771-11ef-825b-0275dc2ded29,a3e9145b-ba55-4793-a0fa-189e0f404ca7,1,0960512f-5be2-4053-8d7a-f942874189c3,"{""en"": {""value"": ""Tujunga"", ""direction"": ""ltr""}}",[],[],ce57dc1b-281b-4cb0-9f62-5d211317db78,"{""en"": {""value"": ""Tujunga (URI: https://www.geonames.org/5403767)"", ""direction"": ""ltr""}}",[],[],[],23b2db2c-e024-455d-be13-d786beab2502,"{""en"": {""value"": ""https://www.geonames.org/5403767"", ""direction"": ""ltr""}}",4faa854c-e83a-424b-82e9-f64dc876d9ab,"{""type"": ""Point"", ""coordinates"": [-118.28841, 34.25223]}"
5d037325-2e91-4c2d-a26a-626eab902ac3,3dda9f54-d771-11ef-825b-0275dc2ded29,a3e9145b-ba55-4793-a0fa-189e0f404ca7,1,f3daf9c2-dae0-4ed0-8179-e15aefb9bbc7,"{""en"": {""value"": ""Ward Mining District"", ""direction"": ""ltr""}}",[],[],bda79023-536b-418a-9ec0-dc00dfc1952b,"{""en"": {""value"": ""Ward Mining District (URI: https://www.geonames.org/5514569)"", ""direction"": ""ltr""}}",[],[],[],bae1b0ed-8234-46eb-a3c6-99dc2a64164d,"{""en"": {""value"": ""https://www.geonames.org/5514569"", ""direction"": ""ltr""}}",91dfd5b4-7480-4807-b4af-0170b6575802,"{""type"": ""Point"", ""coordinates"": [-114.90585, 39.0705]}"
11afa6c6-015a-44d3-b60c-3fc6b5bd8b3d,3dda9f54-d771-11ef-825b-0275dc2ded29,a3e9145b-ba55-4793-a0fa-189e0f404ca7,1,45b1b88c-e334-4b74-b702-d40ac07a60cf,"{""en"": {""value"": ""South Eastern Asia"", ""direction"": ""ltr""}}",[],[],b91005e3-627a-485e-bb80-47ea7dc36910,"{""en"": {""value"": ""South Eastern Asia (URI: https://www.geonames.org/7729896)"", ""direction"": ""ltr""}}",[],[],[],5656272a-3549-4ab9-b9d1-92dc822cbea5,"{""en"": {""value"": ""https://www.geonames.org/7729896"", ""direction"": ""ltr""}}",1befd020-a269-4b8d-b3d4-0d252b5f04d6,"{""type"": ""Point"", ""coordinates"": [116.45508, 6.83917]}"
a220358d-3806-4a32-8263-62b511c9268d,3dda9f54-d771-11ef-825b-0275dc2ded29,a3e9145b-ba55-4793-a0fa-189e0f404ca7,1,f8f9d098-6963-4f4f-9072-c145ff406806,"{""en"": {""value"": ""Garland"", ""direction"": ""ltr""}}",[],[],409a6c75-3a6f-4988-bca8-8717ffff4587,"{""en"": {""value"": ""Garland (URI: https://www.geonames.org/4112045)"", ""direction"": ""ltr""}}",[],[],[],990b96ae-2682-440c-b211-586d18b34c71,"{""en"": {""value"": ""https://www.geonames.org/4112045"", ""direction"": ""ltr""}}",53609988-a4da-4b51-a73d-157b62e082bb,"{""type"": ""Point"", ""coordinates"": [-93.15043, 34.57669]}"
cee467bb-3225-4958-8f77-4bc7069556a2,3dda9f54-d771-11ef-825b-0275dc2ded29,a3e9145b-ba55-4793-a0fa-189e0f404ca7,1,df91d1fb-e973-49f8-a488-6fb95d909366,"{""en"": {""value"": ""Beaver"", ""direction"": ""ltr""}}",[],[],bba93382-5387-4569-a56a-d873dfd19f69,"{""en"": {""value"": ""Beaver (URI: https://www.geonames.org/5534886)"", ""direction"": ""ltr""}}",[],[],[],8155e04b-7875-489b-9598-3622bfa18d65,"{""en"": {""value"": ""https://www.geonames.org/5534886"", ""direction"": ""ltr""}}",c4df60f0-c19a-4077-9558-003d701e4849,"{""type"": ""Point"", ""coordinates"": [-113.23576, 38.35771]}"
9a8a1700-f89b-4066-8aaf-30f8b0a91a86,3dda9f54-d771-11ef-825b-0275dc2ded29,a3e9145b-ba55-4793-a0fa-189e0f404ca7,1,d009fb56-cae0-43d3-a55a-950de703c7ca,"{""en"": {""value"": ""Beaver"", ""direction"": ""ltr""}}",[],[],afbf1623-950a-431d-8881-8cddf2e946b3,"{""en"": {""value"": ""Beaver (URI: https://www.geonames.org/5534882)"", ""direction"": ""ltr""}}",[],[],[],c7a62bbe-814f-4ccf-a89c-81a10c300975,"{""en"": {""value"": ""https://www.geonames.org/5534882"", ""direction"": ""ltr""}}",346b5860-9c8b-4b17-9119-34eff3abf906,"{""type"": ""Point"", ""coordinates"": [-112.64105, 38.27691]}"
a2ac539a-81d8-4d73-91c6-a908f2d887b9,3dda9f54-d771-11ef-825b-0275dc2ded29,a3e9145b-ba55-4793-a0fa-189e0f404ca7,1,26fd961a-e962-4f7a-ad28-bfcff17f3bd4,"{""en"": {""value"": ""Somalia"", ""direction"": ""ltr""}}",[],[],b416b393-9901-4b7e-987d-fd0bd68b144e,"{""en"": {""value"": ""Somalia (URI: https://www.geonames.org/51537)"", ""direction"": ""ltr""}}",[],[],[],cd3833c3-ef09-470d-9d44-144907bea182,"{""en"": {""value"": ""https://www.geonames.org/51537"", ""direction"": ""ltr""}}",751ae041-a5e5-49c2-90ed-cf345c4b62a5,"{""type"": ""Point"", ""coordinates"": [48.0, 6.0]}"
7ab01811-aa59-4109-a232-2962ea2b4b6c,3dda9f54-d771-11ef-825b-0275dc2ded29,a3e9145b-ba55-4793-a0fa-189e0f404ca7,1,79424e29-e973-4d86-a5db-d5275412952c,"{""en"": {""value"": ""Chester County"", ""direction"": ""ltr""}}",[],[],ccf8dbc0-2d2b-4208-a7e5-9500cc6251a2,"{""en"": {""value"": ""Chester County (URI: https://www.geonames.org/5184079)"", ""direction"": ""ltr""}}",[],[],[],8d899240-9c8e-4a7d-90c2-fa1e268abad5,"{""en"": {""value"": ""https://www.geonames.org/5184079"", ""direction"": ""ltr""}}",f9d32740-239c-4d82-9952-c5570651b323,"{""type"": ""Point"", ""coordinates"": [-75.74845, 39.97314]}"
bb8f180f-6077-46d2-8299-71f7ca94ccc3,3dda9f54-d771-11ef-825b-0275dc2ded29,a3e9145b-ba55-4793-a0fa-189e0f404ca7,1,821321e5-788a-4d40-8867-8206d4ba6ece,"{""en"": {""value"": ""Goldfield"", ""direction"": ""ltr""}}",[],[],e25665a3-5493-41d8-a53b-a72a4bd97a18,"{""en"": {""value"": ""Goldfield (URI: https://www.geonames.org/5504812)"", ""direction"": ""ltr""}}",[],[],[],783f9e2c-4433-4773-b028-8e035a59d285,"{""en"": {""value"": ""https://www.geonames.org/5504812"", ""direction"": ""ltr""}}",d4f5d6c3-0bd1-46f9-9de1-fbf15ac4165d,"{""type"": ""Point"", ""coordinates"": [-117.23563, 37.70854]}"
b2dbb373-7c71-4419-bdfc-17271ef94967,3dda9f54-d771-11ef-825b-0275dc2ded29,a3e9145b-ba55-4793-a0fa-189e0f404ca7,1,9ac39dbc-0bfe-4160-81f2-29e88d46ff30,"{""en"": {""value"": ""Silverton"", ""direction"": ""ltr""}}",[],[],497e67c3-2d7e-4a2e-898c-0f09d9b183b7,"{""en"": {""value"": ""Silverton (URI: https://www.geonames.org/5438881)"", ""direction"": ""ltr""}}",[],[],[],a01b5530-5563-450f-be76-04114acad4a8,"{""en"": {""value"": ""https://www.geonames.org/5438881"", ""direction"": ""ltr""}}",63d04df0-c3fb-409d-8acb-fbcd481bad7c,"{""type"": ""Point"", ""coordinates"": [-107.66451, 37.81194]}"
b8605ddc-cb19-4210-805a-3913844f9a6b,3dda9f54-d771-11ef-825b-0275dc2ded29,a3e9145b-ba55-4793-a0fa-189e0f404ca7,1,5fd817d5-0b4f-4eab-ba9f-a89c9cc3049c,"{""en"": {""value"": ""Silsilah-ye Kōh-e Wākhān"", ""direction"": ""ltr""}}",[],[],f3236f08-9eca-4299-846a-15999f7d2e24,"{""en"": {""value"": ""Silsilah-ye Kōh-e Wākhān (URI: https://www.geonames.org/1121880)"", ""direction"": ""ltr""}}",[],[],[],d5aaf42d-eef6-4909-b178-cf2dd425787e,"{""en"": {""value"": ""https://www.geonames.org/1121880"", ""direction"": ""ltr""}}",709f7f4d-d5e2-4485-b528-493cec9ad56d,"{""type"": ""Point"", ""coordinates"": [73.25721, 37.14541]}"
f02f3d47-2eac-4a26-a34e-03e8a2b9714d,3dda9f54-d771-11ef-825b-0275dc2ded29,a3e9145b-ba55-4793-a0fa-189e0f404ca7,1,de4d3cdf-ae81-4da5-ac84-d4881f2357b6,"{""en"": {""value"": ""Sikhote-Alin’"", ""direction"": ""ltr""}}",[],[],6dfc31d3-2772-4ca2-9072-271d7798da51,"{""en"": {""value"": ""Sikhote-Alin’ (URI: https://www.geonames.org/2016569)"", ""direction"": ""ltr""}}",[],[],[],edfc56b0-a907-42f6-abdb-0771ea5b7829,"{""en"": {""value"": ""https://www.geonames.org/2016569"", ""direction"": ""ltr""}}",7cb056c6-bbbe-4064-a835-bcb5f1ef6080,"{""type"": ""Point"", ""coordinates"": [138.29557, 48.46627]}"
f76351be-da9b-40e0-b304-1ed06d7f557c,3dda9f54-d771-11ef-825b-0275dc2ded29,a3e9145b-ba55-4793-a0fa-189e0f404ca7,1,a28535e8-0f72-4b2b-ba4b-62f7e2e74ede,"{""en"": {""value"": ""Grant"", ""direction"": ""ltr""}}",[],[],f2970ca7-6370-4532-bbdb-be9737097ce9,"{""en"": {""value"": ""Grant (URI: https://www.geonames.org/5729054)"", ""direction"": ""ltr""}}",[],[],[],68f59086-3800-4641-bf99-924d36778fa4,"{""en"": {""value"": ""https://www.geonames.org/5729054"", ""direction"": ""ltr""}}",c32274e5-bdc5-4441-88c4-0e79122c0722,"{""type"": ""Point"", ""coordinates"": [-119.00738, 44.49125]}"
86969150-54e9-41c3-b3c2-ab20805906b5,3dda9f54-d771-11ef-825b-0275dc2ded29,a3e9145b-ba55-4793-a0fa-189e0f404ca7,1,80ae7616-0d1b-4d8e-9d88-67b248bc0516,"{""en"": {""value"": ""Ukraine"", ""direction"": ""ltr""}}",[],[],35fa2564-5074-4be4-b351-d5b79d26d1d4,"{""en"": {""value"": ""Ukraine (URI: https://www.geonames.org/690791)"", ""direction"": ""ltr""}}",[],[],[],4fe612ac-b1c9-4b27-966a-def252225b4a,"{""en"": {""value"": ""https://www.geonames.org/690791"", ""direction"": ""ltr""}}",7e9daf52-ea97-45ad-a96e-ab519e3f2093,"{""type"": ""Point"", ""coordinates"": [32.0, 49.0]}"
9ea6758d-debd-403a-8064-d04d765c5217,3dda9f54-d771-11ef-825b-0275dc2ded29,a3e9145b-ba55-4793-a0fa-189e0f404ca7,1,53e02cc1-e7bd-4abe-a1f9-b106b2ad4150,"{""en"": {""value"": ""Umbria"", ""direction"": ""ltr""}}",[],[],aa0f5a66-b88c-4a31-aafc-2032b593ff66,"{""en"": {""value"": ""Umbria (URI: https://www.geonames.org/3165048)"", ""direction"": ""ltr""}}",[],[],[],7a38d1e3-6166-4d11-af2d-9e83f641a87c,"{""en"": {""value"": ""https://www.geonames.org/3165048"", ""direction"": ""ltr""}}",4d030dea-2bd6-4112-add3-a256b66f55aa,"{""type"": ""Point"", ""coordinates"": [12.5, 43.0]}"
e8dce7d2-b754-4132-96e9-b5a2e80372be,3dda9f54-d771-11ef-825b-0275dc2ded29,a3e9145b-ba55-4793-a0fa-189e0f404ca7,1,d9db8e00-ed36-418c-bd34-eeca3467cb61,"{""en"": {""value"": ""Union of Soviet Socialist Republics"", ""direction"": ""ltr""}}",[],[],eddc7822-b1fa-43fd-ac7f-243052425560,"{""en"": {""value"": ""Union of Soviet Socialist Republics (URI: https://www.geonames.org/8354411)"", ""direction"": ""ltr""}}",[],[],[],14c3a2ed-dc0f-464c-bc7f-11c9c6cb4d1f,"{""en"": {""value"": ""https://www.geonames.org/8354411"", ""direction"": ""ltr""}}",1bd74206-cdee-4796-9510-04c2e97a397e,"{""type"": ""Point"", ""coordinates"": [98.0, 60.0]}"
70461190-9a17-4f50-8d79-25aa4692e5c8,3dda9f54-d771-11ef-825b-0275dc2ded29,a3e9145b-ba55-4793-a0fa-189e0f404ca7,1,13e52f67-869c-4129-a355-97ddf76bb697,"{""en"": {""value"": ""Greenlee County"", ""direction"": ""ltr""}}",[],[],f5b8b930-f423-4c68-8f7f-20a0e69cdfb6,"{""en"": {""value"": ""Greenlee County (URI: https://www.geonames.org/5296837)"", ""direction"": ""ltr""}}",[],[],[],f7c86765-a7d7-409a-b765-2f40788dabca,"{""en"": {""value"": ""https://www.geonames.org/5296837"", ""direction"": ""ltr""}}",350dfa11-3625-4f4b-aafb-61b15600325e,"{""type"": ""Point"", ""coordinates"": [-109.2401, 33.21536]}"
8220ea51-f061-4edf-8554-a965c3bb89f4,3dda9f54-d771-11ef-825b-0275dc2ded29,a3e9145b-ba55-4793-a0fa-189e0f404ca7,1,85c409f8-ad18-4490-9c87-0fbd02ce6947,"{""en"": {""value"": ""Beowawe"", ""direction"": ""ltr""}}",[],[],6cdc4c44-31d9-4928-b42d-bbf9aa4d4648,"{""en"": {""value"": ""Beowawe (URI: https://www.geonames.org/5701442)"", ""direction"": ""ltr""}}",[],[],[],a8fe4793-5810-42a1-9098-1cb4bae3dcf0,"{""en"": {""value"": ""https://www.geonames.org/5701442"", ""direction"": ""ltr""}}",eb670a13-22ee-4243-b6ce-2fc78ada306c,"{""type"": ""Point"", ""coordinates"": [-116.47731, 40.59269]}"
3c60d248-ddf3-4fb5-aee9-c8872fe68747,3dda9f54-d771-11ef-825b-0275dc2ded29,a3e9145b-ba55-4793-a0fa-189e0f404ca7,1,297b61b6-49da-4986-b3c8-61381f8025e1,"{""en"": {""value"": ""Tiburon"", ""direction"": ""ltr""}}",[],[],74651548-606f-44e6-b10a-a00f3c8e43a4,"{""en"": {""value"": ""Tiburon (URI: https://www.geonames.org/7175788)"", ""direction"": ""ltr""}}",[],[],[],a5dde624-d706-4782-9ece-7069474d4185,"{""en"": {""value"": ""https://www.geonames.org/7175788"", ""direction"": ""ltr""}}",c1d20236-845f-4df5-b990-c87a43c82516,"{""type"": ""Point"", ""coordinates"": [-122.45428, 37.88783]}"
e1697804-b1bc-4bcf-a9a9-e11b5a41ec00,3dda9f54-d771-11ef-825b-0275dc2ded29,a3e9145b-ba55-4793-a0fa-189e0f404ca7,1,e40cebc1-9cf9-433e-b153-28f773654d8b,"{""en"": {""value"": ""Gränna"", ""direction"": ""ltr""}}",[],[],66f72c88-d095-4b83-93f6-a1034f84ae3f,"{""en"": {""value"": ""Gränna (URI: https://www.geonames.org/2711174)"", ""direction"": ""ltr""}}",[],[],[],cca0eb77-4ed7-4c59-84b3-27d4230aed7c,"{""en"": {""value"": ""https://www.geonames.org/2711174"", ""direction"": ""ltr""}}",062ae02b-434c-4e79-9cfc-e89d91ed1ff0,"{""type"": ""Point"", ""coordinates"": [14.46667, 58.01667]}"
63c2a89d-a495-4d27-8d7e-534c32c0e868,3dda9f54-d771-11ef-825b-0275dc2ded29,a3e9145b-ba55-4793-a0fa-189e0f404ca7,1,1d382dae-d983-45b2-9ee9-97f958d0c9a0,"{""en"": {""value"": ""Berkeley Hills"", ""direction"": ""ltr""}}",[],[],b986a396-0e38-42d3-9d17-a1cc42846a61,"{""en"": {""value"": ""Berkeley Hills (URI: https://www.geonames.org/5327695)"", ""direction"": ""ltr""}}",[],[],[],8cbb1cb5-e956-4068-9306-2bf2583e02f8,"{""en"": {""value"": ""https://www.geonames.org/5327695"", ""direction"": ""ltr""}}",afb0738d-2daa-42f6-aebc-b9e570882a8f,"{""type"": ""Point"", ""coordinates"": [-122.23858, 37.88298]}"
72dc01b1-c194-4a9b-8180-301158730472,3dda9f54-d771-11ef-825b-0275dc2ded29,a3e9145b-ba55-4793-a0fa-189e0f404ca7,1,60cf0e61-35ec-4115-9ed1-1b9ff498c2e7,"{""en"": {""value"": ""Bishop"", ""direction"": ""ltr""}}",[],[],93cba045-d6dc-4af8-a463-a7488022f71c,"{""en"": {""value"": ""Bishop (URI: https://www.geonames.org/5328808)"", ""direction"": ""ltr""}}",[],[],[],0a7cfc88-d6e5-4f40-a2b1-33467c088a65,"{""en"": {""value"": ""https://www.geonames.org/5328808"", ""direction"": ""ltr""}}",034ef01a-d040-405c-8ebb-9436fdcc4bcf,"{""type"": ""Point"", ""coordinates"": [-118.39511, 37.36354]}"
d9b9aef2-69d7-46ac-9daa-219ee0ecb62f,3dda9f54-d771-11ef-825b-0275dc2ded29,a3e9145b-ba55-4793-a0fa-189e0f404ca7,1,eedbbc87-7bce-455d-bf88-ff1a84da3f0b,"{""en"": {""value"": ""Dover"", ""direction"": ""ltr""}}",[],[],7c839e47-d3df-4556-9354-d0d5b734e0ad,"{""en"": {""value"": ""Dover (URI: https://www.geonames.org/2651048)"", ""direction"": ""ltr""}}",[],[],[],fa27e862-06a0-4dbd-867c-5667ca11ca75,"{""en"": {""value"": ""https://www.geonames.org/2651048"", ""direction"": ""ltr""}}",1bf4bfcc-29f9-4e98-9fae-354e9f0c504b,"{""type"": ""Point"", ""coordinates"": [1.31257, 51.12598]}"
c97e47cf-0001-41b9-9872-bd1f66eb4cf7,3dda9f54-d771-11ef-825b-0275dc2ded29,a3e9145b-ba55-4793-a0fa-189e0f404ca7,1,280f5c00-a967-41f0-8b05-b6dd2a1b68be,"{""en"": {""value"": ""Drum Valley"", ""direction"": ""ltr""}}",[],[],a0653c84-4165-4dfd-a20a-82d45a49b7f3,"{""en"": {""value"": ""Drum Valley (URI: https://www.geonames.org/5343990)"", ""direction"": ""ltr""}}",[],[],[],6b13fdb0-3a12-4012-b50e-03b75c8cfce3,"{""en"": {""value"": ""https://www.geonames.org/5343990"", ""direction"": ""ltr""}}",88aad0fb-2e69-48c9-b131-02da56514133,"{""type"": ""Point"", ""coordinates"": [-119.12817, 36.63995]}"
347253b5-9f19-4d31-a847-c19654ca03de,3dda9f54-d771-11ef-825b-0275dc2ded29,a3e9145b-ba55-4793-a0fa-189e0f404ca7,1,9d69644a-0539-409b-b546-f41494ab06d0,"{""en"": {""value"": ""Drummond"", ""direction"": ""ltr""}}",[],[],72ade84a-4ceb-4b81-ac56-3733fd2e3888,"{""en"": {""value"": ""Drummond (URI: https://www.geonames.org/5649168)"", ""direction"": ""ltr""}}",[],[],[],ff00f019-1f1f-4bab-bec1-7aa914a22b78,"{""en"": {""value"": ""https://www.geonames.org/5649168"", ""direction"": ""ltr""}}",d270d62b-5637-4588-b0b6-9f98c5698e80,"{""type"": ""Point"", ""coordinates"": [-113.14729, 46.66743]}"
3441adae-f0b2-47b9-b083-075609962c91,3dda9f54-d771-11ef-825b-0275dc2ded29,a3e9145b-ba55-4793-a0fa-189e0f404ca7,1,5c727c6f-f3c2-452d-aaf6-9491ef6b2d06,"{""en"": {""value"": ""Denver"", ""direction"": ""ltr""}}",[],[],22a02f05-438a-4f2e-9f81-4d02e65c42a2,"{""en"": {""value"": ""Denver (URI: https://www.geonames.org/5419384)"", ""direction"": ""ltr""}}",[],[],[],d5b1d3be-eeb7-45b7-a42c-efeda4ef5504,"{""en"": {""value"": ""https://www.geonames.org/5419384"", ""direction"": ""ltr""}}",e64dcdd7-9374-4f74-a6f2-b518340390a8,"{""type"": ""Point"", ""coordinates"": [-104.9847, 39.73915]}"
84e39a5e-db5a-4b84-8081-d07ebf2c40d0,3dda9f54-d771-11ef-825b-0275dc2ded29,a3e9145b-ba55-4793-a0fa-189e0f404ca7,1,7c3c6c24-e03a-430a-a60c-43440a3064cf,"{""en"": {""value"": ""Dugway"", ""direction"": ""ltr""}}",[],[],f67c9181-b623-45f5-b446-fcaa00fd9e5b,"{""en"": {""value"": ""Dugway (URI: https://www.geonames.org/5774159)"", ""direction"": ""ltr""}}",[],[],[],7a5c47b9-1b5b-4c28-91e3-3326eebe11b3,"{""en"": {""value"": ""https://www.geonames.org/5774159"", ""direction"": ""ltr""}}",1fb52b87-f543-4f61-bb1a-b7a409d494e0,"{""type"": ""Point"", ""coordinates"": [-112.74441, 40.22105]}"
94be9540-6eab-43ac-a417-eead8079a160,3dda9f54-d771-11ef-825b-0275dc2ded29,a3e9145b-ba55-4793-a0fa-189e0f404ca7,1,4439d62c-b2ff-4fc6-8e20-099e9ba14a18,"{""en"": {""value"": ""Bibbiena"", ""direction"": ""ltr""}}",[],[],34a51787-fa33-415e-9dfb-a43df59552f3,"{""en"": {""value"": ""Bibbiena (URI: https://www.geonames.org/6538584)"", ""direction"": ""ltr""}}",[],[],[],fca48659-778a-46c6-b1bf-886ef9e1785d,"{""en"": {""value"": ""https://www.geonames.org/6538584"", ""direction"": ""ltr""}}",55bd3d65-7005-40d5-8dde-03f8b51e894d,"{""type"": ""Point"", ""coordinates"": [11.81354, 43.69655]}"
babd824b-21f9-4a53-a008-f0e8ab80d9cd,3dda9f54-d771-11ef-825b-0275dc2ded29,a3e9145b-ba55-4793-a0fa-189e0f404ca7,1,b7df29e3-d6ee-453b-a77e-5d2a0592f98f,"{""en"": {""value"": ""Watertown"", ""direction"": ""ltr""}}",[],[],301cf690-c8f7-4e58-a2ab-aaabce80c6cc,"{""en"": {""value"": ""Watertown (URI: https://www.geonames.org/5232741)"", ""direction"": ""ltr""}}",[],[],[],a439c85e-df17-448d-991e-f29506755fb0,"{""en"": {""value"": ""https://www.geonames.org/5232741"", ""direction"": ""ltr""}}",4a6ac749-0cd6-4606-9bce-9c998e79fd5e,"{""type"": ""Point"", ""coordinates"": [-97.11507, 44.89941]}"
7992c4d8-1ab3-4b20-b07e-e58cbacc5ec4,3dda9f54-d771-11ef-825b-0275dc2ded29,a3e9145b-ba55-4793-a0fa-189e0f404ca7,1,932fdbc3-8033-4ebb-aa0a-7c4afb7a5691,"{""en"": {""value"": ""Dehesa"", ""direction"": ""ltr""}}",[],[],1167c7e2-d582-40fb-8049-ca19b6925ab5,"{""en"": {""value"": ""Dehesa (URI: https://www.geonames.org/5342317)"", ""direction"": ""ltr""}}",[],[],[],9d7376d9-0f04-44d8-a52c-cdeaeaf6937a,"{""en"": {""value"": ""https://www.geonames.org/5342317"", ""direction"": ""ltr""}}",73c26656-7a6d-40a6-af59-e78ca022371c,"{""type"": ""Point"", ""coordinates"": [-116.85308, 32.78144]}"
3c22b1ee-79eb-4956-9806-ceb305d6221d,3dda9f54-d771-11ef-825b-0275dc2ded29,a3e9145b-ba55-4793-a0fa-189e0f404ca7,1,39336f16-6d43-436b-b823-b1e07a80ae87,"{""en"": {""value"": ""Watertown"", ""direction"": ""ltr""}}",[],[],be44454e-241e-4a01-a982-dd602d81e12a,"{""en"": {""value"": ""Watertown (URI: https://www.geonames.org/5143396)"", ""direction"": ""ltr""}}",[],[],[],1d704695-7b67-41a5-9a99-37c94eb62b14,"{""en"": {""value"": ""https://www.geonames.org/5143396"", ""direction"": ""ltr""}}",7f025516-7159-42a3-b1f0-9f3c62cc7104,"{""type"": ""Point"", ""coordinates"": [-75.91076, 43.97478]}"
a6ac83cd-f8cc-40cb-919b-b72adc27419b,3dda9f54-d771-11ef-825b-0275dc2ded29,a3e9145b-ba55-4793-a0fa-189e0f404ca7,1,14c4976d-b89e-4626-93e2-9c86cfaa01cf,"{""en"": {""value"": ""Darwin"", ""direction"": ""ltr""}}",[],[],742c0c34-1cd1-4158-b144-5859f8d27c7b,"{""en"": {""value"": ""Darwin (URI: https://www.geonames.org/5341609)"", ""direction"": ""ltr""}}",[],[],[],1e22568d-192d-4c0c-b301-86ece10e821b,"{""en"": {""value"": ""https://www.geonames.org/5341609"", ""direction"": ""ltr""}}",1ae309b4-dfb7-4152-80c6-79fde16b7a10,"{""type"": ""Point"", ""coordinates"": [-117.59173, 36.268]}"
f732fd87-703d-4558-9bdc-8f0f685545c6,3dda9f54-d771-11ef-825b-0275dc2ded29,a3e9145b-ba55-4793-a0fa-189e0f404ca7,1,616fdc6f-6f44-47b7-939d-188c55b24de5,"{""en"": {""value"": ""Danville"", ""direction"": ""ltr""}}",[],[],b744d5de-fe7f-473a-8d34-feb985544027,"{""en"": {""value"": ""Danville (URI: https://www.geonames.org/4289445)"", ""direction"": ""ltr""}}",[],[],[],96895f2c-298e-4290-ac42-06abeec44d00,"{""en"": {""value"": ""https://www.geonames.org/4289445"", ""direction"": ""ltr""}}",65f33be2-0e21-4e75-b2f0-f20fee465b72,"{""type"": ""Point"", ""coordinates"": [-84.77217, 37.64563]}"
3c5a4cb9-9482-4a31-8bbf-f8e0d289c7ff,3dda9f54-d771-11ef-825b-0275dc2ded29,a3e9145b-ba55-4793-a0fa-189e0f404ca7,1,9032f86c-8324-4bfb-b12c-3067790d3718,"{""en"": {""value"": ""Bo"", ""direction"": ""ltr""}}",[],[],5cbca85b-0ced-4196-a452-43eb3d192620,"{""en"": {""value"": ""Bo (URI: https://www.geonames.org/2410048)"", ""direction"": ""ltr""}}",[],[],[],f1438271-defa-46e4-a333-f07136d53f1a,"{""en"": {""value"": ""https://www.geonames.org/2410048"", ""direction"": ""ltr""}}",1e7eb0dc-b4be-49ce-a09b-757df0b5300a,"{""type"": ""Point"", ""coordinates"": [-11.73833, 7.96472]}"
9d20221f-c6c8-4496-a709-13ffd367679e,3dda9f54-d771-11ef-825b-0275dc2ded29,a3e9145b-ba55-4793-a0fa-189e0f404ca7,1,c115ca0d-47ea-48e0-bc66-cefe16aa1e6f,"{""en"": {""value"": ""Custer"", ""direction"": ""ltr""}}",[],[],6d93f3d4-1e9e-42eb-ac71-2196f49fb74f,"{""en"": {""value"": ""Custer (URI: https://www.geonames.org/5763910)"", ""direction"": ""ltr""}}",[],[],[],21e258e3-54c2-4b38-b4cf-f290a02a3649,"{""en"": {""value"": ""https://www.geonames.org/5763910"", ""direction"": ""ltr""}}",ae3ee01c-0160-484d-b090-02e2d09c8898,"{""type"": ""Point"", ""coordinates"": [-103.59881, 43.76665]}"
de5513c4-7b5c-43f1-968f-198bba42160b,3dda9f54-d771-11ef-825b-0275dc2ded29,a3e9145b-ba55-4793-a0fa-189e0f404ca7,1,fa5c1991-76d2-4517-8cf8-14eae068a681,"{""en"": {""value"": ""Eastern Africa"", ""direction"": ""ltr""}}",[],[],d43f6959-6ef5-46fc-ae90-bedb43663ce4,"{""en"": {""value"": ""Eastern Africa (URI: https://www.geonames.org/7729889)"", ""direction"": ""ltr""}}",[],[],[],e4c4e4a7-2b99-4adc-a35d-d7bbae6a511e,"{""en"": {""value"": ""https://www.geonames.org/7729889"", ""direction"": ""ltr""}}",109c58b7-6407-46c2-9880-f95fbc06c0e4,"{""type"": ""Point"", ""coordinates"": [36.51855, -0.52734]}"
a5251915-0f5a-47aa-8d68-3fb099818cc2,3dda9f54-d771-11ef-825b-0275dc2ded29,a3e9145b-ba55-4793-a0fa-189e0f404ca7,1,056a879e-fcaf-48e1-bea2-639c9cd3829f,"{""en"": {""value"": ""Eddy"", ""direction"": ""ltr""}}",[],[],371a4595-a5bd-43ba-be26-fee7c14f2e40,"{""en"": {""value"": ""Eddy (URI: https://www.geonames.org/5466318)"", ""direction"": ""ltr""}}",[],[],[],20afc387-5716-428f-9220-81d59f6730e3,"{""en"": {""value"": ""https://www.geonames.org/5466318"", ""direction"": ""ltr""}}",165e552a-1674-4ac3-9685-fce6ab2f71fe,"{""type"": ""Point"", ""coordinates"": [-104.30431, 32.47149]}"
5ce50d08-dde8-41ce-9356-f179a2058a33,3dda9f54-d771-11ef-825b-0275dc2ded29,a3e9145b-ba55-4793-a0fa-189e0f404ca7,1,1f112411-c376-4799-8262-804da09d86e6,"{""en"": {""value"": ""Tavistock"", ""direction"": ""ltr""}}",[],[],7f733979-aa09-4771-811f-9490b6b2f1dd,"{""en"": {""value"": ""Tavistock (URI: https://www.geonames.org/7293375)"", ""direction"": ""ltr""}}",[],[],[],82f92fa8-0a45-4767-8e11-c19f53b50af7,"{""en"": {""value"": ""https://www.geonames.org/7293375"", ""direction"": ""ltr""}}",354ab239-5225-4db9-b3bc-9dd5cc554c1b,"{""type"": ""Point"", ""coordinates"": [-4.1396, 50.55337]}"
001ecf19-88d2-4587-9729-2783a6e98e26,3dda9f54-d771-11ef-825b-0275dc2ded29,a3e9145b-ba55-4793-a0fa-189e0f404ca7,1,5ec02145-8112-4bc1-9009-43784440d5c1,"{""en"": {""value"": ""Edwards"", ""direction"": ""ltr""}}",[],[],5e4d4c17-37a3-4ad3-9d57-0f038ffc1a7f,"{""en"": {""value"": ""Edwards (URI: https://www.geonames.org/5116273)"", ""direction"": ""ltr""}}",[],[],[],f3fad6d1-4b4f-45a8-b110-72223ed9f0f3,"{""en"": {""value"": ""https://www.geonames.org/5116273"", ""direction"": ""ltr""}}",88deb055-a140-468c-b58b-7ec0b7301f3f,"{""type"": ""Point"", ""coordinates"": [-75.25104, 44.32451]}"
e37e4bc7-188b-48ac-b510-9ac596b79756,3dda9f54-d771-11ef-825b-0275dc2ded29,a3e9145b-ba55-4793-a0fa-189e0f404ca7,1,9ad826c9-4760-48d2-8fee-69cb419c36ad,"{""en"": {""value"": ""Egypt"", ""direction"": ""ltr""}}",[],[],5a7b2a86-1f05-4a0e-899c-fd344666ace9,"{""en"": {""value"": ""Egypt (URI: https://www.geonames.org/357994)"", ""direction"": ""ltr""}}",[],[],[],271df7ae-2425-43c4-8055-2d5afcda0601,"{""en"": {""value"": ""https://www.geonames.org/357994"", ""direction"": ""ltr""}}",f4b59f93-34b4-43c2-9f83-a0f42328873d,"{""type"": ""Point"", ""coordinates"": [30.0, 27.0]}"
9b998497-7b83-41ab-a330-919fc3cee2d4,3dda9f54-d771-11ef-825b-0275dc2ded29,a3e9145b-ba55-4793-a0fa-189e0f404ca7,1,c20eaccd-e693-4c7b-a0b8-bb02c8205848,"{""en"": {""value"": ""Cripple Creek"", ""direction"": ""ltr""}}",[],[],e0f8582b-1672-4e05-a75a-f79d88be74ce,"{""en"": {""value"": ""Cripple Creek (URI: https://www.geonames.org/5418552)"", ""direction"": ""ltr""}}",[],[],[],996f964a-9ce6-46e8-81d3-03ecab5a3c28,"{""en"": {""value"": ""https://www.geonames.org/5418552"", ""direction"": ""ltr""}}",a131fa63-2ca1-47d4-b510-1ac56a9fb574,"{""type"": ""Point"", ""coordinates"": [-105.17831, 38.74666]}"
f419fd4f-98db-44c4-8a14-c05a429c4462,3dda9f54-d771-11ef-825b-0275dc2ded29,a3e9145b-ba55-4793-a0fa-189e0f404ca7,1,80b4594e-bb1a-4516-a879-9cec7d34362b,"{""en"": {""value"": ""El Dorado"", ""direction"": ""ltr""}}",[],[],01ebaaf0-9d9a-423d-aae1-14f73cb31c24,"{""en"": {""value"": ""El Dorado (URI: https://www.geonames.org/5345659)"", ""direction"": ""ltr""}}",[],[],[],df45e540-8ed8-4d28-9ffd-5aa0adf29e5e,"{""en"": {""value"": ""https://www.geonames.org/5345659"", ""direction"": ""ltr""}}",d0bb427c-9788-44ec-a273-e586c89d9ebd,"{""type"": ""Point"", ""coordinates"": [-120.52465, 38.77874]}"
bf93ff4d-a005-4c59-9360-711d20bd4664,3dda9f54-d771-11ef-825b-0275dc2ded29,a3e9145b-ba55-4793-a0fa-189e0f404ca7,1,1c4dd32d-5b0c-4678-8904-a31bec3d1514,"{""en"": {""value"": ""Bolivia"", ""direction"": ""ltr""}}",[],[],f887de08-33fd-4378-9dcd-c6c473e05c0b,"{""en"": {""value"": ""Bolivia (URI: https://www.geonames.org/3923057)"", ""direction"": ""ltr""}}",[],[],[],85fb461f-0536-43b4-98bc-c7d3d9d71519,"{""en"": {""value"": ""https://www.geonames.org/3923057"", ""direction"": ""ltr""}}",2883964d-e0c2-4e2a-b4c2-b1a334b29d52,"{""type"": ""Point"", ""coordinates"": [-65.0, -17.0]}"
3763f41f-9121-49b2-8441-7d13d2f4ac49,3dda9f54-d771-11ef-825b-0275dc2ded29,a3e9145b-ba55-4793-a0fa-189e0f404ca7,1,280b2fd6-569b-4267-a5f1-404c0fb32d21,"{""en"": {""value"": ""Steamboat Springs Mining District"", ""direction"": ""ltr""}}",[],[],cc4162b1-572d-41b9-922f-c921e99a6ad6,"{""en"": {""value"": ""Steamboat Springs Mining District (URI: https://www.geonames.org/5513018)"", ""direction"": ""ltr""}}",[],[],[],6b55d85f-3b0a-466b-9d63-ed9aa0515f55,"{""en"": {""value"": ""https://www.geonames.org/5513018"", ""direction"": ""ltr""}}",c2c6c32c-2129-4603-8b4f-938b58653a4b,"{""type"": ""Point"", ""coordinates"": [-119.76185, 39.37991]}"
9ecef448-3767-4fc8-88d8-20fa0ff9fc6f,3dda9f54-d771-11ef-825b-0275dc2ded29,a3e9145b-ba55-4793-a0fa-189e0f404ca7,1,9d7f83b2-8a8e-44f4-99e0-4ee2e70d28b8,"{""en"": {""value"": ""Boulder"", ""direction"": ""ltr""}}",[],[],b070c33e-ee4b-4112-bddf-9aed936cd550,"{""en"": {""value"": ""Boulder (URI: https://www.geonames.org/5574999)"", ""direction"": ""ltr""}}",[],[],[],d8c84810-e8dc-4d90-939f-9edc465d8e53,"{""en"": {""value"": ""https://www.geonames.org/5574999"", ""direction"": ""ltr""}}",7ff1946c-cc47-4f7a-aa61-0b769973ab58,"{""type"": ""Point"", ""coordinates"": [-105.3577, 40.09246]}"
08ebb3ff-b678-41fe-bcc1-7ce348b8c8db,3dda9f54-d771-11ef-825b-0275dc2ded29,a3e9145b-ba55-4793-a0fa-189e0f404ca7,1,ed9ee81f-00b8-4775-b0f8-70e22f233ad4,"{""en"": {""value"": ""Statesville"", ""direction"": ""ltr""}}",[],[],6b961717-ddbe-4d18-a486-fbabd5a3dde7,"{""en"": {""value"": ""Statesville (URI: https://www.geonames.org/4493316)"", ""direction"": ""ltr""}}",[],[],[],34dfa316-5d80-4f43-b3b5-c60429f435ef,"{""en"": {""value"": ""https://www.geonames.org/4493316"", ""direction"": ""ltr""}}",8e63025b-1148-4891-95b5-677b204d8585,"{""type"": ""Point"", ""coordinates"": [-80.8873, 35.78264]}"
ee22b552-456e-439b-a10c-91278c26c27c,3dda9f54-d771-11ef-825b-0275dc2ded29,a3e9145b-ba55-4793-a0fa-189e0f404ca7,1,59714fff-2acb-465d-a861-765d0a73547e,"{""en"": {""value"": ""Cornholme"", ""direction"": ""ltr""}}",[],[],be549991-4a52-4c69-a645-c86b5f725ab0,"{""en"": {""value"": ""Cornholme (URI: https://www.geonames.org/2652360)"", ""direction"": ""ltr""}}",[],[],[],54585608-ecda-4ce9-bfa3-5e968168421e,"{""en"": {""value"": ""https://www.geonames.org/2652360"", ""direction"": ""ltr""}}",fb6035c9-7db0-4455-a896-14b42196c8a0,"{""type"": ""Point"", ""coordinates"": [-2.13851, 53.7323]}"
f30cbda3-921d-45bd-94b9-a77d1528039c,3dda9f54-d771-11ef-825b-0275dc2ded29,a3e9145b-ba55-4793-a0fa-189e0f404ca7,1,e06bd257-2f9e-4fe1-b2a5-85de4a635e02,"{""en"": {""value"": ""Copán Ruinas"", ""direction"": ""ltr""}}",[],[],672d999e-4ef3-4d12-a266-7254d879e75f,"{""en"": {""value"": ""Copán Ruinas (URI: https://www.geonames.org/3613230)"", ""direction"": ""ltr""}}",[],[],[],f1a3c918-e070-4e4e-8ea3-7441207d13c0,"{""en"": {""value"": ""https://www.geonames.org/3613230"", ""direction"": ""ltr""}}",28ca7254-28c0-4b96-9f96-b2e6eaacfb04,"{""type"": ""Point"", ""coordinates"": [-89.15583, 14.83936]}"
ea0cd8ef-f263-4d5c-9861-cac4d39365ff,3dda9f54-d771-11ef-825b-0275dc2ded29,a3e9145b-ba55-4793-a0fa-189e0f404ca7,1,2a963bfd-ea1f-4464-acf2-c96423f56ce5,"{""en"": {""value"": ""Englewood Cliffs"", ""direction"": ""ltr""}}",[],[],bb3d12a5-cc5c-4eb6-8fed-a1919bd9dcc5,"{""en"": {""value"": ""Englewood Cliffs (URI: https://www.geonames.org/5097677)"", ""direction"": ""ltr""}}",[],[],[],65943be8-0cc4-4407-a75c-66ef193da876,"{""en"": {""value"": ""https://www.geonames.org/5097677"", ""direction"": ""ltr""}}",020edbcd-8256-489f-86a2-dbde6e64df3b,"{""type"": ""Point"", ""coordinates"": [-73.95236, 40.88538]}"
d53f2a05-d68e-4a7a-92d8-704d015ea1c9,3dda9f54-d771-11ef-825b-0275dc2ded29,a3e9145b-ba55-4793-a0fa-189e0f404ca7,1,4955e952-8d2c-4f48-aed1-55964a6c40fa,"{""en"": {""value"": ""Sicily"", ""direction"": ""ltr""}}",[],[],2aa0d20c-3ac3-43d9-a66b-f9ede80d7bea,"{""en"": {""value"": ""Sicily (URI: https://www.geonames.org/2523119)"", ""direction"": ""ltr""}}",[],[],[],b697dd02-bbf1-4051-9571-155fe09b70d3,"{""en"": {""value"": ""https://www.geonames.org/2523119"", ""direction"": ""ltr""}}",1dfcbc85-1148-4eb6-9207-ae378e42bd63,"{""type"": ""Point"", ""coordinates"": [14.25, 37.75]}"
ab0ef644-375a-438c-8521-bfd53f963c71,3dda9f54-d771-11ef-825b-0275dc2ded29,a3e9145b-ba55-4793-a0fa-189e0f404ca7,1,b8254b69-fd83-4303-967b-95f52a3c6359,"{""en"": {""value"": ""Bingham"", ""direction"": ""ltr""}}",[],[],9c0edd88-018d-454b-8a19-bbcf390989f8,"{""en"": {""value"": ""Bingham (URI: https://www.geonames.org/5457584)"", ""direction"": ""ltr""}}",[],[],[],8cc7dd19-37e0-464f-a4e9-72770b89fe88,"{""en"": {""value"": ""https://www.geonames.org/5457584"", ""direction"": ""ltr""}}",57417be0-c358-4bc8-a307-2391a08945c0,"{""type"": ""Point"", ""coordinates"": [-106.37251, 33.88896]}"
8372fb76-f098-411e-a807-cb50234b893e,3dda9f54-d771-11ef-825b-0275dc2ded29,a3e9145b-ba55-4793-a0fa-189e0f404ca7,1,9649c482-565a-4d98-a47d-785355c74c82,"{""en"": {""value"": ""Guanajuato"", ""direction"": ""ltr""}}",[],[],945b73e6-2fe0-4508-add4-459ea5cf35c6,"{""en"": {""value"": ""Guanajuato (URI: https://www.geonames.org/4005267)"", ""direction"": ""ltr""}}",[],[],[],47c7943b-408d-4621-b130-68d8336cad52,"{""en"": {""value"": ""https://www.geonames.org/4005267"", ""direction"": ""ltr""}}",93cdd692-d449-4d39-bc1e-1663d4d12c7a,"{""type"": ""Point"", ""coordinates"": [-101.0, 21.0]}"
5eb253e0-6af5-4cfb-8b64-87643cca7320,3dda9f54-d771-11ef-825b-0275dc2ded29,a3e9145b-ba55-4793-a0fa-189e0f404ca7,1,fa6fae2c-453e-4d53-90a1-2724e3523b1d,"{""en"": {""value"": ""Hawthorne"", ""direction"": ""ltr""}}",[],[],c8acd56e-901d-4f5d-9944-57857b35356c,"{""en"": {""value"": ""Hawthorne (URI: https://www.geonames.org/5120284)"", ""direction"": ""ltr""}}",[],[],[],51cdbb90-1127-4827-a2a3-cef6e6f745cc,"{""en"": {""value"": ""https://www.geonames.org/5120284"", ""direction"": ""ltr""}}",6d41000e-e73a-4b1b-91a9-47dd5999f297,"{""type"": ""Point"", ""coordinates"": [-73.79597, 41.10732]}"
8ff41290-c54f-4b63-933b-fcabe33a2a96,3dda9f54-d771-11ef-825b-0275dc2ded29,a3e9145b-ba55-4793-a0fa-189e0f404ca7,1,aaacb44d-73fa-4545-abcb-ce1349964c86,"{""en"": {""value"": ""Serra do Pequizeiro"", ""direction"": ""ltr""}}",[],[],a7126249-dc28-43ef-987f-e6353539dbfa,"{""en"": {""value"": ""Serra do Pequizeiro (URI: https://www.geonames.org/13021365)"", ""direction"": ""ltr""}}",[],[],[],def95809-eaa1-4a79-b41c-a56bec26e9dc,"{""en"": {""value"": ""https://www.geonames.org/13021365"", ""direction"": ""ltr""}}",b7392b67-471f-4e32-ba58-ff04f2d66392,"{""type"": ""Point"", ""coordinates"": [-43.9494, -18.5958]}"
69ce0d7d-e814-489a-9467-52d26baf7c0f,3dda9f54-d771-11ef-825b-0275dc2ded29,a3e9145b-ba55-4793-a0fa-189e0f404ca7,1,889b1e8a-dd2d-48ec-bde5-e093d60ebcc2,"{""en"": {""value"": ""Castille-La Mancha"", ""direction"": ""ltr""}}",[],[],a63a98f1-9d4b-43f4-a1f3-3f9e31e6e9c2,"{""en"": {""value"": ""Castille-La Mancha (URI: https://www.geonames.org/2593111)"", ""direction"": ""ltr""}}",[],[],[],1b9ed7f8-0485-4ab6-b360-c4df31dddb63,"{""en"": {""value"": ""https://www.geonames.org/2593111"", ""direction"": ""ltr""}}",baf858f3-f5c9-425f-8038-906222caf7cf,"{""type"": ""Point"", ""coordinates"": [-3.0, 39.5]}"
f895af74-27bb-4cae-b04d-85830b073a91,3dda9f54-d771-11ef-825b-0275dc2ded29,a3e9145b-ba55-4793-a0fa-189e0f404ca7,1,d914f1f7-b6ae-4a30-991c-a20bcf6e8368,"{""en"": {""value"": ""Hill"", ""direction"": ""ltr""}}",[],[],6c500a7d-273d-45e8-9e81-cf2c3c178ba3,"{""en"": {""value"": ""Hill (URI: https://www.geonames.org/5657400)"", ""direction"": ""ltr""}}",[],[],[],4167e603-5fb3-4d82-9659-336987fe6c14,"{""en"": {""value"": ""https://www.geonames.org/5657400"", ""direction"": ""ltr""}}",cf762e6c-7db9-407f-ac4a-c3ad006787ea,"{""type"": ""Point"", ""coordinates"": [-110.11131, 48.62823]}"
f48b76e2-7fc4-45ad-9b20-eb068f74557a,3dda9f54-d771-11ef-825b-0275dc2ded29,a3e9145b-ba55-4793-a0fa-189e0f404ca7,1,a8874db5-ccf7-44ca-a743-660599a81faf,"{""en"": {""value"": ""Secaucus"", ""direction"": ""ltr""}}",[],[],d76eaf18-5be4-4d8e-8f80-6b8235416e7f,"{""en"": {""value"": ""Secaucus (URI: https://www.geonames.org/5104504)"", ""direction"": ""ltr""}}",[],[],[],5b32e281-7984-466e-a2ab-ec5dd17c3c61,"{""en"": {""value"": ""https://www.geonames.org/5104504"", ""direction"": ""ltr""}}",aedfb03e-8945-47cc-afb9-0f66b718ea96,"{""type"": ""Point"", ""coordinates"": [-74.05653, 40.78955]}"
3d9ac1bc-470a-4399-8ffd-e372263efbbb,3dda9f54-d771-11ef-825b-0275dc2ded29,a3e9145b-ba55-4793-a0fa-189e0f404ca7,1,d5df9405-1c20-41f4-a29f-781dd86070e2,"{""en"": {""value"": ""Cardwell"", ""direction"": ""ltr""}}",[],[],84620260-5b33-4eb4-aa32-b2adace15b0c,"{""en"": {""value"": ""Cardwell (URI: https://www.geonames.org/2172336)"", ""direction"": ""ltr""}}",[],[],[],748a0850-22a6-4bd6-a4b0-8cdd957aec83,"{""en"": {""value"": ""https://www.geonames.org/2172336"", ""direction"": ""ltr""}}",433d32f6-6c5c-470f-a45f-406ba74ad614,"{""type"": ""Point"", ""coordinates"": [146.02804, -18.26693]}"
9309847d-7a8b-4544-a7ab-fc43f56593b3,3dda9f54-d771-11ef-825b-0275dc2ded29,a3e9145b-ba55-4793-a0fa-189e0f404ca7,1,c06fffdd-0726-47f9-b1ef-f90468b6d5ca,"{""en"": {""value"": ""Honduras"", ""direction"": ""ltr""}}",[],[],e9c37bac-5d98-4941-89d0-68f787ac8cfb,"{""en"": {""value"": ""Honduras (URI: https://www.geonames.org/3608932)"", ""direction"": ""ltr""}}",[],[],[],830cf1ae-84be-4151-8f58-061fd357fed5,"{""en"": {""value"": ""https://www.geonames.org/3608932"", ""direction"": ""ltr""}}",4c75ccb2-b74d-4bd9-b05f-aebbb2d48b0b,"{""type"": ""Point"", ""coordinates"": [-86.5, 15.0]}"
8ec5ac33-a131-4fad-97b3-bb7dafcfb1b8,3dda9f54-d771-11ef-825b-0275dc2ded29,a3e9145b-ba55-4793-a0fa-189e0f404ca7,1,d8a3dd13-c382-4206-b7a4-64011369aab5,"{""en"": {""value"": ""Hot Spring"", ""direction"": ""ltr""}}",[],[],557e4fd9-d5d4-4dba-8517-a814fdc143e3,"{""en"": {""value"": ""Hot Spring (URI: https://www.geonames.org/4115406)"", ""direction"": ""ltr""}}",[],[],[],0bdaff3c-78f9-4d4c-a421-a65cbac35efa,"{""en"": {""value"": ""https://www.geonames.org/4115406"", ""direction"": ""ltr""}}",bc17041c-e6b9-425c-814a-8495bf92b1ae,"{""type"": ""Point"", ""coordinates"": [-92.94601, 34.31763]}"
4e29e520-e51b-4d28-8f74-19119b7712e5,3dda9f54-d771-11ef-825b-0275dc2ded29,a3e9145b-ba55-4793-a0fa-189e0f404ca7,1,0fd04245-2969-4b26-83ae-ab3dffe55a0d,"{""en"": {""value"": ""Hot Springs"", ""direction"": ""ltr""}}",[],[],9cb7472c-48fd-4dc3-a10f-e2f6183de095,"{""en"": {""value"": ""Hot Springs (URI: https://www.geonames.org/4472119)"", ""direction"": ""ltr""}}",[],[],[],1936ebd0-ec76-46eb-a017-30407e1d5b05,"{""en"": {""value"": ""https://www.geonames.org/4472119"", ""direction"": ""ltr""}}",f6b4a96a-b3f1-4fe7-81d3-3bc6561ad119,"{""type"": ""Point"", ""coordinates"": [-82.83112, 35.89263]}"
8170c2cd-a272-47b2-9140-a87012275587,3dda9f54-d771-11ef-825b-0275dc2ded29,a3e9145b-ba55-4793-a0fa-189e0f404ca7,1,c3961964-7d34-4836-890e-378047dd647e,"{""en"": {""value"": ""Scandinavia"", ""direction"": ""ltr""}}",[],[],3aec2763-2837-446a-a964-a94e7daee4ea,"{""en"": {""value"": ""Scandinavia (URI: https://www.geonames.org/2614165)"", ""direction"": ""ltr""}}",[],[],[],4e4f0690-bf18-457b-aeaa-fc9c03336981,"{""en"": {""value"": ""https://www.geonames.org/2614165"", ""direction"": ""ltr""}}",9c2f4b63-d7c8-4272-bd9e-747351b7e2a2,"{""type"": ""Point"", ""coordinates"": [12.0, 63.0]}"
841e4e11-ab0e-43d9-8c67-c5fa25d7323a,3dda9f54-d771-11ef-825b-0275dc2ded29,a3e9145b-ba55-4793-a0fa-189e0f404ca7,1,64fd12f1-884d-47e5-9f62-2394bb6901fd,"{""en"": {""value"": ""Sauerland"", ""direction"": ""ltr""}}",[],[],20c145b2-df83-434d-8686-7cc9aef2e8b8,"{""en"": {""value"": ""Sauerland (URI: https://www.geonames.org/2841177)"", ""direction"": ""ltr""}}",[],[],[],a43f73cb-a48b-4716-9ca6-a5b85b61d377,"{""en"": {""value"": ""https://www.geonames.org/2841177"", ""direction"": ""ltr""}}",406c4fd2-c29e-4414-92c0-dcb85d4358eb,"{""type"": ""Point"", ""coordinates"": [7.83333, 51.33333]}"
ddb2732f-f256-4b1d-ac95-fd7165934eaa,3dda9f54-d771-11ef-825b-0275dc2ded29,a3e9145b-ba55-4793-a0fa-189e0f404ca7,1,e29b0b87-64c2-4f4e-a470-386de8fa3239,"{""en"": {""value"": ""Saskatchewan"", ""direction"": ""ltr""}}",[],[],8a956d39-8c9a-4fe2-8123-136af43ecf32,"{""en"": {""value"": ""Saskatchewan (URI: https://www.geonames.org/6141242)"", ""direction"": ""ltr""}}",[],[],[],b27dd170-8e3f-490e-a1ac-64b19f4ae8a4,"{""en"": {""value"": ""https://www.geonames.org/6141242"", ""direction"": ""ltr""}}",957f11fd-cfd3-4bd6-bd61-34921b3aa378,"{""type"": ""Point"", ""coordinates"": [-106.00099, 54.0001]}"
cd48ab5d-5af7-40ec-a37f-5960e0ace8b7,3dda9f54-d771-11ef-825b-0275dc2ded29,a3e9145b-ba55-4793-a0fa-189e0f404ca7,1,58aba526-0b1f-494f-babc-bcbb40b41288,"{""en"": {""value"": ""Hubei"", ""direction"": ""ltr""}}",[],[],20975ffc-3e8b-4718-aceb-615c3bc9aff2,"{""en"": {""value"": ""Hubei (URI: https://www.geonames.org/1806949)"", ""direction"": ""ltr""}}",[],[],[],69a7a6ac-cbcb-4ed7-9839-b7b2e10438c2,"{""en"": {""value"": ""https://www.geonames.org/1806949"", ""direction"": ""ltr""}}",662949b5-5360-4049-a3d3-df31442f78cf,"{""type"": ""Point"", ""coordinates"": [112.25, 31.0]}"
ceaf6463-07b3-41c7-9492-5c8134528959,3dda9f54-d771-11ef-825b-0275dc2ded29,a3e9145b-ba55-4793-a0fa-189e0f404ca7,1,8c707a86-6b04-459f-bee6-d85f2f89f5c1,"{""en"": {""value"": ""Baraga"", ""direction"": ""ltr""}}",[],[],e2f58b71-c38d-4c34-8a2a-a3392d2c3f7f,"{""en"": {""value"": ""Baraga (URI: https://www.geonames.org/4984903)"", ""direction"": ""ltr""}}",[],[],[],23532392-a980-4155-9274-b1f1f2f23330,"{""en"": {""value"": ""https://www.geonames.org/4984903"", ""direction"": ""ltr""}}",a3e72f21-4252-458f-8af2-e20d9ca72093,"{""type"": ""Point"", ""coordinates"": [-88.35215, 46.69976]}"
15f8960c-e9fd-4cef-81de-1cab9aaf286c,3dda9f54-d771-11ef-825b-0275dc2ded29,a3e9145b-ba55-4793-a0fa-189e0f404ca7,1,dd896ed2-59ea-44af-bc62-538bc8e09c87,"{""en"": {""value"": ""Winfield"", ""direction"": ""ltr""}}",[],[],255f4686-7a40-402e-8df7-01f64bf61654,"{""en"": {""value"": ""Winfield (URI: https://www.geonames.org/4281897)"", ""direction"": ""ltr""}}",[],[],[],3013c313-11b3-48ab-a147-e5a522785f89,"{""en"": {""value"": ""https://www.geonames.org/4281897"", ""direction"": ""ltr""}}",11a8ec40-653b-4a15-a064-f05e3f8380df,"{""type"": ""Point"", ""coordinates"": [-96.99559, 37.23975]}"
9ae4ebcd-a1bc-44ce-a1ab-941077b16429,3dda9f54-d771-11ef-825b-0275dc2ded29,a3e9145b-ba55-4793-a0fa-189e0f404ca7,1,03509193-7d26-438c-ad8e-f6a4865e17b9,"{""en"": {""value"": ""Sardinia"", ""direction"": ""ltr""}}",[],[],3be2c6e8-9721-4699-a48d-075472dc276a,"{""en"": {""value"": ""Sardinia (URI: https://www.geonames.org/2523228)"", ""direction"": ""ltr""}}",[],[],[],5687c662-3f5e-4831-aa9d-0db0d6c6c42e,"{""en"": {""value"": ""https://www.geonames.org/2523228"", ""direction"": ""ltr""}}",21e16c7d-3985-464c-8fe3-07038d44016f,"{""type"": ""Point"", ""coordinates"": [9.0, 40.0]}"
06d9d025-dc82-4a6d-82de-7c762abe417d,3dda9f54-d771-11ef-825b-0275dc2ded29,a3e9145b-ba55-4793-a0fa-189e0f404ca7,1,f70b4660-20c2-456e-8189-efe1f161a539,"{""en"": {""value"": ""Canada Bay"", ""direction"": ""ltr""}}",[],[],0158b301-3294-42d0-8be6-bcf9f5d43548,"{""en"": {""value"": ""Canada Bay (URI: https://www.geonames.org/7839706)"", ""direction"": ""ltr""}}",[],[],[],25a3e7fc-3416-41c6-b88e-df2f8470ba3e,"{""en"": {""value"": ""https://www.geonames.org/7839706"", ""direction"": ""ltr""}}",45f3e53d-0164-4c09-a404-4c254c4e10a5,"{""type"": ""Point"", ""coordinates"": [151.11591, -33.8659]}"
a5d450ab-4c12-4d6e-a6e3-2fe7275adf3e,3dda9f54-d771-11ef-825b-0275dc2ded29,a3e9145b-ba55-4793-a0fa-189e0f404ca7,1,659130d3-b92a-4457-9869-bac0fc341929,"{""en"": {""value"": ""Calabasas"", ""direction"": ""ltr""}}",[],[],bd8b46ab-52e4-474f-a1fe-8d3a4e3022f5,"{""en"": {""value"": ""Calabasas (URI: https://www.geonames.org/5332593)"", ""direction"": ""ltr""}}",[],[],[],6cedb145-6f31-42a4-b184-64c821834188,"{""en"": {""value"": ""https://www.geonames.org/5332593"", ""direction"": ""ltr""}}",60e2cb0c-35dd-401d-b310-1657ec37f93f,"{""type"": ""Point"", ""coordinates"": [-118.63842, 34.15778]}"
545b2980-beac-4361-9aca-ca8b054116cf,3dda9f54-d771-11ef-825b-0275dc2ded29,a3e9145b-ba55-4793-a0fa-189e0f404ca7,1,7ef63cb9-a112-46e2-bc93-d212768ee7ce,"{""en"": {""value"": ""Hérault"", ""direction"": ""ltr""}}",[],[],b952b02c-5bbf-446c-9775-2129b9cc386b,"{""en"": {""value"": ""Hérault (URI: https://www.geonames.org/3013500)"", ""direction"": ""ltr""}}",[],[],[],2f3e74f9-8a2e-4f38-a48f-ab25038a25f7,"{""en"": {""value"": ""https://www.geonames.org/3013500"", ""direction"": ""ltr""}}",6422fbdf-5877-4b1a-a606-2f64841dec92,"{""type"": ""Point"", ""coordinates"": [3.5, 43.66667]}"
03246c64-0a02-4bc8-9db5-fad916693e5d,3dda9f54-d771-11ef-825b-0275dc2ded29,a3e9145b-ba55-4793-a0fa-189e0f404ca7,1,aa98fb46-8baa-46ad-9c3b-9f9b62518dde,"{""en"": {""value"": ""Camp Verde"", ""direction"": ""ltr""}}",[],[],7175d8ce-d9b4-4597-b26d-a7fc39c8cfad,"{""en"": {""value"": ""Camp Verde (URI: https://www.geonames.org/5288261)"", ""direction"": ""ltr""}}",[],[],[],fb92af76-ce12-4ad1-97e2-797f231b48ec,"{""en"": {""value"": ""https://www.geonames.org/5288261"", ""direction"": ""ltr""}}",0425b678-c620-4bcd-a332-e240dc399ce7,"{""type"": ""Point"", ""coordinates"": [-111.85432, 34.56364]}"
136e7f39-a1e3-456c-872e-168655da03e1,3dda9f54-d771-11ef-825b-0275dc2ded29,a3e9145b-ba55-4793-a0fa-189e0f404ca7,1,84b70de7-85d2-4499-9249-e50be01ed127,"{""en"": {""value"": ""Imperial"", ""direction"": ""ltr""}}",[],[],70c059de-81d9-44ef-a815-62eeb7f2d028,"{""en"": {""value"": ""Imperial (URI: https://www.geonames.org/5359067)"", ""direction"": ""ltr""}}",[],[],[],08bd034f-21ab-403c-8d36-1150457d8668,"{""en"": {""value"": ""https://www.geonames.org/5359067"", ""direction"": ""ltr""}}",e6574498-06aa-440a-b09d-e721c52cf5aa,"{""type"": ""Point"", ""coordinates"": [-115.36532, 33.03951]}"
652cf2a5-4c0c-40b6-9526-2a25f1dbb003,3dda9f54-d771-11ef-825b-0275dc2ded29,a3e9145b-ba55-4793-a0fa-189e0f404ca7,1,85205ef0-3d61-4a22-be78-4dc974d40efb,"{""en"": {""value"": ""Virginia"", ""direction"": ""ltr""}}",[],[],d3dbc775-4130-446c-9cba-efdb02532f05,"{""en"": {""value"": ""Virginia (URI: https://www.geonames.org/6254928)"", ""direction"": ""ltr""}}",[],[],[],0618355a-71de-4070-9744-aac63176e651,"{""en"": {""value"": ""https://www.geonames.org/6254928"", ""direction"": ""ltr""}}",fb2723e9-97d0-4a56-8554-6abe6a878432,"{""type"": ""Point"", ""coordinates"": [-77.44675, 37.54812]}"
c0dd199e-b8de-4e27-9af8-9ab86e74cf41,3dda9f54-d771-11ef-825b-0275dc2ded29,a3e9145b-ba55-4793-a0fa-189e0f404ca7,1,c04a42d0-47f6-4979-a9ee-d7eb4dfb220c,"{""en"": {""value"": ""Indiana"", ""direction"": ""ltr""}}",[],[],38ad74d4-89cf-4e62-aaed-00936d416aaa,"{""en"": {""value"": ""Indiana (URI: https://www.geonames.org/4921868)"", ""direction"": ""ltr""}}",[],[],[],08a4ee52-0477-4a0b-b2c4-357126e06665,"{""en"": {""value"": ""https://www.geonames.org/4921868"", ""direction"": ""ltr""}}",877a0d6c-12e2-4a9f-b620-3b77edbf7e44,"{""type"": ""Point"", ""coordinates"": [-86.25027, 40.00032]}"
a2e16726-ec40-4fde-bf60-963ae263ced9,3dda9f54-d771-11ef-825b-0275dc2ded29,a3e9145b-ba55-4793-a0fa-189e0f404ca7,1,8e12b019-1d0d-43e7-9a62-d30ac1437c65,"{""en"": {""value"": ""Bancroft"", ""direction"": ""ltr""}}",[],[],bba9a48d-0a4d-4e8b-a5d2-39e6240ac170,"{""en"": {""value"": ""Bancroft (URI: https://www.geonames.org/5892509)"", ""direction"": ""ltr""}}",[],[],[],ffda7881-35e9-48ad-860c-56ba8cabc0b5,"{""en"": {""value"": ""https://www.geonames.org/5892509"", ""direction"": ""ltr""}}",6a74aa34-f29f-459a-a179-3acc022bc840,"{""type"": ""Point"", ""coordinates"": [-77.8495, 45.05013]}"
36e2c2d1-ea38-43f6-9608-13e28bd2736a,3dda9f54-d771-11ef-825b-0275dc2ded29,a3e9145b-ba55-4793-a0fa-189e0f404ca7,1,1f440cd3-acc2-49ae-84c6-ebc34f1c372d,"{""en"": {""value"": ""Seymour"", ""direction"": ""ltr""}}",[],[],430dac17-8c0c-43e4-98d9-3d1bdfc55236,"{""en"": {""value"": ""Seymour (URI: https://www.geonames.org/4264617)"", ""direction"": ""ltr""}}",[],[],[],0f6936e7-4467-43db-94e4-1dfe3932c54a,"{""en"": {""value"": ""https://www.geonames.org/4264617"", ""direction"": ""ltr""}}",16f76175-6266-4515-bf65-ba7d14f5f4f1,"{""type"": ""Point"", ""coordinates"": [-85.89025, 38.95922]}"
6ce1a8fb-e4c9-4655-8783-cdb926c86f9c,3dda9f54-d771-11ef-825b-0275dc2ded29,a3e9145b-ba55-4793-a0fa-189e0f404ca7,1,3bf21c33-8423-46ba-8940-ad0855af88cd,"{""en"": {""value"": ""Schwerin"", ""direction"": ""ltr""}}",[],[],b074e8b8-9e87-4874-b9d6-aeb06f3a7b84,"{""en"": {""value"": ""Schwerin (URI: https://www.geonames.org/2834282)"", ""direction"": ""ltr""}}",[],[],[],c4f50c7d-ddbc-4f05-bfbc-0502afb2791b,"{""en"": {""value"": ""https://www.geonames.org/2834282"", ""direction"": ""ltr""}}",c79590ee-57cc-40af-a253-ad1b3c22d892,"{""type"": ""Point"", ""coordinates"": [11.41316, 53.62937]}"
3213da7f-7ff1-4602-841d-2c66b58fd720,3dda9f54-d771-11ef-825b-0275dc2ded29,a3e9145b-ba55-4793-a0fa-189e0f404ca7,1,bf57bc5d-cf5c-438e-870b-e4417617e7dc,"{""en"": {""value"": ""Guangdong"", ""direction"": ""ltr""}}",[],[],349a34fb-34ae-4308-9f2b-0e617d88cc25,"{""en"": {""value"": ""Guangdong (URI: https://www.geonames.org/1809935)"", ""direction"": ""ltr""}}",[],[],[],4ea7880c-0b1c-4d04-bf55-8b9056c5e9be,"{""en"": {""value"": ""https://www.geonames.org/1809935"", ""direction"": ""ltr""}}",d378bfd5-8fae-4b53-9dcb-d1d06b4deee1,"{""type"": ""Point"", ""coordinates"": [113.25, 23.5]}"
8c779a85-9604-46cf-aa1e-6a0d03e95957,3dda9f54-d771-11ef-825b-0275dc2ded29,a3e9145b-ba55-4793-a0fa-189e0f404ca7,1,4543d43c-2c96-428f-a67b-9e7f5b58995c,"{""en"": {""value"": ""Burma"", ""direction"": ""ltr""}}",[],[],d8e5b3be-be9a-4518-a76a-fe4323b0342d,"{""en"": {""value"": ""Burma (URI: https://www.geonames.org/1327865)"", ""direction"": ""ltr""}}",[],[],[],2612231a-2be0-4dd9-b12b-2696abaab5cc,"{""en"": {""value"": ""https://www.geonames.org/1327865"", ""direction"": ""ltr""}}",c0a2c088-8faf-4f4d-817f-5d9c70a702f8,"{""type"": ""Point"", ""coordinates"": [96.0, 21.0]}"
544cffa5-c04f-4285-89bc-19ae14045612,3dda9f54-d771-11ef-825b-0275dc2ded29,a3e9145b-ba55-4793-a0fa-189e0f404ca7,1,bab73c19-0c56-433e-b7de-df4d4e4f7de8,"{""en"": {""value"": ""Harrison"", ""direction"": ""ltr""}}",[],[],b02ea122-09ad-4f14-a0e6-6d250d092aeb,"{""en"": {""value"": ""Harrison (URI: https://www.geonames.org/4258587)"", ""direction"": ""ltr""}}",[],[],[],3b229421-c492-490c-9ce5-224d5ff70456,"{""en"": {""value"": ""https://www.geonames.org/4258587"", ""direction"": ""ltr""}}",5a469675-463a-4f17-8c92-cae46af6413b,"{""type"": ""Point"", ""coordinates"": [-86.11131, 38.19512]}"
ea23741e-eeec-4ca2-b690-abbcb9e58607,3dda9f54-d771-11ef-825b-0275dc2ded29,a3e9145b-ba55-4793-a0fa-189e0f404ca7,1,4ffe19a0-1449-4578-b4bf-527fb3de1433,"{""en"": {""value"": ""Sichuan"", ""direction"": ""ltr""}}",[],[],b9097f6c-7e4b-4f19-ab4e-30e0bcbb7566,"{""en"": {""value"": ""Sichuan (URI: https://www.geonames.org/1794299)"", ""direction"": ""ltr""}}",[],[],[],4ce7f567-4c79-4be6-8e74-404888ac54ac,"{""en"": {""value"": ""https://www.geonames.org/1794299"", ""direction"": ""ltr""}}",88be5f08-0ef2-49f3-8e6e-76a66e2600b5,"{""type"": ""Point"", ""coordinates"": [102.66667, 30.5]}"
48f3f74a-f159-4475-a588-8a355f73f865,3dda9f54-d771-11ef-825b-0275dc2ded29,a3e9145b-ba55-4793-a0fa-189e0f404ca7,1,a0ef64b5-186a-4b43-bdec-6d3dba311dd4,"{""en"": {""value"": ""Champagne"", ""direction"": ""ltr""}}",[],[],4cd459fb-248a-4aed-8c55-ac4fc1402beb,"{""en"": {""value"": ""Champagne (URI: https://www.geonames.org/3027258)"", ""direction"": ""ltr""}}",[],[],[],fc1fde54-77d0-48a2-b18b-d03f2be4b280,"{""en"": {""value"": ""https://www.geonames.org/3027258"", ""direction"": ""ltr""}}",537ec5a1-e84a-4a76-8bce-f8f387a8a35f,"{""type"": ""Point"", ""coordinates"": [4.5, 49.0]}"
865fc440-43fc-424d-a9ee-9479c52c0bbd,3dda9f54-d771-11ef-825b-0275dc2ded29,a3e9145b-ba55-4793-a0fa-189e0f404ca7,1,8940136f-181f-48d2-9788-b6f8b3743737,"{""en"": {""value"": ""Oslo County"", ""direction"": ""ltr""}}",[],[],423013a4-4a15-4f17-82c2-e986fbb858c2,"{""en"": {""value"": ""Oslo County (URI: https://www.geonames.org/3143242)"", ""direction"": ""ltr""}}",[],[],[],31fe3eca-fefe-4cc7-b5aa-32933848495a,"{""en"": {""value"": ""https://www.geonames.org/3143242"", ""direction"": ""ltr""}}",d4d4e611-2950-4e37-8ebf-cd02841dbbd1,"{""type"": ""Point"", ""coordinates"": [10.7336, 59.9119]}"
3bd1aa54-cd87-4574-be9b-4c10d57b3508,3dda9f54-d771-11ef-825b-0275dc2ded29,a3e9145b-ba55-4793-a0fa-189e0f404ca7,1,8c5c7228-1275-42ee-883f-ddce25062f99,"{""en"": {""value"": ""Telluride"", ""direction"": ""ltr""}}",[],[],e3f27fb3-dfdf-4b46-824c-032ddc9025cd,"{""en"": {""value"": ""Telluride (URI: https://www.geonames.org/5441199)"", ""direction"": ""ltr""}}",[],[],[],171c6230-de83-42ef-890d-e8e0990cee43,"{""en"": {""value"": ""https://www.geonames.org/5441199"", ""direction"": ""ltr""}}",1324b1b3-ad7d-4e81-b691-87a89e7a5283,"{""type"": ""Point"", ""coordinates"": [-107.81229, 37.93749]}"
b7e1a209-35b0-43ac-bc15-d587f5f00856,3dda9f54-d771-11ef-825b-0275dc2ded29,a3e9145b-ba55-4793-a0fa-189e0f404ca7,1,1c9b4acf-2d23-49ac-9595-bf643d5b4432,"{""en"": {""value"": ""Okehampton"", ""direction"": ""ltr""}}",[],[],794576d2-c775-4484-9e1c-403124aad2cf,"{""en"": {""value"": ""Okehampton (URI: https://www.geonames.org/7294968)"", ""direction"": ""ltr""}}",[],[],[],1c05f9c8-1496-410a-a9f9-f91a0d3ac255,"{""en"": {""value"": ""https://www.geonames.org/7294968"", ""direction"": ""ltr""}}",72062b34-b335-45b7-953c-64e152b5c86f,"{""type"": ""Point"", ""coordinates"": [-3.99996, 50.73884]}"
c6d84027-bccb-4559-9ce0-a09a18ed87b8,3dda9f54-d771-11ef-825b-0275dc2ded29,a3e9145b-ba55-4793-a0fa-189e0f404ca7,1,39e2921d-5597-47e2-99c4-b409d15f887a,"{""en"": {""value"": ""Tamuin"", ""direction"": ""ltr""}}",[],[],3bbedbb4-8367-4b13-95a6-5224f342783d,"{""en"": {""value"": ""Tamuin (URI: https://www.geonames.org/3824235)"", ""direction"": ""ltr""}}",[],[],[],f5fb2472-edb4-42d1-9ee9-124849ccbd9f,"{""en"": {""value"": ""https://www.geonames.org/3824235"", ""direction"": ""ltr""}}",33a43e6e-2c8c-4ecd-92f8-d64aad7859b8,"{""type"": ""Point"", ""coordinates"": [-98.10833, 21.53333]}"
e1da1f14-9965-4e85-b8c5-be6e2807c1ea,3dda9f54-d771-11ef-825b-0275dc2ded29,a3e9145b-ba55-4793-a0fa-189e0f404ca7,1,f8e391f4-dd7d-42df-8793-27ebaf911233,"{""en"": {""value"": ""Washington and Creole Mine"", ""direction"": ""ltr""}}",[],[],126b1bbf-1199-4d4f-89af-048ab7f1be74,"{""en"": {""value"": ""Washington and Creole Mine (URI: https://www.geonames.org/5514632)"", ""direction"": ""ltr""}}",[],[],[],5220cdc0-c9c4-447b-bcf6-2b4aae35dbc8,"{""en"": {""value"": ""https://www.geonames.org/5514632"", ""direction"": ""ltr""}}",7e0e44ec-919a-4ea1-9e29-121336856806,"{""type"": ""Point"", ""coordinates"": [-114.4561, 37.92191]}"
50f52a9f-d651-42a7-96bc-349e448f70d1,3dda9f54-d771-11ef-825b-0275dc2ded29,a3e9145b-ba55-4793-a0fa-189e0f404ca7,1,339d4481-938a-4a90-90a7-820c08bd5dbd,"{""en"": {""value"": ""Tyrone"", ""direction"": ""ltr""}}",[],[],523ff598-805b-4147-af68-d37376499ab4,"{""en"": {""value"": ""Tyrone (URI: https://www.geonames.org/5495767)"", ""direction"": ""ltr""}}",[],[],[],635e1ec1-d5fe-444c-9e02-3b43d0ed2131,"{""en"": {""value"": ""https://www.geonames.org/5495767"", ""direction"": ""ltr""}}",b8bc52b1-db1a-4805-869c-246a193ae35f,"{""type"": ""Point"", ""coordinates"": [-108.35949, 32.65702]}"
21c700e4-7d10-4033-9c85-7cc3bd91c449,3dda9f54-d771-11ef-825b-0275dc2ded29,a3e9145b-ba55-4793-a0fa-189e0f404ca7,1,c14ebd03-66fa-4995-bf8a-eccc690d144d,"{""en"": {""value"": ""Victoria"", ""direction"": ""ltr""}}",[],[],259837dc-3aa5-444c-85dc-c25ab3b6e57a,"{""en"": {""value"": ""Victoria (URI: https://www.geonames.org/2145234)"", ""direction"": ""ltr""}}",[],[],[],5fa042e3-a963-4f72-8d4a-07ce9e5f27d2,"{""en"": {""value"": ""https://www.geonames.org/2145234"", ""direction"": ""ltr""}}",99923690-cbc0-4363-bdc8-8bb755a48680,"{""type"": ""Point"", ""coordinates"": [145.0, -37.0]}"
61a1c169-d060-42c0-8c27-a5e1479e5ecb,3dda9f54-d771-11ef-825b-0275dc2ded29,a3e9145b-ba55-4793-a0fa-189e0f404ca7,1,7c68b9c0-cc44-4e79-abd2-669413acc322,"{""en"": {""value"": ""Taylorsville"", ""direction"": ""ltr""}}",[],[],8a742cd8-a529-42fd-bf69-82531d510178,"{""en"": {""value"": ""Taylorsville (URI: https://www.geonames.org/5572570)"", ""direction"": ""ltr""}}",[],[],[],b7630f83-03e1-4371-acab-5cc20de68ba5,"{""en"": {""value"": ""https://www.geonames.org/5572570"", ""direction"": ""ltr""}}",b8ba24ae-df6b-4088-84e0-cd672613e708,"{""type"": ""Point"", ""coordinates"": [-120.83968, 40.07545]}"
6159ea4d-c084-4a9d-aaec-ced7c5fba74c,3dda9f54-d771-11ef-825b-0275dc2ded29,a3e9145b-ba55-4793-a0fa-189e0f404ca7,1,3f4f47d0-f0a1-4aae-94b0-3680305d6eeb,"{""en"": {""value"": ""Patrick County"", ""direction"": ""ltr""}}",[],[],d677ee9b-51de-4485-b44b-ed6664f5ba0d,"{""en"": {""value"": ""Patrick County (URI: https://www.geonames.org/4778096)"", ""direction"": ""ltr""}}",[],[],[],a0076ef7-44fe-43d1-a05a-55f12ab53e87,"{""en"": {""value"": ""https://www.geonames.org/4778096"", ""direction"": ""ltr""}}",80456c52-b152-4721-b5a7-09903a670815,"{""type"": ""Point"", ""coordinates"": [-80.28435, 36.67833]}"
56d409d7-4ecb-4f1f-b1dc-6093f208d31a,3dda9f54-d771-11ef-825b-0275dc2ded29,a3e9145b-ba55-4793-a0fa-189e0f404ca7,1,1e7101ab-b228-41e2-be7e-df5cf7366500,"{""en"": {""value"": ""Passo del Bernina"", ""direction"": ""ltr""}}",[],[],37acbbff-6617-41a9-b94c-59a908da9812,"{""en"": {""value"": ""Passo del Bernina (URI: https://www.geonames.org/2661543)"", ""direction"": ""ltr""}}",[],[],[],8afb0327-c5b3-48b5-8d74-8f7bdfe13c14,"{""en"": {""value"": ""https://www.geonames.org/2661543"", ""direction"": ""ltr""}}",45d3158a-de2b-4d84-a8f7-6bee0e1e85fa,"{""type"": ""Point"", ""coordinates"": [10.01029, 46.41516]}"
6fb07940-02d8-4747-8656-a703c3e589e1,3dda9f54-d771-11ef-825b-0275dc2ded29,a3e9145b-ba55-4793-a0fa-189e0f404ca7,1,af44765a-fee0-4343-b653-bb43df4591cc,"{""en"": {""value"": ""Pasco"", ""direction"": ""ltr""}}",[],[],7f1b4d58-be12-422d-ab9c-d514178a0c99,"{""en"": {""value"": ""Pasco (URI: https://www.geonames.org/3932834)"", ""direction"": ""ltr""}}",[],[],[],4d76ec0b-33a9-4e46-844f-88978771dba4,"{""en"": {""value"": ""https://www.geonames.org/3932834"", ""direction"": ""ltr""}}",28a0492e-3058-4257-bf5f-d8d7d06d78ff,"{""type"": ""Point"", ""coordinates"": [-75.25, -10.5]}"
7e0e276f-decf-47d2-8760-d638f3f03a50,3dda9f54-d771-11ef-825b-0275dc2ded29,a3e9145b-ba55-4793-a0fa-189e0f404ca7,1,e3963fe8-a79e-4b0d-a485-de97725f5578,"{""en"": {""value"": ""Tena"", ""direction"": ""ltr""}}",[],[],05e55fc7-a2f9-4a84-b589-9c4822d6292a,"{""en"": {""value"": ""Tena (URI: https://www.geonames.org/3650721)"", ""direction"": ""ltr""}}",[],[],[],870c4fec-199e-40f1-97c7-0720ae0ef916,"{""en"": {""value"": ""https://www.geonames.org/3650721"", ""direction"": ""ltr""}}",8058be0a-1ee1-4d6b-8e3a-f8e99211e736,"{""type"": ""Point"", ""coordinates"": [-77.81286, -0.9938]}"
54805d1e-c69c-45f1-af6a-905197c2e076,3dda9f54-d771-11ef-825b-0275dc2ded29,a3e9145b-ba55-4793-a0fa-189e0f404ca7,1,986243a4-82bc-47b2-8981-655abf1b4041,"{""en"": {""value"": ""Upper Peninsula"", ""direction"": ""ltr""}}",[],[],fa046275-c247-439b-9277-3a8e64bf19dc,"{""en"": {""value"": ""Upper Peninsula (URI: https://www.geonames.org/12217946)"", ""direction"": ""ltr""}}",[],[],[],9fdc381a-f7ba-460f-947e-c182dc1eaef6,"{""en"": {""value"": ""https://www.geonames.org/12217946"", ""direction"": ""ltr""}}",9b7b7913-c83e-4994-b648-5619d07c56b4,"{""type"": ""Point"", ""coordinates"": [-89.17453, 46.67299]}"
c66cd4e3-6c4d-4025-b093-0ccd6a4d70af,3dda9f54-d771-11ef-825b-0275dc2ded29,a3e9145b-ba55-4793-a0fa-189e0f404ca7,1,c08a9dbf-3122-4fc1-ac01-054401193e10,"{""en"": {""value"": ""Nova Scotia"", ""direction"": ""ltr""}}",[],[],0d1a064a-a00a-47d6-afc8-75a6d211a363,"{""en"": {""value"": ""Nova Scotia (URI: https://www.geonames.org/6091530)"", ""direction"": ""ltr""}}",[],[],[],f2207053-68f5-4cda-8d2f-30dca3e35766,"{""en"": {""value"": ""https://www.geonames.org/6091530"", ""direction"": ""ltr""}}",7bf4a859-bb6a-4a93-aa39-0fc8cb9ee2af,"{""type"": ""Point"", ""coordinates"": [-62.99865, 45.00015]}"
ef638343-92d1-4d86-9433-65f07773afb1,3dda9f54-d771-11ef-825b-0275dc2ded29,a3e9145b-ba55-4793-a0fa-189e0f404ca7,1,b204d417-f0d1-4827-ac6f-c70f62ec404f,"{""en"": {""value"": ""Tennessee"", ""direction"": ""ltr""}}",[],[],9c15ce1f-a77c-4ce1-bfa4-f107525a1f9e,"{""en"": {""value"": ""Tennessee (URI: https://www.geonames.org/4662168)"", ""direction"": ""ltr""}}",[],[],[],839012d0-4f52-49d6-a65c-39923604b6d4,"{""en"": {""value"": ""https://www.geonames.org/4662168"", ""direction"": ""ltr""}}",84f8855c-2d74-429e-9856-32d4cdceeeba,"{""type"": ""Point"", ""coordinates"": [-86.25027, 35.75035]}"
04bdb57c-d56d-4efd-9d56-711e93dc8a19,3dda9f54-d771-11ef-825b-0275dc2ded29,a3e9145b-ba55-4793-a0fa-189e0f404ca7,1,d655a3d1-3988-44f0-960e-99f34dfb377b,"{""en"": {""value"": ""Novato"", ""direction"": ""ltr""}}",[],[],bd027935-ef9e-4fb1-8587-634ac04e668c,"{""en"": {""value"": ""Novato (URI: https://www.geonames.org/5378044)"", ""direction"": ""ltr""}}",[],[],[],a019c248-4d7f-4776-96a8-1ed94723eb48,"{""en"": {""value"": ""https://www.geonames.org/5378044"", ""direction"": ""ltr""}}",524a3caf-5d08-4db0-9ec4-bf9a7991bbf2,"{""type"": ""Point"", ""coordinates"": [-122.5697, 38.10742]}"
d835c0d8-5fea-49c3-bc09-39c6d13d85e6,3dda9f54-d771-11ef-825b-0275dc2ded29,a3e9145b-ba55-4793-a0fa-189e0f404ca7,1,70a4470c-69bf-4dc3-94c1-cdca5b686713,"{""en"": {""value"": ""Paros"", ""direction"": ""ltr""}}",[],[],1f0a6b7c-7f5b-4bb4-accd-1fcda1efcd43,"{""en"": {""value"": ""Paros (URI: https://www.geonames.org/8133699)"", ""direction"": ""ltr""}}",[],[],[],af7598e7-bc78-4bd5-8f2e-bac3ac12ed9a,"{""en"": {""value"": ""https://www.geonames.org/8133699"", ""direction"": ""ltr""}}",1b98bfc9-b5fd-4196-b98e-d794a0cda88c,"{""type"": ""Point"", ""coordinates"": [25.19213, 37.05929]}"
68c8a2cf-b35f-4960-ad33-620c377a8d8f,3dda9f54-d771-11ef-825b-0275dc2ded29,a3e9145b-ba55-4793-a0fa-189e0f404ca7,1,1caa5304-3874-4310-b1b7-c620a58f4ad7,"{""en"": {""value"": ""Ty Coch"", ""direction"": ""ltr""}}",[],[],c7404e19-cd30-4652-bf7b-a090eeb4ba5a,"{""en"": {""value"": ""Ty Coch (URI: https://www.geonames.org/12750642)"", ""direction"": ""ltr""}}",[],[],[],cc745c15-0105-4c31-933d-61b5e8050d57,"{""en"": {""value"": ""https://www.geonames.org/12750642"", ""direction"": ""ltr""}}",952007ec-d108-4c38-8b88-e8c0794bdcd5,"{""type"": ""Point"", ""coordinates"": [-3.02637, 51.63608]}"
487a9f61-befc-4460-8818-d5ce5e2a4306,3dda9f54-d771-11ef-825b-0275dc2ded29,a3e9145b-ba55-4793-a0fa-189e0f404ca7,1,c2444cda-b2c2-4806-86b9-188cdc83de7e,"{""en"": {""value"": ""Twin Lakes"", ""direction"": ""ltr""}}",[],[],7330546a-12b3-4d1c-b475-5d9e11f6dfae,"{""en"": {""value"": ""Twin Lakes (URI: https://www.geonames.org/5404274)"", ""direction"": ""ltr""}}",[],[],[],b932c2db-fcd8-47a6-87dd-d7c62f44bd31,"{""en"": {""value"": ""https://www.geonames.org/5404274"", ""direction"": ""ltr""}}",6eb955e1-8b81-4465-a5cb-4c669783d4e1,"{""type"": ""Point"", ""coordinates"": [-121.99802, 36.96745]}"
155d8333-17a7-4ffa-9030-680ade9052de,3dda9f54-d771-11ef-825b-0275dc2ded29,a3e9145b-ba55-4793-a0fa-189e0f404ca7,1,7911a702-8b75-4cbd-b076-6c39c6fbf22b,"{""en"": {""value"": ""Novaya Ukraina"", ""direction"": ""ltr""}}",[],[],d68764d2-ece2-4987-a23a-7aa2508ceae0,"{""en"": {""value"": ""Novaya Ukraina (URI: https://www.geonames.org/519451)"", ""direction"": ""ltr""}}",[],[],[],33ebd2df-da1e-43a4-953d-523d84be30c0,"{""en"": {""value"": ""https://www.geonames.org/519451"", ""direction"": ""ltr""}}",dc0951f9-caa5-4661-9e27-716c38fd9a5a,"{""type"": ""Point"", ""coordinates"": [39.29166, 47.6115]}"
22f4211a-0fbf-4472-9e91-736137e54695,3dda9f54-d771-11ef-825b-0275dc2ded29,a3e9145b-ba55-4793-a0fa-189e0f404ca7,1,19b1f637-9771-496c-bcd2-8cbfc91f316e,"{""en"": {""value"": ""Vicenza"", ""direction"": ""ltr""}}",[],[],8ae7b54c-65ba-4263-b6db-650759c7ad19,"{""en"": {""value"": ""Vicenza (URI: https://www.geonames.org/3164419)"", ""direction"": ""ltr""}}",[],[],[],45febe31-2309-4fed-b09c-f41aa78e6200,"{""en"": {""value"": ""https://www.geonames.org/3164419"", ""direction"": ""ltr""}}",c1412c8a-9ae9-4a9f-93b3-b28517eb157c,"{""type"": ""Point"", ""coordinates"": [11.5475, 45.54672]}"
c4ac08b7-a791-4a32-a313-3bba53323dd4,3dda9f54-d771-11ef-825b-0275dc2ded29,a3e9145b-ba55-4793-a0fa-189e0f404ca7,1,e42ec970-e658-47ee-b890-9a0560f7a801,"{""en"": {""value"": ""Orange"", ""direction"": ""ltr""}}",[],[],c78c32c8-167a-49dd-8618-b830b7aefbd8,"{""en"": {""value"": ""Orange (URI: https://www.geonames.org/2989460)"", ""direction"": ""ltr""}}",[],[],[],8b95aa9d-d115-4058-86ec-36b96376515b,"{""en"": {""value"": ""https://www.geonames.org/2989460"", ""direction"": ""ltr""}}",c2d0e800-ce7a-4e82-b62c-a3432b54042e,"{""type"": ""Point"", ""coordinates"": [4.81025, 44.13806]}"
678bc857-84d6-46b6-a133-52d8cf88fcba,3dda9f54-d771-11ef-825b-0275dc2ded29,a3e9145b-ba55-4793-a0fa-189e0f404ca7,1,1c504231-c9d3-4223-be2c-2246155906ee,"{""en"": {""value"": ""Zacatecas City"", ""direction"": ""ltr""}}",[],[],4e038ab7-a253-4f22-bed8-070c16708cc3,"{""en"": {""value"": ""Zacatecas City (URI: https://www.geonames.org/3979844)"", ""direction"": ""ltr""}}",[],[],[],adb25c60-e200-48a4-b422-b1cff7e4485f,"{""en"": {""value"": ""https://www.geonames.org/3979844"", ""direction"": ""ltr""}}",fb254345-7f93-47fb-a2a7-c0783b32deca,"{""type"": ""Point"", ""coordinates"": [-102.58141, 22.76843]}"
f18faf4b-adad-4e61-8a0c-223ff871fe86,3dda9f54-d771-11ef-825b-0275dc2ded29,a3e9145b-ba55-4793-a0fa-189e0f404ca7,1,2f97c98c-2646-4d52-965b-9343ffbb4900,"{""en"": {""value"": ""Talcville"", ""direction"": ""ltr""}}",[],[],82a208e9-343a-4f5a-97d2-48eb85860c93,"{""en"": {""value"": ""Talcville (URI: https://www.geonames.org/5140457)"", ""direction"": ""ltr""}}",[],[],[],f6815f7f-b86d-4687-8787-ee53a33eb384,"{""en"": {""value"": ""https://www.geonames.org/5140457"", ""direction"": ""ltr""}}",25b05d3b-783d-4a5d-960f-138626df3dff,"{""type"": ""Point"", ""coordinates"": [-75.30604, 44.30978]}"
85b3a228-5726-4828-9d6d-140705c62c91,3dda9f54-d771-11ef-825b-0275dc2ded29,a3e9145b-ba55-4793-a0fa-189e0f404ca7,1,28490fff-948d-4eeb-b433-11d43b637691,"{""en"": {""value"": ""Oklahoma"", ""direction"": ""ltr""}}",[],[],430e656f-f0ca-47a1-a488-e3cf21686175,"{""en"": {""value"": ""Oklahoma (URI: https://www.geonames.org/4544379)"", ""direction"": ""ltr""}}",[],[],[],dc5cb6be-6b88-4dfb-aa5a-23e7fdd799b9,"{""en"": {""value"": ""https://www.geonames.org/4544379"", ""direction"": ""ltr""}}",c8636a26-f711-464b-9806-573b88835b98,"{""type"": ""Point"", ""coordinates"": [-97.50328, 35.49209]}"
8eecaaa1-d594-4f43-9036-532c13e1f2c9,3dda9f54-d771-11ef-825b-0275dc2ded29,a3e9145b-ba55-4793-a0fa-189e0f404ca7,1,e65de993-3438-4feb-8ef6-3a00fefed695,"{""en"": {""value"": ""Northwest"", ""direction"": ""ltr""}}",[],[],d8763ed6-bcb8-49d2-89ba-d214275cebee,"{""en"": {""value"": ""Northwest (URI: https://www.geonames.org/3337403)"", ""direction"": ""ltr""}}",[],[],[],3b96ae1b-9c6b-4888-b321-0aa1a4b62e30,"{""en"": {""value"": ""https://www.geonames.org/3337403"", ""direction"": ""ltr""}}",f34e135a-8d0b-422e-88c2-30422a764e9e,"{""type"": ""Point"", ""coordinates"": [-20.0, 65.33333]}"
46a20510-d710-40fc-80f5-b3e74b1d2b91,3dda9f54-d771-11ef-825b-0275dc2ded29,a3e9145b-ba55-4793-a0fa-189e0f404ca7,1,495682cb-8579-44d3-8706-63b834b0ebdc,"{""en"": {""value"": ""Northvale"", ""direction"": ""ltr""}}",[],[],15c0b9c9-c47c-4bbe-aa79-36d18788291c,"{""en"": {""value"": ""Northvale (URI: https://www.geonames.org/5101967)"", ""direction"": ""ltr""}}",[],[],[],252e000e-19d7-463c-88e3-49f935e24d31,"{""en"": {""value"": ""https://www.geonames.org/5101967"", ""direction"": ""ltr""}}",b5ac167c-a52a-4ae7-aa09-f3f4be5c2b6e,"{""type"": ""Point"", ""coordinates"": [-73.94903, 41.00649]}"
286db875-fc22-48a6-a6be-ac6ec7083689,3dda9f54-d771-11ef-825b-0275dc2ded29,a3e9145b-ba55-4793-a0fa-189e0f404ca7,1,f13692c8-3c42-428b-937a-100d016868dc,"{""en"": {""value"": ""West Indies"", ""direction"": ""ltr""}}",[],[],ccd27a24-ce66-42e9-83b6-2beca67216a9,"{""en"": {""value"": ""West Indies (URI: https://www.geonames.org/3571219)"", ""direction"": ""ltr""}}",[],[],[],d98fc50e-e5d5-4189-99a8-eb4c3939bd99,"{""en"": {""value"": ""https://www.geonames.org/3571219"", ""direction"": ""ltr""}}",5d3ca48c-47cb-4b06-ab18-d6f301a37619,"{""type"": ""Point"", ""coordinates"": [-71.21667, 19.38333]}"
77e63747-8340-4ca3-a0ee-6414310326a6,3dda9f54-d771-11ef-825b-0275dc2ded29,a3e9145b-ba55-4793-a0fa-189e0f404ca7,1,3adcd63d-f0b9-4051-ba86-c297b37297aa,"{""en"": {""value"": ""Petaca"", ""direction"": ""ltr""}}",[],[],c485a5eb-9d99-436c-8d2e-afd3142d2a1c,"{""en"": {""value"": ""Petaca (URI: https://www.geonames.org/5483974)"", ""direction"": ""ltr""}}",[],[],[],125cd9d2-83d4-4e7e-b7a9-84be49706d45,"{""en"": {""value"": ""https://www.geonames.org/5483974"", ""direction"": ""ltr""}}",c3eaba16-2f85-40d8-8cb4-246ce971ef74,"{""type"": ""Point"", ""coordinates"": [-106.01057, 36.50835]}"
1982081c-e18d-4bcb-8307-0415b4181f30,3dda9f54-d771-11ef-825b-0275dc2ded29,a3e9145b-ba55-4793-a0fa-189e0f404ca7,1,2ccf3c62-4872-4764-b861-be74772d2ce6,"{""en"": {""value"": ""Yuma"", ""direction"": ""ltr""}}",[],[],56f20fb5-7339-47ea-b966-118ec36fbe67,"{""en"": {""value"": ""Yuma (URI: https://www.geonames.org/5322053)"", ""direction"": ""ltr""}}",[],[],[],56a184a8-1de3-460b-9e5a-92a8d5c1d3b6,"{""en"": {""value"": ""https://www.geonames.org/5322053"", ""direction"": ""ltr""}}",16d60fe0-f6ca-45f2-a13a-1830bb3f63ec,"{""type"": ""Point"", ""coordinates"": [-114.6244, 32.72532]}"
7d437f63-6a2e-4b1a-a6f9-7d755d13286d,3dda9f54-d771-11ef-825b-0275dc2ded29,a3e9145b-ba55-4793-a0fa-189e0f404ca7,1,ad3ab276-6303-4888-b3e3-cd6535d71b25,"{""en"": {""value"": ""Sutherland Island"", ""direction"": ""ltr""}}",[],[],146056de-ef93-4418-9c6f-1ba026e86130,"{""en"": {""value"": ""Sutherland Island (URI: https://www.geonames.org/6160020)"", ""direction"": ""ltr""}}",[],[],[],ad1fce2e-65c3-407e-b0eb-d2f3f1d0d12f,"{""en"": {""value"": ""https://www.geonames.org/6160020"", ""direction"": ""ltr""}}",4004b7fe-518e-401f-a23b-d5ea0bf35559,"{""type"": ""Point"", ""coordinates"": [-62.3653, 44.85015]}"
06ff260a-fce8-4c2e-9307-a1e7c4cb68c0,3dda9f54-d771-11ef-825b-0275dc2ded29,a3e9145b-ba55-4793-a0fa-189e0f404ca7,1,2bcaf90f-3613-490f-8839-ea93bf1a4ba7,"{""en"": {""value"": ""West Germany"", ""direction"": ""ltr""}}",[],[],3b939f05-c685-4317-a0fc-4a21b2bc0450,"{""en"": {""value"": ""West Germany (URI: https://www.geonames.org/11612754)"", ""direction"": ""ltr""}}",[],[],[],7947a9e6-ad69-4ae6-be9c-d47f7f49afb8,"{""en"": {""value"": ""https://www.geonames.org/11612754"", ""direction"": ""ltr""}}",d7eb112f-441d-4f28-9375-8a038979e611,"{""type"": ""Point"", ""coordinates"": [7.09972, 50.73389]}"
1e8ed6c3-3077-48bf-a917-a98507e22e72,3dda9f54-d771-11ef-825b-0275dc2ded29,a3e9145b-ba55-4793-a0fa-189e0f404ca7,1,ad878859-840c-44be-9280-31169b27eb81,"{""en"": {""value"": ""Swabia"", ""direction"": ""ltr""}}",[],[],d8b64f95-3257-4d4a-81cc-1aecd61743b0,"{""en"": {""value"": ""Swabia (URI: https://www.geonames.org/2835521)"", ""direction"": ""ltr""}}",[],[],[],e0c7db54-b267-4c7b-a8f6-27a8520748ce,"{""en"": {""value"": ""https://www.geonames.org/2835521"", ""direction"": ""ltr""}}",8896d7d3-7f37-4da9-b2fc-ba86ebfdfb64,"{""type"": ""Point"", ""coordinates"": [10.5, 48.33333]}"
698d66e3-b3ae-46ef-b43c-6f449b150bcc,3dda9f54-d771-11ef-825b-0275dc2ded29,a3e9145b-ba55-4793-a0fa-189e0f404ca7,1,330bc2d9-8100-4811-8fa1-840fc8afecb3,"{""en"": {""value"": ""Pernek"", ""direction"": ""ltr""}}",[],[],fd6b7168-2821-4be6-bf7d-c3b61218f0fb,"{""en"": {""value"": ""Pernek (URI: https://www.geonames.org/3058226)"", ""direction"": ""ltr""}}",[],[],[],c775eee0-dbe5-4d19-8640-4d5043c8b7dd,"{""en"": {""value"": ""https://www.geonames.org/3058226"", ""direction"": ""ltr""}}",4ac43033-f7f8-4146-b6aa-11e8f7a346a2,"{""type"": ""Point"", ""coordinates"": [17.14417, 48.36689]}"
285a5e04-b0d3-478c-8dc2-1270e2f365dd,3dda9f54-d771-11ef-825b-0275dc2ded29,a3e9145b-ba55-4793-a0fa-189e0f404ca7,1,bf4fe3a5-29e4-4220-8fa8-82f0f0747c45,"{""en"": {""value"": ""Wayne County"", ""direction"": ""ltr""}}",[],[],9ebf9ceb-2a5b-4bf2-a940-21b82401b2e6,"{""en"": {""value"": ""Wayne County (URI: https://www.geonames.org/5014227)"", ""direction"": ""ltr""}}",[],[],[],797b5fcd-dab4-4809-862b-6d688ac7cb60,"{""en"": {""value"": ""https://www.geonames.org/5014227"", ""direction"": ""ltr""}}",8ecbc5de-cc0f-4659-9095-1b2dafae6223,"{""type"": ""Point"", ""coordinates"": [-83.26113, 42.28478]}"
fd5e4757-1c13-41a3-b925-fa8d631490d6,3dda9f54-d771-11ef-825b-0275dc2ded29,a3e9145b-ba55-4793-a0fa-189e0f404ca7,1,b9cefb18-58a8-4d09-b614-7b2e2418f454,"{""en"": {""value"": ""Virginia City"", ""direction"": ""ltr""}}",[],[],4872e9b1-01df-4c2c-bb83-2317597ff4fe,"{""en"": {""value"": ""Virginia City (URI: https://www.geonames.org/5514428)"", ""direction"": ""ltr""}}",[],[],[],af72f349-3e48-4e19-ad6e-088f6dd120e4,"{""en"": {""value"": ""https://www.geonames.org/5514428"", ""direction"": ""ltr""}}",726b496c-44af-43df-a8e1-96c34bb351f4,"{""type"": ""Point"", ""coordinates"": [-119.64962, 39.30963]}"
55cd5a62-3027-4071-a50c-65ea2fc17e67,3dda9f54-d771-11ef-825b-0275dc2ded29,a3e9145b-ba55-4793-a0fa-189e0f404ca7,1,1874daa4-bab4-4f83-9456-31d3684e3415,"{""en"": {""value"": ""Thomasville"", ""direction"": ""ltr""}}",[],[],f11e1459-02d0-4524-b4ed-2aaa507b4788,"{""en"": {""value"": ""Thomasville (URI: https://www.geonames.org/4226348)"", ""direction"": ""ltr""}}",[],[],[],bf298bed-6a5b-44bb-9203-c104cd99a389,"{""en"": {""value"": ""https://www.geonames.org/4226348"", ""direction"": ""ltr""}}",935a96c3-e2a8-4d3f-8ddf-4de66059f430,"{""type"": ""Point"", ""coordinates"": [-83.97878, 30.83658]}"
a5157c69-5652-40ca-900b-c13efad0796e,3dda9f54-d771-11ef-825b-0275dc2ded29,a3e9145b-ba55-4793-a0fa-189e0f404ca7,1,11af241f-3542-49e8-9d9d-960d1973c7e6,"{""en"": {""value"": ""Perak"", ""direction"": ""ltr""}}",[],[],78b80e50-f539-4d81-b26d-c8a9deab011c,"{""en"": {""value"": ""Perak (URI: https://www.geonames.org/1733041)"", ""direction"": ""ltr""}}",[],[],[],0f2e3f24-38c7-4900-8c9c-b4ba530ba279,"{""en"": {""value"": ""https://www.geonames.org/1733041"", ""direction"": ""ltr""}}",db531f8c-2eae-4f10-9816-65d9be79e0f4,"{""type"": ""Point"", ""coordinates"": [101.0, 5.0]}"
f9595f26-5d30-4fe7-b14b-8a5ecc4ed276,3dda9f54-d771-11ef-825b-0275dc2ded29,a3e9145b-ba55-4793-a0fa-189e0f404ca7,1,8ab01ddc-b560-4bcd-9cdc-774b3e079be2,"{""en"": {""value"": ""Olbalbal"", ""direction"": ""ltr""}}",[],[],20b354fa-3427-4df7-b487-c01086e2d255,"{""en"": {""value"": ""Olbalbal (URI: https://www.geonames.org/11003885)"", ""direction"": ""ltr""}}",[],[],[],a6c4de4c-a743-467b-9f73-e97156c664b8,"{""en"": {""value"": ""https://www.geonames.org/11003885"", ""direction"": ""ltr""}}",e259664c-ec79-46c6-b84f-24d18df2593c,"{""type"": ""Point"", ""coordinates"": [35.38856, -2.94082]}"
234f4653-39d5-4ce8-9d62-49aaa709b177,3dda9f54-d771-11ef-825b-0275dc2ded29,a3e9145b-ba55-4793-a0fa-189e0f404ca7,1,f4042266-7c36-4a78-85ea-691a14d88946,"{""en"": {""value"": ""Virgin Valley"", ""direction"": ""ltr""}}",[],[],4e75aef4-455a-4bef-abab-4c3559e82b9f,"{""en"": {""value"": ""Virgin Valley (URI: https://www.geonames.org/5514423)"", ""direction"": ""ltr""}}",[],[],[],a339bc8d-5019-4bb0-ae30-e9f5dd6a5ceb,"{""en"": {""value"": ""https://www.geonames.org/5514423"", ""direction"": ""ltr""}}",aa97a41a-fae2-4cdf-8a10-8564937dd8b4,"{""type"": ""Point"", ""coordinates"": [-114.33525, 36.5697]}"
6ccb6ba8-1e75-4ba7-b82e-d111c25eab81,3dda9f54-d771-11ef-825b-0275dc2ded29,a3e9145b-ba55-4793-a0fa-189e0f404ca7,1,a3b54b16-6ec3-4087-81a6-9d508e78ad60,"{""en"": {""value"": ""Penrith"", ""direction"": ""ltr""}}",[],[],83f70a0d-b0b1-4874-8cfe-00f5b34bc272,"{""en"": {""value"": ""Penrith (URI: https://www.geonames.org/2640416)"", ""direction"": ""ltr""}}",[],[],[],c0dff253-43cb-4169-bbba-1dcfe32c4a43,"{""en"": {""value"": ""https://www.geonames.org/2640416"", ""direction"": ""ltr""}}",84d55a5b-c423-4194-83bb-42217eecfbea,"{""type"": ""Point"", ""coordinates"": [-2.75757, 54.66579]}"
d84078cb-7e59-4fec-bd76-133cb83d6384,3dda9f54-d771-11ef-825b-0275dc2ded29,a3e9145b-ba55-4793-a0fa-189e0f404ca7,1,31538fa6-98c4-49f7-87fb-e81aa485c643,"{""en"": {""value"": ""Noti"", ""direction"": ""ltr""}}",[],[],1deb0cb4-0229-4148-a50e-734a621bbcee,"{""en"": {""value"": ""Noti (URI: https://www.geonames.org/5844035)"", ""direction"": ""ltr""}}",[],[],[],32240561-7dbb-4ed1-8a87-10388102e49b,"{""en"": {""value"": ""https://www.geonames.org/5844035"", ""direction"": ""ltr""}}",903f0dcf-7479-4d1f-8314-1f79f9bd4457,"{""type"": ""Point"", ""coordinates"": [-123.44871, 44.05901]}"
8c3914e8-8d0e-4e5f-9b34-d8d3297e7f36,3dda9f54-d771-11ef-825b-0275dc2ded29,a3e9145b-ba55-4793-a0fa-189e0f404ca7,1,63cec41d-3461-4a5e-bb0c-ff9354080002,"{""en"": {""value"": ""São Paulo"", ""direction"": ""ltr""}}",[],[],a9738696-7c14-4efd-a5ac-fe56d9901d10,"{""en"": {""value"": ""São Paulo (URI: https://www.geonames.org/3448439)"", ""direction"": ""ltr""}}",[],[],[],06cc9819-36e0-4204-ae2e-b3e206abab78,"{""en"": {""value"": ""https://www.geonames.org/3448439"", ""direction"": ""ltr""}}",8fdad399-da7c-4ac6-b941-b6df9881d7b1,"{""type"": ""Point"", ""coordinates"": [-46.63611, -23.5475]}"
dd090ec3-04ed-4458-bdb3-05bd28977c2e,3dda9f54-d771-11ef-825b-0275dc2ded29,a3e9145b-ba55-4793-a0fa-189e0f404ca7,1,3375ff34-bfdf-4cda-b569-d86b0799d216,"{""en"": {""value"": ""Waco"", ""direction"": ""ltr""}}",[],[],f781e935-1408-4d37-8f10-285666c3281e,"{""en"": {""value"": ""Waco (URI: https://www.geonames.org/4739526)"", ""direction"": ""ltr""}}",[],[],[],6b9d10e7-948e-47ed-984d-9ddcfdf7df58,"{""en"": {""value"": ""https://www.geonames.org/4739526"", ""direction"": ""ltr""}}",8723fb6b-c163-4f4e-926c-737500a2ad95,"{""type"": ""Point"", ""coordinates"": [-97.14667, 31.54933]}"
afbe36e8-7b9d-47e9-b9fb-9d6446218f0e,3dda9f54-d771-11ef-825b-0275dc2ded29,a3e9145b-ba55-4793-a0fa-189e0f404ca7,1,0fe42cef-05c4-46a2-a207-08867b83d509,"{""en"": {""value"": ""Zambia"", ""direction"": ""ltr""}}",[],[],0862938e-80b4-4ea6-bce6-a0ced2b65ba3,"{""en"": {""value"": ""Zambia (URI: https://www.geonames.org/895949)"", ""direction"": ""ltr""}}",[],[],[],014aa212-c008-4c60-ad4a-6786f17fdaec,"{""en"": {""value"": ""https://www.geonames.org/895949"", ""direction"": ""ltr""}}",5d0a67b4-2f4a-4445-bc5e-3b6d1320bbbd,"{""type"": ""Point"", ""coordinates"": [28.5, -14.33333]}"
ba437a81-fd71-4da3-9b13-0a5652dc27c9,3dda9f54-d771-11ef-825b-0275dc2ded29,a3e9145b-ba55-4793-a0fa-189e0f404ca7,1,b06818ca-74c0-4180-b32b-6a02ffc7b089,"{""en"": {""value"": ""Västernorrland"", ""direction"": ""ltr""}}",[],[],0db664d2-e979-46de-b4d2-6a826e5c8a34,"{""en"": {""value"": ""Västernorrland (URI: https://www.geonames.org/2664292)"", ""direction"": ""ltr""}}",[],[],[],016a0c00-da0a-4fd8-925c-68c4efdbacd9,"{""en"": {""value"": ""https://www.geonames.org/2664292"", ""direction"": ""ltr""}}",f3c5217e-2d98-43d3-bc6c-86b561056395,"{""type"": ""Point"", ""coordinates"": [17.5, 63.0]}"
e3d29bdb-0398-4d9f-b004-2f16d1bfc1db,3dda9f54-d771-11ef-825b-0275dc2ded29,a3e9145b-ba55-4793-a0fa-189e0f404ca7,1,a87122e4-930b-403a-b059-1fda130a1d30,"{""en"": {""value"": ""Thomas Range"", ""direction"": ""ltr""}}",[],[],d67a2e6c-a0ce-4e31-85d8-c4c000e96f91,"{""en"": {""value"": ""Thomas Range (URI: https://www.geonames.org/5548382)"", ""direction"": ""ltr""}}",[],[],[],ae485497-8ae1-42e5-b6d6-adbd58e478ca,"{""en"": {""value"": ""https://www.geonames.org/5548382"", ""direction"": ""ltr""}}",323e32b5-05ac-479e-af91-ce52260ca40f,"{""type"": ""Point"", ""coordinates"": [-113.12886, 39.72772]}"
95b7541c-61bc-4494-8744-5dc43a21c02f,3dda9f54-d771-11ef-825b-0275dc2ded29,a3e9145b-ba55-4793-a0fa-189e0f404ca7,1,648d6169-ebc7-4406-855c-fdd6223de16f,"{""en"": {""value"": ""Thurston"", ""direction"": ""ltr""}}",[],[],3cbdb329-b776-432b-95f1-c228dcc73074,"{""en"": {""value"": ""Thurston (URI: https://www.geonames.org/5813521)"", ""direction"": ""ltr""}}",[],[],[],2ac22e15-5ff5-433d-8723-cf8d9f29718c,"{""en"": {""value"": ""https://www.geonames.org/5813521"", ""direction"": ""ltr""}}",dfc3de21-9a6d-452f-902d-63d55142644f,"{""type"": ""Point"", ""coordinates"": [-122.83208, 46.9295]}"
55a15ab4-75f3-43d6-a201-7597ed944dbd,3dda9f54-d771-11ef-825b-0275dc2ded29,a3e9145b-ba55-4793-a0fa-189e0f404ca7,1,98011eee-2b86-4ca8-9cb2-b29c8c9093ca,"{""en"": {""value"": ""Okanogan"", ""direction"": ""ltr""}}",[],[],727860de-c578-4a55-b4c3-4fd71b62bd6e,"{""en"": {""value"": ""Okanogan (URI: https://www.geonames.org/5805553)"", ""direction"": ""ltr""}}",[],[],[],9287bf52-1fd5-41a5-a71b-b0ad7593df1f,"{""en"": {""value"": ""https://www.geonames.org/5805553"", ""direction"": ""ltr""}}",7468044c-7d05-4e11-bd52-84fb1dba91cf,"{""type"": ""Point"", ""coordinates"": [-119.74079, 48.54885]}"
b01e15b3-9e44-4682-b813-d661913dc2cc,3dda9f54-d771-11ef-825b-0275dc2ded29,a3e9145b-ba55-4793-a0fa-189e0f404ca7,1,b3890bf9-32cd-4681-852c-bd125e5c29c1,"{""en"": {""value"": ""Oxford"", ""direction"": ""ltr""}}",[],[],1267939e-c457-46f2-b821-fda430efe1e3,"{""en"": {""value"": ""Oxford (URI: https://www.geonames.org/4974522)"", ""direction"": ""ltr""}}",[],[],[],f388f541-6cc0-48e3-b2c4-6fa2017192ec,"{""en"": {""value"": ""https://www.geonames.org/4974522"", ""direction"": ""ltr""}}",0d9f30c7-7375-4c6c-b9af-884bc8fde8c3,"{""type"": ""Point"", ""coordinates"": [-70.75657, 44.49977]}"
73daac14-b8b7-4ce9-b120-71ddcde55627,3dda9f54-d771-11ef-825b-0275dc2ded29,a3e9145b-ba55-4793-a0fa-189e0f404ca7,1,7dfcb85c-d6e3-478e-9f4c-8d18a9e0e07b,"{""en"": {""value"": ""Ovalle"", ""direction"": ""ltr""}}",[],[],5f61a7ee-8580-4277-acfd-4f79eba00d9d,"{""en"": {""value"": ""Ovalle (URI: https://www.geonames.org/8261224)"", ""direction"": ""ltr""}}",[],[],[],4e122ca1-413b-4613-9881-4b7159cd2f0a,"{""en"": {""value"": ""https://www.geonames.org/8261224"", ""direction"": ""ltr""}}",1d2f5620-b252-49d3-b918-1d278a6df326,"{""type"": ""Point"", ""coordinates"": [-71.40617, -30.674]}"
8def6925-efe0-40fb-8150-57935e704baa,3dda9f54-d771-11ef-825b-0275dc2ded29,a3e9145b-ba55-4793-a0fa-189e0f404ca7,1,631fb56f-73e5-4e71-bbcf-6da5ba3a4c3a,"{""en"": {""value"": ""Topanga"", ""direction"": ""ltr""}}",[],[],3aaa7d2f-e163-4e5c-82b0-02098fdf18a7,"{""en"": {""value"": ""Topanga (URI: https://www.geonames.org/5402961)"", ""direction"": ""ltr""}}",[],[],[],670a3e4d-1b88-4ea3-a0c9-5fdff9117662,"{""en"": {""value"": ""https://www.geonames.org/5402961"", ""direction"": ""ltr""}}",11018533-09d0-4bdc-a4f4-c9bc2a5709d0,"{""type"": ""Point"", ""coordinates"": [-118.60147, 34.09362]}"
acbf63a1-37ca-4e04-8a14-6271905e3eca,3dda9f54-d771-11ef-825b-0275dc2ded29,a3e9145b-ba55-4793-a0fa-189e0f404ca7,1,aedd4ffd-e3b6-4132-ae92-93217d895f30,"{""en"": {""value"": ""Ouro Preto"", ""direction"": ""ltr""}}",[],[],941e857f-28bf-4031-a8b0-25c16b52ae94,"{""en"": {""value"": ""Ouro Preto (URI: https://www.geonames.org/6321620)"", ""direction"": ""ltr""}}",[],[],[],67649769-8d6b-41c4-bf5f-98c3da6da680,"{""en"": {""value"": ""https://www.geonames.org/6321620"", ""direction"": ""ltr""}}",deb4b298-e364-44ab-b613-a3a2857c8d8e,"{""type"": ""Point"", ""coordinates"": [-43.64191, -20.39304]}"
fa3e6772-1a35-45b7-acaa-2f6bb2024d13,3dda9f54-d771-11ef-825b-0275dc2ded29,a3e9145b-ba55-4793-a0fa-189e0f404ca7,1,e642cdca-75d8-4ea8-b468-d4c9f5ca1697,"{""en"": {""value"": ""Veneto"", ""direction"": ""ltr""}}",[],[],ac86b9cd-f8d8-4b5a-b7f8-e1372db9f417,"{""en"": {""value"": ""Veneto (URI: https://www.geonames.org/3164604)"", ""direction"": ""ltr""}}",[],[],[],737520b2-a55c-42bb-87f0-2b6df25f55db,"{""en"": {""value"": ""https://www.geonames.org/3164604"", ""direction"": ""ltr""}}",c3e115c6-2213-4e5a-a1f1-a8b25dd6691f,"{""type"": ""Point"", ""coordinates"": [11.75, 45.5]}"
56c491d0-3c08-4c4a-9419-2e3ae2d3d6d5,3dda9f54-d771-11ef-825b-0275dc2ded29,a3e9145b-ba55-4793-a0fa-189e0f404ca7,1,e4744467-a65a-4858-839b-e51c1f27c900,"{""en"": {""value"": ""Upton"", ""direction"": ""ltr""}}",[],[],bf0bc229-d4e9-47a1-a725-ae6871ce23f9,"{""en"": {""value"": ""Upton (URI: https://www.geonames.org/5532876)"", ""direction"": ""ltr""}}",[],[],[],a7be07d4-e83b-4c38-b74b-0aa4584a1e31,"{""en"": {""value"": ""https://www.geonames.org/5532876"", ""direction"": ""ltr""}}",c5eb9e82-103f-4a03-905b-c7823f66dc6e,"{""type"": ""Point"", ""coordinates"": [-102.04304, 31.36873]}"
0443a702-ed06-4966-bed9-b5cc8a00751c,3dda9f54-d771-11ef-825b-0275dc2ded29,a3e9145b-ba55-4793-a0fa-189e0f404ca7,1,5d2f8bd4-7673-4b24-aad8-75fb3a085798,"{""en"": {""value"": ""Usakos"", ""direction"": ""ltr""}}",[],[],75fd01d2-6462-417e-ba67-90f23d8a998d,"{""en"": {""value"": ""Usakos (URI: https://www.geonames.org/3352461)"", ""direction"": ""ltr""}}",[],[],[],35b55ec6-f1d5-4477-b093-a08f2c07eb93,"{""en"": {""value"": ""https://www.geonames.org/3352461"", ""direction"": ""ltr""}}",bc2e438a-19f9-4857-9fab-5bb2ee855855,"{""type"": ""Point"", ""coordinates"": [15.58601, -22.00219]}"
f59031c5-0c3c-47da-b959-30bf0f3069ac,3dda9f54-d771-11ef-825b-0275dc2ded29,a3e9145b-ba55-4793-a0fa-189e0f404ca7,1,0cefa9b3-d462-4fd4-9520-7b887235a476,"{""en"": {""value"": ""Warren County"", ""direction"": ""ltr""}}",[],[],f212ccca-678b-462e-ace6-2c30cd85d841,"{""en"": {""value"": ""Warren County (URI: https://www.geonames.org/4229498)"", ""direction"": ""ltr""}}",[],[],[],6dd731a3-f137-4410-a588-be44733b6120,"{""en"": {""value"": ""https://www.geonames.org/4229498"", ""direction"": ""ltr""}}",3790394f-afc2-4640-8dac-a714344d439f,"{""type"": ""Point"", ""coordinates"": [-82.67676, 33.40896]}"
2ab4538d-a18e-4725-904d-8faa52249f29,3dda9f54-d771-11ef-825b-0275dc2ded29,a3e9145b-ba55-4793-a0fa-189e0f404ca7,1,9dc105a1-639d-4d8d-8c2a-8e60b30d3755,"{""en"": {""value"": ""Troad"", ""direction"": ""ltr""}}",[],[],69eae3c9-01de-419c-b90c-ed2f696ed402,"{""en"": {""value"": ""Troad (URI: https://pleiades.stoa.org/places/550944)"", ""direction"": ""ltr""}}",[],[],[],874a2f5b-e04c-4d12-9d26-f9d903f485a4,"{""en"": {""value"": ""https://pleiades.stoa.org/places/550944"", ""direction"": ""ltr""}}",8ec41da5-236e-450c-8404-204b30f603c2,"{""type"": ""Point"", ""coordinates"": [52.4577, 57.9093]}"
343cb507-27b8-47e4-987c-9fbbb8dca40d,3dda9f54-d771-11ef-825b-0275dc2ded29,a3e9145b-ba55-4793-a0fa-189e0f404ca7,1,5d2baee3-b85e-4ca7-a9cd-c59d6d97588a,"{""en"": {""value"": ""Valyermo"", ""direction"": ""ltr""}}",[],[],b0f72471-cf2f-4c30-b01b-e7bfff216f2d,"{""en"": {""value"": ""Valyermo (URI: https://www.geonames.org/5405641)"", ""direction"": ""ltr""}}",[],[],[],b067d42a-d01c-4df9-a95b-49457c26e9f2,"{""en"": {""value"": ""https://www.geonames.org/5405641"", ""direction"": ""ltr""}}",442644e2-66b2-4ac9-ada5-d3cb09332817,"{""type"": ""Point"", ""coordinates"": [-117.85229, 34.44611]}"
77881b3e-4903-482a-978e-ecb9a56def0e,3dda9f54-d771-11ef-825b-0275dc2ded29,a3e9145b-ba55-4793-a0fa-189e0f404ca7,1,42955817-c940-4228-b304-8ac5935c3db0,"{""en"": {""value"": ""Trona"", ""direction"": ""ltr""}}",[],[],def0e6c3-4d9d-4582-8a6d-31fd4c3cf8c8,"{""en"": {""value"": ""Trona (URI: https://www.geonames.org/5403604)"", ""direction"": ""ltr""}}",[],[],[],145bb5b2-71f0-49c7-813c-66b359079543,"{""en"": {""value"": ""https://www.geonames.org/5403604"", ""direction"": ""ltr""}}",fc8239b1-992c-411d-b005-d4003cc7afcf,"{""type"": ""Point"", ""coordinates"": [-117.343, 35.818]}"
d787bf4f-482e-4e1d-8511-67117be61791,3dda9f54-d771-11ef-825b-0275dc2ded29,a3e9145b-ba55-4793-a0fa-189e0f404ca7,1,5577219a-1e0a-443f-9318-b10b55da290a,"{""en"": {""value"": ""Trumbull"", ""direction"": ""ltr""}}",[],[],fa7d1d60-ef9f-4311-9f50-5ce15c378dcc,"{""en"": {""value"": ""Trumbull (URI: https://www.geonames.org/4844459)"", ""direction"": ""ltr""}}",[],[],[],d05ec2b1-8a4e-4988-a50c-64de855bdb9e,"{""en"": {""value"": ""https://www.geonames.org/4844459"", ""direction"": ""ltr""}}",a2466c97-7014-4f98-ab54-a70049fcc98a,"{""type"": ""Point"", ""coordinates"": [-73.20067, 41.24287]}"
c38d40df-c334-48b8-ae27-c0a85226e55a,3dda9f54-d771-11ef-825b-0275dc2ded29,a3e9145b-ba55-4793-a0fa-189e0f404ca7,1,fd12aee6-d8c6-4263-b896-e395ba41175f,"{""en"": {""value"": ""Wailuku"", ""direction"": ""ltr""}}",[],[],2b6652ea-446a-4aea-a9b7-c785fd81adbc,"{""en"": {""value"": ""Wailuku (URI: https://www.geonames.org/5854496)"", ""direction"": ""ltr""}}",[],[],[],6a46f069-b29a-43b4-bbfc-c3c4d87cc1e1,"{""en"": {""value"": ""https://www.geonames.org/5854496"", ""direction"": ""ltr""}}",fae77f85-042c-465c-866d-f69e1dc85eea,"{""type"": ""Point"", ""coordinates"": [-156.50604, 20.89133]}"
11e7cc95-3c06-4671-a4c3-3373ac79059b,3dda9f54-d771-11ef-825b-0275dc2ded29,a3e9145b-ba55-4793-a0fa-189e0f404ca7,1,f9fc40de-a060-47a3-9908-4013bc1975df,"{""en"": {""value"": ""Tsavo National Park"", ""direction"": ""ltr""}}",[],[],1ad9beac-48af-4a48-bd7e-4c0f4b4c09a9,"{""en"": {""value"": ""Tsavo National Park (URI: https://www.geonames.org/179050)"", ""direction"": ""ltr""}}",[],[],[],ae7a8a2a-28d1-4a11-b15e-2f9cce4bce24,"{""en"": {""value"": ""https://www.geonames.org/179050"", ""direction"": ""ltr""}}",6af3de3c-17a9-4fff-9aaf-30f8159c23f7,"{""type"": ""Point"", ""coordinates"": [38.66667, -3.0]}"
36022ebe-5614-47fd-95ea-e428fd554882,3dda9f54-d771-11ef-825b-0275dc2ded29,a3e9145b-ba55-4793-a0fa-189e0f404ca7,1,172b67a1-9d16-4419-874c-2503a25a63ab,"{""en"": {""value"": ""Tucson"", ""direction"": ""ltr""}}",[],[],39f2ff81-0a77-484b-8662-63b527e6ba53,"{""en"": {""value"": ""Tucson (URI: https://www.geonames.org/5318313)"", ""direction"": ""ltr""}}",[],[],[],da28a78e-d08c-47aa-9548-dddc1782be81,"{""en"": {""value"": ""https://www.geonames.org/5318313"", ""direction"": ""ltr""}}",f3420859-9b17-4d29-87bd-09c2476c6b10,"{""type"": ""Point"", ""coordinates"": [-110.92648, 32.22174]}"
c16bab33-6e01-4de9-be2b-fcf15ff71a10,3dda9f54-d771-11ef-825b-0275dc2ded29,a3e9145b-ba55-4793-a0fa-189e0f404ca7,1,e8ea90ac-153d-444f-a46c-308505079f9a,"{""en"": {""value"": ""Odessa"", ""direction"": ""ltr""}}",[],[],1abc0462-4595-44b6-aed9-63abc14caa9f,"{""en"": {""value"": ""Odessa (URI: https://www.geonames.org/5527554)"", ""direction"": ""ltr""}}",[],[],[],c3aadc75-21e8-42e5-87d8-ff7ecaeeffd3,"{""en"": {""value"": ""https://www.geonames.org/5527554"", ""direction"": ""ltr""}}",15256557-789c-466d-8d4b-049c96326bc4,"{""type"": ""Point"", ""coordinates"": [-102.36764, 31.84568]}"
eab79629-7f20-49ad-a57e-2fada65a921c,3dda9f54-d771-11ef-825b-0275dc2ded29,a3e9145b-ba55-4793-a0fa-189e0f404ca7,1,6d545e96-ee97-406b-a9b7-a6536b597dcf,"{""en"": {""value"": ""Odisha"", ""direction"": ""ltr""}}",[],[],8a171fb6-ee0d-4116-9a25-12a778b2d4fa,"{""en"": {""value"": ""Odisha (URI: https://www.geonames.org/1261029)"", ""direction"": ""ltr""}}",[],[],[],1f03e48d-6c7a-4272-a889-74530b2ac5fe,"{""en"": {""value"": ""https://www.geonames.org/1261029"", ""direction"": ""ltr""}}",257b8ad1-29a3-4dd2-9c7b-5bd18126001b,"{""type"": ""Point"", ""coordinates"": [84.41667, 20.5]}"
54d2414b-4402-41a2-afab-ea88fd28a5a2,3dda9f54-d771-11ef-825b-0275dc2ded29,a3e9145b-ba55-4793-a0fa-189e0f404ca7,1,b1e23ec6-e197-48e3-82a2-3d8aeacdb132,"{""en"": {""value"": ""Valais"", ""direction"": ""ltr""}}",[],[],2f2ee103-9a8a-4800-9029-30ec02e3f190,"{""en"": {""value"": ""Valais (URI: https://www.geonames.org/2658205)"", ""direction"": ""ltr""}}",[],[],[],6e1d1c8c-f694-4fa4-8f50-4d837bc622b2,"{""en"": {""value"": ""https://www.geonames.org/2658205"", ""direction"": ""ltr""}}",84ece1b2-bc2a-4dbf-bea7-09d5b0146bbf,"{""type"": ""Point"", ""coordinates"": [7.45972, 46.22925]}"
4f2a572d-13b8-42ee-8c15-c6eadc457533,3dda9f54-d771-11ef-825b-0275dc2ded29,a3e9145b-ba55-4793-a0fa-189e0f404ca7,1,ea1b206c-1cd3-4175-b6f7-fdc444d80127,"{""en"": {""value"": ""Philippine Islands"", ""direction"": ""ltr""}}",[],[],60bd3b1d-8da9-4f1c-a14a-a17369558012,"{""en"": {""value"": ""Philippine Islands (URI: https://www.geonames.org/1694011)"", ""direction"": ""ltr""}}",[],[],[],cd645dc6-c0a0-452e-ad0c-2f72031be58c,"{""en"": {""value"": ""https://www.geonames.org/1694011"", ""direction"": ""ltr""}}",b58505af-e631-435a-a455-c3cf20356444,"{""type"": ""Point"", ""coordinates"": [122.0, 13.0]}"
fd586c34-8b0f-45ea-b6f7-2f4180a6af39,3dda9f54-d771-11ef-825b-0275dc2ded29,a3e9145b-ba55-4793-a0fa-189e0f404ca7,1,3c71e3b2-4ca7-405c-95da-e225370dff61,"{""en"": {""value"": ""Tuolumne"", ""direction"": ""ltr""}}",[],[],8295f36e-d187-4a15-9dfc-1bb697b2a1b1,"{""en"": {""value"": ""Tuolumne (URI: https://www.geonames.org/5403973)"", ""direction"": ""ltr""}}",[],[],[],52c380e6-1f55-4fbf-a9e5-675c70b185bd,"{""en"": {""value"": ""https://www.geonames.org/5403973"", ""direction"": ""ltr""}}",0f66d257-d81b-4305-82c0-9a78c50bc96e,"{""type"": ""Point"", ""coordinates"": [-119.95475, 38.0276]}"
08627e50-81e0-47d4-8b66-f83eee23dd77,3dda9f54-d771-11ef-825b-0275dc2ded29,a3e9145b-ba55-4793-a0fa-189e0f404ca7,1,a7fa7414-2c8a-4951-8d5f-0fda517ab7f9,"{""en"": {""value"": ""Ostrov Uzbekistan"", ""direction"": ""ltr""}}",[],[],7e058a97-e5cf-4ffe-9965-f3e36c61fb62,"{""en"": {""value"": ""Ostrov Uzbekistan (URI: https://www.geonames.org/2013749)"", ""direction"": ""ltr""}}",[],[],[],904d1426-3438-4fc4-a1c7-94d06359524e,"{""en"": {""value"": ""https://www.geonames.org/2013749"", ""direction"": ""ltr""}}",5338ef80-27ff-42d1-9405-2fd206a7e33a,"{""type"": ""Point"", ""coordinates"": [106.39755, 77.30815]}"
bf839484-16f5-4acb-8741-2681a422f682,3dda9f54-d771-11ef-825b-0275dc2ded29,a3e9145b-ba55-4793-a0fa-189e0f404ca7,1,68fb841a-caea-4e5b-bc69-431e0466ca66,"{""en"": {""value"": ""Ventura"", ""direction"": ""ltr""}}",[],[],61e8638e-9331-48f2-8b4e-2d97b77c6471,"{""en"": {""value"": ""Ventura (URI: https://www.geonames.org/5405889)"", ""direction"": ""ltr""}}",[],[],[],c89dd4c3-26b4-4cd5-b72b-8554cebf0971,"{""en"": {""value"": ""https://www.geonames.org/5405889"", ""direction"": ""ltr""}}",39ca2b17-2f32-4fc0-a48f-370952950358,"{""type"": ""Point"", ""coordinates"": [-119.12603, 34.35753]}"
e6c1a3b1-43e7-4ffc-be2e-8dbc20fa084c,3dda9f54-d771-11ef-825b-0275dc2ded29,a3e9145b-ba55-4793-a0fa-189e0f404ca7,1,5507cee3-eb69-4fe6-8029-309191d8da29,"{""en"": {""value"": ""Tooele"", ""direction"": ""ltr""}}",[],[],afd5ab93-1c80-4714-9098-e6e4d99153ce,"{""en"": {""value"": ""Tooele (URI: https://www.geonames.org/5783695)"", ""direction"": ""ltr""}}",[],[],[],6996c07a-f8ee-4053-9537-98e5cc09a20e,"{""en"": {""value"": ""https://www.geonames.org/5783695"", ""direction"": ""ltr""}}",44d19b1c-b390-4435-82d9-60cb82237d83,"{""type"": ""Point"", ""coordinates"": [-112.29828, 40.53078]}"
8c25e129-0ec0-44dc-a3b9-b74dd1c19b8b,3dda9f54-d771-11ef-825b-0275dc2ded29,a3e9145b-ba55-4793-a0fa-189e0f404ca7,1,5aa57a37-ab7b-4cda-a03a-53d124d7b1a2,"{""en"": {""value"": ""Okayama"", ""direction"": ""ltr""}}",[],[],030605fb-37a9-4ef0-aa36-1954c139d4cb,"{""en"": {""value"": ""Okayama (URI: https://www.geonames.org/1854381)"", ""direction"": ""ltr""}}",[],[],[],37723164-c508-46b0-a6e7-49ff586f3652,"{""en"": {""value"": ""https://www.geonames.org/1854381"", ""direction"": ""ltr""}}",7bfb0725-f25f-4919-96f7-31265aec9373,"{""type"": ""Point"", ""coordinates"": [133.81018, 34.90204]}"
ec5dbe5e-c507-443e-b34f-0a236a42ffc9,3dda9f54-d771-11ef-825b-0275dc2ded29,a3e9145b-ba55-4793-a0fa-189e0f404ca7,1,81dfad33-f7ee-419a-8355-966cbfe99468,"{""en"": {""value"": ""Oak Brook"", ""direction"": ""ltr""}}",[],[],ae2b5a0c-7d5c-48ad-a26e-3e5a8f2b107a,"{""en"": {""value"": ""Oak Brook (URI: https://www.geonames.org/4904277)"", ""direction"": ""ltr""}}",[],[],[],155e42cc-37c7-4009-a8c9-1a082934a826,"{""en"": {""value"": ""https://www.geonames.org/4904277"", ""direction"": ""ltr""}}",85eacceb-f085-41a9-9b15-e5f1ffcbaf14,"{""type"": ""Point"", ""coordinates"": [-87.92895, 41.83281]}"
dbea5625-0b54-4f72-9339-6d778be702fe,3dda9f54-d771-11ef-825b-0275dc2ded29,a3e9145b-ba55-4793-a0fa-189e0f404ca7,1,8371f34f-a994-49c8-8d42-b2a47bf9e4b3,"{""en"": {""value"": ""Vesuvius"", ""direction"": ""ltr""}}",[],[],6f13bb30-dd48-40cc-a6cd-c02c57e2055e,"{""en"": {""value"": ""Vesuvius (URI: https://www.geonames.org/3164481)"", ""direction"": ""ltr""}}",[],[],[],3790005e-1f26-4c6b-8e16-ee7b985e2b47,"{""en"": {""value"": ""https://www.geonames.org/3164481"", ""direction"": ""ltr""}}",0c213d96-c492-4046-b7da-350809199b4f,"{""type"": ""Point"", ""coordinates"": [14.4292, 40.82261]}"
c65eb417-e8f1-4fdc-8ff9-1f1645017bcf,3dda9f54-d771-11ef-825b-0275dc2ded29,a3e9145b-ba55-4793-a0fa-189e0f404ca7,1,844e2c82-b17b-4113-9f24-1aae6762947c,"{""en"": {""value"": ""Paris"", ""direction"": ""ltr""}}",[],[],41c76315-77c6-4bad-b3eb-faf513dcf0d1,"{""en"": {""value"": ""Paris (URI: https://www.geonames.org/2988507)"", ""direction"": ""ltr""}}",[],[],[],eba3c3f0-52d5-4f8e-ac81-f064d1b536ef,"{""en"": {""value"": ""https://www.geonames.org/2988507"", ""direction"": ""ltr""}}",ec45b887-d334-4dc8-906c-6b64ee0453c9,"{""type"": ""Point"", ""coordinates"": [2.3488, 48.85341]}"
dd19e1d3-181a-4aee-a305-c48994aeac3f,3dda9f54-d771-11ef-825b-0275dc2ded29,a3e9145b-ba55-4793-a0fa-189e0f404ca7,1,ea89c407-f4d7-4a5b-a6f8-6f532a16c413,"{""en"": {""value"": ""Tianjin"", ""direction"": ""ltr""}}",[],[],fa0829a7-c2ba-4036-b14f-88c61ff2ecd1,"{""en"": {""value"": ""Tianjin (URI: https://www.geonames.org/1792943)"", ""direction"": ""ltr""}}",[],[],[],37d13d99-10d6-4f61-a258-b431d3c3b1ab,"{""en"": {""value"": ""https://www.geonames.org/1792943"", ""direction"": ""ltr""}}",c9dce07c-b209-4ee6-b75d-cc15934ebda8,"{""type"": ""Point"", ""coordinates"": [117.33333, 39.33333]}"
7a5cd604-638b-4204-bdb8-c962537687e9,3dda9f54-d771-11ef-825b-0275dc2ded29,a3e9145b-ba55-4793-a0fa-189e0f404ca7,1,9b49873c-a918-4cb0-a6fc-446c532c9303,"{""en"": {""value"": ""Zaural’ye"", ""direction"": ""ltr""}}",[],[],492625cf-0df7-42f8-ab04-b019c25061e8,"{""en"": {""value"": ""Zaural’ye (URI: https://www.geonames.org/1485386)"", ""direction"": ""ltr""}}",[],[],[],58c3b018-abf9-4c7f-8b35-1a194a0ceda6,"{""en"": {""value"": ""https://www.geonames.org/1485386"", ""direction"": ""ltr""}}",aa768eaa-9a79-4899-b657-855c8aa2176d,"{""type"": ""Point"", ""coordinates"": [62.0, 55.0]}"
74ca3352-a346-4d11-88b7-589d6b537abf,3dda9f54-d771-11ef-825b-0275dc2ded29,a3e9145b-ba55-4793-a0fa-189e0f404ca7,1,b7eb3182-be3b-4445-9a5e-b77ad2d371a5,"{""en"": {""value"": ""Papua"", ""direction"": ""ltr""}}",[],[],dab5df10-d823-4d74-912f-3be233d648a9,"{""en"": {""value"": ""Papua (URI: https://www.geonames.org/1643012)"", ""direction"": ""ltr""}}",[],[],[],bd676791-a304-431f-8913-69b645a7420f,"{""en"": {""value"": ""https://www.geonames.org/1643012"", ""direction"": ""ltr""}}",e3e385b9-7066-4ad6-a3bc-073810fa0322,"{""type"": ""Point"", ""coordinates"": [139.41564, -2.59026]}"
c51df60c-ca11-4403-83de-aa09d22e6be7,3dda9f54-d771-11ef-825b-0275dc2ded29,a3e9145b-ba55-4793-a0fa-189e0f404ca7,1,947fa893-d458-4100-89b3-c63dfd728739,"{""en"": {""value"": ""Tushar Mountains"", ""direction"": ""ltr""}}",[],[],fc40219b-1d0f-4c4f-b422-a79229b59fb1,"{""en"": {""value"": ""Tushar Mountains (URI: https://www.geonames.org/5548808)"", ""direction"": ""ltr""}}",[],[],[],1ad2fd81-3ea4-4366-9c29-f2ab4ce13661,"{""en"": {""value"": ""https://www.geonames.org/5548808"", ""direction"": ""ltr""}}",e8e44fea-2dd9-4f23-a6b9-c30a27ffaaab,"{""type"": ""Point"", ""coordinates"": [-112.3816, 38.37025]}"
d178e88f-eac6-4ac5-8ec6-7eb69c4f2a30,3dda9f54-d771-11ef-825b-0275dc2ded29,a3e9145b-ba55-4793-a0fa-189e0f404ca7,1,462c7dc9-0938-47e0-a573-32fcd4a3c904,"{""en"": {""value"": ""Tibet"", ""direction"": ""ltr""}}",[],[],8bad6c13-8d62-4731-a888-abac786781aa,"{""en"": {""value"": ""Tibet (URI: https://www.geonames.org/1279685)"", ""direction"": ""ltr""}}",[],[],[],11705e63-0774-47c0-a6f8-3b0bb68347b7,"{""en"": {""value"": ""https://www.geonames.org/1279685"", ""direction"": ""ltr""}}",97607293-76ae-4ce2-9d24-096c2cff23c8,"{""type"": ""Point"", ""coordinates"": [88.0, 31.66667]}"
114745f5-a898-4fe5-9560-06e76f473d6c,3dda9f54-d771-11ef-825b-0275dc2ded29,a3e9145b-ba55-4793-a0fa-189e0f404ca7,1,bf43c6ad-0d10-409a-b761-2fe053b25f7a,"{""en"": {""value"": ""Čechy"", ""direction"": ""ltr""}}",[],[],7b1613a6-a4c7-42e0-8cfa-44558a53b75a,"{""en"": {""value"": ""Čechy (URI: https://www.geonames.org/3078198)"", ""direction"": ""ltr""}}",[],[],[],630fd847-3359-4dd4-a589-811cf74989fa,"{""en"": {""value"": ""https://www.geonames.org/3078198"", ""direction"": ""ltr""}}",67fbc95f-cb23-45b3-adcc-d98288640501,"{""type"": ""Point"", ""coordinates"": [14.5, 50.0]}"
ed318dd0-f962-48a4-8ba0-60488adc9c2e,3dda9f54-d771-11ef-825b-0275dc2ded29,a3e9145b-ba55-4793-a0fa-189e0f404ca7,1,78714cbf-7a18-49fc-b6eb-e29889e78c5e,"{""en"": {""value"": ""Pantin"", ""direction"": ""ltr""}}",[],[],5a64d4aa-921c-4e53-a94e-73111a893b68,"{""en"": {""value"": ""Pantin (URI: https://www.geonames.org/2988621)"", ""direction"": ""ltr""}}",[],[],[],b29827c5-f3ee-4dc0-bcba-f20aedd14607,"{""en"": {""value"": ""https://www.geonames.org/2988621"", ""direction"": ""ltr""}}",8761160a-648e-4714-957f-6fe0fcaaa38f,"{""type"": ""Point"", ""coordinates"": [2.40935, 48.89437]}"
c12fc369-3ded-4d05-8982-a4920c970858,3dda9f54-d771-11ef-825b-0275dc2ded29,a3e9145b-ba55-4793-a0fa-189e0f404ca7,1,5310f51e-65fe-49e2-8f31-9686b7fdd07b,"{""en"": {""value"": ""Panther Creek"", ""direction"": ""ltr""}}",[],[],e5615077-283e-4e12-bc09-5262564e9ec4,"{""en"": {""value"": ""Panther Creek (URI: https://www.geonames.org/5433876)"", ""direction"": ""ltr""}}",[],[],[],f6338371-5217-444a-88bd-48ceade400de,"{""en"": {""value"": ""https://www.geonames.org/5433876"", ""direction"": ""ltr""}}",57999533-12ae-4dbc-a7fb-34ffd1416ac3,"{""type"": ""Point"", ""coordinates"": [-104.99721, 38.10251]}"
5b653c95-543a-4d1c-a2fe-73f9dd79b736,3dda9f54-d771-11ef-825b-0275dc2ded29,a3e9145b-ba55-4793-a0fa-189e0f404ca7,1,3b2ea248-d4db-4352-bc5d-2124adaf72de,"{""en"": {""value"": ""Ticino"", ""direction"": ""ltr""}}",[],[],18253c57-099d-4353-bd26-cbdf003e480e,"{""en"": {""value"": ""Ticino (URI: https://www.geonames.org/2658370)"", ""direction"": ""ltr""}}",[],[],[],ac027180-dd68-4cee-aaf2-41c6ec77b763,"{""en"": {""value"": ""https://www.geonames.org/2658370"", ""direction"": ""ltr""}}",22af51ce-aeb1-4b35-bedc-ab36b824eb5b,"{""type"": ""Point"", ""coordinates"": [8.79065, 46.28455]}"
d408a681-4530-422c-a7da-fbb957b9e057,3dda9f54-d771-11ef-825b-0275dc2ded29,a3e9145b-ba55-4793-a0fa-189e0f404ca7,1,0f1719a8-af3d-4fb3-901c-cf55af6160a7,"{""en"": {""value"": ""Véria"", ""direction"": ""ltr""}}",[],[],6f0c4cc8-57e3-4e7a-a861-b21b8cfe1de9,"{""en"": {""value"": ""Véria (URI: https://www.geonames.org/252022)"", ""direction"": ""ltr""}}",[],[],[],87155cb7-cb49-47c9-ad35-c103105283d6,"{""en"": {""value"": ""https://www.geonames.org/252022"", ""direction"": ""ltr""}}",33f5db82-2430-42ce-bb57-5d2800a88427,"{""type"": ""Point"", ""coordinates"": [22.55173, 37.19027]}"
df163aaa-b9b2-47b9-a06a-6c4e0c56a13d,3dda9f54-d771-11ef-825b-0275dc2ded29,a3e9145b-ba55-4793-a0fa-189e0f404ca7,1,3bfc648f-0f1f-40ad-996a-6fa5005b6267,"{""en"": {""value"": ""Tivoli"", ""direction"": ""ltr""}}",[],[],0aa23aa8-9106-4362-9c11-a4b02ae6c790,"{""en"": {""value"": ""Tivoli (URI: https://www.geonames.org/6539764)"", ""direction"": ""ltr""}}",[],[],[],643c7e1a-f30c-42f5-87fe-c3b75fcf880c,"{""en"": {""value"": ""https://www.geonames.org/6539764"", ""direction"": ""ltr""}}",2d40a926-7014-4b35-a4ab-9c8384b02ad3,"{""type"": ""Point"", ""coordinates"": [12.79888, 41.96092]}"
72bc1d0c-4d6c-4346-8d95-eb09b08f2f86,3dda9f54-d771-11ef-825b-0275dc2ded29,a3e9145b-ba55-4793-a0fa-189e0f404ca7,1,29f59f8e-29cf-4efb-a7c0-cb80591ee3f6,"{""en"": {""value"": ""Tiwanaku"", ""direction"": ""ltr""}}",[],[],45adef2e-a371-4429-aba7-bc11fa827782,"{""en"": {""value"": ""Tiwanaku (URI: https://www.geonames.org/9855424)"", ""direction"": ""ltr""}}",[],[],[],dd689ad5-0ed6-4a8f-a484-96fcd69ca078,"{""en"": {""value"": ""https://www.geonames.org/9855424"", ""direction"": ""ltr""}}",cb70a86e-346b-477c-b9c8-5412c26eb5c5,"{""type"": ""Point"", ""coordinates"": [-68.67361, -16.555]}"
63bb0ea9-987f-4b0a-b7f5-34ef4291f6bc,3dda9f54-d771-11ef-825b-0275dc2ded29,a3e9145b-ba55-4793-a0fa-189e0f404ca7,1,cfdb13a5-d163-40e6-a903-16ee0f7bba63,"{""en"": {""value"": ""Palo Verde"", ""direction"": ""ltr""}}",[],[],9971d8a3-fc77-4af8-9dbe-731a942269b1,"{""en"": {""value"": ""Palo Verde (URI: https://www.geonames.org/5380784)"", ""direction"": ""ltr""}}",[],[],[],019ea7fd-f335-424b-b161-9e33cebbf9f3,"{""en"": {""value"": ""https://www.geonames.org/5380784"", ""direction"": ""ltr""}}",69aec96e-a44e-427c-bcc6-36d70d7d7194,"{""type"": ""Point"", ""coordinates"": [-114.73218, 33.43281]}"
8cd2f741-2631-455a-83d5-1165c229d2bd,3dda9f54-d771-11ef-825b-0275dc2ded29,a3e9145b-ba55-4793-a0fa-189e0f404ca7,1,a0df16a0-732f-449a-bf39-9283b429d6db,"{""en"": {""value"": ""Tlaxcala City"", ""direction"": ""ltr""}}",[],[],2887040e-5e5a-4970-9cc5-d695ba5073a0,"{""en"": {""value"": ""Tlaxcala City (URI: https://www.geonames.org/3815415)"", ""direction"": ""ltr""}}",[],[],[],87567d83-d5b0-4607-af66-d3c409081251,"{""en"": {""value"": ""https://www.geonames.org/3815415"", ""direction"": ""ltr""}}",3daacc84-2dd0-4710-9dd2-c93de4cd4785,"{""type"": ""Point"", ""coordinates"": [-98.19982, 19.31905]}"
ec21da3f-3da9-46e6-8653-ee45cb2ed94a,3dda9f54-d771-11ef-825b-0275dc2ded29,a3e9145b-ba55-4793-a0fa-189e0f404ca7,1,87a8691c-9b4c-42d0-aa99-05f678ecfadc,"{""en"": {""value"": ""Toliara"", ""direction"": ""ltr""}}",[],[],8790cd93-3bdd-4d2d-bbb1-267c67c6f16d,"{""en"": {""value"": ""Toliara (URI: https://www.geonames.org/1055429)"", ""direction"": ""ltr""}}",[],[],[],43455900-5d37-47b1-bfab-ff97a06e5956,"{""en"": {""value"": ""https://www.geonames.org/1055429"", ""direction"": ""ltr""}}",4760e4d2-3e14-4406-b54f-fcfaacc44f40,"{""type"": ""Point"", ""coordinates"": [43.66667, -23.35]}"
3eafbb5e-464a-4544-893f-3dfed581c44b,3dda9f54-d771-11ef-825b-0275dc2ded29,a3e9145b-ba55-4793-a0fa-189e0f404ca7,1,83c1de69-8cde-4b69-9dd5-7e9a18eb350d,"{""en"": {""value"": ""Orderville"", ""direction"": ""ltr""}}",[],[],fc60edae-573d-4e8c-aade-d307f23cd375,"{""en"": {""value"": ""Orderville (URI: https://www.geonames.org/5544411)"", ""direction"": ""ltr""}}",[],[],[],e634b457-cacd-4550-886b-f3a318dc90d8,"{""en"": {""value"": ""https://www.geonames.org/5544411"", ""direction"": ""ltr""}}",a37a3dca-63aa-4da2-a488-8b57ecb4b779,"{""type"": ""Point"", ""coordinates"": [-112.63771, 37.27582]}"
b9dcd15c-59e2-48fb-99dd-9231f3947ec4,3dda9f54-d771-11ef-825b-0275dc2ded29,a3e9145b-ba55-4793-a0fa-189e0f404ca7,1,ecd7dfdf-ca4f-4323-938e-f9f3484da38b,"{""en"": {""value"": ""Paducah"", ""direction"": ""ltr""}}",[],[],d8f1db62-599b-4407-b6eb-96635baf8d97,"{""en"": {""value"": ""Paducah (URI: https://www.geonames.org/4048662)"", ""direction"": ""ltr""}}",[],[],[],f5475d82-b930-4f1f-bd73-bc86a87bad48,"{""en"": {""value"": ""https://www.geonames.org/4048662"", ""direction"": ""ltr""}}",6f5e1b75-0dc4-48ba-83f9-a5d87a03ce18,"{""type"": ""Point"", ""coordinates"": [-88.60005, 37.08339]}"
6a5f2635-0b52-48ea-a4b5-1abe5fa29311,3dda9f54-d771-11ef-825b-0275dc2ded29,a3e9145b-ba55-4793-a0fa-189e0f404ca7,1,e186b4b4-0829-49ea-94a8-9106b0a69bb3,"{""en"": {""value"": ""Zurich"", ""direction"": ""ltr""}}",[],[],7a64ad66-cbc0-444f-b8b8-a684d1c99cca,"{""en"": {""value"": ""Zurich (URI: https://www.geonames.org/2657896)"", ""direction"": ""ltr""}}",[],[],[],fb60951d-2dd0-4206-9bb5-90dce4380a5f,"{""en"": {""value"": ""https://www.geonames.org/2657896"", ""direction"": ""ltr""}}",ded65ca0-385e-43f7-9713-8ef13082f082,"{""type"": ""Point"", ""coordinates"": [8.55, 47.36667]}"
03ec3f45-a0b8-4aa8-92b4-f2410281decf,3dda9f54-d771-11ef-825b-0275dc2ded29,a3e9145b-ba55-4793-a0fa-189e0f404ca7,1,79e7965f-c280-4d30-8a57-af7c4b23b779,"{""en"": {""value"": ""Otago"", ""direction"": ""ltr""}}",[],[],e81098fd-d0ee-4c12-975c-7046929f104d,"{""en"": {""value"": ""Otago (URI: https://www.geonames.org/6612109)"", ""direction"": ""ltr""}}",[],[],[],fc72977d-6c94-45b6-b8d0-657cb27d255c,"{""en"": {""value"": ""https://www.geonames.org/6612109"", ""direction"": ""ltr""}}",ebbe5ce0-4cfd-401a-91c8-5a33345b4426,"{""type"": ""Point"", ""coordinates"": [169.53501, -45.26392]}"
1e368325-c6b0-4c6f-9d2c-105ae9cc5d29,3dda9f54-d771-11ef-825b-0275dc2ded29,a3e9145b-ba55-4793-a0fa-189e0f404ca7,1,e5ea012e-349a-4f6e-9ab9-63af80595329,"{""en"": {""value"": ""Santa Luzia"", ""direction"": ""ltr""}}",[],[],af82d001-ab52-4cff-a1b8-e6bbd00f6ea5,"{""en"": {""value"": ""Santa Luzia (URI: https://www.geonames.org/6321753)"", ""direction"": ""ltr""}}",[],[],[],97f4cf39-36b1-4c6f-87b4-e05b72ed1d3d,"{""en"": {""value"": ""https://www.geonames.org/6321753"", ""direction"": ""ltr""}}",a682120d-0d63-40f8-8f06-8bf06b8c9c6b,"{""type"": ""Point"", ""coordinates"": [-43.82647, -19.73544]}"
7ce9a7bc-0cd5-42f5-b6e4-c09a7bb7f146,3dda9f54-d771-11ef-825b-0275dc2ded29,a3e9145b-ba55-4793-a0fa-189e0f404ca7,1,3981d995-57fb-4a3b-b618-3a1c9110492b,"{""en"": {""value"": ""Summitville mine"", ""direction"": ""ltr""}}",[],[],46c25493-6432-47d3-877c-d17ceb7e571f,"{""en"": {""value"": ""Summitville mine (URI: https://www.geonames.org/5440704)"", ""direction"": ""ltr""}}",[],[],[],364c3222-1f28-4ee0-9be3-615b8f40d3c9,"{""en"": {""value"": ""https://www.geonames.org/5440704"", ""direction"": ""ltr""}}",a94ec1bc-bf8e-4a46-8243-f1dac552578a,"{""type"": ""Point"", ""coordinates"": [-106.59782, 37.43612]}"
b9060daa-280e-4c6c-9199-b27fafffdd2f,3dda9f54-d771-11ef-825b-0275dc2ded29,a3e9145b-ba55-4793-a0fa-189e0f404ca7,1,d81056da-2a56-41f3-81d3-4baaa266a38c,"{""en"": {""value"": ""Saga"", ""direction"": ""ltr""}}",[],[],9af5f148-5ba6-4695-a3f1-ddff439fa673,"{""en"": {""value"": ""Saga (URI: https://www.geonames.org/1853299)"", ""direction"": ""ltr""}}",[],[],[],750ea57e-73b0-480e-b737-a253ff5432b9,"{""en"": {""value"": ""https://www.geonames.org/1853299"", ""direction"": ""ltr""}}",8401730f-2df9-4e82-bc0b-6b065bb56e98,"{""type"": ""Point"", ""coordinates"": [130.11491, 33.28904]}"
6aee8545-64cd-4a00-a00f-4e6da5bfefe3,3dda9f54-d771-11ef-825b-0275dc2ded29,a3e9145b-ba55-4793-a0fa-189e0f404ca7,1,ced4e087-feb9-4935-a7b3-6540133737b6,"{""en"": {""value"": ""Shoshone"", ""direction"": ""ltr""}}",[],[],d004282d-942e-4503-8fc2-fa3db2fe9d64,"{""en"": {""value"": ""Shoshone (URI: https://www.geonames.org/5395476)"", ""direction"": ""ltr""}}",[],[],[],e3bbaef6-696d-40b1-85d1-52680b5cab35,"{""en"": {""value"": ""https://www.geonames.org/5395476"", ""direction"": ""ltr""}}",f4521288-0f07-4f75-84f2-84b87914d507,"{""type"": ""Point"", ""coordinates"": [-116.27114, 35.97302]}"
b306760e-2b49-41c9-aa11-3e85eedbc0d9,3dda9f54-d771-11ef-825b-0275dc2ded29,a3e9145b-ba55-4793-a0fa-189e0f404ca7,1,71f4bf45-9c1f-445b-a1fe-a4a8f57bdcfd,"{""en"": {""value"": ""Safford"", ""direction"": ""ltr""}}",[],[],6cc62367-c8ba-4efd-b823-c4f90742faf5,"{""en"": {""value"": ""Safford (URI: https://www.geonames.org/5312476)"", ""direction"": ""ltr""}}",[],[],[],0d702235-c4ef-4b84-8ba1-8ca01feba5e4,"{""en"": {""value"": ""https://www.geonames.org/5312476"", ""direction"": ""ltr""}}",da240c94-c381-4097-bb7e-0f47ea1f4ac2,"{""type"": ""Point"", ""coordinates"": [-109.70758, 32.83395]}"
35e253e4-69de-43f4-a235-b228a9ea8bbe,3dda9f54-d771-11ef-825b-0275dc2ded29,a3e9145b-ba55-4793-a0fa-189e0f404ca7,1,37012413-1f64-45d9-8b3d-df80d39125d2,"{""en"": {""value"": ""Worland"", ""direction"": ""ltr""}}",[],[],a75ac4da-bfd0-4b93-be2b-4a0551be2e0f,"{""en"": {""value"": ""Worland (URI: https://www.geonames.org/5843495)"", ""direction"": ""ltr""}}",[],[],[],8f0bd9cb-87f1-488f-a377-a1fcc5e53a8a,"{""en"": {""value"": ""https://www.geonames.org/5843495"", ""direction"": ""ltr""}}",fec0d283-6972-480a-ad0d-ec3312164fcb,"{""type"": ""Point"", ""coordinates"": [-107.95537, 44.0169]}"
681bb8b0-0ee5-43c2-9460-632d3a98020e,3dda9f54-d771-11ef-825b-0275dc2ded29,a3e9145b-ba55-4793-a0fa-189e0f404ca7,1,be9e7b7d-a24e-4e11-bf09-1e4bafe31079,"{""en"": {""value"": ""Wrightwood"", ""direction"": ""ltr""}}",[],[],54b90817-7940-4824-a184-db73c1753402,"{""en"": {""value"": ""Wrightwood (URI: https://www.geonames.org/5410682)"", ""direction"": ""ltr""}}",[],[],[],6ed9633c-ceb9-4bb0-ae2f-00282843aa32,"{""en"": {""value"": ""https://www.geonames.org/5410682"", ""direction"": ""ltr""}}",04ad65b9-be1e-43d1-832f-3d70d9e2bd1f,"{""type"": ""Point"", ""coordinates"": [-117.63339, 34.36083]}"
3ac218cb-84ab-4a1a-81e6-6f6a3b6a66ee,3dda9f54-d771-11ef-825b-0275dc2ded29,a3e9145b-ba55-4793-a0fa-189e0f404ca7,1,64c370bf-1c9b-485b-8489-c15c15c1939c,"{""en"": {""value"": ""Roosevelt County"", ""direction"": ""ltr""}}",[],[],b1efc85f-abad-4040-ae7c-37a801f5fcc8,"{""en"": {""value"": ""Roosevelt County (URI: https://www.geonames.org/5488372)"", ""direction"": ""ltr""}}",[],[],[],32d632f5-f003-48fb-808f-0f73713e80e3,"{""en"": {""value"": ""https://www.geonames.org/5488372"", ""direction"": ""ltr""}}",741dbfc6-fc3a-47a0-a015-95786a1f927f,"{""type"": ""Point"", ""coordinates"": [-103.48018, 34.02127]}"
c0e9ba33-215a-4a9e-ae39-9308ae10459f,3dda9f54-d771-11ef-825b-0275dc2ded29,a3e9145b-ba55-4793-a0fa-189e0f404ca7,1,2eab3682-bf9c-444c-9044-4c53f2002ccf,"{""en"": {""value"": ""Wyoming"", ""direction"": ""ltr""}}",[],[],717fbfbf-f6f2-4264-912c-44cf7a83b36c,"{""en"": {""value"": ""Wyoming (URI: https://www.geonames.org/5843591)"", ""direction"": ""ltr""}}",[],[],[],a940356b-ad05-4eb1-b6ab-0eb32fbdbf78,"{""en"": {""value"": ""https://www.geonames.org/5843591"", ""direction"": ""ltr""}}",26c0151f-5dc1-49de-95c8-b5be0ff59a68,"{""type"": ""Point"", ""coordinates"": [-107.5009, 43.00024]}"
9929d2b1-2d50-4db9-b2d4-0510777b7a64,3dda9f54-d771-11ef-825b-0275dc2ded29,a3e9145b-ba55-4793-a0fa-189e0f404ca7,1,6f0bdfa9-91f7-4b8f-a232-c0c73a5c048e,"{""en"": {""value"": ""Northridge"", ""direction"": ""ltr""}}",[],[],0e10d7cf-a48e-4113-871c-5d0dddac57e9,"{""en"": {""value"": ""Northridge (URI: https://www.geonames.org/5377985)"", ""direction"": ""ltr""}}",[],[],[],d5772fa3-ad19-4e6a-aaf5-82c101d81ef3,"{""en"": {""value"": ""https://www.geonames.org/5377985"", ""direction"": ""ltr""}}",0d2411e7-9bf4-4a80-8747-151661f273df,"{""type"": ""Point"", ""coordinates"": [-118.53675, 34.22834]}"
b9d54894-e100-492a-83a4-832d34d17b72,3dda9f54-d771-11ef-825b-0275dc2ded29,a3e9145b-ba55-4793-a0fa-189e0f404ca7,1,c29e9616-3a8a-48fd-891c-c5ec2a783be6,"{""en"": {""value"": ""White Pine"", ""direction"": ""ltr""}}",[],[],799777eb-1aed-447e-903e-247398bb7ba1,"{""en"": {""value"": ""White Pine (URI: https://www.geonames.org/5514990)"", ""direction"": ""ltr""}}",[],[],[],f6d7b990-bed0-4c18-bed9-5685b9f8abd9,"{""en"": {""value"": ""https://www.geonames.org/5514990"", ""direction"": ""ltr""}}",4a0698d2-3532-41ee-87d7-79b99821f163,"{""type"": ""Point"", ""coordinates"": [-114.90159, 39.44216]}"
226c6a69-6a2d-4c30-83ec-3bf5e3c05a3a,3dda9f54-d771-11ef-825b-0275dc2ded29,a3e9145b-ba55-4793-a0fa-189e0f404ca7,1,2aaa5b70-9b1b-4037-8065-b89468304036,"{""en"": {""value"": ""Sierra Leone"", ""direction"": ""ltr""}}",[],[],7c35d4d1-91ef-4b66-965e-c08de916170d,"{""en"": {""value"": ""Sierra Leone (URI: https://www.geonames.org/2403846)"", ""direction"": ""ltr""}}",[],[],[],9bf9ec0a-5ff3-4d5f-b8a1-99a0afdd597d,"{""en"": {""value"": ""https://www.geonames.org/2403846"", ""direction"": ""ltr""}}",2f59652e-82f3-4cbb-a0fe-26e0f6428502,"{""type"": ""Point"", ""coordinates"": [-11.5, 8.5]}"
d91cc72e-8a95-4a88-9ec3-29b394b960c9,3dda9f54-d771-11ef-825b-0275dc2ded29,a3e9145b-ba55-4793-a0fa-189e0f404ca7,1,0649a640-8b9b-49f5-a94a-6f5f7c3bce4a,"{""en"": {""value"": ""White Mountains"", ""direction"": ""ltr""}}",[],[],77d88433-4d5a-461f-a384-38303989a84f,"{""en"": {""value"": ""White Mountains (URI: https://www.geonames.org/5408835)"", ""direction"": ""ltr""}}",[],[],[],4afb265d-c803-4880-a5e9-cd7854b0d4a0,"{""en"": {""value"": ""https://www.geonames.org/5408835"", ""direction"": ""ltr""}}",c6c49169-18d6-432a-aa8f-b37320e27575,"{""type"": ""Point"", ""coordinates"": [-118.26761, 37.58326]}"
be77349f-70f1-44df-903f-22e236bc7cdb,3dda9f54-d771-11ef-825b-0275dc2ded29,a3e9145b-ba55-4793-a0fa-189e0f404ca7,1,cc5b9558-ebf2-4264-9848-6255da33c957,"{""en"": {""value"": ""Siwa Oasis"", ""direction"": ""ltr""}}",[],[],eba2e148-8a09-4b0d-ae6e-4cf00bb1374b,"{""en"": {""value"": ""Siwa Oasis (URI: https://www.geonames.org/347860)"", ""direction"": ""ltr""}}",[],[],[],ff714902-c3d3-4492-9f3d-69b64a5038cb,"{""en"": {""value"": ""https://www.geonames.org/347860"", ""direction"": ""ltr""}}",39135d5e-8870-491c-88ca-1524c979b180,"{""type"": ""Point"", ""coordinates"": [25.55287, 29.21629]}"
45fa825c-d85f-453d-b202-78b65756fe0b,3dda9f54-d771-11ef-825b-0275dc2ded29,a3e9145b-ba55-4793-a0fa-189e0f404ca7,1,b35a094e-9aeb-466b-8d0d-e98547f61734,"{""en"": {""value"": ""Solomon Islands"", ""direction"": ""ltr""}}",[],[],ef3c2795-dd82-4ee7-93a5-8945522d84cc,"{""en"": {""value"": ""Solomon Islands (URI: https://www.geonames.org/2103350)"", ""direction"": ""ltr""}}",[],[],[],6226b1dd-fb97-4659-b67a-d59817aa48ee,"{""en"": {""value"": ""https://www.geonames.org/2103350"", ""direction"": ""ltr""}}",82b5a7aa-5d20-44ea-aebd-b1f150970b15,"{""type"": ""Point"", ""coordinates"": [159.0, -8.0]}"
d6421f87-d0e0-4726-9c60-9f3c34cef9d8,3dda9f54-d771-11ef-825b-0275dc2ded29,a3e9145b-ba55-4793-a0fa-189e0f404ca7,1,75f5627c-99c6-48d9-add5-19045fb787dd,"{""en"": {""value"": ""Sheridan"", ""direction"": ""ltr""}}",[],[],75dc86d6-0ece-402b-8d2d-8bd12c39160a,"{""en"": {""value"": ""Sheridan (URI: https://www.geonames.org/5838198)"", ""direction"": ""ltr""}}",[],[],[],e2980041-fee0-462b-ae5e-b4b04ee8c752,"{""en"": {""value"": ""https://www.geonames.org/5838198"", ""direction"": ""ltr""}}",b3113da6-6d7a-49ba-9764-86872e9f9afb,"{""type"": ""Point"", ""coordinates"": [-106.95618, 44.79719]}"
eac1a10f-385f-4f09-a1ee-ab2e5d754191,3dda9f54-d771-11ef-825b-0275dc2ded29,a3e9145b-ba55-4793-a0fa-189e0f404ca7,1,74423cf7-7a35-413c-8e91-241e89049e9c,"{""en"": {""value"": ""Sonoma"", ""direction"": ""ltr""}}",[],[],4f1db53d-e8a4-4bc1-9332-5f4eeddd1922,"{""en"": {""value"": ""Sonoma (URI: https://www.geonames.org/5397100)"", ""direction"": ""ltr""}}",[],[],[],39dc144c-1125-4d21-b9b7-fb57cb5f4cb5,"{""en"": {""value"": ""https://www.geonames.org/5397100"", ""direction"": ""ltr""}}",da0c6b12-0215-4944-b30e-aa6c6fc39990,"{""type"": ""Point"", ""coordinates"": [-122.92254, 38.52529]}"
2c906074-e988-4744-a124-f6ce68a28493,3dda9f54-d771-11ef-825b-0275dc2ded29,a3e9145b-ba55-4793-a0fa-189e0f404ca7,1,cb0e0944-0a36-4b0e-931d-9aff7892ea4a,"{""en"": {""value"": ""Wheeler"", ""direction"": ""ltr""}}",[],[],122100f4-379d-4f9f-a7dd-76a25c290334,"{""en"": {""value"": ""Wheeler (URI: https://www.geonames.org/5760229)"", ""direction"": ""ltr""}}",[],[],[],a522e988-1a5b-41f8-8347-b307d5136c6b,"{""en"": {""value"": ""https://www.geonames.org/5760229"", ""direction"": ""ltr""}}",2ec515f4-d57f-4379-93bb-92536c5b8616,"{""type"": ""Point"", ""coordinates"": [-120.02746, 44.72606]}"
91436a8e-2290-4ac2-9bf4-8a65e1f3b12a,3dda9f54-d771-11ef-825b-0275dc2ded29,a3e9145b-ba55-4793-a0fa-189e0f404ca7,1,654faea3-502a-4769-8af6-c2bc81d7d9fe,"{""en"": {""value"": ""Rio de Janeiro"", ""direction"": ""ltr""}}",[],[],3bfa46fd-85c2-480d-8dba-e1974fbed4c0,"{""en"": {""value"": ""Rio de Janeiro (URI: https://www.geonames.org/3451190)"", ""direction"": ""ltr""}}",[],[],[],f614244e-32d5-403e-9dfe-54df5729de66,"{""en"": {""value"": ""https://www.geonames.org/3451190"", ""direction"": ""ltr""}}",badc41e9-d15a-4b04-9af6-6a86b2a88f76,"{""type"": ""Point"", ""coordinates"": [-43.18223, -22.90642]}"
755840ab-201b-4587-8841-08832aba141c,3dda9f54-d771-11ef-825b-0275dc2ded29,a3e9145b-ba55-4793-a0fa-189e0f404ca7,1,a243ec2f-b5e6-4822-9f80-42818facf041,"{""en"": {""value"": ""Rio Grande do Sul"", ""direction"": ""ltr""}}",[],[],28380c91-144b-4c4f-8d73-d352a0632d23,"{""en"": {""value"": ""Rio Grande do Sul (URI: https://www.geonames.org/3451133)"", ""direction"": ""ltr""}}",[],[],[],2410fde6-ed52-43da-b827-e4881ca83312,"{""en"": {""value"": ""https://www.geonames.org/3451133"", ""direction"": ""ltr""}}",1531089d-7591-4b85-99b3-d3c4f3b2bed9,"{""type"": ""Point"", ""coordinates"": [-53.5, -30.0]}"
eba6608a-e9e6-4a85-b5d6-bbb2bc492550,3dda9f54-d771-11ef-825b-0275dc2ded29,a3e9145b-ba55-4793-a0fa-189e0f404ca7,1,ccb9a5d1-91ab-4d95-9e8e-205d474df906,"{""en"": {""value"": ""South Bay"", ""direction"": ""ltr""}}",[],[],fb2208e3-f6fa-4244-a862-a8b61eb70bab,"{""en"": {""value"": ""South Bay (URI: https://www.geonames.org/11153241)"", ""direction"": ""ltr""}}",[],[],[],b5ee601a-f201-4ec4-8286-9086ff649e59,"{""en"": {""value"": ""https://www.geonames.org/11153241"", ""direction"": ""ltr""}}",4309ebf6-4d9d-48fc-9202-f36d6a4d6200,"{""type"": ""Point"", ""coordinates"": [-0.37783, 54.26625]}"
9ad1275a-dd47-4e0a-9860-dbee60accfb6,3dda9f54-d771-11ef-825b-0275dc2ded29,a3e9145b-ba55-4793-a0fa-189e0f404ca7,1,3ba753b1-c7fd-44c2-bf2a-0ef8e3c237e6,"{""en"": {""value"": ""Riggins"", ""direction"": ""ltr""}}",[],[],8bc92503-cf6a-4eaa-a697-0d5176d2512c,"{""en"": {""value"": ""Riggins (URI: https://www.geonames.org/5605330)"", ""direction"": ""ltr""}}",[],[],[],22126690-346a-49c5-be81-765d17f1ff7d,"{""en"": {""value"": ""https://www.geonames.org/5605330"", ""direction"": ""ltr""}}",cbabefd6-e316-44c1-81dd-ea48f23a3596,"{""type"": ""Point"", ""coordinates"": [-116.31541, 45.42211]}"
8d8c0512-d534-4246-bce5-90c28b7fb3be,3dda9f54-d771-11ef-825b-0275dc2ded29,a3e9145b-ba55-4793-a0fa-189e0f404ca7,1,1eae7acd-89e8-49ae-8a8f-3d981fe5a038,"{""en"": {""value"": ""Westgard Pass"", ""direction"": ""ltr""}}",[],[],9c6a0838-3aa4-4f7f-af16-5cd75e86354b,"{""en"": {""value"": ""Westgard Pass (URI: https://www.geonames.org/5408361)"", ""direction"": ""ltr""}}",[],[],[],3c5f4336-d9e2-48bf-8da6-97bdef0f013b,"{""en"": {""value"": ""https://www.geonames.org/5408361"", ""direction"": ""ltr""}}",aaea7e31-f072-48be-ab57-12d916aba623,"{""type"": ""Point"", ""coordinates"": [-118.15399, 37.30021]}"
18b8a9fa-4f6a-4192-971c-3d7855f73d74,3dda9f54-d771-11ef-825b-0275dc2ded29,a3e9145b-ba55-4793-a0fa-189e0f404ca7,1,ed98dbf8-7f48-4192-9dc7-41862d72846e,"{""en"": {""value"": ""Ridgecrest"", ""direction"": ""ltr""}}",[],[],9440f180-63f2-4843-a535-111757ce9a29,"{""en"": {""value"": ""Ridgecrest (URI: https://www.geonames.org/5387494)"", ""direction"": ""ltr""}}",[],[],[],0981183d-4287-408a-a329-d7d54bcd2c03,"{""en"": {""value"": ""https://www.geonames.org/5387494"", ""direction"": ""ltr""}}",f0d853e2-e518-4697-93b6-9b799db33da3,"{""type"": ""Point"", ""coordinates"": [-117.6709, 35.62246]}"
81f16b37-1b0a-4d38-b2e2-b819e656d677,3dda9f54-d771-11ef-825b-0275dc2ded29,a3e9145b-ba55-4793-a0fa-189e0f404ca7,1,84e16305-c077-4841-af9a-05977a88aa7a,"{""en"": {""value"": ""South Moor"", ""direction"": ""ltr""}}",[],[],a2ade8ab-491b-4c38-8ebf-d7bb398499f9,"{""en"": {""value"": ""South Moor (URI: https://www.geonames.org/2637371)"", ""direction"": ""ltr""}}",[],[],[],af9c3ad7-c586-4d57-b521-f92064327e03,"{""en"": {""value"": ""https://www.geonames.org/2637371"", ""direction"": ""ltr""}}",9e099939-65d3-4a79-876d-262812be8797,"{""type"": ""Point"", ""coordinates"": [-1.7, 54.85]}"
138f5c9f-124d-4747-8e24-95841fb686b6,3dda9f54-d771-11ef-825b-0275dc2ded29,a3e9145b-ba55-4793-a0fa-189e0f404ca7,1,7b2b9b1d-1927-463e-ae13-68cac9e69b0e,"{""en"": {""value"": ""South Pacific Ocean"", ""direction"": ""ltr""}}",[],[],7973e6b3-a669-44bc-a00e-23444c338232,"{""en"": {""value"": ""South Pacific Ocean (URI: https://www.geonames.org/4030483)"", ""direction"": ""ltr""}}",[],[],[],a8f4b7ba-cc58-43d8-a321-577755adc285,"{""en"": {""value"": ""https://www.geonames.org/4030483"", ""direction"": ""ltr""}}",01a858e1-ea60-47a8-8a1c-fdfce6321472,"{""type"": ""Point"", ""coordinates"": [-130.0, -45.0]}"
996c702f-57d5-406d-a77e-9d7374c39961,3dda9f54-d771-11ef-825b-0275dc2ded29,a3e9145b-ba55-4793-a0fa-189e0f404ca7,1,58f7f29e-dde5-4321-b62c-f9bde5eec719,"{""en"": {""value"": ""South Yemen"", ""direction"": ""ltr""}}",[],[],17fad09b-85b7-43b2-903d-f6933dc82a10,"{""en"": {""value"": ""South Yemen (URI: https://www.geonames.org/8505034)"", ""direction"": ""ltr""}}",[],[],[],a56ed674-2688-4922-8580-e9850a9cee3d,"{""en"": {""value"": ""https://www.geonames.org/8505034"", ""direction"": ""ltr""}}",8410f86e-7825-4e9b-b3cc-a4868e096118,"{""type"": ""Point"", ""coordinates"": [45.03313, 12.79891]}"
e97c9169-1caa-48ad-a2ba-47f7a9b2a448,3dda9f54-d771-11ef-825b-0275dc2ded29,a3e9145b-ba55-4793-a0fa-189e0f404ca7,1,3d7845e2-53ea-4787-bf7c-76ee20ea70e4,"{""en"": {""value"": ""Southern Africa"", ""direction"": ""ltr""}}",[],[],e4540915-b7cc-4e79-8414-a9feb206a736,"{""en"": {""value"": ""Southern Africa (URI: https://www.geonames.org/9406051)"", ""direction"": ""ltr""}}",[],[],[],9c8c231c-1a13-4179-b70c-03ce8fb453bd,"{""en"": {""value"": ""https://www.geonames.org/9406051"", ""direction"": ""ltr""}}",a9a5fe5c-0c6c-41ad-ad06-dc972dbbf5c8,"{""type"": ""Point"", ""coordinates"": [22.28027, -27.11781]}"
859fc293-9150-41a6-8a4c-87e05ae3e303,3dda9f54-d771-11ef-825b-0275dc2ded29,a3e9145b-ba55-4793-a0fa-189e0f404ca7,1,de762e8f-425d-4216-85d2-897b5d877ddf,"{""en"": {""value"": ""Southern Mallee"", ""direction"": ""ltr""}}",[],[],80d22095-1570-497a-ad78-7e14db591da2,"{""en"": {""value"": ""Southern Mallee (URI: https://www.geonames.org/7839459)"", ""direction"": ""ltr""}}",[],[],[],bd98a426-78f2-405b-9c29-85f9ac807940,"{""en"": {""value"": ""https://www.geonames.org/7839459"", ""direction"": ""ltr""}}",8ce24646-f448-42fe-b9d9-5551fa91048b,"{""type"": ""Point"", ""coordinates"": [140.5203, -35.36733]}"
c003a788-d463-4da5-b00c-8d9b1c4d911c,3dda9f54-d771-11ef-825b-0275dc2ded29,a3e9145b-ba55-4793-a0fa-189e0f404ca7,1,ec0c5cd1-425d-438c-8ed2-19864874c0d7,"{""en"": {""value"": ""Sherman Oaks"", ""direction"": ""ltr""}}",[],[],45abac00-f0de-412e-a66a-7ae147d57bf6,"{""en"": {""value"": ""Sherman Oaks (URI: https://www.geonames.org/5395244)"", ""direction"": ""ltr""}}",[],[],[],a7e5f75c-5820-4343-838e-9ebe404d252f,"{""en"": {""value"": ""https://www.geonames.org/5395244"", ""direction"": ""ltr""}}",055d23c0-2859-4dee-9689-9f5b0769c6ea,"{""type"": ""Point"", ""coordinates"": [-118.44925, 34.15112]}"
64b4bbd2-0247-4563-bf01-cb2e19cd8a65,3dda9f54-d771-11ef-825b-0275dc2ded29,a3e9145b-ba55-4793-a0fa-189e0f404ca7,1,81b4f173-80b9-409c-a5dd-863ca428d6c5,"{""en"": {""value"": ""Woodville"", ""direction"": ""ltr""}}",[],[],b46edfbc-f2f3-4ef1-b524-f444c3db444f,"{""en"": {""value"": ""Woodville (URI: https://www.geonames.org/5177337)"", ""direction"": ""ltr""}}",[],[],[],27241d95-914c-416b-bfa7-3edaa862cd48,"{""en"": {""value"": ""https://www.geonames.org/5177337"", ""direction"": ""ltr""}}",5a204798-f376-41a9-a822-5e402c51b032,"{""type"": ""Point"", ""coordinates"": [-83.36576, 41.45144]}"
b73f1597-7417-4c7b-8929-c9f24f53a585,3dda9f54-d771-11ef-825b-0275dc2ded29,a3e9145b-ba55-4793-a0fa-189e0f404ca7,1,a2c4a6d0-4819-4412-b66c-72e9866e6ae1,"{""en"": {""value"": ""Reddington"", ""direction"": ""ltr""}}",[],[],da199c9b-1291-4292-ae6b-b01b1ff2ea42,"{""en"": {""value"": ""Reddington (URI: https://www.geonames.org/4263595)"", ""direction"": ""ltr""}}",[],[],[],766cabad-0140-49e6-a1c3-9d8444f13a3d,"{""en"": {""value"": ""https://www.geonames.org/4263595"", ""direction"": ""ltr""}}",f9ef7340-9fe3-441a-a36c-965fddd284c1,"{""type"": ""Point"", ""coordinates"": [-85.83276, 39.03255]}"
61911dea-9acb-41ed-9370-e007b82586c7,3dda9f54-d771-11ef-825b-0275dc2ded29,a3e9145b-ba55-4793-a0fa-189e0f404ca7,1,617819ac-a20b-4118-b38c-0a18e7a68d06,"{""en"": {""value"": ""Schroeder"", ""direction"": ""ltr""}}",[],[],a41bd6e1-63ab-4cee-bfe9-734c09539975,"{""en"": {""value"": ""Schroeder (URI: https://www.geonames.org/5046707)"", ""direction"": ""ltr""}}",[],[],[],66d0dffb-68bb-4143-8c3a-cf4d79f1e9a2,"{""en"": {""value"": ""https://www.geonames.org/5046707"", ""direction"": ""ltr""}}",57c5200f-7299-4659-aaf0-97f53410ed11,"{""type"": ""Point"", ""coordinates"": [-90.89182, 47.54435]}"
a5eb269c-c267-4bdb-ad32-ab3691fb028d,3dda9f54-d771-11ef-825b-0275dc2ded29,a3e9145b-ba55-4793-a0fa-189e0f404ca7,1,002febfb-c41a-479e-824b-e71da21e5aa6,"{""en"": {""value"": ""Santa Eulalia"", ""direction"": ""ltr""}}",[],[],c2468231-2e9f-4f77-a85c-668ea3e2ff4e,"{""en"": {""value"": ""Santa Eulalia (URI: https://www.geonames.org/4018365)"", ""direction"": ""ltr""}}",[],[],[],b7d1d76c-a3fa-487e-8957-649c3f5b9283,"{""en"": {""value"": ""https://www.geonames.org/4018365"", ""direction"": ""ltr""}}",d9532ce6-eeb9-4fea-80b5-e4d0003257b9,"{""type"": ""Point"", ""coordinates"": [-105.88796, 28.5945]}"
121a0839-dcd4-41db-855f-d8cba3909184,3dda9f54-d771-11ef-825b-0275dc2ded29,a3e9145b-ba55-4793-a0fa-189e0f404ca7,1,24c5399a-6ac9-4dfd-ac92-5a3bc07206be,"{""en"": {""value"": ""Winnemucca"", ""direction"": ""ltr""}}",[],[],8150c320-96b7-4549-bc91-2b7f8979c8aa,"{""en"": {""value"": ""Winnemucca (URI: https://www.geonames.org/5710360)"", ""direction"": ""ltr""}}",[],[],[],71ae072c-6217-46f9-9046-241c025fba2e,"{""en"": {""value"": ""https://www.geonames.org/5710360"", ""direction"": ""ltr""}}",be45d413-2083-4719-a225-0aacd5b22887,"{""type"": ""Point"", ""coordinates"": [-117.73568, 40.97296]}"
348995b3-66a7-4a0c-9b5d-707ac4ca7a77,3dda9f54-d771-11ef-825b-0275dc2ded29,a3e9145b-ba55-4793-a0fa-189e0f404ca7,1,302a3554-956d-416f-b59f-2b251e50c284,"{""en"": {""value"": ""Santa Monica"", ""direction"": ""ltr""}}",[],[],d93a9e5d-9959-43ce-abac-62e6cad6aa81,"{""en"": {""value"": ""Santa Monica (URI: https://www.geonames.org/5393212)"", ""direction"": ""ltr""}}",[],[],[],5a9ad74f-bba8-470a-8fc9-4e4fb10ba731,"{""en"": {""value"": ""https://www.geonames.org/5393212"", ""direction"": ""ltr""}}",a32c0aa4-28df-4cb9-8a73-ee37e3ec0c70,"{""type"": ""Point"", ""coordinates"": [-118.49138, 34.01949]}"
46ebebd0-44cc-41ae-9fef-bce38d530ccd,3dda9f54-d771-11ef-825b-0275dc2ded29,a3e9145b-ba55-4793-a0fa-189e0f404ca7,1,7b4fc2b9-43aa-461b-bf86-ccbb3edb2ee7,"{""en"": {""value"": ""Santa Eulalia"", ""direction"": ""ltr""}}",[],[],5b368b7b-493e-46f7-ba8e-4ca975ef9538,"{""en"": {""value"": ""Santa Eulalia (URI: https://www.geonames.org/3984372)"", ""direction"": ""ltr""}}",[],[],[],00375811-cfc6-4b48-957d-114c28a9d669,"{""en"": {""value"": ""https://www.geonames.org/3984372"", ""direction"": ""ltr""}}",5bf037a6-288e-4555-8f76-d8455bb1258a,"{""type"": ""Point"", ""coordinates"": [-103.7487, 27.17567]}"
d605189e-6f01-4c30-8709-f913104f314b,3dda9f54-d771-11ef-825b-0275dc2ded29,a3e9145b-ba55-4793-a0fa-189e0f404ca7,1,643a0875-6f99-4d0d-b669-e83c95e35be9,"{""en"": {""value"": ""Santa Rita (N)"", ""direction"": ""ltr""}}",[],[],4baecf92-cde4-4e21-a5b9-476e6d4b431e,"{""en"": {""value"": ""Santa Rita (N) (URI: https://www.geonames.org/8469545)"", ""direction"": ""ltr""}}",[],[],[],f56aa030-0243-4dba-94aa-af096278ccec,"{""en"": {""value"": ""https://www.geonames.org/8469545"", ""direction"": ""ltr""}}",cd4faa90-0b16-4c45-b0e0-b2c5ba044ed2,"{""type"": ""Point"", ""coordinates"": [120.96302, 15.13206]}"
bdf5828d-7950-4d7a-a0a8-7144ded72d17,3dda9f54-d771-11ef-825b-0275dc2ded29,a3e9145b-ba55-4793-a0fa-189e0f404ca7,1,d5207168-eb10-4353-aa46-25d5530dddb3,"{""en"": {""value"": ""Santa Rita Mountains"", ""direction"": ""ltr""}}",[],[],19cc8aaf-36ff-4f70-989b-40c2f7ac3e2b,"{""en"": {""value"": ""Santa Rita Mountains (URI: https://www.geonames.org/5313178)"", ""direction"": ""ltr""}}",[],[],[],8fc2c263-48e5-49ef-a231-86dadf26da65,"{""en"": {""value"": ""https://www.geonames.org/5313178"", ""direction"": ""ltr""}}",ec3e9978-65c6-4964-bc23-7fe14f46b955,"{""type"": ""Point"", ""coordinates"": [-110.77481, 31.82592]}"
45fec5d3-b761-4397-aa15-e010a245fcbd,3dda9f54-d771-11ef-825b-0275dc2ded29,a3e9145b-ba55-4793-a0fa-189e0f404ca7,1,3d735eee-6140-49d2-872d-b9a2efa6e946,"{""en"": {""value"": ""Santa Rosa"", ""direction"": ""ltr""}}",[],[],378b1dbc-de88-401e-a1f8-1f54473fd916,"{""en"": {""value"": ""Santa Rosa (URI: https://www.geonames.org/5490338)"", ""direction"": ""ltr""}}",[],[],[],b94bddb4-6f31-48a3-8215-a55713496b66,"{""en"": {""value"": ""https://www.geonames.org/5490338"", ""direction"": ""ltr""}}",e19b4538-9640-4cee-a5db-0ad2be3fc94a,"{""type"": ""Point"", ""coordinates"": [-104.68249, 34.93867]}"
b383e9fe-aa7a-48ab-bd89-11613471d9d2,3dda9f54-d771-11ef-825b-0275dc2ded29,a3e9145b-ba55-4793-a0fa-189e0f404ca7,1,c5e976c8-6a5c-4818-b575-7784e1c819cf,"{""en"": {""value"": ""Santa Ynez"", ""direction"": ""ltr""}}",[],[],32a29f91-f4ed-436c-a338-83fc8bd59020,"{""en"": {""value"": ""Santa Ynez (URI: https://www.geonames.org/5393388)"", ""direction"": ""ltr""}}",[],[],[],40288a91-bfd9-4e92-84a1-eb4e753c78a0,"{""en"": {""value"": ""https://www.geonames.org/5393388"", ""direction"": ""ltr""}}",9a8e804a-39dd-4833-86bc-8f8d2c3efca8,"{""type"": ""Point"", ""coordinates"": [-120.07987, 34.61443]}"
729bdd5f-c982-4283-b1a8-3228d5a68bcd,3dda9f54-d771-11ef-825b-0275dc2ded29,a3e9145b-ba55-4793-a0fa-189e0f404ca7,1,b9f7d962-e3c8-4812-8636-b8959bc0db1c,"{""en"": {""value"": ""Sarawak"", ""direction"": ""ltr""}}",[],[],be24c51b-7215-4279-9149-a02ea59fc67a,"{""en"": {""value"": ""Sarawak (URI: https://www.geonames.org/1733038)"", ""direction"": ""ltr""}}",[],[],[],2f6fb0cf-fb87-45e3-ada9-d1f308e5122c,"{""en"": {""value"": ""https://www.geonames.org/1733038"", ""direction"": ""ltr""}}",0771504b-b3d9-4698-95ec-39f4fa8f4d85,"{""type"": ""Point"", ""coordinates"": [113.5, 2.5]}"
6eff2f30-9e2d-474f-8da3-9ed49757e280,3dda9f54-d771-11ef-825b-0275dc2ded29,a3e9145b-ba55-4793-a0fa-189e0f404ca7,1,690f1c76-cc15-42af-8d5b-e27b633f4ff6,"{""en"": {""value"": ""San Rafael Mine"", ""direction"": ""ltr""}}",[],[],eccb1aa9-193e-4324-b381-1049c4b29b87,"{""en"": {""value"": ""San Rafael Mine (URI: https://www.geonames.org/5511745)"", ""direction"": ""ltr""}}",[],[],[],510c34cb-e26b-4618-8b11-b529462c12ac,"{""en"": {""value"": ""https://www.geonames.org/5511745"", ""direction"": ""ltr""}}",e0dad80b-0447-4c49-aaaa-bf0af2468924,"{""type"": ""Point"", ""coordinates"": [-117.96762, 39.04354]}"
06d741be-0245-4b74-a551-8f564d6fbd21,3dda9f54-d771-11ef-825b-0275dc2ded29,a3e9145b-ba55-4793-a0fa-189e0f404ca7,1,7d7d1217-75cf-4a66-afe7-a26f808abd79,"{""en"": {""value"": ""San Rafael"", ""direction"": ""ltr""}}",[],[],3d189531-82b2-48d6-b183-49485ff7c671,"{""en"": {""value"": ""San Rafael (URI: https://www.geonames.org/5392567)"", ""direction"": ""ltr""}}",[],[],[],f46805a1-a626-44a3-8abd-2b3fb43219d5,"{""en"": {""value"": ""https://www.geonames.org/5392567"", ""direction"": ""ltr""}}",d4c434e4-8387-4adb-abbb-7632ef3208b3,"{""type"": ""Point"", ""coordinates"": [-122.53109, 37.97353]}"
623e69ed-722c-4e48-83d7-faf85a59db72,3dda9f54-d771-11ef-825b-0275dc2ded29,a3e9145b-ba55-4793-a0fa-189e0f404ca7,1,125cc834-b315-4821-b6d6-3c5a942caf92,"{""en"": {""value"": ""Wilmington"", ""direction"": ""ltr""}}",[],[],fc6718f7-55d8-440b-a3a6-b2215670ab83,"{""en"": {""value"": ""Wilmington (URI: https://www.geonames.org/4145381)"", ""direction"": ""ltr""}}",[],[],[],778fce31-9c2f-4271-84fb-c8e8fc5852b1,"{""en"": {""value"": ""https://www.geonames.org/4145381"", ""direction"": ""ltr""}}",1a5e3877-3584-413e-bed4-cb3028e20d10,"{""type"": ""Point"", ""coordinates"": [-75.54659, 39.74595]}"
5fb1019f-c787-4024-957a-7a9a58a96015,3dda9f54-d771-11ef-825b-0275dc2ded29,a3e9145b-ba55-4793-a0fa-189e0f404ca7,1,012f7806-a632-43c3-a0a0-786d331f2544,"{""en"": {""value"": ""Winston"", ""direction"": ""ltr""}}",[],[],fc97916c-8c51-4cdb-ad74-34c3770e27d2,"{""en"": {""value"": ""Winston (URI: https://www.wikidata.org/wiki/Q6167990)"", ""direction"": ""ltr""}}",[],[],[],74c8b8d6-7114-4d1c-9a57-03bc72ae04ea,"{""en"": {""value"": ""https://www.wikidata.org/wiki/Q6167990"", ""direction"": ""ltr""}}",d8f858a5-d8b0-49f8-a473-cdbc65234bb9,"{""type"": ""Point"", ""coordinates"": [-107.649, 33.3461]}"
63360808-429b-45d3-b5f5-698f7e97bcc1,3dda9f54-d771-11ef-825b-0275dc2ded29,a3e9145b-ba55-4793-a0fa-189e0f404ca7,1,64af0f2d-7603-4a26-b6db-528d750f729e,"{""en"": {""value"": ""San Luis Obispo"", ""direction"": ""ltr""}}",[],[],c25b1a6d-ab72-4c8a-a702-4447f278baba,"{""en"": {""value"": ""San Luis Obispo (URI: https://www.geonames.org/5392329)"", ""direction"": ""ltr""}}",[],[],[],f098b611-c50b-4632-8d6c-8f459c030fdc,"{""en"": {""value"": ""https://www.geonames.org/5392329"", ""direction"": ""ltr""}}",33417cf9-1b78-4ab8-9398-84feb7dbbbcf,"{""type"": ""Point"", ""coordinates"": [-120.4522, 35.38742]}"
d9503dfa-f744-4bc5-b610-cf3f45a9a0e6,3dda9f54-d771-11ef-825b-0275dc2ded29,a3e9145b-ba55-4793-a0fa-189e0f404ca7,1,5a57cf63-2524-423b-aab6-e9c9b4863141,"{""en"": {""value"": ""San Gregorio Beach"", ""direction"": ""ltr""}}",[],[],e7700970-5ac3-4d25-a8a3-4efa3b555578,"{""en"": {""value"": ""San Gregorio Beach (URI: https://www.geonames.org/5392081)"", ""direction"": ""ltr""}}",[],[],[],0b89cffe-934a-4066-bc25-24da2f7ad4b6,"{""en"": {""value"": ""https://www.geonames.org/5392081"", ""direction"": ""ltr""}}",11e891a6-8950-4f5b-abeb-c5a486bf9860,"{""type"": ""Point"", ""coordinates"": [-122.40331, 37.323]}"
2905f072-77f8-4fbd-974d-18e113cf5af9,3dda9f54-d771-11ef-825b-0275dc2ded29,a3e9145b-ba55-4793-a0fa-189e0f404ca7,1,f5dd2cf1-d53c-4d6e-b550-96ebc882a858,"{""en"": {""value"": ""Saginaw"", ""direction"": ""ltr""}}",[],[],43b04588-1050-4d50-b73e-ecd2d57b3f90,"{""en"": {""value"": ""Saginaw (URI: https://www.geonames.org/5007989)"", ""direction"": ""ltr""}}",[],[],[],fb473bd5-8a15-43d6-8e05-da1f7e66e88f,"{""en"": {""value"": ""https://www.geonames.org/5007989"", ""direction"": ""ltr""}}",1be7fcee-9be0-488a-8ed1-d2e3a88a3919,"{""type"": ""Point"", ""coordinates"": [-83.95081, 43.41947]}"
a745665d-0431-4135-8e72-f69be888cf95,3dda9f54-d771-11ef-825b-0275dc2ded29,a3e9145b-ba55-4793-a0fa-189e0f404ca7,1,d486b302-1adf-440a-a5d6-a4b557666081,"{""en"": {""value"": ""San Gabriel Mountains"", ""direction"": ""ltr""}}",[],[],95f7c20f-6354-41f5-a23f-8ea611b9a97e,"{""en"": {""value"": ""San Gabriel Mountains (URI: https://www.geonames.org/5392048)"", ""direction"": ""ltr""}}",[],[],[],cdd459bf-21e2-4673-9a79-29d718071cbd,"{""en"": {""value"": ""https://www.geonames.org/5392048"", ""direction"": ""ltr""}}",31f9410f-02ba-4538-8e4a-2a1c4acf993b,"{""type"": ""Point"", ""coordinates"": [-117.64672, 34.28889]}"
d0374bdf-0a39-4f95-b36f-bfe0a8661053,3dda9f54-d771-11ef-825b-0275dc2ded29,a3e9145b-ba55-4793-a0fa-189e0f404ca7,1,9d518b1b-4f18-4d18-b2f6-45b192fcba15,"{""en"": {""value"": ""Willsboro"", ""direction"": ""ltr""}}",[],[],8da5caa1-7ec7-4d61-9864-cd1db32c89f0,"{""en"": {""value"": ""Willsboro (URI: https://www.geonames.org/5144668)"", ""direction"": ""ltr""}}",[],[],[],dfea8e73-d70c-4cc6-a0ff-0716245f72f4,"{""en"": {""value"": ""https://www.geonames.org/5144668"", ""direction"": ""ltr""}}",77e812bc-a70b-4699-8ab6-14f77e4c9b8e,"{""type"": ""Point"", ""coordinates"": [-73.39207, 44.35727]}"
7f837f7c-d2d2-4971-b659-90b47d8d63b0,3dda9f54-d771-11ef-825b-0275dc2ded29,a3e9145b-ba55-4793-a0fa-189e0f404ca7,1,67ed26d2-e579-4fdb-8aa9-71f47b378966,"{""en"": {""value"": ""Seneca"", ""direction"": ""ltr""}}",[],[],e40de276-60a9-4093-9a43-68bce976f1da,"{""en"": {""value"": ""Seneca (URI: https://www.geonames.org/4408054)"", ""direction"": ""ltr""}}",[],[],[],e99ecba5-0be7-44a2-bd9b-d0431923c279,"{""en"": {""value"": ""https://www.geonames.org/4408054"", ""direction"": ""ltr""}}",2aa4d984-eb03-492c-a487-bc1574c07b1d,"{""type"": ""Point"", ""coordinates"": [-94.61106, 36.84146]}"
37f89b9c-f1b0-4e34-aeea-66528b9a3f60,3dda9f54-d771-11ef-825b-0275dc2ded29,a3e9145b-ba55-4793-a0fa-189e0f404ca7,1,0284a475-39db-4486-806a-10932257d593,"{""en"": {""value"": ""Senegal"", ""direction"": ""ltr""}}",[],[],c04f6bce-9e6e-4e2b-a58c-ab26d43d7c74,"{""en"": {""value"": ""Senegal (URI: https://www.geonames.org/2245662)"", ""direction"": ""ltr""}}",[],[],[],fd8d2e7a-0e6f-48de-8032-b3c6b959aef8,"{""en"": {""value"": ""https://www.geonames.org/2245662"", ""direction"": ""ltr""}}",f0933019-b2fc-4cdb-9cff-061a19fc2fe5,"{""type"": ""Point"", ""coordinates"": [-14.25, 14.5]}"
4cb30291-639e-4dba-9bd3-8102a2765858,3dda9f54-d771-11ef-825b-0275dc2ded29,a3e9145b-ba55-4793-a0fa-189e0f404ca7,1,92b3a0bd-ebe7-42b9-b3b5-375e68001c5e,"{""en"": {""value"": ""San Benito"", ""direction"": ""ltr""}}",[],[],2ef724c7-633b-48c1-b03a-97f22aa36db2,"{""en"": {""value"": ""San Benito (URI: https://www.geonames.org/5391690)"", ""direction"": ""ltr""}}",[],[],[],18120824-6db4-4d77-bf11-1cf81e02f5a4,"{""en"": {""value"": ""https://www.geonames.org/5391690"", ""direction"": ""ltr""}}",b6a171fe-cbb7-468a-8f7d-ed54758f1041,"{""type"": ""Point"", ""coordinates"": [-121.08186, 36.50969]}"
25822f2f-85cb-448e-a66d-459d3718d377,3dda9f54-d771-11ef-825b-0275dc2ded29,a3e9145b-ba55-4793-a0fa-189e0f404ca7,1,e662c4ee-3ab0-4129-80ac-eff7fdda0404,"{""en"": {""value"": ""Salvador"", ""direction"": ""ltr""}}",[],[],eb690753-7012-4e9e-a1af-04639a4f9690,"{""en"": {""value"": ""Salvador (URI: https://www.geonames.org/3450554)"", ""direction"": ""ltr""}}",[],[],[],07ba4fdf-dd2b-4dae-a47b-f10849286476,"{""en"": {""value"": ""https://www.geonames.org/3450554"", ""direction"": ""ltr""}}",3efdab5f-d91c-422a-800d-3382702792e6,"{""type"": ""Point"", ""coordinates"": [-38.49096, -12.97563]}"
e898f89b-ef75-4d26-86ec-f46b9e0eb145,3dda9f54-d771-11ef-825b-0275dc2ded29,a3e9145b-ba55-4793-a0fa-189e0f404ca7,1,d0d05918-a52f-4e67-96f0-b3e8273e0222,"{""en"": {""value"": ""Wildrose Mine"", ""direction"": ""ltr""}}",[],[],3ebf19a0-fb45-4001-95b8-bed764852934,"{""en"": {""value"": ""Wildrose Mine (URI: https://www.geonames.org/5409269)"", ""direction"": ""ltr""}}",[],[],[],c9419dc2-1147-4836-bf71-73500aea5eb7,"{""en"": {""value"": ""https://www.geonames.org/5409269"", ""direction"": ""ltr""}}",e043425e-bedd-4796-834f-30dd94f680d3,"{""type"": ""Point"", ""coordinates"": [-118.60651, 37.71521]}"
c2cd176d-2692-413c-96ae-69e91e695e51,3dda9f54-d771-11ef-825b-0275dc2ded29,a3e9145b-ba55-4793-a0fa-189e0f404ca7,1,49a431f0-5e7c-4c35-a98b-2d49cd87d240,"{""en"": {""value"": ""Shafter"", ""direction"": ""ltr""}}",[],[],9aab2221-c54c-4bf1-8657-ecdd945f7c9f,"{""en"": {""value"": ""Shafter (URI: https://www.geonames.org/5530531)"", ""direction"": ""ltr""}}",[],[],[],b7c55508-84f8-443e-9e42-7767545145d4,"{""en"": {""value"": ""https://www.geonames.org/5530531"", ""direction"": ""ltr""}}",dd8cb012-9d64-4338-a5f0-107ea7341ccc,"{""type"": ""Point"", ""coordinates"": [-104.30325, 29.82017]}"
0b6886b0-1fa9-487b-85c4-60bdc9e604a8,3dda9f54-d771-11ef-825b-0275dc2ded29,a3e9145b-ba55-4793-a0fa-189e0f404ca7,1,fc6cf198-18d8-491d-8aa0-91aec836a246,"{""en"": {""value"": ""Wilcannia"", ""direction"": ""ltr""}}",[],[],ec481649-29cd-4430-b76b-df217c80689c,"{""en"": {""value"": ""Wilcannia (URI: https://www.geonames.org/2143679)"", ""direction"": ""ltr""}}",[],[],[],3179d96f-1194-4585-92c8-28a246a532dc,"{""en"": {""value"": ""https://www.geonames.org/2143679"", ""direction"": ""ltr""}}",d5d1f800-3381-428d-a420-d5fa0fe9ce09,"{""type"": ""Point"", ""coordinates"": [143.37686, -31.55879]}"
c3426115-369c-406c-ba53-9986833efec7,3dda9f54-d771-11ef-825b-0275dc2ded29,a3e9145b-ba55-4793-a0fa-189e0f404ca7,1,39448f9e-4732-41ec-b2ff-85f598b1b865,"{""en"": {""value"": ""Saint-Gély-du-Fesc"", ""direction"": ""ltr""}}",[],[],24000c66-0a4e-4aba-b64f-b4351e718045,"{""en"": {""value"": ""Saint-Gély-du-Fesc (URI: https://www.geonames.org/2980033)"", ""direction"": ""ltr""}}",[],[],[],e4ee7cc4-62f9-4c16-ad9e-bcc4b0f71dc7,"{""en"": {""value"": ""https://www.geonames.org/2980033"", ""direction"": ""ltr""}}",81e2efac-7e4f-4ed7-8f3f-d656bf7e1b22,"{""type"": ""Point"", ""coordinates"": [3.8058, 43.69293]}"
3aa5f7e7-408c-4c14-8d57-59e153af2d5d,3dda9f54-d771-11ef-825b-0275dc2ded29,a3e9145b-ba55-4793-a0fa-189e0f404ca7,1,79bc5300-ffed-41fe-9d96-00f5b983c0a7,"{""en"": {""value"": ""Saint Paul"", ""direction"": ""ltr""}}",[],[],5770f564-ead6-446c-94d3-ddf824859a90,"{""en"": {""value"": ""Saint Paul (URI: https://www.geonames.org/5045360)"", ""direction"": ""ltr""}}",[],[],[],1cd64142-8a17-42ad-b266-02bd8ba814d1,"{""en"": {""value"": ""https://www.geonames.org/5045360"", ""direction"": ""ltr""}}",0d26efb2-3b2e-445b-aa13-bd58b7c3ed2c,"{""type"": ""Point"", ""coordinates"": [-93.09327, 44.94441]}"
97061e8c-ee8d-4a82-b9f2-55e3151e95af,3dda9f54-d771-11ef-825b-0275dc2ded29,a3e9145b-ba55-4793-a0fa-189e0f404ca7,1,10b1dd8b-4761-41c3-b8aa-3cd9a886f80d,"{""en"": {""value"": ""Shasta County"", ""direction"": ""ltr""}}",[],[],2144eef1-dbb5-4056-a0ac-344188226e5d,"{""en"": {""value"": ""Shasta County (URI: https://www.geonames.org/5571096)"", ""direction"": ""ltr""}}",[],[],[],af9b6918-9ec0-494c-aba2-d99fe772d03f,"{""en"": {""value"": ""https://www.geonames.org/5571096"", ""direction"": ""ltr""}}",7353135b-7a72-47da-a346-b02fb3afbf82,"{""type"": ""Point"", ""coordinates"": [-122.04052, 40.76377]}"
81d652bd-f3fa-420f-8c1b-6d6d24c46510,3dda9f54-d771-11ef-825b-0275dc2ded29,a3e9145b-ba55-4793-a0fa-189e0f404ca7,1,3c904b7e-ac48-485f-9d11-4f4f696b85ae,"{""en"": {""value"": ""Shepton Mallet"", ""direction"": ""ltr""}}",[],[],6aeddeae-4de0-4df5-a765-36b4c980002f,"{""en"": {""value"": ""Shepton Mallet (URI: https://www.geonames.org/2638035)"", ""direction"": ""ltr""}}",[],[],[],dc3b219c-dc67-4fc9-a99b-e9808ba96f52,"{""en"": {""value"": ""https://www.geonames.org/2638035"", ""direction"": ""ltr""}}",91aeca0d-4216-40b6-aeae-b9d82129eea5,"{""type"": ""Point"", ""coordinates"": [-2.54722, 51.18972]}"
f93f0748-a55d-4b3b-a064-865b5d662abe,3dda9f54-d771-11ef-825b-0275dc2ded29,a3e9145b-ba55-4793-a0fa-189e0f404ca7,1,e18ddccd-ebf6-4bca-9f96-b43621dff3fc,"{""en"": {""value"": ""Redwood City"", ""direction"": ""ltr""}}",[],[],26f9b762-d7fe-4e7e-b240-b5f208e380c9,"{""en"": {""value"": ""Redwood City (URI: https://www.geonames.org/5386834)"", ""direction"": ""ltr""}}",[],[],[],b2bd3fb4-6d33-4d33-8aec-38eda03645de,"{""en"": {""value"": ""https://www.geonames.org/5386834"", ""direction"": ""ltr""}}",ca564c24-57ea-4372-87e9-25a9080f53d8,"{""type"": ""Point"", ""coordinates"": [-122.23635, 37.48522]}"
4a36ca44-2489-4ec7-9ba9-26cc9e39f6eb,3dda9f54-d771-11ef-825b-0275dc2ded29,a3e9145b-ba55-4793-a0fa-189e0f404ca7,1,a6e7fd07-175e-46fd-a853-09965588a714,"{""en"": {""value"": ""Red Rock Canyon"", ""direction"": ""ltr""}}",[],[],70582160-2327-4f42-bb9e-a085f3001b3b,"{""en"": {""value"": ""Red Rock Canyon (URI: https://www.geonames.org/5386664)"", ""direction"": ""ltr""}}",[],[],[],7923b641-29d3-4017-a0c1-4b648e6708f2,"{""en"": {""value"": ""https://www.geonames.org/5386664"", ""direction"": ""ltr""}}",7c31a1c5-ab8f-43c5-832a-f3bc4e8c57a5,"{""type"": ""Point"", ""coordinates"": [-117.95062, 35.32496]}"
5651678d-829e-43b6-80d8-0ca1388599b3,3dda9f54-d771-11ef-825b-0275dc2ded29,a3e9145b-ba55-4793-a0fa-189e0f404ca7,1,90d35b80-7fd2-4059-869c-7c7ad1d6a411,"{""en"": {""value"": ""Summit Rock"", ""direction"": ""ltr""}}",[],[],5751d408-5c7c-451c-babd-451ef482d1c3,"{""en"": {""value"": ""Summit Rock (URI: https://www.geonames.org/5755211)"", ""direction"": ""ltr""}}",[],[],[],f67bb41a-fdd7-4a72-b48c-ef28cc98c170,"{""en"": {""value"": ""https://www.geonames.org/5755211"", ""direction"": ""ltr""}}",ff6a62b7-318a-4f6d-8694-60dbe4e1ccb6,"{""type"": ""Point"", ""coordinates"": [-118.4816, 44.23211]}"
b80bd0bd-c0c1-4d4b-9490-1641f555f3fc,3dda9f54-d771-11ef-825b-0275dc2ded29,a3e9145b-ba55-4793-a0fa-189e0f404ca7,1,eac68bf8-fab5-45f2-aedd-af99343db099,"{""en"": {""value"": ""West Pierrepont"", ""direction"": ""ltr""}}",[],[],6c14a183-e5fd-4343-8391-66d382698c79,"{""en"": {""value"": ""West Pierrepont (URI: https://www.geonames.org/5143960)"", ""direction"": ""ltr""}}",[],[],[],adc4cf14-3982-4999-907b-bb7a162c55ee,"{""en"": {""value"": ""https://www.geonames.org/5143960"", ""direction"": ""ltr""}}",636853d5-8452-4f0a-860f-c2306a617e54,"{""type"": ""Point"", ""coordinates"": [-75.05965, 44.49256]}"
db448565-44ec-4cfb-b692-520b5c34b328,3dda9f54-d771-11ef-825b-0275dc2ded29,a3e9145b-ba55-4793-a0fa-189e0f404ca7,1,45b1d013-358f-4eca-8736-a9fa14a8b263,"{""en"": {""value"": ""Sterling"", ""direction"": ""ltr""}}",[],[],2b07d98a-ed3a-40b0-b694-a66dbd0ee183,"{""en"": {""value"": ""Sterling (URI: https://www.geonames.org/5582392)"", ""direction"": ""ltr""}}",[],[],[],2566fe26-4f5a-4fce-8f2f-a141eb37333a,"{""en"": {""value"": ""https://www.geonames.org/5582392"", ""direction"": ""ltr""}}",942577e9-6af7-4027-adfe-e9d1b3fb5f68,"{""type"": ""Point"", ""coordinates"": [-103.20771, 40.62554]}"
b8e7a27a-98dc-4793-8b59-0272ec401219,3dda9f54-d771-11ef-825b-0275dc2ded29,a3e9145b-ba55-4793-a0fa-189e0f404ca7,1,3848d2bc-888f-4e81-bfb7-43a488ec0cae,"{""en"": {""value"": ""Potosi"", ""direction"": ""ltr""}}",[],[],e3c272c1-ea8f-4da1-bd87-ccec94103f54,"{""en"": {""value"": ""Potosi (URI: https://www.geonames.org/4404348)"", ""direction"": ""ltr""}}",[],[],[],c2c30fa0-0570-4b69-ad80-2bc50dcd2b01,"{""en"": {""value"": ""https://www.geonames.org/4404348"", ""direction"": ""ltr""}}",aac1e314-b684-4b34-ba42-ffaf95b45247,"{""type"": ""Point"", ""coordinates"": [-90.78791, 37.93644]}"
eba9ffdd-1806-419d-ac29-928a89051289,3dda9f54-d771-11ef-825b-0275dc2ded29,a3e9145b-ba55-4793-a0fa-189e0f404ca7,1,e44794ba-4d44-4239-9d09-0adc01c6dc48,"{""en"": {""value"": ""Portugal"", ""direction"": ""ltr""}}",[],[],0cd40756-b065-4c54-af17-dd7d5c961d36,"{""en"": {""value"": ""Portugal (URI: https://www.geonames.org/2264397)"", ""direction"": ""ltr""}}",[],[],[],0e47ba80-8909-47a8-b0af-45ded3845613,"{""en"": {""value"": ""https://www.geonames.org/2264397"", ""direction"": ""ltr""}}",dbc4536b-648c-47e4-8776-7ceecdb1659c,"{""type"": ""Point"", ""coordinates"": [-8.13057, 39.6945]}"
6132973d-f017-41f2-a349-96e665d37442,3dda9f54-d771-11ef-825b-0275dc2ded29,a3e9145b-ba55-4793-a0fa-189e0f404ca7,1,2521bf4d-6764-4a01-b644-3072eb00aac9,"{""en"": {""value"": ""Portola"", ""direction"": ""ltr""}}",[],[],7b187ec5-91f8-4060-b96a-7c70caf7bba5,"{""en"": {""value"": ""Portola (URI: https://www.geonames.org/5384438)"", ""direction"": ""ltr""}}",[],[],[],eb3a0668-90ad-4b68-8db7-261a8b9026d6,"{""en"": {""value"": ""https://www.geonames.org/5384438"", ""direction"": ""ltr""}}",fd75b808-d2db-4b27-91f8-d19772be41c4,"{""type"": ""Point"", ""coordinates"": [-120.4691, 39.81046]}"
45b487b2-6f35-4851-a86d-b6a7436797b5,3dda9f54-d771-11ef-825b-0275dc2ded29,a3e9145b-ba55-4793-a0fa-189e0f404ca7,1,1b265597-9a52-4e38-a592-f7b06e8859d2,"{""en"": {""value"": ""Yellow Cat Wash"", ""direction"": ""ltr""}}",[],[],2f65f501-3b18-4de5-82f6-6524f8882382,"{""en"": {""value"": ""Yellow Cat Wash (URI: https://www.geonames.org/5550060)"", ""direction"": ""ltr""}}",[],[],[],d125e118-4b04-4340-bfc6-30b80d9d7ab0,"{""en"": {""value"": ""https://www.geonames.org/5550060"", ""direction"": ""ltr""}}",8f54663f-e179-423e-844e-fd1096922129,"{""type"": ""Point"", ""coordinates"": [-109.58484, 38.82914]}"
87abb4a7-e1f4-4635-921a-c9dafadae0bb,3dda9f54-d771-11ef-825b-0275dc2ded29,a3e9145b-ba55-4793-a0fa-189e0f404ca7,1,f4e38f23-ca17-4e29-9ae1-43a44ee4f838,"{""en"": {""value"": ""Stevens"", ""direction"": ""ltr""}}",[],[],59668f0b-1c26-42a0-b211-0667b9a5cf90,"{""en"": {""value"": ""Stevens (URI: https://www.geonames.org/5812148)"", ""direction"": ""ltr""}}",[],[],[],9c56d02f-1bb5-49f9-97e0-bdaa1900325f,"{""en"": {""value"": ""https://www.geonames.org/5812148"", ""direction"": ""ltr""}}",8fe33f47-b837-43b2-b5d4-70a4bcafd3e8,"{""type"": ""Point"", ""coordinates"": [-117.85514, 48.39906]}"
19b80148-c170-4aa5-bf38-1c4dc6e193f6,3dda9f54-d771-11ef-825b-0275dc2ded29,a3e9145b-ba55-4793-a0fa-189e0f404ca7,1,9994a567-5b80-4bc2-857f-ccaaa15f8761,"{""en"": {""value"": ""Yerington"", ""direction"": ""ltr""}}",[],[],58b06c48-850e-4507-8435-a5dfbbb84b61,"{""en"": {""value"": ""Yerington (URI: https://www.geonames.org/5515507)"", ""direction"": ""ltr""}}",[],[],[],a85674ea-9eb8-4e35-be84-2ddfa107fb57,"{""en"": {""value"": ""https://www.geonames.org/5515507"", ""direction"": ""ltr""}}",ce8f6c3d-e04a-4504-b416-cec3bb686551,"{""type"": ""Point"", ""coordinates"": [-119.16293, 38.98575]}"
453e5a3f-ecf2-4659-ba4d-bc3a2425e57e,3dda9f54-d771-11ef-825b-0275dc2ded29,a3e9145b-ba55-4793-a0fa-189e0f404ca7,1,9c2d7eb3-b65b-4449-b380-7c3bd1f10bbb,"{""en"": {""value"": ""Pokrivy"", ""direction"": ""ltr""}}",[],[],ff34b0ed-75bb-4a11-85a8-be3fa91738f7,"{""en"": {""value"": ""Pokrivy (URI: https://www.geonames.org/723858)"", ""direction"": ""ltr""}}",[],[],[],dfd62563-1024-4176-a4c3-01efc6d469c3,"{""en"": {""value"": ""https://www.geonames.org/723858"", ""direction"": ""ltr""}}",0a0f56b4-98a1-4650-b789-bf77f660b0f0,"{""type"": ""Point"", ""coordinates"": [21.13264, 48.83119]}"
1d029843-8843-429a-839b-6429b0c322b5,3dda9f54-d771-11ef-825b-0275dc2ded29,a3e9145b-ba55-4793-a0fa-189e0f404ca7,1,e9714857-bbd1-4140-adb9-953f9edb96b4,"{""en"": {""value"": ""Stoneham"", ""direction"": ""ltr""}}",[],[],03c93021-d45b-462c-8541-53cabf8a378c,"{""en"": {""value"": ""Stoneham (URI: https://www.geonames.org/4963388)"", ""direction"": ""ltr""}}",[],[],[],d822b154-5d5a-4d9d-8cc8-af36e96c94c8,"{""en"": {""value"": ""https://www.geonames.org/4963388"", ""direction"": ""ltr""}}",0c8d4e01-411c-4392-863f-b1db40e4420e,"{""type"": ""Point"", ""coordinates"": [-70.81257, 44.25035]}"
f32f5ca5-0904-4e53-9be1-3eec3db2051e,3dda9f54-d771-11ef-825b-0275dc2ded29,a3e9145b-ba55-4793-a0fa-189e0f404ca7,1,56e8addb-33a5-47f1-b0f9-3c500c4c6b80,"{""en"": {""value"": ""Wingdale"", ""direction"": ""ltr""}}",[],[],75de1b15-88e7-4ae5-b5fa-5853fe2b3df5,"{""en"": {""value"": ""Wingdale (URI: https://www.wikidata.org/wiki/Q107739894)"", ""direction"": ""ltr""}}",[],[],[],dc8446b4-7bf6-46b0-982b-f3009ee66753,"{""en"": {""value"": ""https://www.wikidata.org/wiki/Q107739894"", ""direction"": ""ltr""}}",f9c8d5ea-630e-4884-b574-51e04b060556,"{""type"": ""Point"", ""coordinates"": [-73.56777777777778, 41.64666666666667]}"
2472fa8b-2120-4957-9587-fe5b56c500f7,3dda9f54-d771-11ef-825b-0275dc2ded29,a3e9145b-ba55-4793-a0fa-189e0f404ca7,1,7357807e-538d-44ce-a4fd-9d0f17e97a27,"{""en"": {""value"": ""Yeso"", ""direction"": ""ltr""}}",[],[],d1c223b7-89f6-4230-9051-d8d77fddffb5,"{""en"": {""value"": ""Yeso (URI: https://www.geonames.org/5498829)"", ""direction"": ""ltr""}}",[],[],[],a5ed9e0a-bd99-4dbc-bdc4-eef12cddc390,"{""en"": {""value"": ""https://www.geonames.org/5498829"", ""direction"": ""ltr""}}",b045f3f8-2df3-4cae-9ae8-4105c05287fa,"{""type"": ""Point"", ""coordinates"": [-104.60998, 34.43924]}"
911a4a48-2a15-4383-9b4d-c084b6ab6f23,3dda9f54-d771-11ef-825b-0275dc2ded29,a3e9145b-ba55-4793-a0fa-189e0f404ca7,1,52c06444-d6b3-4122-b7e4-e25cada986a3,"{""en"": {""value"": ""Sturgeon Bay"", ""direction"": ""ltr""}}",[],[],91f251cf-b968-4921-bf25-f29b13141142,"{""en"": {""value"": ""Sturgeon Bay (URI: https://www.geonames.org/5274867)"", ""direction"": ""ltr""}}",[],[],[],de677c77-da50-466d-ad96-c9de38053f32,"{""en"": {""value"": ""https://www.geonames.org/5274867"", ""direction"": ""ltr""}}",6d5d4dbf-ecc8-4860-b287-b9b3b8d1e64a,"{""type"": ""Point"", ""coordinates"": [-87.37704, 44.83416]}"
d8c1cf96-3794-46f4-bd7e-4021670851b4,3dda9f54-d771-11ef-825b-0275dc2ded29,a3e9145b-ba55-4793-a0fa-189e0f404ca7,1,37c8db5d-b66d-4984-94fd-66fa07bddfc8,"{""en"": {""value"": ""Plumpton"", ""direction"": ""ltr""}}",[],[],ad3100bf-3a50-41db-a79f-c9d668ace1aa,"{""en"": {""value"": ""Plumpton (URI: https://www.geonames.org/7290821)"", ""direction"": ""ltr""}}",[],[],[],6998a8b2-90c3-41f2-9e63-4f7154fbf54c,"{""en"": {""value"": ""https://www.geonames.org/7290821"", ""direction"": ""ltr""}}",6f4b1d1d-5810-4d2f-93fc-417177639285,"{""type"": ""Point"", ""coordinates"": [-0.06611, 50.92328]}"
3159502d-81dd-4911-8226-80eaa7978f36,3dda9f54-d771-11ef-825b-0275dc2ded29,a3e9145b-ba55-4793-a0fa-189e0f404ca7,1,e8372065-5072-4570-b0a3-4dc8634f63d6,"{""en"": {""value"": ""Plumas"", ""direction"": ""ltr""}}",[],[],17ab1de8-7731-4de1-a5af-93554ad6bfee,"{""en"": {""value"": ""Plumas (URI: https://www.geonames.org/5383832)"", ""direction"": ""ltr""}}",[],[],[],3435c1e8-7e5e-4dbd-adfb-3b7698a308a6,"{""en"": {""value"": ""https://www.geonames.org/5383832"", ""direction"": ""ltr""}}",1f03137e-c9a7-4e43-b9c2-0bddefee967d,"{""type"": ""Point"", ""coordinates"": [-120.8386, 40.00468]}"
33e7b641-5cf8-46d8-9a57-aea6d40e062b,3dda9f54-d771-11ef-825b-0275dc2ded29,a3e9145b-ba55-4793-a0fa-189e0f404ca7,1,91087ab4-f119-4840-b729-e76f80ab63d8,"{""en"": {""value"": ""Potosí Department"", ""direction"": ""ltr""}}",[],[],899e02c2-085a-41ed-9301-7c3602ebf868,"{""en"": {""value"": ""Potosí Department (URI: https://www.geonames.org/3907580)"", ""direction"": ""ltr""}}",[],[],[],181702c5-6bf2-4a9d-91e8-c0fe95d08360,"{""en"": {""value"": ""https://www.geonames.org/3907580"", ""direction"": ""ltr""}}",18ab06c8-f47f-46f4-8692-9138a57c0014,"{""type"": ""Point"", ""coordinates"": [-67.0, -20.66667]}"
dc1dcfff-d2e4-4d04-9c28-90c6d278358f,3dda9f54-d771-11ef-825b-0275dc2ded29,a3e9145b-ba55-4793-a0fa-189e0f404ca7,1,f204f7fe-66e8-4b8f-bc4a-7f537ec77c97,"{""en"": {""value"": ""York"", ""direction"": ""ltr""}}",[],[],9bf4fec4-9a92-4aba-9a42-fb2f70ac0cca,"{""en"": {""value"": ""York (URI: https://www.geonames.org/4983621)"", ""direction"": ""ltr""}}",[],[],[],be5cc90e-6115-4450-a925-a5fbb1c7707b,"{""en"": {""value"": ""https://www.geonames.org/4983621"", ""direction"": ""ltr""}}",802ac54f-4817-4ce9-b712-842c412ca341,"{""type"": ""Point"", ""coordinates"": [-70.67015, 43.42923]}"
009c2817-83b1-40b4-87bc-a62a8481dc36,3dda9f54-d771-11ef-825b-0275dc2ded29,a3e9145b-ba55-4793-a0fa-189e0f404ca7,1,9615437f-ac2c-432b-b15f-e8a8c05696a3,"{""en"": {""value"": ""Plaquemines"", ""direction"": ""ltr""}}",[],[],15443d1d-6fa7-47f2-89e8-da5fc697793f,"{""en"": {""value"": ""Plaquemines (URI: https://www.geonames.org/4337452)"", ""direction"": ""ltr""}}",[],[],[],c1adad6e-f64e-4e37-be9d-c1ef2366fcc1,"{""en"": {""value"": ""https://www.geonames.org/4337452"", ""direction"": ""ltr""}}",cd5e16f7-c655-487d-945d-cc629a9a2c46,"{""type"": ""Point"", ""coordinates"": [-89.82047, 29.54421]}"
45f7c628-87fd-44fa-8062-4fe281053eef,3dda9f54-d771-11ef-825b-0275dc2ded29,a3e9145b-ba55-4793-a0fa-189e0f404ca7,1,a3b55c99-d317-41cf-8907-b5915ef1ba7f,"{""en"": {""value"": ""Piute Knoll"", ""direction"": ""ltr""}}",[],[],1769343d-6ab6-42c6-b554-db974444aa8b,"{""en"": {""value"": ""Piute Knoll (URI: https://www.geonames.org/5545058)"", ""direction"": ""ltr""}}",[],[],[],7a581232-2a28-405c-b652-1033bfc08284,"{""en"": {""value"": ""https://www.geonames.org/5545058"", ""direction"": ""ltr""}}",1c4241cb-e9e6-46d1-bfa5-1f90995787b8,"{""type"": ""Point"", ""coordinates"": [-109.12074, 37.90853]}"
404e0933-105e-4159-bb45-ebffaf99840b,3dda9f54-d771-11ef-825b-0275dc2ded29,a3e9145b-ba55-4793-a0fa-189e0f404ca7,1,459b21d2-2c1d-4591-b3b8-9677902dec6b,"{""en"": {""value"": ""Sucre"", ""direction"": ""ltr""}}",[],[],acd7d088-7768-4654-a026-e16f9ea0bd0d,"{""en"": {""value"": ""Sucre (URI: https://www.geonames.org/3626665)"", ""direction"": ""ltr""}}",[],[],[],069f23e0-c4d6-44cb-a814-83aaa91c24a0,"{""en"": {""value"": ""https://www.geonames.org/3626665"", ""direction"": ""ltr""}}",0b3e8a89-bc9c-4c7b-9ceb-a3e4ed9036b7,"{""type"": ""Point"", ""coordinates"": [-68.39156, 8.9737]}"
1747d02e-041e-4b07-8226-2984d85fff33,3dda9f54-d771-11ef-825b-0275dc2ded29,a3e9145b-ba55-4793-a0fa-189e0f404ca7,1,0aeef10d-6e17-45a1-9008-8a51f04ee111,"{""en"": {""value"": ""Piute"", ""direction"": ""ltr""}}",[],[],2637d899-01ad-4357-8c25-b3b6950d8c62,"{""en"": {""value"": ""Piute (URI: https://www.geonames.org/5545027)"", ""direction"": ""ltr""}}",[],[],[],d9f5bfb4-a4dd-4133-a1a8-ea3cdb17b535,"{""en"": {""value"": ""https://www.geonames.org/5545027"", ""direction"": ""ltr""}}",34193176-2306-434e-af91-708b16ecc672,"{""type"": ""Point"", ""coordinates"": [-112.12695, 38.33645]}"
a7ab062f-915f-4d5c-b18a-6a67121f35fb,3dda9f54-d771-11ef-825b-0275dc2ded29,a3e9145b-ba55-4793-a0fa-189e0f404ca7,1,2d336ee7-bd8a-4c3f-8277-07f6e39424bd,"{""en"": {""value"": ""Pittsburgh"", ""direction"": ""ltr""}}",[],[],29ddc9c4-a871-4514-9692-b083ad94d977,"{""en"": {""value"": ""Pittsburgh (URI: https://www.geonames.org/5206379)"", ""direction"": ""ltr""}}",[],[],[],524db639-82ac-4882-bcf7-0ee927f5a024,"{""en"": {""value"": ""https://www.geonames.org/5206379"", ""direction"": ""ltr""}}",0fd7d8d2-42c5-477a-9eda-5a2e191277e6,"{""type"": ""Point"", ""coordinates"": [-79.99589, 40.44062]}"
302a137e-ffa6-4dee-9ac9-caa8756df7c9,3dda9f54-d771-11ef-825b-0275dc2ded29,a3e9145b-ba55-4793-a0fa-189e0f404ca7,1,9d582132-8ecc-4100-818e-b73d4e4151db,"{""en"": {""value"": ""Pitti Palace"", ""direction"": ""ltr""}}",[],[],3dc07a12-a692-483e-a4fc-a919252a0efa,"{""en"": {""value"": ""Pitti Palace (URI: https://www.geonames.org/6697950)"", ""direction"": ""ltr""}}",[],[],[],59e39962-0222-4c4f-83d2-e95b7403f024,"{""en"": {""value"": ""https://www.geonames.org/6697950"", ""direction"": ""ltr""}}",aaf2877a-56ca-4f89-97d1-d41a830f213d,"{""type"": ""Point"", ""coordinates"": [11.25006, 43.76478]}"
14590bca-f531-48d8-8407-3ed4f692595e,3dda9f54-d771-11ef-825b-0275dc2ded29,a3e9145b-ba55-4793-a0fa-189e0f404ca7,1,c10824d0-dac0-45be-ab05-774ea3e78033,"{""en"": {""value"": ""Pipestone"", ""direction"": ""ltr""}}",[],[],af5bdb66-7994-4b0a-8b20-ddb6426863a8,"{""en"": {""value"": ""Pipestone (URI: https://www.geonames.org/5041752)"", ""direction"": ""ltr""}}",[],[],[],0237a813-5dde-4f46-a760-5f3698ef6164,"{""en"": {""value"": ""https://www.geonames.org/5041752"", ""direction"": ""ltr""}}",7f4b51fc-7d01-4da8-a5ce-eff0021e56d3,"{""type"": ""Point"", ""coordinates"": [-96.31753, 44.00053]}"
147c0ca0-4448-4442-891a-ab7bf02f2b9c,3dda9f54-d771-11ef-825b-0275dc2ded29,a3e9145b-ba55-4793-a0fa-189e0f404ca7,1,169e9ee1-ed9b-4726-a3fd-85ce4426b5cc,"{""en"": {""value"": ""Pine Valley"", ""direction"": ""ltr""}}",[],[],8ad20f47-6585-41de-b1c4-767d982f454a,"{""en"": {""value"": ""Pine Valley (URI: https://www.geonames.org/5544916)"", ""direction"": ""ltr""}}",[],[],[],4f1de8fe-a17a-4c9d-b05f-6876a7aa3182,"{""en"": {""value"": ""https://www.geonames.org/5544916"", ""direction"": ""ltr""}}",8aed9e10-3b01-4b5e-b30e-2f6d1e36a8a9,"{""type"": ""Point"", ""coordinates"": [-113.51412, 37.39109]}"
add68993-b5c9-4157-aa3a-67241f18904e,3dda9f54-d771-11ef-825b-0275dc2ded29,a3e9145b-ba55-4793-a0fa-189e0f404ca7,1,3ef4fcc7-7a31-44e6-a247-f250b1633d97,"{""en"": {""value"": ""Yreka"", ""direction"": ""ltr""}}",[],[],a7415779-133c-490f-996c-e495f655bbc8,"{""en"": {""value"": ""Yreka (URI: https://www.geonames.org/5574093)"", ""direction"": ""ltr""}}",[],[],[],6486d0a8-de1b-4b6d-b702-d442fd1a2f14,"{""en"": {""value"": ""https://www.geonames.org/5574093"", ""direction"": ""ltr""}}",f5004dd6-58d0-449e-9022-841486997c2f,"{""type"": ""Point"", ""coordinates"": [-122.63447, 41.73542]}"
3757bf9b-eae1-4c9c-833e-3c9218a26ecd,3dda9f54-d771-11ef-825b-0275dc2ded29,a3e9145b-ba55-4793-a0fa-189e0f404ca7,1,2640b431-b9ea-41e0-942d-2822d751e74b,"{""en"": {""value"": ""Yugoslavia"", ""direction"": ""ltr""}}",[],[],813fe64b-a70d-4903-803d-6221de2fc172,"{""en"": {""value"": ""Yugoslavia (URI: https://www.geonames.org/7500737)"", ""direction"": ""ltr""}}",[],[],[],0f05df84-cb0a-4ff8-aaee-3322102f98b4,"{""en"": {""value"": ""https://www.geonames.org/7500737"", ""direction"": ""ltr""}}",1cd7c424-c15e-465b-a643-3f46be057d45,"{""type"": ""Point"", ""coordinates"": [19.75, 44.0]}"
706509b5-d858-4c47-8599-452576642921,3dda9f54-d771-11ef-825b-0275dc2ded29,a3e9145b-ba55-4793-a0fa-189e0f404ca7,1,4eb779e0-e943-4664-9807-c06a8310ffe8,"{""en"": {""value"": ""Sumatra"", ""direction"": ""ltr""}}",[],[],86cf2bfb-50dc-43e2-ae06-79e9c66c4702,"{""en"": {""value"": ""Sumatra (URI: https://www.geonames.org/1626198)"", ""direction"": ""ltr""}}",[],[],[],4211af37-86a2-4967-bbe6-337151bff76e,"{""en"": {""value"": ""https://www.geonames.org/1626198"", ""direction"": ""ltr""}}",36e7f864-7735-4093-b9af-718ce42bd254,"{""type"": ""Point"", ""coordinates"": [102.0, 0.0]}"
417d517a-79cd-4ba4-9739-35474dbf14ec,3dda9f54-d771-11ef-825b-0275dc2ded29,a3e9145b-ba55-4793-a0fa-189e0f404ca7,1,92515a8f-ba49-4270-a71e-a78dee9ea931,"{""en"": {""value"": ""Summit"", ""direction"": ""ltr""}}",[],[],aafc1bb3-dd1a-4f8f-94d9-e12dfdc66169,"{""en"": {""value"": ""Summit (URI: https://www.geonames.org/5440680)"", ""direction"": ""ltr""}}",[],[],[],e2e005c2-440c-404b-b27e-6c35ae51a9ee,"{""en"": {""value"": ""https://www.geonames.org/5440680"", ""direction"": ""ltr""}}",e72298a7-ea9e-4006-8818-5e4ec6e0ae74,"{""type"": ""Point"", ""coordinates"": [-106.11638, 39.63417]}"
3d7ad485-bf07-442c-ac45-7e8c319afb31,3dda9f54-d771-11ef-825b-0275dc2ded29,a3e9145b-ba55-4793-a0fa-189e0f404ca7,1,7a4ed489-256c-4b13-a0ec-1d64883361ea,"{""en"": {""value"": ""Prescott"", ""direction"": ""ltr""}}",[],[],66bd5409-3ac5-47d5-a575-d4a9048883cd,"{""en"": {""value"": ""Prescott (URI: https://www.geonames.org/5309842)"", ""direction"": ""ltr""}}",[],[],[],f338d17d-9b58-4008-85ba-e6cf60fc19c4,"{""en"": {""value"": ""https://www.geonames.org/5309842"", ""direction"": ""ltr""}}",b238fdf8-f113-489d-a77b-7bf2154df45f,"{""type"": ""Point"", ""coordinates"": [-112.4685, 34.54002]}"
c8df4d1e-c92a-45cb-80a5-d08dfb0806b4,3dda9f54-d771-11ef-825b-0275dc2ded29,a3e9145b-ba55-4793-a0fa-189e0f404ca7,1,140b679e-23b9-453f-aa46-ce8e9bad79d3,"{""en"": {""value"": ""Spray"", ""direction"": ""ltr""}}",[],[],36d98c39-1edf-4c32-931a-ec001b8a65ba,"{""en"": {""value"": ""Spray (URI: https://www.geonames.org/5753792)"", ""direction"": ""ltr""}}",[],[],[],e5b56b48-705c-47d0-b93e-24a6d8f6f9b2,"{""en"": {""value"": ""https://www.geonames.org/5753792"", ""direction"": ""ltr""}}",c8b98cda-a5da-4184-ac0b-90972f7bad19,"{""type"": ""Point"", ""coordinates"": [-119.79445, 44.83431]}"
47befcad-e9fe-4b0e-9cd9-d25a56768b9d,3dda9f54-d771-11ef-825b-0275dc2ded29,a3e9145b-ba55-4793-a0fa-189e0f404ca7,1,ad6bbc4f-8538-45e1-ada4-a710bfe50327,"{""en"": {""value"": ""Westchester"", ""direction"": ""ltr""}}",[],[],cd5ffae3-1758-4a7f-b87a-8a823359a2cb,"{""en"": {""value"": ""Westchester (URI: https://www.geonames.org/4528097)"", ""direction"": ""ltr""}}",[],[],[],a8c2013e-7f8c-4a3c-a076-8b750037a5d6,"{""en"": {""value"": ""https://www.geonames.org/4528097"", ""direction"": ""ltr""}}",f8db2174-cbcf-456f-94bd-feec52f93bdd,"{""type"": ""Point"", ""coordinates"": [-84.40828, 39.33034]}"
da45b453-35da-4460-9d25-ba3d674519b2,3dda9f54-d771-11ef-825b-0275dc2ded29,a3e9145b-ba55-4793-a0fa-189e0f404ca7,1,fb5b4bdf-db35-47b0-883f-a1da2bcc9613,"{""en"": {""value"": ""Raymond"", ""direction"": ""ltr""}}",[],[],d6a58558-9380-44c4-8dae-05aa351d2bc0,"{""en"": {""value"": ""Raymond (URI: https://www.geonames.org/5386370)"", ""direction"": ""ltr""}}",[],[],[],7287e918-2d8d-49b1-9f29-18e7079f0843,"{""en"": {""value"": ""https://www.geonames.org/5386370"", ""direction"": ""ltr""}}",f602917a-6b89-4141-9916-7187785fbdf2,"{""type"": ""Point"", ""coordinates"": [-119.90544, 37.21717]}"
384d01bf-b0b8-49d8-87cd-b2d9bdcb5ec9,3dda9f54-d771-11ef-825b-0275dc2ded29,a3e9145b-ba55-4793-a0fa-189e0f404ca7,1,5bed206b-8e40-40ca-9b43-1c8063e421be,"{""en"": {""value"": ""Ray"", ""direction"": ""ltr""}}",[],[],2e01e513-0996-4f3b-a392-c06e7e577496,"{""en"": {""value"": ""Ray (URI: https://www.geonames.org/5310589)"", ""direction"": ""ltr""}}",[],[],[],804486ea-8558-485c-b638-d59a00dc2a91,"{""en"": {""value"": ""https://www.geonames.org/5310589"", ""direction"": ""ltr""}}",3bcfc670-aa20-45c8-b09d-63f2a48c6efe,"{""type"": ""Point"", ""coordinates"": [-110.99761, 33.18339]}"
953b71c4-59ea-4798-a8b9-b06df2a82fe5,3dda9f54-d771-11ef-825b-0275dc2ded29,a3e9145b-ba55-4793-a0fa-189e0f404ca7,1,233ac4a7-d741-4583-88b8-aee456138d32,"{""en"": {""value"": ""Spring Green"", ""direction"": ""ltr""}}",[],[],2976935e-a9ea-4cee-95f7-897fe3b1af08,"{""en"": {""value"": ""Spring Green (URI: https://www.geonames.org/5274183)"", ""direction"": ""ltr""}}",[],[],[],c09c6a5d-22cc-4419-bc1b-3400e4233d1e,"{""en"": {""value"": ""https://www.geonames.org/5274183"", ""direction"": ""ltr""}}",7bdfaf47-c7e5-4777-a27e-cc697bc91467,"{""type"": ""Point"", ""coordinates"": [-90.0679, 43.17527]}"
8f738d03-ffc7-49bc-9228-8851c1619e45,3dda9f54-d771-11ef-825b-0275dc2ded29,a3e9145b-ba55-4793-a0fa-189e0f404ca7,1,402bf226-65cd-4548-a92f-58210cab9481,"{""en"": {""value"": ""Randolph"", ""direction"": ""ltr""}}",[],[],f03c4a8a-ec22-464d-a944-b5be9990c39e,"{""en"": {""value"": ""Randolph (URI: https://www.geonames.org/4247802)"", ""direction"": ""ltr""}}",[],[],[],6feac3b0-412e-4d04-a52d-2849a841f88f,"{""en"": {""value"": ""https://www.geonames.org/4247802"", ""direction"": ""ltr""}}",1fc802ec-69d9-40ae-91f3-ff7f80c1227f,"{""type"": ""Point"", ""coordinates"": [-89.82531, 38.05212]}"
fdad02cb-84c6-42a2-806e-6085074a60c7,3dda9f54-d771-11ef-825b-0275dc2ded29,a3e9145b-ba55-4793-a0fa-189e0f404ca7,1,c04221e7-697f-4cad-a2c8-943f3efe095c,"{""en"": {""value"": ""Spruce Pine"", ""direction"": ""ltr""}}",[],[],0f04993f-1497-4ca2-9fad-fc9fccb1cb14,"{""en"": {""value"": ""Spruce Pine (URI: https://www.geonames.org/4493110)"", ""direction"": ""ltr""}}",[],[],[],35d2c8b3-4959-4a70-848e-3e8bf89136a2,"{""en"": {""value"": ""https://www.geonames.org/4493110"", ""direction"": ""ltr""}}",255f6a00-233f-4762-83a1-8c950caba188,"{""type"": ""Point"", ""coordinates"": [-82.06456, 35.9154]}"
a6be3c5e-c50d-479b-9bc2-b8b94aa7fee2,3dda9f54-d771-11ef-825b-0275dc2ded29,a3e9145b-ba55-4793-a0fa-189e0f404ca7,1,2e0ef1d9-30b7-4e46-a0b5-1870ebf13370,"{""en"": {""value"": ""Rafael Bustillo"", ""direction"": ""ltr""}}",[],[],aaffe1cc-6868-4046-ac18-e279979b2e62,"{""en"": {""value"": ""Rafael Bustillo (URI: https://www.geonames.org/3906628)"", ""direction"": ""ltr""}}",[],[],[],28b5d5b7-fc05-4621-92dd-364ae50cf486,"{""en"": {""value"": ""https://www.geonames.org/3906628"", ""direction"": ""ltr""}}",04ec70ce-e2a9-491b-97f7-c46fb746af73,"{""type"": ""Point"", ""coordinates"": [-66.5, -18.33333]}"
56ad10d5-2ca0-41fa-8917-78b6ac33dde0,3dda9f54-d771-11ef-825b-0275dc2ded29,a3e9145b-ba55-4793-a0fa-189e0f404ca7,1,2d2d46cd-f56d-4c22-ae3f-b5bc11332d98,"{""en"": {""value"": ""Racine"", ""direction"": ""ltr""}}",[],[],9b53d6f2-565b-4332-bf88-18f63ada3657,"{""en"": {""value"": ""Racine (URI: https://www.geonames.org/5268253)"", ""direction"": ""ltr""}}",[],[],[],53d98772-2d7a-4179-a2e0-74e2e3d55759,"{""en"": {""value"": ""https://www.geonames.org/5268253"", ""direction"": ""ltr""}}",0c7de3a3-842c-4a8d-9312-8b0041c06c84,"{""type"": ""Point"", ""coordinates"": [-87.81235, 42.72987]}"
1e5c8b5c-77ff-4c90-a7e9-0e2ccb0dc56b,3dda9f54-d771-11ef-825b-0275dc2ded29,a3e9145b-ba55-4793-a0fa-189e0f404ca7,1,b3542f9e-7591-41f7-87aa-1c52e534d4a2,"{""en"": {""value"": ""Sredniy Ural"", ""direction"": ""ltr""}}",[],[],ceddc849-83a8-4dbd-985b-e29e5fb37dd2,"{""en"": {""value"": ""Sredniy Ural (URI: https://www.geonames.org/489464)"", ""direction"": ""ltr""}}",[],[],[],3c87e1a8-e9db-4501-bed5-38a180104356,"{""en"": {""value"": ""https://www.geonames.org/489464"", ""direction"": ""ltr""}}",83fdd515-18bb-4d2f-9cfb-82e800d4df34,"{""type"": ""Point"", ""coordinates"": [59.0, 58.0]}"
29416c31-2826-4998-ba2e-616d176b601f,3dda9f54-d771-11ef-825b-0275dc2ded29,a3e9145b-ba55-4793-a0fa-189e0f404ca7,1,49f4a9ba-56bd-4dc8-8035-c0959651cf4f,"{""en"": {""value"": ""Racine"", ""direction"": ""ltr""}}",[],[],96188a93-babe-4419-8972-2e92b8a1e269,"{""en"": {""value"": ""Racine (URI: https://www.geonames.org/5268249)"", ""direction"": ""ltr""}}",[],[],[],6052eeb3-d645-475e-b995-6bcc41ecb488,"{""en"": {""value"": ""https://www.geonames.org/5268249"", ""direction"": ""ltr""}}",b052e243-18ba-4ca2-b21a-81618b8867bc,"{""type"": ""Point"", ""coordinates"": [-87.78285, 42.72613]}"
2ddc5da6-fd1e-4680-89ea-9679f27cca0e,3dda9f54-d771-11ef-825b-0275dc2ded29,a3e9145b-ba55-4793-a0fa-189e0f404ca7,1,56eef33e-a44d-41c9-b0d8-f9be8c861481,"{""en"": {""value"": ""R.N. Mountain"", ""direction"": ""ltr""}}",[],[],8759fb79-6d59-4dc0-9c21-f6e16790656e,"{""en"": {""value"": ""R.N. Mountain (URI: https://www.geonames.org/6125326)"", ""direction"": ""ltr""}}",[],[],[],0a046c55-1efa-43a4-9bfb-b5fe9a956e5e,"{""en"": {""value"": ""https://www.geonames.org/6125326"", ""direction"": ""ltr""}}",16db2e29-9fee-4d0a-8a09-f8b9c50bf3a8,"{""type"": ""Point"", ""coordinates"": [-130.07067, 57.16634]}"
21d577cd-8dcb-4665-ab19-c7e438c6e6c3,3dda9f54-d771-11ef-825b-0275dc2ded29,a3e9145b-ba55-4793-a0fa-189e0f404ca7,1,807235cf-7ee1-4a72-b408-b81a9a3635d5,"{""en"": {""value"": ""Québec"", ""direction"": ""ltr""}}",[],[],8511d600-cc3f-4788-be78-76ef1511f5be,"{""en"": {""value"": ""Québec (URI: https://www.geonames.org/6325494)"", ""direction"": ""ltr""}}",[],[],[],6c5f3a0f-9d1b-47b7-bd08-679f9ba0a97f,"{""en"": {""value"": ""https://www.geonames.org/6325494"", ""direction"": ""ltr""}}",a466fbdd-7a10-48e6-a940-ff526f54ee03,"{""type"": ""Point"", ""coordinates"": [-71.21454, 46.81228]}"
9e29f047-8c6d-4cbb-bc4d-2c37607f712c,3dda9f54-d771-11ef-825b-0275dc2ded29,a3e9145b-ba55-4793-a0fa-189e0f404ca7,1,31e9535c-bf6d-4e42-b107-4f140f1c0036,"{""en"": {""value"": ""Xinjiang"", ""direction"": ""ltr""}}",[],[],093f4e58-fac8-4513-b29e-65cb0007ebc4,"{""en"": {""value"": ""Xinjiang (URI: https://www.geonames.org/1529047)"", ""direction"": ""ltr""}}",[],[],[],8a2416ad-0fa3-4a7d-8f37-55b3cbd57f3f,"{""en"": {""value"": ""https://www.geonames.org/1529047"", ""direction"": ""ltr""}}",b99dd153-6bed-4b2e-a32b-efdcf96ecabc,"{""type"": ""Point"", ""coordinates"": [85.5, 41.5]}"
0e213552-4b13-4e3f-8455-29f89b63b9c8,3dda9f54-d771-11ef-825b-0275dc2ded29,a3e9145b-ba55-4793-a0fa-189e0f404ca7,1,cf9272d6-f72f-42f6-8468-7e0eab64d225,"{""en"": {""value"": ""Qezel Kongūr"", ""direction"": ""ltr""}}",[],[],219c1060-c042-493f-9440-cce27735685e,"{""en"": {""value"": ""Qezel Kongūr (URI: https://www.geonames.org/111293)"", ""direction"": ""ltr""}}",[],[],[],12ad4fde-01c8-4b2c-bcfa-14e77dec2250,"{""en"": {""value"": ""https://www.geonames.org/111293"", ""direction"": ""ltr""}}",6928b472-e718-4123-bf15-864059f3e6a9,"{""type"": ""Point"", ""coordinates"": [45.6978, 37.5052]}"
cb27b411-f6b0-4139-abeb-5ee28b459d73,3dda9f54-d771-11ef-825b-0275dc2ded29,a3e9145b-ba55-4793-a0fa-189e0f404ca7,1,ddeec5d3-1294-4d79-b8c1-3eee34b918d7,"{""en"": {""value"": ""Příbram"", ""direction"": ""ltr""}}",[],[],e6b94996-7005-463d-a30c-18effa9fffab,"{""en"": {""value"": ""Příbram (URI: https://www.geonames.org/3067542)"", ""direction"": ""ltr""}}",[],[],[],2baae955-9f1a-4160-bd5c-02a5430bb1bc,"{""en"": {""value"": ""https://www.geonames.org/3067542"", ""direction"": ""ltr""}}",4a5f6251-c82d-4f82-8971-0a5c777c4303,"{""type"": ""Point"", ""coordinates"": [14.01043, 49.68988]}"
039bb205-fea6-4b28-ba61-ac583b772e72,3dda9f54-d771-11ef-825b-0275dc2ded29,a3e9145b-ba55-4793-a0fa-189e0f404ca7,1,4b0b092f-e76b-4259-824e-2f259e8d58d0,"{""en"": {""value"": ""Punta Marmorata"", ""direction"": ""ltr""}}",[],[],76ddf2b1-6f8c-43db-b416-241c222b0f22,"{""en"": {""value"": ""Punta Marmorata (URI: https://www.geonames.org/3173891)"", ""direction"": ""ltr""}}",[],[],[],41c8fc80-a2f4-4fd0-915e-f91d4959c396,"{""en"": {""value"": ""https://www.geonames.org/3173891"", ""direction"": ""ltr""}}",b6d36977-95c1-441e-bd55-2aa53f4e5a43,"{""type"": ""Point"", ""coordinates"": [9.23333, 41.26667]}"
98c83f0d-bb2a-45c4-a57a-cfa53f5cd633,3dda9f54-d771-11ef-825b-0275dc2ded29,a3e9145b-ba55-4793-a0fa-189e0f404ca7,1,2c659b28-ab2d-4962-8e48-05641b13d4cf,"{""en"": {""value"": ""Stanley Butte"", ""direction"": ""ltr""}}",[],[],8370673d-5cdc-41ef-b73d-ea8184cddefb,"{""en"": {""value"": ""Stanley Butte (URI: https://www.geonames.org/5315696)"", ""direction"": ""ltr""}}",[],[],[],69a2d611-c96e-4e50-b3e2-1f1ee0a5c606,"{""en"": {""value"": ""https://www.geonames.org/5315696"", ""direction"": ""ltr""}}",a317f127-d76d-447a-b981-01ded5eea685,"{""type"": ""Point"", ""coordinates"": [-110.36509, 33.01617]}"
5abc7946-649e-4e4e-bc7b-4e9d0b24c58c,3dda9f54-d771-11ef-825b-0275dc2ded29,a3e9145b-ba55-4793-a0fa-189e0f404ca7,1,b370ab99-d5a9-43e9-a6fa-7150d57c715b,"{""en"": {""value"": ""Punkin Center"", ""direction"": ""ltr""}}",[],[],9461939b-b556-44a0-b5f7-f819358af979,"{""en"": {""value"": ""Punkin Center (URI: https://www.geonames.org/5310039)"", ""direction"": ""ltr""}}",[],[],[],68edb179-74ca-4095-a344-12ed3c668780,"{""en"": {""value"": ""https://www.geonames.org/5310039"", ""direction"": ""ltr""}}",131a4a00-c228-418e-b1d7-7c86ce7fc006,"{""type"": ""Point"", ""coordinates"": [-111.31319, 33.87227]}"
25f1eee0-6d4f-4ff0-8171-4786c2ab8e89,3dda9f54-d771-11ef-825b-0275dc2ded29,a3e9145b-ba55-4793-a0fa-189e0f404ca7,1,7d296a33-db4e-4bf6-8507-83c03593f67c,"{""en"": {""value"": ""St. George"", ""direction"": ""ltr""}}",[],[],3f1bb367-0805-4716-a24d-01b56b4f1e2d,"{""en"": {""value"": ""St. George (URI: https://www.geonames.org/5546220)"", ""direction"": ""ltr""}}",[],[],[],ea12d525-0434-4057-9b2a-e8c4c60f6a44,"{""en"": {""value"": ""https://www.geonames.org/5546220"", ""direction"": ""ltr""}}",36236342-19f6-4c39-92ab-fb2eb0ebb5b5,"{""type"": ""Point"", ""coordinates"": [-113.58412, 37.10415]}"
9ccec0c4-4c01-4c64-aa47-2962a77f4654,3dda9f54-d771-11ef-825b-0275dc2ded29,a3e9145b-ba55-4793-a0fa-189e0f404ca7,1,687d288e-dbd3-49e4-9f45-7f66126a799e,"{""en"": {""value"": ""Province of Terni"", ""direction"": ""ltr""}}",[],[],af10a83d-edb6-4502-9695-6d4b4a24c93d,"{""en"": {""value"": ""Province of Terni (URI: https://www.geonames.org/3165770)"", ""direction"": ""ltr""}}",[],[],[],176ffdb9-f5ca-4a63-afe3-90ed1c725d96,"{""en"": {""value"": ""https://www.geonames.org/3165770"", ""direction"": ""ltr""}}",06eff37e-4bac-4b35-ab7d-0f66804501d7,"{""type"": ""Point"", ""coordinates"": [12.31667, 42.68333]}"
650d260f-6916-4ef8-b261-0e7529670514,3dda9f54-d771-11ef-825b-0275dc2ded29,a3e9145b-ba55-4793-a0fa-189e0f404ca7,1,8d8675d4-9ae0-4ee2-9a54-604f3080e895,"{""en"": {""value"": ""West Virginia"", ""direction"": ""ltr""}}",[],[],d8cfd600-39b6-4861-8519-0ebb6a6da4a4,"{""en"": {""value"": ""West Virginia (URI: https://www.geonames.org/4826850)"", ""direction"": ""ltr""}}",[],[],[],36c0bfad-343b-4935-af89-b960364c8344,"{""en"": {""value"": ""https://www.geonames.org/4826850"", ""direction"": ""ltr""}}",d7130ebc-2873-4e85-b5d3-058d920fcd88,"{""type"": ""Point"", ""coordinates"": [-80.50009, 38.50038]}"
8cfb3ed5-f7e4-41cd-87ad-380c3eac44d9,3dda9f54-d771-11ef-825b-0275dc2ded29,a3e9145b-ba55-4793-a0fa-189e0f404ca7,1,f66965a5-9412-4b66-9c89-8029235f2182,"{""en"": {""value"": ""Province of Genoa"", ""direction"": ""ltr""}}",[],[],deb82498-638e-425f-a3e7-d4f9b5e5c7e1,"{""en"": {""value"": ""Province of Genoa (URI: https://www.geonames.org/3176217)"", ""direction"": ""ltr""}}",[],[],[],3cabb83a-5100-42c4-9fcb-e5a5038f554e,"{""en"": {""value"": ""https://www.geonames.org/3176217"", ""direction"": ""ltr""}}",d79a2193-d5d6-4322-b874-4c8c7a202896,"{""type"": ""Point"", ""coordinates"": [9.06667, 44.5]}"
e04715ba-3770-40e3-9da1-a06d6213b77f,3dda9f54-d771-11ef-825b-0275dc2ded29,a3e9145b-ba55-4793-a0fa-189e0f404ca7,1,f6ba3471-907c-4ade-a13a-07d9dc361c89,"{""en"": {""value"": ""Xunantunich"", ""direction"": ""ltr""}}",[],[],0aee1f47-a9d1-420b-8c25-09782e38cde0,"{""en"": {""value"": ""Xunantunich (URI: https://www.geonames.org/3580787)"", ""direction"": ""ltr""}}",[],[],[],a1123e52-b9db-482c-950c-b312b0e790d3,"{""en"": {""value"": ""https://www.geonames.org/3580787"", ""direction"": ""ltr""}}",bc119c1d-1beb-41b6-b2d0-3b4fbea8baf8,"{""type"": ""Point"", ""coordinates"": [-89.14167, 17.08944]}"
e99609a4-d358-42a6-a57e-e4f2313426da,3dda9f54-d771-11ef-825b-0275dc2ded29,a3e9145b-ba55-4793-a0fa-189e0f404ca7,1,c7c84e79-9f95-4365-aa9a-100d1eb7ed1d,"{""en"": {""value"": ""Promontory Mountains"", ""direction"": ""ltr""}}",[],[],7f6b5cdb-2911-4682-b635-dfe2f27c3795,"{""en"": {""value"": ""Promontory Mountains (URI: https://www.geonames.org/5780022)"", ""direction"": ""ltr""}}",[],[],[],1b940816-1de9-4862-9f8e-7ebb58c38165,"{""en"": {""value"": ""https://www.geonames.org/5780022"", ""direction"": ""ltr""}}",df0ce557-644d-490c-a38f-edb09fec62bb,"{""type"": ""Point"", ""coordinates"": [-112.47774, 41.4166]}"
f2dcadcd-45d0-4eb8-a4bf-f88655e9f6f3,3dda9f54-d771-11ef-825b-0275dc2ded29,a3e9145b-ba55-4793-a0fa-189e0f404ca7,1,87c1ec6d-bec8-46fb-a2a8-b3046552fbd7,"{""en"": {""value"": ""Yamhill"", ""direction"": ""ltr""}}",[],[],9a6dffd2-4cb5-4538-8e33-efcee3213804,"{""en"": {""value"": ""Yamhill (URI: https://www.geonames.org/5761960)"", ""direction"": ""ltr""}}",[],[],[],4601c67e-900e-43a8-a689-d5d882c66d0f,"{""en"": {""value"": ""https://www.geonames.org/5761960"", ""direction"": ""ltr""}}",0a371d53-4986-44d9-9d05-d7fc91d65262,"{""type"": ""Point"", ""coordinates"": [-123.30815, 45.2326]}"
002d23a2-c161-404c-892c-d80471584541,3dda9f54-d771-11ef-825b-0275dc2ded29,a3e9145b-ba55-4793-a0fa-189e0f404ca7,1,0207b307-03a1-4d6d-9512-023964991764,"{""en"": {""value"": ""West Redding"", ""direction"": ""ltr""}}",[],[],3f6c79c1-1d4c-4ffe-9f8e-16011c220b55,"{""en"": {""value"": ""West Redding (URI: https://www.mindat.org/feature-4845463.html)"", ""direction"": ""ltr""}}",[],[],[],9a1a534c-9eba-4631-961d-c6c476178e8d,"{""en"": {""value"": ""https://www.mindat.org/feature-4845463.html"", ""direction"": ""ltr""}}",e5cc7e77-d906-4e63-a8d2-a36f4abac7f1,"{""type"": ""Point"", ""coordinates"": [-73.43429, 41.32648]}"
bcbb2a8c-2074-472f-8b54-ad100afa8054,3dda9f54-d771-11ef-825b-0275dc2ded29,a3e9145b-ba55-4793-a0fa-189e0f404ca7,1,0fef82b7-eb30-433e-94fe-2503e80c4f8f,"{""en"": {""value"": ""St. Paul Island"", ""direction"": ""ltr""}}",[],[],101666d0-9fc5-4d9e-99fd-f6433822754d,"{""en"": {""value"": ""St. Paul Island (URI: https://www.geonames.org/6099817)"", ""direction"": ""ltr""}}",[],[],[],66facce0-4b74-41a6-b8ec-8929d5fc2838,"{""en"": {""value"": ""https://www.geonames.org/6099817"", ""direction"": ""ltr""}}",e5778abe-20cf-460b-abb3-a513b7858f31,"{""type"": ""Point"", ""coordinates"": [-55.99459, 51.18106]}"
4414b387-b147-4cf8-b0dd-fabb666e0de3,3dda9f54-d771-11ef-825b-0275dc2ded29,a3e9145b-ba55-4793-a0fa-189e0f404ca7,1,683e99e6-6cc7-4fe1-9423-01b8ee2e48dc,"{""en"": {""value"": ""Yancey"", ""direction"": ""ltr""}}",[],[],12365bc2-dd18-4c15-9622-52afe6186e67,"{""en"": {""value"": ""Yancey (URI: https://www.geonames.org/4500160)"", ""direction"": ""ltr""}}",[],[],[],cfc16240-b564-49c9-89f8-f7437600081c,"{""en"": {""value"": ""https://www.geonames.org/4500160"", ""direction"": ""ltr""}}",cfe7189c-349e-461c-a664-eb37d8de0fff,"{""type"": ""Point"", ""coordinates"": [-82.30755, 35.89888]}"
b16e9fcf-0ada-4922-8148-04f459c2e2ef,3dda9f54-d771-11ef-825b-0275dc2ded29,a3e9145b-ba55-4793-a0fa-189e0f404ca7,1,44b3ecd6-4f4a-4a02-b783-d33cb2be4733,"{""en"": {""value"": ""Prince of Wales Island"", ""direction"": ""ltr""}}",[],[],aa4a907c-aa40-43eb-88a6-f9cfcf29e22a,"{""en"": {""value"": ""Prince of Wales Island (URI: https://www.geonames.org/5556540)"", ""direction"": ""ltr""}}",[],[],[],5f9ca768-4f77-4465-9182-77752dc9847e,"{""en"": {""value"": ""https://www.geonames.org/5556540"", ""direction"": ""ltr""}}",9d9262da-3ab7-4793-93ff-562838e3ec7e,"{""type"": ""Point"", ""coordinates"": [-132.9075, 55.63194]}"
ce3ba64f-1e38-4000-8065-304d847d3339,3dda9f54-d771-11ef-825b-0275dc2ded29,a3e9145b-ba55-4793-a0fa-189e0f404ca7,1,aeeeb860-e813-4ff8-89c7-b38281464524,"{""en"": {""value"": ""Stanford Hills"", ""direction"": ""ltr""}}",[],[],4600f416-6122-4e35-8727-1f971d228a00,"{""en"": {""value"": ""Stanford Hills (URI: https://www.geonames.org/9669804)"", ""direction"": ""ltr""}}",[],[],[],35d455cc-80fe-4ce0-99e4-2151812f890e,"{""en"": {""value"": ""https://www.geonames.org/9669804"", ""direction"": ""ltr""}}",162e67ca-5b9e-407f-8a31-e0923deb1e65,"{""type"": ""Point"", ""coordinates"": [-122.19361, 37.42222]}"
e839a560-0918-4f08-8ce2-2b7599af6077,3dda9f54-d771-11ef-825b-0275dc2ded29,a3e9145b-ba55-4793-a0fa-189e0f404ca7,1,fcea20f0-23f6-4287-9486-3435c33d8cd5,"{""en"": {""value"": ""Stoneham"", ""direction"": ""ltr""}}",[],[],f5e23d0f-950b-4fc4-b74d-6f60a320ce12,"{""en"": {""value"": ""Stoneham (URI: https://www.geonames.org/5582432)"", ""direction"": ""ltr""}}",[],[],[],8dcec943-caa7-47e5-a35d-ec59fe6901d6,"{""en"": {""value"": ""https://www.geonames.org/5582432"", ""direction"": ""ltr""}}",4938c82c-819f-4707-be0c-99efd84f5717,"{""type"": ""Point"", ""coordinates"": [-103.66661, 40.60554]}"
8d61ffa4-baf7-42a3-b963-4c9a3cf4da42,3dda9f54-d771-11ef-825b-0275dc2ded29,a3e9145b-ba55-4793-a0fa-189e0f404ca7,1,df6b50b9-00c4-4a89-99c3-e334c74e0098,"{""en"": {""value"": ""Northern Ireland"", ""direction"": ""ltr""}}",[],[],1a919455-2ec6-4327-903c-35de74384afe,"{""en"": {""value"": ""Northern Ireland (URI: https://www.geonames.org/2641364)"", ""direction"": ""ltr""}}",[],[],[],4896ef56-dfbb-453a-83c9-ea98ffc5680f,"{""en"": {""value"": ""https://www.geonames.org/2641364"", ""direction"": ""ltr""}}",1a74923b-0b84-46c8-a941-a90641601411,"{""type"": ""Point"", ""coordinates"": [-6.5, 54.5]}"
b6246570-db41-4e68-9ecb-0689e6392f69,3dda9f54-d771-11ef-825b-0275dc2ded29,a3e9145b-ba55-4793-a0fa-189e0f404ca7,1,a05e5f41-ec70-4be7-8ad3-b9dce91c886c,"{""en"": {""value"": ""Grand Canyon"", ""direction"": ""ltr""}}",[],[],3c44b128-1efe-4d3c-a4c4-ebd0dd160e5d,"{""en"": {""value"": ""Grand Canyon (URI: https://www.geonames.org/5296392)"", ""direction"": ""ltr""}}",[],[],[],0f58e71c-8b14-4143-b5d7-51cb64d9aa7e,"{""en"": {""value"": ""https://www.geonames.org/5296392"", ""direction"": ""ltr""}}",4bc5e273-e2b1-4a08-9a72-e5778d699ce6,"{""type"": ""Point"", ""coordinates"": [-113.99607, 36.11276]}"
c61ced9c-f9a3-47ab-8abb-9a5eb8edcd24,3dda9f54-d771-11ef-825b-0275dc2ded29,a3e9145b-ba55-4793-a0fa-189e0f404ca7,1,1964c04e-dc36-471b-bbdc-1dc7786c1524,"{""en"": {""value"": ""Copperopolis"", ""direction"": ""ltr""}}",[],[],213560bb-f9b4-4a19-b6c7-92a09092bf50,"{""en"": {""value"": ""Copperopolis (URI: https://www.geonames.org/5339498)"", ""direction"": ""ltr""}}",[],[],[],2b9e3cd5-b635-4f26-aab8-e7f7387b7a58,"{""en"": {""value"": ""https://www.geonames.org/5339498"", ""direction"": ""ltr""}}",29c7f06b-a6f2-4733-8a0e-18ece17188f1,"{""type"": ""Point"", ""coordinates"": [-120.64187, 37.98104]}"
4c38da81-7cfc-4fc6-8aee-13d419325159,3dda9f54-d771-11ef-825b-0275dc2ded29,a3e9145b-ba55-4793-a0fa-189e0f404ca7,1,48223517-dc4a-4140-83a8-a2a6d74d99ef,"{""en"": {""value"": ""Cornucopia"", ""direction"": ""ltr""}}",[],[],c376e717-f12c-4fa9-98fd-f01c70540d9b,"{""en"": {""value"": ""Cornucopia (URI: https://www.geonames.org/5720649)"", ""direction"": ""ltr""}}",[],[],[],7a81864a-a406-4723-854c-08e8447e60d5,"{""en"": {""value"": ""https://www.geonames.org/5720649"", ""direction"": ""ltr""}}",a0e4fe91-de50-4acc-9366-7f9143854328,"{""type"": ""Point"", ""coordinates"": [-117.19268, 45.00821]}"
6d4b0479-e8dc-4e08-a9e6-fccc1985fe44,3dda9f54-d771-11ef-825b-0275dc2ded29,a3e9145b-ba55-4793-a0fa-189e0f404ca7,1,7d132c93-79d2-4e55-9f6a-b3002765a64a,"{""en"": {""value"": ""Corvallis"", ""direction"": ""ltr""}}",[],[],ab403539-48b9-4973-891d-2674e4f23b0c,"{""en"": {""value"": ""Corvallis (URI: https://www.geonames.org/5720727)"", ""direction"": ""ltr""}}",[],[],[],f93c810f-7085-4333-b46a-f67deb289b7d,"{""en"": {""value"": ""https://www.geonames.org/5720727"", ""direction"": ""ltr""}}",d7124d0e-04d8-4655-a8e3-022e246f2786,"{""type"": ""Point"", ""coordinates"": [-123.26204, 44.56457]}"
f25fd879-acca-4f37-b2a3-a28d8bb91e91,3dda9f54-d771-11ef-825b-0275dc2ded29,a3e9145b-ba55-4793-a0fa-189e0f404ca7,1,78b447e7-7502-4ef7-a7d7-1deac68b07a0,"{""en"": {""value"": ""Corydon"", ""direction"": ""ltr""}}",[],[],8951d595-5710-4324-b082-a97a761019eb,"{""en"": {""value"": ""Corydon (URI: https://www.geonames.org/4256184)"", ""direction"": ""ltr""}}",[],[],[],8f13dd15-2b53-4a0e-9abb-7b8753441d57,"{""en"": {""value"": ""https://www.geonames.org/4256184"", ""direction"": ""ltr""}}",f79f8e23-8913-4977-9840-3ae157c0d19c,"{""type"": ""Point"", ""coordinates"": [-86.12192, 38.21201]}"
72662836-2015-493a-84df-adf5bd394b5c,3dda9f54-d771-11ef-825b-0275dc2ded29,a3e9145b-ba55-4793-a0fa-189e0f404ca7,1,721bb5be-af21-4fbe-a75e-696568e8ce38,"{""en"": {""value"": ""Coso Range"", ""direction"": ""ltr""}}",[],[],072e2c87-8b21-4540-8a2f-4105f4b3d894,"{""en"": {""value"": ""Coso Range (URI: https://www.geonames.org/5339831)"", ""direction"": ""ltr""}}",[],[],[],ef99700f-f964-492d-babf-7e5a0a54fb0d,"{""en"": {""value"": ""https://www.geonames.org/5339831"", ""direction"": ""ltr""}}",3d646d4f-cf43-400d-a859-d2f7757a5976,"{""type"": ""Point"", ""coordinates"": [-117.68979, 36.14161]}"
2c366b1d-a802-4235-9c43-c0ed0ec5a327,3dda9f54-d771-11ef-825b-0275dc2ded29,a3e9145b-ba55-4793-a0fa-189e0f404ca7,1,ce8a4b0a-aa9f-4d1e-a0b1-cd743858f6e7,"{""en"": {""value"": ""Cotopaxi"", ""direction"": ""ltr""}}",[],[],efecb51c-ed2b-45f9-a04c-2bad8176d679,"{""en"": {""value"": ""Cotopaxi (URI: https://www.geonames.org/5418133)"", ""direction"": ""ltr""}}",[],[],[],95a304cb-42f0-4a2b-a223-258365135e29,"{""en"": {""value"": ""https://www.geonames.org/5418133"", ""direction"": ""ltr""}}",ba1d51c0-a72f-4983-92cb-c0dd220be232,"{""type"": ""Point"", ""coordinates"": [-105.68806, 38.37028]}"
bbf25146-2dbb-4809-84e1-637c69cd414d,3dda9f54-d771-11ef-825b-0275dc2ded29,a3e9145b-ba55-4793-a0fa-189e0f404ca7,1,3231e210-edb4-445d-b63b-7b744dd14c3f,"{""en"": {""value"": ""Cottonwood Canyon"", ""direction"": ""ltr""}}",[],[],e86d99ba-5c64-4c02-afd3-1f354c72cf50,"{""en"": {""value"": ""Cottonwood Canyon (URI: https://www.geonames.org/5502271)"", ""direction"": ""ltr""}}",[],[],[],fe01959e-f362-4901-b1ec-9abab1e3862a,"{""en"": {""value"": ""https://www.geonames.org/5502271"", ""direction"": ""ltr""}}",a3c99643-921f-43e6-9f1a-1f1e567e83d6,"{""type"": ""Point"", ""coordinates"": [-117.88152, 39.97325]}"
855c8a4e-6a6c-4543-9c44-a7dab4dbd5b7,3dda9f54-d771-11ef-825b-0275dc2ded29,a3e9145b-ba55-4793-a0fa-189e0f404ca7,1,37d1bb75-12dc-4f1a-b8bb-0e0672110286,"{""en"": {""value"": ""Crawford County"", ""direction"": ""ltr""}}",[],[],f54c7e71-46f2-47a5-b9eb-52de7de8afbc,"{""en"": {""value"": ""Crawford County (URI: https://www.geonames.org/4270088)"", ""direction"": ""ltr""}}",[],[],[],231ce0db-46c9-4873-9d4e-0d1e792cabcf,"{""en"": {""value"": ""https://www.geonames.org/4270088"", ""direction"": ""ltr""}}",653682da-e78f-4d7e-9b32-d4c975d08ba0,"{""type"": ""Point"", ""coordinates"": [-94.85181, 37.50732]}"
002aa182-52b6-4933-8345-94d78e260f91,3dda9f54-d771-11ef-825b-0275dc2ded29,a3e9145b-ba55-4793-a0fa-189e0f404ca7,1,231b0d0e-0ac8-4a2e-8eb8-cf91f5fda190,"{""en"": {""value"": ""Crittenden County"", ""direction"": ""ltr""}}",[],[],d0f2510b-ff2b-4332-bea4-f8c89ae1fb8d,"{""en"": {""value"": ""Crittenden County (URI: https://www.geonames.org/4289074)"", ""direction"": ""ltr""}}",[],[],[],d754ace9-e23d-485f-b1af-de3117e87f36,"{""en"": {""value"": ""https://www.geonames.org/4289074"", ""direction"": ""ltr""}}",bdede782-8a33-45d5-b60d-387d06152228,"{""type"": ""Point"", ""coordinates"": [-88.09722, 37.35272]}"
3087d0c1-e399-46bb-8da5-bd5eb6912db1,3dda9f54-d771-11ef-825b-0275dc2ded29,a3e9145b-ba55-4793-a0fa-189e0f404ca7,1,3a25f37e-2aaa-4c32-ad40-2e4b4878a214,"{""en"": {""value"": ""Croatia"", ""direction"": ""ltr""}}",[],[],1c6cdd4a-754e-46a7-a975-0f0bdab2189c,"{""en"": {""value"": ""Croatia (URI: https://www.geonames.org/3202326)"", ""direction"": ""ltr""}}",[],[],[],b813c157-4ba3-42bb-97aa-ab9bc1cf9500,"{""en"": {""value"": ""https://www.geonames.org/3202326"", ""direction"": ""ltr""}}",addf8a3a-6291-4939-b992-9b454423cd39,"{""type"": ""Point"", ""coordinates"": [15.5, 45.16667]}"
02793ae9-0620-4c1e-83b4-226c45e48227,3dda9f54-d771-11ef-825b-0275dc2ded29,a3e9145b-ba55-4793-a0fa-189e0f404ca7,1,0b8837ca-0514-4609-8a73-e8e5493b2fa0,"{""en"": {""value"": ""Crocodile Island"", ""direction"": ""ltr""}}",[],[],64e2a114-4fae-461c-a73d-7a3247a00789,"{""en"": {""value"": ""Crocodile Island (URI: https://www.geonames.org/8180490)"", ""direction"": ""ltr""}}",[],[],[],c237e513-1e92-4d47-a283-b4c3fdfd16b7,"{""en"": {""value"": ""https://www.geonames.org/8180490"", ""direction"": ""ltr""}}",cc53fd4f-be04-4030-b50b-57fb4b137caf,"{""type"": ""Point"", ""coordinates"": [134.85001, -12.0333]}"
db6efa16-a24f-4463-bc2e-44aaa75eec46,3dda9f54-d771-11ef-825b-0275dc2ded29,a3e9145b-ba55-4793-a0fa-189e0f404ca7,1,67130a80-dd69-4ab7-a0ec-466cd4b2e97b,"{""en"": {""value"": ""Crook County"", ""direction"": ""ltr""}}",[],[],41e28013-a6b8-4fe2-b045-40eb3dfebccc,"{""en"": {""value"": ""Crook County (URI: https://www.geonames.org/5822351)"", ""direction"": ""ltr""}}",[],[],[],01e4b5fc-1c03-4723-8afb-352511546370,"{""en"": {""value"": ""https://www.geonames.org/5822351"", ""direction"": ""ltr""}}",3a80ac08-3d32-465b-9b00-e735aa4af220,"{""type"": ""Point"", ""coordinates"": [-104.56994, 44.5886]}"
9f853bdc-4261-4262-9a5b-65f3ef091701,3dda9f54-d771-11ef-825b-0275dc2ded29,a3e9145b-ba55-4793-a0fa-189e0f404ca7,1,9eeb3bbe-c66e-4704-aff1-8ba763cd7cdb,"{""en"": {""value"": ""Crown Point"", ""direction"": ""ltr""}}",[],[],e686d583-8d31-403e-98ec-268dc1463b9a,"{""en"": {""value"": ""Crown Point (URI: https://www.geonames.org/5114246)"", ""direction"": ""ltr""}}",[],[],[],e090f1b2-1c98-4743-9b3d-7029cc9253c9,"{""en"": {""value"": ""https://www.geonames.org/5114246"", ""direction"": ""ltr""}}",65d4021f-080c-4813-9e54-5e8dfe0482da,"{""type"": ""Point"", ""coordinates"": [-73.43707, 43.95034]}"
213bfad8-d6c7-47fe-8c13-1f4367ba5c49,3dda9f54-d771-11ef-825b-0275dc2ded29,a3e9145b-ba55-4793-a0fa-189e0f404ca7,1,cc7e9181-7b45-4223-a051-7c734f3f5280,"{""en"": {""value"": ""Crystal Bay Township"", ""direction"": ""ltr""}}",[],[],d4850661-7cad-42e6-817e-dd66a5a108ee,"{""en"": {""value"": ""Crystal Bay Township (URI: https://www.geonames.org/5023575)"", ""direction"": ""ltr""}}",[],[],[],3ae9f821-2248-4b54-952a-8ec6876e8d23,"{""en"": {""value"": ""https://www.geonames.org/5023575"", ""direction"": ""ltr""}}",87309379-d9a4-4ece-8b0c-804b8bc54db2,"{""type"": ""Point"", ""coordinates"": [-91.21431, 47.63202]}"
6478f9f9-5508-45b3-8c4d-af8d11499ffb,3dda9f54-d771-11ef-825b-0275dc2ded29,a3e9145b-ba55-4793-a0fa-189e0f404ca7,1,b16450d3-ecb5-4b63-bdcf-0f5a10082d17,"{""en"": {""value"": ""Cuba"", ""direction"": ""ltr""}}",[],[],ae5e711e-904f-4197-b53c-137691e62e37,"{""en"": {""value"": ""Cuba (URI: https://www.geonames.org/3562981)"", ""direction"": ""ltr""}}",[],[],[],3ee9945c-d30c-4129-a6c2-e925a19c8b15,"{""en"": {""value"": ""https://www.geonames.org/3562981"", ""direction"": ""ltr""}}",2b79dbaf-757d-4468-9844-ca12666a3970,"{""type"": ""Point"", ""coordinates"": [-79.5, 22.0]}"
6d1b521a-7a78-4258-9bf5-8cb4fe12fee7,3dda9f54-d771-11ef-825b-0275dc2ded29,a3e9145b-ba55-4793-a0fa-189e0f404ca7,1,f18a95a6-3382-42dd-b6ea-6a59e678cb7f,"{""en"": {""value"": ""Culver City"", ""direction"": ""ltr""}}",[],[],1c23089f-af71-4b42-9fd0-95eabd90f79b,"{""en"": {""value"": ""Culver City (URI: https://www.geonames.org/5341114)"", ""direction"": ""ltr""}}",[],[],[],4f0e3d82-a743-4775-94f1-78c5f0cfc1f8,"{""en"": {""value"": ""https://www.geonames.org/5341114"", ""direction"": ""ltr""}}",432eae40-00f6-4d9e-aeba-97ce6c7c70de,"{""type"": ""Point"", ""coordinates"": [-118.39647, 34.02112]}"
37fb8b3e-fe53-4d42-95ae-a9e1e74799c4,3dda9f54-d771-11ef-825b-0275dc2ded29,a3e9145b-ba55-4793-a0fa-189e0f404ca7,1,bb2c2e39-4208-4686-827c-17b93473cc87,"{""en"": {""value"": ""Curitiba"", ""direction"": ""ltr""}}",[],[],424a7561-eae8-47f0-b71c-adf5ebcd1d91,"{""en"": {""value"": ""Curitiba (URI: https://www.geonames.org/6322752)"", ""direction"": ""ltr""}}",[],[],[],a377f9e3-f4e6-46b3-bfff-8e1438aa53a6,"{""en"": {""value"": ""https://www.geonames.org/6322752"", ""direction"": ""ltr""}}",b91408d0-b600-4bc3-9364-4e406957d647,"{""type"": ""Point"", ""coordinates"": [-49.29082, -25.50395]}"
014b61fa-fff0-434c-abea-8a3b6955e3b7,3dda9f54-d771-11ef-825b-0275dc2ded29,a3e9145b-ba55-4793-a0fa-189e0f404ca7,1,fb4538a3-3014-40d7-8b69-47b37fcbac81,"{""en"": {""value"": ""Cusco"", ""direction"": ""ltr""}}",[],[],27e86580-56f3-474a-a223-b95cc157dd26,"{""en"": {""value"": ""Cusco (URI: https://www.geonames.org/3941584)"", ""direction"": ""ltr""}}",[],[],[],efa4cc2f-04fe-468c-b403-e85b48175480,"{""en"": {""value"": ""https://www.geonames.org/3941584"", ""direction"": ""ltr""}}",71f11573-4c9a-40fe-abfa-6d80f8a0357f,"{""type"": ""Point"", ""coordinates"": [-71.96734, -13.52264]}"
1e860bf2-d009-4043-b7c9-2b88d251c45a,3dda9f54-d771-11ef-825b-0275dc2ded29,a3e9145b-ba55-4793-a0fa-189e0f404ca7,1,c272dc03-67ef-4c2c-8f56-aa3b4bdbe542,"{""en"": {""value"": ""Dallas Love Field"", ""direction"": ""ltr""}}",[],[],45a9454d-f30f-4721-a3ea-3d1648768f9f,"{""en"": {""value"": ""Dallas Love Field (URI: https://www.geonames.org/4684922)"", ""direction"": ""ltr""}}",[],[],[],0237ec1a-38f7-417e-b4bb-913096913e7a,"{""en"": {""value"": ""https://www.geonames.org/4684922"", ""direction"": ""ltr""}}",d8792958-463b-475b-b89e-1ccf0c887864,"{""type"": ""Point"", ""coordinates"": [-96.85195, 32.84707]}"
072b7d05-09c5-411b-ad9b-25c65ebd98a1,3dda9f54-d771-11ef-825b-0275dc2ded29,a3e9145b-ba55-4793-a0fa-189e0f404ca7,1,d6a4fbaf-2dbc-4190-b663-d3eca3523e8f,"{""en"": {""value"": ""Damascus"", ""direction"": ""ltr""}}",[],[],0960668e-4e1f-491c-b4e2-2f563105020a,"{""en"": {""value"": ""Damascus (URI: https://www.geonames.org/170654)"", ""direction"": ""ltr""}}",[],[],[],55a73907-c531-47a5-b7b2-c614deb045c9,"{""en"": {""value"": ""https://www.geonames.org/170654"", ""direction"": ""ltr""}}",76c6e276-256f-4b4f-9f33-8c14f42ae29a,"{""type"": ""Point"", ""coordinates"": [36.29128, 33.5102]}"
dbaf3889-df4d-47b4-b101-2c0581b1c8d2,3dda9f54-d771-11ef-825b-0275dc2ded29,a3e9145b-ba55-4793-a0fa-189e0f404ca7,1,175bc74e-cd5e-4f0b-988a-357a4304dbe8,"{""en"": {""value"": ""Dayboro"", ""direction"": ""ltr""}}",[],[],c31af639-acf9-4b3e-8341-a7079982b038,"{""en"": {""value"": ""Dayboro (URI: https://www.geonames.org/2169282)"", ""direction"": ""ltr""}}",[],[],[],3a49eadc-accf-4acc-83c1-c14035e42f91,"{""en"": {""value"": ""https://www.geonames.org/2169282"", ""direction"": ""ltr""}}",c6f0b20e-6b79-43d1-a611-ec4c7c943ae7,"{""type"": ""Point"", ""coordinates"": [152.82253, -27.19632]}"
16693330-951a-4ca3-aad0-7e0b597496d2,3dda9f54-d771-11ef-825b-0275dc2ded29,a3e9145b-ba55-4793-a0fa-189e0f404ca7,1,e8ac9adf-6d35-4b5f-84f4-975274163993,"{""en"": {""value"": ""Death Valley Junction"", ""direction"": ""ltr""}}",[],[],f80ef258-ccf4-4a18-97bb-1aa6efefc843,"{""en"": {""value"": ""Death Valley Junction (URI: https://www.geonames.org/5342052)"", ""direction"": ""ltr""}}",[],[],[],8f879f40-aa10-4b50-912b-6e7f1cb47e7a,"{""en"": {""value"": ""https://www.geonames.org/5342052"", ""direction"": ""ltr""}}",1ca5d509-f053-4943-b58f-987938ed4ce8,"{""type"": ""Point"", ""coordinates"": [-116.41365, 36.30218]}"
c86deed3-21d2-42db-9f9e-82cbe95d1534,3dda9f54-d771-11ef-825b-0275dc2ded29,a3e9145b-ba55-4793-a0fa-189e0f404ca7,1,a9c4e4f2-c1cc-4fc4-afed-eec246e06c32,"{""en"": {""value"": ""Deep Springs"", ""direction"": ""ltr""}}",[],[],3b866c69-9bf3-41ac-94da-0e8c52a8bb6b,"{""en"": {""value"": ""Deep Springs (URI: https://www.geonames.org/5342125)"", ""direction"": ""ltr""}}",[],[],[],d66d386a-7d15-4e3a-8834-76a48c44c527,"{""en"": {""value"": ""https://www.geonames.org/5342125"", ""direction"": ""ltr""}}",1ff661b3-4f98-4cb8-b007-edf00c735783,"{""type"": ""Point"", ""coordinates"": [-117.98509, 37.3716]}"
04a397a4-b308-492a-9c32-072238b0422b,3dda9f54-d771-11ef-825b-0275dc2ded29,a3e9145b-ba55-4793-a0fa-189e0f404ca7,1,2a2f8869-87ca-4073-ba31-0f1da2926f60,"{""en"": {""value"": ""Delaware"", ""direction"": ""ltr""}}",[],[],9ecd5765-8fb9-48bd-be2c-c083255779af,"{""en"": {""value"": ""Delaware (URI: https://www.geonames.org/4142224)"", ""direction"": ""ltr""}}",[],[],[],3ee348c0-2d43-4a37-a0cf-ed51a7fa680f,"{""en"": {""value"": ""https://www.geonames.org/4142224"", ""direction"": ""ltr""}}",ff23f678-fcde-4730-8dfb-c9979c2fca5b,"{""type"": ""Point"", ""coordinates"": [-75.49992, 39.00039]}"
dcc6c28f-7bbe-4a33-af52-21f8c63d093a,3dda9f54-d771-11ef-825b-0275dc2ded29,a3e9145b-ba55-4793-a0fa-189e0f404ca7,1,fdfea47e-d570-4d84-832a-3e419dc64907,"{""en"": {""value"": ""Denio"", ""direction"": ""ltr""}}",[],[],dce3926a-e441-4c9d-afc6-a9a20b02b011,"{""en"": {""value"": ""Denio (URI: https://www.geonames.org/5703200)"", ""direction"": ""ltr""}}",[],[],[],5d88f06f-659c-4a8b-9cf5-8c9216d5d072,"{""en"": {""value"": ""https://www.geonames.org/5703200"", ""direction"": ""ltr""}}",56e40675-c0f7-4f81-b066-cadcbbf1a4cf,"{""type"": ""Point"", ""coordinates"": [-118.63434, 41.9899]}"
109f917a-00e9-4994-81da-390028d9368a,3dda9f54-d771-11ef-825b-0275dc2ded29,a3e9145b-ba55-4793-a0fa-189e0f404ca7,1,a00be4d0-6ced-440b-ae67-63296a5de663,"{""en"": {""value"": ""Coosa"", ""direction"": ""ltr""}}",[],[],36158ff8-2e3f-43e7-9d9c-2fa4cdf90c09,"{""en"": {""value"": ""Coosa (URI: https://www.geonames.org/4056809)"", ""direction"": ""ltr""}}",[],[],[],bc927815-af8e-48bf-a812-91025f6c42e4,"{""en"": {""value"": ""https://www.geonames.org/4056809"", ""direction"": ""ltr""}}",be00c64f-5136-4161-9d17-63e73310c5f1,"{""type"": ""Point"", ""coordinates"": [-86.24766, 32.93623]}"
869923d5-e520-4692-942a-e89cb602a6c3,3dda9f54-d771-11ef-825b-0275dc2ded29,a3e9145b-ba55-4793-a0fa-189e0f404ca7,1,5cec9f42-36b3-42c0-81a7-38ab88fd8339,"{""en"": {""value"": ""Constantine"", ""direction"": ""ltr""}}",[],[],447035ba-26de-4cf3-9cb0-ce9efecb58f6,"{""en"": {""value"": ""Constantine (URI: https://www.geonames.org/2501147)"", ""direction"": ""ltr""}}",[],[],[],d76d6c2d-45dc-46e6-8fc1-8c2a19742157,"{""en"": {""value"": ""https://www.geonames.org/2501147"", ""direction"": ""ltr""}}",a5e4897f-3c8a-43ff-87ee-bbeae82c6d02,"{""type"": ""Point"", ""coordinates"": [6.66667, 36.33333]}"
e651ba58-602b-4f57-ac7a-1029e20c7ed4,3dda9f54-d771-11ef-825b-0275dc2ded29,a3e9145b-ba55-4793-a0fa-189e0f404ca7,1,c5c5d15c-1006-495b-8ab9-af42260f7542,"{""en"": {""value"": ""Concelho de Quelimane"", ""direction"": ""ltr""}}",[],[],a281ab6d-abe2-4300-b824-41284684b864,"{""en"": {""value"": ""Concelho de Quelimane (URI: https://www.geonames.org/1028433)"", ""direction"": ""ltr""}}",[],[],[],420e5274-a40b-4cb3-8c83-28c67d6d87f5,"{""en"": {""value"": ""https://www.geonames.org/1028433"", ""direction"": ""ltr""}}",3719ab78-8a1d-4fb2-89ff-de108879f1a3,"{""type"": ""Point"", ""coordinates"": [36.91544, -17.8607]}"
f4cacd18-bf11-4680-b696-1df3ffc07c95,3dda9f54-d771-11ef-825b-0275dc2ded29,a3e9145b-ba55-4793-a0fa-189e0f404ca7,1,12e68ff6-ac16-4d7e-b50c-2e29dbde809c,"{""en"": {""value"": ""Cleveland"", ""direction"": ""ltr""}}",[],[],9cd53dba-5260-44d9-9c91-4a4f675c3ca8,"{""en"": {""value"": ""Cleveland (URI: https://www.geonames.org/5150529)"", ""direction"": ""ltr""}}",[],[],[],9fe70617-0bd4-4f5f-93a0-dc196ea15198,"{""en"": {""value"": ""https://www.geonames.org/5150529"", ""direction"": ""ltr""}}",82d37cb4-bdcc-4de0-a1d4-93e3890e4b90,"{""type"": ""Point"", ""coordinates"": [-81.69541, 41.4995]}"
32d63005-0484-41b3-85e0-f0484c816f52,3dda9f54-d771-11ef-825b-0275dc2ded29,a3e9145b-ba55-4793-a0fa-189e0f404ca7,1,70702445-7b44-4c96-a22e-09ce7c3752a9,"{""en"": {""value"": ""Churchill"", ""direction"": ""ltr""}}",[],[],39c11465-96e8-446d-b77e-6f74ec37174a,"{""en"": {""value"": ""Churchill (URI: https://www.geonames.org/5501785)"", ""direction"": ""ltr""}}",[],[],[],5b11c06d-643e-46e4-ba6f-e8bb63af7c61,"{""en"": {""value"": ""https://www.geonames.org/5501785"", ""direction"": ""ltr""}}",e80cf338-baf8-4f6e-aff0-66fddcbc1036,"{""type"": ""Point"", ""coordinates"": [-118.33578, 39.58088]}"
d376b0c3-fcc5-4ecb-9e28-31f621705651,3dda9f54-d771-11ef-825b-0275dc2ded29,a3e9145b-ba55-4793-a0fa-189e0f404ca7,1,038d3cc8-38cb-4d2b-80c6-0216dd7fd39a,"{""en"": {""value"": ""Cibola"", ""direction"": ""ltr""}}",[],[],59bfb041-b715-4a3a-b474-0492d6d2f2f7,"{""en"": {""value"": ""Cibola (URI: https://www.geonames.org/5462019)"", ""direction"": ""ltr""}}",[],[],[],381346e8-5106-4a4c-988d-f5e13838667a,"{""en"": {""value"": ""https://www.geonames.org/5462019"", ""direction"": ""ltr""}}",8e44c489-97f8-42f2-86e5-1fa02fa452b9,"{""type"": ""Point"", ""coordinates"": [-107.99971, 34.91257]}"
00e3ef51-9a41-4f39-bed4-103b9b112bd8,3dda9f54-d771-11ef-825b-0275dc2ded29,a3e9145b-ba55-4793-a0fa-189e0f404ca7,1,d9d5e3f2-4381-4603-810a-17dd020a802d,"{""en"": {""value"": ""City of Industry"", ""direction"": ""ltr""}}",[],[],104787dc-863c-4a6b-a198-34f38289c05e,"{""en"": {""value"": ""City of Industry (URI: https://www.geonames.org/5359463)"", ""direction"": ""ltr""}}",[],[],[],9087e21b-4c86-4274-8989-03b7f57c23f7,"{""en"": {""value"": ""https://www.geonames.org/5359463"", ""direction"": ""ltr""}}",8d0cdb30-0bf1-4eb9-97b2-d83a9435176a,"{""type"": ""Point"", ""coordinates"": [-117.95868, 34.01973]}"
36e6150f-0c73-49f5-9192-229ba30f2361,3dda9f54-d771-11ef-825b-0275dc2ded29,a3e9145b-ba55-4793-a0fa-189e0f404ca7,1,1f7a2321-b3c3-4dda-9bea-b474197e8d63,"{""en"": {""value"": ""Ciudad Real"", ""direction"": ""ltr""}}",[],[],8b7b2471-ddbe-40fe-874f-cef7e1227b47,"{""en"": {""value"": ""Ciudad Real (URI: https://www.geonames.org/2519401)"", ""direction"": ""ltr""}}",[],[],[],2a650e2d-128e-42a3-8bb0-5c82952ef1b1,"{""en"": {""value"": ""https://www.geonames.org/2519401"", ""direction"": ""ltr""}}",5c427a7e-a5b0-4481-92f0-c615b39f6554,"{""type"": ""Point"", ""coordinates"": [-4.0, 39.0]}"
52560a75-0f36-4e37-91ed-805c5c54b762,3dda9f54-d771-11ef-825b-0275dc2ded29,a3e9145b-ba55-4793-a0fa-189e0f404ca7,1,0bc5433f-b176-4553-acee-76090c729b05,"{""en"": {""value"": ""Claiborne"", ""direction"": ""ltr""}}",[],[],dc2ddda4-6c72-453d-88a5-aebb22f41489,"{""en"": {""value"": ""Claiborne (URI: https://www.geonames.org/4613750)"", ""direction"": ""ltr""}}",[],[],[],5d8b91fa-9378-4883-8e88-9057d93bdd21,"{""en"": {""value"": ""https://www.geonames.org/4613750"", ""direction"": ""ltr""}}",1e889937-2740-46ff-aab8-91d8c5d44e9c,"{""type"": ""Point"", ""coordinates"": [-83.66042, 36.48585]}"
cf29be6b-be62-47f0-913b-f4f58b50cf5c,3dda9f54-d771-11ef-825b-0275dc2ded29,a3e9145b-ba55-4793-a0fa-189e0f404ca7,1,a2dd5f95-5bbd-4fb7-b77c-f4d2bcfa1ec8,"{""en"": {""value"": ""Clark"", ""direction"": ""ltr""}}",[],[],041c788d-d46e-4560-afdc-0c6a79332ece,"{""en"": {""value"": ""Clark (URI: https://www.geonames.org/5790179)"", ""direction"": ""ltr""}}",[],[],[],2e22ed28-1f62-4eb8-bc03-08ab81703135,"{""en"": {""value"": ""https://www.geonames.org/5790179"", ""direction"": ""ltr""}}",3560562a-b3bb-471b-a0e0-3ed1fd1d3d1d,"{""type"": ""Point"", ""coordinates"": [-122.48259, 45.77927]}"
12aab5fe-97d5-4fd3-9456-1cdf06427351,3dda9f54-d771-11ef-825b-0275dc2ded29,a3e9145b-ba55-4793-a0fa-189e0f404ca7,1,d9fb4892-ba16-4272-9996-6b456e813b3b,"{""en"": {""value"": ""Clay Center"", ""direction"": ""ltr""}}",[],[],67bad116-9648-44e5-ab94-b4d694f72cf3,"{""en"": {""value"": ""Clay Center (URI: https://www.geonames.org/5150460)"", ""direction"": ""ltr""}}",[],[],[],7e567917-3e4a-4059-bac9-ee7f97f3c69d,"{""en"": {""value"": ""https://www.geonames.org/5150460"", ""direction"": ""ltr""}}",2f20b091-a573-4f15-9ae2-df8fd1b2a447,"{""type"": ""Point"", ""coordinates"": [-83.36187, 41.56338]}"
f96e8bcb-f779-4b13-80d2-ef3fc9bbea96,3dda9f54-d771-11ef-825b-0275dc2ded29,a3e9145b-ba55-4793-a0fa-189e0f404ca7,1,73b5e49b-4203-45bb-925c-63cec3fb5a6f,"{""en"": {""value"": ""Clay County"", ""direction"": ""ltr""}}",[],[],d5e7ef6b-b4d7-4718-a721-317e974c69bf,"{""en"": {""value"": ""Clay County (URI: https://www.geonames.org/4460927)"", ""direction"": ""ltr""}}",[],[],[],cd2d19d8-8441-492b-8a81-126420405754,"{""en"": {""value"": ""https://www.geonames.org/4460927"", ""direction"": ""ltr""}}",89f09479-c0fb-4d09-83a4-695dcf5545f1,"{""type"": ""Point"", ""coordinates"": [-83.75021, 35.05719]}"
3d7b3df7-d611-401d-a64e-b470a090971d,3dda9f54-d771-11ef-825b-0275dc2ded29,a3e9145b-ba55-4793-a0fa-189e0f404ca7,1,2f06d364-337b-41fe-8abc-305753ac7856,"{""en"": {""value"": ""Clay Spur"", ""direction"": ""ltr""}}",[],[],152d86cc-c660-4d8f-aaeb-6f07d87c5b60,"{""en"": {""value"": ""Clay Spur (URI: https://www.geonames.org/5821371)"", ""direction"": ""ltr""}}",[],[],[],d035322d-ec31-42cd-8ec1-86a701ea35eb,"{""en"": {""value"": ""https://www.geonames.org/5821371"", ""direction"": ""ltr""}}",499dff37-b740-4a4e-bdcf-2d3874d0ca44,"{""type"": ""Point"", ""coordinates"": [-104.47634, 44.02248]}"
7b6e7119-b2b3-49f2-8296-395be64eb542,3dda9f54-d771-11ef-825b-0275dc2ded29,a3e9145b-ba55-4793-a0fa-189e0f404ca7,1,193811e4-73c6-4f56-83ce-d5db5f14ba66,"{""en"": {""value"": ""Clear Lake"", ""direction"": ""ltr""}}",[],[],fa0c03d1-b5a5-4ac8-85d8-573df32266c5,"{""en"": {""value"": ""Clear Lake (URI: https://www.geonames.org/5337887)"", ""direction"": ""ltr""}}",[],[],[],76d11095-49b6-4bb9-903b-3d63b60b7fec,"{""en"": {""value"": ""https://www.geonames.org/5337887"", ""direction"": ""ltr""}}",4ee4b28e-b7ea-41c5-86d7-88f14eca3147,"{""type"": ""Point"", ""coordinates"": [-122.82721, 39.06156]}"
f97e5964-7d58-4af2-9106-93359b34972b,3dda9f54-d771-11ef-825b-0275dc2ded29,a3e9145b-ba55-4793-a0fa-189e0f404ca7,1,28bc2381-b14b-4f35-be75-b65d0485b4cc,"{""en"": {""value"": ""Clinton"", ""direction"": ""ltr""}}",[],[],1f78ce7e-b8a4-4b54-ac12-cb775cf6762f,"{""en"": {""value"": ""Clinton (URI: https://www.geonames.org/5112972)"", ""direction"": ""ltr""}}",[],[],[],4c39efa0-71fb-4672-a110-29684b125094,"{""en"": {""value"": ""https://www.geonames.org/5112972"", ""direction"": ""ltr""}}",0f628819-1ff5-46ef-a7b2-16189a18dee2,"{""type"": ""Point"", ""coordinates"": [-75.3785, 43.0484]}"
14b0eb93-0a6b-4018-9643-bd8d55882363,3dda9f54-d771-11ef-825b-0275dc2ded29,a3e9145b-ba55-4793-a0fa-189e0f404ca7,1,ca75a76c-9008-4650-8400-e2febf87d9b0,"{""en"": {""value"": ""Compton Martin"", ""direction"": ""ltr""}}",[],[],96f01018-7305-45dd-b107-568e9bacb4b6,"{""en"": {""value"": ""Compton Martin (URI: https://www.geonames.org/7298313)"", ""direction"": ""ltr""}}",[],[],[],16de5008-1c65-42f1-b1ba-4f665037e06b,"{""en"": {""value"": ""https://www.geonames.org/7298313"", ""direction"": ""ltr""}}",fdcea201-929f-4e3c-a31e-a77177127732,"{""type"": ""Point"", ""coordinates"": [-2.64521, 51.32192]}"
a5194859-7d23-476b-8949-1ed0f90a794c,3dda9f54-d771-11ef-825b-0275dc2ded29,a3e9145b-ba55-4793-a0fa-189e0f404ca7,1,066a4940-18fb-4ddd-9917-a5c904ce2cf8,"{""en"": {""value"": ""Clio"", ""direction"": ""ltr""}}",[],[],b0762286-4bc2-4163-a341-f4bca49a0767,"{""en"": {""value"": ""Clio (URI: https://www.geonames.org/5338038)"", ""direction"": ""ltr""}}",[],[],[],37127c67-d24f-4429-9b1d-7ed6e45eff18,"{""en"": {""value"": ""https://www.geonames.org/5338038"", ""direction"": ""ltr""}}",4ce97724-e4b4-4c69-a6ea-ad393db4a185,"{""type"": ""Point"", ""coordinates"": [-120.58022, 39.74323]}"
5a532a42-3252-41bc-a39f-5c2c75bdaab3,3dda9f54-d771-11ef-825b-0275dc2ded29,a3e9145b-ba55-4793-a0fa-189e0f404ca7,1,b5d7b24b-5bc8-4ddb-b802-ff224fea7171,"{""en"": {""value"": ""Coahuila"", ""direction"": ""ltr""}}",[],[],4bf3a127-847d-49a0-99ec-74d27d2e8e38,"{""en"": {""value"": ""Coahuila (URI: https://www.geonames.org/4013674)"", ""direction"": ""ltr""}}",[],[],[],12362528-4e7c-40d5-aca6-c42bbd415dff,"{""en"": {""value"": ""https://www.geonames.org/4013674"", ""direction"": ""ltr""}}",ea129c9d-871d-425f-9de5-5819f0b36a53,"{""type"": ""Point"", ""coordinates"": [-102.0, 27.33333]}"
3325c32a-73d9-4f20-ab15-08532bacfab0,3dda9f54-d771-11ef-825b-0275dc2ded29,a3e9145b-ba55-4793-a0fa-189e0f404ca7,1,5b6f0b30-1dce-4731-a26c-b31547a0e051,"{""en"": {""value"": ""Cobalt"", ""direction"": ""ltr""}}",[],[],4ef4d2e6-0e8f-490d-bd13-5330c5973c42,"{""en"": {""value"": ""Cobalt (URI: https://www.geonames.org/5924511)"", ""direction"": ""ltr""}}",[],[],[],ed66d6d4-25e6-4781-8968-a38037b13e27,"{""en"": {""value"": ""https://www.geonames.org/5924511"", ""direction"": ""ltr""}}",32e40c7c-4fb8-4e09-8bf9-f6fcc239a518,"{""type"": ""Point"", ""coordinates"": [-79.68298, 47.40016]}"
a478a40a-eac9-4f26-8618-e98bae810de1,3dda9f54-d771-11ef-825b-0275dc2ded29,a3e9145b-ba55-4793-a0fa-189e0f404ca7,1,a6ae3ad3-d06a-49aa-9561-9d8273b166d7,"{""en"": {""value"": ""Coburg Hills"", ""direction"": ""ltr""}}",[],[],1761ac1a-2a3a-4e0c-8911-bf8ca211c6f8,"{""en"": {""value"": ""Coburg Hills (URI: https://www.geonames.org/5719769)"", ""direction"": ""ltr""}}",[],[],[],cae30811-0b0c-4275-b9b1-6d3b67551dba,"{""en"": {""value"": ""https://www.geonames.org/5719769"", ""direction"": ""ltr""}}",77e439cb-c789-46c2-9246-b46a51c77cde,"{""type"": ""Point"", ""coordinates"": [-122.92481, 44.17318]}"
ae2b144c-d12e-42fe-a73a-6f40e36a1518,3dda9f54-d771-11ef-825b-0275dc2ded29,a3e9145b-ba55-4793-a0fa-189e0f404ca7,1,145bb823-2713-45d6-82e2-1cf309a7a87f,"{""en"": {""value"": ""Coconino"", ""direction"": ""ltr""}}",[],[],29ac99f6-aaf1-4312-822c-aad827ed0004,"{""en"": {""value"": ""Coconino (URI: https://www.geonames.org/5290307)"", ""direction"": ""ltr""}}",[],[],[],7f2af41d-f128-4ecb-a1c3-682ae488695b,"{""en"": {""value"": ""https://www.geonames.org/5290307"", ""direction"": ""ltr""}}",caffd808-b09e-4385-ac72-e60e041c41a5,"{""type"": ""Point"", ""coordinates"": [-111.7705, 35.83873]}"
87b09e38-a74c-4d33-926b-493f28d9f101,3dda9f54-d771-11ef-825b-0275dc2ded29,a3e9145b-ba55-4793-a0fa-189e0f404ca7,1,6f549824-8e5e-443b-b773-56490ab89add,"{""en"": {""value"": ""Coeur d'Alene"", ""direction"": ""ltr""}}",[],[],bd824d77-f6da-40ce-8ea2-9fd45081f99f,"{""en"": {""value"": ""Coeur d'Alene (URI: https://www.geonames.org/5589173)"", ""direction"": ""ltr""}}",[],[],[],8613eab0-25c0-41d6-b1b3-1a7c58a02ebb,"{""en"": {""value"": ""https://www.geonames.org/5589173"", ""direction"": ""ltr""}}",526fdbfa-6e84-48d7-b0a1-02fbb5305138,"{""type"": ""Point"", ""coordinates"": [-116.78047, 47.67768]}"
43b23119-5040-4097-bd91-d045783c4bfa,3dda9f54-d771-11ef-825b-0275dc2ded29,a3e9145b-ba55-4793-a0fa-189e0f404ca7,1,95e5b859-89b3-4ec7-a7ba-f5614432ecad,"{""en"": {""value"": ""Cold Springs Camp"", ""direction"": ""ltr""}}",[],[],a1026910-dbbf-4469-ada1-b3eb4d0bbc1a,"{""en"": {""value"": ""Cold Springs Camp (URI: https://www.geonames.org/5021760)"", ""direction"": ""ltr""}}",[],[],[],6670f451-f5db-4af4-824a-7d412eeb7906,"{""en"": {""value"": ""https://www.geonames.org/5021760"", ""direction"": ""ltr""}}",a1a31335-c351-4adb-ba71-a26fa0c1201e,"{""type"": ""Point"", ""coordinates"": [-92.23903, 48.13713]}"
cf1044fb-d6ac-4e41-bee9-e4b437bc9ce6,3dda9f54-d771-11ef-825b-0275dc2ded29,a3e9145b-ba55-4793-a0fa-189e0f404ca7,1,9258c95a-e576-4c4f-bb54-63e4dac9d335,"{""en"": {""value"": ""Colfax"", ""direction"": ""ltr""}}",[],[],9ed84644-b82e-481d-9a1e-0707765b76c6,"{""en"": {""value"": ""Colfax (URI: https://www.geonames.org/5462567)"", ""direction"": ""ltr""}}",[],[],[],7dcf7099-7a58-4ba0-812b-9be7ba7cec3f,"{""en"": {""value"": ""https://www.geonames.org/5462567"", ""direction"": ""ltr""}}",6fc9038b-57a0-487f-8d99-210f08739481,"{""type"": ""Point"", ""coordinates"": [-104.64686, 36.60612]}"
bd86717b-e452-4fd7-9f3e-b4eed7591314,3dda9f54-d771-11ef-825b-0275dc2ded29,a3e9145b-ba55-4793-a0fa-189e0f404ca7,1,d11fb7f8-8aaa-4259-bbe8-3b4986bb438a,"{""en"": {""value"": ""Cologne"", ""direction"": ""ltr""}}",[],[],b61e83af-786b-417f-bbae-8e6cade430e8,"{""en"": {""value"": ""Cologne (URI: https://www.geonames.org/2886242)"", ""direction"": ""ltr""}}",[],[],[],c4021b09-f5b3-4bdc-9ed7-c522e0664f60,"{""en"": {""value"": ""https://www.geonames.org/2886242"", ""direction"": ""ltr""}}",5f47af4c-bca3-4591-805b-51ab887f89ec,"{""type"": ""Point"", ""coordinates"": [6.95, 50.93333]}"
2a503ffe-d242-41df-8319-d59e8943f3f0,3dda9f54-d771-11ef-825b-0275dc2ded29,a3e9145b-ba55-4793-a0fa-189e0f404ca7,1,2158dc7c-8eb7-4887-9147-51075730f375,"{""en"": {""value"": ""Colorado Springs"", ""direction"": ""ltr""}}",[],[],98f59d22-58cf-4073-a06b-bbf2cb602ea6,"{""en"": {""value"": ""Colorado Springs (URI: https://www.geonames.org/5417598)"", ""direction"": ""ltr""}}",[],[],[],6b7c2398-61ed-456c-94a9-47b33c75a306,"{""en"": {""value"": ""https://www.geonames.org/5417598"", ""direction"": ""ltr""}}",ac72f53e-f347-4372-bcd4-445611f67145,"{""type"": ""Point"", ""coordinates"": [-104.82136, 38.83388]}"
a222b08d-a603-492b-8d54-7e0bc18fe012,3dda9f54-d771-11ef-825b-0275dc2ded29,a3e9145b-ba55-4793-a0fa-189e0f404ca7,1,68c59e34-f2f2-41cd-993a-d3fc6d6bdff2,"{""en"": {""value"": ""Columbia"", ""direction"": ""ltr""}}",[],[],71a0c028-67e4-4776-901a-e89391400250,"{""en"": {""value"": ""Columbia (URI: https://www.geonames.org/5720173)"", ""direction"": ""ltr""}}",[],[],[],15678ee2-2ade-4dcb-84e3-bd1c39a97e03,"{""en"": {""value"": ""https://www.geonames.org/5720173"", ""direction"": ""ltr""}}",23344a5f-b4a3-4787-8e68-9b6cc2f1875e,"{""type"": ""Point"", ""coordinates"": [-123.08805, 45.94377]}"
6fdcb1fb-dc59-451f-bcf7-5e0d82958ceb,3dda9f54-d771-11ef-825b-0275dc2ded29,a3e9145b-ba55-4793-a0fa-189e0f404ca7,1,539bfeff-27a3-4eaa-a54e-ebd74bf92d96,"{""en"": {""value"": ""Denny Mountain"", ""direction"": ""ltr""}}",[],[],d583ef82-4f33-4fca-b612-1168c1892274,"{""en"": {""value"": ""Denny Mountain (URI: https://www.geonames.org/5792232)"", ""direction"": ""ltr""}}",[],[],[],0e62c11e-923d-4455-8415-e42f7c181dba,"{""en"": {""value"": ""https://www.geonames.org/5792232"", ""direction"": ""ltr""}}",024e4fd9-a248-4963-80be-7dd621a0200d,"{""type"": ""Point"", ""coordinates"": [-121.44426, 47.43872]}"
bd89ee29-e26b-45f9-8f1b-3b30984d571a,3dda9f54-d771-11ef-825b-0275dc2ded29,a3e9145b-ba55-4793-a0fa-189e0f404ca7,1,0905dd4f-12f8-4e53-89a7-527ead1d2ed5,"{""en"": {""value"": ""Departamento del Chocó"", ""direction"": ""ltr""}}",[],[],6d3909b6-fee7-4ef8-9bf6-7d52814768c6,"{""en"": {""value"": ""Departamento del Chocó (URI: https://www.geonames.org/3686431)"", ""direction"": ""ltr""}}",[],[],[],95d9e9b1-6f0a-46c5-ab49-6c5b1d4aeb80,"{""en"": {""value"": ""https://www.geonames.org/3686431"", ""direction"": ""ltr""}}",9fbfe944-2f73-4c7c-8b01-b00845e57b82,"{""type"": ""Point"", ""coordinates"": [-77.0, 6.0]}"
6e721558-238e-447b-8764-7a34e88901dd,3dda9f54-d771-11ef-825b-0275dc2ded29,a3e9145b-ba55-4793-a0fa-189e0f404ca7,1,095c4194-158a-4461-9496-47eccef1bc14,"{""en"": {""value"": ""Derby"", ""direction"": ""ltr""}}",[],[],b59d0120-caf2-4c5b-858c-5e967628b804,"{""en"": {""value"": ""Derby (URI: https://www.geonames.org/4832745)"", ""direction"": ""ltr""}}",[],[],[],e1afc95d-8f57-47f3-be5b-c2d80a010386,"{""en"": {""value"": ""https://www.geonames.org/4832745"", ""direction"": ""ltr""}}",654b6ae9-6f9d-4226-a472-6691dc5b531f,"{""type"": ""Point"", ""coordinates"": [-73.089, 41.32065]}"
e178eade-db77-4030-b32f-6b9c514a5fc5,3dda9f54-d771-11ef-825b-0275dc2ded29,a3e9145b-ba55-4793-a0fa-189e0f404ca7,1,cab1d1a3-e1c6-4d52-9ef7-bf27e91553ea,"{""en"": {""value"": ""Galesburg"", ""direction"": ""ltr""}}",[],[],ab75e5ee-fe12-48b0-8566-4b67e4cd9e49,"{""en"": {""value"": ""Galesburg (URI: https://www.geonames.org/4893392)"", ""direction"": ""ltr""}}",[],[],[],12f53ced-acc5-4734-a890-48c3a0d7aaae,"{""en"": {""value"": ""https://www.geonames.org/4893392"", ""direction"": ""ltr""}}",afd6467d-2a37-4d22-8da0-ab070dadbc5a,"{""type"": ""Point"", ""coordinates"": [-90.37124, 40.94782]}"
50e92ac8-1dae-4ce1-880d-75a11f13f51d,3dda9f54-d771-11ef-825b-0275dc2ded29,a3e9145b-ba55-4793-a0fa-189e0f404ca7,1,712b0d8f-659b-496c-9555-7ff1c3d2574f,"{""en"": {""value"": ""Fannin County"", ""direction"": ""ltr""}}",[],[],80b70469-b82b-4c49-ba3e-82889d4b7d3a,"{""en"": {""value"": ""Fannin County (URI: https://www.geonames.org/4194387)"", ""direction"": ""ltr""}}",[],[],[],ff50b3a2-3e71-480a-b24a-9c9560f85b74,"{""en"": {""value"": ""https://www.geonames.org/4194387"", ""direction"": ""ltr""}}",f345b598-b070-46e0-9fe0-70a2774f205e,"{""type"": ""Point"", ""coordinates"": [-84.31985, 34.86411]}"
6a8eb716-af75-4e76-99f2-9a46e7740ae2,3dda9f54-d771-11ef-825b-0275dc2ded29,a3e9145b-ba55-4793-a0fa-189e0f404ca7,1,7faabf93-a0fa-4471-946d-a53da4c548d6,"{""en"": {""value"": ""Fayette County"", ""direction"": ""ltr""}}",[],[],d09f6e7b-af6e-41ee-a525-3c717d13c9ae,"{""en"": {""value"": ""Fayette County (URI: https://www.geonames.org/4690287)"", ""direction"": ""ltr""}}",[],[],[],e1c3e691-2e22-4670-b1bf-49ed8fa6837c,"{""en"": {""value"": ""https://www.geonames.org/4690287"", ""direction"": ""ltr""}}",a8821d8f-d466-4518-aae1-6f6975782c0d,"{""type"": ""Point"", ""coordinates"": [-96.91976, 29.87679]}"
ed56137e-e471-4f70-835a-f7b4585a5c50,3dda9f54-d771-11ef-825b-0275dc2ded29,a3e9145b-ba55-4793-a0fa-189e0f404ca7,1,29a253e7-f604-40fb-ae6d-1fb919e887e6,"{""en"": {""value"": ""Fayetteville"", ""direction"": ""ltr""}}",[],[],0a49cfc6-9420-45ca-b4a7-6b87eefc1f91,"{""en"": {""value"": ""Fayetteville (URI: https://www.geonames.org/4110486)"", ""direction"": ""ltr""}}",[],[],[],b1d142da-4674-4977-80d1-590e4b74253b,"{""en"": {""value"": ""https://www.geonames.org/4110486"", ""direction"": ""ltr""}}",c8e72a8c-6a7b-48a0-8db0-c4b7bf5ec979,"{""type"": ""Point"", ""coordinates"": [-94.15743, 36.06258]}"
40f6357f-47c1-4575-968f-6ef319e38041,3dda9f54-d771-11ef-825b-0275dc2ded29,a3e9145b-ba55-4793-a0fa-189e0f404ca7,1,fed6980a-84b7-4859-a22e-e2e393175b57,"{""en"": {""value"": ""Fernley"", ""direction"": ""ltr""}}",[],[],c74fe690-ebeb-403a-b645-f8af4ac6469c,"{""en"": {""value"": ""Fernley (URI: https://www.geonames.org/5504003)"", ""direction"": ""ltr""}}",[],[],[],cf776456-3937-4000-831b-480fa68a658e,"{""en"": {""value"": ""https://www.geonames.org/5504003"", ""direction"": ""ltr""}}",ac950ddb-c683-428f-a032-f6abad8ef22e,"{""type"": ""Point"", ""coordinates"": [-119.25183, 39.60797]}"
7f6631ce-2298-4808-b767-b7e1f15c15e2,3dda9f54-d771-11ef-825b-0275dc2ded29,a3e9145b-ba55-4793-a0fa-189e0f404ca7,1,af7cec3a-4256-4b83-96ee-2b4e1a082ac9,"{""en"": {""value"": ""Florence"", ""direction"": ""ltr""}}",[],[],37e68529-2eab-4081-9006-3b57a9baeb16,"{""en"": {""value"": ""Florence (URI: https://www.geonames.org/5294902)"", ""direction"": ""ltr""}}",[],[],[],165cb10d-a3c1-4d19-8a40-263d9a011d44,"{""en"": {""value"": ""https://www.geonames.org/5294902"", ""direction"": ""ltr""}}",911f91b2-dce1-4d3f-8d31-f5f5642cb4a1,"{""type"": ""Point"", ""coordinates"": [-111.38734, 33.03145]}"
43a84f05-35ca-46ee-8614-46f2a78fc958,3dda9f54-d771-11ef-825b-0275dc2ded29,a3e9145b-ba55-4793-a0fa-189e0f404ca7,1,33f7cb00-e0af-4c9d-885c-dde4c5459e02,"{""en"": {""value"": ""Folsom"", ""direction"": ""ltr""}}",[],[],61604ef8-17c9-4bbb-be6f-a11a33fe7a06,"{""en"": {""value"": ""Folsom (URI: https://www.geonames.org/5349705)"", ""direction"": ""ltr""}}",[],[],[],86f75a1f-ad95-47e1-9eab-d1678d5dacb8,"{""en"": {""value"": ""https://www.geonames.org/5349705"", ""direction"": ""ltr""}}",0abb421c-0cbb-41e1-942c-dba97358ccc4,"{""type"": ""Point"", ""coordinates"": [-121.17606, 38.67796]}"
eaa7c194-1053-4682-be20-e3c6d6771e11,3dda9f54-d771-11ef-825b-0275dc2ded29,a3e9145b-ba55-4793-a0fa-189e0f404ca7,1,3ee286bd-a616-4e84-8317-95ffd13a5f18,"{""en"": {""value"": ""Fremont"", ""direction"": ""ltr""}}",[],[],9f102e33-2e17-438d-92c5-5cff3fe1c5a7,"{""en"": {""value"": ""Fremont (URI: https://www.geonames.org/5422448)"", ""direction"": ""ltr""}}",[],[],[],5a3b981e-d433-4028-b7bb-39217d88abbc,"{""en"": {""value"": ""https://www.geonames.org/5422448"", ""direction"": ""ltr""}}",170b6553-f93a-45de-b944-6a6dcd8c1726,"{""type"": ""Point"", ""coordinates"": [-105.43966, 38.47297]}"
56740c79-16f8-43e4-a6f4-77facd28c710,3dda9f54-d771-11ef-825b-0275dc2ded29,a3e9145b-ba55-4793-a0fa-189e0f404ca7,1,401e8587-fbf4-4e46-aa88-8b0340ed0c13,"{""en"": {""value"": ""Gabbs"", ""direction"": ""ltr""}}",[],[],228b39d8-3695-4cc3-9235-45e8bc3eb7e0,"{""en"": {""value"": ""Gabbs (URI: https://www.geonames.org/5504394)"", ""direction"": ""ltr""}}",[],[],[],0f80bcf2-bec1-488a-82fc-fe79c03667ce,"{""en"": {""value"": ""https://www.geonames.org/5504394"", ""direction"": ""ltr""}}",2d185c13-a637-4bfe-8a88-c9c771c6bb1a,"{""type"": ""Point"", ""coordinates"": [-117.92206, 38.86881]}"
68ed952f-662f-420f-8f9f-720a696bab22,3dda9f54-d771-11ef-825b-0275dc2ded29,a3e9145b-ba55-4793-a0fa-189e0f404ca7,1,631d5a34-766a-453c-a80f-053a7cf8dcf1,"{""en"": {""value"": ""Gabbs Valley"", ""direction"": ""ltr""}}",[],[],60555678-d3e8-40b6-97b6-7be3e4392303,"{""en"": {""value"": ""Gabbs Valley (URI: https://www.geonames.org/5504403)"", ""direction"": ""ltr""}}",[],[],[],2e929478-2dfc-45db-8919-621c46959cbb,"{""en"": {""value"": ""https://www.geonames.org/5504403"", ""direction"": ""ltr""}}",397bc751-1988-42a1-8d4a-aafb33c9c58a,"{""type"": ""Point"", ""coordinates"": [-118.2079, 38.84992]}"
15d8b6be-b8d8-450b-be7e-8db93f983fe4,3dda9f54-d771-11ef-825b-0275dc2ded29,a3e9145b-ba55-4793-a0fa-189e0f404ca7,1,564a8e66-7cde-4e87-88a4-8f0c7263a402,"{""en"": {""value"": ""Gadsden County "", ""direction"": ""ltr""}}",[],[],aeaed662-2ff6-490e-ba95-fc6ccad7ae8a,"{""en"": {""value"": ""Gadsden County  (URI: https://www.geonames.org/4156394)"", ""direction"": ""ltr""}}",[],[],[],11bab97a-bb00-4c6f-a71e-09b480ee4fee,"{""en"": {""value"": ""https://www.geonames.org/4156394"", ""direction"": ""ltr""}}",1c871b54-1f56-45c1-bc0a-3431e115307e,"{""type"": ""Point"", ""coordinates"": [-84.6136, 30.57947]}"
a06c3b01-dea5-4130-82b8-016f795f36eb,3dda9f54-d771-11ef-825b-0275dc2ded29,a3e9145b-ba55-4793-a0fa-189e0f404ca7,1,a9eb7938-73a2-4ffa-804a-3c4ded83d450,"{""en"": {""value"": ""Gard"", ""direction"": ""ltr""}}",[],[],7aeb0ce6-a94f-4e16-95ab-60885195ab2b,"{""en"": {""value"": ""Gard (URI: https://www.geonames.org/3016670)"", ""direction"": ""ltr""}}",[],[],[],031edba8-9e52-48a1-93a5-57ed6ba93100,"{""en"": {""value"": ""https://www.geonames.org/3016670"", ""direction"": ""ltr""}}",ac4dab7d-12b7-45a4-a79d-c0341a326f6d,"{""type"": ""Point"", ""coordinates"": [4.28751, 44.0179]}"
913963b0-4168-4d23-8df2-14e47ce4169c,3dda9f54-d771-11ef-825b-0275dc2ded29,a3e9145b-ba55-4793-a0fa-189e0f404ca7,1,8c7e6482-fc0d-4768-9b45-3ada1fc1a2aa,"{""en"": {""value"": ""Fabriano"", ""direction"": ""ltr""}}",[],[],d25d60af-880d-4e26-9b07-686f1f70d7c6,"{""en"": {""value"": ""Fabriano (URI: https://www.geonames.org/6540449)"", ""direction"": ""ltr""}}",[],[],[],bddc9078-da98-464b-89f0-214d303914af,"{""en"": {""value"": ""https://www.geonames.org/6540449"", ""direction"": ""ltr""}}",e16a4db2-e47d-4bab-bf03-0a9c81736e2d,"{""type"": ""Point"", ""coordinates"": [12.90727, 43.34065]}"
675442f6-6e41-4abc-a145-4c7945254058,3dda9f54-d771-11ef-825b-0275dc2ded29,a3e9145b-ba55-4793-a0fa-189e0f404ca7,1,e1ac15af-9971-4067-bd06-5fe71fa5eeea,"{""en"": {""value"": ""Gassetts"", ""direction"": ""ltr""}}",[],[],58e7513f-6bed-4137-812c-ed14e3d74f8a,"{""en"": {""value"": ""Gassetts (URI: https://www.geonames.org/5236355)"", ""direction"": ""ltr""}}",[],[],[],f6aac486-5e78-4194-8cba-51945ba1e403,"{""en"": {""value"": ""https://www.geonames.org/5236355"", ""direction"": ""ltr""}}",b881ef98-d7f7-456d-83ed-234f866ec4d3,"{""type"": ""Point"", ""coordinates"": [-72.60676, 43.32452]}"
ac525414-3d6d-41b5-8d59-dd7b1f46ab02,3dda9f54-d771-11ef-825b-0275dc2ded29,a3e9145b-ba55-4793-a0fa-189e0f404ca7,1,c2033266-2baf-471d-835a-5266a0063a1b,"{""en"": {""value"": ""Georgia"", ""direction"": ""ltr""}}",[],[],7b9b9567-90e1-433e-ad78-7bbc8f35e87b,"{""en"": {""value"": ""Georgia (URI: https://www.geonames.org/4197000)"", ""direction"": ""ltr""}}",[],[],[],d55a3e4d-1711-49eb-8f8e-155d44935433,"{""en"": {""value"": ""https://www.geonames.org/4197000"", ""direction"": ""ltr""}}",414bd0f5-328e-4378-af1f-23d1360b5fe6,"{""type"": ""Point"", ""coordinates"": [-83.50018, 32.75042]}"
52c75bc1-7797-4ef8-b829-7ce771e4968a,3dda9f54-d771-11ef-825b-0275dc2ded29,a3e9145b-ba55-4793-a0fa-189e0f404ca7,1,ac33873d-4a22-45d3-a111-833675f878bb,"{""en"": {""value"": ""Getty Center"", ""direction"": ""ltr""}}",[],[],6b14bce2-bee2-45c4-8455-62e237cb3b73,"{""en"": {""value"": ""Getty Center (URI: https://www.geonames.org/7535519)"", ""direction"": ""ltr""}}",[],[],[],ea9c95c3-5546-465f-af0a-c7ff97b0a3e9,"{""en"": {""value"": ""https://www.geonames.org/7535519"", ""direction"": ""ltr""}}",c6698f96-4a76-474b-89f8-4e07a8e9e5b6,"{""type"": ""Point"", ""coordinates"": [-118.4741, 34.07804]}"
ca146ba4-f00b-4331-a3eb-5b09bd5e88d3,3dda9f54-d771-11ef-825b-0275dc2ded29,a3e9145b-ba55-4793-a0fa-189e0f404ca7,1,d5a101c6-1c82-4a45-8b2e-e23f1bfec7a0,"{""en"": {""value"": ""Globe"", ""direction"": ""ltr""}}",[],[],2de6b76c-04c4-4fc2-addb-2b9ae2702c34,"{""en"": {""value"": ""Globe (URI: https://www.geonames.org/5296013)"", ""direction"": ""ltr""}}",[],[],[],dbdc0888-dcad-4c39-8c48-e2aedb8b7c6c,"{""en"": {""value"": ""https://www.geonames.org/5296013"", ""direction"": ""ltr""}}",e3d47477-535b-4a10-b91c-31528fe47976,"{""type"": ""Point"", ""coordinates"": [-110.7865, 33.39422]}"
2fc2830b-5979-4907-9ac1-3864499c33e0,3dda9f54-d771-11ef-825b-0275dc2ded29,a3e9145b-ba55-4793-a0fa-189e0f404ca7,1,5b3f2bc2-d786-490e-b921-213e200a179e,"{""en"": {""value"": ""Goble"", ""direction"": ""ltr""}}",[],[],05eaf198-a474-465d-9d98-19a726c4e5a3,"{""en"": {""value"": ""Goble (URI: https://www.geonames.org/5728592)"", ""direction"": ""ltr""}}",[],[],[],af7e9fdf-0824-4325-853e-e6498407314c,"{""en"": {""value"": ""https://www.geonames.org/5728592"", ""direction"": ""ltr""}}",ad1fd547-a69e-4c02-a6d8-ed9be6146953,"{""type"": ""Point"", ""coordinates"": [-122.87539, 46.01595]}"
0ec98435-be08-4fa5-885a-8915a331e9b9,3dda9f54-d771-11ef-825b-0275dc2ded29,a3e9145b-ba55-4793-a0fa-189e0f404ca7,1,35646434-6fe6-43ef-96e9-0ffb8c96e6c9,"{""en"": {""value"": ""Golconda"", ""direction"": ""ltr""}}",[],[],9ca9a1b8-ba2d-406a-ab81-08827e53913e,"{""en"": {""value"": ""Golconda (URI: https://www.geonames.org/5704200)"", ""direction"": ""ltr""}}",[],[],[],de01b9d7-5c34-4b94-8dbb-2cebf100ed1c,"{""en"": {""value"": ""https://www.geonames.org/5704200"", ""direction"": ""ltr""}}",9655fae1-abf5-4bf0-bd67-6ee8869f6493,"{""type"": ""Point"", ""coordinates"": [-117.48929, 40.95324]}"
494c1c82-1bd8-422c-a027-4105dd891ed8,3dda9f54-d771-11ef-825b-0275dc2ded29,a3e9145b-ba55-4793-a0fa-189e0f404ca7,1,0c765577-e358-4d03-bd5a-96e2c20d1f15,"{""en"": {""value"": ""Gonzales County"", ""direction"": ""ltr""}}",[],[],29fb3943-833f-4366-89e6-d3fb603a5855,"{""en"": {""value"": ""Gonzales County (URI: https://www.geonames.org/4693951)"", ""direction"": ""ltr""}}",[],[],[],22cb1c5a-b4fb-4624-98e7-9bb9dfca3825,"{""en"": {""value"": ""https://www.geonames.org/4693951"", ""direction"": ""ltr""}}",f8b3bfed-bea4-4f66-8c10-38d493dcdbf0,"{""type"": ""Point"", ""coordinates"": [-97.49252, 29.45673]}"
6aefc111-1bfe-44b5-9bb2-8123a81d47ce,3dda9f54-d771-11ef-825b-0275dc2ded29,a3e9145b-ba55-4793-a0fa-189e0f404ca7,1,936865d6-6ca9-4195-8a59-ca291265ee2b,"{""en"": {""value"": ""Gonzalez Videla Station"", ""direction"": ""ltr""}}",[],[],8e2a7446-220c-4162-a7f2-baf0fe7bc518,"{""en"": {""value"": ""Gonzalez Videla Station (URI: https://www.geonames.org/6620754)"", ""direction"": ""ltr""}}",[],[],[],e2642134-713d-4350-bd92-c83f6d813731,"{""en"": {""value"": ""https://www.geonames.org/6620754"", ""direction"": ""ltr""}}",aaa9f171-ac34-46a1-86b5-2f014e767529,"{""type"": ""Point"", ""coordinates"": [-62.8575, -64.82328]}"
e027ca98-887b-426c-b0f7-64edda8fa234,3dda9f54-d771-11ef-825b-0275dc2ded29,a3e9145b-ba55-4793-a0fa-189e0f404ca7,1,dcaa6cca-1122-47df-9571-802253387a81,"{""en"": {""value"": ""Goshen"", ""direction"": ""ltr""}}",[],[],35d932f7-47db-42fe-b7aa-fe4876922fb6,"{""en"": {""value"": ""Goshen (URI: https://www.geonames.org/4835128)"", ""direction"": ""ltr""}}",[],[],[],8b84f395-4328-4a9a-903c-a58e747940a4,"{""en"": {""value"": ""https://www.geonames.org/4835128"", ""direction"": ""ltr""}}",d2890731-6482-4336-9e13-80cf1453b05f,"{""type"": ""Point"", ""coordinates"": [-73.22511, 41.83176]}"
bf7dd1b4-7a9f-4d16-97a8-6fd7a79025af,3dda9f54-d771-11ef-825b-0275dc2ded29,a3e9145b-ba55-4793-a0fa-189e0f404ca7,1,6e4bf82c-e749-4c99-b6f1-a1828ac76ce9,"{""en"": {""value"": ""Graham County"", ""direction"": ""ltr""}}",[],[],04143b13-0168-45f7-91b4-b7eb4dc20d81,"{""en"": {""value"": ""Graham County (URI: https://www.geonames.org/5296368)"", ""direction"": ""ltr""}}",[],[],[],f783f322-24dc-4510-bea0-da4dd2844664,"{""en"": {""value"": ""https://www.geonames.org/5296368"", ""direction"": ""ltr""}}",1a081634-680b-446d-86ee-9e380c0184e0,"{""type"": ""Point"", ""coordinates"": [-109.88744, 32.93272]}"
b4592b08-9fc8-494c-a2ea-93a0b30c1e10,3dda9f54-d771-11ef-825b-0275dc2ded29,a3e9145b-ba55-4793-a0fa-189e0f404ca7,1,4bfee57c-9d78-4f17-9ae0-b9293eb026dd,"{""en"": {""value"": ""Fall Creek"", ""direction"": ""ltr""}}",[],[],af2239bc-f9ef-4bc1-b764-934b908da9d4,"{""en"": {""value"": ""Fall Creek (URI: https://www.geonames.org/5554691)"", ""direction"": ""ltr""}}",[],[],[],72f20ae7-eed2-41eb-b70b-ddb730502044,"{""en"": {""value"": ""https://www.geonames.org/5554691"", ""direction"": ""ltr""}}",6c1f758e-8a61-45f3-be8b-1bdece2eb7ce,"{""type"": ""Point"", ""coordinates"": [-122.82035, 43.95957]}"
a96410df-f44f-408a-970b-89f20bf84ce2,3dda9f54-d771-11ef-825b-0275dc2ded29,a3e9145b-ba55-4793-a0fa-189e0f404ca7,1,c7aee369-9707-424e-8630-f4e88f9b281e,"{""en"": {""value"": ""Evenkiyskiy District"", ""direction"": ""ltr""}}",[],[],833cc048-cbdb-41c2-9db9-a50dd8f01fdb,"{""en"": {""value"": ""Evenkiyskiy District (URI: https://www.geonames.org/1506922)"", ""direction"": ""ltr""}}",[],[],[],0d7fbc9c-2bee-4e20-9602-fc4f9dc8377f,"{""en"": {""value"": ""https://www.geonames.org/1506922"", ""direction"": ""ltr""}}",7e150127-ae42-4c17-bcf6-8757fbbb8ffa,"{""type"": ""Point"", ""coordinates"": [98.0, 65.0]}"
8e08db68-4387-4186-bae4-bb069003acd6,3dda9f54-d771-11ef-825b-0275dc2ded29,a3e9145b-ba55-4793-a0fa-189e0f404ca7,1,07e36893-e0ad-42aa-a3fd-afc30a1badcc,"{""en"": {""value"": ""Diamond Hill"", ""direction"": ""ltr""}}",[],[],3e3ae0b5-acc6-461a-bec8-3a4f937a600f,"{""en"": {""value"": ""Diamond Hill (URI: https://www.wikidata.org/wiki/Q16960629)"", ""direction"": ""ltr""}}",[],[],[],d68214ef-aba7-4521-a1ac-c46abe48aa93,"{""en"": {""value"": ""https://www.wikidata.org/wiki/Q16960629"", ""direction"": ""ltr""}}",cc963b67-798d-4be0-950b-c1bf88836482,"{""type"": ""Point"", ""coordinates"": [-71.41366667, 41.99977778]}"
0eccee65-f3fe-48dd-b557-2e7dcf213649,3dda9f54-d771-11ef-825b-0275dc2ded29,a3e9145b-ba55-4793-a0fa-189e0f404ca7,1,e6654b3a-e692-4977-a918-d635bc570dca,"{""en"": {""value"": ""East Azerbaijan"", ""direction"": ""ltr""}}",[],[],5c086652-77b3-47ea-88c6-62fba102325f,"{""en"": {""value"": ""East Azerbaijan (URI: https://www.geonames.org/142549)"", ""direction"": ""ltr""}}",[],[],[],942951a8-1307-4293-82a9-4d09e8d29d97,"{""en"": {""value"": ""https://www.geonames.org/142549"", ""direction"": ""ltr""}}",1f020397-0037-4846-abe5-1653de5d1dae,"{""type"": ""Point"", ""coordinates"": [46.75, 38.0]}"
61d26cf7-8ac0-495e-9dd7-cacfe9a4deb0,3dda9f54-d771-11ef-825b-0275dc2ded29,a3e9145b-ba55-4793-a0fa-189e0f404ca7,1,a996d3b5-cf80-4fe8-8f09-eda753873cbf,"{""en"": {""value"": ""Dillon"", ""direction"": ""ltr""}}",[],[],80d604c2-790a-400b-9231-131b25c6d49c,"{""en"": {""value"": ""Dillon (URI: https://www.geonames.org/5648657)"", ""direction"": ""ltr""}}",[],[],[],4e41faff-a5d4-4051-95f3-10bcc90b9a11,"{""en"": {""value"": ""https://www.geonames.org/5648657"", ""direction"": ""ltr""}}",139b27f3-c4fd-4836-8989-8129a8683058,"{""type"": ""Point"", ""coordinates"": [-112.63752, 45.21631]}"
05e565fa-c9e6-4f45-8b0b-3a5892bc53ce,3dda9f54-d771-11ef-825b-0275dc2ded29,a3e9145b-ba55-4793-a0fa-189e0f404ca7,1,523dd509-e1e6-476c-aab2-aaa5828c17a9,"{""en"": {""value"": ""Dominican Republic"", ""direction"": ""ltr""}}",[],[],5ed65320-0647-4ffb-b496-52449e779a91,"{""en"": {""value"": ""Dominican Republic (URI: https://www.geonames.org/3508796)"", ""direction"": ""ltr""}}",[],[],[],1e3c2b61-3621-4dba-8b09-1dee4dc3f679,"{""en"": {""value"": ""https://www.geonames.org/3508796"", ""direction"": ""ltr""}}",3cad8b11-adb4-46c7-b256-649d61ffa683,"{""type"": ""Point"", ""coordinates"": [-70.66667, 19.0]}"
c2d45bda-52d8-485f-ac3a-a9c5afb591ca,3dda9f54-d771-11ef-825b-0275dc2ded29,a3e9145b-ba55-4793-a0fa-189e0f404ca7,1,298e0d1f-1e3e-41a2-ab78-a2e4de8e2391,"{""en"": {""value"": ""Donets"", ""direction"": ""ltr""}}",[],[],070fb1a9-0c78-4ab6-84ee-bb4b98c482e1,"{""en"": {""value"": ""Donets (URI: https://www.geonames.org/565351)"", ""direction"": ""ltr""}}",[],[],[],6b0357fd-5e7e-4ba9-8d3d-ea5e62c2c1d0,"{""en"": {""value"": ""https://www.geonames.org/565351"", ""direction"": ""ltr""}}",f289a9e8-7bfd-4033-9120-7fbd568d1366,"{""type"": ""Point"", ""coordinates"": [30.75, 58.93333]}"
617051fd-e4de-4f44-bcb1-66ffafea41c5,3dda9f54-d771-11ef-825b-0275dc2ded29,a3e9145b-ba55-4793-a0fa-189e0f404ca7,1,acef307d-ec25-4c3f-a3ba-07825ce71223,"{""en"": {""value"": ""Donnersberg"", ""direction"": ""ltr""}}",[],[],a8ad6628-b7f2-49df-ba43-803ace84ecc2,"{""en"": {""value"": ""Donnersberg (URI: https://www.geonames.org/2936214)"", ""direction"": ""ltr""}}",[],[],[],c8f7e237-7f59-479f-b1a5-4af31a43d0f2,"{""en"": {""value"": ""https://www.geonames.org/2936214"", ""direction"": ""ltr""}}",e3340c82-2b59-426a-8870-118fe85fe9cf,"{""type"": ""Point"", ""coordinates"": [7.91468, 49.62519]}"
20bc3961-0762-4ad6-bb8d-546643f4f3c9,3dda9f54-d771-11ef-825b-0275dc2ded29,a3e9145b-ba55-4793-a0fa-189e0f404ca7,1,ace4b707-5954-4ac5-85c5-731f2427cebd,"{""en"": {""value"": ""Door"", ""direction"": ""ltr""}}",[],[],ed6a6bd0-7cb5-442f-968f-2ed9cf232f90,"{""en"": {""value"": ""Door (URI: https://www.geonames.org/5250768)"", ""direction"": ""ltr""}}",[],[],[],4ab1cf74-6b36-4b9a-9835-5bcc9e35bfee,"{""en"": {""value"": ""https://www.geonames.org/5250768"", ""direction"": ""ltr""}}",40ced0af-1f71-4c8a-8dce-6ad38a0e4968,"{""type"": ""Point"", ""coordinates"": [-87.35779, 44.83834]}"
676e503e-0e86-4d4b-a9cf-459246206fd6,3dda9f54-d771-11ef-825b-0275dc2ded29,a3e9145b-ba55-4793-a0fa-189e0f404ca7,1,a054147d-b7ea-4549-be42-56eee075e5b0,"{""en"": {""value"": ""Douglas"", ""direction"": ""ltr""}}",[],[],1833b3d4-2ff0-477b-b628-fa85e91d593f,"{""en"": {""value"": ""Douglas (URI: https://www.geonames.org/5723759)"", ""direction"": ""ltr""}}",[],[],[],9978125a-9567-47ee-ae6c-1664b70a3604,"{""en"": {""value"": ""https://www.geonames.org/5723759"", ""direction"": ""ltr""}}",c05bff82-2f09-4a03-97bc-b49a6cef48fb,"{""type"": ""Point"", ""coordinates"": [-123.17942, 43.28536]}"
a74783da-f151-4864-8486-4ffac9526857,3dda9f54-d771-11ef-825b-0275dc2ded29,a3e9145b-ba55-4793-a0fa-189e0f404ca7,1,99b5ec7e-853d-4ca4-b475-edc0c137303a,"{""en"": {""value"": ""Dover District"", ""direction"": ""ltr""}}",[],[],5c77fdf3-5b6f-444c-82dc-12d4cb8a5561,"{""en"": {""value"": ""Dover District (URI: https://www.geonames.org/2651049)"", ""direction"": ""ltr""}}",[],[],[],95724ca0-b9ce-4f0c-b375-d2d18f4826b8,"{""en"": {""value"": ""https://www.geonames.org/2651049"", ""direction"": ""ltr""}}",b03ad159-caa5-475b-a028-54322bab158c,"{""type"": ""Point"", ""coordinates"": [1.23333, 51.15]}"
cf1aedeb-b1ed-462f-adb3-c1dae6c8ea76,3dda9f54-d771-11ef-825b-0275dc2ded29,a3e9145b-ba55-4793-a0fa-189e0f404ca7,1,bfa0f013-1580-4242-b676-57cdb82c9cd0,"{""en"": {""value"": ""Drain"", ""direction"": ""ltr""}}",[],[],b1160b31-86db-4191-9214-fc4af9fc114c,"{""en"": {""value"": ""Drain (URI: https://www.geonames.org/5723833)"", ""direction"": ""ltr""}}",[],[],[],17fcd25b-4410-4d68-9022-fa910ec8de49,"{""en"": {""value"": ""https://www.geonames.org/5723833"", ""direction"": ""ltr""}}",23679280-37a0-4031-a302-0782c16c9663,"{""type"": ""Point"", ""coordinates"": [-123.3187, 43.65873]}"
d8a6656f-d0c3-4f65-af8a-a113cf4158bb,3dda9f54-d771-11ef-825b-0275dc2ded29,a3e9145b-ba55-4793-a0fa-189e0f404ca7,1,0d3ae256-b2ab-45f2-b29a-705df65ca87b,"{""en"": {""value"": ""Driebergen-Rijsenburg"", ""direction"": ""ltr""}}",[],[],bff89d7e-e0ca-4c38-ace7-07649ec875d4,"{""en"": {""value"": ""Driebergen-Rijsenburg (URI: https://www.geonames.org/2756619)"", ""direction"": ""ltr""}}",[],[],[],15dadc8c-6b80-471b-917a-a745e85e4096,"{""en"": {""value"": ""https://www.geonames.org/2756619"", ""direction"": ""ltr""}}",6e5b8cce-ff3d-4677-a9f1-aad42db70f33,"{""type"": ""Point"", ""coordinates"": [5.28056, 52.05333]}"
8a69fb84-1e5f-46be-8d5d-79fe67b350d2,3dda9f54-d771-11ef-825b-0275dc2ded29,a3e9145b-ba55-4793-a0fa-189e0f404ca7,1,346fbc43-1c0a-42ec-81ce-6c1452bb11e9,"{""en"": {""value"": ""Duncan"", ""direction"": ""ltr""}}",[],[],7323fa35-6fcc-4f73-96df-9f1d10b2e7ff,"{""en"": {""value"": ""Duncan (URI: https://www.geonames.org/5293430)"", ""direction"": ""ltr""}}",[],[],[],d4e93182-e128-4be6-a199-f9c432836753,"{""en"": {""value"": ""https://www.geonames.org/5293430"", ""direction"": ""ltr""}}",c5d5b3bb-402d-47b0-a5e9-466acbddccde,"{""type"": ""Point"", ""coordinates"": [-109.10534, 32.72146]}"
ca98523d-9993-48d8-816e-bc24382cd9f8,3dda9f54-d771-11ef-825b-0275dc2ded29,a3e9145b-ba55-4793-a0fa-189e0f404ca7,1,f10ef000-b312-44f8-9b00-e6a18a35b181,"{""en"": {""value"": ""Durango"", ""direction"": ""ltr""}}",[],[],0d176ee1-b339-4f43-9f8d-2ef7ca945337,"{""en"": {""value"": ""Durango (URI: https://www.geonames.org/4011743)"", ""direction"": ""ltr""}}",[],[],[],e7be0a47-168f-40a6-86d7-94585b248928,"{""en"": {""value"": ""https://www.geonames.org/4011743"", ""direction"": ""ltr""}}",14273cca-d051-4e33-bdd4-c06a535832d1,"{""type"": ""Point"", ""coordinates"": [-104.65756, 24.02032]}"
cc233aa4-eb34-4e71-83dd-13407f4bb226,3dda9f54-d771-11ef-825b-0275dc2ded29,a3e9145b-ba55-4793-a0fa-189e0f404ca7,1,56a5d2fb-a670-4f05-b829-44028b804d18,"{""en"": {""value"": ""East Fork Gila River"", ""direction"": ""ltr""}}",[],[],072259b2-a125-4d17-a846-1b29707f2793,"{""en"": {""value"": ""East Fork Gila River (URI: https://www.geonames.org/5466041)"", ""direction"": ""ltr""}}",[],[],[],e5cb71ca-6839-4e12-ba63-60e976e8d148,"{""en"": {""value"": ""https://www.geonames.org/5466041"", ""direction"": ""ltr""}}",2f3aabae-3955-4b42-a449-7bb4bdf391a8,"{""type"": ""Point"", ""coordinates"": [-108.20588, 33.18007]}"
584d13bb-b8d1-4180-872b-5c751e50cb02,3dda9f54-d771-11ef-825b-0275dc2ded29,a3e9145b-ba55-4793-a0fa-189e0f404ca7,1,ae805187-8433-48ef-83ab-f13bba819b74,"{""en"": {""value"": ""Esmeralda"", ""direction"": ""ltr""}}",[],[],db337d39-7211-45f2-9bab-e216bd8b7ec4,"{""en"": {""value"": ""Esmeralda (URI: https://www.geonames.org/5503780)"", ""direction"": ""ltr""}}",[],[],[],1833ba50-23b4-4de4-b6a0-443d93cd800d,"{""en"": {""value"": ""https://www.geonames.org/5503780"", ""direction"": ""ltr""}}",6744df88-e97a-415e-9289-db12e421df2a,"{""type"": ""Point"", ""coordinates"": [-117.63237, 37.7847]}"
21f06c7e-3db1-48cb-86f6-3b9ca8ddfe70,3dda9f54-d771-11ef-825b-0275dc2ded29,a3e9145b-ba55-4793-a0fa-189e0f404ca7,1,8a9076e5-3280-4e43-89f0-0053cac047fe,"{""en"": {""value"": ""Eden Mills"", ""direction"": ""ltr""}}",[],[],4d50c534-ebd6-492d-ae57-beb0ea222a96,"{""en"": {""value"": ""Eden Mills (URI: https://www.geonames.org/5235828)"", ""direction"": ""ltr""}}",[],[],[],86381c53-281b-4a86-a7f8-85a4b7aaf366,"{""en"": {""value"": ""https://www.geonames.org/5235828"", ""direction"": ""ltr""}}",7f98e1af-2446-460a-9dbc-9594bc4cd41d,"{""type"": ""Point"", ""coordinates"": [-72.53011, 44.71338]}"
d5b5c3bc-97b5-4764-b7c1-bcfcb2dd67b3,3dda9f54-d771-11ef-825b-0275dc2ded29,a3e9145b-ba55-4793-a0fa-189e0f404ca7,1,8a8278f6-8429-4491-b36f-7ee82a0f4bcc,"{""en"": {""value"": ""Edgar"", ""direction"": ""ltr""}}",[],[],90534114-ace2-4ac9-9d6b-45a0c517fd30,"{""en"": {""value"": ""Edgar (URI: https://www.geonames.org/4154198)"", ""direction"": ""ltr""}}",[],[],[],4f149a35-856b-4991-a02f-bbbfc990461d,"{""en"": {""value"": ""https://www.geonames.org/4154198"", ""direction"": ""ltr""}}",9598ba56-5e27-49d6-a6a7-6cd14e5ee4cf,"{""type"": ""Point"", ""coordinates"": [-81.95065, 29.59497]}"
a1daa13b-22e0-44a6-9cfc-71885301d9f2,3dda9f54-d771-11ef-825b-0275dc2ded29,a3e9145b-ba55-4793-a0fa-189e0f404ca7,1,4c0a0f0e-5cf4-4382-846d-4bf12c9c257f,"{""en"": {""value"": ""Egremont"", ""direction"": ""ltr""}}",[],[],d8abad0d-f9f9-45c0-8d37-799866949899,"{""en"": {""value"": ""Egremont (URI: https://www.geonames.org/7300135)"", ""direction"": ""ltr""}}",[],[],[],4ea050c1-a44c-4dc6-9616-afe9013f5427,"{""en"": {""value"": ""https://www.geonames.org/7300135"", ""direction"": ""ltr""}}",3fa8920d-8b56-4ccb-ae94-91963c9e3ea5,"{""type"": ""Point"", ""coordinates"": [-3.54521, 54.49251]}"
5f08aaa8-ce2d-4a24-aeb8-04fab3c7ea8f,3dda9f54-d771-11ef-825b-0275dc2ded29,a3e9145b-ba55-4793-a0fa-189e0f404ca7,1,6e7cfaa2-c27a-476b-a3e2-7bfaa5a1c78d,"{""en"": {""value"": ""Ehime"", ""direction"": ""ltr""}}",[],[],ef3acd74-af82-45eb-addc-4d26ef0b75e1,"{""en"": {""value"": ""Ehime (URI: https://www.geonames.org/1864226)"", ""direction"": ""ltr""}}",[],[],[],58f9cf4d-5b1a-4c4e-b0f4-85fb3ec7dc38,"{""en"": {""value"": ""https://www.geonames.org/1864226"", ""direction"": ""ltr""}}",12b4d6fd-16cd-4f4d-ade6-44a006996848,"{""type"": ""Point"", ""coordinates"": [132.85, 33.61667]}"
00a4c2dc-2a73-43e2-a50b-b61c8dffa6b6,3dda9f54-d771-11ef-825b-0275dc2ded29,a3e9145b-ba55-4793-a0fa-189e0f404ca7,1,a4950b02-2375-4424-9650-59fa015f1ce2,"{""en"": {""value"": ""El Paso"", ""direction"": ""ltr""}}",[],[],c6034b0d-c38c-44d5-9a5d-807079741cd7,"{""en"": {""value"": ""El Paso (URI: https://www.geonames.org/5420926)"", ""direction"": ""ltr""}}",[],[],[],0234d50d-934d-41f8-bfc8-68e6c9557ad3,"{""en"": {""value"": ""https://www.geonames.org/5420926"", ""direction"": ""ltr""}}",2941d8e9-1d91-45cc-bef8-14acec41021d,"{""type"": ""Point"", ""coordinates"": [-104.52558, 38.83209]}"
d51d2283-83ea-444b-a2c1-3fb29b86ae1a,3dda9f54-d771-11ef-825b-0275dc2ded29,a3e9145b-ba55-4793-a0fa-189e0f404ca7,1,8935a2fc-de51-4fc1-a8db-47783e4ccfa8,"{""en"": {""value"": ""El Portal"", ""direction"": ""ltr""}}",[],[],973e631d-58aa-462f-8217-41428fe4f7b7,"{""en"": {""value"": ""El Portal (URI: https://www.geonames.org/5345795)"", ""direction"": ""ltr""}}",[],[],[],ad36759e-3638-436c-a350-7818ea4514b5,"{""en"": {""value"": ""https://www.geonames.org/5345795"", ""direction"": ""ltr""}}",137df93e-f280-4964-86d1-4d45cc3b89d8,"{""type"": ""Point"", ""coordinates"": [-119.78406, 37.67465]}"
3653ff40-3129-49b8-856a-81656296e168,3dda9f54-d771-11ef-825b-0275dc2ded29,a3e9145b-ba55-4793-a0fa-189e0f404ca7,1,26dfc63a-6732-451c-8653-a4f2973c27ff,"{""en"": {""value"": ""Ely"", ""direction"": ""ltr""}}",[],[],b1f1e0c9-8af3-443e-a39a-18424c5b0eec,"{""en"": {""value"": ""Ely (URI: https://www.geonames.org/5025627)"", ""direction"": ""ltr""}}",[],[],[],cddd895a-e3f4-451a-b87f-48eaee894df7,"{""en"": {""value"": ""https://www.geonames.org/5025627"", ""direction"": ""ltr""}}",7a668dc2-1ae9-459b-88e1-413d4e157484,"{""type"": ""Point"", ""coordinates"": [-91.86709, 47.90324]}"
c6dbdcd2-55a2-498c-ba72-2556b9c7b0cd,3dda9f54-d771-11ef-825b-0275dc2ded29,a3e9145b-ba55-4793-a0fa-189e0f404ca7,1,6ec571b5-28bb-49ac-b59e-0a50fb8ce63d,"{""en"": {""value"": ""Ely"", ""direction"": ""ltr""}}",[],[],d430d4bb-b848-4323-ab6c-0cddfbc59327,"{""en"": {""value"": ""Ely (URI: https://www.geonames.org/5503694)"", ""direction"": ""ltr""}}",[],[],[],c51048d9-acd4-4ab5-b356-90fcb345ef5c,"{""en"": {""value"": ""https://www.geonames.org/5503694"", ""direction"": ""ltr""}}",3af8f40f-627c-4ab5-9846-62c123b82c3f,"{""type"": ""Point"", ""coordinates"": [-114.88863, 39.24744]}"
c9dfd89d-3f4c-4fe5-874f-9f06951a1f10,3dda9f54-d771-11ef-825b-0275dc2ded29,a3e9145b-ba55-4793-a0fa-189e0f404ca7,1,12daa6a7-1a02-4360-93d8-5606e3f77041,"{""en"": {""value"": ""Emery County"", ""direction"": ""ltr""}}",[],[],3d62fb54-5808-4d81-96e3-48008f687e0e,"{""en"": {""value"": ""Emery County (URI: https://www.geonames.org/5538893)"", ""direction"": ""ltr""}}",[],[],[],b21f8021-ba28-4f23-9276-13221fd5b4e8,"{""en"": {""value"": ""https://www.geonames.org/5538893"", ""direction"": ""ltr""}}",d03a2210-63a7-42ea-add8-315762f1b064,"{""type"": ""Point"", ""coordinates"": [-110.70067, 38.99677]}"
95a6ea28-9695-4a0d-a6cb-f23ef4a09881,3dda9f54-d771-11ef-825b-0275dc2ded29,a3e9145b-ba55-4793-a0fa-189e0f404ca7,1,4539a939-e656-4309-a91f-67eee091c1a3,"{""en"": {""value"": ""Erie"", ""direction"": ""ltr""}}",[],[],d21876f7-614e-431b-9d43-471c47590715,"{""en"": {""value"": ""Erie (URI: https://www.geonames.org/5116642)"", ""direction"": ""ltr""}}",[],[],[],e6301bd7-22cb-4d9f-92fb-2714d2e7c831,"{""en"": {""value"": ""https://www.geonames.org/5116642"", ""direction"": ""ltr""}}",981c513f-8af8-469d-8dc2-e655000efb78,"{""type"": ""Point"", ""coordinates"": [-78.77966, 42.75824]}"
0546df12-7d6d-46ff-8403-a3d97406c1fc,3dda9f54-d771-11ef-825b-0275dc2ded29,a3e9145b-ba55-4793-a0fa-189e0f404ca7,1,976c8d65-160c-4d85-b7db-1e32b85e8eb9,"{""en"": {""value"": ""Chili Bar"", ""direction"": ""ltr""}}",[],[],f8863b73-a8f0-43fa-a5b5-03e9ceba59ca,"{""en"": {""value"": ""Chili Bar (URI: https://www.wikidata.org/wiki/Q5098926)"", ""direction"": ""ltr""}}",[],[],[],a5689f14-5585-44fb-be7f-b6da04708f8e,"{""en"": {""value"": ""https://www.wikidata.org/wiki/Q5098926"", ""direction"": ""ltr""}}",18840338-7d55-483d-8dda-aef8e4404032,"{""type"": ""Point"", ""coordinates"": [-120.82166667, 38.76722222]}"
c741514d-b077-4077-97f5-5efb0c4b1dc0,3dda9f54-d771-11ef-825b-0275dc2ded29,a3e9145b-ba55-4793-a0fa-189e0f404ca7,1,9c10a7d4-7a4e-4030-a0d4-3b6c9799f191,"{""en"": {""value"": ""Chester"", ""direction"": ""ltr""}}",[],[],9afe7b2d-ed64-4a6c-bd1c-bfc26a6ffc43,"{""en"": {""value"": ""Chester (URI: https://www.geonames.org/4187637)"", ""direction"": ""ltr""}}",[],[],[],4f9e0cd2-eaa6-4439-8494-3a1d4f836e6f,"{""en"": {""value"": ""https://www.geonames.org/4187637"", ""direction"": ""ltr""}}",4afb8560-dc3f-40dd-ab06-39eee444e099,"{""type"": ""Point"", ""coordinates"": [-83.15293, 32.39378]}"
3b26ba56-8629-4d3a-9c9b-299dc8d616a9,3dda9f54-d771-11ef-825b-0275dc2ded29,a3e9145b-ba55-4793-a0fa-189e0f404ca7,1,a731454c-3f06-47e0-ae44-ea2d01c9ef69,"{""en"": {""value"": ""Cherokee"", ""direction"": ""ltr""}}",[],[],16609ad1-b823-47c1-8bb3-e748c243abcb,"{""en"": {""value"": ""Cherokee (URI: https://www.geonames.org/4269459)"", ""direction"": ""ltr""}}",[],[],[],dc135847-2ad9-49df-815b-988b2cef0548,"{""en"": {""value"": ""https://www.geonames.org/4269459"", ""direction"": ""ltr""}}",ff64f5c3-48a8-416e-8af1-6d7736f0510d,"{""type"": ""Point"", ""coordinates"": [-94.84627, 37.16931]}"
6d4c3c95-1d6a-45b3-8ba4-0ec735848999,3dda9f54-d771-11ef-825b-0275dc2ded29,a3e9145b-ba55-4793-a0fa-189e0f404ca7,1,89679558-007d-43cb-af00-a3d02de2fac9,"{""en"": {""value"": ""Baotou Shi"", ""direction"": ""ltr""}}",[],[],7792e734-ac7b-449a-8077-f4ebb88b2f87,"{""en"": {""value"": ""Baotou Shi (URI: https://www.geonames.org/2038431)"", ""direction"": ""ltr""}}",[],[],[],ce917f95-5626-4a09-9dbb-75f9fe8d72d6,"{""en"": {""value"": ""https://www.geonames.org/2038431"", ""direction"": ""ltr""}}",31dba419-b55e-458c-8e8f-847a5831e8fd,"{""type"": ""Point"", ""coordinates"": [110.23535, 41.65545]}"
365c2e8f-8815-48e1-a6b2-87d3bc563df6,3dda9f54-d771-11ef-825b-0275dc2ded29,a3e9145b-ba55-4793-a0fa-189e0f404ca7,1,6bc0cf6e-206d-4a28-a32d-434e10c06fc4,"{""en"": {""value"": ""Arendal"", ""direction"": ""ltr""}}",[],[],43903094-619e-41db-8fe4-64cfab86f460,"{""en"": {""value"": ""Arendal (URI: https://www.geonames.org/6453399)"", ""direction"": ""ltr""}}",[],[],[],291a035a-c774-4153-bce2-18bf5972fd86,"{""en"": {""value"": ""https://www.geonames.org/6453399"", ""direction"": ""ltr""}}",ceb7e316-e55a-4576-93e3-2186dcbf75c9,"{""type"": ""Point"", ""coordinates"": [8.76501, 58.46039]}"
18aa257e-3ff7-4e2b-a9cd-51176cf10f44,3dda9f54-d771-11ef-825b-0275dc2ded29,a3e9145b-ba55-4793-a0fa-189e0f404ca7,1,65ce2df2-9437-4b56-94d8-6da44d8aae47,"{""en"": {""value"": ""Asturias"", ""direction"": ""ltr""}}",[],[],37f7c820-b23f-4cf9-9d82-c018105a73cd,"{""en"": {""value"": ""Asturias (URI: https://www.geonames.org/3114710)"", ""direction"": ""ltr""}}",[],[],[],aa34173f-83af-4bee-8107-49024b709e93,"{""en"": {""value"": ""https://www.geonames.org/3114710"", ""direction"": ""ltr""}}",6ea2c593-d058-484e-bf8c-453b1b329f5f,"{""type"": ""Point"", ""coordinates"": [-6.0, 43.33333]}"
3284cb26-9b80-45d3-bc3a-57851b3e9581,3dda9f54-d771-11ef-825b-0275dc2ded29,a3e9145b-ba55-4793-a0fa-189e0f404ca7,1,36e74452-339e-420b-9699-98df687d3708,"{""en"": {""value"": ""Atherton"", ""direction"": ""ltr""}}",[],[],3d9b8fdf-f946-41f8-87d2-dd6c54c43d0d,"{""en"": {""value"": ""Atherton (URI: https://www.geonames.org/2177541)"", ""direction"": ""ltr""}}",[],[],[],f6871ae7-de2d-4cd3-9423-6c83ddbc6095,"{""en"": {""value"": ""https://www.geonames.org/2177541"", ""direction"": ""ltr""}}",79e91d5d-6d2a-418e-87ba-61cddf7c2b18,"{""type"": ""Point"", ""coordinates"": [145.47522, -17.26864]}"
19665891-e5f3-4d98-8f51-8ff23d3ea7a6,3dda9f54-d771-11ef-825b-0275dc2ded29,a3e9145b-ba55-4793-a0fa-189e0f404ca7,1,6fb64de6-b8b8-4788-846d-7681b0a16bab,"{""en"": {""value"": ""Attica"", ""direction"": ""ltr""}}",[],[],e01e19e4-c131-427b-a977-7af1253835e4,"{""en"": {""value"": ""Attica (URI: https://www.geonames.org/6692632)"", ""direction"": ""ltr""}}",[],[],[],d409b5f6-f0c3-4c2b-8c8d-045a0b8b3c99,"{""en"": {""value"": ""https://www.geonames.org/6692632"", ""direction"": ""ltr""}}",5b816c5f-ce5c-4a00-815a-6c1811d39192,"{""type"": ""Point"", ""coordinates"": [23.9035, 37.92037]}"
b2b6bf97-3619-49c4-be1c-22398e268f31,3dda9f54-d771-11ef-825b-0275dc2ded29,a3e9145b-ba55-4793-a0fa-189e0f404ca7,1,0af3c00f-0065-4dee-a338-e15eb3ffbdad,"{""en"": {""value"": ""Austin"", ""direction"": ""ltr""}}",[],[],b710ae44-f7e8-4f6a-b39a-31508d5d0be2,"{""en"": {""value"": ""Austin (URI: https://www.geonames.org/5499537)"", ""direction"": ""ltr""}}",[],[],[],aaf63901-c6ca-499e-9aec-7fc91cb96ee8,"{""en"": {""value"": ""https://www.geonames.org/5499537"", ""direction"": ""ltr""}}",b16fb849-74be-4dd5-8d56-968889e1d261,"{""type"": ""Point"", ""coordinates"": [-117.06953, 39.49326]}"
a10476bc-4ea2-4541-8dfa-77e9fb5e3567,3dda9f54-d771-11ef-825b-0275dc2ded29,a3e9145b-ba55-4793-a0fa-189e0f404ca7,1,6a031c9e-eb88-4bac-b1c4-192428987963,"{""en"": {""value"": ""Badakhshan"", ""direction"": ""ltr""}}",[],[],1fc03e34-c979-44ea-858d-fd09bd2c76c6,"{""en"": {""value"": ""Badakhshan (URI: https://www.geonames.org/1147745)"", ""direction"": ""ltr""}}",[],[],[],a81d0527-1cd6-456e-a5e3-cb859a37186e,"{""en"": {""value"": ""https://www.geonames.org/1147745"", ""direction"": ""ltr""}}",6b6dc897-b0b8-4e60-bf60-ce22ff22619a,"{""type"": ""Point"", ""coordinates"": [72.0, 36.75]}"
18ce6d21-b4c6-484e-b6b7-52467bedcbfe,3dda9f54-d771-11ef-825b-0275dc2ded29,a3e9145b-ba55-4793-a0fa-189e0f404ca7,1,4a1735da-18f1-4c94-b369-599ea90a2bab,"{""en"": {""value"": ""Badia Morronese"", ""direction"": ""ltr""}}",[],[],1cffeabb-abbe-4d76-ad66-40ba5f3dcb43,"{""en"": {""value"": ""Badia Morronese (URI: https://www.geonames.org/3182579)"", ""direction"": ""ltr""}}",[],[],[],70267080-ab16-4fe5-908f-ff4ad0716632,"{""en"": {""value"": ""https://www.geonames.org/3182579"", ""direction"": ""ltr""}}",228f417e-1479-408a-9459-29c9f99b56d0,"{""type"": ""Point"", ""coordinates"": [13.91667, 42.08333]}"
e1df8f10-591c-4e9f-8629-9efafcf7c443,3dda9f54-d771-11ef-825b-0275dc2ded29,a3e9145b-ba55-4793-a0fa-189e0f404ca7,1,4fa669a2-8a4a-4ffa-8402-71ba94de27f2,"{""en"": {""value"": ""Bahagian Sandakan"", ""direction"": ""ltr""}}",[],[],2feddf00-6690-4508-8d02-b552d49febaa,"{""en"": {""value"": ""Bahagian Sandakan (URI: https://www.geonames.org/1733564)"", ""direction"": ""ltr""}}",[],[],[],2d9ec9cb-439c-4bf3-944e-da799d97149c,"{""en"": {""value"": ""https://www.geonames.org/1733564"", ""direction"": ""ltr""}}",8901d304-fe34-40cf-8f1d-07c130efce26,"{""type"": ""Point"", ""coordinates"": [118.00218, 5.86856]}"
76d4a235-5711-481f-b159-29b660f434cb,3dda9f54-d771-11ef-825b-0275dc2ded29,a3e9145b-ba55-4793-a0fa-189e0f404ca7,1,b9c4dc18-4ce2-4874-843b-571e60921516,"{""en"": {""value"": ""Balmat"", ""direction"": ""ltr""}}",[],[],fecfd7bd-7016-4b15-85ee-19fec516ba30,"{""en"": {""value"": ""Balmat (URI: https://www.geonames.org/5107823)"", ""direction"": ""ltr""}}",[],[],[],0364f1df-5ce4-4751-b932-31fb0c85d75a,"{""en"": {""value"": ""https://www.geonames.org/5107823"", ""direction"": ""ltr""}}",a7cea726-f3f9-48c3-ac95-51faa042e1e2,"{""type"": ""Point"", ""coordinates"": [-75.39493, 44.24839]}"
c08e887e-e233-4698-b76e-fde05c98542b,3dda9f54-d771-11ef-825b-0275dc2ded29,a3e9145b-ba55-4793-a0fa-189e0f404ca7,1,7b5e0ea2-5ab7-4710-ac79-c1f6a78a6d9d,"{""en"": {""value"": ""Baltic"", ""direction"": ""ltr""}}",[],[],f36096f3-0586-43eb-b6ee-569f603b2266,"{""en"": {""value"": ""Baltic (URI: https://www.wikidata.org/wiki/Q41011354)"", ""direction"": ""ltr""}}",[],[],[],49de21a8-c5bd-41b8-ba60-09639eed0e4d,"{""en"": {""value"": ""https://www.wikidata.org/wiki/Q41011354"", ""direction"": ""ltr""}}",2099f304-890d-47f4-b3f7-795719d6956f,"{""type"": ""Point"", ""coordinates"": [-88.63353, 47.069126]}"
922852d4-f613-4544-b7e5-5fb01f63fa6b,3dda9f54-d771-11ef-825b-0275dc2ded29,a3e9145b-ba55-4793-a0fa-189e0f404ca7,1,d4bef1fa-7e3d-4aca-aca8-51f670094cb7,"{""en"": {""value"": ""Baltimore"", ""direction"": ""ltr""}}",[],[],aea93cc4-f04e-4371-80eb-03b45d70cffe,"{""en"": {""value"": ""Baltimore (URI: https://www.geonames.org/4347778)"", ""direction"": ""ltr""}}",[],[],[],b2791af1-879a-4a4a-9606-fe8c3534033c,"{""en"": {""value"": ""https://www.geonames.org/4347778"", ""direction"": ""ltr""}}",ca85c0c4-b64c-4d20-b7b9-a30e7f2286bf,"{""type"": ""Point"", ""coordinates"": [-76.61219, 39.29038]}"
d308f88a-4d30-42ef-acbb-66bcd6a377ed,3dda9f54-d771-11ef-825b-0275dc2ded29,a3e9145b-ba55-4793-a0fa-189e0f404ca7,1,2ab55fef-e51b-403b-bf92-90ea1897a84a,"{""en"": {""value"": ""Barcelona"", ""direction"": ""ltr""}}",[],[],4211b331-b050-426d-afc2-2015f28bb738,"{""en"": {""value"": ""Barcelona (URI: https://www.geonames.org/3128759)"", ""direction"": ""ltr""}}",[],[],[],394e10ab-93ea-4680-a076-bbe94ce3c899,"{""en"": {""value"": ""https://www.geonames.org/3128759"", ""direction"": ""ltr""}}",307440b0-ae64-471f-99d1-938cf5fbd6e3,"{""type"": ""Point"", ""coordinates"": [2.0, 41.66667]}"
d66d73bd-2579-48d4-b5c9-b6a65c4e8934,3dda9f54-d771-11ef-825b-0275dc2ded29,a3e9145b-ba55-4793-a0fa-189e0f404ca7,1,f7d0d1a4-0151-4c37-a456-e70bdd624835,"{""en"": {""value"": ""Arabia Mining District"", ""direction"": ""ltr""}}",[],[],a98b58c7-8002-45e9-953f-05ff62395791,"{""en"": {""value"": ""Arabia Mining District (URI: https://www.geonames.org/5554501)"", ""direction"": ""ltr""}}",[],[],[],19ce9951-4abd-4655-8abb-342cfc460f30,"{""en"": {""value"": ""https://www.geonames.org/5554501"", ""direction"": ""ltr""}}",bb1f23b8-6580-42c3-a665-437fb4231344,"{""type"": ""Point"", ""coordinates"": [-118.41043, 40.42102]}"
9a8fcf34-f7b5-428d-9a2e-a2e7c7a7eab2,3dda9f54-d771-11ef-825b-0275dc2ded29,a3e9145b-ba55-4793-a0fa-189e0f404ca7,1,5bf41e9b-5296-4901-8c5f-77e03917bf74,"{""en"": {""value"": ""Barre"", ""direction"": ""ltr""}}",[],[],1e2d00fa-552c-4d67-9d96-8d39e6a59f03,"{""en"": {""value"": ""Barre (URI: https://www.geonames.org/5233500)"", ""direction"": ""ltr""}}",[],[],[],e00ea100-7319-465e-afed-e586b07642a4,"{""en"": {""value"": ""https://www.geonames.org/5233500"", ""direction"": ""ltr""}}",c76c9492-ef98-4d1b-b3d7-f2806e3454fa,"{""type"": ""Point"", ""coordinates"": [-72.50205, 44.19701]}"
585e38a7-3664-4910-a63d-94c4366178e0,3dda9f54-d771-11ef-825b-0275dc2ded29,a3e9145b-ba55-4793-a0fa-189e0f404ca7,1,620d0fb4-c2a5-4ede-b4bb-c9382d984aaa,"{""en"": {""value"": ""Barrington"", ""direction"": ""ltr""}}",[],[],713d4d92-f0f2-413c-9cbe-5da705b4c152,"{""en"": {""value"": ""Barrington (URI: https://www.geonames.org/4500653)"", ""direction"": ""ltr""}}",[],[],[],07999eb2-6b91-47c0-8417-a1beb1ace88b,"{""en"": {""value"": ""https://www.geonames.org/4500653"", ""direction"": ""ltr""}}",9b2e00d5-f510-4b66-af9f-cac40c78ddef,"{""type"": ""Point"", ""coordinates"": [-75.05517, 39.86484]}"
57fe2afd-dc8b-40ca-b6a4-22410742abdf,3dda9f54-d771-11ef-825b-0275dc2ded29,a3e9145b-ba55-4793-a0fa-189e0f404ca7,1,8229cadc-67f4-459a-839c-8d61d731b6c8,"{""en"": {""value"": ""Barstow"", ""direction"": ""ltr""}}",[],[],e602ac9b-dd2d-493d-8322-bcd3154c65e8,"{""en"": {""value"": ""Barstow (URI: https://www.geonames.org/5326297)"", ""direction"": ""ltr""}}",[],[],[],0b273b6c-e22a-4fe0-a979-a4a1cd9a289d,"{""en"": {""value"": ""https://www.geonames.org/5326297"", ""direction"": ""ltr""}}",f9dda04d-d1d4-4160-81ff-ec3509cb674c,"{""type"": ""Point"", ""coordinates"": [-117.02282, 34.89859]}"
94c394d1-fac7-41e5-b7dd-897537588edc,3dda9f54-d771-11ef-825b-0275dc2ded29,a3e9145b-ba55-4793-a0fa-189e0f404ca7,1,16d41cc6-0e92-486b-98f4-37829924f3a5,"{""en"": {""value"": ""Barton-le-Clay"", ""direction"": ""ltr""}}",[],[],3317e68b-4acf-4e89-b4e4-f838a34f7e92,"{""en"": {""value"": ""Barton-le-Clay (URI: https://www.geonames.org/7298871)"", ""direction"": ""ltr""}}",[],[],[],ecf940d7-3a42-4b0d-8349-5e85c7549499,"{""en"": {""value"": ""https://www.geonames.org/7298871"", ""direction"": ""ltr""}}",f047bed5-a8c3-4586-a360-7082b5d05765,"{""type"": ""Point"", ""coordinates"": [-0.42794, 51.96514]}"
4f93acbe-7917-434a-9aad-21486c7c9fea,3dda9f54-d771-11ef-825b-0275dc2ded29,a3e9145b-ba55-4793-a0fa-189e0f404ca7,1,a284d308-3d57-4b59-a807-65702dd980bb,"{""en"": {""value"": ""Bartow"", ""direction"": ""ltr""}}",[],[],9b75e06e-9456-45e7-add2-3322fcc59d16,"{""en"": {""value"": ""Bartow (URI: https://www.geonames.org/4181218)"", ""direction"": ""ltr""}}",[],[],[],10c7f7aa-36bd-424f-af57-207730548134,"{""en"": {""value"": ""https://www.geonames.org/4181218"", ""direction"": ""ltr""}}",4443bc48-cf9d-4276-a46c-4e340b7baf21,"{""type"": ""Point"", ""coordinates"": [-84.8405, 34.23786]}"
82ebb1a4-0f36-42ef-820b-f1e2e11f49b9,3dda9f54-d771-11ef-825b-0275dc2ded29,a3e9145b-ba55-4793-a0fa-189e0f404ca7,1,51349e73-0cd4-4c13-8a38-39e16029ec5b,"{""en"": {""value"": ""Bau"", ""direction"": ""ltr""}}",[],[],121c545b-eae4-439f-bb77-87694eeb3838,"{""en"": {""value"": ""Bau (URI: https://www.geonames.org/1734471)"", ""direction"": ""ltr""}}",[],[],[],057f0bb4-0538-4846-8bba-870d5ce86c58,"{""en"": {""value"": ""https://www.geonames.org/1734471"", ""direction"": ""ltr""}}",fd5670a4-d9f0-42b6-8c09-fa21ae1f1d40,"{""type"": ""Point"", ""coordinates"": [110.16667, 1.33333]}"
20d32178-43ee-435d-ab7e-41d2d2e09aef,3dda9f54-d771-11ef-825b-0275dc2ded29,a3e9145b-ba55-4793-a0fa-189e0f404ca7,1,12372565-ce29-48d1-9301-0e0406cf4126,"{""en"": {""value"": ""Bautista Canyon"", ""direction"": ""ltr""}}",[],[],f9a563c6-22bc-4bc7-b605-f8bb9a396afd,"{""en"": {""value"": ""Bautista Canyon (URI: https://www.geonames.org/5326529)"", ""direction"": ""ltr""}}",[],[],[],e10280d0-4698-4534-b774-df24acf587bd,"{""en"": {""value"": ""https://www.geonames.org/5326529"", ""direction"": ""ltr""}}",31e652d4-5851-4082-aa1a-9575e7a61039,"{""type"": ""Point"", ""coordinates"": [-116.8528, 33.6978]}"
78585b28-90a6-40a5-aa21-9587fc80add1,3dda9f54-d771-11ef-825b-0275dc2ded29,a3e9145b-ba55-4793-a0fa-189e0f404ca7,1,6e94695b-afe9-46f3-920b-44c6b90f8e69,"{""en"": {""value"": ""Baxters Harbour"", ""direction"": ""ltr""}}",[],[],635775be-3c28-4c38-b1d9-769f712901fc,"{""en"": {""value"": ""Baxters Harbour (URI: https://www.geonames.org/5895248)"", ""direction"": ""ltr""}}",[],[],[],016bbbe1-bb1b-4d43-aac5-0ec8cb6ba74a,"{""en"": {""value"": ""https://www.geonames.org/5895248"", ""direction"": ""ltr""}}",4874cb89-70f3-4bb6-841e-41d5566df936,"{""type"": ""Point"", ""coordinates"": [-64.51525, 45.22926]}"
c9597378-3319-49e9-8310-b7c44f473c19,3dda9f54-d771-11ef-825b-0275dc2ded29,a3e9145b-ba55-4793-a0fa-189e0f404ca7,1,0f9a7270-0f24-4334-ba29-3ddf598d15fd,"{""en"": {""value"": ""Beckton"", ""direction"": ""ltr""}}",[],[],8de4dd3e-31fe-4820-ac62-f3c87e127f0b,"{""en"": {""value"": ""Beckton (URI: https://www.geonames.org/5818330)"", ""direction"": ""ltr""}}",[],[],[],af4e8124-15f4-45e9-bfb3-f7f6b1bbc40c,"{""en"": {""value"": ""https://www.geonames.org/5818330"", ""direction"": ""ltr""}}",5130b1d9-1913-4d59-9596-be7db775751e,"{""type"": ""Point"", ""coordinates"": [-107.12979, 44.74858]}"
a19241c5-5d04-4cc6-8562-930db1d3faca,3dda9f54-d771-11ef-825b-0275dc2ded29,a3e9145b-ba55-4793-a0fa-189e0f404ca7,1,373fe6d0-3163-4ff7-b554-4cb99000a2c4,"{""en"": {""value"": ""Bellevue Township"", ""direction"": ""ltr""}}",[],[],dab81745-23ac-4d7e-a83b-d54e06be86c7,"{""en"": {""value"": ""Bellevue Township (URI: https://www.geonames.org/4985612)"", ""direction"": ""ltr""}}",[],[],[],8ff720f5-bb84-487c-aa94-bf3610c5e8fc,"{""en"": {""value"": ""https://www.geonames.org/4985612"", ""direction"": ""ltr""}}",d8f30ea9-8b4f-49d0-b8cd-41b1b907045d,"{""type"": ""Point"", ""coordinates"": [-85.01351, 42.46575]}"
9c176460-0179-4994-95bf-1e5d8b9d86d3,3dda9f54-d771-11ef-825b-0275dc2ded29,a3e9145b-ba55-4793-a0fa-189e0f404ca7,1,18bf75ab-f3bd-473a-a6dd-b1fede333820,"{""en"": {""value"": ""Benson"", ""direction"": ""ltr""}}",[],[],ed63b329-6136-4a7b-9177-2e40fc25d57f,"{""en"": {""value"": ""Benson (URI: https://www.geonames.org/5553284)"", ""direction"": ""ltr""}}",[],[],[],44dbfa86-7139-4bd0-a977-97aed66b2dc8,"{""en"": {""value"": ""https://www.geonames.org/5553284"", ""direction"": ""ltr""}}",ec472d6f-7d6d-4c23-a8b6-6286fafb6a0a,"{""type"": ""Point"", ""coordinates"": [-110.29452, 31.96786]}"
81fec5e2-9dbf-43b5-b55a-784d914397d5,3dda9f54-d771-11ef-825b-0275dc2ded29,a3e9145b-ba55-4793-a0fa-189e0f404ca7,1,023d42cb-a795-4be8-8166-05ff3aa6b2f9,"{""en"": {""value"": ""Ararat"", ""direction"": ""ltr""}}",[],[],2b703f20-82fc-477f-8966-a816bd7a2cf9,"{""en"": {""value"": ""Ararat (URI: https://www.geonames.org/409313)"", ""direction"": ""ltr""}}",[],[],[],37fd5ae9-1cfb-4016-9a15-4d65c5ebfe15,"{""en"": {""value"": ""https://www.geonames.org/409313"", ""direction"": ""ltr""}}",62991251-2a5e-45b5-8d99-64b40908688b,"{""type"": ""Point"", ""coordinates"": [44.83333, 39.91667]}"
396c04bd-747a-4352-9c8d-6e6cd171af6c,3dda9f54-d771-11ef-825b-0275dc2ded29,a3e9145b-ba55-4793-a0fa-189e0f404ca7,1,d3b02c98-5379-4f03-bf7f-0ce51082b439,"{""en"": {""value"": ""Apache"", ""direction"": ""ltr""}}",[],[],7c920617-e7cb-4a80-b383-ffd3ce596a06,"{""en"": {""value"": ""Apache (URI: https://www.geonames.org/5551519)"", ""direction"": ""ltr""}}",[],[],[],5f864adb-aad0-4317-8009-2d6efa9aaa53,"{""en"": {""value"": ""https://www.geonames.org/5551519"", ""direction"": ""ltr""}}",a46305d2-6271-42fc-8e95-9967d183bf26,"{""type"": ""Point"", ""coordinates"": [-109.48884, 35.3956]}"
1868acb5-38ce-4e9b-ae4c-1cba08589d3a,3dda9f54-d771-11ef-825b-0275dc2ded29,a3e9145b-ba55-4793-a0fa-189e0f404ca7,1,72252890-b13e-48cc-85e9-e7bc6b90b0a4,"{""en"": {""value"": ""Bergen auf Rügen"", ""direction"": ""ltr""}}",[],[],5374b17b-bcae-4ca1-8182-c618fcaadadf,"{""en"": {""value"": ""Bergen auf Rügen (URI: https://www.geonames.org/2950620)"", ""direction"": ""ltr""}}",[],[],[],a571b8c6-065e-4f13-8f6f-68b3cfd9d2fd,"{""en"": {""value"": ""https://www.geonames.org/2950620"", ""direction"": ""ltr""}}",5735e885-afe4-4e2f-b14d-69c3447ae7e1,"{""type"": ""Point"", ""coordinates"": [13.43349, 54.41823]}"
c041863c-9012-436d-a881-32d997b44031,3dda9f54-d771-11ef-825b-0275dc2ded29,a3e9145b-ba55-4793-a0fa-189e0f404ca7,1,6f9771fd-2a0e-44dc-8c83-5b4f4163c134,"{""en"": {""value"": ""Albula Region"", ""direction"": ""ltr""}}",[],[],72759aab-0757-4b0d-899a-61875c8bd196,"{""en"": {""value"": ""Albula Region (URI: https://www.geonames.org/11611653)"", ""direction"": ""ltr""}}",[],[],[],1fe3a579-bcd1-4b79-b240-8129dfe26c35,"{""en"": {""value"": ""https://www.geonames.org/11611653"", ""direction"": ""ltr""}}",52c53f1a-c1af-46e7-8117-b07a34ea0d10,"{""type"": ""Point"", ""coordinates"": [9.6515, 46.60255]}"
158d8135-f58d-4ec1-aa2f-17a1a8ae4842,3dda9f54-d771-11ef-825b-0275dc2ded29,a3e9145b-ba55-4793-a0fa-189e0f404ca7,1,09c6642a-4961-4def-aae4-f0958fbca135,"{""en"": {""value"": ""Acilia-Castel Fusano-Ostia Antica"", ""direction"": ""ltr""}}",[],[],5b466243-6c67-4130-a646-eafff64153e3,"{""en"": {""value"": ""Acilia-Castel Fusano-Ostia Antica (URI: https://www.geonames.org/3183539)"", ""direction"": ""ltr""}}",[],[],[],bc9eab18-97a2-4676-9c5e-ad8a55dc0911,"{""en"": {""value"": ""https://www.geonames.org/3183539"", ""direction"": ""ltr""}}",59116b64-4c9e-4384-968d-c247b8a25da6,"{""type"": ""Point"", ""coordinates"": [12.33078, 41.76337]}"
5756387f-78d9-4371-a2f8-b26b3121be00,3dda9f54-d771-11ef-825b-0275dc2ded29,a3e9145b-ba55-4793-a0fa-189e0f404ca7,1,925b420f-6ce9-40ed-ab47-3d89cd8bfa3d,"{""en"": {""value"": ""Adams County"", ""direction"": ""ltr""}}",[],[],fb0ed733-ba24-475d-941d-fa90452575b7,"{""en"": {""value"": ""Adams County (URI: https://www.geonames.org/5583743)"", ""direction"": ""ltr""}}",[],[],[],ab82c555-98ff-425b-a1a9-37b153692c3a,"{""en"": {""value"": ""https://www.geonames.org/5583743"", ""direction"": ""ltr""}}",65cf95b4-8dba-44e3-bfa2-98beba46d572,"{""type"": ""Point"", ""coordinates"": [-116.45387, 44.88965]}"
bc504eb5-d536-411b-8ff9-b13e3a9c349c,3dda9f54-d771-11ef-825b-0275dc2ded29,a3e9145b-ba55-4793-a0fa-189e0f404ca7,1,6d85c30e-b744-4715-8923-d819823a7b72,"{""en"": {""value"": ""Adirondack Mountains"", ""direction"": ""ltr""}}",[],[],49031fea-0189-41ff-86a2-f883e69cf309,"{""en"": {""value"": ""Adirondack Mountains (URI: https://www.geonames.org/5106772)"", ""direction"": ""ltr""}}",[],[],[],dfed8c7b-68df-4c7b-8303-8502c5758700,"{""en"": {""value"": ""https://www.geonames.org/5106772"", ""direction"": ""ltr""}}",b3de12a6-bdd8-4783-bfd8-e13d8dabcd59,"{""type"": ""Point"", ""coordinates"": [-74.49989, 44.00034]}"
fda195f0-900d-43ef-aa16-3cc6a78ba69d,3dda9f54-d771-11ef-825b-0275dc2ded29,a3e9145b-ba55-4793-a0fa-189e0f404ca7,1,879637b4-f79d-4c77-bcee-2a1d7a294538,"{""en"": {""value"": ""Adriatic Sea"", ""direction"": ""ltr""}}",[],[],77c1ae82-44c0-4e6f-9824-4b85f6486188,"{""en"": {""value"": ""Adriatic Sea (URI: https://www.geonames.org/3183462)"", ""direction"": ""ltr""}}",[],[],[],29259c9a-2f29-4d10-b665-5c457206aa79,"{""en"": {""value"": ""https://www.geonames.org/3183462"", ""direction"": ""ltr""}}",3b5e6745-2cc7-4466-bdb2-8e774a96e5e1,"{""type"": ""Point"", ""coordinates"": [16.0, 43.0]}"
d80df60e-0ac3-492a-a327-15ab257f78b0,3dda9f54-d771-11ef-825b-0275dc2ded29,a3e9145b-ba55-4793-a0fa-189e0f404ca7,1,ee907de2-0eac-436f-9d0c-0232a15f6c1b,"{""en"": {""value"": ""Agios Georgios"", ""direction"": ""ltr""}}",[],[],e3e85336-b63b-48aa-b032-7c8b6e1163cb,"{""en"": {""value"": ""Agios Georgios (URI: https://www.geonames.org/263657)"", ""direction"": ""ltr""}}",[],[],[],7410facb-a5f6-4fc7-b323-ebf966a046d1,"{""en"": {""value"": ""https://www.geonames.org/263657"", ""direction"": ""ltr""}}",f99a0d20-3de0-4ae3-a7d9-779535e54c31,"{""type"": ""Point"", ""coordinates"": [25.46757, 36.86058]}"
4dc64f10-105c-4c0d-bfaa-9670e8a7afcd,3dda9f54-d771-11ef-825b-0275dc2ded29,a3e9145b-ba55-4793-a0fa-189e0f404ca7,1,80b200ea-5cc5-4c68-b550-08fece254432,"{""en"": {""value"": ""Aichi"", ""direction"": ""ltr""}}",[],[],23e7cc1a-6028-4d0e-a3d7-94c2fda0043c,"{""en"": {""value"": ""Aichi (URI: https://www.geonames.org/1865694)"", ""direction"": ""ltr""}}",[],[],[],c8874ea9-a0f2-435f-87b6-ef7be0842d10,"{""en"": {""value"": ""https://www.geonames.org/1865694"", ""direction"": ""ltr""}}",4d1cd1e9-e714-46ae-b488-24c0b3e67754,"{""type"": ""Point"", ""coordinates"": [136.90656, 35.18017]}"
09502399-80da-4f3d-8e65-f2ee393dc615,3dda9f54-d771-11ef-825b-0275dc2ded29,a3e9145b-ba55-4793-a0fa-189e0f404ca7,1,e872dae5-269e-4bc2-a0d8-77c6db77b6c0,"{""en"": {""value"": ""Akhaltsikhe"", ""direction"": ""ltr""}}",[],[],5f44f123-502b-4778-ae9a-c03162dd0c7c,"{""en"": {""value"": ""Akhaltsikhe (URI: https://www.geonames.org/615860)"", ""direction"": ""ltr""}}",[],[],[],bca61afe-13b3-4c58-8259-a0eacb29565f,"{""en"": {""value"": ""https://www.geonames.org/615860"", ""direction"": ""ltr""}}",96da3cc5-4493-4ace-9488-5571038061bf,"{""type"": ""Point"", ""coordinates"": [42.98262, 41.63901]}"
95912761-b19f-4966-b692-5e5945e1ad39,3dda9f54-d771-11ef-825b-0275dc2ded29,a3e9145b-ba55-4793-a0fa-189e0f404ca7,1,93f3e633-5c89-4496-8a76-ba10dbbd48e4,"{""en"": {""value"": ""Akron"", ""direction"": ""ltr""}}",[],[],8bc643c8-760f-4538-9329-a194dec39997,"{""en"": {""value"": ""Akron (URI: https://www.geonames.org/5145476)"", ""direction"": ""ltr""}}",[],[],[],449402c8-04b7-459e-900f-301853bc48e1,"{""en"": {""value"": ""https://www.geonames.org/5145476"", ""direction"": ""ltr""}}",db06e2ab-2525-4fac-b268-876db0f2877e,"{""type"": ""Point"", ""coordinates"": [-81.51901, 41.08144]}"
c871f971-0854-4299-93d7-d9c7677cf603,3dda9f54-d771-11ef-825b-0275dc2ded29,a3e9145b-ba55-4793-a0fa-189e0f404ca7,1,28ccd851-2103-46f3-9c10-3ede708a890e,"{""en"": {""value"": ""Alabama"", ""direction"": ""ltr""}}",[],[],ca6f4560-72d2-4cfc-867e-b7c9f0ba2241,"{""en"": {""value"": ""Alabama (URI: https://www.geonames.org/4829764)"", ""direction"": ""ltr""}}",[],[],[],9307f9c7-2e62-41da-aaaf-a28a31c244b2,"{""en"": {""value"": ""https://www.geonames.org/4829764"", ""direction"": ""ltr""}}",4fee4c8a-069b-4544-bad1-9cc16718c5e2,"{""type"": ""Point"", ""coordinates"": [-86.75026, 32.75041]}"
50dd53f9-3b7b-4d00-8817-3506cd170aaf,3dda9f54-d771-11ef-825b-0275dc2ded29,a3e9145b-ba55-4793-a0fa-189e0f404ca7,1,4270b34c-0213-436f-af5b-8344e3368e53,"{""en"": {""value"": ""Alaska"", ""direction"": ""ltr""}}",[],[],2bb8993e-894b-437b-833f-929912971c53,"{""en"": {""value"": ""Alaska (URI: https://www.geonames.org/5879092)"", ""direction"": ""ltr""}}",[],[],[],68a4bf30-5fd6-4533-8d03-3f34e17c4ab8,"{""en"": {""value"": ""https://www.geonames.org/5879092"", ""direction"": ""ltr""}}",596aa12e-0d9f-4e13-989e-46c85c061002,"{""type"": ""Point"", ""coordinates"": [-150.00028, 64.00028]}"
df291508-4134-4333-b719-6b196af194dc,3dda9f54-d771-11ef-825b-0275dc2ded29,a3e9145b-ba55-4793-a0fa-189e0f404ca7,1,10ef6356-a24b-43c6-a833-068c7863c283,"{""en"": {""value"": ""Alayskiy Khrebet"", ""direction"": ""ltr""}}",[],[],6b3defb7-68ca-476a-8bc5-584b91d45374,"{""en"": {""value"": ""Alayskiy Khrebet (URI: https://www.geonames.org/1222712)"", ""direction"": ""ltr""}}",[],[],[],6c429ab4-35f5-4140-938c-e52e90c862c1,"{""en"": {""value"": ""https://www.geonames.org/1222712"", ""direction"": ""ltr""}}",48fc1919-e86c-4517-8289-0a1a469d948f,"{""type"": ""Point"", ""coordinates"": [72.09637, 39.651]}"
e5fbd642-da7e-41bf-8e33-6667bffed1d9,3dda9f54-d771-11ef-825b-0275dc2ded29,a3e9145b-ba55-4793-a0fa-189e0f404ca7,1,ec7ffc13-5b26-4e3f-aa1b-8ae077781bd2,"{""en"": {""value"": ""Aldergrove"", ""direction"": ""ltr""}}",[],[],5abf05ec-d0a5-4d0a-9cfa-1e2c27ef81c5,"{""en"": {""value"": ""Aldergrove (URI: https://www.geonames.org/7669018)"", ""direction"": ""ltr""}}",[],[],[],6b283c48-d073-4b04-b1e3-e42c319dd653,"{""en"": {""value"": ""https://www.geonames.org/7669018"", ""direction"": ""ltr""}}",c907b5fe-e8cb-4fab-bca4-82fc5daf94fd,"{""type"": ""Point"", ""coordinates"": [-122.47087, 49.05801]}"
fc1fd097-a6a1-4a19-8a18-d28515dc6893,3dda9f54-d771-11ef-825b-0275dc2ded29,a3e9145b-ba55-4793-a0fa-189e0f404ca7,1,40c71af9-74e3-4393-94ed-7c4259a8996c,"{""en"": {""value"": ""Antrim and Newtownabbey"", ""direction"": ""ltr""}}",[],[],afba3e57-a3fc-40bc-909d-93ee30a3c1c9,"{""en"": {""value"": ""Antrim and Newtownabbey (URI: https://www.geonames.org/11353069)"", ""direction"": ""ltr""}}",[],[],[],16174c42-f3ab-46d0-87d7-d9f9dfbd797b,"{""en"": {""value"": ""https://www.geonames.org/11353069"", ""direction"": ""ltr""}}",2a88cb81-756f-43b9-b515-80aaab8a2a4b,"{""type"": ""Point"", ""coordinates"": [-6.1977, 54.70177]}"
4f518870-7d8f-45e4-b1c0-41f2c447d13c,3dda9f54-d771-11ef-825b-0275dc2ded29,a3e9145b-ba55-4793-a0fa-189e0f404ca7,1,e8d673a0-7500-4190-9d9d-7f0da2dc4253,"{""en"": {""value"": ""Allen"", ""direction"": ""ltr""}}",[],[],e10859f3-dc13-4a34-a317-0e2658e6fed3,"{""en"": {""value"": ""Allen (URI: https://www.geonames.org/5145576)"", ""direction"": ""ltr""}}",[],[],[],36c26dc3-ec96-4229-a167-c45088a1bb25,"{""en"": {""value"": ""https://www.geonames.org/5145576"", ""direction"": ""ltr""}}",1f2144d1-87bd-433b-860a-0be58cd96168,"{""type"": ""Point"", ""coordinates"": [-84.10578, 40.77152]}"
4cc83a8b-0c10-48f5-a0d0-df4c2d7575a6,3dda9f54-d771-11ef-825b-0275dc2ded29,a3e9145b-ba55-4793-a0fa-189e0f404ca7,1,7eb221d0-3d0b-4aa6-a91f-ff6c9a4ba68b,"{""en"": {""value"": ""Almadén"", ""direction"": ""ltr""}}",[],[],c79d665e-d7aa-4749-84bb-0046426545f0,"{""en"": {""value"": ""Almadén (URI: https://www.geonames.org/6357105)"", ""direction"": ""ltr""}}",[],[],[],169ce302-8b68-4aba-a23b-93dd447fe9cc,"{""en"": {""value"": ""https://www.geonames.org/6357105"", ""direction"": ""ltr""}}",b1c9bcbc-d357-4380-ab88-65a7bb128f61,"{""type"": ""Point"", ""coordinates"": [-4.74544, 38.79453]}"
3fdcd3dc-2ba0-4add-b7d7-567957fb7ab8,3dda9f54-d771-11ef-825b-0275dc2ded29,a3e9145b-ba55-4793-a0fa-189e0f404ca7,1,8a6e7b60-803c-4001-b5b0-7be59e691c68,"{""en"": {""value"": ""Alston"", ""direction"": ""ltr""}}",[],[],d8ad7a30-4f13-4e3f-9db6-7c035a73ce58,"{""en"": {""value"": ""Alston (URI: https://www.geonames.org/2657427)"", ""direction"": ""ltr""}}",[],[],[],2cfd8a2b-c355-4c23-9df6-e4e9ed867a40,"{""en"": {""value"": ""https://www.geonames.org/2657427"", ""direction"": ""ltr""}}",fadfeeb3-06fe-49dc-af36-79574572022e,"{""type"": ""Point"", ""coordinates"": [-2.43931, 54.809]}"
69d2e79d-d34a-4412-bae8-43f70bd58e69,3dda9f54-d771-11ef-825b-0275dc2ded29,a3e9145b-ba55-4793-a0fa-189e0f404ca7,1,a1a656fb-72a3-47aa-bcb7-50d44f779ca7,"{""en"": {""value"": ""Alta"", ""direction"": ""ltr""}}",[],[],880d6fc0-4e3a-4e53-a54b-0801d5a3881a,"{""en"": {""value"": ""Alta (URI: https://www.geonames.org/5323456)"", ""direction"": ""ltr""}}",[],[],[],8c9b7448-15ad-45ef-890b-0c24ded75e5e,"{""en"": {""value"": ""https://www.geonames.org/5323456"", ""direction"": ""ltr""}}",e9780666-616d-4cea-957f-4f8ebb62c8f6,"{""type"": ""Point"", ""coordinates"": [-120.81133, 39.20657]}"
fb63093d-2d8a-474c-9876-a908af084df2,3dda9f54-d771-11ef-825b-0275dc2ded29,a3e9145b-ba55-4793-a0fa-189e0f404ca7,1,274ad5cc-6f5c-467e-b67c-13eb7662b1cc,"{""en"": {""value"": ""Altadena"", ""direction"": ""ltr""}}",[],[],fcfda62f-8ed1-4ec2-842c-8231c7753ab5,"{""en"": {""value"": ""Altadena (URI: https://www.geonames.org/5323525)"", ""direction"": ""ltr""}}",[],[],[],fbbdd234-ba7f-47d0-9187-db8b0de4b518,"{""en"": {""value"": ""https://www.geonames.org/5323525"", ""direction"": ""ltr""}}",753c245e-76b2-45b5-b682-61b615fb8a1f,"{""type"": ""Point"", ""coordinates"": [-118.13118, 34.18973]}"
3e1d1cbb-86af-488e-97db-d0eb43154220,3dda9f54-d771-11ef-825b-0275dc2ded29,a3e9145b-ba55-4793-a0fa-189e0f404ca7,1,30fed3a7-b52a-44f5-affc-b7fbc8e95433,"{""en"": {""value"": ""Alturas"", ""direction"": ""ltr""}}",[],[],407bdea4-2a5f-4130-a70f-56ec93099f69,"{""en"": {""value"": ""Alturas (URI: https://www.geonames.org/5558829)"", ""direction"": ""ltr""}}",[],[],[],ad1a50eb-26d8-4d15-af33-332dfd643f61,"{""en"": {""value"": ""https://www.geonames.org/5558829"", ""direction"": ""ltr""}}",4265697d-0d8c-452e-b3b0-3368fbdb67d3,"{""type"": ""Point"", ""coordinates"": [-120.54349, 41.48714]}"
be1cbf83-79c7-43bf-a1b0-02281cb03eb3,3dda9f54-d771-11ef-825b-0275dc2ded29,a3e9145b-ba55-4793-a0fa-189e0f404ca7,1,e5c5d848-aa7a-4d2f-939f-d1cd685a6807,"{""en"": {""value"": ""Amador"", ""direction"": ""ltr""}}",[],[],135435bb-8326-4c94-9ec4-79bcdec79056,"{""en"": {""value"": ""Amador (URI: https://www.geonames.org/5323622)"", ""direction"": ""ltr""}}",[],[],[],a16f80ce-b8c9-4d7f-b59a-20be103a79b4,"{""en"": {""value"": ""https://www.geonames.org/5323622"", ""direction"": ""ltr""}}",c40efb5a-9e38-4e52-9b16-16e73c37a00e,"{""type"": ""Point"", ""coordinates"": [-120.65112, 38.44639]}"
7d003ef1-38ab-4a86-b5e7-07dacce3b5f7,3dda9f54-d771-11ef-825b-0275dc2ded29,a3e9145b-ba55-4793-a0fa-189e0f404ca7,1,7bbe7002-8b4a-4679-98e6-1f9b15f16e29,"{""en"": {""value"": ""Amazon Basin"", ""direction"": ""ltr""}}",[],[],131b2820-74e0-4326-a0a7-87f7a511f83f,"{""en"": {""value"": ""Amazon Basin (URI: https://www.geonames.org/3407731)"", ""direction"": ""ltr""}}",[],[],[],8d46edb7-962c-4471-80c9-a91585b8307c,"{""en"": {""value"": ""https://www.geonames.org/3407731"", ""direction"": ""ltr""}}",41fc5ff9-41c2-4f56-92f9-9ab6d92eb248,"{""type"": ""Point"", ""coordinates"": [-60.0, -2.5]}"
a4ff5ca0-725e-4780-94bf-d49cda39d4f6,3dda9f54-d771-11ef-825b-0275dc2ded29,a3e9145b-ba55-4793-a0fa-189e0f404ca7,1,3ff90410-e4ca-4a97-a56e-a245a45bb2d3,"{""en"": {""value"": ""Anaheim"", ""direction"": ""ltr""}}",[],[],7bc151ef-fd87-4bd2-a5e6-ae8cb0fbca95,"{""en"": {""value"": ""Anaheim (URI: https://www.geonames.org/5323810)"", ""direction"": ""ltr""}}",[],[],[],40a5e39a-f7e2-4350-83ae-81fa0f8a46d7,"{""en"": {""value"": ""https://www.geonames.org/5323810"", ""direction"": ""ltr""}}",5f88bc39-3052-464d-a259-78b0949ae10a,"{""type"": ""Point"", ""coordinates"": [-117.9145, 33.83529]}"
458bb750-13a1-4687-895a-b1c8f7bd1af5,3dda9f54-d771-11ef-825b-0275dc2ded29,a3e9145b-ba55-4793-a0fa-189e0f404ca7,1,e129f4c0-b472-4aaa-aa12-d97b54e141ec,"{""en"": {""value"": ""Andijan"", ""direction"": ""ltr""}}",[],[],95131dce-928b-4376-9746-e1f57f2f68b7,"{""en"": {""value"": ""Andijan (URI: https://www.geonames.org/1514588)"", ""direction"": ""ltr""}}",[],[],[],3f5a0641-f054-457b-a8fa-f606604cd906,"{""en"": {""value"": ""https://www.geonames.org/1514588"", ""direction"": ""ltr""}}",c21f48c0-518a-420f-a951-2470f41f55d1,"{""type"": ""Point"", ""coordinates"": [72.34424, 40.78206]}"
54bb4ceb-479d-4895-a4b2-2a776cf96f52,3dda9f54-d771-11ef-825b-0275dc2ded29,a3e9145b-ba55-4793-a0fa-189e0f404ca7,1,24360701-6e2c-4008-898e-e96f0e11f039,"{""en"": {""value"": ""Androscoggin"", ""direction"": ""ltr""}}",[],[],33e2bd14-3184-4e02-a020-2233076132a2,"{""en"": {""value"": ""Androscoggin (URI: https://www.geonames.org/4956755)"", ""direction"": ""ltr""}}",[],[],[],4aaa8037-a762-4473-8b8f-34b876c73000,"{""en"": {""value"": ""https://www.geonames.org/4956755"", ""direction"": ""ltr""}}",f6ffb0a8-4c90-467f-a674-a7cb1c63ff32,"{""type"": ""Point"", ""coordinates"": [-70.20645, 44.16585]}"
d93fe287-2ae1-4177-ab91-8c78cfcf950b,3dda9f54-d771-11ef-825b-0275dc2ded29,a3e9145b-ba55-4793-a0fa-189e0f404ca7,1,4e095be7-4819-402b-9b53-afa030dde7bc,"{""en"": {""value"": ""Bentonite Spur"", ""direction"": ""ltr""}}",[],[],8ce0b990-b75f-4144-adca-26bb7f893d85,"{""en"": {""value"": ""Bentonite Spur (URI: https://www.geonames.org/5818472)"", ""direction"": ""ltr""}}",[],[],[],0f944064-5d5d-4614-ad0f-ae974e558ddb,"{""en"": {""value"": ""https://www.geonames.org/5818472"", ""direction"": ""ltr""}}",1e8ffcb2-df35-4588-9475-42f1d89a8963,"{""type"": ""Point"", ""coordinates"": [-104.158, 44.8711]}"
66608198-fd15-47a0-b76e-c852ebb28ce3,3dda9f54-d771-11ef-825b-0275dc2ded29,a3e9145b-ba55-4793-a0fa-189e0f404ca7,1,79d6c6ca-b0ea-4978-85af-8a26c3e3ad3d,"{""en"": {""value"": ""Berkeley"", ""direction"": ""ltr""}}",[],[],8bc7acca-4605-4811-a4f7-dc4ba5652dea,"{""en"": {""value"": ""Berkeley (URI: https://www.geonames.org/5327684)"", ""direction"": ""ltr""}}",[],[],[],c454c82a-298f-4798-ad81-283d956651d3,"{""en"": {""value"": ""https://www.geonames.org/5327684"", ""direction"": ""ltr""}}",8c623b7f-a344-4a89-9bd6-2e19a5181f5b,"{""type"": ""Point"", ""coordinates"": [-122.27275, 37.87159]}"
9650bb40-9e0b-4b2b-9530-7666d07ec3b7,3dda9f54-d771-11ef-825b-0275dc2ded29,a3e9145b-ba55-4793-a0fa-189e0f404ca7,1,c4d01e42-4ae0-40ba-beee-bd13adaebfbe,"{""en"": {""value"": ""Cherokee"", ""direction"": ""ltr""}}",[],[],73cc0bb9-ecbc-443a-b7a5-a0827d1c1a02,"{""en"": {""value"": ""Cherokee (URI: https://www.geonames.org/4054880)"", ""direction"": ""ltr""}}",[],[],[],ac17569e-ab9b-4f8e-aa48-79ec58d75c19,"{""en"": {""value"": ""https://www.geonames.org/4054880"", ""direction"": ""ltr""}}",8aa80a6f-de6b-4dc1-83ab-db7ace2c8d86,"{""type"": ""Point"", ""coordinates"": [-85.60379, 34.17596]}"
6e52f223-5562-4fac-b650-516fceed7cf8,3dda9f54-d771-11ef-825b-0275dc2ded29,a3e9145b-ba55-4793-a0fa-189e0f404ca7,1,1062183d-b96c-403d-abe7-7a7749c819dc,"{""en"": {""value"": ""Catamarca"", ""direction"": ""ltr""}}",[],[],bda9f9ce-40ee-4aad-bdcd-a668b591e7c5,"{""en"": {""value"": ""Catamarca (URI: https://www.geonames.org/3862286)"", ""direction"": ""ltr""}}",[],[],[],6fb327fc-fb8a-4fff-9e3d-45a7b047f529,"{""en"": {""value"": ""https://www.geonames.org/3862286"", ""direction"": ""ltr""}}",ae7cfc36-4a8c-4f06-b4ba-58710178496c,"{""type"": ""Point"", ""coordinates"": [-67.0, -27.0]}"
20560822-40c7-428b-a038-9bd83b604974,3dda9f54-d771-11ef-825b-0275dc2ded29,a3e9145b-ba55-4793-a0fa-189e0f404ca7,1,30bb7856-b3c5-4268-898b-38afacdb8b6d,"{""en"": {""value"": ""Canyon Diablo"", ""direction"": ""ltr""}}",[],[],a5fb3dc4-db5e-43d7-88e5-c850ba4f4f94,"{""en"": {""value"": ""Canyon Diablo (URI: https://www.geonames.org/5288441)"", ""direction"": ""ltr""}}",[],[],[],cafdc6d0-8b46-4c12-ba94-4c11c9c59c5c,"{""en"": {""value"": ""https://www.geonames.org/5288441"", ""direction"": ""ltr""}}",935c6424-e423-47a6-a7ed-7eef89d447cb,"{""type"": ""Point"", ""coordinates"": [-111.11764, 35.16279]}"
220d04aa-dd05-452f-a7de-1aee3c4f0b79,3dda9f54-d771-11ef-825b-0275dc2ded29,a3e9145b-ba55-4793-a0fa-189e0f404ca7,1,7ed44279-0b10-4d16-bc28-35b7f26f6995,"{""en"": {""value"": ""Cape Lookout"", ""direction"": ""ltr""}}",[],[],6697ca09-6ca6-4130-9ad6-60815ce07644,"{""en"": {""value"": ""Cape Lookout (URI: https://www.geonames.org/5737924)"", ""direction"": ""ltr""}}",[],[],[],c79c36cf-4534-48ae-b925-193fb4d234be,"{""en"": {""value"": ""https://www.geonames.org/5737924"", ""direction"": ""ltr""}}",0f8d0090-3e38-4725-8fae-863a58276e2d,"{""type"": ""Point"", ""coordinates"": [-124.00839, 45.33923]}"
00455cb3-1f10-461d-bbdd-868adfd1067e,3dda9f54-d771-11ef-825b-0275dc2ded29,a3e9145b-ba55-4793-a0fa-189e0f404ca7,1,e86a458f-62b7-4ca3-8298-84537bc76d8e,"{""en"": {""value"": ""Carbon"", ""direction"": ""ltr""}}",[],[],28b759eb-3531-4b8f-9d71-cc627044c656,"{""en"": {""value"": ""Carbon (URI: https://www.geonames.org/5820552)"", ""direction"": ""ltr""}}",[],[],[],51f765e6-7f33-44ba-8984-32e66c016f7a,"{""en"": {""value"": ""https://www.geonames.org/5820552"", ""direction"": ""ltr""}}",2f7ff31d-ccb3-4a2a-81df-94ec92d82039,"{""type"": ""Point"", ""coordinates"": [-106.93061, 41.69459]}"
61a8444d-1b10-4f6c-9efb-6c443469707d,3dda9f54-d771-11ef-825b-0275dc2ded29,a3e9145b-ba55-4793-a0fa-189e0f404ca7,1,867cc7dc-98eb-4625-b4b6-f7a565c36c2c,"{""en"": {""value"": ""Carinthia"", ""direction"": ""ltr""}}",[],[],6ae15823-37aa-4667-af20-3b815a71e128,"{""en"": {""value"": ""Carinthia (URI: https://www.geonames.org/2774686)"", ""direction"": ""ltr""}}",[],[],[],31e18da8-1b96-4ae0-b002-af10e8d6e007,"{""en"": {""value"": ""https://www.geonames.org/2774686"", ""direction"": ""ltr""}}",c8f419d6-8578-491a-9ed1-9c8d6c977143,"{""type"": ""Point"", ""coordinates"": [13.83333, 46.75]}"
d460a63a-bdd2-4f7f-90df-e61b718fb308,3dda9f54-d771-11ef-825b-0275dc2ded29,a3e9145b-ba55-4793-a0fa-189e0f404ca7,1,47cae260-9572-45f0-bfad-a91e4c5f9072,"{""en"": {""value"": ""Carroll"", ""direction"": ""ltr""}}",[],[],189da559-5961-411a-a742-2da3dba828e5,"{""en"": {""value"": ""Carroll (URI: https://www.geonames.org/4350461)"", ""direction"": ""ltr""}}",[],[],[],1599195f-43af-4a7a-bfb9-96718149cbde,"{""en"": {""value"": ""https://www.geonames.org/4350461"", ""direction"": ""ltr""}}",4e871e2c-8003-4fee-869b-8e4e39fc72bb,"{""type"": ""Point"", ""coordinates"": [-77.02252, 39.56286]}"
2e88ee7a-79b4-4e1b-a92c-38ab6747dcfe,3dda9f54-d771-11ef-825b-0275dc2ded29,a3e9145b-ba55-4793-a0fa-189e0f404ca7,1,bcde09e7-71ec-49c0-a8ba-157a5bd963e5,"{""en"": {""value"": ""Cascina Pistoia"", ""direction"": ""ltr""}}",[],[],8568a27f-2355-47e1-a47f-0f571bee27b4,"{""en"": {""value"": ""Cascina Pistoia (URI: https://www.geonames.org/8981552)"", ""direction"": ""ltr""}}",[],[],[],10278b08-2470-4871-886f-b72b7f5eef45,"{""en"": {""value"": ""https://www.geonames.org/8981552"", ""direction"": ""ltr""}}",3a6b80ff-786d-434b-9e34-d2aaa95a78d2,"{""type"": ""Point"", ""coordinates"": [9.40982, 45.16405]}"
9480470d-5820-4552-8c08-a4ca140d998e,3dda9f54-d771-11ef-825b-0275dc2ded29,a3e9145b-ba55-4793-a0fa-189e0f404ca7,1,64d1f1f9-e3e9-4307-990e-e78b6394e9d0,"{""en"": {""value"": ""Cass"", ""direction"": ""ltr""}}",[],[],1587c8c3-7496-4a03-b274-dd48edf5a009,"{""en"": {""value"": ""Cass (URI: https://www.geonames.org/5058559)"", ""direction"": ""ltr""}}",[],[],[],e31c6a21-aec0-4ecf-92a7-70b986988551,"{""en"": {""value"": ""https://www.geonames.org/5058559"", ""direction"": ""ltr""}}",98481453-9e26-44bf-b79d-a34cd1e0936d,"{""type"": ""Point"", ""coordinates"": [-97.24804, 46.93297]}"
b00cc582-aec5-4bee-8959-0dc4adcd7b38,3dda9f54-d771-11ef-825b-0275dc2ded29,a3e9145b-ba55-4793-a0fa-189e0f404ca7,1,e9b17c98-11b7-49c0-951f-777a3c9b2809,"{""en"": {""value"": ""Cassia"", ""direction"": ""ltr""}}",[],[],d8678c65-79c6-419f-a229-7092bbfc04c1,"{""en"": {""value"": ""Cassia (URI: https://www.geonames.org/5588204)"", ""direction"": ""ltr""}}",[],[],[],162775b0-bac1-4483-a254-45f65b6e235d,"{""en"": {""value"": ""https://www.geonames.org/5588204"", ""direction"": ""ltr""}}",1b759b43-aad4-45fe-a558-d8fbd236b7b7,"{""type"": ""Point"", ""coordinates"": [-113.60037, 42.28387]}"
71188fac-4678-4ad5-8650-be2588306b2d,3dda9f54-d771-11ef-825b-0275dc2ded29,a3e9145b-ba55-4793-a0fa-189e0f404ca7,1,f14cb8bf-bfe1-439c-aaf3-05fcee722b32,"{""en"": {""value"": ""Castiglione"", ""direction"": ""ltr""}}",[],[],21b6463a-1c07-464b-af0e-711810088127,"{""en"": {""value"": ""Castiglione (URI: https://www.geonames.org/2525078)"", ""direction"": ""ltr""}}",[],[],[],68a52bb7-1e9e-49b2-a3af-993584161fa3,"{""en"": {""value"": ""https://www.geonames.org/2525078"", ""direction"": ""ltr""}}",6fef9e52-bb07-4b93-926a-3957ac0a4aa6,"{""type"": ""Point"", ""coordinates"": [18.35, 39.98333]}"
ad8680e1-66de-4a9e-8cba-a81da5e1c9dd,3dda9f54-d771-11ef-825b-0275dc2ded29,a3e9145b-ba55-4793-a0fa-189e0f404ca7,1,abd20eca-419f-42b0-9719-775bdfd5d4f2,"{""en"": {""value"": ""Castle Harbour"", ""direction"": ""ltr""}}",[],[],72871270-087c-473a-b5ff-b10124f2cf15,"{""en"": {""value"": ""Castle Harbour (URI: https://www.geonames.org/3573303)"", ""direction"": ""ltr""}}",[],[],[],c0fa1bab-bbd4-4d65-8645-2fcb17bc8b0e,"{""en"": {""value"": ""https://www.geonames.org/3573303"", ""direction"": ""ltr""}}",18058b02-9c7e-4f6e-b762-17c67428817e,"{""type"": ""Point"", ""coordinates"": [-64.68917, 32.34861]}"
2093f76c-93a7-470b-a180-5426dfce114f,3dda9f54-d771-11ef-825b-0275dc2ded29,a3e9145b-ba55-4793-a0fa-189e0f404ca7,1,323816b5-f2b0-4240-9ab6-fc1fb78eb268,"{""en"": {""value"": ""Catalonia"", ""direction"": ""ltr""}}",[],[],5a0f9e1b-0b2a-4baa-b49e-abb568048739,"{""en"": {""value"": ""Catalonia (URI: https://www.geonames.org/3336901)"", ""direction"": ""ltr""}}",[],[],[],ac808506-2039-41a4-98b7-c61aad7d879a,"{""en"": {""value"": ""https://www.geonames.org/3336901"", ""direction"": ""ltr""}}",42400026-0921-4574-8bd0-62201e2f44bc,"{""type"": ""Point"", ""coordinates"": [1.86768, 41.82046]}"
72f5e2c3-6ed0-4cfc-87a6-a209080e788d,3dda9f54-d771-11ef-825b-0275dc2ded29,a3e9145b-ba55-4793-a0fa-189e0f404ca7,1,b358c11a-c5ae-42bc-bf88-b711ab531155,"{""en"": {""value"": ""Cave-in-Rock"", ""direction"": ""ltr""}}",[],[],22ea70f9-8da5-4c39-aeed-522c93531819,"{""en"": {""value"": ""Cave-in-Rock (URI: https://www.geonames.org/4235415)"", ""direction"": ""ltr""}}",[],[],[],a628b112-9613-4caf-97db-b760529386e8,"{""en"": {""value"": ""https://www.geonames.org/4235415"", ""direction"": ""ltr""}}",e1e1f070-0986-4b7a-9db3-73cf01a8acd0,"{""type"": ""Point"", ""coordinates"": [-88.16531, 37.46922]}"
a2a61c24-f483-470e-b5aa-5d76531381b0,3dda9f54-d771-11ef-825b-0275dc2ded29,a3e9145b-ba55-4793-a0fa-189e0f404ca7,1,b2659075-be7d-4b6a-990e-86d7bd3c61fd,"{""en"": {""value"": ""Campo nell'Elba"", ""direction"": ""ltr""}}",[],[],2afbb07e-5b4f-4590-b2de-284d9b0add6d,"{""en"": {""value"": ""Campo nell'Elba (URI: https://www.geonames.org/6534703)"", ""direction"": ""ltr""}}",[],[],[],4abc720c-c28e-4607-8c4b-41704afd9474,"{""en"": {""value"": ""https://www.geonames.org/6534703"", ""direction"": ""ltr""}}",f268be82-2901-4f11-93ac-8596057bdb1f,"{""type"": ""Point"", ""coordinates"": [10.23332, 42.74802]}"
8483514b-08cb-484b-a553-e4d6f16a8e22,3dda9f54-d771-11ef-825b-0275dc2ded29,a3e9145b-ba55-4793-a0fa-189e0f404ca7,1,a3c158bb-f27b-41aa-b332-c3460e4db30c,"{""en"": {""value"": ""Cecchina"", ""direction"": ""ltr""}}",[],[],683ae47e-b7bc-4a92-9e27-0a02c936c053,"{""en"": {""value"": ""Cecchina (URI: https://www.geonames.org/3179241)"", ""direction"": ""ltr""}}",[],[],[],2441aef5-51b8-4344-8df8-abac00383538,"{""en"": {""value"": ""https://www.geonames.org/3179241"", ""direction"": ""ltr""}}",5ff625d4-f2a7-46e5-8ccb-85fc7f19cf8d,"{""type"": ""Point"", ""coordinates"": [12.64972, 41.70161]}"
9f01afdd-36d2-41a8-bb7a-470cecc09e22,3dda9f54-d771-11ef-825b-0275dc2ded29,a3e9145b-ba55-4793-a0fa-189e0f404ca7,1,1e80333c-15b7-4de5-9652-96f2a629f416,"{""en"": {""value"": ""Cecil"", ""direction"": ""ltr""}}",[],[],2c4f9bed-c888-4249-8a66-63ed5b642656,"{""en"": {""value"": ""Cecil (URI: https://www.geonames.org/4350685)"", ""direction"": ""ltr""}}",[],[],[],4cb9e473-96cd-46fb-b3df-0aa4dd4f198d,"{""en"": {""value"": ""https://www.geonames.org/4350685"", ""direction"": ""ltr""}}",2f29002f-41f9-4f47-8ff9-0ee5cd64a324,"{""type"": ""Point"", ""coordinates"": [-75.94811, 39.56242]}"
af246df5-90ce-48e8-ba13-b95408397c42,3dda9f54-d771-11ef-825b-0275dc2ded29,a3e9145b-ba55-4793-a0fa-189e0f404ca7,1,b05cf1df-319e-434e-82ea-845dfa4ed728,"{""en"": {""value"": ""Cedar City"", ""direction"": ""ltr""}}",[],[],ff2b78d5-19c9-40f3-b073-0db7b18d3925,"{""en"": {""value"": ""Cedar City (URI: https://www.geonames.org/5536630)"", ""direction"": ""ltr""}}",[],[],[],ffd87c5f-a5db-446f-aeb8-acf7829624c4,"{""en"": {""value"": ""https://www.geonames.org/5536630"", ""direction"": ""ltr""}}",23beaf00-b38e-458e-918d-65b3604b7a78,"{""type"": ""Point"", ""coordinates"": [-113.06189, 37.67748]}"
28e8d3e0-38d8-4a7e-adf7-ec370d84caac,3dda9f54-d771-11ef-825b-0275dc2ded29,a3e9145b-ba55-4793-a0fa-189e0f404ca7,1,3ca09b5f-94ce-42a8-86de-cb6296980ded,"{""en"": {""value"": ""Cerro Chaco"", ""direction"": ""ltr""}}",[],[],47f64be5-b9b5-4122-bc87-55d7a87e1aa0,"{""en"": {""value"": ""Cerro Chaco (URI: https://www.geonames.org/3861888)"", ""direction"": ""ltr""}}",[],[],[],8a48e848-2f37-4a84-b20a-981edc81a86d,"{""en"": {""value"": ""https://www.geonames.org/3861888"", ""direction"": ""ltr""}}",ae775dcd-f877-42f0-85bb-e6bcd384b7aa,"{""type"": ""Point"", ""coordinates"": [-62.12436, -37.9305]}"
ebbbd7e7-7f12-44a6-8606-3e97eff595ed,3dda9f54-d771-11ef-825b-0275dc2ded29,a3e9145b-ba55-4793-a0fa-189e0f404ca7,1,750448f6-f4ba-4ecb-b0ad-428099df88e2,"{""en"": {""value"": ""Cerro Gordo Mine"", ""direction"": ""ltr""}}",[],[],ca9829bb-dca8-4276-bb74-a8ebc1b58e52,"{""en"": {""value"": ""Cerro Gordo Mine (URI: https://www.geonames.org/5335692)"", ""direction"": ""ltr""}}",[],[],[],e4d15fa7-9ac2-4ec9-b9d8-9fe96777e6b3,"{""en"": {""value"": ""https://www.geonames.org/5335692"", ""direction"": ""ltr""}}",12a161ea-63d9-4022-b81e-f5c23e43984e,"{""type"": ""Point"", ""coordinates"": [-117.79174, 36.53938]}"
1adb6a72-53da-4201-9cd6-4d4cbd3ba806,3dda9f54-d771-11ef-825b-0275dc2ded29,a3e9145b-ba55-4793-a0fa-189e0f404ca7,1,0e823917-7eb5-47eb-b4d9-c83c546762d8,"{""en"": {""value"": ""Channel Islands Beach"", ""direction"": ""ltr""}}",[],[],8df8b015-5355-4501-926d-5827dcaf2043,"{""en"": {""value"": ""Channel Islands Beach (URI: https://www.geonames.org/5335846)"", ""direction"": ""ltr""}}",[],[],[],fb1bc1f3-668a-42e1-8efb-fbca29b03472,"{""en"": {""value"": ""https://www.geonames.org/5335846"", ""direction"": ""ltr""}}",78601c50-c0e5-43e6-b532-31b962578884,"{""type"": ""Point"", ""coordinates"": [-119.22316, 34.15806]}"
0b885aad-b20b-41af-b43a-7b8d6040c00a,3dda9f54-d771-11ef-825b-0275dc2ded29,a3e9145b-ba55-4793-a0fa-189e0f404ca7,1,5a7e123a-7767-4798-a992-74f87737e1f9,"{""en"": {""value"": ""Chapare"", ""direction"": ""ltr""}}",[],[],ed86ddc3-7541-4453-9ae6-a72b8254860f,"{""en"": {""value"": ""Chapare (URI: https://www.geonames.org/3921215)"", ""direction"": ""ltr""}}",[],[],[],4ed31a54-395f-4995-ae7c-61f05748a591,"{""en"": {""value"": ""https://www.geonames.org/3921215"", ""direction"": ""ltr""}}",3edaf729-73a1-4804-8569-7044f29417a8,"{""type"": ""Point"", ""coordinates"": [-65.71926, -16.80922]}"
e5e85bde-7b8d-4ccc-a827-4c043a8c84d2,3dda9f54-d771-11ef-825b-0275dc2ded29,a3e9145b-ba55-4793-a0fa-189e0f404ca7,1,4e06a6fb-7290-4d01-9938-af4689e8e6ed,"{""en"": {""value"": ""Charlotte"", ""direction"": ""ltr""}}",[],[],9f83f2de-7767-4337-ac12-546cb8fe598d,"{""en"": {""value"": ""Charlotte (URI: https://www.geonames.org/4460243)"", ""direction"": ""ltr""}}",[],[],[],e04ac93a-a64a-4982-a451-7bae32655c6e,"{""en"": {""value"": ""https://www.geonames.org/4460243"", ""direction"": ""ltr""}}",0b7638a7-207a-4605-9f82-4d8a62d8b782,"{""type"": ""Point"", ""coordinates"": [-80.84313, 35.22709]}"
23f6032c-6dc8-404a-b93e-dc5596725af5,3dda9f54-d771-11ef-825b-0275dc2ded29,a3e9145b-ba55-4793-a0fa-189e0f404ca7,1,ae95f9ba-2c77-4fa1-938d-84113a4ea0b0,"{""en"": {""value"": ""Charmouth"", ""direction"": ""ltr""}}",[],[],284dcc72-636e-4309-bb54-19c6e6f8af6a,"{""en"": {""value"": ""Charmouth (URI: https://www.geonames.org/2653317)"", ""direction"": ""ltr""}}",[],[],[],9356706a-f504-4f70-84e4-62538711a6dd,"{""en"": {""value"": ""https://www.geonames.org/2653317"", ""direction"": ""ltr""}}",34ca0058-d572-4b64-a722-7f86a1d8a5e6,"{""type"": ""Point"", ""coordinates"": [-2.90055, 50.73889]}"
5e1799a4-7d7f-4236-bbd0-8b542890db1b,3dda9f54-d771-11ef-825b-0275dc2ded29,a3e9145b-ba55-4793-a0fa-189e0f404ca7,1,bdf90d6f-3f55-4cca-97de-7cae737d594c,"{""en"": {""value"": ""Chatham"", ""direction"": ""ltr""}}",[],[],21b0f813-c54e-4f50-a6b1-bd485840e776,"{""en"": {""value"": ""Chatham (URI: https://www.geonames.org/5096495)"", ""direction"": ""ltr""}}",[],[],[],06cfefd5-7612-434d-8624-03a5120cbbd4,"{""en"": {""value"": ""https://www.geonames.org/5096495"", ""direction"": ""ltr""}}",39d5c807-0c44-471c-821d-66464edad658,"{""type"": ""Point"", ""coordinates"": [-74.38376, 40.74093]}"
b8c17ea8-dab3-43d2-a7de-edf4dddd1c4a,3dda9f54-d771-11ef-825b-0275dc2ded29,a3e9145b-ba55-4793-a0fa-189e0f404ca7,1,32e949a9-a6d3-44ec-bf74-f58bfa54f24e,"{""en"": {""value"": ""Chemult"", ""direction"": ""ltr""}}",[],[],8a3ef117-cb4f-452f-aee0-01ffa78f5274,"{""en"": {""value"": ""Chemult (URI: https://www.geonames.org/5718823)"", ""direction"": ""ltr""}}",[],[],[],ee10789e-1d30-4fee-918f-b4a8023374d4,"{""en"": {""value"": ""https://www.geonames.org/5718823"", ""direction"": ""ltr""}}",6fc29dfb-1eeb-476a-acb9-0c1c917d64af,"{""type"": ""Point"", ""coordinates"": [-121.7828, 43.21652]}"
b2aaa506-cfbd-439e-b03a-f55d170dd04a,3dda9f54-d771-11ef-825b-0275dc2ded29,a3e9145b-ba55-4793-a0fa-189e0f404ca7,1,348d99e1-c92b-47d6-a2a7-6daea639175b,"{""en"": {""value"": ""Canaan"", ""direction"": ""ltr""}}",[],[],295af711-0361-4332-bfb0-a04b96a19ff3,"{""en"": {""value"": ""Canaan (URI: https://www.geonames.org/5283386)"", ""direction"": ""ltr""}}",[],[],[],846b3acd-575e-49bd-ae01-62113b17a1aa,"{""en"": {""value"": ""https://www.geonames.org/5283386"", ""direction"": ""ltr""}}",54f2b930-00db-4be3-a5ab-e23b647d4c3a,"{""type"": ""Point"", ""coordinates"": [-73.32928, 42.02731]}"
ccd33d93-dec8-46d1-b252-4b7a404cb546,3dda9f54-d771-11ef-825b-0275dc2ded29,a3e9145b-ba55-4793-a0fa-189e0f404ca7,1,0e756d03-32ae-475d-9532-341a62cdf71e,"{""en"": {""value"": ""Camp Hill"", ""direction"": ""ltr""}}",[],[],3622d15f-2e6d-4a39-a449-114d7bed2627,"{""en"": {""value"": ""Camp Hill (URI: https://www.geonames.org/5283310)"", ""direction"": ""ltr""}}",[],[],[],7ef75edf-1fdc-4dbc-9228-d4a82e336439,"{""en"": {""value"": ""https://www.geonames.org/5283310"", ""direction"": ""ltr""}}",c04d95c4-f925-4b26-a53f-09d03aac5bd1,"{""type"": ""Point"", ""coordinates"": [-73.1165, 41.69954]}"
46254724-1cc0-47d7-930f-e141cd3b09fd,3dda9f54-d771-11ef-825b-0275dc2ded29,a3e9145b-ba55-4793-a0fa-189e0f404ca7,1,82bc7c38-5b9e-4d3f-ae60-49098479471d,"{""en"": {""value"": ""Berlin"", ""direction"": ""ltr""}}",[],[],e5d77e77-5e1d-4c48-bd06-6fe2aec61e7f,"{""en"": {""value"": ""Berlin (URI: https://www.geonames.org/2950159)"", ""direction"": ""ltr""}}",[],[],[],94cfa49b-ce46-411c-9ef6-bae479742615,"{""en"": {""value"": ""https://www.geonames.org/2950159"", ""direction"": ""ltr""}}",051fc9f9-935f-40b0-af34-43aeeee491a0,"{""type"": ""Point"", ""coordinates"": [13.41053, 52.52437]}"
8ed76da8-0e0f-4ba4-9dc0-6ec821f7e4a3,3dda9f54-d771-11ef-825b-0275dc2ded29,a3e9145b-ba55-4793-a0fa-189e0f404ca7,1,26580c35-3f05-484f-9c73-14bd9cdc2e6d,"{""en"": {""value"": ""Boynton"", ""direction"": ""ltr""}}",[],[],7f67a841-53bf-49d7-a7e4-98816f31d861,"{""en"": {""value"": ""Boynton (URI: https://www.geonames.org/5054195)"", ""direction"": ""ltr""}}",[],[],[],90da1937-475d-4370-a586-0ad2969bc5a0,"{""en"": {""value"": ""https://www.geonames.org/5054195"", ""direction"": ""ltr""}}",a545b284-6183-4aa4-897f-31e0061a78e2,"{""type"": ""Point"", ""coordinates"": [-93.08438, 40.28391]}"
ba93f5f9-4027-4f71-b14c-f0d01ad56019,3dda9f54-d771-11ef-825b-0275dc2ded29,a3e9145b-ba55-4793-a0fa-189e0f404ca7,1,e33cfb25-55c5-4095-9740-fe6b56f96dbe,"{""en"": {""value"": ""Bezirk Lenzburg"", ""direction"": ""ltr""}}",[],[],9b756100-9d86-4b25-8adc-1296a8c8046c,"{""en"": {""value"": ""Bezirk Lenzburg (URI: https://www.geonames.org/6458806)"", ""direction"": ""ltr""}}",[],[],[],c54f2f74-1b75-4d43-bd16-0329eaaabe33,"{""en"": {""value"": ""https://www.geonames.org/6458806"", ""direction"": ""ltr""}}",6d1086e7-d8d0-432b-97b2-2482f63f93b0,"{""type"": ""Point"", ""coordinates"": [8.1891, 47.37184]}"
d2aafdf2-2cc3-470f-a4a4-cf7de1d5c7a3,3dda9f54-d771-11ef-825b-0275dc2ded29,a3e9145b-ba55-4793-a0fa-189e0f404ca7,1,e01cdc6c-c620-4f2f-99ad-3e401bb45ffb,"{""en"": {""value"": ""Black Butte"", ""direction"": ""ltr""}}",[],[],d4979037-df9d-42cb-9538-d03665b8e4a4,"{""en"": {""value"": ""Black Butte (URI: https://www.geonames.org/5714423)"", ""direction"": ""ltr""}}",[],[],[],423d13fb-80fb-4d6c-8358-21b835181144,"{""en"": {""value"": ""https://www.geonames.org/5714423"", ""direction"": ""ltr""}}",33c70e62-994e-46fa-8aad-f7b4101ca580,"{""type"": ""Point"", ""coordinates"": [-123.07757, 43.56929]}"
bb25104c-d331-44ab-b314-235fb8247017,3dda9f54-d771-11ef-825b-0275dc2ded29,a3e9145b-ba55-4793-a0fa-189e0f404ca7,1,b64f5b0e-4003-4b19-93a9-1ae56d11dd9e,"{""en"": {""value"": ""Black Forest"", ""direction"": ""ltr""}}",[],[],28bcccb5-c61a-4d87-8625-9c902c0d701d,"{""en"": {""value"": ""Black Forest (URI: https://www.geonames.org/2834688)"", ""direction"": ""ltr""}}",[],[],[],a0de6a5e-c0ac-4343-b2d9-258e347f984a,"{""en"": {""value"": ""https://www.geonames.org/2834688"", ""direction"": ""ltr""}}",6e0f8569-5fb9-43df-a292-418a1f919090,"{""type"": ""Point"", ""coordinates"": [8.25, 48.0]}"
a2e5d047-caf5-49ab-aad1-7814c42ebf19,3dda9f54-d771-11ef-825b-0275dc2ded29,a3e9145b-ba55-4793-a0fa-189e0f404ca7,1,f0a90486-3e84-425a-a1d3-c9a4d268d61c,"{""en"": {""value"": ""Black Hills"", ""direction"": ""ltr""}}",[],[],bcc342bf-a8e9-4580-99ea-7d52e417ec1d,"{""en"": {""value"": ""Black Hills (URI: https://www.geonames.org/5762870)"", ""direction"": ""ltr""}}",[],[],[],2782049b-c3fc-45af-b520-74200823490a,"{""en"": {""value"": ""https://www.geonames.org/5762870"", ""direction"": ""ltr""}}",a7f394c7-8e75-4b0c-95b7-7eef92e7eda2,"{""type"": ""Point"", ""coordinates"": [-103.70881, 44.41665]}"
e2940c01-d70e-4466-bfaf-0ce2055db879,3dda9f54-d771-11ef-825b-0275dc2ded29,a3e9145b-ba55-4793-a0fa-189e0f404ca7,1,e12c140e-8109-4e62-93c5-305401d032e7,"{""en"": {""value"": ""Black Range"", ""direction"": ""ltr""}}",[],[],7004113c-5307-469c-9727-f630789fc65b,"{""en"": {""value"": ""Black Range (URI: https://www.geonames.org/5457848)"", ""direction"": ""ltr""}}",[],[],[],effa3556-25c7-459a-ac64-4f5f87959bb7,"{""en"": {""value"": ""https://www.geonames.org/5457848"", ""direction"": ""ltr""}}",c3906966-4f5e-4d21-a7e1-4abc7e404f19,"{""type"": ""Point"", ""coordinates"": [-107.84115, 33.18452]}"
9b8ce1fa-bd47-4d34-bf2c-0cd5aeb88ea4,3dda9f54-d771-11ef-825b-0275dc2ded29,a3e9145b-ba55-4793-a0fa-189e0f404ca7,1,4e58033a-bf2d-4264-95fe-d2a7a32c8b16,"{""en"": {""value"": ""Blantyre District"", ""direction"": ""ltr""}}",[],[],04ca7f70-459e-4449-8818-5e1c5e86258a,"{""en"": {""value"": ""Blantyre District (URI: https://www.geonames.org/931754)"", ""direction"": ""ltr""}}",[],[],[],ee1555cb-b998-4e16-9395-bcf9f76312cf,"{""en"": {""value"": ""https://www.geonames.org/931754"", ""direction"": ""ltr""}}",7763a58f-625a-4a91-9a8c-28a5877e92d9,"{""type"": ""Point"", ""coordinates"": [34.93956, -15.64732]}"
1754dc18-f114-4034-99cd-de6072812c84,3dda9f54-d771-11ef-825b-0275dc2ded29,a3e9145b-ba55-4793-a0fa-189e0f404ca7,1,f241af15-628d-4bc8-b24e-e255364730b0,"{""en"": {""value"": ""Bloomfield"", ""direction"": ""ltr""}}",[],[],5e72f6f1-b7cf-431c-8839-104e51c6ef74,"{""en"": {""value"": ""Bloomfield (URI: https://www.geonames.org/2207364)"", ""direction"": ""ltr""}}",[],[],[],5dabdd1f-299b-478d-8d77-ce3c59652648,"{""en"": {""value"": ""https://www.geonames.org/2207364"", ""direction"": ""ltr""}}",af94981d-4d76-48e2-bec4-4db02307010a,"{""type"": ""Point"", ""coordinates"": [145.33333, -15.93333]}"
74e33a82-7164-45ee-be4d-9c29619cefc9,3dda9f54-d771-11ef-825b-0275dc2ded29,a3e9145b-ba55-4793-a0fa-189e0f404ca7,1,047ca611-2942-428e-af60-f079eea353f2,"{""en"": {""value"": ""Boise"", ""direction"": ""ltr""}}",[],[],55f1f60c-ff24-4e31-814a-9bec205f7d96,"{""en"": {""value"": ""Boise (URI: https://www.geonames.org/5586445)"", ""direction"": ""ltr""}}",[],[],[],d74cdbf0-f0a5-47b8-8959-bd396418f05b,"{""en"": {""value"": ""https://www.geonames.org/5586445"", ""direction"": ""ltr""}}",07bb6209-c9d9-40c7-97ef-b8b130cdfb0f,"{""type"": ""Point"", ""coordinates"": [-115.73024, 43.98913]}"
28f0c989-3e57-4b53-8fef-cc6cfac76b3a,3dda9f54-d771-11ef-825b-0275dc2ded29,a3e9145b-ba55-4793-a0fa-189e0f404ca7,1,ca54f57c-be43-4bf3-ad2c-30c892bac607,"{""en"": {""value"": ""Boliden"", ""direction"": ""ltr""}}",[],[],0210d840-e2ce-4f0f-8678-79f80a3b0a10,"{""en"": {""value"": ""Boliden (URI: https://www.geonames.org/606507)"", ""direction"": ""ltr""}}",[],[],[],aa8bc21e-9beb-4ba1-9411-a06b26d3d5d3,"{""en"": {""value"": ""https://www.geonames.org/606507"", ""direction"": ""ltr""}}",15f480fd-2dad-4ebf-a11b-95d3df2cccf1,"{""type"": ""Point"", ""coordinates"": [20.38333, 64.86667]}"
fb461bfa-0425-41ef-995b-3e41c9c8bbe6,3dda9f54-d771-11ef-825b-0275dc2ded29,a3e9145b-ba55-4793-a0fa-189e0f404ca7,1,6047ceeb-0c94-42a0-a7a7-b5dac2a7a457,"{""en"": {""value"": ""Bowman"", ""direction"": ""ltr""}}",[],[],f7238270-4185-4350-bd29-5871160bbc5e,"{""en"": {""value"": ""Bowman (URI: https://www.geonames.org/5688138)"", ""direction"": ""ltr""}}",[],[],[],b33073e4-8581-4948-b58f-d2b61076f47c,"{""en"": {""value"": ""https://www.geonames.org/5688138"", ""direction"": ""ltr""}}",aa42883a-d3d7-47a1-9577-58f0ccba975c,"{""type"": ""Point"", ""coordinates"": [-103.52067, 46.11261]}"
47fc0699-7082-43c7-a853-d47af7ac509f,3dda9f54-d771-11ef-825b-0275dc2ded29,a3e9145b-ba55-4793-a0fa-189e0f404ca7,1,356d1755-9ee9-4fb8-bb17-814f64097382,"{""en"": {""value"": ""Bozeman"", ""direction"": ""ltr""}}",[],[],c6c0abbf-7821-4c55-8b8f-a047188d8f7e,"{""en"": {""value"": ""Bozeman (URI: https://www.geonames.org/5641727)"", ""direction"": ""ltr""}}",[],[],[],9ac7362d-d10b-424b-945e-e09f522ebd0a,"{""en"": {""value"": ""https://www.geonames.org/5641727"", ""direction"": ""ltr""}}",4000cd4d-2efa-4646-9c62-685b26659ac9,"{""type"": ""Point"", ""coordinates"": [-111.03856, 45.67965]}"
694762d4-4bc4-409f-9e39-55d177993fec,3dda9f54-d771-11ef-825b-0275dc2ded29,a3e9145b-ba55-4793-a0fa-189e0f404ca7,1,d43bde26-0cdf-4952-bdd5-824bee7bdae0,"{""en"": {""value"": ""Cameron"", ""direction"": ""ltr""}}",[],[],d1b02562-f70a-476e-8455-b8058d03dd46,"{""en"": {""value"": ""Cameron (URI: https://www.geonames.org/5288193)"", ""direction"": ""ltr""}}",[],[],[],883ef9d5-3b02-4d2f-84fb-c255080942ef,"{""en"": {""value"": ""https://www.geonames.org/5288193"", ""direction"": ""ltr""}}",b40d35b7-4911-4540-81a0-b56f5740805b,"{""type"": ""Point"", ""coordinates"": [-111.41292, 35.87583]}"
e9dbe759-b1a7-42b7-a0ce-3e5d49aeaf86,3dda9f54-d771-11ef-825b-0275dc2ded29,a3e9145b-ba55-4793-a0fa-189e0f404ca7,1,305bf4cb-1fe3-455a-81b2-5ff0b174c2e1,"{""en"": {""value"": ""Branchville"", ""direction"": ""ltr""}}",[],[],24abab77-5e44-45f6-beb6-6bcf121b884b,"{""en"": {""value"": ""Branchville (URI: https://www.geonames.org/5282732)"", ""direction"": ""ltr""}}",[],[],[],8732829a-8bfa-4958-aa10-fd4def407827,"{""en"": {""value"": ""https://www.geonames.org/5282732"", ""direction"": ""ltr""}}",e4f7ad77-85e4-4e45-9a21-536324c98bc6,"{""type"": ""Point"", ""coordinates"": [-73.44179, 41.2676]}"
bf4241b3-636b-4462-a1db-e88a2cade09d,3dda9f54-d771-11ef-825b-0275dc2ded29,a3e9145b-ba55-4793-a0fa-189e0f404ca7,1,b135e688-88a7-4430-a29f-c7a8f2c56367,"{""en"": {""value"": ""Brisbane"", ""direction"": ""ltr""}}",[],[],77020064-5640-4c58-976f-3b9492a89d31,"{""en"": {""value"": ""Brisbane (URI: https://www.geonames.org/2174003)"", ""direction"": ""ltr""}}",[],[],[],8d03a310-7993-4ab4-a12c-13ab284a3c27,"{""en"": {""value"": ""https://www.geonames.org/2174003"", ""direction"": ""ltr""}}",be9f8d28-1f57-45a9-8a78-9a6e1cdefc59,"{""type"": ""Point"", ""coordinates"": [153.02809, -27.46794]}"
193bf7fe-4ef4-4ac0-a369-42f48fc18f12,3dda9f54-d771-11ef-825b-0275dc2ded29,a3e9145b-ba55-4793-a0fa-189e0f404ca7,1,40226e1b-cfd3-4754-af51-6ddb02cbafc1,"{""en"": {""value"": ""Brushy Creek Mine "", ""direction"": ""ltr""}}",[],[],78edf256-4909-414e-bfe3-242e1573a247,"{""en"": {""value"": ""Brushy Creek Mine  (URI: https://www.geonames.org/4378814)"", ""direction"": ""ltr""}}",[],[],[],a29385de-c25c-4cb7-bc32-82657cdf5e1a,"{""en"": {""value"": ""https://www.geonames.org/4378814"", ""direction"": ""ltr""}}",1669a886-efd6-4573-9096-df90a199542b,"{""type"": ""Point"", ""coordinates"": [-91.12874, 37.5381]}"
9d536a47-b27d-4127-8973-2ef32fefa4f3,3dda9f54-d771-11ef-825b-0275dc2ded29,a3e9145b-ba55-4793-a0fa-189e0f404ca7,1,b496e059-6ca7-4616-848d-83706ed30bd5,"{""en"": {""value"": ""Brussels"", ""direction"": ""ltr""}}",[],[],dbfdaaa3-c857-494c-a61b-672c4d8e3696,"{""en"": {""value"": ""Brussels (URI: https://www.geonames.org/2800866)"", ""direction"": ""ltr""}}",[],[],[],3b20d881-2224-4b90-81fa-2bf1fe71688e,"{""en"": {""value"": ""https://www.geonames.org/2800866"", ""direction"": ""ltr""}}",9eed2e64-14db-4cfc-a668-edcfed03f6cf,"{""type"": ""Point"", ""coordinates"": [4.34878, 50.85045]}"
9a72132d-a1ad-4de4-a4a1-d287705a6471,3dda9f54-d771-11ef-825b-0275dc2ded29,a3e9145b-ba55-4793-a0fa-189e0f404ca7,1,813f51a9-2242-4b5b-a35e-5d546c83e0d2,"{""en"": {""value"": ""Budapest"", ""direction"": ""ltr""}}",[],[],07ef668c-6ff7-47e2-8759-1246fc7536f0,"{""en"": {""value"": ""Budapest (URI: https://www.geonames.org/3054643)"", ""direction"": ""ltr""}}",[],[],[],f5520f99-e0c3-4831-9d05-0e8e5ed82244,"{""en"": {""value"": ""https://www.geonames.org/3054643"", ""direction"": ""ltr""}}",64d1e64f-94f3-4ae8-a265-cc4b45da2f6a,"{""type"": ""Point"", ""coordinates"": [19.04045, 47.49835]}"
0790d112-12fb-4a17-a46f-9ce3818b61eb,3dda9f54-d771-11ef-825b-0275dc2ded29,a3e9145b-ba55-4793-a0fa-189e0f404ca7,1,ffd0083f-7065-4737-aef2-51071703bbd2,"{""en"": {""value"": ""Buffalo"", ""direction"": ""ltr""}}",[],[],9071c6fd-2cb2-470d-b46e-febad32300ff,"{""en"": {""value"": ""Buffalo (URI: https://www.geonames.org/5110629)"", ""direction"": ""ltr""}}",[],[],[],1239212e-a0f9-46f9-a371-5ed8e0b27213,"{""en"": {""value"": ""https://www.geonames.org/5110629"", ""direction"": ""ltr""}}",2e5e884b-ba9b-4ac8-aac9-37f4e289ef7f,"{""type"": ""Point"", ""coordinates"": [-78.87837, 42.88645]}"
3d1d230f-4149-46da-a823-8f47883afdb0,3dda9f54-d771-11ef-825b-0275dc2ded29,a3e9145b-ba55-4793-a0fa-189e0f404ca7,1,62a576f0-b8b9-4c59-800d-85a023baf990,"{""en"": {""value"": ""Buffalo Grove"", ""direction"": ""ltr""}}",[],[],d398d915-7b5f-4e9b-8a0a-81fa5d0b20fd,"{""en"": {""value"": ""Buffalo Grove (URI: https://www.geonames.org/4885955)"", ""direction"": ""ltr""}}",[],[],[],b7f33acd-1a0c-4681-a2b1-f76d68c67637,"{""en"": {""value"": ""https://www.geonames.org/4885955"", ""direction"": ""ltr""}}",46ec7820-10d7-441b-8afc-9f2a6a4b16fa,"{""type"": ""Point"", ""coordinates"": [-87.95979, 42.15141]}"
43bd0d7b-a81e-4273-b489-8f33b8d9a7e7,3dda9f54-d771-11ef-825b-0275dc2ded29,a3e9145b-ba55-4793-a0fa-189e0f404ca7,1,30d92345-e820-49f3-94a9-72f5d350032a,"{""en"": {""value"": ""Bulgaria"", ""direction"": ""ltr""}}",[],[],c0d41a99-b804-42f9-9ed9-aeea9a75a811,"{""en"": {""value"": ""Bulgaria (URI: https://www.geonames.org/732800)"", ""direction"": ""ltr""}}",[],[],[],24ecda4a-26c8-42f3-9dbd-21288d7b080c,"{""en"": {""value"": ""https://www.geonames.org/732800"", ""direction"": ""ltr""}}",4f26ac58-26c7-41b7-ab65-3b3e5b86fd89,"{""type"": ""Point"", ""coordinates"": [25.25, 42.66667]}"
2b0f3f24-b565-4c6a-86ac-db62aed47ea1,3dda9f54-d771-11ef-825b-0275dc2ded29,a3e9145b-ba55-4793-a0fa-189e0f404ca7,1,075e8368-842a-4226-80c3-10e566de1353,"{""en"": {""value"": ""Buskerud"", ""direction"": ""ltr""}}",[],[],f735fa95-ced4-4967-a072-ed9017520499,"{""en"": {""value"": ""Buskerud (URI: https://www.geonames.org/3159665)"", ""direction"": ""ltr""}}",[],[],[],e59e349d-079a-4d08-8d5e-31998602c861,"{""en"": {""value"": ""https://www.geonames.org/3159665"", ""direction"": ""ltr""}}",d74aa841-be1c-4341-8490-03f74cfde6f8,"{""type"": ""Point"", ""coordinates"": [10.1891, 59.7484]}"
f17b0413-cfbe-4d62-9a4e-22319bd8d77e,3dda9f54-d771-11ef-825b-0275dc2ded29,a3e9145b-ba55-4793-a0fa-189e0f404ca7,1,aae9c981-d34c-4187-a631-cca9dd2b82f1,"{""en"": {""value"": ""Cache"", ""direction"": ""ltr""}}",[],[],ce0f1073-91d2-4c6c-8cbc-79817c80b08e,"{""en"": {""value"": ""Cache (URI: https://www.geonames.org/4531875)"", ""direction"": ""ltr""}}",[],[],[],3a6c2606-5c1e-48e3-bbe8-f0eeded31185,"{""en"": {""value"": ""https://www.geonames.org/4531875"", ""direction"": ""ltr""}}",849d0f7e-73e8-480e-9945-6ee254a2e342,"{""type"": ""Point"", ""coordinates"": [-98.62867, 34.62952]}"
b0f36990-451f-4e83-8738-d8048469613c,3dda9f54-d771-11ef-825b-0275dc2ded29,a3e9145b-ba55-4793-a0fa-189e0f404ca7,1,ea190ef9-f21b-4e70-8a55-7e3b79de055f,"{""en"": {""value"": ""Cambridge"", ""direction"": ""ltr""}}",[],[],61fafd36-a0f6-49c9-91ff-39dafc7b4d97,"{""en"": {""value"": ""Cambridge (URI: https://www.geonames.org/4931972)"", ""direction"": ""ltr""}}",[],[],[],1617ebe3-0dbb-4157-9408-7825c96396b4,"{""en"": {""value"": ""https://www.geonames.org/4931972"", ""direction"": ""ltr""}}",b8f332f0-326d-4b7a-b7a0-be35f2964f0e,"{""type"": ""Point"", ""coordinates"": [-71.10561, 42.3751]}"
29d7de5a-be01-4461-8ca1-8c1de5ff188f,3dda9f54-d771-11ef-825b-0275dc2ded29,a3e9145b-ba55-4793-a0fa-189e0f404ca7,1,94379737-d7cb-4cc5-89e9-33c5dff5307b,"{""en"": {""value"": ""Gran Sabana Municipality"", ""direction"": ""ltr""}}",[],[],7b71cc9b-02a0-41a5-8e44-48bea36b66f2,"{""en"": {""value"": ""Gran Sabana Municipality (URI: https://www.geonames.org/8129151)"", ""direction"": ""ltr""}}",[],[],[],5db6a43e-8ea5-4648-aeac-1bdb1c2d4aee,"{""en"": {""value"": ""https://www.geonames.org/8129151"", ""direction"": ""ltr""}}",d0a99beb-1d29-4ec9-8b2d-7c724d4e4846,"{""type"": ""Point"", ""coordinates"": [-61.13333, 4.61667]}"
d79b1b2c-99a4-463b-b69a-7b424e000976,3dda9f54-d771-11ef-825b-0275dc2ded29,a3e9145b-ba55-4793-a0fa-189e0f404ca7,1,0c5d28d0-e794-4f3b-a897-2eb041a1775e,"{""en"": {""value"": ""Grand Canyon National Park"", ""direction"": ""ltr""}}",[],[],20c68288-6326-4305-8290-445830e482e3,"{""en"": {""value"": ""Grand Canyon National Park (URI: https://www.geonames.org/5296401)"", ""direction"": ""ltr""}}",[],[],[],8e2484e5-8c39-42a2-b11a-6b6f779b7c6e,"{""en"": {""value"": ""https://www.geonames.org/5296401"", ""direction"": ""ltr""}}",580b7a74-58ac-4b17-a1fc-73be892d8710,"{""type"": ""Point"", ""coordinates"": [-112.113, 36.10697]}"
6286a1e2-9dca-4b5a-b929-ff9fee498983,3dda9f54-d771-11ef-825b-0275dc2ded29,a3e9145b-ba55-4793-a0fa-189e0f404ca7,1,671d4517-7b5a-4afc-a5c9-d5f0fe3efefb,"{""en"": {""value"": ""Grand Est"", ""direction"": ""ltr""}}",[],[],799ef708-4349-428d-bc8f-de433308d69f,"{""en"": {""value"": ""Grand Est (URI: https://www.geonames.org/11071622)"", ""direction"": ""ltr""}}",[],[],[],4a1e518f-b9a7-4a33-8ca8-dda4f12d7432,"{""en"": {""value"": ""https://www.geonames.org/11071622"", ""direction"": ""ltr""}}",109c7708-d8ee-4dc9-8f32-76bc61fb1dc8,"{""type"": ""Point"", ""coordinates"": [5.8667, 48.69821]}"
37b38207-1f69-4988-9eb1-e69bf0b9cb14,3dda9f54-d771-11ef-825b-0275dc2ded29,a3e9145b-ba55-4793-a0fa-189e0f404ca7,1,6cd77bfa-80cd-4be1-be98-b6af5224f49b,"{""en"": {""value"": ""Marshall Islands"", ""direction"": ""ltr""}}",[],[],6bbd0eaa-c807-4d4e-9e25-57818eb1a3c0,"{""en"": {""value"": ""Marshall Islands (URI: https://www.geonames.org/2080185)"", ""direction"": ""ltr""}}",[],[],[],eb694aa7-3797-41b7-b2c7-c75f25f9b742,"{""en"": {""value"": ""https://www.geonames.org/2080185"", ""direction"": ""ltr""}}",1a78dfe9-f686-4587-9449-100c899a4480,"{""type"": ""Point"", ""coordinates"": [171.236, 7.113]}"
565f3824-184c-4828-99e7-82cb21dc8897,3dda9f54-d771-11ef-825b-0275dc2ded29,a3e9145b-ba55-4793-a0fa-189e0f404ca7,1,6020a5ea-61cb-443f-9699-b3b901a7343c,"{""en"": {""value"": ""Matteson"", ""direction"": ""ltr""}}",[],[],62295811-9a02-4805-9c0b-b579c6542cda,"{""en"": {""value"": ""Matteson (URI: https://www.geonames.org/4901445)"", ""direction"": ""ltr""}}",[],[],[],5c429b1e-711e-4663-86aa-e3871c60de51,"{""en"": {""value"": ""https://www.geonames.org/4901445"", ""direction"": ""ltr""}}",27399afe-de50-4f9d-83f0-9c0bb493abe9,"{""type"": ""Point"", ""coordinates"": [-87.7131, 41.50392]}"
e6cbf67d-042a-4a1f-b4f1-d1d6c01cbcd2,3dda9f54-d771-11ef-825b-0275dc2ded29,a3e9145b-ba55-4793-a0fa-189e0f404ca7,1,b2a5fa26-7e10-44fd-adfc-53da4fb657b7,"{""en"": {""value"": ""McDermitt"", ""direction"": ""ltr""}}",[],[],daf85dc0-530a-46b6-991d-b18f1957aa0c,"{""en"": {""value"": ""McDermitt (URI: https://www.geonames.org/5706217)"", ""direction"": ""ltr""}}",[],[],[],98295610-eadc-4c25-8bab-624d6e75d9ee,"{""en"": {""value"": ""https://www.geonames.org/5706217"", ""direction"": ""ltr""}}",7d254f3f-c0ef-4a87-a5db-0ad96c883135,"{""type"": ""Point"", ""coordinates"": [-117.7182, 41.99739]}"
6df60339-f138-4b9b-b2eb-e531f642c0c0,3dda9f54-d771-11ef-825b-0275dc2ded29,a3e9145b-ba55-4793-a0fa-189e0f404ca7,1,705c0228-4aff-467e-932d-57f3204801f1,"{""en"": {""value"": ""Meldon Quarry"", ""direction"": ""ltr""}}",[],[],4d065048-5cd1-4626-a5fe-525cfc7584e0,"{""en"": {""value"": ""Meldon Quarry (URI: https://www.geonames.org/6955244)"", ""direction"": ""ltr""}}",[],[],[],fe9b05e0-78f5-461b-a38c-48a52a267123,"{""en"": {""value"": ""https://www.geonames.org/6955244"", ""direction"": ""ltr""}}",2e3f97c8-7e8d-43f1-80c5-9452cfb1a082,"{""type"": ""Point"", ""coordinates"": [-4.02589, 50.71592]}"
5d66feeb-8e36-4085-b4aa-2ddff9635f21,3dda9f54-d771-11ef-825b-0275dc2ded29,a3e9145b-ba55-4793-a0fa-189e0f404ca7,1,a0cb4e06-9353-4eb8-b5d3-ff91d0fb08c5,"{""en"": {""value"": ""Melones Sunset Lake Estates"", ""direction"": ""ltr""}}",[],[],f0611622-011a-4ef6-813a-3618f8c8e5fa,"{""en"": {""value"": ""Melones Sunset Lake Estates (URI: https://www.geonames.org/5372057)"", ""direction"": ""ltr""}}",[],[],[],32251499-ed3c-439f-a19f-265637de581f,"{""en"": {""value"": ""https://www.geonames.org/5372057"", ""direction"": ""ltr""}}",2672bf5e-e140-446d-a39e-e449ab4168a9,"{""type"": ""Point"", ""coordinates"": [-120.47575, 37.96576]}"
da4e43e7-9c00-4317-99f8-dc416b6b531a,3dda9f54-d771-11ef-825b-0275dc2ded29,a3e9145b-ba55-4793-a0fa-189e0f404ca7,1,8541d8e1-de50-437c-a241-cdbabdcc977c,"{""en"": {""value"": ""Mendip Hills"", ""direction"": ""ltr""}}",[],[],7de4a7aa-dd78-44bf-a4e9-38a23cff74d3,"{""en"": {""value"": ""Mendip Hills (URI: https://www.geonames.org/2642751)"", ""direction"": ""ltr""}}",[],[],[],3af23a70-fb7a-4dcd-b616-1721dfe31ad2,"{""en"": {""value"": ""https://www.geonames.org/2642751"", ""direction"": ""ltr""}}",2117495d-7aa4-4770-9162-574a866a029d,"{""type"": ""Point"", ""coordinates"": [-2.65306, 51.26861]}"
c35c3e1d-657b-44cb-9b40-4275689b63cc,3dda9f54-d771-11ef-825b-0275dc2ded29,a3e9145b-ba55-4793-a0fa-189e0f404ca7,1,5485b0c5-55d8-4662-8cdf-6f3c33e5310a,"{""en"": {""value"": ""Menominee"", ""direction"": ""ltr""}}",[],[],2dd21e24-9515-4f11-bb11-59e9f854e38f,"{""en"": {""value"": ""Menominee (URI: https://www.geonames.org/5001670)"", ""direction"": ""ltr""}}",[],[],[],f98f97fe-70c9-4bf2-a520-074cc35dc371,"{""en"": {""value"": ""https://www.geonames.org/5001670"", ""direction"": ""ltr""}}",17414ebe-610b-46fe-bebc-eeb2ee8a4c83,"{""type"": ""Point"", ""coordinates"": [-87.50969, 45.52514]}"
d8d34536-5c08-4e5f-ab2e-d4a3944eb8a3,3dda9f54-d771-11ef-825b-0275dc2ded29,a3e9145b-ba55-4793-a0fa-189e0f404ca7,1,6aca900f-e157-41ec-ad51-1a7382afb1c1,"{""en"": {""value"": ""Merelani"", ""direction"": ""ltr""}}",[],[],4a823c16-b6bd-49b4-9b60-a2c70f9958b4,"{""en"": {""value"": ""Merelani (URI: https://www.geonames.org/6640202)"", ""direction"": ""ltr""}}",[],[],[],bf51a449-d23e-4c09-91ca-35fb2f675f74,"{""en"": {""value"": ""https://www.geonames.org/6640202"", ""direction"": ""ltr""}}",0be9ded8-5866-42e7-a088-e9c5d2389710,"{""type"": ""Point"", ""coordinates"": [36.97895, -3.56182]}"
32ca93b3-693d-4cd8-a53c-33a2a0d3fef6,3dda9f54-d771-11ef-825b-0275dc2ded29,a3e9145b-ba55-4793-a0fa-189e0f404ca7,1,ae8e54c0-734d-49bf-9b13-0195287bbc32,"{""en"": {""value"": ""Meriden"", ""direction"": ""ltr""}}",[],[],af9774f5-56b4-436c-b47c-e8622159cec6,"{""en"": {""value"": ""Meriden (URI: https://www.geonames.org/4838524)"", ""direction"": ""ltr""}}",[],[],[],dfb5aabd-6099-4f75-9031-682fd4400739,"{""en"": {""value"": ""https://www.geonames.org/4838524"", ""direction"": ""ltr""}}",8114f4a4-7579-4620-8db3-f29c8a18d0f3,"{""type"": ""Point"", ""coordinates"": [-72.80704, 41.53815]}"
c2d52a15-78d0-4b11-8414-4a5b7cacdb6c,3dda9f54-d771-11ef-825b-0275dc2ded29,a3e9145b-ba55-4793-a0fa-189e0f404ca7,1,e4d05689-852f-450f-8ca1-547e1fcab112,"{""en"": {""value"": ""Mesabi Range"", ""direction"": ""ltr""}}",[],[],e30f1094-1e02-4a5c-a4f0-7aad0b027b90,"{""en"": {""value"": ""Mesabi Range (URI: https://www.geonames.org/5037332)"", ""direction"": ""ltr""}}",[],[],[],22f87cd5-4dd8-4d50-8905-73dacb90a6e8,"{""en"": {""value"": ""https://www.geonames.org/5037332"", ""direction"": ""ltr""}}",3b4eef4c-b7f1-4eea-a687-bc7ef7b8f390,"{""type"": ""Point"", ""coordinates"": [-93.88355, 47.50828]}"
a839ad43-0346-42a8-a018-1c50871c5dc5,3dda9f54-d771-11ef-825b-0275dc2ded29,a3e9145b-ba55-4793-a0fa-189e0f404ca7,1,65547a52-b0cf-478d-a153-2e2923ab8f1f,"{""en"": {""value"": ""Mibladane"", ""direction"": ""ltr""}}",[],[],8dc88b8d-8c68-4af5-b792-c21b3baea447,"{""en"": {""value"": ""Mibladane (URI: https://www.geonames.org/2542240)"", ""direction"": ""ltr""}}",[],[],[],51dc2341-d06a-4651-950d-5f7c979ac435,"{""en"": {""value"": ""https://www.geonames.org/2542240"", ""direction"": ""ltr""}}",7aa55b3a-7303-4380-a3f0-efe6b3614c23,"{""type"": ""Point"", ""coordinates"": [-4.62924, 32.76632]}"
560b70e1-cd65-4fa8-a6d5-bb784ba0af6f,3dda9f54-d771-11ef-825b-0275dc2ded29,a3e9145b-ba55-4793-a0fa-189e0f404ca7,1,23e0ecb1-79cc-4c2b-b470-8ce58d3c4d5d,"{""en"": {""value"": ""Middle Fork John Day River"", ""direction"": ""ltr""}}",[],[],92f3240f-90f6-43a6-bbca-e3aef3e8b784,"{""en"": {""value"": ""Middle Fork John Day River (URI: https://www.geonames.org/5740433)"", ""direction"": ""ltr""}}",[],[],[],543309a6-e54f-4482-ae9d-fd35836f2efd,"{""en"": {""value"": ""https://www.geonames.org/5740433"", ""direction"": ""ltr""}}",70fb8aed-001c-4df0-a4db-a49504c21284,"{""type"": ""Point"", ""coordinates"": [-119.30221, 44.91626]}"
d23d8f53-b18c-4e8a-b3bb-4af8b2295ec4,3dda9f54-d771-11ef-825b-0275dc2ded29,a3e9145b-ba55-4793-a0fa-189e0f404ca7,1,002e4a3d-cd3b-4953-84e6-953e48fcaa64,"{""en"": {""value"": ""Milwaukee"", ""direction"": ""ltr""}}",[],[],181c243f-6d9a-4bbf-8d22-9b5d04c4db34,"{""en"": {""value"": ""Milwaukee (URI: https://www.geonames.org/5263045)"", ""direction"": ""ltr""}}",[],[],[],b093c1f3-935c-4eb8-a0e0-d4bc8fe42edf,"{""en"": {""value"": ""https://www.geonames.org/5263045"", ""direction"": ""ltr""}}",f704343f-4b53-4ba5-9f97-80bbb1bd2375,"{""type"": ""Point"", ""coordinates"": [-87.90647, 43.0389]}"
1fdfcd02-c5af-4a3e-8f85-47f9d5e9c281,3dda9f54-d771-11ef-825b-0275dc2ded29,a3e9145b-ba55-4793-a0fa-189e0f404ca7,1,6bc24e6e-fad2-4bef-927c-49fdba82a16d,"{""en"": {""value"": ""Mina"", ""direction"": ""ltr""}}",[],[],a9325399-0af1-47e0-9322-f8dde463fa9f,"{""en"": {""value"": ""Mina (URI: https://www.geonames.org/5508371)"", ""direction"": ""ltr""}}",[],[],[],7923a7c4-065d-41b8-94a1-ee940a5af4cd,"{""en"": {""value"": ""https://www.geonames.org/5508371"", ""direction"": ""ltr""}}",85ce0d8a-bb02-494a-a5c1-ef00bd8ddebe,"{""type"": ""Point"", ""coordinates"": [-118.10873, 38.39048]}"
6f1a6415-6568-40e6-b517-09cbb3d56162,3dda9f54-d771-11ef-825b-0275dc2ded29,a3e9145b-ba55-4793-a0fa-189e0f404ca7,1,38f28083-840b-4a7d-81aa-8d82d9667319,"{""en"": {""value"": ""Mineral"", ""direction"": ""ltr""}}",[],[],528522e0-664d-4b38-8917-f95b3234bd9b,"{""en"": {""value"": ""Mineral (URI: https://www.geonames.org/5666480)"", ""direction"": ""ltr""}}",[],[],[],7c9e6288-003c-4c85-9029-8d5072bc80a5,"{""en"": {""value"": ""https://www.geonames.org/5666480"", ""direction"": ""ltr""}}",2632fd7c-c700-4c60-95e1-b87c0997fdd8,"{""type"": ""Point"", ""coordinates"": [-114.9985, 47.14732]}"
c3b53e6d-9a3e-4f24-b1ac-c05e5dd4ca71,3dda9f54-d771-11ef-825b-0275dc2ded29,a3e9145b-ba55-4793-a0fa-189e0f404ca7,1,026b5294-2ad1-4a32-82d6-a71da0049a7f,"{""en"": {""value"": ""Mineral Park"", ""direction"": ""ltr""}}",[],[],e081fcd9-7467-4420-95b7-6ff4f21a8c20,"{""en"": {""value"": ""Mineral Park (URI: https://www.wikidata.org/wiki/Q20714674)"", ""direction"": ""ltr""}}",[],[],[],e9853f91-1876-41eb-9272-591422a34924,"{""en"": {""value"": ""https://www.wikidata.org/wiki/Q20714674"", ""direction"": ""ltr""}}",77bd51ae-87e1-42ce-8d38-fc59ee7e1dd2,"{""type"": ""Point"", ""coordinates"": [-114.15305556, 35.37083333]}"
30b0d273-5990-4cb4-a4bc-38999c38479e,3dda9f54-d771-11ef-825b-0275dc2ded29,a3e9145b-ba55-4793-a0fa-189e0f404ca7,1,394071ec-c8e0-4995-b7d9-197ab96ca183,"{""en"": {""value"": ""Minţaqat as Salūqīyat al Atharīyah"", ""direction"": ""ltr""}}",[],[],d2e5a258-8d3b-4516-8c9f-6c678eae8074,"{""en"": {""value"": ""Minţaqat as Salūqīyat al Atharīyah (URI: https://www.geonames.org/91243)"", ""direction"": ""ltr""}}",[],[],[],0c6bf99c-94fb-4f0b-ae7e-c2eb933a1086,"{""en"": {""value"": ""https://www.geonames.org/91243"", ""direction"": ""ltr""}}",0d29c80a-5a94-4d26-9a4f-411ac62b936e,"{""type"": ""Point"", ""coordinates"": [44.51667, 33.10387]}"
5fb32f0e-4be2-4ca1-b190-3395a64a8b2b,3dda9f54-d771-11ef-825b-0275dc2ded29,a3e9145b-ba55-4793-a0fa-189e0f404ca7,1,46ff3c22-f239-4bfc-b2e0-251cab0766bb,"{""en"": {""value"": ""Misia"", ""direction"": ""ltr""}}",[],[],7c3d31cd-73e8-4b30-9c27-ad9c797eb09c,"{""en"": {""value"": ""Misia (URI: https://www.geonames.org/10704027)"", ""direction"": ""ltr""}}",[],[],[],d1984709-bbaf-422c-bedd-8182f8df4166,"{""en"": {""value"": ""https://www.geonames.org/10704027"", ""direction"": ""ltr""}}",86adcfb3-de3d-4c23-9302-199d83af13cf,"{""type"": ""Point"", ""coordinates"": [82.47644, 22.88253]}"
2d419a3c-4685-47b2-8fc6-15bd84481401,3dda9f54-d771-11ef-825b-0275dc2ded29,a3e9145b-ba55-4793-a0fa-189e0f404ca7,1,ffe71127-6edd-448b-9e22-aa4c3cfb0695,"{""en"": {""value"": ""Missoula"", ""direction"": ""ltr""}}",[],[],1812812c-4893-4740-857a-168bd79c35e7,"{""en"": {""value"": ""Missoula (URI: https://www.geonames.org/5666639)"", ""direction"": ""ltr""}}",[],[],[],58d3a955-e79e-476e-af8a-0c16c6784177,"{""en"": {""value"": ""https://www.geonames.org/5666639"", ""direction"": ""ltr""}}",0c91013e-9383-4b63-bf7b-935e2803a674,"{""type"": ""Point"", ""coordinates"": [-113.994, 46.87215]}"
d9fbffb2-3b0f-4b36-8e61-a350f810b989,3dda9f54-d771-11ef-825b-0275dc2ded29,a3e9145b-ba55-4793-a0fa-189e0f404ca7,1,14a12805-454c-4811-b041-e7afa6c5b937,"{""en"": {""value"": ""Missouri"", ""direction"": ""ltr""}}",[],[],8f3b48ff-5269-4269-8470-4f1751cea2b7,"{""en"": {""value"": ""Missouri (URI: https://www.geonames.org/4398678)"", ""direction"": ""ltr""}}",[],[],[],e86a1a46-3f7f-4e68-a34c-e2b671fc5973,"{""en"": {""value"": ""https://www.geonames.org/4398678"", ""direction"": ""ltr""}}",fdc8b531-f04d-41a0-ad31-0f5237779483,"{""type"": ""Point"", ""coordinates"": [-92.50046, 38.25031]}"
8acf13e1-9ea4-41ed-bf36-6bde86d418f3,3dda9f54-d771-11ef-825b-0275dc2ded29,a3e9145b-ba55-4793-a0fa-189e0f404ca7,1,e406d31c-9b56-41ef-83f2-b5417035ada9,"{""en"": {""value"": ""Mníšek"", ""direction"": ""ltr""}}",[],[],3c8139f0-d799-42ef-9bed-cd4f0435a96e,"{""en"": {""value"": ""Mníšek (URI: https://www.geonames.org/11926289)"", ""direction"": ""ltr""}}",[],[],[],5a93bcf1-0c5c-4ef7-b912-3c4a0e3a972c,"{""en"": {""value"": ""https://www.geonames.org/11926289"", ""direction"": ""ltr""}}",1376032e-6135-4204-a816-99474a7ef32a,"{""type"": ""Point"", ""coordinates"": [15.08934, 50.82881]}"
04b931be-8109-4d95-982e-438e953755df,3dda9f54-d771-11ef-825b-0275dc2ded29,a3e9145b-ba55-4793-a0fa-189e0f404ca7,1,cd8ce97f-924b-4de4-aaee-b63add5c6096,"{""en"": {""value"": ""Moanda"", ""direction"": ""ltr""}}",[],[],2589e5d3-e8cd-42f8-91c9-e37a0e0f8234,"{""en"": {""value"": ""Moanda (URI: https://www.geonames.org/2398269)"", ""direction"": ""ltr""}}",[],[],[],0f69693b-8ee2-49a8-b97f-f69f20cc1b23,"{""en"": {""value"": ""https://www.geonames.org/2398269"", ""direction"": ""ltr""}}",89bef486-eb1c-4421-8062-8454ce4a64ed,"{""type"": ""Point"", ""coordinates"": [13.1987, -1.56652]}"
04d1e088-062f-45eb-99ed-d6c16f43c035,3dda9f54-d771-11ef-825b-0275dc2ded29,a3e9145b-ba55-4793-a0fa-189e0f404ca7,1,54eaa227-d50b-4d43-85d4-835e274fe4af,"{""en"": {""value"": ""Mario Zucchelli Station"", ""direction"": ""ltr""}}",[],[],84c4dc9a-a706-47b8-b774-4072a1988e82,"{""en"": {""value"": ""Mario Zucchelli Station (URI: https://www.geonames.org/6620768)"", ""direction"": ""ltr""}}",[],[],[],88cd9a5e-cb3e-48ed-ac27-8e5589b9f986,"{""en"": {""value"": ""https://www.geonames.org/6620768"", ""direction"": ""ltr""}}",b2cb0dd6-0e0a-4560-9b0f-920046ed23f0,"{""type"": ""Point"", ""coordinates"": [164.11667, -74.7]}"
a4492a0a-132b-48c7-b81a-06db5cc991d3,3dda9f54-d771-11ef-825b-0275dc2ded29,a3e9145b-ba55-4793-a0fa-189e0f404ca7,1,25572bdd-9782-4786-b6a9-926dd76af908,"{""en"": {""value"": ""Marina di Pisa"", ""direction"": ""ltr""}}",[],[],7bf9391d-f113-4924-a347-63af996d9d86,"{""en"": {""value"": ""Marina di Pisa (URI: https://www.geonames.org/3173927)"", ""direction"": ""ltr""}}",[],[],[],287038f8-370e-4a48-b1c7-b552db46bdd9,"{""en"": {""value"": ""https://www.geonames.org/3173927"", ""direction"": ""ltr""}}",932915e8-b1d0-43f0-b646-e4958284570b,"{""type"": ""Point"", ""coordinates"": [10.27316, 43.67265]}"
2c20d873-8a48-440d-b542-602dc89ffe7b,3dda9f54-d771-11ef-825b-0275dc2ded29,a3e9145b-ba55-4793-a0fa-189e0f404ca7,1,acbb907e-e31b-4ad6-aced-1f89273edc03,"{""en"": {""value"": ""Marina del Rey"", ""direction"": ""ltr""}}",[],[],4c890bda-7da9-436b-92a2-b70208e20db6,"{""en"": {""value"": ""Marina del Rey (URI: https://www.geonames.org/5370542)"", ""direction"": ""ltr""}}",[],[],[],e7175140-5d31-4428-bcb5-afa977b76029,"{""en"": {""value"": ""https://www.geonames.org/5370542"", ""direction"": ""ltr""}}",cc6812d2-0189-4a35-b990-5be24887184c,"{""type"": ""Point"", ""coordinates"": [-118.45371, 33.98162]}"
9d524c95-d971-4119-84c6-ddc212596505,3dda9f54-d771-11ef-825b-0275dc2ded29,a3e9145b-ba55-4793-a0fa-189e0f404ca7,1,35c6634c-134c-42b1-8913-570960f7aeab,"{""en"": {""value"": ""Långban"", ""direction"": ""ltr""}}",[],[],2db208d9-e19e-4692-9b05-cada31a589b1,"{""en"": {""value"": ""Långban (URI: https://www.geonames.org/2697595)"", ""direction"": ""ltr""}}",[],[],[],8d6129b5-6f3d-401f-a2a2-8014e2e497c9,"{""en"": {""value"": ""https://www.geonames.org/2697595"", ""direction"": ""ltr""}}",f0d79239-f108-47cf-9419-5f97c3ff7321,"{""type"": ""Point"", ""coordinates"": [14.26214, 59.85439]}"
074bcfc7-d48a-4851-a46b-b86846e01601,3dda9f54-d771-11ef-825b-0275dc2ded29,a3e9145b-ba55-4793-a0fa-189e0f404ca7,1,80b0b8dc-234e-4c5a-9f90-3d80e43f85b0,"{""en"": {""value"": ""Little Lake"", ""direction"": ""ltr""}}",[],[],68d99d98-48c9-4972-b6a7-3ab4652f171b,"{""en"": {""value"": ""Little Lake (URI: https://www.geonames.org/5367002)"", ""direction"": ""ltr""}}",[],[],[],ab5658a0-7d5f-4afc-8268-12553f31f071,"{""en"": {""value"": ""https://www.geonames.org/5367002"", ""direction"": ""ltr""}}",a2d27b5e-1380-4aa0-9672-ae6f77ee7602,"{""type"": ""Point"", ""coordinates"": [-117.90674, 35.93661]}"
339af31d-d539-48f8-977e-8fdf6cad5826,3dda9f54-d771-11ef-825b-0275dc2ded29,a3e9145b-ba55-4793-a0fa-189e0f404ca7,1,de44aea5-795d-4e1e-a61e-78deb94472b2,"{""en"": {""value"": ""Livermore"", ""direction"": ""ltr""}}",[],[],6c1ebdc0-cc8e-448f-b4c2-06af3faf76b0,"{""en"": {""value"": ""Livermore (URI: https://www.geonames.org/5367440)"", ""direction"": ""ltr""}}",[],[],[],bb47e0a9-4062-4069-bb95-c6ee00c2b97f,"{""en"": {""value"": ""https://www.geonames.org/5367440"", ""direction"": ""ltr""}}",d5ab4f5e-3adb-4e32-9be3-f981a70e018a,"{""type"": ""Point"", ""coordinates"": [-121.76801, 37.68187]}"
66f61fc9-88db-4163-a6e8-10749cfb774d,3dda9f54-d771-11ef-825b-0275dc2ded29,a3e9145b-ba55-4793-a0fa-189e0f404ca7,1,34b01786-d729-4b8d-b66a-178832b48b51,"{""en"": {""value"": ""Livingston"", ""direction"": ""ltr""}}",[],[],748a268c-742d-456f-8f24-97451bede353,"{""en"": {""value"": ""Livingston (URI: https://www.geonames.org/5663049)"", ""direction"": ""ltr""}}",[],[],[],10ce4947-9ee4-4ed3-bce8-4766ec5b2826,"{""en"": {""value"": ""https://www.geonames.org/5663049"", ""direction"": ""ltr""}}",476571d0-dc55-4358-b8f9-97464c4f8f8e,"{""type"": ""Point"", ""coordinates"": [-110.56104, 45.66244]}"
48bb0900-b26d-4885-ad47-fae39dbf2b9e,3dda9f54-d771-11ef-825b-0275dc2ded29,a3e9145b-ba55-4793-a0fa-189e0f404ca7,1,f97d912b-f80a-4b9a-b1c3-bbc804c251ca,"{""en"": {""value"": ""Logan County"", ""direction"": ""ltr""}}",[],[],e51daddb-ea24-44e1-8143-62520ca58965,"{""en"": {""value"": ""Logan County (URI: https://www.geonames.org/5445855)"", ""direction"": ""ltr""}}",[],[],[],110125ee-cd51-4c90-a6ff-0150f549c4f1,"{""en"": {""value"": ""https://www.geonames.org/5445855"", ""direction"": ""ltr""}}",29a3fb7e-aee9-4dd2-9e66-dd5e093d1f63,"{""type"": ""Point"", ""coordinates"": [-101.14839, 38.91734]}"
eb976f51-2798-480d-9a0e-92a5b55d26aa,3dda9f54-d771-11ef-825b-0275dc2ded29,a3e9145b-ba55-4793-a0fa-189e0f404ca7,1,8165add2-f26a-4fe4-b9e1-fe279c081222,"{""en"": {""value"": ""Lorraine"", ""direction"": ""ltr""}}",[],[],58df81c2-38ba-42e6-9ff9-e43987c96d53,"{""en"": {""value"": ""Lorraine (URI: https://www.geonames.org/2997551)"", ""direction"": ""ltr""}}",[],[],[],8491eb25-8908-40f3-885f-bf8fd98fe96a,"{""en"": {""value"": ""https://www.geonames.org/2997551"", ""direction"": ""ltr""}}",187b4ce6-f9e6-4fc5-b8ce-07dd0b77d8cd,"{""type"": ""Point"", ""coordinates"": [6.13333, 48.76667]}"
bff5a70e-564e-4cbf-a4ea-27140bf39b0c,3dda9f54-d771-11ef-825b-0275dc2ded29,a3e9145b-ba55-4793-a0fa-189e0f404ca7,1,cc4e9fbf-472a-4889-9928-e587f816be3f,"{""en"": {""value"": ""Loudoun County"", ""direction"": ""ltr""}}",[],[],612306b8-2996-48dd-986e-3e1560b159d4,"{""en"": {""value"": ""Loudoun County (URI: https://www.geonames.org/4770746)"", ""direction"": ""ltr""}}",[],[],[],fdf3c560-5fcd-435c-8acf-a9728da55ca0,"{""en"": {""value"": ""https://www.geonames.org/4770746"", ""direction"": ""ltr""}}",9641c8ce-3482-472a-9c82-d41d45d43cfe,"{""type"": ""Point"", ""coordinates"": [-77.63572, 39.09068]}"
98f955db-865d-475e-a862-33c0829570cb,3dda9f54-d771-11ef-825b-0275dc2ded29,a3e9145b-ba55-4793-a0fa-189e0f404ca7,1,17f89bfe-bd0d-40c2-847c-2ed3ce3a9bd8,"{""en"": {""value"": ""Lucas County"", ""direction"": ""ltr""}}",[],[],ae012737-f55f-4dbe-a058-1a1c57047993,"{""en"": {""value"": ""Lucas County (URI: https://www.geonames.org/4865617)"", ""direction"": ""ltr""}}",[],[],[],576af086-6c70-4c1d-ba42-184a5402cfe0,"{""en"": {""value"": ""https://www.geonames.org/4865617"", ""direction"": ""ltr""}}",f0bde3cb-e9b7-485b-83c6-d9a53148949c,"{""type"": ""Point"", ""coordinates"": [-93.32772, 41.02937]}"
437b7b79-c06d-4314-94a7-b06193884fb1,3dda9f54-d771-11ef-825b-0275dc2ded29,a3e9145b-ba55-4793-a0fa-189e0f404ca7,1,19a68bdb-03eb-4e5f-bce1-8c605d1ff470,"{""en"": {""value"": ""Luxor"", ""direction"": ""ltr""}}",[],[],b446af0f-cb28-4678-84c8-57e19543a871,"{""en"": {""value"": ""Luxor (URI: https://www.geonames.org/360502)"", ""direction"": ""ltr""}}",[],[],[],6ca3c2e2-2801-4c91-a7b4-5467a9d33ab1,"{""en"": {""value"": ""https://www.geonames.org/360502"", ""direction"": ""ltr""}}",9573aba0-274b-484f-a60c-29fb10cf9d58,"{""type"": ""Point"", ""coordinates"": [32.6421, 25.69893]}"
263de548-dfeb-4868-bb68-c19805e61d91,3dda9f54-d771-11ef-825b-0275dc2ded29,a3e9145b-ba55-4793-a0fa-189e0f404ca7,1,0b02c0f4-af1c-4299-ad11-73cca4e29fb0,"{""en"": {""value"": ""Luzerne"", ""direction"": ""ltr""}}",[],[],03bc6d73-b13f-405d-9dbb-97df64217d72,"{""en"": {""value"": ""Luzerne (URI: https://www.geonames.org/5199309)"", ""direction"": ""ltr""}}",[],[],[],2b2512b3-0186-4d00-8969-5b268ab42b02,"{""en"": {""value"": ""https://www.geonames.org/5199309"", ""direction"": ""ltr""}}",6189b4ca-aeb8-4604-9cd5-c28fa8aca16a,"{""type"": ""Point"", ""coordinates"": [-75.98903, 41.17701]}"
7f09d19c-5c4e-4655-844e-0fc58886f035,3dda9f54-d771-11ef-825b-0275dc2ded29,a3e9145b-ba55-4793-a0fa-189e0f404ca7,1,97cd917c-9490-4582-96b6-fcd78110c792,"{""en"": {""value"": ""Luzon"", ""direction"": ""ltr""}}",[],[],c2f4022e-a066-48bb-9494-b97be7445600,"{""en"": {""value"": ""Luzon (URI: https://www.geonames.org/1704846)"", ""direction"": ""ltr""}}",[],[],[],8e361ec6-d2ff-4c0c-85a0-7abaf21e3f42,"{""en"": {""value"": ""https://www.geonames.org/1704846"", ""direction"": ""ltr""}}",7319f061-bf9f-41ee-a453-8220053d905c,"{""type"": ""Point"", ""coordinates"": [121.0, 16.0]}"
754c4bda-742c-4f9e-b581-933b3b438253,3dda9f54-d771-11ef-825b-0275dc2ded29,a3e9145b-ba55-4793-a0fa-189e0f404ca7,1,8b6f1c56-22b3-4961-af63-86b7bba03085,"{""en"": {""value"": ""Macassar Beach"", ""direction"": ""ltr""}}",[],[],ad967db5-0e62-4329-8cdf-efacf4fbd475,"{""en"": {""value"": ""Macassar Beach (URI: https://www.geonames.org/3364386)"", ""direction"": ""ltr""}}",[],[],[],1abd2db7-a25a-41ed-afc0-e2f3f2b88f86,"{""en"": {""value"": ""https://www.geonames.org/3364386"", ""direction"": ""ltr""}}",4957bf78-4fa6-4c19-92da-5dace962318a,"{""type"": ""Point"", ""coordinates"": [18.73944, -34.07535]}"
78334262-d2f1-4da2-9e0e-dfb5356a57f4,3dda9f54-d771-11ef-825b-0275dc2ded29,a3e9145b-ba55-4793-a0fa-189e0f404ca7,1,cbbd4e6e-7f6b-4db7-811b-988d6993c213,"{""en"": {""value"": ""Marathon"", ""direction"": ""ltr""}}",[],[],7f86df14-44da-4a39-87d2-a4e0faf31aad,"{""en"": {""value"": ""Marathon (URI: https://www.geonames.org/5261790)"", ""direction"": ""ltr""}}",[],[],[],26c17501-453f-435d-986a-f7e32ae54063,"{""en"": {""value"": ""https://www.geonames.org/5261790"", ""direction"": ""ltr""}}",3f53224b-42dc-4a4a-a21f-3cf6254f2c09,"{""type"": ""Point"", ""coordinates"": [-89.75906, 44.89829]}"
81fc8439-7f1d-4380-a5c6-aa683b53dd2e,3dda9f54-d771-11ef-825b-0275dc2ded29,a3e9145b-ba55-4793-a0fa-189e0f404ca7,1,40994b14-124e-4ab3-a808-c63f3fbaa5bc,"{""en"": {""value"": ""Madawaska"", ""direction"": ""ltr""}}",[],[],4a790fdb-276d-425e-b742-d8b0486bb4b0,"{""en"": {""value"": ""Madawaska (URI: https://www.geonames.org/6063885)"", ""direction"": ""ltr""}}",[],[],[],172e09dc-69d7-4eeb-8f79-6f2ca7815cc9,"{""en"": {""value"": ""https://www.geonames.org/6063885"", ""direction"": ""ltr""}}",c355958b-3f8b-4b61-bc6f-c91fa74f7fb9,"{""type"": ""Point"", ""coordinates"": [-77.98282, 45.50012]}"
b3734345-eb23-4e79-87cb-e88d37b2a577,3dda9f54-d771-11ef-825b-0275dc2ded29,a3e9145b-ba55-4793-a0fa-189e0f404ca7,1,44fbdc3d-7c9a-4574-a640-a621c7768260,"{""en"": {""value"": ""Abydos"", ""direction"": ""ltr""}}",[],[],e0dde1c2-3d6b-4221-a573-436ac2ee9f02,"{""en"": {""value"": ""Abydos (URI: https://www.geonames.org/361885)"", ""direction"": ""ltr""}}",[],[],[],5051f6e5-45a3-4796-8208-baf422688a2c,"{""en"": {""value"": ""https://www.geonames.org/361885"", ""direction"": ""ltr""}}",ead286ae-3374-41b6-9c39-dccd68366590,"{""type"": ""Point"", ""coordinates"": [31.90799, 26.18951]}"
588e6952-9d50-4130-a78d-4a682a278505,3dda9f54-d771-11ef-825b-0275dc2ded29,a3e9145b-ba55-4793-a0fa-189e0f404ca7,1,7bbf714c-e854-44ac-8d2f-6c1bcda9dd88,"{""en"": {""value"": ""Madison"", ""direction"": ""ltr""}}",[],[],41521106-79fa-496f-8ac6-a5629256281c,"{""en"": {""value"": ""Madison (URI: https://www.geonames.org/5599930)"", ""direction"": ""ltr""}}",[],[],[],ee41a67e-4462-4949-ba59-85eb118da1a8,"{""en"": {""value"": ""https://www.geonames.org/5599930"", ""direction"": ""ltr""}}",18ac367a-86e0-4c12-967e-411c49688b47,"{""type"": ""Point"", ""coordinates"": [-111.65934, 43.78419]}"
66ade695-ab41-4c4e-b175-936ea440b03b,3dda9f54-d771-11ef-825b-0275dc2ded29,a3e9145b-ba55-4793-a0fa-189e0f404ca7,1,2bddebf1-d7d0-4f14-9da0-31f455cf5365,"{""en"": {""value"": ""Magdalena"", ""direction"": ""ltr""}}",[],[],862d4f6a-ff30-4885-a805-5da8ba48f4d7,"{""en"": {""value"": ""Magdalena (URI: https://www.geonames.org/5477673)"", ""direction"": ""ltr""}}",[],[],[],2e7e4dfb-2f50-450b-939a-457a549cd6ae,"{""en"": {""value"": ""https://www.geonames.org/5477673"", ""direction"": ""ltr""}}",338c2f03-72ac-4965-bc1e-ad493e1be851,"{""type"": ""Point"", ""coordinates"": [-107.24393, 34.11673]}"
3e1e37df-7fdb-4a26-a986-ac327b615e39,3dda9f54-d771-11ef-825b-0275dc2ded29,a3e9145b-ba55-4793-a0fa-189e0f404ca7,1,17c74601-cd5e-4d98-8199-d0a77059f1dd,"{""en"": {""value"": ""Maine"", ""direction"": ""ltr""}}",[],[],822b3171-0d21-4cff-9e61-5c251168bb6c,"{""en"": {""value"": ""Maine (URI: https://www.geonames.org/4971068)"", ""direction"": ""ltr""}}",[],[],[],68f96f68-aae2-4ac5-9854-99b9d68d4e98,"{""en"": {""value"": ""https://www.geonames.org/4971068"", ""direction"": ""ltr""}}",1d0d9d39-dea4-4f77-8432-70bfa37f192c,"{""type"": ""Point"", ""coordinates"": [-69.24977, 45.50032]}"
d3d64b5d-f2e0-4638-8ece-9537eba26ce9,3dda9f54-d771-11ef-825b-0275dc2ded29,a3e9145b-ba55-4793-a0fa-189e0f404ca7,1,f2718bea-54a3-4c70-8344-9e8cf49c34f0,"{""en"": {""value"": ""Malheur"", ""direction"": ""ltr""}}",[],[],717d205e-7037-47d8-a654-16167017c5c7,"{""en"": {""value"": ""Malheur (URI: https://www.geonames.org/5738839)"", ""direction"": ""ltr""}}",[],[],[],6994dfab-3e12-4dce-ac2e-17ecd8042be7,"{""en"": {""value"": ""https://www.geonames.org/5738839"", ""direction"": ""ltr""}}",8235d7fe-6ccd-4fdc-917b-01e82b03b09e,"{""type"": ""Point"", ""coordinates"": [-117.62307, 43.19341]}"
c3d9997f-e5f1-4b5f-a86c-48ac2a603e3c,3dda9f54-d771-11ef-825b-0275dc2ded29,a3e9145b-ba55-4793-a0fa-189e0f404ca7,1,0e84adaa-fa3f-4452-a511-9625bac9cf6b,"{""en"": {""value"": ""Mali"", ""direction"": ""ltr""}}",[],[],261fda4b-83bb-4be9-b2af-a4fc642421ae,"{""en"": {""value"": ""Mali (URI: https://www.geonames.org/2453866)"", ""direction"": ""ltr""}}",[],[],[],4791e471-df5a-4639-8aee-7b6c3a8b0204,"{""en"": {""value"": ""https://www.geonames.org/2453866"", ""direction"": ""ltr""}}",842bc18e-a0cf-453d-8311-4715a3149536,"{""type"": ""Point"", ""coordinates"": [-2.0, 18.0]}"
cebf4ced-61de-4dde-a7ed-64e1b0aed5e2,3dda9f54-d771-11ef-825b-0275dc2ded29,a3e9145b-ba55-4793-a0fa-189e0f404ca7,1,8bee8f57-83b3-49a9-adf0-329b28f9fb9f,"{""en"": {""value"": ""Manhattan"", ""direction"": ""ltr""}}",[],[],a2446a62-9cb5-41ab-8c4c-c8802baed516,"{""en"": {""value"": ""Manhattan (URI: https://www.geonames.org/5507772)"", ""direction"": ""ltr""}}",[],[],[],c1161922-0818-48ae-a12e-563a85643a58,"{""en"": {""value"": ""https://www.geonames.org/5507772"", ""direction"": ""ltr""}}",98834f81-59a0-4989-8731-74e224a7aca3,"{""type"": ""Point"", ""coordinates"": [-117.07342, 38.53882]}"
ee3318f8-54da-451f-a4dd-928d677c6413,3dda9f54-d771-11ef-825b-0275dc2ded29,a3e9145b-ba55-4793-a0fa-189e0f404ca7,1,99f17c2d-d741-449e-a500-6b0316c4fba4,"{""en"": {""value"": ""Manila"", ""direction"": ""ltr""}}",[],[],c9fc7ae2-30de-40bb-b72a-2ed27029d58f,"{""en"": {""value"": ""Manila (URI: https://www.geonames.org/1701669)"", ""direction"": ""ltr""}}",[],[],[],baf0e267-6de3-4226-be81-ebe188ca3b62,"{""en"": {""value"": ""https://www.geonames.org/1701669"", ""direction"": ""ltr""}}",404f5b94-7e34-432b-bd60-27b43ac8dd2c,"{""type"": ""Point"", ""coordinates"": [121.3356, 12.369]}"
ba72eae7-807f-4267-8dc8-22377a0cdace,3dda9f54-d771-11ef-825b-0275dc2ded29,a3e9145b-ba55-4793-a0fa-189e0f404ca7,1,0fc005e6-bb06-4119-82e1-60052b2dce3a,"{""en"": {""value"": ""Manitoba"", ""direction"": ""ltr""}}",[],[],e479aa35-2d81-49d5-b5f2-266cf56f7920,"{""en"": {""value"": ""Manitoba (URI: https://www.geonames.org/6065171)"", ""direction"": ""ltr""}}",[],[],[],bd72ad60-255a-4043-bda3-88ce44dfff7c,"{""en"": {""value"": ""https://www.geonames.org/6065171"", ""direction"": ""ltr""}}",7edb35ce-e946-406e-a31e-5ddbe478f3fd,"{""type"": ""Point"", ""coordinates"": [-97.00049, 55.00019]}"
d340e056-5bed-425c-83e0-ce101f8b8888,3dda9f54-d771-11ef-825b-0275dc2ded29,a3e9145b-ba55-4793-a0fa-189e0f404ca7,1,fe695eb3-a316-4409-a9ae-0ca7e53d56ad,"{""en"": {""value"": ""Mombasa"", ""direction"": ""ltr""}}",[],[],07447cb9-bf86-4d1c-858a-5b4bcad42e96,"{""en"": {""value"": ""Mombasa (URI: https://www.geonames.org/186301)"", ""direction"": ""ltr""}}",[],[],[],01a2da42-2f89-46c7-93c9-43205d641f63,"{""en"": {""value"": ""https://www.geonames.org/186301"", ""direction"": ""ltr""}}",c759291f-5415-4aa2-bb72-e915b7016c32,"{""type"": ""Point"", ""coordinates"": [39.66359, -4.05466]}"
17225bba-8678-4102-ba72-c4ea5a4bf105,3dda9f54-d771-11ef-825b-0275dc2ded29,a3e9145b-ba55-4793-a0fa-189e0f404ca7,1,93cc83bb-6cb7-4ebb-8ce0-a7636873701d,"{""en"": {""value"": ""Monagas"", ""direction"": ""ltr""}}",[],[],2fb87029-102f-4075-a15d-b61fdf7a81a5,"{""en"": {""value"": ""Monagas (URI: https://www.geonames.org/3800034)"", ""direction"": ""ltr""}}",[],[],[],c50e7394-8a94-46bf-a58a-ca2848961e5c,"{""en"": {""value"": ""https://www.geonames.org/3800034"", ""direction"": ""ltr""}}",42f1b33c-a8ae-4291-a17d-034cfedaa3db,"{""type"": ""Point"", ""coordinates"": [-68.41111, 9.82056]}"
47a199ab-2153-402a-a021-9e6f93ac1fba,3dda9f54-d771-11ef-825b-0275dc2ded29,a3e9145b-ba55-4793-a0fa-189e0f404ca7,1,460df673-3c37-4e52-b021-6e9f5911f19e,"{""en"": {""value"": ""Mongolia"", ""direction"": ""ltr""}}",[],[],7c65da18-7291-4710-a03c-f61523a51240,"{""en"": {""value"": ""Mongolia (URI: https://www.geonames.org/2029969)"", ""direction"": ""ltr""}}",[],[],[],45fbe325-785c-4107-af63-b0616772e536,"{""en"": {""value"": ""https://www.geonames.org/2029969"", ""direction"": ""ltr""}}",1a0f04a1-8d1a-4cee-90fd-3d16d0f79f5a,"{""type"": ""Point"", ""coordinates"": [105.0, 46.0]}"
d289dc46-c12b-4651-91eb-31cd1f0fb3ca,3dda9f54-d771-11ef-825b-0275dc2ded29,a3e9145b-ba55-4793-a0fa-189e0f404ca7,1,438d33b9-713e-4cfe-9352-eae927692b84,"{""en"": {""value"": ""Newport"", ""direction"": ""ltr""}}",[],[],209c94fc-b612-4514-99f8-98300feae6cb,"{""en"": {""value"": ""Newport (URI: https://www.geonames.org/5223601)"", ""direction"": ""ltr""}}",[],[],[],bda9f524-830c-4bd9-a7c5-2152f38b4173,"{""en"": {""value"": ""https://www.geonames.org/5223601"", ""direction"": ""ltr""}}",8a24eb0d-6a53-44cb-bfcb-3a782631e55a,"{""type"": ""Point"", ""coordinates"": [-71.281, 41.4998]}"
0bcb026e-38d9-4909-8a01-a78398b24490,3dda9f54-d771-11ef-825b-0275dc2ded29,a3e9145b-ba55-4793-a0fa-189e0f404ca7,1,f95bb27a-82bf-4bb1-89f4-a8f64582c33f,"{""en"": {""value"": ""Nerother Kopf"", ""direction"": ""ltr""}}",[],[],f12333df-000a-4886-b061-1421d0e32d62,"{""en"": {""value"": ""Nerother Kopf (URI: https://www.geonames.org/2866476)"", ""direction"": ""ltr""}}",[],[],[],5c5f2963-8cd1-46fc-8df2-e13ef13cc149,"{""en"": {""value"": ""https://www.geonames.org/2866476"", ""direction"": ""ltr""}}",372a9a55-38c4-4725-b963-9ca5095b10da,"{""type"": ""Point"", ""coordinates"": [6.76033, 50.19366]}"
eb8a3be5-0672-45aa-8abf-931ef276ae41,3dda9f54-d771-11ef-825b-0275dc2ded29,a3e9145b-ba55-4793-a0fa-189e0f404ca7,1,fe3270fd-b555-4b81-9998-4433da05563b,"{""en"": {""value"": ""Neuquen"", ""direction"": ""ltr""}}",[],[],e1e2c5ea-7f8a-4a50-b4ff-0eda2993b91a,"{""en"": {""value"": ""Neuquen (URI: https://www.geonames.org/3843122)"", ""direction"": ""ltr""}}",[],[],[],dd1fec26-ccb8-4fcc-8a70-302f0ff9af03,"{""en"": {""value"": ""https://www.geonames.org/3843122"", ""direction"": ""ltr""}}",ef768278-cbd0-494a-acdf-59af49811c42,"{""type"": ""Point"", ""coordinates"": [-70.0, -39.0]}"
41d83583-3699-4d5d-9e47-2108a1378806,3dda9f54-d771-11ef-825b-0275dc2ded29,a3e9145b-ba55-4793-a0fa-189e0f404ca7,1,bf18ffe2-265f-4d96-8c49-ddee4c83f835,"{""en"": {""value"": ""Nevada"", ""direction"": ""ltr""}}",[],[],5e074b4f-124a-449a-8a9d-b0d15aecdee4,"{""en"": {""value"": ""Nevada (URI: https://www.geonames.org/5376509)"", ""direction"": ""ltr""}}",[],[],[],3a76618b-9f9d-456a-a49d-e9ba3977459c,"{""en"": {""value"": ""https://www.geonames.org/5376509"", ""direction"": ""ltr""}}",2319cf10-5a4c-4d77-82c4-740dc92990ed,"{""type"": ""Point"", ""coordinates"": [-120.76875, 39.30137]}"
aec36bc2-578f-41cc-9347-ee2cd976d093,3dda9f54-d771-11ef-825b-0275dc2ded29,a3e9145b-ba55-4793-a0fa-189e0f404ca7,1,419042c5-21e9-469b-8960-9b9f8f51b9aa,"{""en"": {""value"": ""New Amsterdam"", ""direction"": ""ltr""}}",[],[],cd96a178-e1aa-49d3-895c-0a8890290410,"{""en"": {""value"": ""New Amsterdam (URI: https://www.geonames.org/3376762)"", ""direction"": ""ltr""}}",[],[],[],f4c09b45-0c30-43aa-9680-702c65a4921a,"{""en"": {""value"": ""https://www.geonames.org/3376762"", ""direction"": ""ltr""}}",f6c18264-5b09-4899-9301-a6e8cd52f0cd,"{""type"": ""Point"", ""coordinates"": [-57.5171, 6.24793]}"
a996903e-424a-4936-84dc-d0eecbf5df50,3dda9f54-d771-11ef-825b-0275dc2ded29,a3e9145b-ba55-4793-a0fa-189e0f404ca7,1,09af37d9-d168-4425-b03e-f7458b921439,"{""en"": {""value"": ""New Hampshire"", ""direction"": ""ltr""}}",[],[],29d20c84-c79d-4c27-bd92-cdfd586bb9f8,"{""en"": {""value"": ""New Hampshire (URI: https://www.geonames.org/5090174)"", ""direction"": ""ltr""}}",[],[],[],2b1d05ef-31b8-447a-b3a5-d2bf7694a573,"{""en"": {""value"": ""https://www.geonames.org/5090174"", ""direction"": ""ltr""}}",01170307-848b-49a6-a565-adcaf0148e38,"{""type"": ""Point"", ""coordinates"": [-71.4998, 43.66702]}"
cf22b11c-c56b-49d3-8652-c288e1ea0ed8,3dda9f54-d771-11ef-825b-0275dc2ded29,a3e9145b-ba55-4793-a0fa-189e0f404ca7,1,e30d76fd-818f-4147-9111-75db3c43e9a4,"{""en"": {""value"": ""New Orleans"", ""direction"": ""ltr""}}",[],[],77b74abe-bb7e-4869-948d-76e81e16c218,"{""en"": {""value"": ""New Orleans (URI: https://www.geonames.org/4335045)"", ""direction"": ""ltr""}}",[],[],[],bd48c7c8-f763-4a58-87b4-202e24d88fa1,"{""en"": {""value"": ""https://www.geonames.org/4335045"", ""direction"": ""ltr""}}",4f5c60dc-76e4-4979-9314-6f232b249e6b,"{""type"": ""Point"", ""coordinates"": [-90.07507, 29.95465]}"
41c3d106-a758-42fa-9316-1f4b30b26e8c,3dda9f54-d771-11ef-825b-0275dc2ded29,a3e9145b-ba55-4793-a0fa-189e0f404ca7,1,fc3040c5-976c-404e-b7ef-e292e71bafe2,"{""en"": {""value"": ""New Ulm"", ""direction"": ""ltr""}}",[],[],6d5bc0f0-8467-427b-9f8c-c7c47043afc6,"{""en"": {""value"": ""New Ulm (URI: https://www.geonames.org/5039173)"", ""direction"": ""ltr""}}",[],[],[],20a3aad4-fed2-441b-b0f6-79f203fc16cc,"{""en"": {""value"": ""https://www.geonames.org/5039173"", ""direction"": ""ltr""}}",56c24f1b-d631-4fb1-80af-2a6328e19534,"{""type"": ""Point"", ""coordinates"": [-94.46053, 44.31246]}"
334130d9-94ee-4f47-823d-aaac03755e8c,3dda9f54-d771-11ef-825b-0275dc2ded29,a3e9145b-ba55-4793-a0fa-189e0f404ca7,1,8cd808b9-7d61-422b-ae6d-496a7c0636fa,"{""en"": {""value"": ""New Westminster"", ""direction"": ""ltr""}}",[],[],c6f0bf6e-d8ae-425d-a90f-4ffca9e3805e,"{""en"": {""value"": ""New Westminster (URI: https://www.geonames.org/12031952)"", ""direction"": ""ltr""}}",[],[],[],2795dd88-dd00-4aab-8b37-7011e0ef6d79,"{""en"": {""value"": ""https://www.geonames.org/12031952"", ""direction"": ""ltr""}}",57fecb6f-afb9-487c-bc13-79b44c599e01,"{""type"": ""Point"", ""coordinates"": [-122.91928, 49.20809]}"
175daf12-b2d9-4f86-b8c5-3f876361676c,3dda9f54-d771-11ef-825b-0275dc2ded29,a3e9145b-ba55-4793-a0fa-189e0f404ca7,1,857ce2ce-a858-4d4b-b133-086a3fd60c18,"{""en"": {""value"": ""Newcomb"", ""direction"": ""ltr""}}",[],[],6892aa7d-30f1-4b0f-9b15-fdee641b1424,"{""en"": {""value"": ""Newcomb (URI: https://www.geonames.org/5128659)"", ""direction"": ""ltr""}}",[],[],[],e95e542b-f7c2-4797-8cee-c86e25fdb144,"{""en"": {""value"": ""https://www.geonames.org/5128659"", ""direction"": ""ltr""}}",3474d93d-8498-47e4-b725-fa4ef382faf1,"{""type"": ""Point"", ""coordinates"": [-74.16621, 43.96975]}"
3c10df62-870d-4dd2-b757-88466c538192,3dda9f54-d771-11ef-825b-0275dc2ded29,a3e9145b-ba55-4793-a0fa-189e0f404ca7,1,a7df1906-e3ea-4a04-afbc-c251767b3ff9,"{""en"": {""value"": ""Newfoundland and Labrador"", ""direction"": ""ltr""}}",[],[],3af2fe5c-b7fd-4ced-89f9-9e294cc2609f,"{""en"": {""value"": ""Newfoundland and Labrador (URI: https://www.geonames.org/6354959)"", ""direction"": ""ltr""}}",[],[],[],4ea065a4-6be1-47c7-9de6-e2c3d51c6f6a,"{""en"": {""value"": ""https://www.geonames.org/6354959"", ""direction"": ""ltr""}}",67dd3263-34f1-4214-a053-2db848b336d4,"{""type"": ""Point"", ""coordinates"": [-56.0, 52.0]}"
985eaf8a-7591-4688-9073-b22853af6b6c,3dda9f54-d771-11ef-825b-0275dc2ded29,a3e9145b-ba55-4793-a0fa-189e0f404ca7,1,31e722ea-02d1-4a40-8714-bedd7443024a,"{""en"": {""value"": ""Newhaven"", ""direction"": ""ltr""}}",[],[],abd8d289-ece6-4e0c-aafe-84fc018842a4,"{""en"": {""value"": ""Newhaven (URI: https://www.geonames.org/7298479)"", ""direction"": ""ltr""}}",[],[],[],2e17982f-2ed9-4fd0-9b9c-93efbb03deb2,"{""en"": {""value"": ""https://www.geonames.org/7298479"", ""direction"": ""ltr""}}",81b99cbb-9bb6-42d6-a380-08216ccc981e,"{""type"": ""Point"", ""coordinates"": [0.05336, 50.7925]}"
613ca472-0621-40e8-aee6-a4f57396d973,3dda9f54-d771-11ef-825b-0275dc2ded29,a3e9145b-ba55-4793-a0fa-189e0f404ca7,1,9ef4e403-9270-45a2-8a14-b76169be8f65,"{""en"": {""value"": ""Newport Mine"", ""direction"": ""ltr""}}",[],[],027539fb-b695-48b9-bfba-9b8a543fda1b,"{""en"": {""value"": ""Newport Mine (URI: https://www.geonames.org/5003468)"", ""direction"": ""ltr""}}",[],[],[],c972ed75-9fe1-41b3-ba8b-5b00d55fbb0c,"{""en"": {""value"": ""https://www.geonames.org/5003468"", ""direction"": ""ltr""}}",36202f49-4238-4c15-9764-6291981ede8d,"{""type"": ""Point"", ""coordinates"": [-90.1224, 46.45689]}"
2944a497-6925-4be1-b7d7-2d701927510a,3dda9f54-d771-11ef-825b-0275dc2ded29,a3e9145b-ba55-4793-a0fa-189e0f404ca7,1,591668bf-d044-477b-84c1-bd9a63fe45c9,"{""en"": {""value"": ""Nemo"", ""direction"": ""ltr""}}",[],[],c7eb5c75-4376-4ca2-93a3-689e1b95ab71,"{""en"": {""value"": ""Nemo (URI: https://www.geonames.org/5767368)"", ""direction"": ""ltr""}}",[],[],[],8f5a8857-9026-44a1-8afe-0fb2c5c44f1b,"{""en"": {""value"": ""https://www.geonames.org/5767368"", ""direction"": ""ltr""}}",755d026e-51fb-4d3b-9d56-182a1df68ece,"{""type"": ""Point"", ""coordinates"": [-103.50491, 44.19415]}"
87115165-1911-4cff-ab66-742792a59ca2,3dda9f54-d771-11ef-825b-0275dc2ded29,a3e9145b-ba55-4793-a0fa-189e0f404ca7,1,b31f6702-8c06-4075-9b94-d7ab56a9976d,"{""en"": {""value"": ""Nicosia"", ""direction"": ""ltr""}}",[],[],7a687776-67db-4b10-a662-5bf5523b056b,"{""en"": {""value"": ""Nicosia (URI: https://www.geonames.org/146268)"", ""direction"": ""ltr""}}",[],[],[],ab33ea90-bead-4320-9425-7e8cb2d2d688,"{""en"": {""value"": ""https://www.geonames.org/146268"", ""direction"": ""ltr""}}",3bce0b9b-2963-4d45-a3db-6d936332a280,"{""type"": ""Point"", ""coordinates"": [33.3642, 35.17531]}"
12e4b154-1327-45fa-baf8-928a7e9c5d51,3dda9f54-d771-11ef-825b-0275dc2ded29,a3e9145b-ba55-4793-a0fa-189e0f404ca7,1,421d2679-24c7-4aef-94e6-5c011b77f6ae,"{""en"": {""value"": ""Nisí Skýros"", ""direction"": ""ltr""}}",[],[],ef85c8ef-4694-4418-83ef-be7436a6b10a,"{""en"": {""value"": ""Nisí Skýros (URI: https://www.geonames.org/253613)"", ""direction"": ""ltr""}}",[],[],[],3af399a8-e323-4155-af61-7deac505d54b,"{""en"": {""value"": ""https://www.geonames.org/253613"", ""direction"": ""ltr""}}",12cbd539-f7e1-452f-b6bc-55d83746edd0,"{""type"": ""Point"", ""coordinates"": [24.5679, 38.85761]}"
89ee8fbe-704e-4e8d-bc3d-32ed633d5b8d,3dda9f54-d771-11ef-825b-0275dc2ded29,a3e9145b-ba55-4793-a0fa-189e0f404ca7,1,8648e494-4c14-434c-b3b6-de2422135af3,"{""en"": {""value"": ""Nome"", ""direction"": ""ltr""}}",[],[],e043178f-c6bb-49de-a044-e7caef91b751,"{""en"": {""value"": ""Nome (URI: https://www.geonames.org/5870134)"", ""direction"": ""ltr""}}",[],[],[],d1a4d62d-935b-445e-ba6d-cf11538ada05,"{""en"": {""value"": ""https://www.geonames.org/5870134"", ""direction"": ""ltr""}}",5f5ce5af-475b-4587-8f9b-8c0352402f18,"{""type"": ""Point"", ""coordinates"": [-163.75056, 64.83333]}"
5d731351-c6a6-4d56-8316-5feb554e809d,3dda9f54-d771-11ef-825b-0275dc2ded29,a3e9145b-ba55-4793-a0fa-189e0f404ca7,1,0bdcf6e8-f380-4647-91b5-25b73d4f4573,"{""en"": {""value"": ""Nordmark"", ""direction"": ""ltr""}}",[],[],909d221d-9448-4319-adbe-0d0aa00c910f,"{""en"": {""value"": ""Nordmark (URI: https://www.geonames.org/2689331)"", ""direction"": ""ltr""}}",[],[],[],0991a367-032a-4594-a322-dd82bcc78741,"{""en"": {""value"": ""https://www.geonames.org/2689331"", ""direction"": ""ltr""}}",e4c7191b-5332-45ce-9faf-b90ff0ef57bb,"{""type"": ""Point"", ""coordinates"": [14.1, 59.83333]}"
25ba3336-bf8f-4076-9c90-eb3606808dac,3dda9f54-d771-11ef-825b-0275dc2ded29,a3e9145b-ba55-4793-a0fa-189e0f404ca7,1,220751ba-3f8b-4c5b-b313-6ef8bdb6abdb,"{""en"": {""value"": ""Norfolk"", ""direction"": ""ltr""}}",[],[],877a043d-41ad-4a01-8ea6-a939d43a4dca,"{""en"": {""value"": ""Norfolk (URI: https://www.geonames.org/4945455)"", ""direction"": ""ltr""}}",[],[],[],b5bb50eb-8629-47e8-bec1-d757135b7098,"{""en"": {""value"": ""https://www.geonames.org/4945455"", ""direction"": ""ltr""}}",d8818fd2-e13b-4502-9b9b-aaad7bd4cb35,"{""type"": ""Point"", ""coordinates"": [-71.18381, 42.17097]}"
08142045-4573-49f7-9ae7-a9011bbca0e6,3dda9f54-d771-11ef-825b-0275dc2ded29,a3e9145b-ba55-4793-a0fa-189e0f404ca7,1,4a8dd0ad-2078-4628-b10d-51fadc319021,"{""en"": {""value"": ""Norman"", ""direction"": ""ltr""}}",[],[],9fa7e9a7-eca1-4b87-9b44-e4604ce44b29,"{""en"": {""value"": ""Norman (URI: https://www.geonames.org/4543762)"", ""direction"": ""ltr""}}",[],[],[],a054a68f-f09c-4ae8-9a9d-9cc8db6b7d8d,"{""en"": {""value"": ""https://www.geonames.org/4543762"", ""direction"": ""ltr""}}",53d0b5c1-eaed-4ed3-af0f-7e7514fe96b7,"{""type"": ""Point"", ""coordinates"": [-97.43948, 35.22257]}"
c78607d0-731c-45ef-9696-780fcd6172ce,3dda9f54-d771-11ef-825b-0275dc2ded29,a3e9145b-ba55-4793-a0fa-189e0f404ca7,1,fab93faa-a793-4762-b293-63b7ffbeccd2,"{""en"": {""value"": ""North America"", ""direction"": ""ltr""}}",[],[],38fa8b69-320b-40b5-bd65-5280133adcf8,"{""en"": {""value"": ""North America (URI: https://www.geonames.org/6255149)"", ""direction"": ""ltr""}}",[],[],[],4c67e307-c5f8-4ce2-985b-3b3845a475f0,"{""en"": {""value"": ""https://www.geonames.org/6255149"", ""direction"": ""ltr""}}",7faa9441-cc1a-4dd8-a5c3-c94ccd5f7f6e,"{""type"": ""Point"", ""coordinates"": [-100.54688, 46.07323]}"
aab38fd4-7281-41a2-8c6b-55c1d3ca4208,3dda9f54-d771-11ef-825b-0275dc2ded29,a3e9145b-ba55-4793-a0fa-189e0f404ca7,1,7958966f-a574-475b-904f-08fc33c4f68c,"{""en"": {""value"": ""North Dakota"", ""direction"": ""ltr""}}",[],[],949d49ec-e39c-4199-8f7c-c9fca29f4278,"{""en"": {""value"": ""North Dakota (URI: https://www.geonames.org/5690763)"", ""direction"": ""ltr""}}",[],[],[],702b8cf9-a62a-4616-8075-d53d32f72ab5,"{""en"": {""value"": ""https://www.geonames.org/5690763"", ""direction"": ""ltr""}}",fc72d142-dccd-4356-bca6-e9fe30ab1bdd,"{""type"": ""Point"", ""coordinates"": [-100.00068, 47.50027]}"
b32afbb3-d183-443a-8378-db68aa9e0f87,3dda9f54-d771-11ef-825b-0275dc2ded29,a3e9145b-ba55-4793-a0fa-189e0f404ca7,1,e780378c-3f6e-4bb1-be38-afe9921b4238,"{""en"": {""value"": ""North West"", ""direction"": ""ltr""}}",[],[],d2a16ce7-e874-4bb2-863a-b5cb269eb99a,"{""en"": {""value"": ""North West (URI: https://www.geonames.org/1085598)"", ""direction"": ""ltr""}}",[],[],[],c15229b9-77bd-4816-bf09-b31d84a14fc9,"{""en"": {""value"": ""https://www.geonames.org/1085598"", ""direction"": ""ltr""}}",d20eb778-d199-4d7d-878d-d383fec1ce22,"{""type"": ""Point"", ""coordinates"": [26.0, -26.5]}"
b385fdab-929d-47ca-9e9d-a8d8c2317dae,3dda9f54-d771-11ef-825b-0275dc2ded29,a3e9145b-ba55-4793-a0fa-189e0f404ca7,1,ada400b1-ecb3-4bc1-916b-deb8a96bbe0a,"{""en"": {""value"": ""Northeast"", ""direction"": ""ltr""}}",[],[],892b3735-4e62-4838-8753-7d4e46be6b91,"{""en"": {""value"": ""Northeast (URI: https://www.geonames.org/11887749)"", ""direction"": ""ltr""}}",[],[],[],041a2465-cfe4-4343-9f92-b46cae3e3449,"{""en"": {""value"": ""https://www.geonames.org/11887749"", ""direction"": ""ltr""}}",f97514a8-c7a8-4bd3-a0ec-06dac18143d3,"{""type"": ""Point"", ""coordinates"": [-74.11805, 42.80019]}"
26d5c464-b5a3-455f-b5bc-7ce452d82f7d,3dda9f54-d771-11ef-825b-0275dc2ded29,a3e9145b-ba55-4793-a0fa-189e0f404ca7,1,d229056e-eb9b-4915-980e-acbaaf093a51,"{""en"": {""value"": ""Northern Africa"", ""direction"": ""ltr""}}",[],[],aa1b066d-8ca0-477d-900e-ba06eb1e08c1,"{""en"": {""value"": ""Northern Africa (URI: https://www.geonames.org/7729887)"", ""direction"": ""ltr""}}",[],[],[],507a70ac-354b-4e17-b197-a6e0814d682c,"{""en"": {""value"": ""https://www.geonames.org/7729887"", ""direction"": ""ltr""}}",060a9b31-6ce6-41bb-8520-40c28fc5671f,"{""type"": ""Point"", ""coordinates"": [9.97559, 32.95337]}"
c0037c29-19cf-4825-82c4-78d87eda6f1f,3dda9f54-d771-11ef-825b-0275dc2ded29,a3e9145b-ba55-4793-a0fa-189e0f404ca7,1,ea56e209-0ca9-4684-9419-c326163951c4,"{""en"": {""value"": ""Nepal"", ""direction"": ""ltr""}}",[],[],450e14cc-dddc-4d33-820c-4a59bf48a2d4,"{""en"": {""value"": ""Nepal (URI: https://www.geonames.org/1282988)"", ""direction"": ""ltr""}}",[],[],[],0264bb90-dfe2-4a6c-b4b0-c20cc3e63d66,"{""en"": {""value"": ""https://www.geonames.org/1282988"", ""direction"": ""ltr""}}",7af6312b-d96f-4c3d-9694-f1f8d6c33090,"{""type"": ""Point"", ""coordinates"": [84.0, 28.0]}"
9eb391ca-29ea-4f8e-ae1c-fa9a602e2624,3dda9f54-d771-11ef-825b-0275dc2ded29,a3e9145b-ba55-4793-a0fa-189e0f404ca7,1,e0b7ba60-eb8e-4965-b69a-d82306fd165d,"{""en"": {""value"": ""Needles"", ""direction"": ""ltr""}}",[],[],d7484654-b17f-4702-9994-109cf12ce112,"{""en"": {""value"": ""Needles (URI: https://www.geonames.org/5376358)"", ""direction"": ""ltr""}}",[],[],[],3b98abeb-1283-4efb-a039-28563e8103df,"{""en"": {""value"": ""https://www.geonames.org/5376358"", ""direction"": ""ltr""}}",56731e9e-cf54-4188-bcf1-63274b404978,"{""type"": ""Point"", ""coordinates"": [-114.61413, 34.84806]}"
f76e96e6-5677-496a-9cdc-6a404fc8f444,3dda9f54-d771-11ef-825b-0275dc2ded29,a3e9145b-ba55-4793-a0fa-189e0f404ca7,1,af8b3bf0-e62d-4e53-9e76-9ff7b32afbbe,"{""en"": {""value"": ""Monmouth"", ""direction"": ""ltr""}}",[],[],b851a900-661c-4e41-874a-0c0fbe7b2a4d,"{""en"": {""value"": ""Monmouth (URI: https://www.geonames.org/5101305)"", ""direction"": ""ltr""}}",[],[],[],3cae522a-463f-4767-8666-4b07f930161f,"{""en"": {""value"": ""https://www.geonames.org/5101305"", ""direction"": ""ltr""}}",6d33dff6-322e-4ca5-8898-9fd9b8742bdf,"{""type"": ""Point"", ""coordinates"": [-74.15815, 40.28755]}"
84620410-6e9b-4a1f-a309-5c952fd49a00,3dda9f54-d771-11ef-825b-0275dc2ded29,a3e9145b-ba55-4793-a0fa-189e0f404ca7,1,5f92080b-3fd7-43fa-b8b9-ca86e97ab54b,"{""en"": {""value"": ""Mountain Lion Mine"", ""direction"": ""ltr""}}",[],[],d65c0be1-af66-4f79-938e-b5d223e81298,"{""en"": {""value"": ""Mountain Lion Mine (URI: https://www.geonames.org/5741748)"", ""direction"": ""ltr""}}",[],[],[],67972826-24e8-4fef-8eca-223a3022b8a0,"{""en"": {""value"": ""https://www.geonames.org/5741748"", ""direction"": ""ltr""}}",ecdad1da-ba0c-406d-a930-f861cf379beb,"{""type"": ""Point"", ""coordinates"": [-123.24644, 42.32512]}"
9040e35a-981d-4555-8a17-6b5ae9a9a8f7,3dda9f54-d771-11ef-825b-0275dc2ded29,a3e9145b-ba55-4793-a0fa-189e0f404ca7,1,ed566072-5963-4e40-bf29-04428f80c4e1,"{""en"": {""value"": ""Mono Craters"", ""direction"": ""ltr""}}",[],[],36a64102-202c-459e-9f40-054d9458b7ae,"{""en"": {""value"": ""Mono Craters (URI: https://www.geonames.org/5374093)"", ""direction"": ""ltr""}}",[],[],[],0499de42-07ed-482c-a4da-66a37c6c5887,"{""en"": {""value"": ""https://www.geonames.org/5374093"", ""direction"": ""ltr""}}",769d1ef9-0080-407e-9978-3aa40069b81d,"{""type"": ""Point"", ""coordinates"": [-119.00653, 37.86243]}"
5a44c900-4959-4c7b-8765-ce5341fc9781,3dda9f54-d771-11ef-825b-0275dc2ded29,a3e9145b-ba55-4793-a0fa-189e0f404ca7,1,8b78f03a-7064-4480-b4c6-ddbbf5a11bfb,"{""en"": {""value"": ""Monta"", ""direction"": ""ltr""}}",[],[],395679e4-e1a6-49f5-a759-54984b261535,"{""en"": {""value"": ""Monta (URI: https://www.geonames.org/3173119)"", ""direction"": ""ltr""}}",[],[],[],4855dcf8-db02-476f-874c-078c2f127389,"{""en"": {""value"": ""https://www.geonames.org/3173119"", ""direction"": ""ltr""}}",51e7f568-66d1-4073-b97e-0d70dce0d027,"{""type"": ""Point"", ""coordinates"": [11.51667, 44.9]}"
4eef9d24-09ab-40f2-bad5-9a87f68a9345,3dda9f54-d771-11ef-825b-0275dc2ded29,a3e9145b-ba55-4793-a0fa-189e0f404ca7,1,d9d7b913-7f16-4f1a-bcbb-605e8f0134ba,"{""en"": {""value"": ""Monterey"", ""direction"": ""ltr""}}",[],[],f9e54b18-b121-4388-a5d7-4136f49e788a,"{""en"": {""value"": ""Monterey (URI: https://www.geonames.org/5374361)"", ""direction"": ""ltr""}}",[],[],[],d86b47f2-ef1a-4233-a781-2b6c8d163d1d,"{""en"": {""value"": ""https://www.geonames.org/5374361"", ""direction"": ""ltr""}}",9658a70a-601c-495d-a07a-629f9eb50860,"{""type"": ""Point"", ""coordinates"": [-121.89468, 36.60024]}"
bcb83b1c-8c4b-4e2e-b868-07f54624ba77,3dda9f54-d771-11ef-825b-0275dc2ded29,a3e9145b-ba55-4793-a0fa-189e0f404ca7,1,01b86821-1e58-48de-9d61-01d63653782a,"{""en"": {""value"": ""Montgomery"", ""direction"": ""ltr""}}",[],[],fa7bd4ef-e64f-432c-97b1-ca0b902b1c55,"{""en"": {""value"": ""Montgomery (URI: https://www.geonames.org/4362716)"", ""direction"": ""ltr""}}",[],[],[],8096a13c-dde0-44aa-9874-1328c4ca6edc,"{""en"": {""value"": ""https://www.geonames.org/4362716"", ""direction"": ""ltr""}}",bc935b08-b003-4dd9-b6e0-cac8c258def8,"{""type"": ""Point"", ""coordinates"": [-77.20424, 39.13638]}"
9f4baf3d-6c54-4202-b824-acc3259db371,3dda9f54-d771-11ef-825b-0275dc2ded29,a3e9145b-ba55-4793-a0fa-189e0f404ca7,1,1dc854bb-bb08-4517-ba18-66161f67249f,"{""en"": {""value"": ""Montgomery County"", ""direction"": ""ltr""}}",[],[],d9c565ab-f89b-40f7-89a3-81ecce598b93,"{""en"": {""value"": ""Montgomery County (URI: https://www.geonames.org/4121992)"", ""direction"": ""ltr""}}",[],[],[],fd360e32-256a-4f81-8017-75fa7e18a69d,"{""en"": {""value"": ""https://www.geonames.org/4121992"", ""direction"": ""ltr""}}",980723b8-5e1c-4465-992e-9404cd70d57c,"{""type"": ""Point"", ""coordinates"": [-93.65953, 34.53879]}"
32074e73-c716-4a8a-9359-e6372b238969,3dda9f54-d771-11ef-825b-0275dc2ded29,a3e9145b-ba55-4793-a0fa-189e0f404ca7,1,d21e19c9-1beb-4bb2-be51-7333eed83b85,"{""en"": {""value"": ""Mossel Bay"", ""direction"": ""ltr""}}",[],[],a4e828a9-652f-4554-a705-7cdd9369341b,"{""en"": {""value"": ""Mossel Bay (URI: https://www.geonames.org/8347539)"", ""direction"": ""ltr""}}",[],[],[],18383f70-578f-4938-99ab-232b4bfe1989,"{""en"": {""value"": ""https://www.geonames.org/8347539"", ""direction"": ""ltr""}}",9dd73e05-8577-4c3b-a2f3-ea8d7f5b17b1,"{""type"": ""Point"", ""coordinates"": [21.94176, -34.0423]}"
519a1b5f-293d-4bc5-919f-dac074becd39,3dda9f54-d771-11ef-825b-0275dc2ded29,a3e9145b-ba55-4793-a0fa-189e0f404ca7,1,25747344-b5db-45c0-9b34-282d1fd3b66c,"{""en"": {""value"": ""Mottram St. Andrew"", ""direction"": ""ltr""}}",[],[],a270c68c-4bf6-472d-8f59-e4b262deedd6,"{""en"": {""value"": ""Mottram St. Andrew (URI: https://www.geonames.org/6695071)"", ""direction"": ""ltr""}}",[],[],[],c03368f5-778b-419d-bfe7-771389a75b5e,"{""en"": {""value"": ""https://www.geonames.org/6695071"", ""direction"": ""ltr""}}",b85da8d5-daed-4982-a040-9ed5a36a77c3,"{""type"": ""Point"", ""coordinates"": [-2.18147, 53.30616]}"
be1e2796-bd05-4c49-99ff-7bed1735113a,3dda9f54-d771-11ef-825b-0275dc2ded29,a3e9145b-ba55-4793-a0fa-189e0f404ca7,1,4129945f-b8ca-4406-99bb-2be9b499a5c4,"{""en"": {""value"": ""Mouila"", ""direction"": ""ltr""}}",[],[],9de22845-27b5-44ae-a580-04ff818e1e7e,"{""en"": {""value"": ""Mouila (URI: https://www.geonames.org/2398073)"", ""direction"": ""ltr""}}",[],[],[],4c26285b-81b9-46d3-b7a0-dba64f8ca7b9,"{""en"": {""value"": ""https://www.geonames.org/2398073"", ""direction"": ""ltr""}}",63c483a6-e0ab-4d7e-a752-713dc4a35bc4,"{""type"": ""Point"", ""coordinates"": [11.05594, -1.86846]}"
1c371d32-c06f-462b-b267-c3138761e503,3dda9f54-d771-11ef-825b-0275dc2ded29,a3e9145b-ba55-4793-a0fa-189e0f404ca7,1,b0d17def-1a82-4ac9-a639-1cbf656b8e58,"{""en"": {""value"": ""Mounana"", ""direction"": ""ltr""}}",[],[],c0de827f-335d-41cb-bbe1-caec7738fd96,"{""en"": {""value"": ""Mounana (URI: https://www.geonames.org/2397978)"", ""direction"": ""ltr""}}",[],[],[],011983a5-49bc-45b1-9187-b9fcc75b76fc,"{""en"": {""value"": ""https://www.geonames.org/2397978"", ""direction"": ""ltr""}}",667233b0-8722-49c9-aeb6-8d9d49798eaf,"{""type"": ""Point"", ""coordinates"": [13.15857, -1.4085]}"
bb8fa5b7-9605-40a7-8f60-6418ad993557,3dda9f54-d771-11ef-825b-0275dc2ded29,a3e9145b-ba55-4793-a0fa-189e0f404ca7,1,c24baa65-8238-47b1-9c45-9b280332f3cb,"{""en"": {""value"": ""Mount Bates"", ""direction"": ""ltr""}}",[],[],b1332975-22aa-48d8-91c9-739e843d7438,"{""en"": {""value"": ""Mount Bates (URI: https://www.geonames.org/2176638)"", ""direction"": ""ltr""}}",[],[],[],a242c2ac-09dd-459e-a208-802f4176ea82,"{""en"": {""value"": ""https://www.geonames.org/2176638"", ""direction"": ""ltr""}}",9a031b1d-66c6-428e-b14f-1e588046c207,"{""type"": ""Point"", ""coordinates"": [167.9401, -29.01124]}"
66ceebf8-97ab-4aad-b3e8-f9710ed8ae18,3dda9f54-d771-11ef-825b-0275dc2ded29,a3e9145b-ba55-4793-a0fa-189e0f404ca7,1,5ca72946-3c54-4c6e-925d-7abaea6dde70,"{""en"": {""value"": ""Mount Serat"", ""direction"": ""ltr""}}",[],[],39e3140f-9c8c-4b02-a85c-d0da189a2b18,"{""en"": {""value"": ""Mount Serat (URI: https://www.geonames.org/8168509)"", ""direction"": ""ltr""}}",[],[],[],67ef2dda-c6df-472d-bafd-6fbc15b664b4,"{""en"": {""value"": ""https://www.geonames.org/8168509"", ""direction"": ""ltr""}}",9e60db63-06b8-48cb-954a-9ac41bf0669e,"{""type"": ""Point"", ""coordinates"": [147.11, -42.22]}"
1375caa4-abd0-466b-ba7f-27f59783dfcc,3dda9f54-d771-11ef-825b-0275dc2ded29,a3e9145b-ba55-4793-a0fa-189e0f404ca7,1,296c3a9a-c6b9-463f-a5ec-81804c438199,"{""en"": {""value"": ""Mozambique"", ""direction"": ""ltr""}}",[],[],2af5f404-e756-4d9f-b1e0-4ba2db833bd6,"{""en"": {""value"": ""Mozambique (URI: https://www.geonames.org/1036973)"", ""direction"": ""ltr""}}",[],[],[],86e15dac-da2f-40b8-8528-e4c7d766b31a,"{""en"": {""value"": ""https://www.geonames.org/1036973"", ""direction"": ""ltr""}}",b88400e4-a646-4a07-a7b5-aa7cbdcc585f,"{""type"": ""Point"", ""coordinates"": [35.0, -18.25]}"
a6af98c3-64b5-4b94-86b2-abea72a3c1c6,3dda9f54-d771-11ef-825b-0275dc2ded29,a3e9145b-ba55-4793-a0fa-189e0f404ca7,1,9491ff35-d148-471c-abef-18f8c4f3f32c,"{""en"": {""value"": ""Nederland"", ""direction"": ""ltr""}}",[],[],d8c00e8e-be25-4b1a-9279-f43bdebab47e,"{""en"": {""value"": ""Nederland (URI: https://www.geonames.org/5432410)"", ""direction"": ""ltr""}}",[],[],[],7d6d91ca-d5f8-4162-8279-a6fabbc50ee8,"{""en"": {""value"": ""https://www.geonames.org/5432410"", ""direction"": ""ltr""}}",1ea4e4e5-a5fa-49a0-a1a9-6ae281d25598,"{""type"": ""Point"", ""coordinates"": [-105.51083, 39.96138]}"
6e05b346-90bb-43d7-8a23-10a75f492dbc,3dda9f54-d771-11ef-825b-0275dc2ded29,a3e9145b-ba55-4793-a0fa-189e0f404ca7,1,6fc8b7b1-65c8-40c5-a612-b7fb930a855d,"{""en"": {""value"": ""Murphys"", ""direction"": ""ltr""}}",[],[],39218219-90a3-4be0-9315-e37409fe3713,"{""en"": {""value"": ""Murphys (URI: https://www.geonames.org/5375883)"", ""direction"": ""ltr""}}",[],[],[],d36e62a6-57c6-46da-b010-f1a809a66f17,"{""en"": {""value"": ""https://www.geonames.org/5375883"", ""direction"": ""ltr""}}",23c0b33c-a55f-467b-adb1-f1e749b4ec78,"{""type"": ""Point"", ""coordinates"": [-120.46105, 38.13762]}"
f027bf3e-3cf9-4efa-8a7c-eb9f4abe63aa,3dda9f54-d771-11ef-825b-0275dc2ded29,a3e9145b-ba55-4793-a0fa-189e0f404ca7,1,aa81d2e0-7e27-4879-90de-45da44826b4a,"{""en"": {""value"": ""Murray"", ""direction"": ""ltr""}}",[],[],ea985e57-b76a-4e71-934c-5808c348fbd6,"{""en"": {""value"": ""Murray (URI: https://www.geonames.org/5778755)"", ""direction"": ""ltr""}}",[],[],[],25d4d042-4270-49cd-8da4-156f545e47f9,"{""en"": {""value"": ""https://www.geonames.org/5778755"", ""direction"": ""ltr""}}",7cc7be62-c572-4caf-b032-4a712c519bc9,"{""type"": ""Point"", ""coordinates"": [-111.88799, 40.66689]}"
bfbb365c-5ada-4a70-ad2b-d2105228b395,3dda9f54-d771-11ef-825b-0275dc2ded29,a3e9145b-ba55-4793-a0fa-189e0f404ca7,1,78a276e3-5623-4fdd-839f-90a56cb69033,"{""en"": {""value"": ""Musina"", ""direction"": ""ltr""}}",[],[],ba8dc05e-c1a6-4fbb-8fd9-cab4b8629126,"{""en"": {""value"": ""Musina (URI: https://www.geonames.org/8347556)"", ""direction"": ""ltr""}}",[],[],[],e80cc732-c2ab-49b4-9e5d-2a9843721aa3,"{""en"": {""value"": ""https://www.geonames.org/8347556"", ""direction"": ""ltr""}}",f00f2c16-d7e1-43e7-878a-ba15e54cb591,"{""type"": ""Point"", ""coordinates"": [29.73116, -22.43134]}"
a2e506f4-e542-4d97-8ed9-9ff24c1a26f3,3dda9f54-d771-11ef-825b-0275dc2ded29,a3e9145b-ba55-4793-a0fa-189e0f404ca7,1,e50499e9-f9a3-45e2-a6e3-76045cf56681,"{""en"": {""value"": ""Musée du Louvre"", ""direction"": ""ltr""}}",[],[],5260674e-7d4d-45db-a5bb-b45d9d0ddd2e,"{""en"": {""value"": ""Musée du Louvre (URI: https://www.geonames.org/2997319)"", ""direction"": ""ltr""}}",[],[],[],4a38e144-39fb-4c3a-929c-baeffb8f4fec,"{""en"": {""value"": ""https://www.geonames.org/2997319"", ""direction"": ""ltr""}}",3156bc90-8593-4c75-8133-cce21803fbd2,"{""type"": ""Point"", ""coordinates"": [2.33587, 48.86102]}"
bd78678c-ba6f-4a20-ad5f-1feca08b5c37,3dda9f54-d771-11ef-825b-0275dc2ded29,a3e9145b-ba55-4793-a0fa-189e0f404ca7,1,89abb653-74d4-483a-b370-36598d25da47,"{""en"": {""value"": ""Nakbe"", ""direction"": ""ltr""}}",[],[],147a3c42-de91-4230-91c1-b9a1b5fda2b5,"{""en"": {""value"": ""Nakbe (URI: https://www.geonames.org/11072613)"", ""direction"": ""ltr""}}",[],[],[],f6781372-3415-402a-9d7d-483b8588d2f1,"{""en"": {""value"": ""https://www.geonames.org/11072613"", ""direction"": ""ltr""}}",4e7bb322-cef2-41fa-8893-f7f16b21cd99,"{""type"": ""Point"", ""coordinates"": [-89.83516, 17.67991]}"
9fb1dc3f-1f17-4f75-9479-45895537fd07,3dda9f54-d771-11ef-825b-0275dc2ded29,a3e9145b-ba55-4793-a0fa-189e0f404ca7,1,046ac27e-f769-49f1-b113-7c42ce318cdd,"{""en"": {""value"": ""Naryn"", ""direction"": ""ltr""}}",[],[],4af94fa3-ca90-4202-869b-cc5aa0c17c7f,"{""en"": {""value"": ""Naryn (URI: https://www.geonames.org/1527592)"", ""direction"": ""ltr""}}",[],[],[],beba4f71-5e06-406b-a2d4-51ac7f286f33,"{""en"": {""value"": ""https://www.geonames.org/1527592"", ""direction"": ""ltr""}}",86b8d8e2-e160-4737-982d-ae0796e9ca09,"{""type"": ""Point"", ""coordinates"": [75.99111, 41.42866]}"
e6fef42c-128b-4ce8-991e-c0e527f041c4,3dda9f54-d771-11ef-825b-0275dc2ded29,a3e9145b-ba55-4793-a0fa-189e0f404ca7,1,ae58a6c8-d59b-47d0-bda8-dd7b3c13d576,"{""en"": {""value"": ""Nashville"", ""direction"": ""ltr""}}",[],[],098d130f-0cc8-4412-9cef-74826d7a37b7,"{""en"": {""value"": ""Nashville (URI: https://www.geonames.org/4644585)"", ""direction"": ""ltr""}}",[],[],[],26197ba4-ac71-4396-a6d3-1860ae16b93e,"{""en"": {""value"": ""https://www.geonames.org/4644585"", ""direction"": ""ltr""}}",c5df4772-1621-4246-b963-650f4fc60cd8,"{""type"": ""Point"", ""coordinates"": [-86.78444, 36.16589]}"
6829c8d3-97fb-492f-8ef3-c37ffc700d69,3dda9f54-d771-11ef-825b-0275dc2ded29,a3e9145b-ba55-4793-a0fa-189e0f404ca7,1,5b02b511-4920-4f39-b1a5-b7f02039e721,"{""en"": {""value"": ""National Capital"", ""direction"": ""ltr""}}",[],[],6994c18b-89f2-4650-a5c4-8bbb70ab2a60,"{""en"": {""value"": ""National Capital (URI: https://www.geonames.org/2089856)"", ""direction"": ""ltr""}}",[],[],[],838aaf04-660f-4e2e-855e-efa099e14632,"{""en"": {""value"": ""https://www.geonames.org/2089856"", ""direction"": ""ltr""}}",173ababc-f4e8-48f4-afd2-5f94f94ba592,"{""type"": ""Point"", ""coordinates"": [147.16667, -9.41667]}"
e9e580fd-0dcd-4a46-af25-3b95ffdf1596,3dda9f54-d771-11ef-825b-0275dc2ded29,a3e9145b-ba55-4793-a0fa-189e0f404ca7,1,22e6989d-f075-40b8-8b42-0c6e6ca8cbb7,"{""en"": {""value"": ""Navajo"", ""direction"": ""ltr""}}",[],[],a4cfcad9-75f4-42e2-b854-5d1630e8dfb2,"{""en"": {""value"": ""Navajo (URI: https://www.geonames.org/5306233)"", ""direction"": ""ltr""}}",[],[],[],cad69a2e-7024-4e3c-8703-096b09761146,"{""en"": {""value"": ""https://www.geonames.org/5306233"", ""direction"": ""ltr""}}",e10274fc-174c-4641-aff1-8ebec090f6b9,"{""type"": ""Point"", ""coordinates"": [-110.3214, 35.39963]}"
2fb54d51-02f9-4418-8685-06621d91eed3,3dda9f54-d771-11ef-825b-0275dc2ded29,a3e9145b-ba55-4793-a0fa-189e0f404ca7,1,8a331481-17b7-4d59-a691-ee54807294f9,"{""en"": {""value"": ""Lithuania"", ""direction"": ""ltr""}}",[],[],2dbef144-3ecb-44ba-801a-0c5717ab3eaf,"{""en"": {""value"": ""Lithuania (URI: https://www.geonames.org/597427)"", ""direction"": ""ltr""}}",[],[],[],a85f855f-22b6-42d7-a1a9-ab204d85618f,"{""en"": {""value"": ""https://www.geonames.org/597427"", ""direction"": ""ltr""}}",6fa71c7a-64c0-401a-8f50-eca88cee0feb,"{""type"": ""Point"", ""coordinates"": [24.0, 55.41667]}"
70624afd-e0ea-467a-999b-f071c406e38f,3dda9f54-d771-11ef-825b-0275dc2ded29,a3e9145b-ba55-4793-a0fa-189e0f404ca7,1,5833c440-c5cb-4fd8-bd42-cd139c2ba2df,"{""en"": {""value"": ""Lipari"", ""direction"": ""ltr""}}",[],[],4488d58e-148d-47ff-9f97-7e3ce0524730,"{""en"": {""value"": ""Lipari (URI: https://www.geonames.org/2524378)"", ""direction"": ""ltr""}}",[],[],[],039e9b30-68ba-4bf9-8197-6ed80ccf2ae2,"{""en"": {""value"": ""https://www.geonames.org/2524378"", ""direction"": ""ltr""}}",49335b94-4d6b-4d45-b17d-2337cdcd2a58,"{""type"": ""Point"", ""coordinates"": [14.93333, 38.48333]}"
148704d8-b6d5-49f7-b266-b9b23324365e,3dda9f54-d771-11ef-825b-0275dc2ded29,a3e9145b-ba55-4793-a0fa-189e0f404ca7,1,c89c1aba-ab0f-4f2b-b1ff-20da9fb0cf05,"{""en"": {""value"": ""Lincoln County"", ""direction"": ""ltr""}}",[],[],dd534317-8db5-493f-a316-723c02ddf381,"{""en"": {""value"": ""Lincoln County (URI: https://www.geonames.org/5475934)"", ""direction"": ""ltr""}}",[],[],[],edb4685e-14c0-4a38-be2e-5692c649876b,"{""en"": {""value"": ""https://www.geonames.org/5475934"", ""direction"": ""ltr""}}",fde015c8-a65f-4f29-9f8f-eaf02d65f5c3,"{""type"": ""Point"", ""coordinates"": [-105.45925, 33.74524]}"
088b091b-2abc-4ef4-94ae-991fb27b82e8,3dda9f54-d771-11ef-825b-0275dc2ded29,a3e9145b-ba55-4793-a0fa-189e0f404ca7,1,a48551df-dc40-49b3-93a0-74320a6a4e96,"{""en"": {""value"": ""Isle of Mull"", ""direction"": ""ltr""}}",[],[],1184fc06-1595-4c8f-bc31-32f38f57e925,"{""en"": {""value"": ""Isle of Mull (URI: https://www.geonames.org/2641992)"", ""direction"": ""ltr""}}",[],[],[],161b52ac-c98d-4718-b0f2-c173dc77c22a,"{""en"": {""value"": ""https://www.geonames.org/2641992"", ""direction"": ""ltr""}}",882501f0-f65d-4d49-82fd-5db0c77a099e,"{""type"": ""Point"", ""coordinates"": [-5.9, 56.41667]}"
3a2aef2f-2337-4ea5-b2ce-8df2c7d79737,3dda9f54-d771-11ef-825b-0275dc2ded29,a3e9145b-ba55-4793-a0fa-189e0f404ca7,1,7a781ee8-4a54-4d24-9bd8-41a6e5ff42d3,"{""en"": {""value"": ""Hradiště Hradec u Kadaně"", ""direction"": ""ltr""}}",[],[],d9e96819-6348-4fbb-a358-e19d348dd41f,"{""en"": {""value"": ""Hradiště Hradec u Kadaně (URI: https://www.geonames.org/12105000)"", ""direction"": ""ltr""}}",[],[],[],39e3b746-5056-4330-ad22-db654340cc24,"{""en"": {""value"": ""https://www.geonames.org/12105000"", ""direction"": ""ltr""}}",0491bfcc-c3c2-4f6b-98ec-86e08cd920b8,"{""type"": ""Point"", ""coordinates"": [13.32451, 50.36552]}"
e53e2adc-c254-4b8a-ab03-22d98957dc5f,3dda9f54-d771-11ef-825b-0275dc2ded29,a3e9145b-ba55-4793-a0fa-189e0f404ca7,1,024b0d46-d193-4902-ae33-2f9940fed8a8,"{""en"": {""value"": ""Hunting Hill"", ""direction"": ""ltr""}}",[],[],29a6000b-829b-4051-b507-88a60a804d58,"{""en"": {""value"": ""Hunting Hill (URI: https://www.geonames.org/4358739)"", ""direction"": ""ltr""}}",[],[],[],b18d511c-0c52-4f3e-88bf-6a6564d32e2e,"{""en"": {""value"": ""https://www.geonames.org/4358739"", ""direction"": ""ltr""}}",ed1ad33a-b07e-49b1-bb0b-f0374824a9e5,"{""type"": ""Point"", ""coordinates"": [-77.20693, 39.09705]}"
5a4cad53-30e9-4a2d-94e0-e9cbe710ee9b,3dda9f54-d771-11ef-825b-0275dc2ded29,a3e9145b-ba55-4793-a0fa-189e0f404ca7,1,9b1b5cb3-6a18-4c6c-b395-aa2483c1a020,"{""en"": {""value"": ""Hutchinson"", ""direction"": ""ltr""}}",[],[],b2c0074f-d68f-4e39-9d0e-70376fa79692,"{""en"": {""value"": ""Hutchinson (URI: https://www.geonames.org/4273299)"", ""direction"": ""ltr""}}",[],[],[],02e935cd-816b-4ad8-b542-bc5ed04dd75b,"{""en"": {""value"": ""https://www.geonames.org/4273299"", ""direction"": ""ltr""}}",647d74a0-a627-44d2-853b-5dd1ae112ae9,"{""type"": ""Point"", ""coordinates"": [-97.92977, 38.06084]}"
b4e1c24e-83f2-4223-982c-0bac31593c5c,3dda9f54-d771-11ef-825b-0275dc2ded29,a3e9145b-ba55-4793-a0fa-189e0f404ca7,1,707f3cba-b50f-40b3-8f44-8b27d3cd923a,"{""en"": {""value"": ""Hällefors"", ""direction"": ""ltr""}}",[],[],511f2f31-a1fb-429f-8d76-af2b617b744a,"{""en"": {""value"": ""Hällefors (URI: https://www.geonames.org/2708664)"", ""direction"": ""ltr""}}",[],[],[],6f087d28-4f9d-4292-ba05-d81a4a79c4d9,"{""en"": {""value"": ""https://www.geonames.org/2708664"", ""direction"": ""ltr""}}",ecd2d560-c37a-40c7-b388-3b0f8730789b,"{""type"": ""Point"", ""coordinates"": [14.61495, 59.75736]}"
48c19c28-4b3a-4b25-af2b-c265da1a3ac4,3dda9f54-d771-11ef-825b-0275dc2ded29,a3e9145b-ba55-4793-a0fa-189e0f404ca7,1,f6b24a7a-2e2d-412e-929a-6ab0dafd2c30,"{""en"": {""value"": ""Idaho"", ""direction"": ""ltr""}}",[],[],f1046e02-eb96-4ff5-88cd-914924f64949,"{""en"": {""value"": ""Idaho (URI: https://www.geonames.org/5596512)"", ""direction"": ""ltr""}}",[],[],[],cb434854-7471-4a11-b372-cebbb6f05c32,"{""en"": {""value"": ""https://www.geonames.org/5596512"", ""direction"": ""ltr""}}",fd6efdb4-bf12-4d59-8834-56a8513ddffa,"{""type"": ""Point"", ""coordinates"": [-114.25118, 44.5002]}"
2d9c0c2e-fc42-4a09-952e-a34bbab58208,3dda9f54-d771-11ef-825b-0275dc2ded29,a3e9145b-ba55-4793-a0fa-189e0f404ca7,1,6f16294e-bacd-48d4-ab91-8a3b0f6c5a08,"{""en"": {""value"": ""Illinois"", ""direction"": ""ltr""}}",[],[],c5a83940-5af7-40ad-b8e4-a91db6f40b29,"{""en"": {""value"": ""Illinois (URI: https://www.geonames.org/4896861)"", ""direction"": ""ltr""}}",[],[],[],dadbaea5-3ec4-4293-a3f2-7f2f14501c53,"{""en"": {""value"": ""https://www.geonames.org/4896861"", ""direction"": ""ltr""}}",1962a667-095f-4900-8af3-8b9ddf020194,"{""type"": ""Point"", ""coordinates"": [-89.25037, 40.00032]}"
a245f12d-8247-4e0e-8a07-156c2c8bfba2,3dda9f54-d771-11ef-825b-0275dc2ded29,a3e9145b-ba55-4793-a0fa-189e0f404ca7,1,9479d57f-be49-491c-8250-25d0a60cd2a3,"{""en"": {""value"": ""Indian Subcontinent"", ""direction"": ""ltr""}}",[],[],e6c85af7-610a-4fc0-8599-7634bfb79430,"{""en"": {""value"": ""Indian Subcontinent (URI: https://www.geonames.org/6269134)"", ""direction"": ""ltr""}}",[],[],[],fab7aa3c-5177-4ab3-bdad-d2d724387f06,"{""en"": {""value"": ""https://www.geonames.org/6269134"", ""direction"": ""ltr""}}",1d0a330f-17c9-4722-be85-bd99005d9c58,"{""type"": ""Point"", ""coordinates"": [76.97021, 22.20775]}"
df31d484-836e-475e-976b-1b2b1275725f,3dda9f54-d771-11ef-825b-0275dc2ded29,a3e9145b-ba55-4793-a0fa-189e0f404ca7,1,86f8a198-7333-4b9a-b5fe-edbdd551c69b,"{""en"": {""value"": ""Indian Wells Valley"", ""direction"": ""ltr""}}",[],[],4fcaee84-d0a6-4a12-bafa-44fbb2e95cfa,"{""en"": {""value"": ""Indian Wells Valley (URI: https://www.geonames.org/5359436)"", ""direction"": ""ltr""}}",[],[],[],10ea68a7-f56b-4d52-9011-d6388edf14aa,"{""en"": {""value"": ""https://www.geonames.org/5359436"", ""direction"": ""ltr""}}",078cae98-71f2-4b46-a33f-536d568cc591,"{""type"": ""Point"", ""coordinates"": [-117.68645, 35.70273]}"
fdc6dd96-e153-4aef-9ff9-8b69e2d328ab,3dda9f54-d771-11ef-825b-0275dc2ded29,a3e9145b-ba55-4793-a0fa-189e0f404ca7,1,e4a0b240-8c14-4380-8bb4-bf2bfa5c4eb0,"{""en"": {""value"": ""Ingeniero Guillermo N. Juárez"", ""direction"": ""ltr""}}",[],[],3754ae25-6821-4aa1-a67f-77cb8ce99a88,"{""en"": {""value"": ""Ingeniero Guillermo N. Juárez (URI: https://www.geonames.org/3853788)"", ""direction"": ""ltr""}}",[],[],[],d6ff8f8a-f950-4c10-bdf8-a1c54976e23b,"{""en"": {""value"": ""https://www.geonames.org/3853788"", ""direction"": ""ltr""}}",9f843d1a-5951-45b0-826e-38d1ef6ff46e,"{""type"": ""Point"", ""coordinates"": [-61.85502, -23.89861]}"
ff6fc7f0-fa13-4702-9bae-79b76a462c5c,3dda9f54-d771-11ef-825b-0275dc2ded29,a3e9145b-ba55-4793-a0fa-189e0f404ca7,1,5dafef9a-2bcf-4812-ba7d-82cceeabce9e,"{""en"": {""value"": ""Ingushetiya Republic"", ""direction"": ""ltr""}}",[],[],f829d197-50eb-4888-9fe4-0af1b06dd61c,"{""en"": {""value"": ""Ingushetiya Republic (URI: https://www.geonames.org/556349)"", ""direction"": ""ltr""}}",[],[],[],9167a749-a9e2-4a4b-ad88-87291433d81f,"{""en"": {""value"": ""https://www.geonames.org/556349"", ""direction"": ""ltr""}}",32714e44-6d48-405b-8d1f-785525ce9b2a,"{""type"": ""Point"", ""coordinates"": [45.0, 43.16667]}"
eb489b10-8291-468d-bdf6-a254fba0ac0a,3dda9f54-d771-11ef-825b-0275dc2ded29,a3e9145b-ba55-4793-a0fa-189e0f404ca7,1,61e8d83e-4546-49e4-b23c-d6985853c359,"{""en"": {""value"": ""Iwata"", ""direction"": ""ltr""}}",[],[],6d911370-9e4e-4492-bfef-07ad859418b7,"{""en"": {""value"": ""Iwata (URI: https://www.geonames.org/1861167)"", ""direction"": ""ltr""}}",[],[],[],d56ae7f3-88ba-4411-b573-76c1a5d57ce1,"{""en"": {""value"": ""https://www.geonames.org/1861167"", ""direction"": ""ltr""}}",e30d0996-c036-47d1-9e07-dcd3139a59e4,"{""type"": ""Point"", ""coordinates"": [137.85043, 34.74451]}"
3d6e0d41-0ed8-4332-a654-3b9cb48aa6c4,3dda9f54-d771-11ef-825b-0275dc2ded29,a3e9145b-ba55-4793-a0fa-189e0f404ca7,1,25e0ef3b-09b4-4756-b3e0-9afb8d1a67ab,"{""en"": {""value"": ""Iō-jima"", ""direction"": ""ltr""}}",[],[],78b8a1d5-a492-4f78-9dc1-bc98439536e0,"{""en"": {""value"": ""Iō-jima (URI: https://www.geonames.org/1861524)"", ""direction"": ""ltr""}}",[],[],[],151641be-9eb1-47a3-870b-0e31430eaf0b,"{""en"": {""value"": ""https://www.geonames.org/1861524"", ""direction"": ""ltr""}}",5b4ab25d-111e-4846-a5b6-71329688978b,"{""type"": ""Point"", ""coordinates"": [130.29442, 30.79125]}"
86768209-edb1-4570-88f4-e2877928e52a,3dda9f54-d771-11ef-825b-0275dc2ded29,a3e9145b-ba55-4793-a0fa-189e0f404ca7,1,1e8c8eaa-c68a-422f-bb83-beac1af6b194,"{""en"": {""value"": ""Jabal Elba"", ""direction"": ""ltr""}}",[],[],3a9e9b21-0997-4dd6-bc0c-918e2529eda2,"{""en"": {""value"": ""Jabal Elba (URI: https://www.geonames.org/375916)"", ""direction"": ""ltr""}}",[],[],[],c4fe1338-2cce-4b48-ac0e-b505f1ef3d96,"{""en"": {""value"": ""https://www.geonames.org/375916"", ""direction"": ""ltr""}}",3ada8060-271d-4cf6-88b8-becf4f9439e8,"{""type"": ""Point"", ""coordinates"": [36.34347, 22.18582]}"
07dceba2-14f7-4bd8-8989-3b2aa9aa01ae,3dda9f54-d771-11ef-825b-0275dc2ded29,a3e9145b-ba55-4793-a0fa-189e0f404ca7,1,7e9667e3-de0b-49b3-9585-9d7f650aab74,"{""en"": {""value"": ""Jackson"", ""direction"": ""ltr""}}",[],[],3f965464-c440-4fa8-a184-acec680214e7,"{""en"": {""value"": ""Jackson (URI: https://www.geonames.org/4473029)"", ""direction"": ""ltr""}}",[],[],[],3e14edc0-6fc7-4e53-a06a-2e0f38b2c176,"{""en"": {""value"": ""https://www.geonames.org/4473029"", ""direction"": ""ltr""}}",a8df21d2-141a-4a29-9d89-5932eece6aac,"{""type"": ""Point"", ""coordinates"": [-83.14083, 35.28739]}"
4964205e-7f30-4f47-ada5-0f712c4ca03f,3dda9f54-d771-11ef-825b-0275dc2ded29,a3e9145b-ba55-4793-a0fa-189e0f404ca7,1,45efcb13-d636-4eb4-9b3f-88ba0bbcae52,"{""en"": {""value"": ""Jackson"", ""direction"": ""ltr""}}",[],[],f1edd614-fcfb-4277-8110-4700d5d7ad89,"{""en"": {""value"": ""Jackson (URI: https://www.geonames.org/4997389)"", ""direction"": ""ltr""}}",[],[],[],28b4b529-bdbe-4a25-80d4-6479e99dccbb,"{""en"": {""value"": ""https://www.geonames.org/4997389"", ""direction"": ""ltr""}}",63314b22-6cbe-49ba-b2cc-e7a382b12297,"{""type"": ""Point"", ""coordinates"": [-84.42344, 42.24849]}"
dab179ac-5f5f-49c7-a63f-46877389571b,3dda9f54-d771-11ef-825b-0275dc2ded29,a3e9145b-ba55-4793-a0fa-189e0f404ca7,1,4b67a764-a69f-42a4-a32f-4ab6022e95f1,"{""en"": {""value"": ""Jacksonville"", ""direction"": ""ltr""}}",[],[],2b3a1a6c-cebf-4451-bddd-7a4fde92c8e1,"{""en"": {""value"": ""Jacksonville (URI: https://www.geonames.org/5733409)"", ""direction"": ""ltr""}}",[],[],[],a490a510-a44b-46eb-98e0-135ff9112434,"{""en"": {""value"": ""https://www.geonames.org/5733409"", ""direction"": ""ltr""}}",f7e1a8ed-3b31-4d46-a61d-84bb4e4dc15a,"{""type"": ""Point"", ""coordinates"": [-122.96699, 42.31346]}"
bc8bbda1-57d9-421a-92d5-36b7e4b01607,3dda9f54-d771-11ef-825b-0275dc2ded29,a3e9145b-ba55-4793-a0fa-189e0f404ca7,1,139dcf4a-0511-4d01-8f74-49f9096a0553,"{""en"": {""value"": ""Jacksonville"", ""direction"": ""ltr""}}",[],[],05a1dd8a-920b-4215-a98e-e6e8faf6e1af,"{""en"": {""value"": ""Jacksonville (URI: https://www.wikidata.org/wiki/Q91783675)"", ""direction"": ""ltr""}}",[],[],[],05b0e0ce-6b54-4855-8e02-9bab013816e4,"{""en"": {""value"": ""https://www.wikidata.org/wiki/Q91783675"", ""direction"": ""ltr""}}",58b683bb-9c9c-4831-bc93-a7f3ec351bd9,"{""type"": ""Point"", ""coordinates"": [-120.38218, 37.844]}"
7fa9de85-6274-48b0-aee5-d73996adfa67,3dda9f54-d771-11ef-825b-0275dc2ded29,a3e9145b-ba55-4793-a0fa-189e0f404ca7,1,4248810d-e26a-4df3-b17d-ee067b44b3e7,"{""en"": {""value"": ""Java"", ""direction"": ""ltr""}}",[],[],4d52765b-c125-408b-b635-ebf678f93c90,"{""en"": {""value"": ""Java (URI: https://www.geonames.org/1642673)"", ""direction"": ""ltr""}}",[],[],[],80e96367-c7f6-4892-a791-9d006a768929,"{""en"": {""value"": ""https://www.geonames.org/1642673"", ""direction"": ""ltr""}}",48e62be4-f39a-4dd6-8281-ea4faeeb48c4,"{""type"": ""Point"", ""coordinates"": [110.00444, -7.49167]}"
e9807b29-a16c-4dcd-bd0f-5bcf9f2d6d52,3dda9f54-d771-11ef-825b-0275dc2ded29,a3e9145b-ba55-4793-a0fa-189e0f404ca7,1,424a5bbe-1b19-45d0-b697-7ed56ce947fd,"{""en"": {""value"": ""Jebel ech Chambi"", ""direction"": ""ltr""}}",[],[],237d144d-9e77-4745-a9a0-f4a88a7d991d,"{""en"": {""value"": ""Jebel ech Chambi (URI: https://www.geonames.org/2467046)"", ""direction"": ""ltr""}}",[],[],[],03d90a5d-9400-4caa-9de2-665aa09db0b2,"{""en"": {""value"": ""https://www.geonames.org/2467046"", ""direction"": ""ltr""}}",517c0d1c-2c23-4ebc-8f2c-955328827bb8,"{""type"": ""Point"", ""coordinates"": [8.68265, 35.20678]}"
76f05d69-a13b-4f0a-9e56-3a73f3260235,3dda9f54-d771-11ef-825b-0275dc2ded29,a3e9145b-ba55-4793-a0fa-189e0f404ca7,1,82c802e6-978e-49a5-9e70-946356b4d450,"{""en"": {""value"": ""Jefferson"", ""direction"": ""ltr""}}",[],[],7360eb15-f87e-4a76-9331-aaa1cbf53ecd,"{""en"": {""value"": ""Jefferson (URI: https://www.geonames.org/5426503)"", ""direction"": ""ltr""}}",[],[],[],a8e91510-e33e-4698-8581-4d41150b6fbb,"{""en"": {""value"": ""https://www.geonames.org/5426503"", ""direction"": ""ltr""}}",8b3cf1bf-2037-45e1-b7bc-839499b36a2f,"{""type"": ""Point"", ""coordinates"": [-105.25047, 39.58642]}"
5b1b625b-8e7a-4223-9af0-9f63698ac0be,3dda9f54-d771-11ef-825b-0275dc2ded29,a3e9145b-ba55-4793-a0fa-189e0f404ca7,1,ec45dcca-8239-4d74-9971-31ebd68d9ffe,"{""en"": {""value"": ""Jefferson"", ""direction"": ""ltr""}}",[],[],5c331f2d-9246-43b4-855b-b38ac77849b0,"{""en"": {""value"": ""Jefferson (URI: https://www.geonames.org/5659534)"", ""direction"": ""ltr""}}",[],[],[],e847a081-a8ae-40b4-81fe-badb1cf44862,"{""en"": {""value"": ""https://www.geonames.org/5659534"", ""direction"": ""ltr""}}",d86bfc8b-a650-4846-bb4d-89af9bfb28ee,"{""type"": ""Point"", ""coordinates"": [-112.09374, 46.14849]}"
e1c59520-f340-4540-b6fa-a2e33e680a25,3dda9f54-d771-11ef-825b-0275dc2ded29,a3e9145b-ba55-4793-a0fa-189e0f404ca7,1,0f2c9066-c461-4e61-b091-d35542c61b73,"{""en"": {""value"": ""Houghton Township"", ""direction"": ""ltr""}}",[],[],75c2a0ca-ed9f-48d8-a4a6-097d30549e59,"{""en"": {""value"": ""Houghton Township (URI: https://www.wikidata.org/wiki/Q7997059)"", ""direction"": ""ltr""}}",[],[],[],b019cdc9-69a0-4357-81eb-e084266df15c,"{""en"": {""value"": ""https://www.wikidata.org/wiki/Q7997059"", ""direction"": ""ltr""}}",74c1ac14-5761-45b5-bbcd-ae7f894f9dc6,"{""type"": ""Point"", ""coordinates"": [-88.295555555556, 47.416388888889]}"
c2f4332f-ba91-446b-bbbd-7e8b2d12226b,3dda9f54-d771-11ef-825b-0275dc2ded29,a3e9145b-ba55-4793-a0fa-189e0f404ca7,1,a3891e8f-09f3-481c-afa9-da6c3da18bc5,"{""en"": {""value"": ""Hot Springs Township"", ""direction"": ""ltr""}}",[],[],ebb2eb96-4b52-4fef-8fd9-692ad182f33c,"{""en"": {""value"": ""Hot Springs Township (URI: https://www.geonames.org/4115430)"", ""direction"": ""ltr""}}",[],[],[],978a88c9-70b2-4635-9be7-8fb9c25de050,"{""en"": {""value"": ""https://www.geonames.org/4115430"", ""direction"": ""ltr""}}",974d9ba8-794e-49c1-bfa4-6f95eb2419e2,"{""type"": ""Point"", ""coordinates"": [-93.04728, 34.49371]}"
94cf7b83-a221-439e-a4b8-855ae83dabaa,3dda9f54-d771-11ef-825b-0275dc2ded29,a3e9145b-ba55-4793-a0fa-189e0f404ca7,1,665f759c-8fee-4b60-908c-a4312f86b714,"{""en"": {""value"": ""Jerusalem"", ""direction"": ""ltr""}}",[],[],dbfb3cfa-c61b-4d55-96af-462203b6d055,"{""en"": {""value"": ""Jerusalem (URI: https://www.geonames.org/281184)"", ""direction"": ""ltr""}}",[],[],[],a4c1b6cd-c541-47b8-8d58-00b295ca0915,"{""en"": {""value"": ""https://www.geonames.org/281184"", ""direction"": ""ltr""}}",20aa00ab-7b84-40a7-8f1c-05414d5c6ff0,"{""type"": ""Point"", ""coordinates"": [35.21633, 31.76904]}"
4bc38d83-f38b-4c27-81a5-91fca5833485,3dda9f54-d771-11ef-825b-0275dc2ded29,a3e9145b-ba55-4793-a0fa-189e0f404ca7,1,660abb0d-7c72-461f-b0f9-b632017b3f8d,"{""en"": {""value"": ""Hartwell"", ""direction"": ""ltr""}}",[],[],74bf55ef-188a-488d-98ab-d044b095aeb7,"{""en"": {""value"": ""Hartwell (URI: https://www.geonames.org/4199572)"", ""direction"": ""ltr""}}",[],[],[],89cea221-cf06-4f76-98ee-c44fcafb24a2,"{""en"": {""value"": ""https://www.geonames.org/4199572"", ""direction"": ""ltr""}}",98a57f9d-fae7-455b-95dd-19a46b5ee653,"{""type"": ""Point"", ""coordinates"": [-82.93209, 34.35288]}"
4aaa168a-3bac-49ab-a4ab-181b343a7c35,3dda9f54-d771-11ef-825b-0275dc2ded29,a3e9145b-ba55-4793-a0fa-189e0f404ca7,1,32a3b02c-8a0a-4204-919a-f9c3da78454f,"{""en"": {""value"": ""Grand Marais"", ""direction"": ""ltr""}}",[],[],d78c6c41-7720-4b5f-acf0-9875bb541172,"{""en"": {""value"": ""Grand Marais (URI: https://www.geonames.org/5028500)"", ""direction"": ""ltr""}}",[],[],[],dd31801e-e2a3-44bd-9578-1c87b3b2e653,"{""en"": {""value"": ""https://www.geonames.org/5028500"", ""direction"": ""ltr""}}",0e0d1a60-bdfa-4277-bf5f-d76a2e6d2a15,"{""type"": ""Point"", ""coordinates"": [-90.33427, 47.75045]}"
de454ea3-3e33-4995-8a91-7f0fbe1692f6,3dda9f54-d771-11ef-825b-0275dc2ded29,a3e9145b-ba55-4793-a0fa-189e0f404ca7,1,e282d8ef-4153-401c-9d3a-b76d9d9711e4,"{""en"": {""value"": ""Grant"", ""direction"": ""ltr""}}",[],[],c26ff98f-24b8-4621-9a95-7fe539642f09,"{""en"": {""value"": ""Grant (URI: https://www.geonames.org/5469835)"", ""direction"": ""ltr""}}",[],[],[],12c7c891-e3b1-4b2c-954b-c89d96f10dc0,"{""en"": {""value"": ""https://www.geonames.org/5469835"", ""direction"": ""ltr""}}",b9ea9dbb-720c-4bf6-bf52-21cf173bfd64,"{""type"": ""Point"", ""coordinates"": [-108.38225, 32.73901]}"
927d513d-80f1-4741-82db-59b9b2181d52,3dda9f54-d771-11ef-825b-0275dc2ded29,a3e9145b-ba55-4793-a0fa-189e0f404ca7,1,f65344a3-cc81-4b66-a604-c0cbd39450f8,"{""en"": {""value"": ""Grants"", ""direction"": ""ltr""}}",[],[],373cf39f-cbf5-4195-8ae9-e96a7230207c,"{""en"": {""value"": ""Grants (URI: https://www.geonames.org/5469841)"", ""direction"": ""ltr""}}",[],[],[],ba03b4a2-dbf7-4850-8c9c-f7b8a43fd894,"{""en"": {""value"": ""https://www.geonames.org/5469841"", ""direction"": ""ltr""}}",ab8c3c21-30df-438f-bb79-35ba46dbf1dd,"{""type"": ""Point"", ""coordinates"": [-107.85261, 35.1476]}"
f4f4bc49-aa6a-441d-965b-ae9e160af45a,3dda9f54-d771-11ef-825b-0275dc2ded29,a3e9145b-ba55-4793-a0fa-189e0f404ca7,1,1902bf7a-efdc-4d19-9ab9-5dd835ecc4fa,"{""en"": {""value"": ""Green County"", ""direction"": ""ltr""}}",[],[],6154fef3-ccfa-439f-8470-388b869b9e8f,"{""en"": {""value"": ""Green County (URI: https://www.geonames.org/5254978)"", ""direction"": ""ltr""}}",[],[],[],ab4d3b85-174d-4483-a7a6-ad7187b1e9d5,"{""en"": {""value"": ""https://www.geonames.org/5254978"", ""direction"": ""ltr""}}",6dabe921-6afa-4186-ba55-f1efdb64903f,"{""type"": ""Point"", ""coordinates"": [-89.60221, 42.67999]}"
5a5df52b-5585-4346-a164-14ff30c34039,3dda9f54-d771-11ef-825b-0275dc2ded29,a3e9145b-ba55-4793-a0fa-189e0f404ca7,1,8acd01ba-ff78-4b99-aeda-f6d1c7b149c2,"{""en"": {""value"": ""Gretna"", ""direction"": ""ltr""}}",[],[],b6dea337-45a9-4a80-b9d4-f564145a9ed2,"{""en"": {""value"": ""Gretna (URI: https://www.geonames.org/4272453)"", ""direction"": ""ltr""}}",[],[],[],242c2c0c-75a0-4b5c-b1e7-22e01fef7f06,"{""en"": {""value"": ""https://www.geonames.org/4272453"", ""direction"": ""ltr""}}",60a8959d-5e40-4a7d-942f-afd78cf65c00,"{""type"": ""Point"", ""coordinates"": [-99.21287, 39.76529]}"
666bee3d-e01e-40a0-b006-d58ecfc5d23c,3dda9f54-d771-11ef-825b-0275dc2ded29,a3e9145b-ba55-4793-a0fa-189e0f404ca7,1,cd05ced5-805c-4cac-97e5-0ef07ab16e5f,"{""en"": {""value"": ""Guenoc"", ""direction"": ""ltr""}}",[],[],9b267f81-7128-4877-89a9-7d4cfdf34f90,"{""en"": {""value"": ""Guenoc (URI: https://www.geonames.org/5354650)"", ""direction"": ""ltr""}}",[],[],[],07163584-4fec-4a86-9a6e-4e064dc8b7ca,"{""en"": {""value"": ""https://www.geonames.org/5354650"", ""direction"": ""ltr""}}",40a12a0b-64f7-4596-87c3-147867d07492,"{""type"": ""Point"", ""coordinates"": [-122.57443, 38.77713]}"
7025f6ef-d162-456d-a89c-47ace45bb14c,3dda9f54-d771-11ef-825b-0275dc2ded29,a3e9145b-ba55-4793-a0fa-189e0f404ca7,1,51b2e2ad-32da-441c-a0ed-4bfb7a7a0dae,"{""en"": {""value"": ""Hagerstown"", ""direction"": ""ltr""}}",[],[],7810d0f7-5697-453f-8eba-1a9381861930,"{""en"": {""value"": ""Hagerstown (URI: https://www.geonames.org/4357141)"", ""direction"": ""ltr""}}",[],[],[],f010a228-5fb5-4004-b530-eb3710f5c7dc,"{""en"": {""value"": ""https://www.geonames.org/4357141"", ""direction"": ""ltr""}}",b065ad32-9c9e-4571-aeff-b9395e8b4d9f,"{""type"": ""Point"", ""coordinates"": [-77.71999, 39.64176]}"
36a550cf-40d9-451f-8731-84959f3a3330,3dda9f54-d771-11ef-825b-0275dc2ded29,a3e9145b-ba55-4793-a0fa-189e0f404ca7,1,e9ce56bc-521f-49c4-b40a-ef0aff0d8b36,"{""en"": {""value"": ""Hanover"", ""direction"": ""ltr""}}",[],[],f3f86f61-711e-43a6-94a4-16192341679a,"{""en"": {""value"": ""Hanover (URI: https://www.geonames.org/2910831)"", ""direction"": ""ltr""}}",[],[],[],180a8231-de32-42d2-80ae-aa540f3275a1,"{""en"": {""value"": ""https://www.geonames.org/2910831"", ""direction"": ""ltr""}}",0d70045c-00fb-4365-8cce-fa2c706a16c6,"{""type"": ""Point"", ""coordinates"": [9.73322, 52.37052]}"
d7df415d-a3b6-4401-a5f6-1ccc7f7f2695,3dda9f54-d771-11ef-825b-0275dc2ded29,a3e9145b-ba55-4793-a0fa-189e0f404ca7,1,514d06da-bb9c-4ba0-9f2d-c4f8c213fbe4,"{""en"": {""value"": ""Hardin County"", ""direction"": ""ltr""}}",[],[],920ead2c-ad8b-43ce-8f3f-3412ea7ce88e,"{""en"": {""value"": ""Hardin County (URI: https://www.geonames.org/4240212)"", ""direction"": ""ltr""}}",[],[],[],9a3db228-d85a-4649-90d8-0f4c0c81d8f1,"{""en"": {""value"": ""https://www.geonames.org/4240212"", ""direction"": ""ltr""}}",b59d3670-e69e-4623-a886-8460db7b0e81,"{""type"": ""Point"", ""coordinates"": [-88.26685, 37.5182]}"
b9afd00a-e424-416a-8dbe-54529aed756c,3dda9f54-d771-11ef-825b-0275dc2ded29,a3e9145b-ba55-4793-a0fa-189e0f404ca7,1,afe89252-3ec4-4364-b5b1-d6f2a7642a0d,"{""en"": {""value"": ""Harrisburg"", ""direction"": ""ltr""}}",[],[],4a47ddeb-d787-49df-8e49-ca5cd2568a9b,"{""en"": {""value"": ""Harrisburg (URI: https://www.geonames.org/5192726)"", ""direction"": ""ltr""}}",[],[],[],b5cebed8-44c1-4ba7-8eb5-3b29a13c7706,"{""en"": {""value"": ""https://www.geonames.org/5192726"", ""direction"": ""ltr""}}",58306762-0405-42c0-b177-c9797c1aa164,"{""type"": ""Point"", ""coordinates"": [-76.88442, 40.2737]}"
4c7f96f3-c99f-4004-a0b9-175bd1b4da79,3dda9f54-d771-11ef-825b-0275dc2ded29,a3e9145b-ba55-4793-a0fa-189e0f404ca7,1,8feb697c-68fa-4a2d-a913-75b81c23a5e0,"{""en"": {""value"": ""Harrisville"", ""direction"": ""ltr""}}",[],[],e470989c-a3c4-404b-ad77-e1eddbaec602,"{""en"": {""value"": ""Harrisville (URI: https://www.geonames.org/5120114)"", ""direction"": ""ltr""}}",[],[],[],929963ea-e76d-4c76-a8d8-0256b0ad48bc,"{""en"": {""value"": ""https://www.geonames.org/5120114"", ""direction"": ""ltr""}}",8887a060-11fa-44f8-a040-5bb31afbbd59,"{""type"": ""Point"", ""coordinates"": [-75.32103, 44.15201]}"
855fb890-2975-4acc-b89c-f7275817eacb,3dda9f54-d771-11ef-825b-0275dc2ded29,a3e9145b-ba55-4793-a0fa-189e0f404ca7,1,e4c5d339-87e0-4df6-851b-5c9988cba5e0,"{""en"": {""value"": ""Hastings County"", ""direction"": ""ltr""}}",[],[],411e821c-68e7-43ac-a758-c94da73a4428,"{""en"": {""value"": ""Hastings County (URI: https://www.geonames.org/5971841)"", ""direction"": ""ltr""}}",[],[],[],c40f5ab9-6836-4ae1-b924-fc11b896ffdf,"{""en"": {""value"": ""https://www.geonames.org/5971841"", ""direction"": ""ltr""}}",4015a10d-a8a2-4166-8b2e-29e3556f1ce4,"{""type"": ""Point"", ""coordinates"": [-77.66619, 44.75013]}"
104ecaff-4652-4df3-8909-b9d0c84b42a9,3dda9f54-d771-11ef-825b-0275dc2ded29,a3e9145b-ba55-4793-a0fa-189e0f404ca7,1,06b3a622-0db1-4857-b13f-f10c00420218,"{""en"": {""value"": ""Hot Springs"", ""direction"": ""ltr""}}",[],[],ae3fa80a-c2bb-48e6-8e24-658ce21fdfd9,"{""en"": {""value"": ""Hot Springs (URI: https://www.geonames.org/4115412)"", ""direction"": ""ltr""}}",[],[],[],da6d4068-2547-4150-ae53-710b4272d476,"{""en"": {""value"": ""https://www.geonames.org/4115412"", ""direction"": ""ltr""}}",d8b534b2-a86b-4de0-b82e-93d1670d9a19,"{""type"": ""Point"", ""coordinates"": [-93.05518, 34.5037]}"
c7095fbb-ffc1-4ba2-a09c-585d6329f0ce,3dda9f54-d771-11ef-825b-0275dc2ded29,a3e9145b-ba55-4793-a0fa-189e0f404ca7,1,c67bdb54-2508-4d37-b6e1-77a784ff01b3,"{""en"": {""value"": ""Haute-Vienne"", ""direction"": ""ltr""}}",[],[],e8f51751-f53e-42b0-87bb-9eefc853a9ee,"{""en"": {""value"": ""Haute-Vienne (URI: https://www.geonames.org/3013719)"", ""direction"": ""ltr""}}",[],[],[],33950a1e-3d14-4601-acf0-639691209205,"{""en"": {""value"": ""https://www.geonames.org/3013719"", ""direction"": ""ltr""}}",491bffff-7817-468c-b181-0949e3fc0488,"{""type"": ""Point"", ""coordinates"": [1.21781, 45.88341]}"
691c1b3b-5934-4295-b173-e727c3d56290,3dda9f54-d771-11ef-825b-0275dc2ded29,a3e9145b-ba55-4793-a0fa-189e0f404ca7,1,049b7f62-05a5-4adf-948d-84bf5eed3cf0,"{""en"": {""value"": ""Hautes-Alpes"", ""direction"": ""ltr""}}",[],[],f613fdaf-d24b-4453-9ef9-f340e8c190ce,"{""en"": {""value"": ""Hautes-Alpes (URI: https://www.geonames.org/3013738)"", ""direction"": ""ltr""}}",[],[],[],a9daa29d-c74f-45ce-bc12-9f4b46bac764,"{""en"": {""value"": ""https://www.geonames.org/3013738"", ""direction"": ""ltr""}}",35e89282-12f9-4e68-b85a-158fadf2911d,"{""type"": ""Point"", ""coordinates"": [6.28969, 44.68055]}"
f9ebf42c-e51c-4424-9f63-5c7d51d2a660,3dda9f54-d771-11ef-825b-0275dc2ded29,a3e9145b-ba55-4793-a0fa-189e0f404ca7,1,69bc2430-f973-475d-b6b1-bd61f4f65de9,"{""en"": {""value"": ""Hazlet"", ""direction"": ""ltr""}}",[],[],bc5cf750-425f-40c2-857e-006de5c92c23,"{""en"": {""value"": ""Hazlet (URI: https://www.geonames.org/5098932)"", ""direction"": ""ltr""}}",[],[],[],eb4dea0c-52d3-47aa-8e34-ccfb799902c3,"{""en"": {""value"": ""https://www.geonames.org/5098932"", ""direction"": ""ltr""}}",1556cfae-0c5a-4897-b35b-fdfce1031cb2,"{""type"": ""Point"", ""coordinates"": [-74.19098, 40.41566]}"
7caf7b53-80fd-4435-bd07-f5395617909b,3dda9f54-d771-11ef-825b-0275dc2ded29,a3e9145b-ba55-4793-a0fa-189e0f404ca7,1,94c3a0dc-6694-4dab-b258-76df914a2dab,"{""en"": {""value"": ""Hempstead"", ""direction"": ""ltr""}}",[],[],68664327-70fc-4603-94c6-661f1204da8f,"{""en"": {""value"": ""Hempstead (URI: https://www.geonames.org/4114303)"", ""direction"": ""ltr""}}",[],[],[],39392c57-d77e-4e97-8da1-f900b41905c1,"{""en"": {""value"": ""https://www.geonames.org/4114303"", ""direction"": ""ltr""}}",32c605e5-1976-4d82-a10d-1c60de85e075,"{""type"": ""Point"", ""coordinates"": [-93.66844, 33.7353]}"
929a8416-0d27-48b5-bc1a-d4f662949be6,3dda9f54-d771-11ef-825b-0275dc2ded29,a3e9145b-ba55-4793-a0fa-189e0f404ca7,1,652bea7d-ff38-43a3-b88f-88db462eb9d4,"{""en"": {""value"": ""Hesse"", ""direction"": ""ltr""}}",[],[],ba7a7312-3fc1-4769-8a3f-8cf6be58a1f1,"{""en"": {""value"": ""Hesse (URI: https://www.geonames.org/2905330)"", ""direction"": ""ltr""}}",[],[],[],ba70d3f0-abc0-4d17-b47b-66b64fa7d14f,"{""en"": {""value"": ""https://www.geonames.org/2905330"", ""direction"": ""ltr""}}",f9253753-58dd-4ad1-a339-26465ecae67c,"{""type"": ""Point"", ""coordinates"": [9.0, 50.55]}"
22ab7276-8693-4aa2-b270-53ca13f49dd1,3dda9f54-d771-11ef-825b-0275dc2ded29,a3e9145b-ba55-4793-a0fa-189e0f404ca7,1,6b8b28e9-42ae-454e-95f9-6bec5959fd9c,"{""en"": {""value"": ""Hillsville"", ""direction"": ""ltr""}}",[],[],57a59565-26cb-48f8-b5e6-40c1ab522718,"{""en"": {""value"": ""Hillsville (URI: https://www.geonames.org/4764251)"", ""direction"": ""ltr""}}",[],[],[],6b7ce7fa-d1b2-4783-9f51-ec15357b83ec,"{""en"": {""value"": ""https://www.geonames.org/4764251"", ""direction"": ""ltr""}}",efa39a0d-8870-4af9-a192-24186f7d1998,"{""type"": ""Point"", ""coordinates"": [-80.73479, 36.76263]}"
08812f78-26fd-4112-93f3-192627a74f41,3dda9f54-d771-11ef-825b-0275dc2ded29,a3e9145b-ba55-4793-a0fa-189e0f404ca7,1,e1337c38-a23f-4041-b6ce-6cddc12fe143,"{""en"": {""value"": ""Hinsdale"", ""direction"": ""ltr""}}",[],[],24a5b705-ece8-446e-8be2-db45a412895a,"{""en"": {""value"": ""Hinsdale (URI: https://www.geonames.org/5425136)"", ""direction"": ""ltr""}}",[],[],[],68887575-17f8-433a-8f18-2a1ee51a2190,"{""en"": {""value"": ""https://www.geonames.org/5425136"", ""direction"": ""ltr""}}",35886c3d-cb74-416e-b210-e6c8457bef89,"{""type"": ""Point"", ""coordinates"": [-107.30031, 37.82134]}"
2d2cb8ae-ab22-434b-bc28-51993376ab9a,3dda9f54-d771-11ef-825b-0275dc2ded29,a3e9145b-ba55-4793-a0fa-189e0f404ca7,1,833443bd-8787-4d9f-bd1d-b353205dfe22,"{""en"": {""value"": ""Hobart Butte"", ""direction"": ""ltr""}}",[],[],79fc26aa-f97c-440e-bb36-8805fac2da81,"{""en"": {""value"": ""Hobart Butte (URI: https://www.geonames.org/5731442)"", ""direction"": ""ltr""}}",[],[],[],cf5bcb91-2614-4e05-8e7b-96e110399711,"{""en"": {""value"": ""https://www.geonames.org/5731442"", ""direction"": ""ltr""}}",36d442b9-8570-4984-8b67-e5d273613ac4,"{""type"": ""Point"", ""coordinates"": [-123.10773, 43.60875]}"
0286c3ce-327d-4c63-9f99-e2460800ddb7,3dda9f54-d771-11ef-825b-0275dc2ded29,a3e9145b-ba55-4793-a0fa-189e0f404ca7,1,2b903d03-d0b5-4fe6-ad98-943f8ddc1e7d,"{""en"": {""value"": ""Hog Creek"", ""direction"": ""ltr""}}",[],[],0223dba9-eed1-471f-98a3-5e54a155ea2c,"{""en"": {""value"": ""Hog Creek (URI: https://www.geonames.org/4200812)"", ""direction"": ""ltr""}}",[],[],[],73f66177-7e1e-4187-8bf1-30a305b2d1d3,"{""en"": {""value"": ""https://www.geonames.org/4200812"", ""direction"": ""ltr""}}",3a7c4046-9c66-4640-8dec-a24c93df8615,"{""type"": ""Point"", ""coordinates"": [-83.76378, 34.96065]}"
e16d9f6e-af39-403f-8e2e-817788f5d258,3dda9f54-d771-11ef-825b-0275dc2ded29,a3e9145b-ba55-4793-a0fa-189e0f404ca7,1,837713cb-d68c-49a2-b9f9-ce81cec3a9e8,"{""en"": {""value"": ""Hokkaido"", ""direction"": ""ltr""}}",[],[],fa54d4b4-e357-44a2-98ea-de6a2b3523cd,"{""en"": {""value"": ""Hokkaido (URI: https://www.geonames.org/2130037)"", ""direction"": ""ltr""}}",[],[],[],d6711202-c57d-4066-a5bc-566796fa6086,"{""en"": {""value"": ""https://www.geonames.org/2130037"", ""direction"": ""ltr""}}",c0450174-a6ff-43d9-93c1-4240d145d205,"{""type"": ""Point"", ""coordinates"": [141.3466, 43.06451]}"
881df1a5-e042-4a2f-aa30-8821ff3d15b3,3dda9f54-d771-11ef-825b-0275dc2ded29,a3e9145b-ba55-4793-a0fa-189e0f404ca7,1,51aa68af-99ca-4efa-93c9-f101d0f797d8,"{""en"": {""value"": ""Holcomb Valley"", ""direction"": ""ltr""}}",[],[],f69ad13c-4019-4db3-9b39-729937a24d67,"{""en"": {""value"": ""Holcomb Valley (URI: https://www.geonames.org/5357410)"", ""direction"": ""ltr""}}",[],[],[],dae7b53c-218c-46b0-8378-b59f6f6fa4a9,"{""en"": {""value"": ""https://www.geonames.org/5357410"", ""direction"": ""ltr""}}",06548dad-b743-4163-b31b-0156a466f8ba,"{""type"": ""Point"", ""coordinates"": [-116.92753, 34.30723]}"
2211d74b-9a93-420a-b3fd-62880ec87fa2,3dda9f54-d771-11ef-825b-0275dc2ded29,a3e9145b-ba55-4793-a0fa-189e0f404ca7,1,ee89900c-011b-4c79-9a81-86329d066ed1,"{""en"": {""value"": ""Jilin"", ""direction"": ""ltr""}}",[],[],15bb1c9e-23d2-4bcb-8a09-d51c90d5902a,"{""en"": {""value"": ""Jilin (URI: https://www.geonames.org/2036500)"", ""direction"": ""ltr""}}",[],[],[],d0dd0abc-05fd-4396-997b-55e6170fc956,"{""en"": {""value"": ""https://www.geonames.org/2036500"", ""direction"": ""ltr""}}",9b688eb2-bea3-43b2-86e3-d7d572f7f5ca,"{""type"": ""Point"", ""coordinates"": [126.16667, 43.58333]}"
2ccda63a-f776-4d7e-85e9-84249ff9bd09,3dda9f54-d771-11ef-825b-0275dc2ded29,a3e9145b-ba55-4793-a0fa-189e0f404ca7,1,747793e4-8fbc-4f79-815c-585dd70773fe,"{""en"": {""value"": ""Lincoln"", ""direction"": ""ltr""}}",[],[],352955fa-c8c3-4c70-8514-708314c83a5c,"{""en"": {""value"": ""Lincoln (URI: https://www.geonames.org/5736643)"", ""direction"": ""ltr""}}",[],[],[],2d6f8bfc-b7da-43bf-90ae-d30efae9aa3d,"{""en"": {""value"": ""https://www.geonames.org/5736643"", ""direction"": ""ltr""}}",7521bc45-9856-42eb-b15a-440be3692651,"{""type"": ""Point"", ""coordinates"": [-123.9077, 44.64568]}"
8a38f1eb-0291-4247-9eb4-088857e8cbf3,3dda9f54-d771-11ef-825b-0275dc2ded29,a3e9145b-ba55-4793-a0fa-189e0f404ca7,1,89d732ec-b47b-4a7b-9690-c55d459f1712,"{""en"": {""value"": ""Laytonville"", ""direction"": ""ltr""}}",[],[],ee71d57b-3d54-440c-a4da-7a3d2afd34ed,"{""en"": {""value"": ""Laytonville (URI: https://www.geonames.org/5365660)"", ""direction"": ""ltr""}}",[],[],[],9c483e1a-9256-457c-ba5c-e242c0378add,"{""en"": {""value"": ""https://www.geonames.org/5365660"", ""direction"": ""ltr""}}",d7566905-5638-4e30-a570-8063071081d1,"{""type"": ""Point"", ""coordinates"": [-123.48279, 39.68821]}"
28f30685-8d7e-47bb-8d70-23ee6ccbd22f,3dda9f54-d771-11ef-825b-0275dc2ded29,a3e9145b-ba55-4793-a0fa-189e0f404ca7,1,02790930-f039-4d47-adbf-a5f93f01a1dc,"{""en"": {""value"": ""Lakeview"", ""direction"": ""ltr""}}",[],[],cb52a567-d7b7-400a-9279-165c4233e4dd,"{""en"": {""value"": ""Lakeview (URI: https://www.geonames.org/5735792)"", ""direction"": ""ltr""}}",[],[],[],04f5c6c9-fa49-4a32-a3df-d44c67eb2511,"{""en"": {""value"": ""https://www.geonames.org/5735792"", ""direction"": ""ltr""}}",e584ac32-93c1-4a86-b31c-7ef71cf36c67,"{""type"": ""Point"", ""coordinates"": [-120.34579, 42.18877]}"
95d419af-430c-4977-b3c1-e48dfd7de8dc,3dda9f54-d771-11ef-825b-0275dc2ded29,a3e9145b-ba55-4793-a0fa-189e0f404ca7,1,e3ffad74-05a6-42f2-b99d-e65bfea1391a,"{""en"": {""value"": ""Lambo Katenga"", ""direction"": ""ltr""}}",[],[],7b071978-4c4c-4df5-b748-0c573f6496a6,"{""en"": {""value"": ""Lambo Katenga (URI: https://www.geonames.org/212097)"", ""direction"": ""ltr""}}",[],[],[],e182658b-cc62-45aa-abdc-92ed1e9661aa,"{""en"": {""value"": ""https://www.geonames.org/212097"", ""direction"": ""ltr""}}",baff4e2b-fe52-4d82-ba18-594c835c6edc,"{""type"": ""Point"", ""coordinates"": [28.80456, -5.03376]}"
4d4f9dd5-0149-4d1a-a381-910951c71b09,3dda9f54-d771-11ef-825b-0275dc2ded29,a3e9145b-ba55-4793-a0fa-189e0f404ca7,1,175790b7-3ec0-4aff-8053-1fc46fc53377,"{""en"": {""value"": ""Lancaster County"", ""direction"": ""ltr""}}",[],[],9336500d-f71c-419b-a9cf-c4758fbbb020,"{""en"": {""value"": ""Lancaster County (URI: https://www.geonames.org/5197085)"", ""direction"": ""ltr""}}",[],[],[],5ebee096-9096-4acd-a241-98af3842cbd0,"{""en"": {""value"": ""https://www.geonames.org/5197085"", ""direction"": ""ltr""}}",5a12452c-894e-4ec6-9912-8cd742834889,"{""type"": ""Point"", ""coordinates"": [-76.2477, 40.04244]}"
5e8ea354-b898-4692-8644-fcb5deae84ed,3dda9f54-d771-11ef-825b-0275dc2ded29,a3e9145b-ba55-4793-a0fa-189e0f404ca7,1,e221a8d8-5777-4dc6-a457-8980fdf2e4d5,"{""en"": {""value"": ""Lander"", ""direction"": ""ltr""}}",[],[],5919e3f0-e18f-4559-a873-9e866122fb47,"{""en"": {""value"": ""Lander (URI: https://www.geonames.org/5830007)"", ""direction"": ""ltr""}}",[],[],[],8e6bb077-886e-457f-a2af-3bd5c44143ce,"{""en"": {""value"": ""https://www.geonames.org/5830007"", ""direction"": ""ltr""}}",4b597312-1976-4020-bb55-bdf3c2c88e22,"{""type"": ""Point"", ""coordinates"": [-108.73067, 42.83301]}"
1fe1e6a2-e00a-4f67-9756-460da23097c0,3dda9f54-d771-11ef-825b-0275dc2ded29,a3e9145b-ba55-4793-a0fa-189e0f404ca7,1,61ddbef6-a686-49f7-a9bc-dd6068fca89a,"{""en"": {""value"": ""Laos"", ""direction"": ""ltr""}}",[],[],68ea5e44-6895-4e24-ac38-02e509298d86,"{""en"": {""value"": ""Laos (URI: https://www.geonames.org/1655842)"", ""direction"": ""ltr""}}",[],[],[],eea8d7ec-d96d-4d86-b593-de3fae10514a,"{""en"": {""value"": ""https://www.geonames.org/1655842"", ""direction"": ""ltr""}}",251faa36-b713-436b-96c6-af8c9dea7d22,"{""type"": ""Point"", ""coordinates"": [105.0, 18.0]}"
b9bd000d-45c5-44c4-a88c-ad4273ba2ca9,3dda9f54-d771-11ef-825b-0275dc2ded29,a3e9145b-ba55-4793-a0fa-189e0f404ca7,1,e8c4df0e-43d7-495b-a294-b71b625b1dae,"{""en"": {""value"": ""Laramie Mountains"", ""direction"": ""ltr""}}",[],[],957c8d3a-b853-4a51-af2e-7316e5a459bd,"{""en"": {""value"": ""Laramie Mountains (URI: https://www.geonames.org/5830054)"", ""direction"": ""ltr""}}",[],[],[],a35eea98-ebf3-4476-b8f2-565c999071a4,"{""en"": {""value"": ""https://www.geonames.org/5830054"", ""direction"": ""ltr""}}",56b7b3fc-9350-442d-97df-87409bd6a33e,"{""type"": ""Point"", ""coordinates"": [-105.49971, 41.52664]}"
30618ec1-7de4-4691-a100-f957de68b575,3dda9f54-d771-11ef-825b-0275dc2ded29,a3e9145b-ba55-4793-a0fa-189e0f404ca7,1,05d0fb3a-66e5-452c-962f-fc930e50777d,"{""en"": {""value"": ""Larvik"", ""direction"": ""ltr""}}",[],[],1d8670cc-7221-4432-987b-1573616da439,"{""en"": {""value"": ""Larvik (URI: https://www.geonames.org/6453390)"", ""direction"": ""ltr""}}",[],[],[],9a669934-81b5-4835-bf7c-ccba622326c9,"{""en"": {""value"": ""https://www.geonames.org/6453390"", ""direction"": ""ltr""}}",301bf55a-0e20-475a-97c5-b4ea785b1ece,"{""type"": ""Point"", ""coordinates"": [10.02701, 59.05234]}"
63277407-cef9-453f-9289-744642709197,3dda9f54-d771-11ef-825b-0275dc2ded29,a3e9145b-ba55-4793-a0fa-189e0f404ca7,1,fb48114b-76ed-4f67-85a1-540156ad825d,"{""en"": {""value"": ""Lassen"", ""direction"": ""ltr""}}",[],[],e4e7161f-2b9a-4260-ab2b-38f6faa2ba60,"{""en"": {""value"": ""Lassen (URI: https://www.geonames.org/5566544)"", ""direction"": ""ltr""}}",[],[],[],5e09cdf6-15f3-4bbc-b5c9-ca9b99e994ab,"{""en"": {""value"": ""https://www.geonames.org/5566544"", ""direction"": ""ltr""}}",815beb91-bf63-4999-aa89-26f05866ae37,"{""type"": ""Point"", ""coordinates"": [-120.59433, 40.67359]}"
2f47993a-3cc2-4588-ac6a-c9ebcb89a837,3dda9f54-d771-11ef-825b-0275dc2ded29,a3e9145b-ba55-4793-a0fa-189e0f404ca7,1,44371c65-316b-489c-b18a-8129955da9bb,"{""en"": {""value"": ""Latigo Canyon"", ""direction"": ""ltr""}}",[],[],633387dd-50cd-4b25-9e73-bb9891e56110,"{""en"": {""value"": ""Latigo Canyon (URI: https://www.geonames.org/5365432)"", ""direction"": ""ltr""}}",[],[],[],2b74869a-838c-46be-b565-c7c807c457c6,"{""en"": {""value"": ""https://www.geonames.org/5365432"", ""direction"": ""ltr""}}",8304587e-4a29-48a5-8e40-4b1c0203b811,"{""type"": ""Point"", ""coordinates"": [-120.03042, 34.66749]}"
12db9e32-2857-47a8-9691-6a87ce62c37f,3dda9f54-d771-11ef-825b-0275dc2ded29,a3e9145b-ba55-4793-a0fa-189e0f404ca7,1,8b2c34aa-9a22-4df5-ab2b-6b2f7f8d62e1,"{""en"": {""value"": ""Lawlers"", ""direction"": ""ltr""}}",[],[],50052e62-18bf-426e-9ac3-16e58db64196,"{""en"": {""value"": ""Lawlers (URI: https://www.geonames.org/2067887)"", ""direction"": ""ltr""}}",[],[],[],6a2935dd-f4b0-4990-a3ac-4203dba4be39,"{""en"": {""value"": ""https://www.geonames.org/2067887"", ""direction"": ""ltr""}}",6b670164-beec-4dc3-89bd-44d62d224b4a,"{""type"": ""Point"", ""coordinates"": [120.51501, -28.08656]}"
a021aec1-f88a-4424-bf41-7bea56a81b10,3dda9f54-d771-11ef-825b-0275dc2ded29,a3e9145b-ba55-4793-a0fa-189e0f404ca7,1,6daba9ea-4cb0-40bc-a1cd-859708d7c2b9,"{""en"": {""value"": ""Lawrence"", ""direction"": ""ltr""}}",[],[],6fabebdb-473b-45b8-8f47-5e9a463139cd,"{""en"": {""value"": ""Lawrence (URI: https://www.geonames.org/5766411)"", ""direction"": ""ltr""}}",[],[],[],1b52301b-fa68-4637-9c3a-b7846f691fed,"{""en"": {""value"": ""https://www.geonames.org/5766411"", ""direction"": ""ltr""}}",f911e069-acea-4ea0-8152-856ef312dcb0,"{""type"": ""Point"", ""coordinates"": [-103.79222, 44.35863]}"
44a6f1f9-d4c3-40e4-b98b-9377f9d7d3a9,3dda9f54-d771-11ef-825b-0275dc2ded29,a3e9145b-ba55-4793-a0fa-189e0f404ca7,1,44d60ed3-f584-41a3-b0a6-0eb5e78157a8,"{""en"": {""value"": ""Le Perreux-sur-Marne"", ""direction"": ""ltr""}}",[],[],b856b7f7-5623-487d-9328-753c3d508740,"{""en"": {""value"": ""Le Perreux-sur-Marne (URI: https://www.geonames.org/3002965)"", ""direction"": ""ltr""}}",[],[],[],fb5dcb50-d396-45c2-809c-f27caec704bb,"{""en"": {""value"": ""https://www.geonames.org/3002965"", ""direction"": ""ltr""}}",5e4b3809-f93d-4fc6-8d60-0f4cba8a753c,"{""type"": ""Point"", ""coordinates"": [2.5, 48.85]}"
402d6f1b-d111-4faf-a37c-1d7a56369169,3dda9f54-d771-11ef-825b-0275dc2ded29,a3e9145b-ba55-4793-a0fa-189e0f404ca7,1,7041de02-08a8-414c-85b1-b4d705b7b5a5,"{""en"": {""value"": ""Lake Almanor West"", ""direction"": ""ltr""}}",[],[],c0ef8352-f2cc-403e-a70e-b14eafb4eab8,"{""en"": {""value"": ""Lake Almanor West (URI: https://www.geonames.org/5558821)"", ""direction"": ""ltr""}}",[],[],[],56495769-843b-4dea-8c8e-7c6e5eb647af,"{""en"": {""value"": ""https://www.geonames.org/5558821"", ""direction"": ""ltr""}}",e3dac27d-ab40-4f54-837d-bfff0778e076,"{""type"": ""Point"", ""coordinates"": [-121.20441, 40.23627]}"
093ed876-ab73-4f14-bb49-e98f42173617,3dda9f54-d771-11ef-825b-0275dc2ded29,a3e9145b-ba55-4793-a0fa-189e0f404ca7,1,4b15e1ff-b481-4d21-98f0-39d10279d5d9,"{""en"": {""value"": ""Leadville District Mine"", ""direction"": ""ltr""}}",[],[],258e3910-6e19-4c82-b316-3817ceef3581,"{""en"": {""value"": ""Leadville District Mine (URI: https://www.geonames.org/5428185)"", ""direction"": ""ltr""}}",[],[],[],2dbce1fe-ac47-4414-b5b9-5a03613033b7,"{""en"": {""value"": ""https://www.geonames.org/5428185"", ""direction"": ""ltr""}}",62f8c031-7744-42c6-be5d-1fddf83544e1,"{""type"": ""Point"", ""coordinates"": [-106.27752, 39.24916]}"
df0a5922-2b62-4cce-b8fd-29722fa152bd,3dda9f54-d771-11ef-825b-0275dc2ded29,a3e9145b-ba55-4793-a0fa-189e0f404ca7,1,ba4ade4b-dda8-4a32-9e15-c9c4563ea9b9,"{""en"": {""value"": ""Ledbetter"", ""direction"": ""ltr""}}",[],[],69bbce13-d875-49d3-9185-aaeefa359f54,"{""en"": {""value"": ""Ledbetter (URI: https://www.geonames.org/4705732)"", ""direction"": ""ltr""}}",[],[],[],0598336b-a5fe-449c-9b1c-af69ed34d163,"{""en"": {""value"": ""https://www.geonames.org/4705732"", ""direction"": ""ltr""}}",bae7a01d-7f53-403e-be01-cd557f834bcb,"{""type"": ""Point"", ""coordinates"": [-96.79137, 30.15077]}"
304ad3e8-9f53-4762-adcb-71f611687163,3dda9f54-d771-11ef-825b-0275dc2ded29,a3e9145b-ba55-4793-a0fa-189e0f404ca7,1,14c2ba95-bdb3-4ca5-a724-6606e450bd32,"{""en"": {""value"": ""Lehigh"", ""direction"": ""ltr""}}",[],[],6d652ea9-861f-405c-bbff-1aa039dc0146,"{""en"": {""value"": ""Lehigh (URI: https://www.geonames.org/5197646)"", ""direction"": ""ltr""}}",[],[],[],7774c65f-9ca5-4536-a9a9-a4155628f4eb,"{""en"": {""value"": ""https://www.geonames.org/5197646"", ""direction"": ""ltr""}}",6133c4b8-d0a0-42c4-9e81-4da0f4fdd672,"{""type"": ""Point"", ""coordinates"": [-75.59237, 40.61271]}"
8ff55679-6ec1-4b42-b8fc-55f1b2f6c96f,3dda9f54-d771-11ef-825b-0275dc2ded29,a3e9145b-ba55-4793-a0fa-189e0f404ca7,1,2fc6d3ae-be66-4388-8cdf-bbd1af8d0aac,"{""en"": {""value"": ""Lima region"", ""direction"": ""ltr""}}",[],[],1c0d5736-027a-4590-a4a2-c144c1c34f88,"{""en"": {""value"": ""Lima region (URI: https://www.geonames.org/3936452)"", ""direction"": ""ltr""}}",[],[],[],01c6c2d7-ea02-4a21-a9e2-af825606b6b0,"{""en"": {""value"": ""https://www.geonames.org/3936452"", ""direction"": ""ltr""}}",bb697177-0239-49c8-bb2b-88ec07485325,"{""type"": ""Point"", ""coordinates"": [-76.45, -11.85]}"
ca1c99fc-e47f-4994-bb53-9a34ae4852e6,3dda9f54-d771-11ef-825b-0275dc2ded29,a3e9145b-ba55-4793-a0fa-189e0f404ca7,1,4d9ea140-bbd2-4cb8-8725-f1d8e05b61c4,"{""en"": {""value"": ""Limerick"", ""direction"": ""ltr""}}",[],[],74b7debc-9126-4a69-a814-e018b2034cb9,"{""en"": {""value"": ""Limerick (URI: https://www.geonames.org/11611445)"", ""direction"": ""ltr""}}",[],[],[],3c9fba4d-2f5c-4133-9e9b-7f6d2916e636,"{""en"": {""value"": ""https://www.geonames.org/11611445"", ""direction"": ""ltr""}}",7d8b0188-abe6-4f66-bf1e-2b0a23368602,"{""type"": ""Point"", ""coordinates"": [-8.63663, 52.6464]}"
20d0cc4a-3c09-4c7d-b629-0d79f368bf86,3dda9f54-d771-11ef-825b-0275dc2ded29,a3e9145b-ba55-4793-a0fa-189e0f404ca7,1,199777ef-0a35-46e0-851e-b800060dfbc8,"{""en"": {""value"": ""Limpopo"", ""direction"": ""ltr""}}",[],[],29e36226-a6d7-4c64-aaa7-8cef328b07ff,"{""en"": {""value"": ""Limpopo (URI: https://www.geonames.org/1085597)"", ""direction"": ""ltr""}}",[],[],[],71993d9d-b631-4a17-bd69-2a728db34f28,"{""en"": {""value"": ""https://www.geonames.org/1085597"", ""direction"": ""ltr""}}",e27c7e64-3373-49a1-8b06-c8d1cf0de50f,"{""type"": ""Point"", ""coordinates"": [29.5, -24.0]}"
597d62ed-e77b-4e43-afad-9415f473b785,3dda9f54-d771-11ef-825b-0275dc2ded29,a3e9145b-ba55-4793-a0fa-189e0f404ca7,1,051b68c9-a9f4-4e63-84d1-18c528b3de3c,"{""en"": {""value"": ""Lincoln"", ""direction"": ""ltr""}}",[],[],a59f3318-1f26-4db6-9580-950b6e59d9b2,"{""en"": {""value"": ""Lincoln (URI: https://www.geonames.org/4812303)"", ""direction"": ""ltr""}}",[],[],[],44add2ec-b97e-405a-a57d-32a5d4ba8f87,"{""en"": {""value"": ""https://www.geonames.org/4812303"", ""direction"": ""ltr""}}",d6da8096-81ca-4a30-acd2-42b964b7e0dc,"{""type"": ""Point"", ""coordinates"": [-82.07039, 38.17536]}"
1952bea0-29ab-46b7-908a-d56a986674a3,3dda9f54-d771-11ef-825b-0275dc2ded29,a3e9145b-ba55-4793-a0fa-189e0f404ca7,1,a1991c7d-f18c-4ba5-abb6-1bf70e8059a5,"{""en"": {""value"": ""Lincoln"", ""direction"": ""ltr""}}",[],[],51c3c300-e08f-4e78-aca1-bcdab6ba7bab,"{""en"": {""value"": ""Lincoln (URI: https://www.geonames.org/5229313)"", ""direction"": ""ltr""}}",[],[],[],65fb3061-db12-4f64-bcb8-af460dd38922,"{""en"": {""value"": ""https://www.geonames.org/5229313"", ""direction"": ""ltr""}}",68afad41-dca3-4a83-9cea-5d3fe98daf80,"{""type"": ""Point"", ""coordinates"": [-96.72182, 43.27892]}"
1ad7f6b0-b07c-45d4-84d8-99a0983048ed,3dda9f54-d771-11ef-825b-0275dc2ded29,a3e9145b-ba55-4793-a0fa-189e0f404ca7,1,c3af985a-f79a-42cc-ae10-2df529ffab58,"{""en"": {""value"": ""Lincoln"", ""direction"": ""ltr""}}",[],[],b3b5a0c8-6f93-43ce-ae4c-1880f78383a2,"{""en"": {""value"": ""Lincoln (URI: https://www.geonames.org/5507189)"", ""direction"": ""ltr""}}",[],[],[],43eedb50-60c2-4573-a08c-fccc154b098d,"{""en"": {""value"": ""https://www.geonames.org/5507189"", ""direction"": ""ltr""}}",05c2fd70-4bf6-473b-b767-387fdbe8300b,"{""type"": ""Point"", ""coordinates"": [-114.87755, 37.64335]}"
d5d4fdf4-a4f0-4d2e-a01e-625d4ca9fc38,3dda9f54-d771-11ef-825b-0275dc2ded29,a3e9145b-ba55-4793-a0fa-189e0f404ca7,1,f43ca306-8a01-4e55-b4d5-c79689f8f53d,"{""en"": {""value"": ""Lincoln"", ""direction"": ""ltr""}}",[],[],4a156038-0bf2-4080-b297-63d96b4c78e0,"{""en"": {""value"": ""Lincoln (URI: https://www.geonames.org/5662406)"", ""direction"": ""ltr""}}",[],[],[],402dae56-5501-484e-a643-d760dccae0ef,"{""en"": {""value"": ""https://www.geonames.org/5662406"", ""direction"": ""ltr""}}",9ec973ce-eb6d-4b35-a226-5f91aac3d81b,"{""type"": ""Point"", ""coordinates"": [-115.40519, 48.54253]}"
0adb18a1-4b90-4fc1-bb0a-f29a030071c1,3dda9f54-d771-11ef-825b-0275dc2ded29,a3e9145b-ba55-4793-a0fa-189e0f404ca7,1,755732ab-3e7d-455a-9346-a0a2bed3c0ff,"{""en"": {""value"": ""Lake Bluff"", ""direction"": ""ltr""}}",[],[],4050135a-754a-4eed-8843-b3ff42079ca7,"{""en"": {""value"": ""Lake Bluff (URI: https://www.geonames.org/4898974)"", ""direction"": ""ltr""}}",[],[],[],5f10cbac-72c3-426b-9a3b-ed43d274b90e,"{""en"": {""value"": ""https://www.geonames.org/4898974"", ""direction"": ""ltr""}}",5b683d5b-08db-4afb-8a0a-03c270677942,"{""type"": ""Point"", ""coordinates"": [-87.83424, 42.27891]}"
6cac2c7a-797a-453b-ae2a-c8fbd0bb21d5,3dda9f54-d771-11ef-825b-0275dc2ded29,a3e9145b-ba55-4793-a0fa-189e0f404ca7,1,58fb3d41-ccb5-4bb3-b3e8-0902696265eb,"{""en"": {""value"": ""La Sal"", ""direction"": ""ltr""}}",[],[],69500d25-a80e-4b72-89d4-ef611bc8c8dd,"{""en"": {""value"": ""La Sal (URI: https://www.geonames.org/5541682)"", ""direction"": ""ltr""}}",[],[],[],84d0c776-0522-4e6a-b4be-248e115ba1b7,"{""en"": {""value"": ""https://www.geonames.org/5541682"", ""direction"": ""ltr""}}",da141c92-5403-4da9-a148-3b0e972eee83,"{""type"": ""Point"", ""coordinates"": [-109.24817, 38.31221]}"
b9fbec28-1ebc-46c7-8045-746795f3ebcf,3dda9f54-d771-11ef-825b-0275dc2ded29,a3e9145b-ba55-4793-a0fa-189e0f404ca7,1,8d24b913-d612-48f5-98ac-bb3919692f0b,"{""en"": {""value"": ""Johnstown"", ""direction"": ""ltr""}}",[],[],71d1285a-568f-49ed-b96a-5c56c9551e4f,"{""en"": {""value"": ""Johnstown (URI: https://www.geonames.org/5578536)"", ""direction"": ""ltr""}}",[],[],[],15edea4a-3fc6-4851-af5f-430a88cd2354,"{""en"": {""value"": ""https://www.geonames.org/5578536"", ""direction"": ""ltr""}}",af907163-2cb0-4f32-815d-59d3509f62d8,"{""type"": ""Point"", ""coordinates"": [-104.9122, 40.33693]}"
be41c229-71b7-47b0-aa6b-47fbf7637fc1,3dda9f54-d771-11ef-825b-0275dc2ded29,a3e9145b-ba55-4793-a0fa-189e0f404ca7,1,a2b53af3-b99a-4734-85f4-9362201cffee,"{""en"": {""value"": ""Kenton"", ""direction"": ""ltr""}}",[],[],ad7c4444-3d3e-4000-951f-653a32a81058,"{""en"": {""value"": ""Kenton (URI: https://www.geonames.org/4998013)"", ""direction"": ""ltr""}}",[],[],[],fc192507-6382-47c3-ad57-f293c02441bc,"{""en"": {""value"": ""https://www.geonames.org/4998013"", ""direction"": ""ltr""}}",0604b553-453a-4263-96d1-4fe929cdc3cd,"{""type"": ""Point"", ""coordinates"": [-88.89403, 46.4855]}"
021e5e14-4ee3-4e80-a34f-30159941abe8,3dda9f54-d771-11ef-825b-0275dc2ded29,a3e9145b-ba55-4793-a0fa-189e0f404ca7,1,3ebb5d7c-7c11-47b8-9ea8-50583b92b3bb,"{""en"": {""value"": ""Joplin"", ""direction"": ""ltr""}}",[],[],5e9cfb21-256a-445f-a821-d8e74f0eaf80,"{""en"": {""value"": ""Joplin (URI: https://www.geonames.org/4392768)"", ""direction"": ""ltr""}}",[],[],[],a19a8b98-9f17-4686-9f52-2be11c180cd7,"{""en"": {""value"": ""https://www.geonames.org/4392768"", ""direction"": ""ltr""}}",30aa2502-1270-4dc7-bcfa-8c1fe79b76b3,"{""type"": ""Point"", ""coordinates"": [-94.51328, 37.08423]}"
08418b88-c5fc-4018-a96d-268b67da2afc,3dda9f54-d771-11ef-825b-0275dc2ded29,a3e9145b-ba55-4793-a0fa-189e0f404ca7,1,aecd3dc1-ecfd-4f37-8906-2f036fa74fb7,"{""en"": {""value"": ""Josephine"", ""direction"": ""ltr""}}",[],[],0a8a8850-23f7-4a70-8305-1ce0cfaaa646,"{""en"": {""value"": ""Josephine (URI: https://www.geonames.org/5734120)"", ""direction"": ""ltr""}}",[],[],[],2dd81b58-b9af-4361-9112-03a9a3784fce,"{""en"": {""value"": ""https://www.geonames.org/5734120"", ""direction"": ""ltr""}}",913ec085-47d7-497a-b729-38aca35e8877,"{""type"": ""Point"", ""coordinates"": [-123.55558, 42.36546]}"
86c0eb7f-7c61-43ee-9469-d21e7d3e182b,3dda9f54-d771-11ef-825b-0275dc2ded29,a3e9145b-ba55-4793-a0fa-189e0f404ca7,1,35ae564d-7d49-4452-ab0f-c1d8fdb15231,"{""en"": {""value"": ""Juab"", ""direction"": ""ltr""}}",[],[],86d43dca-3ea3-4d85-bb4d-38ecf6ed0e98,"{""en"": {""value"": ""Juab (URI: https://www.geonames.org/5541372)"", ""direction"": ""ltr""}}",[],[],[],d4f08844-0fca-4345-8b52-f431e121ef50,"{""en"": {""value"": ""https://www.geonames.org/5541372"", ""direction"": ""ltr""}}",2906dd47-0514-4f8b-a278-f8ae6174df8a,"{""type"": ""Point"", ""coordinates"": [-112.78477, 39.70262]}"
cd51b885-f229-442d-bad1-04c77599795e,3dda9f54-d771-11ef-825b-0275dc2ded29,a3e9145b-ba55-4793-a0fa-189e0f404ca7,1,6fda07a1-b1f0-40e4-9489-14feb176866e,"{""en"": {""value"": ""Junín"", ""direction"": ""ltr""}}",[],[],479cfb66-41ea-4731-9b59-7403bb144fc1,"{""en"": {""value"": ""Junín (URI: https://www.geonames.org/3937485)"", ""direction"": ""ltr""}}",[],[],[],958af316-7fa2-476e-9299-c80d54a0464a,"{""en"": {""value"": ""https://www.geonames.org/3937485"", ""direction"": ""ltr""}}",31363092-e974-4217-bd07-b6da2937ec3b,"{""type"": ""Point"", ""coordinates"": [-75.0, -11.5]}"
47c4e73b-eb27-461e-bcd7-779200f84332,3dda9f54-d771-11ef-825b-0275dc2ded29,a3e9145b-ba55-4793-a0fa-189e0f404ca7,1,49b3d0b1-c356-4e32-957c-d0e8d3ac177d,"{""en"": {""value"": ""Jura"", ""direction"": ""ltr""}}",[],[],6dec85ae-549a-4b1c-8be2-905ff3b75c49,"{""en"": {""value"": ""Jura (URI: https://www.geonames.org/3012051)"", ""direction"": ""ltr""}}",[],[],[],32bd9de8-db1e-4f02-8937-54fcfec1e42f,"{""en"": {""value"": ""https://www.geonames.org/3012051"", ""direction"": ""ltr""}}",b81f64c9-0e76-4fb9-bb4f-9cf1b8679bca,"{""type"": ""Point"", ""coordinates"": [5.72349, 46.73431]}"
f2b12f13-4ce5-4075-ab7d-01c0aac1e020,3dda9f54-d771-11ef-825b-0275dc2ded29,a3e9145b-ba55-4793-a0fa-189e0f404ca7,1,68a1e1c7-efe5-451d-aec8-be36b3b8b975,"{""en"": {""value"": ""Jurupa Mountains"", ""direction"": ""ltr""}}",[],[],23120515-d65e-4cff-befd-a5fb8c43d290,"{""en"": {""value"": ""Jurupa Mountains (URI: https://www.geonames.org/5361528)"", ""direction"": ""ltr""}}",[],[],[],54529f15-232c-45a3-b47a-7d3773bb48df,"{""en"": {""value"": ""https://www.geonames.org/5361528"", ""direction"": ""ltr""}}",85e27fca-df44-4475-acad-a85df302b655,"{""type"": ""Point"", ""coordinates"": [-117.45949, 34.03001]}"
74561dcd-311b-4916-9128-0b530a5585c7,3dda9f54-d771-11ef-825b-0275dc2ded29,a3e9145b-ba55-4793-a0fa-189e0f404ca7,1,40cbea23-6535-4b87-b30b-513a24b3eea6,"{""en"": {""value"": ""Karibib"", ""direction"": ""ltr""}}",[],[],5caa21bf-3729-4e46-8ed5-e801e317ff91,"{""en"": {""value"": ""Karibib (URI: https://www.geonames.org/3356332)"", ""direction"": ""ltr""}}",[],[],[],adc52a03-c96a-45ee-8614-79fb5fbcfc75,"{""en"": {""value"": ""https://www.geonames.org/3356332"", ""direction"": ""ltr""}}",6e5cbcfe-479d-44ad-b38a-b67d7d7ea322,"{""type"": ""Point"", ""coordinates"": [15.85654, -21.93554]}"
daf6cbbe-e035-44ea-be97-e281ee5dfb6b,3dda9f54-d771-11ef-825b-0275dc2ded29,a3e9145b-ba55-4793-a0fa-189e0f404ca7,1,fcb449f7-5adb-496b-8fad-1daaad8612fa,"{""en"": {""value"": ""Kaňk"", ""direction"": ""ltr""}}",[],[],bc012d8b-fca9-44d4-9bbc-425801d1b70e,"{""en"": {""value"": ""Kaňk (URI: https://www.geonames.org/3073869)"", ""direction"": ""ltr""}}",[],[],[],97f22420-93eb-4701-a7de-cf7c3e396f6e,"{""en"": {""value"": ""https://www.geonames.org/3073869"", ""direction"": ""ltr""}}",2b1dd7bb-9bf4-4341-9beb-942f889f10b6,"{""type"": ""Point"", ""coordinates"": [15.27075, 49.97653]}"
4c6cb086-c5ed-4f73-b597-182f99431045,3dda9f54-d771-11ef-825b-0275dc2ded29,a3e9145b-ba55-4793-a0fa-189e0f404ca7,1,521d2b10-2719-4a41-904a-44e7b3900052,"{""en"": {""value"": ""Kearsage Station (historical)"", ""direction"": ""ltr""}}",[],[],6be54fd4-f6eb-4e88-b267-b564fc03a5f2,"{""en"": {""value"": ""Kearsage Station (historical) (URI: https://www.geonames.org/7269737)"", ""direction"": ""ltr""}}",[],[],[],e1bb80d4-7854-421c-882c-b493a9c95375,"{""en"": {""value"": ""https://www.geonames.org/7269737"", ""direction"": ""ltr""}}",cc60653a-287a-45e5-b5ba-238b462dcd7f,"{""type"": ""Point"", ""coordinates"": [-88.41639, 47.27528]}"
afb5c857-fefa-4c5e-9e51-6e1e5ec4a7e5,3dda9f54-d771-11ef-825b-0275dc2ded29,a3e9145b-ba55-4793-a0fa-189e0f404ca7,1,ca43bee8-2cac-4f9e-bc4a-d3c0c9a555d4,"{""en"": {""value"": ""Kent"", ""direction"": ""ltr""}}",[],[],ec9bdc4f-5e07-46fb-852e-fb8051434e12,"{""en"": {""value"": ""Kent (URI: https://www.geonames.org/3333158)"", ""direction"": ""ltr""}}",[],[],[],a41abba3-72ea-42e7-a769-b4101a1070be,"{""en"": {""value"": ""https://www.geonames.org/3333158"", ""direction"": ""ltr""}}",d2eb4138-faee-4b0d-9d3d-3c5d00dbf32d,"{""type"": ""Point"", ""coordinates"": [0.66667, 51.16667]}"
e061ee8d-d5ee-4858-b35b-75eb883589a0,3dda9f54-d771-11ef-825b-0275dc2ded29,a3e9145b-ba55-4793-a0fa-189e0f404ca7,1,29bd6335-b608-4d1c-9142-44bebe74a2c3,"{""en"": {""value"": ""Keokuk"", ""direction"": ""ltr""}}",[],[],2f76d1ed-9f3e-4d64-88cc-dca0e03bf43c,"{""en"": {""value"": ""Keokuk (URI: https://www.geonames.org/4863349)"", ""direction"": ""ltr""}}",[],[],[],ddf0bcac-88f9-485c-9eb7-c520ae2353ba,"{""en"": {""value"": ""https://www.geonames.org/4863349"", ""direction"": ""ltr""}}",3c769832-2d8e-40f8-abaa-2de984b3a84d,"{""type"": ""Point"", ""coordinates"": [-91.38487, 40.39727]}"
7e1fc8f8-c41d-47a0-9f77-b25bdb2849b8,3dda9f54-d771-11ef-825b-0275dc2ded29,a3e9145b-ba55-4793-a0fa-189e0f404ca7,1,46a30e35-53ce-4dd0-8ea0-5a7b3edbb73d,"{""en"": {""value"": ""L'Anse"", ""direction"": ""ltr""}}",[],[],5a74c523-3f6f-4cdf-8c20-8f167553d1d5,"{""en"": {""value"": ""L'Anse (URI: https://www.geonames.org/4998431)"", ""direction"": ""ltr""}}",[],[],[],8f8bed27-9e20-4004-a9dd-1f57b00a118d,"{""en"": {""value"": ""https://www.geonames.org/4998431"", ""direction"": ""ltr""}}",3a396ee3-8026-489c-875e-4790f7650b46,"{""type"": ""Point"", ""coordinates"": [-88.45291, 46.7566]}"
2615c877-695c-43a4-a7d0-b227353fe233,3dda9f54-d771-11ef-825b-0275dc2ded29,a3e9145b-ba55-4793-a0fa-189e0f404ca7,1,fc732514-fbe3-419a-b1a3-7624bc2fd621,"{""en"": {""value"": ""Khatanga"", ""direction"": ""ltr""}}",[],[],09cb77a7-82b7-486c-b8fd-010b1b55f8d1,"{""en"": {""value"": ""Khatanga (URI: https://www.geonames.org/2022572)"", ""direction"": ""ltr""}}",[],[],[],3bc03ca7-f039-4090-a8fa-6bae055e246d,"{""en"": {""value"": ""https://www.geonames.org/2022572"", ""direction"": ""ltr""}}",91c28c36-89d6-45cf-8053-c4689d283a90,"{""type"": ""Point"", ""coordinates"": [102.47111, 71.98002]}"
1eb79b16-22a7-4e60-a9b8-ed2ec24b4ec3,3dda9f54-d771-11ef-825b-0275dc2ded29,a3e9145b-ba55-4793-a0fa-189e0f404ca7,1,92ed9f89-9d1d-4e53-8a39-e7682f7e27cc,"{""en"": {""value"": ""Kimberley"", ""direction"": ""ltr""}}",[],[],61cfd550-f703-404a-9388-1a12eb45fb2f,"{""en"": {""value"": ""Kimberley (URI: https://www.geonames.org/2068482)"", ""direction"": ""ltr""}}",[],[],[],710d43b9-6600-4ba3-8e6b-550e04b12f67,"{""en"": {""value"": ""https://www.geonames.org/2068482"", ""direction"": ""ltr""}}",fcc08f37-f109-444c-b9b3-37f2bfc07d8a,"{""type"": ""Point"", ""coordinates"": [126.2594, -16.68758]}"
a7a0d230-976c-4585-934d-c13de719f036,3dda9f54-d771-11ef-825b-0275dc2ded29,a3e9145b-ba55-4793-a0fa-189e0f404ca7,1,c26c5e17-6377-483c-85b1-a879d43f4a5c,"{""en"": {""value"": ""King"", ""direction"": ""ltr""}}",[],[],39a0baef-690b-492e-9c45-e05e2f3bb7fa,"{""en"": {""value"": ""King (URI: https://www.geonames.org/5799783)"", ""direction"": ""ltr""}}",[],[],[],80280760-6d62-4554-a5e7-63fd4540fc5e,"{""en"": {""value"": ""https://www.geonames.org/5799783"", ""direction"": ""ltr""}}",a40dca39-3579-4be9-8314-f375c61d0cc2,"{""type"": ""Point"", ""coordinates"": [-121.83583, 47.49084]}"
3e618acf-bcc8-49ca-9964-3fddc5b58280,3dda9f54-d771-11ef-825b-0275dc2ded29,a3e9145b-ba55-4793-a0fa-189e0f404ca7,1,a1b74650-71a2-48df-8bd4-c247b54b074c,"{""en"": {""value"": ""Kolkata"", ""direction"": ""ltr""}}",[],[],a836183a-6f98-48d4-80ec-ecdc622fe40c,"{""en"": {""value"": ""Kolkata (URI: https://www.geonames.org/1275004)"", ""direction"": ""ltr""}}",[],[],[],436a43e2-2faf-416b-a483-4ba42635a2fa,"{""en"": {""value"": ""https://www.geonames.org/1275004"", ""direction"": ""ltr""}}",f8e8f3fa-642a-42fa-aad5-0ef49f35e13a,"{""type"": ""Point"", ""coordinates"": [88.36304, 22.56263]}"
8abba318-c78c-4d0d-a009-2e710538add6,3dda9f54-d771-11ef-825b-0275dc2ded29,a3e9145b-ba55-4793-a0fa-189e0f404ca7,1,7310e6a6-32a0-4a2e-831b-685e6494f6c8,"{""en"": {""value"": ""Kongo-Matanda"", ""direction"": ""ltr""}}",[],[],784feeba-16bf-45dc-891a-84f6df0d0935,"{""en"": {""value"": ""Kongo-Matanda (URI: https://www.geonames.org/212345)"", ""direction"": ""ltr""}}",[],[],[],13e151c0-41d6-4393-9f53-7379a2b0ae98,"{""en"": {""value"": ""https://www.geonames.org/212345"", ""direction"": ""ltr""}}",30271d03-deac-47e4-9693-ab05dd8594ec,"{""type"": ""Point"", ""coordinates"": [28.90198, -1.51627]}"
421e237a-f290-4395-9d6f-f77d347ea71d,3dda9f54-d771-11ef-825b-0275dc2ded29,a3e9145b-ba55-4793-a0fa-189e0f404ca7,1,b999adc6-2a8c-4bd7-a581-1e7b86409b14,"{""en"": {""value"": ""Kootenai"", ""direction"": ""ltr""}}",[],[],1d393d48-45b6-45bf-955e-7842c7d751ef,"{""en"": {""value"": ""Kootenai (URI: https://www.geonames.org/5597922)"", ""direction"": ""ltr""}}",[],[],[],a48b182d-0b2b-4561-aaf8-e13394d05331,"{""en"": {""value"": ""https://www.geonames.org/5597922"", ""direction"": ""ltr""}}",867d96ff-530f-456b-940e-28198ff5e1b4,"{""type"": ""Point"", ""coordinates"": [-116.70001, 47.67456]}"
f20a0039-e832-4984-bf5d-ebcfd5f21346,3dda9f54-d771-11ef-825b-0275dc2ded29,a3e9145b-ba55-4793-a0fa-189e0f404ca7,1,8f4ecb1b-ed28-41c0-a39b-eb2839615cfe,"{""en"": {""value"": ""Korean Peninsula"", ""direction"": ""ltr""}}",[],[],3076d361-4c75-4142-8501-c3724383d34b,"{""en"": {""value"": ""Korean Peninsula (URI: https://www.geonames.org/11494804)"", ""direction"": ""ltr""}}",[],[],[],4866a72c-0eb6-4b16-99fb-81cb6226086c,"{""en"": {""value"": ""https://www.geonames.org/11494804"", ""direction"": ""ltr""}}",8caee732-55b0-4a7e-a1f1-6609ee475347,"{""type"": ""Point"", ""coordinates"": [127.55127, 38.62545]}"
53bc7e7b-35b8-49d4-81f4-1b9137a50792,3dda9f54-d771-11ef-825b-0275dc2ded29,a3e9145b-ba55-4793-a0fa-189e0f404ca7,1,69aa4d7f-4c81-4b7a-b41c-98e68c141cf4,"{""en"": {""value"": ""Krasnodar Krai"", ""direction"": ""ltr""}}",[],[],acef59b5-51a2-4f0f-b545-03aa49531268,"{""en"": {""value"": ""Krasnodar Krai (URI: https://www.geonames.org/542415)"", ""direction"": ""ltr""}}",[],[],[],872a5fc3-c540-4b23-a0f3-71e7d440ea57,"{""en"": {""value"": ""https://www.geonames.org/542415"", ""direction"": ""ltr""}}",48c490a4-da39-4595-9cef-1ac8cfd2a9f4,"{""type"": ""Point"", ""coordinates"": [38.97675, 44.98811]}"
e5c0788b-47e6-4a75-8b86-931cd1eac91d,3dda9f54-d771-11ef-825b-0275dc2ded29,a3e9145b-ba55-4793-a0fa-189e0f404ca7,1,43213676-5324-4c6f-a966-25f9af5d6edd,"{""en"": {""value"": ""Krupina"", ""direction"": ""ltr""}}",[],[],765637c0-e4d4-4ba4-b95d-001849678784,"{""en"": {""value"": ""Krupina (URI: https://www.geonames.org/3059244)"", ""direction"": ""ltr""}}",[],[],[],2a03d90b-95f4-4ac8-96f4-471f4df5f81f,"{""en"": {""value"": ""https://www.geonames.org/3059244"", ""direction"": ""ltr""}}",f1a65744-4a8e-4015-917c-c916689971ab,"{""type"": ""Point"", ""coordinates"": [19.06474, 48.3554]}"
2ff40d23-25e5-43b4-9a3e-cd517caca2a9,3dda9f54-d771-11ef-825b-0275dc2ded29,a3e9145b-ba55-4793-a0fa-189e0f404ca7,1,666a6053-3283-413c-8628-c63835ccded3,"{""en"": {""value"": ""Krupka"", ""direction"": ""ltr""}}",[],[],fe5d7072-e0c8-42b3-96ce-60e5d3997da8,"{""en"": {""value"": ""Krupka (URI: https://www.geonames.org/3072598)"", ""direction"": ""ltr""}}",[],[],[],5a6c0117-00b6-45a1-a430-0c098cd3e98f,"{""en"": {""value"": ""https://www.geonames.org/3072598"", ""direction"": ""ltr""}}",105afec4-3bd5-4e37-adbb-52eec6ef68ac,"{""type"": ""Point"", ""coordinates"": [13.85815, 50.68449]}"
345e487a-f1dd-4775-9f94-2160b5780c25,3dda9f54-d771-11ef-825b-0275dc2ded29,a3e9145b-ba55-4793-a0fa-189e0f404ca7,1,b3178eb0-876d-492e-9646-f895ede075d8,"{""en"": {""value"": ""Kurdistan Province"", ""direction"": ""ltr""}}",[],[],27d4c56f-e847-4fd0-81f1-1ab9b8892924,"{""en"": {""value"": ""Kurdistan Province (URI: https://www.geonames.org/126584)"", ""direction"": ""ltr""}}",[],[],[],e84c5dce-e477-4ba8-940f-7092de1ceffe,"{""en"": {""value"": ""https://www.geonames.org/126584"", ""direction"": ""ltr""}}",60c70a01-f5b6-476f-ba12-c2f949247fca,"{""type"": ""Point"", ""coordinates"": [47.0, 35.66667]}"
dc1030e0-616f-4671-82c8-422160b1c317,3dda9f54-d771-11ef-825b-0275dc2ded29,a3e9145b-ba55-4793-a0fa-189e0f404ca7,1,e3737c19-edd6-40a6-9810-6523de63917b,"{""en"": {""value"": ""Špania Dolina"", ""direction"": ""ltr""}}",[],[],fa7e5e5e-3879-437f-b113-62f4c0e40138,"{""en"": {""value"": ""Špania Dolina (URI: https://www.geonames.org/3057505)"", ""direction"": ""ltr""}}",[],[],[],065f07f1-804f-4273-a065-23795708b9f8,"{""en"": {""value"": ""https://www.geonames.org/3057505"", ""direction"": ""ltr""}}",56df088c-7061-408c-8073-1cd4dfdcc5f5,"{""type"": ""Point"", ""coordinates"": [19.13406, 48.80754]}"
4d734140-6de1-4cf1-986e-7b4bad75790c,3dda9f54-d771-11ef-825b-0275dc2ded29,a3e9145b-ba55-4793-a0fa-189e0f404ca7,1,920a2f41-0b6b-4b48-b6a0-29bf7202f7cc,"{""en"": {""value"": ""Central Africa"", ""direction"": ""ltr""}}",[],[],fa016971-31c2-42af-b007-26bd6073fcd7,"{""en"": {""value"": ""Central Africa (URI: https://www.geonames.org/7729886)"", ""direction"": ""ltr""}}",[],[],[],81974523-a803-4f8d-8aac-dbe948edfb64,"{""en"": {""value"": ""https://www.geonames.org/7729886"", ""direction"": ""ltr""}}",2868842b-e54b-449c-8a02-1f8a4674ebae,"{""type"": ""Point"", ""coordinates"": [24.69727, -2.02107]}"
48cc4083-47ef-49e2-ac94-52fbab836778,3dda9f54-d771-11ef-825b-0275dc2ded29,a3e9145b-ba55-4793-a0fa-189e0f404ca7,1,e7cf7294-6965-4657-b13e-9f4a721f9297,"{""en"": {""value"": ""Ecuador"", ""direction"": ""ltr""}}",[],[],2bd72d36-0fcc-4e77-8c31-669b976b772f,"{""en"": {""value"": ""Ecuador (URI: https://www.geonames.org/3658394)"", ""direction"": ""ltr""}}",[],[],[],a4a3f25c-a92c-4001-ac88-8d35d8f7228b,"{""en"": {""value"": ""https://www.geonames.org/3658394"", ""direction"": ""ltr""}}",7a8de884-9801-438d-9467-ecc17458bb7e,"{""type"": ""Point"", ""coordinates"": [-78.25, -1.25]}"
cb14c7b6-772e-44d7-80a6-b23a8299840a,3dda9f54-d771-11ef-825b-0275dc2ded29,a3e9145b-ba55-4793-a0fa-189e0f404ca7,1,fe84921e-2fd9-4530-8b03-cbc800446767,"{""en"": {""value"": ""Jordan"", ""direction"": ""ltr""}}",[],[],59f4422e-dcf4-4561-a1fd-4b3d7b238875,"{""en"": {""value"": ""Jordan (URI: https://www.geonames.org/248816)"", ""direction"": ""ltr""}}",[],[],[],f59423df-d2f8-45de-a7ce-133c2cb6e1ad,"{""en"": {""value"": ""https://www.geonames.org/248816"", ""direction"": ""ltr""}}",6f42eed8-2cf6-4035-b2a6-e1071e549e7f,"{""type"": ""Point"", ""coordinates"": [36.0, 31.0]}"
529fa218-7bb3-43df-bf34-2a3c174e00ae,3dda9f54-d771-11ef-825b-0275dc2ded29,a3e9145b-ba55-4793-a0fa-189e0f404ca7,1,e1d75a5e-9b89-43aa-b348-e29112f2cb61,"{""en"": {""value"": ""Nara"", ""direction"": ""ltr""}}",[],[],d73b05dc-c249-4610-ba1a-33cdbe001863,"{""en"": {""value"": ""Nara (URI: https://www.geonames.org/1855608)"", ""direction"": ""ltr""}}",[],[],[],4d5007b8-fd7b-45cf-8394-c9fc2eea6670,"{""en"": {""value"": ""https://www.geonames.org/1855608"", ""direction"": ""ltr""}}",d5b16c74-c015-41de-b565-6fd683dba28d,"{""type"": ""Point"", ""coordinates"": [135.83289, 34.68525]}"
