resourceinstanceid,graphid,graphpublicationid,principaluser_id,group_name_tileid,group_name_name_content,group_name_name_type,group_name_name_language
19f9b6b2-02bf-4018-ae12-ed619d81571a,36956e50-d770-11ef-8f5d-0275dc2ded29,166c7b56-b36e-4cfa-9dc0-7d232f147d69,1,9e84223f-c81f-49ea-a63e-bdf3facc450e,"{""en"": {""value"": ""National Fire Protection Association (NFPA)"", ""direction"": ""ltr""}}","[{""uri"": ""http://vocab.getty.edu/aat/300404670"", ""labels"": [{""id"": ""b379db2b-3066-4a46-8e8d-f70ad539323e"", ""value"": ""preferred terms"", ""language_id"": ""en"", ""list_item_id"": ""5f400d39-3b6b-4b8a-939b-4e49787c7444"", ""valuetype_id"": ""prefLabel""}], ""list_id"": ""80028d07-9c98-48cf-84db-f77bc01c8bbc""}]","[{""uri"": ""http://vocab.getty.edu/aat/300388277"", ""labels"": [{""id"": ""39e49408-de39-44db-a191-fe36a5f04cfc"", ""value"": ""English (language)"", ""language_id"": ""en"", ""list_item_id"": ""38729dbe-6d1c-48ce-bf47-e2a18945600e"", ""valuetype_id"": ""prefLabel""}], ""list_id"": ""f7fc4f6d-fd46-4881-846f-4a08bc1a3fef""}]"
d1f32bdd-2581-4532-957b-cef19ec0bd21,36956e50-d770-11ef-8f5d-0275dc2ded29,166c7b56-b36e-4cfa-9dc0-7d232f147d69,1,5f1a7fac-903f-4867-bf78-cf07fc854d3a,"{""en"": {""value"": ""Ilford Imaging Switzerland GmbH"", ""direction"": ""ltr""}}","[{""uri"": ""http://vocab.getty.edu/aat/300404670"", ""labels"": [{""id"": ""b379db2b-3066-4a46-8e8d-f70ad539323e"", ""value"": ""preferred terms"", ""language_id"": ""en"", ""list_item_id"": ""5f400d39-3b6b-4b8a-939b-4e49787c7444"", ""valuetype_id"": ""prefLabel""}], ""list_id"": ""80028d07-9c98-48cf-84db-f77bc01c8bbc""}]","[{""uri"": ""http://vocab.getty.edu/aat/300388277"", ""labels"": [{""id"": ""39e49408-de39-44db-a191-fe36a5f04cfc"", ""value"": ""English (language)"", ""language_id"": ""en"", ""list_item_id"": ""38729dbe-6d1c-48ce-bf47-e2a18945600e"", ""valuetype_id"": ""prefLabel""}], ""list_id"": ""f7fc4f6d-fd46-4881-846f-4a08bc1a3fef""}]"
59b0f28d-6d0b-4542-8979-bbeaca115abd,36956e50-d770-11ef-8f5d-0275dc2ded29,166c7b56-b36e-4cfa-9dc0-7d232f147d69,1,904359a8-4a5d-49ff-8b96-79c64df8b662,"{""en"": {""value"": ""Hull"", ""direction"": ""ltr""}}","[{""uri"": ""http://vocab.getty.edu/aat/300404670"", ""labels"": [{""id"": ""b379db2b-3066-4a46-8e8d-f70ad539323e"", ""value"": ""preferred terms"", ""language_id"": ""en"", ""list_item_id"": ""5f400d39-3b6b-4b8a-939b-4e49787c7444"", ""valuetype_id"": ""prefLabel""}], ""list_id"": ""80028d07-9c98-48cf-84db-f77bc01c8bbc""}]","[{""uri"": ""http://vocab.getty.edu/aat/300388277"", ""labels"": [{""id"": ""39e49408-de39-44db-a191-fe36a5f04cfc"", ""value"": ""English (language)"", ""language_id"": ""en"", ""list_item_id"": ""38729dbe-6d1c-48ce-bf47-e2a18945600e"", ""valuetype_id"": ""prefLabel""}], ""list_id"": ""f7fc4f6d-fd46-4881-846f-4a08bc1a3fef""}]"
27a4a8ab-b62c-4e38-835f-92f7f0b090c8,36956e50-d770-11ef-8f5d-0275dc2ded29,166c7b56-b36e-4cfa-9dc0-7d232f147d69,1,fe709b58-9c2a-4972-8a79-957e91025d77,"{""en"": {""value"": ""J.L Hamburger"", ""direction"": ""ltr""}}","[{""uri"": ""http://vocab.getty.edu/aat/300404670"", ""labels"": [{""id"": ""b379db2b-3066-4a46-8e8d-f70ad539323e"", ""value"": ""preferred terms"", ""language_id"": ""en"", ""list_item_id"": ""5f400d39-3b6b-4b8a-939b-4e49787c7444"", ""valuetype_id"": ""prefLabel""}], ""list_id"": ""80028d07-9c98-48cf-84db-f77bc01c8bbc""}]","[{""uri"": ""http://vocab.getty.edu/aat/300388277"", ""labels"": [{""id"": ""39e49408-de39-44db-a191-fe36a5f04cfc"", ""value"": ""English (language)"", ""language_id"": ""en"", ""list_item_id"": ""38729dbe-6d1c-48ce-bf47-e2a18945600e"", ""valuetype_id"": ""prefLabel""}], ""list_id"": ""f7fc4f6d-fd46-4881-846f-4a08bc1a3fef""}]"
c8add100-e4a8-4be8-bd2c-ecd073194095,36956e50-d770-11ef-8f5d-0275dc2ded29,166c7b56-b36e-4cfa-9dc0-7d232f147d69,1,5dae686f-e334-494b-bbc1-a8a3e1d3510d,"{""en"": {""value"": ""Alois Martan"", ""direction"": ""ltr""}}","[{""uri"": ""http://vocab.getty.edu/aat/300404670"", ""labels"": [{""id"": ""b379db2b-3066-4a46-8e8d-f70ad539323e"", ""value"": ""preferred terms"", ""language_id"": ""en"", ""list_item_id"": ""5f400d39-3b6b-4b8a-939b-4e49787c7444"", ""valuetype_id"": ""prefLabel""}], ""list_id"": ""80028d07-9c98-48cf-84db-f77bc01c8bbc""}]","[{""uri"": ""http://vocab.getty.edu/aat/300388277"", ""labels"": [{""id"": ""39e49408-de39-44db-a191-fe36a5f04cfc"", ""value"": ""English (language)"", ""language_id"": ""en"", ""list_item_id"": ""38729dbe-6d1c-48ce-bf47-e2a18945600e"", ""valuetype_id"": ""prefLabel""}], ""list_id"": ""f7fc4f6d-fd46-4881-846f-4a08bc1a3fef""}]"
49715e42-8630-4b06-8d7a-53c6dd64c219,36956e50-d770-11ef-8f5d-0275dc2ded29,166c7b56-b36e-4cfa-9dc0-7d232f147d69,1,942204c6-bfe0-4605-9761-5454e93c2c12,"{""en"": {""value"": ""Bibbiena"", ""direction"": ""ltr""}}","[{""uri"": ""http://vocab.getty.edu/aat/300404670"", ""labels"": [{""id"": ""b379db2b-3066-4a46-8e8d-f70ad539323e"", ""value"": ""preferred terms"", ""language_id"": ""en"", ""list_item_id"": ""5f400d39-3b6b-4b8a-939b-4e49787c7444"", ""valuetype_id"": ""prefLabel""}], ""list_id"": ""80028d07-9c98-48cf-84db-f77bc01c8bbc""}]","[{""uri"": ""http://vocab.getty.edu/aat/300388277"", ""labels"": [{""id"": ""39e49408-de39-44db-a191-fe36a5f04cfc"", ""value"": ""English (language)"", ""language_id"": ""en"", ""list_item_id"": ""38729dbe-6d1c-48ce-bf47-e2a18945600e"", ""valuetype_id"": ""prefLabel""}], ""list_id"": ""f7fc4f6d-fd46-4881-846f-4a08bc1a3fef""}]"
04241a7f-ad59-48f2-881d-e1f0f823e9f8,36956e50-d770-11ef-8f5d-0275dc2ded29,166c7b56-b36e-4cfa-9dc0-7d232f147d69,1,997bf9c1-33e7-4101-b3f6-68991e15cf94,"{""en"": {""value"": ""R. Fullam"", ""direction"": ""ltr""}}","[{""uri"": ""http://vocab.getty.edu/aat/300404670"", ""labels"": [{""id"": ""b379db2b-3066-4a46-8e8d-f70ad539323e"", ""value"": ""preferred terms"", ""language_id"": ""en"", ""list_item_id"": ""5f400d39-3b6b-4b8a-939b-4e49787c7444"", ""valuetype_id"": ""prefLabel""}], ""list_id"": ""80028d07-9c98-48cf-84db-f77bc01c8bbc""}]","[{""uri"": ""http://vocab.getty.edu/aat/300388277"", ""labels"": [{""id"": ""39e49408-de39-44db-a191-fe36a5f04cfc"", ""value"": ""English (language)"", ""language_id"": ""en"", ""list_item_id"": ""38729dbe-6d1c-48ce-bf47-e2a18945600e"", ""valuetype_id"": ""prefLabel""}], ""list_id"": ""f7fc4f6d-fd46-4881-846f-4a08bc1a3fef""}]"
4ecf6a96-54f8-4790-8c55-4655ffdb7bd8,36956e50-d770-11ef-8f5d-0275dc2ded29,166c7b56-b36e-4cfa-9dc0-7d232f147d69,1,648450b2-ec80-487f-97ba-af0946568033,"{""en"": {""value"": ""La Campagnie des Ocres"", ""direction"": ""ltr""}}","[{""uri"": ""http://vocab.getty.edu/aat/300404670"", ""labels"": [{""id"": ""b379db2b-3066-4a46-8e8d-f70ad539323e"", ""value"": ""preferred terms"", ""language_id"": ""en"", ""list_item_id"": ""5f400d39-3b6b-4b8a-939b-4e49787c7444"", ""valuetype_id"": ""prefLabel""}], ""list_id"": ""80028d07-9c98-48cf-84db-f77bc01c8bbc""}]","[{""uri"": ""http://vocab.getty.edu/aat/300388277"", ""labels"": [{""id"": ""39e49408-de39-44db-a191-fe36a5f04cfc"", ""value"": ""English (language)"", ""language_id"": ""en"", ""list_item_id"": ""38729dbe-6d1c-48ce-bf47-e2a18945600e"", ""valuetype_id"": ""prefLabel""}], ""list_id"": ""f7fc4f6d-fd46-4881-846f-4a08bc1a3fef""}]"
78906f8e-e687-42f0-8fb6-b1972ba80b37,36956e50-d770-11ef-8f5d-0275dc2ded29,166c7b56-b36e-4cfa-9dc0-7d232f147d69,1,24b4f1b2-b1b2-4be5-a4be-a3fa35bb4191,"{""en"": {""value"": ""Avecia"", ""direction"": ""ltr""}}","[{""uri"": ""http://vocab.getty.edu/aat/300404670"", ""labels"": [{""id"": ""b379db2b-3066-4a46-8e8d-f70ad539323e"", ""value"": ""preferred terms"", ""language_id"": ""en"", ""list_item_id"": ""5f400d39-3b6b-4b8a-939b-4e49787c7444"", ""valuetype_id"": ""prefLabel""}], ""list_id"": ""80028d07-9c98-48cf-84db-f77bc01c8bbc""}]","[{""uri"": ""http://vocab.getty.edu/aat/300388277"", ""labels"": [{""id"": ""39e49408-de39-44db-a191-fe36a5f04cfc"", ""value"": ""English (language)"", ""language_id"": ""en"", ""list_item_id"": ""38729dbe-6d1c-48ce-bf47-e2a18945600e"", ""valuetype_id"": ""prefLabel""}], ""list_id"": ""f7fc4f6d-fd46-4881-846f-4a08bc1a3fef""}]"
58b336ba-e18b-49ce-9c91-97284890ffbd,36956e50-d770-11ef-8f5d-0275dc2ded29,166c7b56-b36e-4cfa-9dc0-7d232f147d69,1,6058f907-2e3d-4c06-93a0-52d4c2ca5d47,"{""en"": {""value"": ""Tong Ren Tang Pharmacy, Beijing"", ""direction"": ""ltr""}}","[{""uri"": ""http://vocab.getty.edu/aat/300404670"", ""labels"": [{""id"": ""b379db2b-3066-4a46-8e8d-f70ad539323e"", ""value"": ""preferred terms"", ""language_id"": ""en"", ""list_item_id"": ""5f400d39-3b6b-4b8a-939b-4e49787c7444"", ""valuetype_id"": ""prefLabel""}], ""list_id"": ""80028d07-9c98-48cf-84db-f77bc01c8bbc""}]","[{""uri"": ""http://vocab.getty.edu/aat/300388277"", ""labels"": [{""id"": ""39e49408-de39-44db-a191-fe36a5f04cfc"", ""value"": ""English (language)"", ""language_id"": ""en"", ""list_item_id"": ""38729dbe-6d1c-48ce-bf47-e2a18945600e"", ""valuetype_id"": ""prefLabel""}], ""list_id"": ""f7fc4f6d-fd46-4881-846f-4a08bc1a3fef""}]"
3605096f-bbc7-44b2-bdae-840a267cf497,36956e50-d770-11ef-8f5d-0275dc2ded29,166c7b56-b36e-4cfa-9dc0-7d232f147d69,1,759387cc-d1d4-4d63-bdde-9c58ab21ebd0,"{""en"": {""value"": ""Polysciences, Inc."", ""direction"": ""ltr""}}","[{""uri"": ""http://vocab.getty.edu/aat/300404670"", ""labels"": [{""id"": ""b379db2b-3066-4a46-8e8d-f70ad539323e"", ""value"": ""preferred terms"", ""language_id"": ""en"", ""list_item_id"": ""5f400d39-3b6b-4b8a-939b-4e49787c7444"", ""valuetype_id"": ""prefLabel""}], ""list_id"": ""80028d07-9c98-48cf-84db-f77bc01c8bbc""}]","[{""uri"": ""http://vocab.getty.edu/aat/300388277"", ""labels"": [{""id"": ""39e49408-de39-44db-a191-fe36a5f04cfc"", ""value"": ""English (language)"", ""language_id"": ""en"", ""list_item_id"": ""38729dbe-6d1c-48ce-bf47-e2a18945600e"", ""valuetype_id"": ""prefLabel""}], ""list_id"": ""f7fc4f6d-fd46-4881-846f-4a08bc1a3fef""}]"
ac052912-48ba-42fe-8b9c-0c82ea8b93ce,36956e50-d770-11ef-8f5d-0275dc2ded29,166c7b56-b36e-4cfa-9dc0-7d232f147d69,1,b77a7da0-6d70-47ee-9ffb-a041f6c4c893,"{""en"": {""value"": ""Mrs. Gooch's Natural Foods"", ""direction"": ""ltr""}}","[{""uri"": ""http://vocab.getty.edu/aat/300404670"", ""labels"": [{""id"": ""b379db2b-3066-4a46-8e8d-f70ad539323e"", ""value"": ""preferred terms"", ""language_id"": ""en"", ""list_item_id"": ""5f400d39-3b6b-4b8a-939b-4e49787c7444"", ""valuetype_id"": ""prefLabel""}], ""list_id"": ""80028d07-9c98-48cf-84db-f77bc01c8bbc""}]","[{""uri"": ""http://vocab.getty.edu/aat/300388277"", ""labels"": [{""id"": ""39e49408-de39-44db-a191-fe36a5f04cfc"", ""value"": ""English (language)"", ""language_id"": ""en"", ""list_item_id"": ""38729dbe-6d1c-48ce-bf47-e2a18945600e"", ""valuetype_id"": ""prefLabel""}], ""list_id"": ""f7fc4f6d-fd46-4881-846f-4a08bc1a3fef""}]"
8edec299-50bb-4d30-95ab-e6f7b4024179,36956e50-d770-11ef-8f5d-0275dc2ded29,166c7b56-b36e-4cfa-9dc0-7d232f147d69,1,3056062e-44a7-49ef-8a4c-b5ef4d4f5b88,"{""en"": {""value"": ""Zimmerman"", ""direction"": ""ltr""}}","[{""uri"": ""http://vocab.getty.edu/aat/300404670"", ""labels"": [{""id"": ""b379db2b-3066-4a46-8e8d-f70ad539323e"", ""value"": ""preferred terms"", ""language_id"": ""en"", ""list_item_id"": ""5f400d39-3b6b-4b8a-939b-4e49787c7444"", ""valuetype_id"": ""prefLabel""}], ""list_id"": ""80028d07-9c98-48cf-84db-f77bc01c8bbc""}]","[{""uri"": ""http://vocab.getty.edu/aat/300388277"", ""labels"": [{""id"": ""39e49408-de39-44db-a191-fe36a5f04cfc"", ""value"": ""English (language)"", ""language_id"": ""en"", ""list_item_id"": ""38729dbe-6d1c-48ce-bf47-e2a18945600e"", ""valuetype_id"": ""prefLabel""}], ""list_id"": ""f7fc4f6d-fd46-4881-846f-4a08bc1a3fef""}]"
8ed6c7c0-cf38-46cb-bde7-2f933f09bac2,36956e50-d770-11ef-8f5d-0275dc2ded29,166c7b56-b36e-4cfa-9dc0-7d232f147d69,1,6c889ccc-2fae-4577-a032-bfc9ef42dade,"{""en"": {""value"": ""LA State"", ""direction"": ""ltr""}}","[{""uri"": ""http://vocab.getty.edu/aat/300404670"", ""labels"": [{""id"": ""b379db2b-3066-4a46-8e8d-f70ad539323e"", ""value"": ""preferred terms"", ""language_id"": ""en"", ""list_item_id"": ""5f400d39-3b6b-4b8a-939b-4e49787c7444"", ""valuetype_id"": ""prefLabel""}], ""list_id"": ""80028d07-9c98-48cf-84db-f77bc01c8bbc""}]","[{""uri"": ""http://vocab.getty.edu/aat/300388277"", ""labels"": [{""id"": ""39e49408-de39-44db-a191-fe36a5f04cfc"", ""value"": ""English (language)"", ""language_id"": ""en"", ""list_item_id"": ""38729dbe-6d1c-48ce-bf47-e2a18945600e"", ""valuetype_id"": ""prefLabel""}], ""list_id"": ""f7fc4f6d-fd46-4881-846f-4a08bc1a3fef""}]"
bfd05c32-ecbf-4937-ba5a-f105c6959a98,36956e50-d770-11ef-8f5d-0275dc2ded29,166c7b56-b36e-4cfa-9dc0-7d232f147d69,1,866fd118-979f-4036-b52e-ea7e110d4321,"{""en"": {""value"": ""Sanford Corp."", ""direction"": ""ltr""}}","[{""uri"": ""http://vocab.getty.edu/aat/300404670"", ""labels"": [{""id"": ""b379db2b-3066-4a46-8e8d-f70ad539323e"", ""value"": ""preferred terms"", ""language_id"": ""en"", ""list_item_id"": ""5f400d39-3b6b-4b8a-939b-4e49787c7444"", ""valuetype_id"": ""prefLabel""}], ""list_id"": ""80028d07-9c98-48cf-84db-f77bc01c8bbc""}]","[{""uri"": ""http://vocab.getty.edu/aat/300388277"", ""labels"": [{""id"": ""39e49408-de39-44db-a191-fe36a5f04cfc"", ""value"": ""English (language)"", ""language_id"": ""en"", ""list_item_id"": ""38729dbe-6d1c-48ce-bf47-e2a18945600e"", ""valuetype_id"": ""prefLabel""}], ""list_id"": ""f7fc4f6d-fd46-4881-846f-4a08bc1a3fef""}]"
c041b240-601c-4217-8b78-7793c3c6b431,36956e50-d770-11ef-8f5d-0275dc2ded29,166c7b56-b36e-4cfa-9dc0-7d232f147d69,1,c5574f0d-a863-4461-a720-c746774368da,"{""en"": {""value"": ""Sigma Chemical Company"", ""direction"": ""ltr""}}","[{""uri"": ""http://vocab.getty.edu/aat/300404670"", ""labels"": [{""id"": ""b379db2b-3066-4a46-8e8d-f70ad539323e"", ""value"": ""preferred terms"", ""language_id"": ""en"", ""list_item_id"": ""5f400d39-3b6b-4b8a-939b-4e49787c7444"", ""valuetype_id"": ""prefLabel""}], ""list_id"": ""80028d07-9c98-48cf-84db-f77bc01c8bbc""}]","[{""uri"": ""http://vocab.getty.edu/aat/300388277"", ""labels"": [{""id"": ""39e49408-de39-44db-a191-fe36a5f04cfc"", ""value"": ""English (language)"", ""language_id"": ""en"", ""list_item_id"": ""38729dbe-6d1c-48ce-bf47-e2a18945600e"", ""valuetype_id"": ""prefLabel""}], ""list_id"": ""f7fc4f6d-fd46-4881-846f-4a08bc1a3fef""}]"
f7a4f651-8c76-40d6-b5b6-1f97063a786f,36956e50-d770-11ef-8f5d-0275dc2ded29,166c7b56-b36e-4cfa-9dc0-7d232f147d69,1,261b2fa4-65ae-4d86-8157-0e2181fe6c34,"{""en"": {""value"": ""Brico"", ""direction"": ""ltr""}}","[{""uri"": ""http://vocab.getty.edu/aat/300404670"", ""labels"": [{""id"": ""b379db2b-3066-4a46-8e8d-f70ad539323e"", ""value"": ""preferred terms"", ""language_id"": ""en"", ""list_item_id"": ""5f400d39-3b6b-4b8a-939b-4e49787c7444"", ""valuetype_id"": ""prefLabel""}], ""list_id"": ""80028d07-9c98-48cf-84db-f77bc01c8bbc""}]","[{""uri"": ""http://vocab.getty.edu/aat/300388277"", ""labels"": [{""id"": ""39e49408-de39-44db-a191-fe36a5f04cfc"", ""value"": ""English (language)"", ""language_id"": ""en"", ""list_item_id"": ""38729dbe-6d1c-48ce-bf47-e2a18945600e"", ""valuetype_id"": ""prefLabel""}], ""list_id"": ""f7fc4f6d-fd46-4881-846f-4a08bc1a3fef""}]"
9c9ce173-9566-4330-9324-82e8809de263,36956e50-d770-11ef-8f5d-0275dc2ded29,166c7b56-b36e-4cfa-9dc0-7d232f147d69,1,3fbb3fcd-3f02-407b-a094-f4b820a1cedc,"{""en"": {""value"": ""Ilford Limited"", ""direction"": ""ltr""}}","[{""uri"": ""http://vocab.getty.edu/aat/300404670"", ""labels"": [{""id"": ""b379db2b-3066-4a46-8e8d-f70ad539323e"", ""value"": ""preferred terms"", ""language_id"": ""en"", ""list_item_id"": ""5f400d39-3b6b-4b8a-939b-4e49787c7444"", ""valuetype_id"": ""prefLabel""}], ""list_id"": ""80028d07-9c98-48cf-84db-f77bc01c8bbc""}]","[{""uri"": ""http://vocab.getty.edu/aat/300388277"", ""labels"": [{""id"": ""39e49408-de39-44db-a191-fe36a5f04cfc"", ""value"": ""English (language)"", ""language_id"": ""en"", ""list_item_id"": ""38729dbe-6d1c-48ce-bf47-e2a18945600e"", ""valuetype_id"": ""prefLabel""}], ""list_id"": ""f7fc4f6d-fd46-4881-846f-4a08bc1a3fef""}]"
49471e83-cf29-4177-9309-2b02c6ee219f,36956e50-d770-11ef-8f5d-0275dc2ded29,166c7b56-b36e-4cfa-9dc0-7d232f147d69,1,bb46b4b6-79ea-4051-a1d1-e4a57e6dcbf9,"{""en"": {""value"": ""Nanda Wickramasinghe"", ""direction"": ""ltr""}}","[{""uri"": ""http://vocab.getty.edu/aat/300404670"", ""labels"": [{""id"": ""b379db2b-3066-4a46-8e8d-f70ad539323e"", ""value"": ""preferred terms"", ""language_id"": ""en"", ""list_item_id"": ""5f400d39-3b6b-4b8a-939b-4e49787c7444"", ""valuetype_id"": ""prefLabel""}], ""list_id"": ""80028d07-9c98-48cf-84db-f77bc01c8bbc""}]","[{""uri"": ""http://vocab.getty.edu/aat/300388277"", ""labels"": [{""id"": ""39e49408-de39-44db-a191-fe36a5f04cfc"", ""value"": ""English (language)"", ""language_id"": ""en"", ""list_item_id"": ""38729dbe-6d1c-48ce-bf47-e2a18945600e"", ""valuetype_id"": ""prefLabel""}], ""list_id"": ""f7fc4f6d-fd46-4881-846f-4a08bc1a3fef""}]"
2203f6e2-2f6e-47e1-96d9-55fa82789c54,36956e50-d770-11ef-8f5d-0275dc2ded29,166c7b56-b36e-4cfa-9dc0-7d232f147d69,1,2b2dad20-f96a-4e7b-b6dc-fe6a62617068,"{""en"": {""value"": ""Panpastel"", ""direction"": ""ltr""}}","[{""uri"": ""http://vocab.getty.edu/aat/300404670"", ""labels"": [{""id"": ""b379db2b-3066-4a46-8e8d-f70ad539323e"", ""value"": ""preferred terms"", ""language_id"": ""en"", ""list_item_id"": ""5f400d39-3b6b-4b8a-939b-4e49787c7444"", ""valuetype_id"": ""prefLabel""}], ""list_id"": ""80028d07-9c98-48cf-84db-f77bc01c8bbc""}]","[{""uri"": ""http://vocab.getty.edu/aat/300388277"", ""labels"": [{""id"": ""39e49408-de39-44db-a191-fe36a5f04cfc"", ""value"": ""English (language)"", ""language_id"": ""en"", ""list_item_id"": ""38729dbe-6d1c-48ce-bf47-e2a18945600e"", ""valuetype_id"": ""prefLabel""}], ""list_id"": ""f7fc4f6d-fd46-4881-846f-4a08bc1a3fef""}]"
21e78a1f-1c52-45f5-9f9a-7d6f0198c78d,36956e50-d770-11ef-8f5d-0275dc2ded29,166c7b56-b36e-4cfa-9dc0-7d232f147d69,1,a0646d54-ccab-43eb-9a3b-bcd3c4d41bc8,"{""en"": {""value"": ""Gamblin Artist Colors"", ""direction"": ""ltr""}}","[{""uri"": ""http://vocab.getty.edu/aat/300404670"", ""labels"": [{""id"": ""b379db2b-3066-4a46-8e8d-f70ad539323e"", ""value"": ""preferred terms"", ""language_id"": ""en"", ""list_item_id"": ""5f400d39-3b6b-4b8a-939b-4e49787c7444"", ""valuetype_id"": ""prefLabel""}], ""list_id"": ""80028d07-9c98-48cf-84db-f77bc01c8bbc""}]","[{""uri"": ""http://vocab.getty.edu/aat/300388277"", ""labels"": [{""id"": ""39e49408-de39-44db-a191-fe36a5f04cfc"", ""value"": ""English (language)"", ""language_id"": ""en"", ""list_item_id"": ""38729dbe-6d1c-48ce-bf47-e2a18945600e"", ""valuetype_id"": ""prefLabel""}], ""list_id"": ""f7fc4f6d-fd46-4881-846f-4a08bc1a3fef""}]"
b3eb611a-2137-4fcb-9aaa-d02c065b8a35,36956e50-d770-11ef-8f5d-0275dc2ded29,166c7b56-b36e-4cfa-9dc0-7d232f147d69,1,3dba3915-75f5-4f18-b6e6-6c5fbddaa9e1,"{""en"": {""value"": ""Verfmolen 'De Kat'"", ""direction"": ""ltr""}}","[{""uri"": ""http://vocab.getty.edu/aat/300404670"", ""labels"": [{""id"": ""b379db2b-3066-4a46-8e8d-f70ad539323e"", ""value"": ""preferred terms"", ""language_id"": ""en"", ""list_item_id"": ""5f400d39-3b6b-4b8a-939b-4e49787c7444"", ""valuetype_id"": ""prefLabel""}], ""list_id"": ""80028d07-9c98-48cf-84db-f77bc01c8bbc""}]","[{""uri"": ""http://vocab.getty.edu/aat/300388277"", ""labels"": [{""id"": ""39e49408-de39-44db-a191-fe36a5f04cfc"", ""value"": ""English (language)"", ""language_id"": ""en"", ""list_item_id"": ""38729dbe-6d1c-48ce-bf47-e2a18945600e"", ""valuetype_id"": ""prefLabel""}], ""list_id"": ""f7fc4f6d-fd46-4881-846f-4a08bc1a3fef""}]"
ab1a59ef-9485-48aa-8439-445dc66fafe9,36956e50-d770-11ef-8f5d-0275dc2ded29,166c7b56-b36e-4cfa-9dc0-7d232f147d69,1,3d9b02b7-0610-4004-8a3e-af22b1818ea7,"{""en"": {""value"": ""Permanent Pigments, Inc."", ""direction"": ""ltr""}}","[{""uri"": ""http://vocab.getty.edu/aat/300404670"", ""labels"": [{""id"": ""b379db2b-3066-4a46-8e8d-f70ad539323e"", ""value"": ""preferred terms"", ""language_id"": ""en"", ""list_item_id"": ""5f400d39-3b6b-4b8a-939b-4e49787c7444"", ""valuetype_id"": ""prefLabel""}], ""list_id"": ""80028d07-9c98-48cf-84db-f77bc01c8bbc""}]","[{""uri"": ""http://vocab.getty.edu/aat/300388277"", ""labels"": [{""id"": ""39e49408-de39-44db-a191-fe36a5f04cfc"", ""value"": ""English (language)"", ""language_id"": ""en"", ""list_item_id"": ""38729dbe-6d1c-48ce-bf47-e2a18945600e"", ""valuetype_id"": ""prefLabel""}], ""list_id"": ""f7fc4f6d-fd46-4881-846f-4a08bc1a3fef""}]"
05064833-5bdc-4738-b718-f65ab0697bef,36956e50-d770-11ef-8f5d-0275dc2ded29,166c7b56-b36e-4cfa-9dc0-7d232f147d69,1,4d5d7c1e-9d85-4282-a4a5-34fe183cf65c,"{""en"": {""value"": ""Niagara"", ""direction"": ""ltr""}}","[{""uri"": ""http://vocab.getty.edu/aat/300404670"", ""labels"": [{""id"": ""b379db2b-3066-4a46-8e8d-f70ad539323e"", ""value"": ""preferred terms"", ""language_id"": ""en"", ""list_item_id"": ""5f400d39-3b6b-4b8a-939b-4e49787c7444"", ""valuetype_id"": ""prefLabel""}], ""list_id"": ""80028d07-9c98-48cf-84db-f77bc01c8bbc""}]","[{""uri"": ""http://vocab.getty.edu/aat/300388277"", ""labels"": [{""id"": ""39e49408-de39-44db-a191-fe36a5f04cfc"", ""value"": ""English (language)"", ""language_id"": ""en"", ""list_item_id"": ""38729dbe-6d1c-48ce-bf47-e2a18945600e"", ""valuetype_id"": ""prefLabel""}], ""list_id"": ""f7fc4f6d-fd46-4881-846f-4a08bc1a3fef""}]"
dc6c4ca3-e06b-4f94-ab75-1711d8a636ed,36956e50-d770-11ef-8f5d-0275dc2ded29,166c7b56-b36e-4cfa-9dc0-7d232f147d69,1,3741bcb7-7dfb-4049-b7d7-9ea4fc350fdb,"{""en"": {""value"": ""JPGM Dec Arts Conservation"", ""direction"": ""ltr""}}","[{""uri"": ""http://vocab.getty.edu/aat/300404670"", ""labels"": [{""id"": ""b379db2b-3066-4a46-8e8d-f70ad539323e"", ""value"": ""preferred terms"", ""language_id"": ""en"", ""list_item_id"": ""5f400d39-3b6b-4b8a-939b-4e49787c7444"", ""valuetype_id"": ""prefLabel""}], ""list_id"": ""80028d07-9c98-48cf-84db-f77bc01c8bbc""}]","[{""uri"": ""http://vocab.getty.edu/aat/300388277"", ""labels"": [{""id"": ""39e49408-de39-44db-a191-fe36a5f04cfc"", ""value"": ""English (language)"", ""language_id"": ""en"", ""list_item_id"": ""38729dbe-6d1c-48ce-bf47-e2a18945600e"", ""valuetype_id"": ""prefLabel""}], ""list_id"": ""f7fc4f6d-fd46-4881-846f-4a08bc1a3fef""}]"
97b4474e-4ddf-4f44-b458-079307ee5556,36956e50-d770-11ef-8f5d-0275dc2ded29,166c7b56-b36e-4cfa-9dc0-7d232f147d69,1,b2b0a303-596a-42a8-acd8-77ef25a9d2c8,"{""en"": {""value"": ""Indio Products, Inc."", ""direction"": ""ltr""}}","[{""uri"": ""http://vocab.getty.edu/aat/300404670"", ""labels"": [{""id"": ""b379db2b-3066-4a46-8e8d-f70ad539323e"", ""value"": ""preferred terms"", ""language_id"": ""en"", ""list_item_id"": ""5f400d39-3b6b-4b8a-939b-4e49787c7444"", ""valuetype_id"": ""prefLabel""}], ""list_id"": ""80028d07-9c98-48cf-84db-f77bc01c8bbc""}]","[{""uri"": ""http://vocab.getty.edu/aat/300388277"", ""labels"": [{""id"": ""39e49408-de39-44db-a191-fe36a5f04cfc"", ""value"": ""English (language)"", ""language_id"": ""en"", ""list_item_id"": ""38729dbe-6d1c-48ce-bf47-e2a18945600e"", ""valuetype_id"": ""prefLabel""}], ""list_id"": ""f7fc4f6d-fd46-4881-846f-4a08bc1a3fef""}]"
dfd2a9b7-f253-45b3-80ed-9de78cf5e041,36956e50-d770-11ef-8f5d-0275dc2ded29,166c7b56-b36e-4cfa-9dc0-7d232f147d69,1,37ca50a1-0607-4653-9f72-36304897e266,"{""en"": {""value"": ""3M Italia S.P.A."", ""direction"": ""ltr""}}","[{""uri"": ""http://vocab.getty.edu/aat/300404670"", ""labels"": [{""id"": ""b379db2b-3066-4a46-8e8d-f70ad539323e"", ""value"": ""preferred terms"", ""language_id"": ""en"", ""list_item_id"": ""5f400d39-3b6b-4b8a-939b-4e49787c7444"", ""valuetype_id"": ""prefLabel""}], ""list_id"": ""80028d07-9c98-48cf-84db-f77bc01c8bbc""}]","[{""uri"": ""http://vocab.getty.edu/aat/300388277"", ""labels"": [{""id"": ""39e49408-de39-44db-a191-fe36a5f04cfc"", ""value"": ""English (language)"", ""language_id"": ""en"", ""list_item_id"": ""38729dbe-6d1c-48ce-bf47-e2a18945600e"", ""valuetype_id"": ""prefLabel""}], ""list_id"": ""f7fc4f6d-fd46-4881-846f-4a08bc1a3fef""}]"
7061755a-5f9a-40c3-b45b-4f3345f0ad74,36956e50-d770-11ef-8f5d-0275dc2ded29,166c7b56-b36e-4cfa-9dc0-7d232f147d69,1,fdca8f04-bde4-4f98-b8cc-d18ae2fa237e,"{""en"": {""value"": ""Ellis & Everard"", ""direction"": ""ltr""}}","[{""uri"": ""http://vocab.getty.edu/aat/300404670"", ""labels"": [{""id"": ""b379db2b-3066-4a46-8e8d-f70ad539323e"", ""value"": ""preferred terms"", ""language_id"": ""en"", ""list_item_id"": ""5f400d39-3b6b-4b8a-939b-4e49787c7444"", ""valuetype_id"": ""prefLabel""}], ""list_id"": ""80028d07-9c98-48cf-84db-f77bc01c8bbc""}]","[{""uri"": ""http://vocab.getty.edu/aat/300388277"", ""labels"": [{""id"": ""39e49408-de39-44db-a191-fe36a5f04cfc"", ""value"": ""English (language)"", ""language_id"": ""en"", ""list_item_id"": ""38729dbe-6d1c-48ce-bf47-e2a18945600e"", ""valuetype_id"": ""prefLabel""}], ""list_id"": ""f7fc4f6d-fd46-4881-846f-4a08bc1a3fef""}]"
dba322e7-8e19-4e55-8f90-433eb6dbc81d,36956e50-d770-11ef-8f5d-0275dc2ded29,166c7b56-b36e-4cfa-9dc0-7d232f147d69,1,4e6dfe0c-7b86-4f24-bb9a-f44df32c5362,"{""en"": {""value"": ""Wei T'o Associates, Inc."", ""direction"": ""ltr""}}","[{""uri"": ""http://vocab.getty.edu/aat/300404670"", ""labels"": [{""id"": ""b379db2b-3066-4a46-8e8d-f70ad539323e"", ""value"": ""preferred terms"", ""language_id"": ""en"", ""list_item_id"": ""5f400d39-3b6b-4b8a-939b-4e49787c7444"", ""valuetype_id"": ""prefLabel""}], ""list_id"": ""80028d07-9c98-48cf-84db-f77bc01c8bbc""}]","[{""uri"": ""http://vocab.getty.edu/aat/300388277"", ""labels"": [{""id"": ""39e49408-de39-44db-a191-fe36a5f04cfc"", ""value"": ""English (language)"", ""language_id"": ""en"", ""list_item_id"": ""38729dbe-6d1c-48ce-bf47-e2a18945600e"", ""valuetype_id"": ""prefLabel""}], ""list_id"": ""f7fc4f6d-fd46-4881-846f-4a08bc1a3fef""}]"
ecb0153d-c029-48bd-b3ed-ff5d5a255337,36956e50-d770-11ef-8f5d-0275dc2ded29,166c7b56-b36e-4cfa-9dc0-7d232f147d69,1,bdcc89cb-2f37-46c4-b8a3-caf3f093a766,"{""en"": {""value"": ""Flying Eagle Oil Colours M512"", ""direction"": ""ltr""}}","[{""uri"": ""http://vocab.getty.edu/aat/300404670"", ""labels"": [{""id"": ""b379db2b-3066-4a46-8e8d-f70ad539323e"", ""value"": ""preferred terms"", ""language_id"": ""en"", ""list_item_id"": ""5f400d39-3b6b-4b8a-939b-4e49787c7444"", ""valuetype_id"": ""prefLabel""}], ""list_id"": ""80028d07-9c98-48cf-84db-f77bc01c8bbc""}]","[{""uri"": ""http://vocab.getty.edu/aat/300388277"", ""labels"": [{""id"": ""39e49408-de39-44db-a191-fe36a5f04cfc"", ""value"": ""English (language)"", ""language_id"": ""en"", ""list_item_id"": ""38729dbe-6d1c-48ce-bf47-e2a18945600e"", ""valuetype_id"": ""prefLabel""}], ""list_id"": ""f7fc4f6d-fd46-4881-846f-4a08bc1a3fef""}]"
ce1c13af-2adb-48c0-a436-6946a0365882,36956e50-d770-11ef-8f5d-0275dc2ded29,166c7b56-b36e-4cfa-9dc0-7d232f147d69,1,ac6c4baa-cb45-4fe6-a5ad-c86b0c78dedf,"{""en"": {""value"": ""Fabbriche Riunite Metalli"", ""direction"": ""ltr""}}","[{""uri"": ""http://vocab.getty.edu/aat/300404670"", ""labels"": [{""id"": ""b379db2b-3066-4a46-8e8d-f70ad539323e"", ""value"": ""preferred terms"", ""language_id"": ""en"", ""list_item_id"": ""5f400d39-3b6b-4b8a-939b-4e49787c7444"", ""valuetype_id"": ""prefLabel""}], ""list_id"": ""80028d07-9c98-48cf-84db-f77bc01c8bbc""}]","[{""uri"": ""http://vocab.getty.edu/aat/300388277"", ""labels"": [{""id"": ""39e49408-de39-44db-a191-fe36a5f04cfc"", ""value"": ""English (language)"", ""language_id"": ""en"", ""list_item_id"": ""38729dbe-6d1c-48ce-bf47-e2a18945600e"", ""valuetype_id"": ""prefLabel""}], ""list_id"": ""f7fc4f6d-fd46-4881-846f-4a08bc1a3fef""}]"
0a84c07d-138c-41e9-be15-b4b114891ae0,36956e50-d770-11ef-8f5d-0275dc2ded29,166c7b56-b36e-4cfa-9dc0-7d232f147d69,1,a5d76dfe-a686-4cac-ba8c-f65dd3864453,"{""en"": {""value"": ""Harman Technology Limited"", ""direction"": ""ltr""}}","[{""uri"": ""http://vocab.getty.edu/aat/300404670"", ""labels"": [{""id"": ""b379db2b-3066-4a46-8e8d-f70ad539323e"", ""value"": ""preferred terms"", ""language_id"": ""en"", ""list_item_id"": ""5f400d39-3b6b-4b8a-939b-4e49787c7444"", ""valuetype_id"": ""prefLabel""}], ""list_id"": ""80028d07-9c98-48cf-84db-f77bc01c8bbc""}]","[{""uri"": ""http://vocab.getty.edu/aat/300388277"", ""labels"": [{""id"": ""39e49408-de39-44db-a191-fe36a5f04cfc"", ""value"": ""English (language)"", ""language_id"": ""en"", ""list_item_id"": ""38729dbe-6d1c-48ce-bf47-e2a18945600e"", ""valuetype_id"": ""prefLabel""}], ""list_id"": ""f7fc4f6d-fd46-4881-846f-4a08bc1a3fef""}]"
0658a821-647e-45cb-9620-11fdc2030e9d,36956e50-d770-11ef-8f5d-0275dc2ded29,166c7b56-b36e-4cfa-9dc0-7d232f147d69,1,1cf255b8-7c09-4db9-b93b-ff3ab11a7045,"{""en"": {""value"": ""Charles Trentelman"", ""direction"": ""ltr""}}","[{""uri"": ""http://vocab.getty.edu/aat/300404670"", ""labels"": [{""id"": ""b379db2b-3066-4a46-8e8d-f70ad539323e"", ""value"": ""preferred terms"", ""language_id"": ""en"", ""list_item_id"": ""5f400d39-3b6b-4b8a-939b-4e49787c7444"", ""valuetype_id"": ""prefLabel""}], ""list_id"": ""80028d07-9c98-48cf-84db-f77bc01c8bbc""}]","[{""uri"": ""http://vocab.getty.edu/aat/300388277"", ""labels"": [{""id"": ""39e49408-de39-44db-a191-fe36a5f04cfc"", ""value"": ""English (language)"", ""language_id"": ""en"", ""list_item_id"": ""38729dbe-6d1c-48ce-bf47-e2a18945600e"", ""valuetype_id"": ""prefLabel""}], ""list_id"": ""f7fc4f6d-fd46-4881-846f-4a08bc1a3fef""}]"
f253dd8e-827e-4ec4-9815-2d717129eec1,36956e50-d770-11ef-8f5d-0275dc2ded29,166c7b56-b36e-4cfa-9dc0-7d232f147d69,1,08c0a205-05aa-4342-9eb0-5253a29182ab,"{""en"": {""value"": ""H. Schmincke & Company"", ""direction"": ""ltr""}}","[{""uri"": ""http://vocab.getty.edu/aat/300404670"", ""labels"": [{""id"": ""b379db2b-3066-4a46-8e8d-f70ad539323e"", ""value"": ""preferred terms"", ""language_id"": ""en"", ""list_item_id"": ""5f400d39-3b6b-4b8a-939b-4e49787c7444"", ""valuetype_id"": ""prefLabel""}], ""list_id"": ""80028d07-9c98-48cf-84db-f77bc01c8bbc""}]","[{""uri"": ""http://vocab.getty.edu/aat/300388277"", ""labels"": [{""id"": ""39e49408-de39-44db-a191-fe36a5f04cfc"", ""value"": ""English (language)"", ""language_id"": ""en"", ""list_item_id"": ""38729dbe-6d1c-48ce-bf47-e2a18945600e"", ""valuetype_id"": ""prefLabel""}], ""list_id"": ""f7fc4f6d-fd46-4881-846f-4a08bc1a3fef""}]"
027d5987-a0d1-4fb3-9c8d-6fea9361ab68,36956e50-d770-11ef-8f5d-0275dc2ded29,166c7b56-b36e-4cfa-9dc0-7d232f147d69,1,0aef404d-770e-4430-9e99-8f63c12912a6,"{""en"": {""value"": ""Sue Gatenby"", ""direction"": ""ltr""}}","[{""uri"": ""http://vocab.getty.edu/aat/300404670"", ""labels"": [{""id"": ""b379db2b-3066-4a46-8e8d-f70ad539323e"", ""value"": ""preferred terms"", ""language_id"": ""en"", ""list_item_id"": ""5f400d39-3b6b-4b8a-939b-4e49787c7444"", ""valuetype_id"": ""prefLabel""}], ""list_id"": ""80028d07-9c98-48cf-84db-f77bc01c8bbc""}]","[{""uri"": ""http://vocab.getty.edu/aat/300388277"", ""labels"": [{""id"": ""39e49408-de39-44db-a191-fe36a5f04cfc"", ""value"": ""English (language)"", ""language_id"": ""en"", ""list_item_id"": ""38729dbe-6d1c-48ce-bf47-e2a18945600e"", ""valuetype_id"": ""prefLabel""}], ""list_id"": ""f7fc4f6d-fd46-4881-846f-4a08bc1a3fef""}]"
e3a212ca-da38-40a4-b1cd-3bdaa08fa97b,36956e50-d770-11ef-8f5d-0275dc2ded29,166c7b56-b36e-4cfa-9dc0-7d232f147d69,1,58d30121-b21c-4f71-a10b-81123827d6bd,"{""en"": {""value"": ""Lukas"", ""direction"": ""ltr""}}","[{""uri"": ""http://vocab.getty.edu/aat/300404670"", ""labels"": [{""id"": ""b379db2b-3066-4a46-8e8d-f70ad539323e"", ""value"": ""preferred terms"", ""language_id"": ""en"", ""list_item_id"": ""5f400d39-3b6b-4b8a-939b-4e49787c7444"", ""valuetype_id"": ""prefLabel""}], ""list_id"": ""80028d07-9c98-48cf-84db-f77bc01c8bbc""}]","[{""uri"": ""http://vocab.getty.edu/aat/300388277"", ""labels"": [{""id"": ""39e49408-de39-44db-a191-fe36a5f04cfc"", ""value"": ""English (language)"", ""language_id"": ""en"", ""list_item_id"": ""38729dbe-6d1c-48ce-bf47-e2a18945600e"", ""valuetype_id"": ""prefLabel""}], ""list_id"": ""f7fc4f6d-fd46-4881-846f-4a08bc1a3fef""}]"
8ad18b1d-a2db-44af-9170-e2c36651312d,36956e50-d770-11ef-8f5d-0275dc2ded29,166c7b56-b36e-4cfa-9dc0-7d232f147d69,1,64054fe5-cfb7-4259-8192-749af974cc1d,"{""en"": {""value"": ""CPC Int'l Inc. (successor to T. Kingsford & Son)"", ""direction"": ""ltr""}}","[{""uri"": ""http://vocab.getty.edu/aat/300404670"", ""labels"": [{""id"": ""b379db2b-3066-4a46-8e8d-f70ad539323e"", ""value"": ""preferred terms"", ""language_id"": ""en"", ""list_item_id"": ""5f400d39-3b6b-4b8a-939b-4e49787c7444"", ""valuetype_id"": ""prefLabel""}], ""list_id"": ""80028d07-9c98-48cf-84db-f77bc01c8bbc""}]","[{""uri"": ""http://vocab.getty.edu/aat/300388277"", ""labels"": [{""id"": ""39e49408-de39-44db-a191-fe36a5f04cfc"", ""value"": ""English (language)"", ""language_id"": ""en"", ""list_item_id"": ""38729dbe-6d1c-48ce-bf47-e2a18945600e"", ""valuetype_id"": ""prefLabel""}], ""list_id"": ""f7fc4f6d-fd46-4881-846f-4a08bc1a3fef""}]"
33163cf5-54f8-408e-ac3d-db8d5a75ff85,36956e50-d770-11ef-8f5d-0275dc2ded29,166c7b56-b36e-4cfa-9dc0-7d232f147d69,1,0adb6d8b-037c-4fd6-81e9-e531a6990161,"{""en"": {""value"": ""Rohm & Haas"", ""direction"": ""ltr""}}","[{""uri"": ""http://vocab.getty.edu/aat/300404670"", ""labels"": [{""id"": ""b379db2b-3066-4a46-8e8d-f70ad539323e"", ""value"": ""preferred terms"", ""language_id"": ""en"", ""list_item_id"": ""5f400d39-3b6b-4b8a-939b-4e49787c7444"", ""valuetype_id"": ""prefLabel""}], ""list_id"": ""80028d07-9c98-48cf-84db-f77bc01c8bbc""}]","[{""uri"": ""http://vocab.getty.edu/aat/300388277"", ""labels"": [{""id"": ""39e49408-de39-44db-a191-fe36a5f04cfc"", ""value"": ""English (language)"", ""language_id"": ""en"", ""list_item_id"": ""38729dbe-6d1c-48ce-bf47-e2a18945600e"", ""valuetype_id"": ""prefLabel""}], ""list_id"": ""f7fc4f6d-fd46-4881-846f-4a08bc1a3fef""}]"
38ba07e2-cb45-438a-8d96-4de7b2edcf48,36956e50-d770-11ef-8f5d-0275dc2ded29,166c7b56-b36e-4cfa-9dc0-7d232f147d69,1,449f05f7-9913-41e5-9dbf-0c5dd1116bf4,"{""en"": {""value"": ""David Davis Artist Materials & Services"", ""direction"": ""ltr""}}","[{""uri"": ""http://vocab.getty.edu/aat/300404670"", ""labels"": [{""id"": ""b379db2b-3066-4a46-8e8d-f70ad539323e"", ""value"": ""preferred terms"", ""language_id"": ""en"", ""list_item_id"": ""5f400d39-3b6b-4b8a-939b-4e49787c7444"", ""valuetype_id"": ""prefLabel""}], ""list_id"": ""80028d07-9c98-48cf-84db-f77bc01c8bbc""}]","[{""uri"": ""http://vocab.getty.edu/aat/300388277"", ""labels"": [{""id"": ""39e49408-de39-44db-a191-fe36a5f04cfc"", ""value"": ""English (language)"", ""language_id"": ""en"", ""list_item_id"": ""38729dbe-6d1c-48ce-bf47-e2a18945600e"", ""valuetype_id"": ""prefLabel""}], ""list_id"": ""f7fc4f6d-fd46-4881-846f-4a08bc1a3fef""}]"
43aede8f-07ea-4ac2-921d-80787657c2ad,36956e50-d770-11ef-8f5d-0275dc2ded29,166c7b56-b36e-4cfa-9dc0-7d232f147d69,1,f4ea0343-91b5-4ed2-919d-72fa97de2f79,"{""en"": {""value"": ""Scientific Polymer Products, Inc."", ""direction"": ""ltr""}}","[{""uri"": ""http://vocab.getty.edu/aat/300404670"", ""labels"": [{""id"": ""b379db2b-3066-4a46-8e8d-f70ad539323e"", ""value"": ""preferred terms"", ""language_id"": ""en"", ""list_item_id"": ""5f400d39-3b6b-4b8a-939b-4e49787c7444"", ""valuetype_id"": ""prefLabel""}], ""list_id"": ""80028d07-9c98-48cf-84db-f77bc01c8bbc""}]","[{""uri"": ""http://vocab.getty.edu/aat/300388277"", ""labels"": [{""id"": ""39e49408-de39-44db-a191-fe36a5f04cfc"", ""value"": ""English (language)"", ""language_id"": ""en"", ""list_item_id"": ""38729dbe-6d1c-48ce-bf47-e2a18945600e"", ""valuetype_id"": ""prefLabel""}], ""list_id"": ""f7fc4f6d-fd46-4881-846f-4a08bc1a3fef""}]"
36685c75-d96b-4bad-a80c-390d2c28710a,36956e50-d770-11ef-8f5d-0275dc2ded29,166c7b56-b36e-4cfa-9dc0-7d232f147d69,1,71eb5d08-cebd-43ef-aff7-a68a42554b64,"{""en"": {""value"": ""Ripon Microslides Laboratory"", ""direction"": ""ltr""}}","[{""uri"": ""http://vocab.getty.edu/aat/300404670"", ""labels"": [{""id"": ""b379db2b-3066-4a46-8e8d-f70ad539323e"", ""value"": ""preferred terms"", ""language_id"": ""en"", ""list_item_id"": ""5f400d39-3b6b-4b8a-939b-4e49787c7444"", ""valuetype_id"": ""prefLabel""}], ""list_id"": ""80028d07-9c98-48cf-84db-f77bc01c8bbc""}]","[{""uri"": ""http://vocab.getty.edu/aat/300388277"", ""labels"": [{""id"": ""39e49408-de39-44db-a191-fe36a5f04cfc"", ""value"": ""English (language)"", ""language_id"": ""en"", ""list_item_id"": ""38729dbe-6d1c-48ce-bf47-e2a18945600e"", ""valuetype_id"": ""prefLabel""}], ""list_id"": ""f7fc4f6d-fd46-4881-846f-4a08bc1a3fef""}]"
93c83ca6-64d2-43b4-b5cd-cca0e3695038,36956e50-d770-11ef-8f5d-0275dc2ded29,166c7b56-b36e-4cfa-9dc0-7d232f147d69,1,2f32ed81-42f1-4974-a098-673c42e118ca,"{""en"": {""value"": ""Binney & Smith"", ""direction"": ""ltr""}}","[{""uri"": ""http://vocab.getty.edu/aat/300404670"", ""labels"": [{""id"": ""b379db2b-3066-4a46-8e8d-f70ad539323e"", ""value"": ""preferred terms"", ""language_id"": ""en"", ""list_item_id"": ""5f400d39-3b6b-4b8a-939b-4e49787c7444"", ""valuetype_id"": ""prefLabel""}], ""list_id"": ""80028d07-9c98-48cf-84db-f77bc01c8bbc""}]","[{""uri"": ""http://vocab.getty.edu/aat/300388277"", ""labels"": [{""id"": ""39e49408-de39-44db-a191-fe36a5f04cfc"", ""value"": ""English (language)"", ""language_id"": ""en"", ""list_item_id"": ""38729dbe-6d1c-48ce-bf47-e2a18945600e"", ""valuetype_id"": ""prefLabel""}], ""list_id"": ""f7fc4f6d-fd46-4881-846f-4a08bc1a3fef""}]"
09744f4c-bbf7-4303-86e7-9b4da3d48866,36956e50-d770-11ef-8f5d-0275dc2ded29,166c7b56-b36e-4cfa-9dc0-7d232f147d69,1,a2bc511d-3747-4c23-9fe6-210dcbc48a39,"{""en"": {""value"": ""Billings & Stover"", ""direction"": ""ltr""}}","[{""uri"": ""http://vocab.getty.edu/aat/300404670"", ""labels"": [{""id"": ""b379db2b-3066-4a46-8e8d-f70ad539323e"", ""value"": ""preferred terms"", ""language_id"": ""en"", ""list_item_id"": ""5f400d39-3b6b-4b8a-939b-4e49787c7444"", ""valuetype_id"": ""prefLabel""}], ""list_id"": ""80028d07-9c98-48cf-84db-f77bc01c8bbc""}]","[{""uri"": ""http://vocab.getty.edu/aat/300388277"", ""labels"": [{""id"": ""39e49408-de39-44db-a191-fe36a5f04cfc"", ""value"": ""English (language)"", ""language_id"": ""en"", ""list_item_id"": ""38729dbe-6d1c-48ce-bf47-e2a18945600e"", ""valuetype_id"": ""prefLabel""}], ""list_id"": ""f7fc4f6d-fd46-4881-846f-4a08bc1a3fef""}]"
2db20330-cfb5-4b32-b73b-b0ad850f555d,36956e50-d770-11ef-8f5d-0275dc2ded29,166c7b56-b36e-4cfa-9dc0-7d232f147d69,1,86b4a91d-912f-42c0-9937-ab5461a72be4,"{""en"": {""value"": ""Acrilex Tintas Especiais"", ""direction"": ""ltr""}}","[{""uri"": ""http://vocab.getty.edu/aat/300404670"", ""labels"": [{""id"": ""b379db2b-3066-4a46-8e8d-f70ad539323e"", ""value"": ""preferred terms"", ""language_id"": ""en"", ""list_item_id"": ""5f400d39-3b6b-4b8a-939b-4e49787c7444"", ""valuetype_id"": ""prefLabel""}], ""list_id"": ""80028d07-9c98-48cf-84db-f77bc01c8bbc""}]","[{""uri"": ""http://vocab.getty.edu/aat/300388277"", ""labels"": [{""id"": ""39e49408-de39-44db-a191-fe36a5f04cfc"", ""value"": ""English (language)"", ""language_id"": ""en"", ""list_item_id"": ""38729dbe-6d1c-48ce-bf47-e2a18945600e"", ""valuetype_id"": ""prefLabel""}], ""list_id"": ""f7fc4f6d-fd46-4881-846f-4a08bc1a3fef""}]"
47fb76db-72c3-470a-96a9-b1b8c9d9d095,36956e50-d770-11ef-8f5d-0275dc2ded29,166c7b56-b36e-4cfa-9dc0-7d232f147d69,1,d977f772-d58f-445a-a98f-f10f04e2cbdf,"{""en"": {""value"": ""Pelikan"", ""direction"": ""ltr""}}","[{""uri"": ""http://vocab.getty.edu/aat/300404670"", ""labels"": [{""id"": ""b379db2b-3066-4a46-8e8d-f70ad539323e"", ""value"": ""preferred terms"", ""language_id"": ""en"", ""list_item_id"": ""5f400d39-3b6b-4b8a-939b-4e49787c7444"", ""valuetype_id"": ""prefLabel""}], ""list_id"": ""80028d07-9c98-48cf-84db-f77bc01c8bbc""}]","[{""uri"": ""http://vocab.getty.edu/aat/300388277"", ""labels"": [{""id"": ""39e49408-de39-44db-a191-fe36a5f04cfc"", ""value"": ""English (language)"", ""language_id"": ""en"", ""list_item_id"": ""38729dbe-6d1c-48ce-bf47-e2a18945600e"", ""valuetype_id"": ""prefLabel""}], ""list_id"": ""f7fc4f6d-fd46-4881-846f-4a08bc1a3fef""}]"
727fd676-16a0-428c-a452-595d07a8dc4b,36956e50-d770-11ef-8f5d-0275dc2ded29,166c7b56-b36e-4cfa-9dc0-7d232f147d69,1,38171584-1829-4c6d-8e2b-be1727999fe6,"{""en"": {""value"": ""Zecchi"", ""direction"": ""ltr""}}","[{""uri"": ""http://vocab.getty.edu/aat/300404670"", ""labels"": [{""id"": ""b379db2b-3066-4a46-8e8d-f70ad539323e"", ""value"": ""preferred terms"", ""language_id"": ""en"", ""list_item_id"": ""5f400d39-3b6b-4b8a-939b-4e49787c7444"", ""valuetype_id"": ""prefLabel""}], ""list_id"": ""80028d07-9c98-48cf-84db-f77bc01c8bbc""}]","[{""uri"": ""http://vocab.getty.edu/aat/300388277"", ""labels"": [{""id"": ""39e49408-de39-44db-a191-fe36a5f04cfc"", ""value"": ""English (language)"", ""language_id"": ""en"", ""list_item_id"": ""38729dbe-6d1c-48ce-bf47-e2a18945600e"", ""valuetype_id"": ""prefLabel""}], ""list_id"": ""f7fc4f6d-fd46-4881-846f-4a08bc1a3fef""}]"
ba60eaf7-6c56-44fb-a7e8-8d16f3037459,36956e50-d770-11ef-8f5d-0275dc2ded29,166c7b56-b36e-4cfa-9dc0-7d232f147d69,1,b0750c50-d044-42dd-af34-174f17b9b250,"{""en"": {""value"": ""Liquitex Artist Materials"", ""direction"": ""ltr""}}","[{""uri"": ""http://vocab.getty.edu/aat/300404670"", ""labels"": [{""id"": ""b379db2b-3066-4a46-8e8d-f70ad539323e"", ""value"": ""preferred terms"", ""language_id"": ""en"", ""list_item_id"": ""5f400d39-3b6b-4b8a-939b-4e49787c7444"", ""valuetype_id"": ""prefLabel""}], ""list_id"": ""80028d07-9c98-48cf-84db-f77bc01c8bbc""}]","[{""uri"": ""http://vocab.getty.edu/aat/300388277"", ""labels"": [{""id"": ""39e49408-de39-44db-a191-fe36a5f04cfc"", ""value"": ""English (language)"", ""language_id"": ""en"", ""list_item_id"": ""38729dbe-6d1c-48ce-bf47-e2a18945600e"", ""valuetype_id"": ""prefLabel""}], ""list_id"": ""f7fc4f6d-fd46-4881-846f-4a08bc1a3fef""}]"
152730cd-ef56-42dc-8652-8d39d0959265,36956e50-d770-11ef-8f5d-0275dc2ded29,166c7b56-b36e-4cfa-9dc0-7d232f147d69,1,63299d0b-241b-429e-ac81-fab281eb28c1,"{""en"": {""value"": ""Testfabrics Inc."", ""direction"": ""ltr""}}","[{""uri"": ""http://vocab.getty.edu/aat/300404670"", ""labels"": [{""id"": ""b379db2b-3066-4a46-8e8d-f70ad539323e"", ""value"": ""preferred terms"", ""language_id"": ""en"", ""list_item_id"": ""5f400d39-3b6b-4b8a-939b-4e49787c7444"", ""valuetype_id"": ""prefLabel""}], ""list_id"": ""80028d07-9c98-48cf-84db-f77bc01c8bbc""}]","[{""uri"": ""http://vocab.getty.edu/aat/300388277"", ""labels"": [{""id"": ""39e49408-de39-44db-a191-fe36a5f04cfc"", ""value"": ""English (language)"", ""language_id"": ""en"", ""list_item_id"": ""38729dbe-6d1c-48ce-bf47-e2a18945600e"", ""valuetype_id"": ""prefLabel""}], ""list_id"": ""f7fc4f6d-fd46-4881-846f-4a08bc1a3fef""}]"
466a2eaa-a401-4cad-ac9c-596e16f361c1,36956e50-d770-11ef-8f5d-0275dc2ded29,166c7b56-b36e-4cfa-9dc0-7d232f147d69,1,edfb48c5-3312-4e65-8fb5-af9b9f627a10,"{""en"": {""value"": ""Canadian Conservation Institute"", ""direction"": ""ltr""}}","[{""uri"": ""http://vocab.getty.edu/aat/300404670"", ""labels"": [{""id"": ""b379db2b-3066-4a46-8e8d-f70ad539323e"", ""value"": ""preferred terms"", ""language_id"": ""en"", ""list_item_id"": ""5f400d39-3b6b-4b8a-939b-4e49787c7444"", ""valuetype_id"": ""prefLabel""}], ""list_id"": ""80028d07-9c98-48cf-84db-f77bc01c8bbc""}]","[{""uri"": ""http://vocab.getty.edu/aat/300388277"", ""labels"": [{""id"": ""39e49408-de39-44db-a191-fe36a5f04cfc"", ""value"": ""English (language)"", ""language_id"": ""en"", ""list_item_id"": ""38729dbe-6d1c-48ce-bf47-e2a18945600e"", ""valuetype_id"": ""prefLabel""}], ""list_id"": ""f7fc4f6d-fd46-4881-846f-4a08bc1a3fef""}]"
a5bda1ef-6e4c-44ca-9f6d-bf3f772df66e,36956e50-d770-11ef-8f5d-0275dc2ded29,166c7b56-b36e-4cfa-9dc0-7d232f147d69,1,85c08961-52d4-4e85-b8f2-b5be8eefed15,"{""en"": {""value"": ""Roy Trop. Inst., Amsterdam"", ""direction"": ""ltr""}}","[{""uri"": ""http://vocab.getty.edu/aat/300404670"", ""labels"": [{""id"": ""b379db2b-3066-4a46-8e8d-f70ad539323e"", ""value"": ""preferred terms"", ""language_id"": ""en"", ""list_item_id"": ""5f400d39-3b6b-4b8a-939b-4e49787c7444"", ""valuetype_id"": ""prefLabel""}], ""list_id"": ""80028d07-9c98-48cf-84db-f77bc01c8bbc""}]","[{""uri"": ""http://vocab.getty.edu/aat/300388277"", ""labels"": [{""id"": ""39e49408-de39-44db-a191-fe36a5f04cfc"", ""value"": ""English (language)"", ""language_id"": ""en"", ""list_item_id"": ""38729dbe-6d1c-48ce-bf47-e2a18945600e"", ""valuetype_id"": ""prefLabel""}], ""list_id"": ""f7fc4f6d-fd46-4881-846f-4a08bc1a3fef""}]"
e07b692d-f538-49de-a9b5-5470f35fa767,36956e50-d770-11ef-8f5d-0275dc2ded29,166c7b56-b36e-4cfa-9dc0-7d232f147d69,1,53441dcd-c6dc-4ea9-b008-f50ab0f44035,"{""en"": {""value"": ""C. Stavroudis"", ""direction"": ""ltr""}}","[{""uri"": ""http://vocab.getty.edu/aat/300404670"", ""labels"": [{""id"": ""b379db2b-3066-4a46-8e8d-f70ad539323e"", ""value"": ""preferred terms"", ""language_id"": ""en"", ""list_item_id"": ""5f400d39-3b6b-4b8a-939b-4e49787c7444"", ""valuetype_id"": ""prefLabel""}], ""list_id"": ""80028d07-9c98-48cf-84db-f77bc01c8bbc""}]","[{""uri"": ""http://vocab.getty.edu/aat/300388277"", ""labels"": [{""id"": ""39e49408-de39-44db-a191-fe36a5f04cfc"", ""value"": ""English (language)"", ""language_id"": ""en"", ""list_item_id"": ""38729dbe-6d1c-48ce-bf47-e2a18945600e"", ""valuetype_id"": ""prefLabel""}], ""list_id"": ""f7fc4f6d-fd46-4881-846f-4a08bc1a3fef""}]"
08d7e749-8ef3-4652-8c5f-59b860e0cad5,36956e50-d770-11ef-8f5d-0275dc2ded29,166c7b56-b36e-4cfa-9dc0-7d232f147d69,1,96ab96f0-b40b-4b06-b60e-44e3bfa52048,"{""en"": {""value"": ""China Anhui Ink \""Xin Xian, Lao Hu Kaiwen\"" Ink factory"", ""direction"": ""ltr""}}","[{""uri"": ""http://vocab.getty.edu/aat/300404670"", ""labels"": [{""id"": ""b379db2b-3066-4a46-8e8d-f70ad539323e"", ""value"": ""preferred terms"", ""language_id"": ""en"", ""list_item_id"": ""5f400d39-3b6b-4b8a-939b-4e49787c7444"", ""valuetype_id"": ""prefLabel""}], ""list_id"": ""80028d07-9c98-48cf-84db-f77bc01c8bbc""}]","[{""uri"": ""http://vocab.getty.edu/aat/300388277"", ""labels"": [{""id"": ""39e49408-de39-44db-a191-fe36a5f04cfc"", ""value"": ""English (language)"", ""language_id"": ""en"", ""list_item_id"": ""38729dbe-6d1c-48ce-bf47-e2a18945600e"", ""valuetype_id"": ""prefLabel""}], ""list_id"": ""f7fc4f6d-fd46-4881-846f-4a08bc1a3fef""}]"
a2ae4cac-a644-40f2-86c0-00d4b5064355,36956e50-d770-11ef-8f5d-0275dc2ded29,166c7b56-b36e-4cfa-9dc0-7d232f147d69,1,b53a2a38-9419-4eec-84bd-d939f2243b39,"{""en"": {""value"": ""Rockwool Manufacturing Co."", ""direction"": ""ltr""}}","[{""uri"": ""http://vocab.getty.edu/aat/300404670"", ""labels"": [{""id"": ""b379db2b-3066-4a46-8e8d-f70ad539323e"", ""value"": ""preferred terms"", ""language_id"": ""en"", ""list_item_id"": ""5f400d39-3b6b-4b8a-939b-4e49787c7444"", ""valuetype_id"": ""prefLabel""}], ""list_id"": ""80028d07-9c98-48cf-84db-f77bc01c8bbc""}]","[{""uri"": ""http://vocab.getty.edu/aat/300388277"", ""labels"": [{""id"": ""39e49408-de39-44db-a191-fe36a5f04cfc"", ""value"": ""English (language)"", ""language_id"": ""en"", ""list_item_id"": ""38729dbe-6d1c-48ce-bf47-e2a18945600e"", ""valuetype_id"": ""prefLabel""}], ""list_id"": ""f7fc4f6d-fd46-4881-846f-4a08bc1a3fef""}]"
ffa0b557-817f-4edc-a498-70a7389cf8f6,36956e50-d770-11ef-8f5d-0275dc2ded29,166c7b56-b36e-4cfa-9dc0-7d232f147d69,1,a7f23b0c-85e1-4630-a254-0fc2289e78c4,"{""en"": {""value"": ""Kodak Limited"", ""direction"": ""ltr""}}","[{""uri"": ""http://vocab.getty.edu/aat/300404670"", ""labels"": [{""id"": ""b379db2b-3066-4a46-8e8d-f70ad539323e"", ""value"": ""preferred terms"", ""language_id"": ""en"", ""list_item_id"": ""5f400d39-3b6b-4b8a-939b-4e49787c7444"", ""valuetype_id"": ""prefLabel""}], ""list_id"": ""80028d07-9c98-48cf-84db-f77bc01c8bbc""}]","[{""uri"": ""http://vocab.getty.edu/aat/300388277"", ""labels"": [{""id"": ""39e49408-de39-44db-a191-fe36a5f04cfc"", ""value"": ""English (language)"", ""language_id"": ""en"", ""list_item_id"": ""38729dbe-6d1c-48ce-bf47-e2a18945600e"", ""valuetype_id"": ""prefLabel""}], ""list_id"": ""f7fc4f6d-fd46-4881-846f-4a08bc1a3fef""}]"
edb48f26-cafc-4fb4-9ed8-0ab6e6bb0f92,36956e50-d770-11ef-8f5d-0275dc2ded29,166c7b56-b36e-4cfa-9dc0-7d232f147d69,1,b924bf57-97dc-41ff-9274-0188612f5f24,"{""en"": {""value"": ""Dept. store on Wangfujing St., Beijing"", ""direction"": ""ltr""}}","[{""uri"": ""http://vocab.getty.edu/aat/300404670"", ""labels"": [{""id"": ""b379db2b-3066-4a46-8e8d-f70ad539323e"", ""value"": ""preferred terms"", ""language_id"": ""en"", ""list_item_id"": ""5f400d39-3b6b-4b8a-939b-4e49787c7444"", ""valuetype_id"": ""prefLabel""}], ""list_id"": ""80028d07-9c98-48cf-84db-f77bc01c8bbc""}]","[{""uri"": ""http://vocab.getty.edu/aat/300388277"", ""labels"": [{""id"": ""39e49408-de39-44db-a191-fe36a5f04cfc"", ""value"": ""English (language)"", ""language_id"": ""en"", ""list_item_id"": ""38729dbe-6d1c-48ce-bf47-e2a18945600e"", ""valuetype_id"": ""prefLabel""}], ""list_id"": ""f7fc4f6d-fd46-4881-846f-4a08bc1a3fef""}]"
c68361b8-6f90-4a7e-b5ec-6e4e766fc824,36956e50-d770-11ef-8f5d-0275dc2ded29,166c7b56-b36e-4cfa-9dc0-7d232f147d69,1,d8256fc2-1c00-4622-8886-c1dd1b1bf3eb,"{""en"": {""value"": ""Farm in Dunhuang, China"", ""direction"": ""ltr""}}","[{""uri"": ""http://vocab.getty.edu/aat/300404670"", ""labels"": [{""id"": ""b379db2b-3066-4a46-8e8d-f70ad539323e"", ""value"": ""preferred terms"", ""language_id"": ""en"", ""list_item_id"": ""5f400d39-3b6b-4b8a-939b-4e49787c7444"", ""valuetype_id"": ""prefLabel""}], ""list_id"": ""80028d07-9c98-48cf-84db-f77bc01c8bbc""}]","[{""uri"": ""http://vocab.getty.edu/aat/300388277"", ""labels"": [{""id"": ""39e49408-de39-44db-a191-fe36a5f04cfc"", ""value"": ""English (language)"", ""language_id"": ""en"", ""list_item_id"": ""38729dbe-6d1c-48ce-bf47-e2a18945600e"", ""valuetype_id"": ""prefLabel""}], ""list_id"": ""f7fc4f6d-fd46-4881-846f-4a08bc1a3fef""}]"
20bd8696-b16f-444f-83ce-78d6d6e9d742,36956e50-d770-11ef-8f5d-0275dc2ded29,166c7b56-b36e-4cfa-9dc0-7d232f147d69,1,284d8d19-9820-411c-9933-6788937468d0,"{""en"": {""value"": ""Eimer and Amend"", ""direction"": ""ltr""}}","[{""uri"": ""http://vocab.getty.edu/aat/300404670"", ""labels"": [{""id"": ""b379db2b-3066-4a46-8e8d-f70ad539323e"", ""value"": ""preferred terms"", ""language_id"": ""en"", ""list_item_id"": ""5f400d39-3b6b-4b8a-939b-4e49787c7444"", ""valuetype_id"": ""prefLabel""}], ""list_id"": ""80028d07-9c98-48cf-84db-f77bc01c8bbc""}]","[{""uri"": ""http://vocab.getty.edu/aat/300388277"", ""labels"": [{""id"": ""39e49408-de39-44db-a191-fe36a5f04cfc"", ""value"": ""English (language)"", ""language_id"": ""en"", ""list_item_id"": ""38729dbe-6d1c-48ce-bf47-e2a18945600e"", ""valuetype_id"": ""prefLabel""}], ""list_id"": ""f7fc4f6d-fd46-4881-846f-4a08bc1a3fef""}]"
c4932a51-ecf2-4926-9f6d-5b34ce07b2a2,36956e50-d770-11ef-8f5d-0275dc2ded29,166c7b56-b36e-4cfa-9dc0-7d232f147d69,1,4721ac80-d480-423a-ad9b-7f68430dc755,"{""en"": {""value"": ""Tolvebra SA"", ""direction"": ""ltr""}}","[{""uri"": ""http://vocab.getty.edu/aat/300404670"", ""labels"": [{""id"": ""b379db2b-3066-4a46-8e8d-f70ad539323e"", ""value"": ""preferred terms"", ""language_id"": ""en"", ""list_item_id"": ""5f400d39-3b6b-4b8a-939b-4e49787c7444"", ""valuetype_id"": ""prefLabel""}], ""list_id"": ""80028d07-9c98-48cf-84db-f77bc01c8bbc""}]","[{""uri"": ""http://vocab.getty.edu/aat/300388277"", ""labels"": [{""id"": ""39e49408-de39-44db-a191-fe36a5f04cfc"", ""value"": ""English (language)"", ""language_id"": ""en"", ""list_item_id"": ""38729dbe-6d1c-48ce-bf47-e2a18945600e"", ""valuetype_id"": ""prefLabel""}], ""list_id"": ""f7fc4f6d-fd46-4881-846f-4a08bc1a3fef""}]"
2b070add-0304-43c0-ac33-ac71382c97f1,36956e50-d770-11ef-8f5d-0275dc2ded29,166c7b56-b36e-4cfa-9dc0-7d232f147d69,1,1323498c-b29d-400c-b08a-80ed5648921b,"{""en"": {""value"": ""The Italian Art Store"", ""direction"": ""ltr""}}","[{""uri"": ""http://vocab.getty.edu/aat/300404670"", ""labels"": [{""id"": ""b379db2b-3066-4a46-8e8d-f70ad539323e"", ""value"": ""preferred terms"", ""language_id"": ""en"", ""list_item_id"": ""5f400d39-3b6b-4b8a-939b-4e49787c7444"", ""valuetype_id"": ""prefLabel""}], ""list_id"": ""80028d07-9c98-48cf-84db-f77bc01c8bbc""}]","[{""uri"": ""http://vocab.getty.edu/aat/300388277"", ""labels"": [{""id"": ""39e49408-de39-44db-a191-fe36a5f04cfc"", ""value"": ""English (language)"", ""language_id"": ""en"", ""list_item_id"": ""38729dbe-6d1c-48ce-bf47-e2a18945600e"", ""valuetype_id"": ""prefLabel""}], ""list_id"": ""f7fc4f6d-fd46-4881-846f-4a08bc1a3fef""}]"
9a90a2a1-b397-4dfb-9685-9453ef6ee699,36956e50-d770-11ef-8f5d-0275dc2ded29,166c7b56-b36e-4cfa-9dc0-7d232f147d69,1,fce7fb19-4164-42b2-9027-78e98a96c689,"{""en"": {""value"": ""Ninon"", ""direction"": ""ltr""}}","[{""uri"": ""http://vocab.getty.edu/aat/300404670"", ""labels"": [{""id"": ""b379db2b-3066-4a46-8e8d-f70ad539323e"", ""value"": ""preferred terms"", ""language_id"": ""en"", ""list_item_id"": ""5f400d39-3b6b-4b8a-939b-4e49787c7444"", ""valuetype_id"": ""prefLabel""}], ""list_id"": ""80028d07-9c98-48cf-84db-f77bc01c8bbc""}]","[{""uri"": ""http://vocab.getty.edu/aat/300388277"", ""labels"": [{""id"": ""39e49408-de39-44db-a191-fe36a5f04cfc"", ""value"": ""English (language)"", ""language_id"": ""en"", ""list_item_id"": ""38729dbe-6d1c-48ce-bf47-e2a18945600e"", ""valuetype_id"": ""prefLabel""}], ""list_id"": ""f7fc4f6d-fd46-4881-846f-4a08bc1a3fef""}]"
b67ce9a4-55f0-4ee8-9c0b-f168b32bb8ea,36956e50-d770-11ef-8f5d-0275dc2ded29,166c7b56-b36e-4cfa-9dc0-7d232f147d69,1,4badd237-bdce-4746-ab28-01adc70d81e3,"{""en"": {""value"": ""K-Line"", ""direction"": ""ltr""}}","[{""uri"": ""http://vocab.getty.edu/aat/300404670"", ""labels"": [{""id"": ""b379db2b-3066-4a46-8e8d-f70ad539323e"", ""value"": ""preferred terms"", ""language_id"": ""en"", ""list_item_id"": ""5f400d39-3b6b-4b8a-939b-4e49787c7444"", ""valuetype_id"": ""prefLabel""}], ""list_id"": ""80028d07-9c98-48cf-84db-f77bc01c8bbc""}]","[{""uri"": ""http://vocab.getty.edu/aat/300388277"", ""labels"": [{""id"": ""39e49408-de39-44db-a191-fe36a5f04cfc"", ""value"": ""English (language)"", ""language_id"": ""en"", ""list_item_id"": ""38729dbe-6d1c-48ce-bf47-e2a18945600e"", ""valuetype_id"": ""prefLabel""}], ""list_id"": ""f7fc4f6d-fd46-4881-846f-4a08bc1a3fef""}]"
58242f22-3756-41e4-b833-f818f590ae68,36956e50-d770-11ef-8f5d-0275dc2ded29,166c7b56-b36e-4cfa-9dc0-7d232f147d69,1,4b618045-8f9d-471a-9453-37f3030654d7,"{""en"": {""value"": ""Polaroid Corporation"", ""direction"": ""ltr""}}","[{""uri"": ""http://vocab.getty.edu/aat/300404670"", ""labels"": [{""id"": ""b379db2b-3066-4a46-8e8d-f70ad539323e"", ""value"": ""preferred terms"", ""language_id"": ""en"", ""list_item_id"": ""5f400d39-3b6b-4b8a-939b-4e49787c7444"", ""valuetype_id"": ""prefLabel""}], ""list_id"": ""80028d07-9c98-48cf-84db-f77bc01c8bbc""}]","[{""uri"": ""http://vocab.getty.edu/aat/300388277"", ""labels"": [{""id"": ""39e49408-de39-44db-a191-fe36a5f04cfc"", ""value"": ""English (language)"", ""language_id"": ""en"", ""list_item_id"": ""38729dbe-6d1c-48ce-bf47-e2a18945600e"", ""valuetype_id"": ""prefLabel""}], ""list_id"": ""f7fc4f6d-fd46-4881-846f-4a08bc1a3fef""}]"
a7cf9bbe-6a85-4f96-b956-657e35dac704,36956e50-d770-11ef-8f5d-0275dc2ded29,166c7b56-b36e-4cfa-9dc0-7d232f147d69,1,50bde0c1-6b8e-4169-80f4-8b724aa6f641,"{""en"": {""value"": ""Forte Photochemical Co."", ""direction"": ""ltr""}}","[{""uri"": ""http://vocab.getty.edu/aat/300404670"", ""labels"": [{""id"": ""b379db2b-3066-4a46-8e8d-f70ad539323e"", ""value"": ""preferred terms"", ""language_id"": ""en"", ""list_item_id"": ""5f400d39-3b6b-4b8a-939b-4e49787c7444"", ""valuetype_id"": ""prefLabel""}], ""list_id"": ""80028d07-9c98-48cf-84db-f77bc01c8bbc""}]","[{""uri"": ""http://vocab.getty.edu/aat/300388277"", ""labels"": [{""id"": ""39e49408-de39-44db-a191-fe36a5f04cfc"", ""value"": ""English (language)"", ""language_id"": ""en"", ""list_item_id"": ""38729dbe-6d1c-48ce-bf47-e2a18945600e"", ""valuetype_id"": ""prefLabel""}], ""list_id"": ""f7fc4f6d-fd46-4881-846f-4a08bc1a3fef""}]"
66d84c63-1a46-4a0a-a2f3-ea6d772cdd45,36956e50-d770-11ef-8f5d-0275dc2ded29,166c7b56-b36e-4cfa-9dc0-7d232f147d69,1,efd12762-9e95-46af-83a0-15e83a11fe7e,"{""en"": {""value"": ""Clariant"", ""direction"": ""ltr""}}","[{""uri"": ""http://vocab.getty.edu/aat/300404670"", ""labels"": [{""id"": ""b379db2b-3066-4a46-8e8d-f70ad539323e"", ""value"": ""preferred terms"", ""language_id"": ""en"", ""list_item_id"": ""5f400d39-3b6b-4b8a-939b-4e49787c7444"", ""valuetype_id"": ""prefLabel""}], ""list_id"": ""80028d07-9c98-48cf-84db-f77bc01c8bbc""}]","[{""uri"": ""http://vocab.getty.edu/aat/300388277"", ""labels"": [{""id"": ""39e49408-de39-44db-a191-fe36a5f04cfc"", ""value"": ""English (language)"", ""language_id"": ""en"", ""list_item_id"": ""38729dbe-6d1c-48ce-bf47-e2a18945600e"", ""valuetype_id"": ""prefLabel""}], ""list_id"": ""f7fc4f6d-fd46-4881-846f-4a08bc1a3fef""}]"
6227829a-3fe7-4aa8-bc52-a92278548bce,36956e50-d770-11ef-8f5d-0275dc2ded29,166c7b56-b36e-4cfa-9dc0-7d232f147d69,1,55b18e36-a543-4246-8d76-9668fce1b68a,"{""en"": {""value"": ""Berk Ltd."", ""direction"": ""ltr""}}","[{""uri"": ""http://vocab.getty.edu/aat/300404670"", ""labels"": [{""id"": ""b379db2b-3066-4a46-8e8d-f70ad539323e"", ""value"": ""preferred terms"", ""language_id"": ""en"", ""list_item_id"": ""5f400d39-3b6b-4b8a-939b-4e49787c7444"", ""valuetype_id"": ""prefLabel""}], ""list_id"": ""80028d07-9c98-48cf-84db-f77bc01c8bbc""}]","[{""uri"": ""http://vocab.getty.edu/aat/300388277"", ""labels"": [{""id"": ""39e49408-de39-44db-a191-fe36a5f04cfc"", ""value"": ""English (language)"", ""language_id"": ""en"", ""list_item_id"": ""38729dbe-6d1c-48ce-bf47-e2a18945600e"", ""valuetype_id"": ""prefLabel""}], ""list_id"": ""f7fc4f6d-fd46-4881-846f-4a08bc1a3fef""}]"
1b90b5cc-5570-4eb0-bfc2-f0d87e826119,36956e50-d770-11ef-8f5d-0275dc2ded29,166c7b56-b36e-4cfa-9dc0-7d232f147d69,1,6407a8af-0ce5-4d06-a070-a80c364341b0,"{""en"": {""value"": ""Phillips"", ""direction"": ""ltr""}}","[{""uri"": ""http://vocab.getty.edu/aat/300404670"", ""labels"": [{""id"": ""b379db2b-3066-4a46-8e8d-f70ad539323e"", ""value"": ""preferred terms"", ""language_id"": ""en"", ""list_item_id"": ""5f400d39-3b6b-4b8a-939b-4e49787c7444"", ""valuetype_id"": ""prefLabel""}], ""list_id"": ""80028d07-9c98-48cf-84db-f77bc01c8bbc""}]","[{""uri"": ""http://vocab.getty.edu/aat/300388277"", ""labels"": [{""id"": ""39e49408-de39-44db-a191-fe36a5f04cfc"", ""value"": ""English (language)"", ""language_id"": ""en"", ""list_item_id"": ""38729dbe-6d1c-48ce-bf47-e2a18945600e"", ""valuetype_id"": ""prefLabel""}], ""list_id"": ""f7fc4f6d-fd46-4881-846f-4a08bc1a3fef""}]"
b6aa5240-d8c4-4bc7-a31c-d7b9b839ef71,36956e50-d770-11ef-8f5d-0275dc2ded29,166c7b56-b36e-4cfa-9dc0-7d232f147d69,1,707b07e0-5ab3-4698-bbe6-e1fb4d2b263b,"{""en"": {""value"": ""M. Bishop"", ""direction"": ""ltr""}}","[{""uri"": ""http://vocab.getty.edu/aat/300404670"", ""labels"": [{""id"": ""b379db2b-3066-4a46-8e8d-f70ad539323e"", ""value"": ""preferred terms"", ""language_id"": ""en"", ""list_item_id"": ""5f400d39-3b6b-4b8a-939b-4e49787c7444"", ""valuetype_id"": ""prefLabel""}], ""list_id"": ""80028d07-9c98-48cf-84db-f77bc01c8bbc""}]","[{""uri"": ""http://vocab.getty.edu/aat/300388277"", ""labels"": [{""id"": ""39e49408-de39-44db-a191-fe36a5f04cfc"", ""value"": ""English (language)"", ""language_id"": ""en"", ""list_item_id"": ""38729dbe-6d1c-48ce-bf47-e2a18945600e"", ""valuetype_id"": ""prefLabel""}], ""list_id"": ""f7fc4f6d-fd46-4881-846f-4a08bc1a3fef""}]"
4cdc9dc8-30be-4423-ac59-a92b6a797851,36956e50-d770-11ef-8f5d-0275dc2ded29,166c7b56-b36e-4cfa-9dc0-7d232f147d69,1,ca64c8dc-50f4-47b9-94a3-4f89792f7f96,"{""en"": {""value"": ""King Chong Hong"", ""direction"": ""ltr""}}","[{""uri"": ""http://vocab.getty.edu/aat/300404670"", ""labels"": [{""id"": ""b379db2b-3066-4a46-8e8d-f70ad539323e"", ""value"": ""preferred terms"", ""language_id"": ""en"", ""list_item_id"": ""5f400d39-3b6b-4b8a-939b-4e49787c7444"", ""valuetype_id"": ""prefLabel""}], ""list_id"": ""80028d07-9c98-48cf-84db-f77bc01c8bbc""}]","[{""uri"": ""http://vocab.getty.edu/aat/300388277"", ""labels"": [{""id"": ""39e49408-de39-44db-a191-fe36a5f04cfc"", ""value"": ""English (language)"", ""language_id"": ""en"", ""list_item_id"": ""38729dbe-6d1c-48ce-bf47-e2a18945600e"", ""valuetype_id"": ""prefLabel""}], ""list_id"": ""f7fc4f6d-fd46-4881-846f-4a08bc1a3fef""}]"
d30f8a38-98f9-4a78-8ff5-3aecaa7cb58b,36956e50-d770-11ef-8f5d-0275dc2ded29,166c7b56-b36e-4cfa-9dc0-7d232f147d69,1,f8e54b3d-bd8c-4a07-aeeb-1cc0fee292c5,"{""en"": {""value"": ""Canadian Kodak Co."", ""direction"": ""ltr""}}","[{""uri"": ""http://vocab.getty.edu/aat/300404670"", ""labels"": [{""id"": ""b379db2b-3066-4a46-8e8d-f70ad539323e"", ""value"": ""preferred terms"", ""language_id"": ""en"", ""list_item_id"": ""5f400d39-3b6b-4b8a-939b-4e49787c7444"", ""valuetype_id"": ""prefLabel""}], ""list_id"": ""80028d07-9c98-48cf-84db-f77bc01c8bbc""}]","[{""uri"": ""http://vocab.getty.edu/aat/300388277"", ""labels"": [{""id"": ""39e49408-de39-44db-a191-fe36a5f04cfc"", ""value"": ""English (language)"", ""language_id"": ""en"", ""list_item_id"": ""38729dbe-6d1c-48ce-bf47-e2a18945600e"", ""valuetype_id"": ""prefLabel""}], ""list_id"": ""f7fc4f6d-fd46-4881-846f-4a08bc1a3fef""}]"
bee82cf9-2824-46c3-8a4f-9700a0a6a988,36956e50-d770-11ef-8f5d-0275dc2ded29,166c7b56-b36e-4cfa-9dc0-7d232f147d69,1,e93dd9b6-d6b9-4f04-a6a8-01bfab1fa665,"{""en"": {""value"": ""Swift and Company"", ""direction"": ""ltr""}}","[{""uri"": ""http://vocab.getty.edu/aat/300404670"", ""labels"": [{""id"": ""b379db2b-3066-4a46-8e8d-f70ad539323e"", ""value"": ""preferred terms"", ""language_id"": ""en"", ""list_item_id"": ""5f400d39-3b6b-4b8a-939b-4e49787c7444"", ""valuetype_id"": ""prefLabel""}], ""list_id"": ""80028d07-9c98-48cf-84db-f77bc01c8bbc""}]","[{""uri"": ""http://vocab.getty.edu/aat/300388277"", ""labels"": [{""id"": ""39e49408-de39-44db-a191-fe36a5f04cfc"", ""value"": ""English (language)"", ""language_id"": ""en"", ""list_item_id"": ""38729dbe-6d1c-48ce-bf47-e2a18945600e"", ""valuetype_id"": ""prefLabel""}], ""list_id"": ""f7fc4f6d-fd46-4881-846f-4a08bc1a3fef""}]"
af690254-9cfa-4039-8506-972549805fe9,36956e50-d770-11ef-8f5d-0275dc2ded29,166c7b56-b36e-4cfa-9dc0-7d232f147d69,1,f7f35275-d9a4-4f96-9f54-cb1dafe4f0cd,"{""en"": {""value"": ""Shelton Turkey Ranch"", ""direction"": ""ltr""}}","[{""uri"": ""http://vocab.getty.edu/aat/300404670"", ""labels"": [{""id"": ""b379db2b-3066-4a46-8e8d-f70ad539323e"", ""value"": ""preferred terms"", ""language_id"": ""en"", ""list_item_id"": ""5f400d39-3b6b-4b8a-939b-4e49787c7444"", ""valuetype_id"": ""prefLabel""}], ""list_id"": ""80028d07-9c98-48cf-84db-f77bc01c8bbc""}]","[{""uri"": ""http://vocab.getty.edu/aat/300388277"", ""labels"": [{""id"": ""39e49408-de39-44db-a191-fe36a5f04cfc"", ""value"": ""English (language)"", ""language_id"": ""en"", ""list_item_id"": ""38729dbe-6d1c-48ce-bf47-e2a18945600e"", ""valuetype_id"": ""prefLabel""}], ""list_id"": ""f7fc4f6d-fd46-4881-846f-4a08bc1a3fef""}]"
8099abd7-a4e2-474d-9158-d717c79f9d8c,36956e50-d770-11ef-8f5d-0275dc2ded29,166c7b56-b36e-4cfa-9dc0-7d232f147d69,1,10edec44-24d9-40cd-8b08-cdec4f9a41a6,"{""en"": {""value"": ""Archer Daniels Midland"", ""direction"": ""ltr""}}","[{""uri"": ""http://vocab.getty.edu/aat/300404670"", ""labels"": [{""id"": ""b379db2b-3066-4a46-8e8d-f70ad539323e"", ""value"": ""preferred terms"", ""language_id"": ""en"", ""list_item_id"": ""5f400d39-3b6b-4b8a-939b-4e49787c7444"", ""valuetype_id"": ""prefLabel""}], ""list_id"": ""80028d07-9c98-48cf-84db-f77bc01c8bbc""}]","[{""uri"": ""http://vocab.getty.edu/aat/300388277"", ""labels"": [{""id"": ""39e49408-de39-44db-a191-fe36a5f04cfc"", ""value"": ""English (language)"", ""language_id"": ""en"", ""list_item_id"": ""38729dbe-6d1c-48ce-bf47-e2a18945600e"", ""valuetype_id"": ""prefLabel""}], ""list_id"": ""f7fc4f6d-fd46-4881-846f-4a08bc1a3fef""}]"
545fd4ef-1c78-494f-aa3a-b47ebf259003,36956e50-d770-11ef-8f5d-0275dc2ded29,166c7b56-b36e-4cfa-9dc0-7d232f147d69,1,91b6a369-b633-4845-90fa-1b0cecb4b05c,"{""en"": {""value"": ""Baker Chemical Company"", ""direction"": ""ltr""}}","[{""uri"": ""http://vocab.getty.edu/aat/300404670"", ""labels"": [{""id"": ""b379db2b-3066-4a46-8e8d-f70ad539323e"", ""value"": ""preferred terms"", ""language_id"": ""en"", ""list_item_id"": ""5f400d39-3b6b-4b8a-939b-4e49787c7444"", ""valuetype_id"": ""prefLabel""}], ""list_id"": ""80028d07-9c98-48cf-84db-f77bc01c8bbc""}]","[{""uri"": ""http://vocab.getty.edu/aat/300388277"", ""labels"": [{""id"": ""39e49408-de39-44db-a191-fe36a5f04cfc"", ""value"": ""English (language)"", ""language_id"": ""en"", ""list_item_id"": ""38729dbe-6d1c-48ce-bf47-e2a18945600e"", ""valuetype_id"": ""prefLabel""}], ""list_id"": ""f7fc4f6d-fd46-4881-846f-4a08bc1a3fef""}]"
c478c273-ff9d-45a9-819c-8fae5fec8381,36956e50-d770-11ef-8f5d-0275dc2ded29,166c7b56-b36e-4cfa-9dc0-7d232f147d69,1,16bf518c-d094-4fd6-9c27-7007afdacd8e,"{""en"": {""value"": ""Rite Aid"", ""direction"": ""ltr""}}","[{""uri"": ""http://vocab.getty.edu/aat/300404670"", ""labels"": [{""id"": ""b379db2b-3066-4a46-8e8d-f70ad539323e"", ""value"": ""preferred terms"", ""language_id"": ""en"", ""list_item_id"": ""5f400d39-3b6b-4b8a-939b-4e49787c7444"", ""valuetype_id"": ""prefLabel""}], ""list_id"": ""80028d07-9c98-48cf-84db-f77bc01c8bbc""}]","[{""uri"": ""http://vocab.getty.edu/aat/300388277"", ""labels"": [{""id"": ""39e49408-de39-44db-a191-fe36a5f04cfc"", ""value"": ""English (language)"", ""language_id"": ""en"", ""list_item_id"": ""38729dbe-6d1c-48ce-bf47-e2a18945600e"", ""valuetype_id"": ""prefLabel""}], ""list_id"": ""f7fc4f6d-fd46-4881-846f-4a08bc1a3fef""}]"
a1e29020-7aa4-46da-87bc-556367f423bc,36956e50-d770-11ef-8f5d-0275dc2ded29,166c7b56-b36e-4cfa-9dc0-7d232f147d69,1,685ced70-99f1-468b-8247-94e77efc1a05,"{""en"": {""value"": ""Hero"", ""direction"": ""ltr""}}","[{""uri"": ""http://vocab.getty.edu/aat/300404670"", ""labels"": [{""id"": ""b379db2b-3066-4a46-8e8d-f70ad539323e"", ""value"": ""preferred terms"", ""language_id"": ""en"", ""list_item_id"": ""5f400d39-3b6b-4b8a-939b-4e49787c7444"", ""valuetype_id"": ""prefLabel""}], ""list_id"": ""80028d07-9c98-48cf-84db-f77bc01c8bbc""}]","[{""uri"": ""http://vocab.getty.edu/aat/300388277"", ""labels"": [{""id"": ""39e49408-de39-44db-a191-fe36a5f04cfc"", ""value"": ""English (language)"", ""language_id"": ""en"", ""list_item_id"": ""38729dbe-6d1c-48ce-bf47-e2a18945600e"", ""valuetype_id"": ""prefLabel""}], ""list_id"": ""f7fc4f6d-fd46-4881-846f-4a08bc1a3fef""}]"
61e4f910-b8e3-41e1-bbf1-c7a768b86989,36956e50-d770-11ef-8f5d-0275dc2ded29,166c7b56-b36e-4cfa-9dc0-7d232f147d69,1,af3e5020-ff25-49fe-8401-755ac81b1577,"{""en"": {""value"": ""Imp. by Pacific Veg Oil Corp"", ""direction"": ""ltr""}}","[{""uri"": ""http://vocab.getty.edu/aat/300404670"", ""labels"": [{""id"": ""b379db2b-3066-4a46-8e8d-f70ad539323e"", ""value"": ""preferred terms"", ""language_id"": ""en"", ""list_item_id"": ""5f400d39-3b6b-4b8a-939b-4e49787c7444"", ""valuetype_id"": ""prefLabel""}], ""list_id"": ""80028d07-9c98-48cf-84db-f77bc01c8bbc""}]","[{""uri"": ""http://vocab.getty.edu/aat/300388277"", ""labels"": [{""id"": ""39e49408-de39-44db-a191-fe36a5f04cfc"", ""value"": ""English (language)"", ""language_id"": ""en"", ""list_item_id"": ""38729dbe-6d1c-48ce-bf47-e2a18945600e"", ""valuetype_id"": ""prefLabel""}], ""list_id"": ""f7fc4f6d-fd46-4881-846f-4a08bc1a3fef""}]"
952d22b8-829f-458b-94d9-73bc9dc7036e,36956e50-d770-11ef-8f5d-0275dc2ded29,166c7b56-b36e-4cfa-9dc0-7d232f147d69,1,b342ddc0-d5f1-488b-9480-82b93cfefc94,"{""en"": {""value"": ""Eastman Kodak Co."", ""direction"": ""ltr""}}","[{""uri"": ""http://vocab.getty.edu/aat/300404670"", ""labels"": [{""id"": ""b379db2b-3066-4a46-8e8d-f70ad539323e"", ""value"": ""preferred terms"", ""language_id"": ""en"", ""list_item_id"": ""5f400d39-3b6b-4b8a-939b-4e49787c7444"", ""valuetype_id"": ""prefLabel""}], ""list_id"": ""80028d07-9c98-48cf-84db-f77bc01c8bbc""}]","[{""uri"": ""http://vocab.getty.edu/aat/300388277"", ""labels"": [{""id"": ""39e49408-de39-44db-a191-fe36a5f04cfc"", ""value"": ""English (language)"", ""language_id"": ""en"", ""list_item_id"": ""38729dbe-6d1c-48ce-bf47-e2a18945600e"", ""valuetype_id"": ""prefLabel""}], ""list_id"": ""f7fc4f6d-fd46-4881-846f-4a08bc1a3fef""}]"
ffc4dcae-3323-44b7-985e-31f920875010,36956e50-d770-11ef-8f5d-0275dc2ded29,166c7b56-b36e-4cfa-9dc0-7d232f147d69,1,846b941c-4ade-45d3-bc59-b6b6f8d40656,"{""en"": {""value"": ""Spilbeck"", ""direction"": ""ltr""}}","[{""uri"": ""http://vocab.getty.edu/aat/300404670"", ""labels"": [{""id"": ""b379db2b-3066-4a46-8e8d-f70ad539323e"", ""value"": ""preferred terms"", ""language_id"": ""en"", ""list_item_id"": ""5f400d39-3b6b-4b8a-939b-4e49787c7444"", ""valuetype_id"": ""prefLabel""}], ""list_id"": ""80028d07-9c98-48cf-84db-f77bc01c8bbc""}]","[{""uri"": ""http://vocab.getty.edu/aat/300388277"", ""labels"": [{""id"": ""39e49408-de39-44db-a191-fe36a5f04cfc"", ""value"": ""English (language)"", ""language_id"": ""en"", ""list_item_id"": ""38729dbe-6d1c-48ce-bf47-e2a18945600e"", ""valuetype_id"": ""prefLabel""}], ""list_id"": ""f7fc4f6d-fd46-4881-846f-4a08bc1a3fef""}]"
1a1853f2-8f27-4d59-adc5-14b5874dbc56,36956e50-d770-11ef-8f5d-0275dc2ded29,166c7b56-b36e-4cfa-9dc0-7d232f147d69,1,4838207c-3885-40bc-bee0-14abfbc70587,"{""en"": {""value"": ""Buehler Ltd."", ""direction"": ""ltr""}}","[{""uri"": ""http://vocab.getty.edu/aat/300404670"", ""labels"": [{""id"": ""b379db2b-3066-4a46-8e8d-f70ad539323e"", ""value"": ""preferred terms"", ""language_id"": ""en"", ""list_item_id"": ""5f400d39-3b6b-4b8a-939b-4e49787c7444"", ""valuetype_id"": ""prefLabel""}], ""list_id"": ""80028d07-9c98-48cf-84db-f77bc01c8bbc""}]","[{""uri"": ""http://vocab.getty.edu/aat/300388277"", ""labels"": [{""id"": ""39e49408-de39-44db-a191-fe36a5f04cfc"", ""value"": ""English (language)"", ""language_id"": ""en"", ""list_item_id"": ""38729dbe-6d1c-48ce-bf47-e2a18945600e"", ""valuetype_id"": ""prefLabel""}], ""list_id"": ""f7fc4f6d-fd46-4881-846f-4a08bc1a3fef""}]"
50321433-34bd-4eeb-993d-62bfaa228637,36956e50-d770-11ef-8f5d-0275dc2ded29,166c7b56-b36e-4cfa-9dc0-7d232f147d69,1,8b4fe3bd-0265-433e-9bfb-b2d39e2a7b4c,"{""en"": {""value"": ""IPS Corporation"", ""direction"": ""ltr""}}","[{""uri"": ""http://vocab.getty.edu/aat/300404670"", ""labels"": [{""id"": ""b379db2b-3066-4a46-8e8d-f70ad539323e"", ""value"": ""preferred terms"", ""language_id"": ""en"", ""list_item_id"": ""5f400d39-3b6b-4b8a-939b-4e49787c7444"", ""valuetype_id"": ""prefLabel""}], ""list_id"": ""80028d07-9c98-48cf-84db-f77bc01c8bbc""}]","[{""uri"": ""http://vocab.getty.edu/aat/300388277"", ""labels"": [{""id"": ""39e49408-de39-44db-a191-fe36a5f04cfc"", ""value"": ""English (language)"", ""language_id"": ""en"", ""list_item_id"": ""38729dbe-6d1c-48ce-bf47-e2a18945600e"", ""valuetype_id"": ""prefLabel""}], ""list_id"": ""f7fc4f6d-fd46-4881-846f-4a08bc1a3fef""}]"
0f6b3104-cec2-4f59-8171-6135b2cf1271,36956e50-d770-11ef-8f5d-0275dc2ded29,166c7b56-b36e-4cfa-9dc0-7d232f147d69,1,f648a25e-5fa2-4247-b114-57df409cc3e3,"{""en"": {""value"": ""Buchner & Son"", ""direction"": ""ltr""}}","[{""uri"": ""http://vocab.getty.edu/aat/300404670"", ""labels"": [{""id"": ""b379db2b-3066-4a46-8e8d-f70ad539323e"", ""value"": ""preferred terms"", ""language_id"": ""en"", ""list_item_id"": ""5f400d39-3b6b-4b8a-939b-4e49787c7444"", ""valuetype_id"": ""prefLabel""}], ""list_id"": ""80028d07-9c98-48cf-84db-f77bc01c8bbc""}]","[{""uri"": ""http://vocab.getty.edu/aat/300388277"", ""labels"": [{""id"": ""39e49408-de39-44db-a191-fe36a5f04cfc"", ""value"": ""English (language)"", ""language_id"": ""en"", ""list_item_id"": ""38729dbe-6d1c-48ce-bf47-e2a18945600e"", ""valuetype_id"": ""prefLabel""}], ""list_id"": ""f7fc4f6d-fd46-4881-846f-4a08bc1a3fef""}]"
c820b5af-0cd6-48c1-ae3d-685ae84ceab7,36956e50-d770-11ef-8f5d-0275dc2ded29,166c7b56-b36e-4cfa-9dc0-7d232f147d69,1,ebd11c57-45ff-466c-ab3a-50a28afe4638,"{""en"": {""value"": ""Paciosi"", ""direction"": ""ltr""}}","[{""uri"": ""http://vocab.getty.edu/aat/300404670"", ""labels"": [{""id"": ""b379db2b-3066-4a46-8e8d-f70ad539323e"", ""value"": ""preferred terms"", ""language_id"": ""en"", ""list_item_id"": ""5f400d39-3b6b-4b8a-939b-4e49787c7444"", ""valuetype_id"": ""prefLabel""}], ""list_id"": ""80028d07-9c98-48cf-84db-f77bc01c8bbc""}]","[{""uri"": ""http://vocab.getty.edu/aat/300388277"", ""labels"": [{""id"": ""39e49408-de39-44db-a191-fe36a5f04cfc"", ""value"": ""English (language)"", ""language_id"": ""en"", ""list_item_id"": ""38729dbe-6d1c-48ce-bf47-e2a18945600e"", ""valuetype_id"": ""prefLabel""}], ""list_id"": ""f7fc4f6d-fd46-4881-846f-4a08bc1a3fef""}]"
a6073ff1-1ada-46e4-8c22-cd27eea1fab1,36956e50-d770-11ef-8f5d-0275dc2ded29,166c7b56-b36e-4cfa-9dc0-7d232f147d69,1,d9b78e4e-e53b-488a-88c2-b2a28aed7685,"{""en"": {""value"": ""Istambul"", ""direction"": ""ltr""}}","[{""uri"": ""http://vocab.getty.edu/aat/300404670"", ""labels"": [{""id"": ""b379db2b-3066-4a46-8e8d-f70ad539323e"", ""value"": ""preferred terms"", ""language_id"": ""en"", ""list_item_id"": ""5f400d39-3b6b-4b8a-939b-4e49787c7444"", ""valuetype_id"": ""prefLabel""}], ""list_id"": ""80028d07-9c98-48cf-84db-f77bc01c8bbc""}]","[{""uri"": ""http://vocab.getty.edu/aat/300388277"", ""labels"": [{""id"": ""39e49408-de39-44db-a191-fe36a5f04cfc"", ""value"": ""English (language)"", ""language_id"": ""en"", ""list_item_id"": ""38729dbe-6d1c-48ce-bf47-e2a18945600e"", ""valuetype_id"": ""prefLabel""}], ""list_id"": ""f7fc4f6d-fd46-4881-846f-4a08bc1a3fef""}]"
681e8a9c-3bcf-46c9-a7c1-07f4e232e436,36956e50-d770-11ef-8f5d-0275dc2ded29,166c7b56-b36e-4cfa-9dc0-7d232f147d69,1,4b92ed76-5784-4f2f-98ba-a2fd894f37c0,"{""en"": {""value"": ""Winsor and Newton"", ""direction"": ""ltr""}}","[{""uri"": ""http://vocab.getty.edu/aat/300404670"", ""labels"": [{""id"": ""b379db2b-3066-4a46-8e8d-f70ad539323e"", ""value"": ""preferred terms"", ""language_id"": ""en"", ""list_item_id"": ""5f400d39-3b6b-4b8a-939b-4e49787c7444"", ""valuetype_id"": ""prefLabel""}], ""list_id"": ""80028d07-9c98-48cf-84db-f77bc01c8bbc""}]","[{""uri"": ""http://vocab.getty.edu/aat/300388277"", ""labels"": [{""id"": ""39e49408-de39-44db-a191-fe36a5f04cfc"", ""value"": ""English (language)"", ""language_id"": ""en"", ""list_item_id"": ""38729dbe-6d1c-48ce-bf47-e2a18945600e"", ""valuetype_id"": ""prefLabel""}], ""list_id"": ""f7fc4f6d-fd46-4881-846f-4a08bc1a3fef""}]"
1eea764f-b103-4097-877d-882d0e235ea4,36956e50-d770-11ef-8f5d-0275dc2ded29,166c7b56-b36e-4cfa-9dc0-7d232f147d69,1,51437822-532f-4dac-b6de-f377fc63f97c,"{""en"": {""value"": ""J. Claire Dean"", ""direction"": ""ltr""}}","[{""uri"": ""http://vocab.getty.edu/aat/300404670"", ""labels"": [{""id"": ""b379db2b-3066-4a46-8e8d-f70ad539323e"", ""value"": ""preferred terms"", ""language_id"": ""en"", ""list_item_id"": ""5f400d39-3b6b-4b8a-939b-4e49787c7444"", ""valuetype_id"": ""prefLabel""}], ""list_id"": ""80028d07-9c98-48cf-84db-f77bc01c8bbc""}]","[{""uri"": ""http://vocab.getty.edu/aat/300388277"", ""labels"": [{""id"": ""39e49408-de39-44db-a191-fe36a5f04cfc"", ""value"": ""English (language)"", ""language_id"": ""en"", ""list_item_id"": ""38729dbe-6d1c-48ce-bf47-e2a18945600e"", ""valuetype_id"": ""prefLabel""}], ""list_id"": ""f7fc4f6d-fd46-4881-846f-4a08bc1a3fef""}]"
762e4fc5-6474-420f-a108-85659825dcfe,36956e50-d770-11ef-8f5d-0275dc2ded29,166c7b56-b36e-4cfa-9dc0-7d232f147d69,1,4ea6ee2a-8620-4e3d-ae95-20b8c67b3563,"{""en"": {""value"": ""Sav-On"", ""direction"": ""ltr""}}","[{""uri"": ""http://vocab.getty.edu/aat/300404670"", ""labels"": [{""id"": ""b379db2b-3066-4a46-8e8d-f70ad539323e"", ""value"": ""preferred terms"", ""language_id"": ""en"", ""list_item_id"": ""5f400d39-3b6b-4b8a-939b-4e49787c7444"", ""valuetype_id"": ""prefLabel""}], ""list_id"": ""80028d07-9c98-48cf-84db-f77bc01c8bbc""}]","[{""uri"": ""http://vocab.getty.edu/aat/300388277"", ""labels"": [{""id"": ""39e49408-de39-44db-a191-fe36a5f04cfc"", ""value"": ""English (language)"", ""language_id"": ""en"", ""list_item_id"": ""38729dbe-6d1c-48ce-bf47-e2a18945600e"", ""valuetype_id"": ""prefLabel""}], ""list_id"": ""f7fc4f6d-fd46-4881-846f-4a08bc1a3fef""}]"
e3b1b57c-f118-457c-aab1-66da34be7c26,36956e50-d770-11ef-8f5d-0275dc2ded29,166c7b56-b36e-4cfa-9dc0-7d232f147d69,1,43a67fa6-1edc-4697-bb5b-4e6d94348a78,"{""en"": {""value"": ""Caribou Mine, Boulder, Co"", ""direction"": ""ltr""}}","[{""uri"": ""http://vocab.getty.edu/aat/300404670"", ""labels"": [{""id"": ""b379db2b-3066-4a46-8e8d-f70ad539323e"", ""value"": ""preferred terms"", ""language_id"": ""en"", ""list_item_id"": ""5f400d39-3b6b-4b8a-939b-4e49787c7444"", ""valuetype_id"": ""prefLabel""}], ""list_id"": ""80028d07-9c98-48cf-84db-f77bc01c8bbc""}]","[{""uri"": ""http://vocab.getty.edu/aat/300388277"", ""labels"": [{""id"": ""39e49408-de39-44db-a191-fe36a5f04cfc"", ""value"": ""English (language)"", ""language_id"": ""en"", ""list_item_id"": ""38729dbe-6d1c-48ce-bf47-e2a18945600e"", ""valuetype_id"": ""prefLabel""}], ""list_id"": ""f7fc4f6d-fd46-4881-846f-4a08bc1a3fef""}]"
8faf49f0-b89c-4dc5-a607-5c8129329a3c,36956e50-d770-11ef-8f5d-0275dc2ded29,166c7b56-b36e-4cfa-9dc0-7d232f147d69,1,27b663ce-bf10-49e7-9a3e-095b892aec7e,"{""en"": {""value"": ""Kodak Canada Inc."", ""direction"": ""ltr""}}","[{""uri"": ""http://vocab.getty.edu/aat/300404670"", ""labels"": [{""id"": ""b379db2b-3066-4a46-8e8d-f70ad539323e"", ""value"": ""preferred terms"", ""language_id"": ""en"", ""list_item_id"": ""5f400d39-3b6b-4b8a-939b-4e49787c7444"", ""valuetype_id"": ""prefLabel""}], ""list_id"": ""80028d07-9c98-48cf-84db-f77bc01c8bbc""}]","[{""uri"": ""http://vocab.getty.edu/aat/300388277"", ""labels"": [{""id"": ""39e49408-de39-44db-a191-fe36a5f04cfc"", ""value"": ""English (language)"", ""language_id"": ""en"", ""list_item_id"": ""38729dbe-6d1c-48ce-bf47-e2a18945600e"", ""valuetype_id"": ""prefLabel""}], ""list_id"": ""f7fc4f6d-fd46-4881-846f-4a08bc1a3fef""}]"
59542588-b28b-4655-8818-f20648b7ada4,36956e50-d770-11ef-8f5d-0275dc2ded29,166c7b56-b36e-4cfa-9dc0-7d232f147d69,1,d04f9126-7216-4439-80f5-18c8d67468fb,"{""en"": {""value"": ""Wadsworth, Howland, and Co."", ""direction"": ""ltr""}}","[{""uri"": ""http://vocab.getty.edu/aat/300404670"", ""labels"": [{""id"": ""b379db2b-3066-4a46-8e8d-f70ad539323e"", ""value"": ""preferred terms"", ""language_id"": ""en"", ""list_item_id"": ""5f400d39-3b6b-4b8a-939b-4e49787c7444"", ""valuetype_id"": ""prefLabel""}], ""list_id"": ""80028d07-9c98-48cf-84db-f77bc01c8bbc""}]","[{""uri"": ""http://vocab.getty.edu/aat/300388277"", ""labels"": [{""id"": ""39e49408-de39-44db-a191-fe36a5f04cfc"", ""value"": ""English (language)"", ""language_id"": ""en"", ""list_item_id"": ""38729dbe-6d1c-48ce-bf47-e2a18945600e"", ""valuetype_id"": ""prefLabel""}], ""list_id"": ""f7fc4f6d-fd46-4881-846f-4a08bc1a3fef""}]"
81c87e99-cbb4-4324-8544-8c7ebb09ad75,36956e50-d770-11ef-8f5d-0275dc2ded29,166c7b56-b36e-4cfa-9dc0-7d232f147d69,1,c1a059c9-a67c-4dcb-a268-d22fb8f61efb,"{""en"": {""value"": ""Forte Photochemical Co. Ltd."", ""direction"": ""ltr""}}","[{""uri"": ""http://vocab.getty.edu/aat/300404670"", ""labels"": [{""id"": ""b379db2b-3066-4a46-8e8d-f70ad539323e"", ""value"": ""preferred terms"", ""language_id"": ""en"", ""list_item_id"": ""5f400d39-3b6b-4b8a-939b-4e49787c7444"", ""valuetype_id"": ""prefLabel""}], ""list_id"": ""80028d07-9c98-48cf-84db-f77bc01c8bbc""}]","[{""uri"": ""http://vocab.getty.edu/aat/300388277"", ""labels"": [{""id"": ""39e49408-de39-44db-a191-fe36a5f04cfc"", ""value"": ""English (language)"", ""language_id"": ""en"", ""list_item_id"": ""38729dbe-6d1c-48ce-bf47-e2a18945600e"", ""valuetype_id"": ""prefLabel""}], ""list_id"": ""f7fc4f6d-fd46-4881-846f-4a08bc1a3fef""}]"
878cd179-0cef-4049-98b4-89f0d26b2eb3,36956e50-d770-11ef-8f5d-0275dc2ded29,166c7b56-b36e-4cfa-9dc0-7d232f147d69,1,6b840bd7-91dc-47f3-856f-c1403f51f8e6,"{""en"": {""value"": ""Cachet Fine Art Photographic Paper Co."", ""direction"": ""ltr""}}","[{""uri"": ""http://vocab.getty.edu/aat/300404670"", ""labels"": [{""id"": ""b379db2b-3066-4a46-8e8d-f70ad539323e"", ""value"": ""preferred terms"", ""language_id"": ""en"", ""list_item_id"": ""5f400d39-3b6b-4b8a-939b-4e49787c7444"", ""valuetype_id"": ""prefLabel""}], ""list_id"": ""80028d07-9c98-48cf-84db-f77bc01c8bbc""}]","[{""uri"": ""http://vocab.getty.edu/aat/300388277"", ""labels"": [{""id"": ""39e49408-de39-44db-a191-fe36a5f04cfc"", ""value"": ""English (language)"", ""language_id"": ""en"", ""list_item_id"": ""38729dbe-6d1c-48ce-bf47-e2a18945600e"", ""valuetype_id"": ""prefLabel""}], ""list_id"": ""f7fc4f6d-fd46-4881-846f-4a08bc1a3fef""}]"
d48e5140-ab71-4499-81f5-c9cffbbac9ca,36956e50-d770-11ef-8f5d-0275dc2ded29,166c7b56-b36e-4cfa-9dc0-7d232f147d69,1,9997482f-30d5-4a72-b8c7-93fef843eaad,"{""en"": {""value"": ""Minox"", ""direction"": ""ltr""}}","[{""uri"": ""http://vocab.getty.edu/aat/300404670"", ""labels"": [{""id"": ""b379db2b-3066-4a46-8e8d-f70ad539323e"", ""value"": ""preferred terms"", ""language_id"": ""en"", ""list_item_id"": ""5f400d39-3b6b-4b8a-939b-4e49787c7444"", ""valuetype_id"": ""prefLabel""}], ""list_id"": ""80028d07-9c98-48cf-84db-f77bc01c8bbc""}]","[{""uri"": ""http://vocab.getty.edu/aat/300388277"", ""labels"": [{""id"": ""39e49408-de39-44db-a191-fe36a5f04cfc"", ""value"": ""English (language)"", ""language_id"": ""en"", ""list_item_id"": ""38729dbe-6d1c-48ce-bf47-e2a18945600e"", ""valuetype_id"": ""prefLabel""}], ""list_id"": ""f7fc4f6d-fd46-4881-846f-4a08bc1a3fef""}]"
b0de53af-064b-418f-b1d3-9dcd891a2cf3,36956e50-d770-11ef-8f5d-0275dc2ded29,166c7b56-b36e-4cfa-9dc0-7d232f147d69,1,68d24b4a-0411-469e-a613-7fce253218fa,"{""en"": {""value"": ""Grumbacher"", ""direction"": ""ltr""}}","[{""uri"": ""http://vocab.getty.edu/aat/300404670"", ""labels"": [{""id"": ""b379db2b-3066-4a46-8e8d-f70ad539323e"", ""value"": ""preferred terms"", ""language_id"": ""en"", ""list_item_id"": ""5f400d39-3b6b-4b8a-939b-4e49787c7444"", ""valuetype_id"": ""prefLabel""}], ""list_id"": ""80028d07-9c98-48cf-84db-f77bc01c8bbc""}]","[{""uri"": ""http://vocab.getty.edu/aat/300388277"", ""labels"": [{""id"": ""39e49408-de39-44db-a191-fe36a5f04cfc"", ""value"": ""English (language)"", ""language_id"": ""en"", ""list_item_id"": ""38729dbe-6d1c-48ce-bf47-e2a18945600e"", ""valuetype_id"": ""prefLabel""}], ""list_id"": ""f7fc4f6d-fd46-4881-846f-4a08bc1a3fef""}]"
e9b1e400-91d9-4d50-b048-7824e58a7fbd,36956e50-d770-11ef-8f5d-0275dc2ded29,166c7b56-b36e-4cfa-9dc0-7d232f147d69,1,97358e32-92ce-4b4a-a3d9-f63cf7b59a1f,"{""en"": {""value"": ""National Gallery of Art (Washington, DC)"", ""direction"": ""ltr""}}","[{""uri"": ""http://vocab.getty.edu/aat/300404670"", ""labels"": [{""id"": ""b379db2b-3066-4a46-8e8d-f70ad539323e"", ""value"": ""preferred terms"", ""language_id"": ""en"", ""list_item_id"": ""5f400d39-3b6b-4b8a-939b-4e49787c7444"", ""valuetype_id"": ""prefLabel""}], ""list_id"": ""80028d07-9c98-48cf-84db-f77bc01c8bbc""}]","[{""uri"": ""http://vocab.getty.edu/aat/300388277"", ""labels"": [{""id"": ""39e49408-de39-44db-a191-fe36a5f04cfc"", ""value"": ""English (language)"", ""language_id"": ""en"", ""list_item_id"": ""38729dbe-6d1c-48ce-bf47-e2a18945600e"", ""valuetype_id"": ""prefLabel""}], ""list_id"": ""f7fc4f6d-fd46-4881-846f-4a08bc1a3fef""}]"
69444287-b353-4b19-bbb1-616604314fa7,36956e50-d770-11ef-8f5d-0275dc2ded29,166c7b56-b36e-4cfa-9dc0-7d232f147d69,1,ef89242d-4015-4433-9b9e-caec4b62668b,"{""en"": {""value"": ""Kodak Co."", ""direction"": ""ltr""}}","[{""uri"": ""http://vocab.getty.edu/aat/300404670"", ""labels"": [{""id"": ""b379db2b-3066-4a46-8e8d-f70ad539323e"", ""value"": ""preferred terms"", ""language_id"": ""en"", ""list_item_id"": ""5f400d39-3b6b-4b8a-939b-4e49787c7444"", ""valuetype_id"": ""prefLabel""}], ""list_id"": ""80028d07-9c98-48cf-84db-f77bc01c8bbc""}]","[{""uri"": ""http://vocab.getty.edu/aat/300388277"", ""labels"": [{""id"": ""39e49408-de39-44db-a191-fe36a5f04cfc"", ""value"": ""English (language)"", ""language_id"": ""en"", ""list_item_id"": ""38729dbe-6d1c-48ce-bf47-e2a18945600e"", ""valuetype_id"": ""prefLabel""}], ""list_id"": ""f7fc4f6d-fd46-4881-846f-4a08bc1a3fef""}]"
bbf837fd-3d4b-4fc6-aefe-d5b7a4ab4ae4,36956e50-d770-11ef-8f5d-0275dc2ded29,166c7b56-b36e-4cfa-9dc0-7d232f147d69,1,51d29641-a8b2-449a-8bd5-386643d63bd4,"{""en"": {""value"": ""Farmers Market"", ""direction"": ""ltr""}}","[{""uri"": ""http://vocab.getty.edu/aat/300404670"", ""labels"": [{""id"": ""b379db2b-3066-4a46-8e8d-f70ad539323e"", ""value"": ""preferred terms"", ""language_id"": ""en"", ""list_item_id"": ""5f400d39-3b6b-4b8a-939b-4e49787c7444"", ""valuetype_id"": ""prefLabel""}], ""list_id"": ""80028d07-9c98-48cf-84db-f77bc01c8bbc""}]","[{""uri"": ""http://vocab.getty.edu/aat/300388277"", ""labels"": [{""id"": ""39e49408-de39-44db-a191-fe36a5f04cfc"", ""value"": ""English (language)"", ""language_id"": ""en"", ""list_item_id"": ""38729dbe-6d1c-48ce-bf47-e2a18945600e"", ""valuetype_id"": ""prefLabel""}], ""list_id"": ""f7fc4f6d-fd46-4881-846f-4a08bc1a3fef""}]"
51331456-2547-4394-9489-fc26afe6adbf,36956e50-d770-11ef-8f5d-0275dc2ded29,166c7b56-b36e-4cfa-9dc0-7d232f147d69,1,39f63b9c-ca17-4120-b67b-2e26c6a88b45,"{""en"": {""value"": ""U.S. National Park Service, Colorado"", ""direction"": ""ltr""}}","[{""uri"": ""http://vocab.getty.edu/aat/300404670"", ""labels"": [{""id"": ""b379db2b-3066-4a46-8e8d-f70ad539323e"", ""value"": ""preferred terms"", ""language_id"": ""en"", ""list_item_id"": ""5f400d39-3b6b-4b8a-939b-4e49787c7444"", ""valuetype_id"": ""prefLabel""}], ""list_id"": ""80028d07-9c98-48cf-84db-f77bc01c8bbc""}]","[{""uri"": ""http://vocab.getty.edu/aat/300388277"", ""labels"": [{""id"": ""39e49408-de39-44db-a191-fe36a5f04cfc"", ""value"": ""English (language)"", ""language_id"": ""en"", ""list_item_id"": ""38729dbe-6d1c-48ce-bf47-e2a18945600e"", ""valuetype_id"": ""prefLabel""}], ""list_id"": ""f7fc4f6d-fd46-4881-846f-4a08bc1a3fef""}]"
c034b8ad-e12b-4035-aec1-9df4a1882fbb,36956e50-d770-11ef-8f5d-0275dc2ded29,166c7b56-b36e-4cfa-9dc0-7d232f147d69,1,d407079f-7eee-4321-af76-49d7d78aaedc,"{""en"": {""value"": ""Laboratory Chemicals, Frank W. Joel / Bishop''s Stortford / Harts, England"", ""direction"": ""ltr""}}","[{""uri"": ""http://vocab.getty.edu/aat/300404670"", ""labels"": [{""id"": ""b379db2b-3066-4a46-8e8d-f70ad539323e"", ""value"": ""preferred terms"", ""language_id"": ""en"", ""list_item_id"": ""5f400d39-3b6b-4b8a-939b-4e49787c7444"", ""valuetype_id"": ""prefLabel""}], ""list_id"": ""80028d07-9c98-48cf-84db-f77bc01c8bbc""}]","[{""uri"": ""http://vocab.getty.edu/aat/300388277"", ""labels"": [{""id"": ""39e49408-de39-44db-a191-fe36a5f04cfc"", ""value"": ""English (language)"", ""language_id"": ""en"", ""list_item_id"": ""38729dbe-6d1c-48ce-bf47-e2a18945600e"", ""valuetype_id"": ""prefLabel""}], ""list_id"": ""f7fc4f6d-fd46-4881-846f-4a08bc1a3fef""}]"
eaad3ab4-0fec-4029-a4ed-80b515613ead,36956e50-d770-11ef-8f5d-0275dc2ded29,166c7b56-b36e-4cfa-9dc0-7d232f147d69,1,510326f1-89a8-4e21-8d0c-5d2c20a9e90f,"{""en"": {""value"": ""Alfa Aesar"", ""direction"": ""ltr""}}","[{""uri"": ""http://vocab.getty.edu/aat/300404670"", ""labels"": [{""id"": ""b379db2b-3066-4a46-8e8d-f70ad539323e"", ""value"": ""preferred terms"", ""language_id"": ""en"", ""list_item_id"": ""5f400d39-3b6b-4b8a-939b-4e49787c7444"", ""valuetype_id"": ""prefLabel""}], ""list_id"": ""80028d07-9c98-48cf-84db-f77bc01c8bbc""}]","[{""uri"": ""http://vocab.getty.edu/aat/300388277"", ""labels"": [{""id"": ""39e49408-de39-44db-a191-fe36a5f04cfc"", ""value"": ""English (language)"", ""language_id"": ""en"", ""list_item_id"": ""38729dbe-6d1c-48ce-bf47-e2a18945600e"", ""valuetype_id"": ""prefLabel""}], ""list_id"": ""f7fc4f6d-fd46-4881-846f-4a08bc1a3fef""}]"
ebea3f4e-452b-4cf8-ad66-1107aea9dc3e,36956e50-d770-11ef-8f5d-0275dc2ded29,166c7b56-b36e-4cfa-9dc0-7d232f147d69,1,4429c24e-5181-43e8-b295-68c49a8a2dbf,"{""en"": {""value"": ""Utrecht Manufacturing Corp."", ""direction"": ""ltr""}}","[{""uri"": ""http://vocab.getty.edu/aat/300404670"", ""labels"": [{""id"": ""b379db2b-3066-4a46-8e8d-f70ad539323e"", ""value"": ""preferred terms"", ""language_id"": ""en"", ""list_item_id"": ""5f400d39-3b6b-4b8a-939b-4e49787c7444"", ""valuetype_id"": ""prefLabel""}], ""list_id"": ""80028d07-9c98-48cf-84db-f77bc01c8bbc""}]","[{""uri"": ""http://vocab.getty.edu/aat/300388277"", ""labels"": [{""id"": ""39e49408-de39-44db-a191-fe36a5f04cfc"", ""value"": ""English (language)"", ""language_id"": ""en"", ""list_item_id"": ""38729dbe-6d1c-48ce-bf47-e2a18945600e"", ""valuetype_id"": ""prefLabel""}], ""list_id"": ""f7fc4f6d-fd46-4881-846f-4a08bc1a3fef""}]"
26cfd2f8-39bc-43d5-a6d8-2140b9b6ce1b,36956e50-d770-11ef-8f5d-0275dc2ded29,166c7b56-b36e-4cfa-9dc0-7d232f147d69,1,87dde93b-10b5-4f73-a4d3-7f6082cab156,"{""en"": {""value"": ""Theodoros Daris & Co."", ""direction"": ""ltr""}}","[{""uri"": ""http://vocab.getty.edu/aat/300404670"", ""labels"": [{""id"": ""b379db2b-3066-4a46-8e8d-f70ad539323e"", ""value"": ""preferred terms"", ""language_id"": ""en"", ""list_item_id"": ""5f400d39-3b6b-4b8a-939b-4e49787c7444"", ""valuetype_id"": ""prefLabel""}], ""list_id"": ""80028d07-9c98-48cf-84db-f77bc01c8bbc""}]","[{""uri"": ""http://vocab.getty.edu/aat/300388277"", ""labels"": [{""id"": ""39e49408-de39-44db-a191-fe36a5f04cfc"", ""value"": ""English (language)"", ""language_id"": ""en"", ""list_item_id"": ""38729dbe-6d1c-48ce-bf47-e2a18945600e"", ""valuetype_id"": ""prefLabel""}], ""list_id"": ""f7fc4f6d-fd46-4881-846f-4a08bc1a3fef""}]"
2af39ddf-db58-4ae5-b9a0-abb390bf48da,36956e50-d770-11ef-8f5d-0275dc2ded29,166c7b56-b36e-4cfa-9dc0-7d232f147d69,1,8b6d1c86-f807-45b5-878c-c3eb9e105103,"{""en"": {""value"": ""Australian Museum (Materials Conservation)"", ""direction"": ""ltr""}}","[{""uri"": ""http://vocab.getty.edu/aat/300404670"", ""labels"": [{""id"": ""b379db2b-3066-4a46-8e8d-f70ad539323e"", ""value"": ""preferred terms"", ""language_id"": ""en"", ""list_item_id"": ""5f400d39-3b6b-4b8a-939b-4e49787c7444"", ""valuetype_id"": ""prefLabel""}], ""list_id"": ""80028d07-9c98-48cf-84db-f77bc01c8bbc""}]","[{""uri"": ""http://vocab.getty.edu/aat/300388277"", ""labels"": [{""id"": ""39e49408-de39-44db-a191-fe36a5f04cfc"", ""value"": ""English (language)"", ""language_id"": ""en"", ""list_item_id"": ""38729dbe-6d1c-48ce-bf47-e2a18945600e"", ""valuetype_id"": ""prefLabel""}], ""list_id"": ""f7fc4f6d-fd46-4881-846f-4a08bc1a3fef""}]"
055c52b5-51c2-47b6-b456-bf1156a683be,36956e50-d770-11ef-8f5d-0275dc2ded29,166c7b56-b36e-4cfa-9dc0-7d232f147d69,1,2aed74b7-8e42-4e55-9922-9b8b8d64a2ed,"{""en"": {""value"": ""GPS Agencies Ltd"", ""direction"": ""ltr""}}","[{""uri"": ""http://vocab.getty.edu/aat/300404670"", ""labels"": [{""id"": ""b379db2b-3066-4a46-8e8d-f70ad539323e"", ""value"": ""preferred terms"", ""language_id"": ""en"", ""list_item_id"": ""5f400d39-3b6b-4b8a-939b-4e49787c7444"", ""valuetype_id"": ""prefLabel""}], ""list_id"": ""80028d07-9c98-48cf-84db-f77bc01c8bbc""}]","[{""uri"": ""http://vocab.getty.edu/aat/300388277"", ""labels"": [{""id"": ""39e49408-de39-44db-a191-fe36a5f04cfc"", ""value"": ""English (language)"", ""language_id"": ""en"", ""list_item_id"": ""38729dbe-6d1c-48ce-bf47-e2a18945600e"", ""valuetype_id"": ""prefLabel""}], ""list_id"": ""f7fc4f6d-fd46-4881-846f-4a08bc1a3fef""}]"
aa2d5d1a-fc4e-4bff-b8d6-b1e9b9261a21,36956e50-d770-11ef-8f5d-0275dc2ded29,166c7b56-b36e-4cfa-9dc0-7d232f147d69,1,5ef33360-055b-4a03-9754-68fb2a7395f0,"{""en"": {""value"": ""GCI Gardens"", ""direction"": ""ltr""}}","[{""uri"": ""http://vocab.getty.edu/aat/300404670"", ""labels"": [{""id"": ""b379db2b-3066-4a46-8e8d-f70ad539323e"", ""value"": ""preferred terms"", ""language_id"": ""en"", ""list_item_id"": ""5f400d39-3b6b-4b8a-939b-4e49787c7444"", ""valuetype_id"": ""prefLabel""}], ""list_id"": ""80028d07-9c98-48cf-84db-f77bc01c8bbc""}]","[{""uri"": ""http://vocab.getty.edu/aat/300388277"", ""labels"": [{""id"": ""39e49408-de39-44db-a191-fe36a5f04cfc"", ""value"": ""English (language)"", ""language_id"": ""en"", ""list_item_id"": ""38729dbe-6d1c-48ce-bf47-e2a18945600e"", ""valuetype_id"": ""prefLabel""}], ""list_id"": ""f7fc4f6d-fd46-4881-846f-4a08bc1a3fef""}]"
4e04d4a5-679d-433a-9617-6a9881d857bc,36956e50-d770-11ef-8f5d-0275dc2ded29,166c7b56-b36e-4cfa-9dc0-7d232f147d69,1,d0485afb-2cf1-4d3d-b937-2a084e94b4de,"{""en"": {""value"": ""Schmincke / Kremer"", ""direction"": ""ltr""}}","[{""uri"": ""http://vocab.getty.edu/aat/300404670"", ""labels"": [{""id"": ""b379db2b-3066-4a46-8e8d-f70ad539323e"", ""value"": ""preferred terms"", ""language_id"": ""en"", ""list_item_id"": ""5f400d39-3b6b-4b8a-939b-4e49787c7444"", ""valuetype_id"": ""prefLabel""}], ""list_id"": ""80028d07-9c98-48cf-84db-f77bc01c8bbc""}]","[{""uri"": ""http://vocab.getty.edu/aat/300388277"", ""labels"": [{""id"": ""39e49408-de39-44db-a191-fe36a5f04cfc"", ""value"": ""English (language)"", ""language_id"": ""en"", ""list_item_id"": ""38729dbe-6d1c-48ce-bf47-e2a18945600e"", ""valuetype_id"": ""prefLabel""}], ""list_id"": ""f7fc4f6d-fd46-4881-846f-4a08bc1a3fef""}]"
80881f25-ebf4-4be6-a79b-321583d1ca57,36956e50-d770-11ef-8f5d-0275dc2ded29,166c7b56-b36e-4cfa-9dc0-7d232f147d69,1,59410c99-c914-4323-8c3c-9471c14d060b,"{""en"": {""value"": ""Cachet"", ""direction"": ""ltr""}}","[{""uri"": ""http://vocab.getty.edu/aat/300404670"", ""labels"": [{""id"": ""b379db2b-3066-4a46-8e8d-f70ad539323e"", ""value"": ""preferred terms"", ""language_id"": ""en"", ""list_item_id"": ""5f400d39-3b6b-4b8a-939b-4e49787c7444"", ""valuetype_id"": ""prefLabel""}], ""list_id"": ""80028d07-9c98-48cf-84db-f77bc01c8bbc""}]","[{""uri"": ""http://vocab.getty.edu/aat/300388277"", ""labels"": [{""id"": ""39e49408-de39-44db-a191-fe36a5f04cfc"", ""value"": ""English (language)"", ""language_id"": ""en"", ""list_item_id"": ""38729dbe-6d1c-48ce-bf47-e2a18945600e"", ""valuetype_id"": ""prefLabel""}], ""list_id"": ""f7fc4f6d-fd46-4881-846f-4a08bc1a3fef""}]"
ab210f06-5d3d-4e21-a18d-a2e96bd93391,36956e50-d770-11ef-8f5d-0275dc2ded29,166c7b56-b36e-4cfa-9dc0-7d232f147d69,1,887b74ba-976f-4eb7-a288-012a228294e0,"{""en"": {""value"": ""J. Komsky"", ""direction"": ""ltr""}}","[{""uri"": ""http://vocab.getty.edu/aat/300404670"", ""labels"": [{""id"": ""b379db2b-3066-4a46-8e8d-f70ad539323e"", ""value"": ""preferred terms"", ""language_id"": ""en"", ""list_item_id"": ""5f400d39-3b6b-4b8a-939b-4e49787c7444"", ""valuetype_id"": ""prefLabel""}], ""list_id"": ""80028d07-9c98-48cf-84db-f77bc01c8bbc""}]","[{""uri"": ""http://vocab.getty.edu/aat/300388277"", ""labels"": [{""id"": ""39e49408-de39-44db-a191-fe36a5f04cfc"", ""value"": ""English (language)"", ""language_id"": ""en"", ""list_item_id"": ""38729dbe-6d1c-48ce-bf47-e2a18945600e"", ""valuetype_id"": ""prefLabel""}], ""list_id"": ""f7fc4f6d-fd46-4881-846f-4a08bc1a3fef""}]"
f0a43b47-26d3-4418-a88b-5391dad51b04,36956e50-d770-11ef-8f5d-0275dc2ded29,166c7b56-b36e-4cfa-9dc0-7d232f147d69,1,bb33ab1d-7fdd-42f4-a0a9-84bf01bd6c2b,"{""en"": {""value"": ""3M"", ""direction"": ""ltr""}}","[{""uri"": ""http://vocab.getty.edu/aat/300404670"", ""labels"": [{""id"": ""b379db2b-3066-4a46-8e8d-f70ad539323e"", ""value"": ""preferred terms"", ""language_id"": ""en"", ""list_item_id"": ""5f400d39-3b6b-4b8a-939b-4e49787c7444"", ""valuetype_id"": ""prefLabel""}], ""list_id"": ""80028d07-9c98-48cf-84db-f77bc01c8bbc""}]","[{""uri"": ""http://vocab.getty.edu/aat/300388277"", ""labels"": [{""id"": ""39e49408-de39-44db-a191-fe36a5f04cfc"", ""value"": ""English (language)"", ""language_id"": ""en"", ""list_item_id"": ""38729dbe-6d1c-48ce-bf47-e2a18945600e"", ""valuetype_id"": ""prefLabel""}], ""list_id"": ""f7fc4f6d-fd46-4881-846f-4a08bc1a3fef""}]"
801772c9-50b9-4090-b2b3-63c84d75135c,36956e50-d770-11ef-8f5d-0275dc2ded29,166c7b56-b36e-4cfa-9dc0-7d232f147d69,1,f2fdf03c-348a-4a8f-b29a-86a0e1685149,"{""en"": {""value"": ""Ashley's Art"", ""direction"": ""ltr""}}","[{""uri"": ""http://vocab.getty.edu/aat/300404670"", ""labels"": [{""id"": ""b379db2b-3066-4a46-8e8d-f70ad539323e"", ""value"": ""preferred terms"", ""language_id"": ""en"", ""list_item_id"": ""5f400d39-3b6b-4b8a-939b-4e49787c7444"", ""valuetype_id"": ""prefLabel""}], ""list_id"": ""80028d07-9c98-48cf-84db-f77bc01c8bbc""}]","[{""uri"": ""http://vocab.getty.edu/aat/300388277"", ""labels"": [{""id"": ""39e49408-de39-44db-a191-fe36a5f04cfc"", ""value"": ""English (language)"", ""language_id"": ""en"", ""list_item_id"": ""38729dbe-6d1c-48ce-bf47-e2a18945600e"", ""valuetype_id"": ""prefLabel""}], ""list_id"": ""f7fc4f6d-fd46-4881-846f-4a08bc1a3fef""}]"
3b20f22f-e70a-4420-9588-bbe2a460c70d,36956e50-d770-11ef-8f5d-0275dc2ded29,166c7b56-b36e-4cfa-9dc0-7d232f147d69,1,8c64fe01-a2d3-43c9-a52d-47aa928c788d,"{""en"": {""value"": ""Omega"", ""direction"": ""ltr""}}","[{""uri"": ""http://vocab.getty.edu/aat/300404670"", ""labels"": [{""id"": ""b379db2b-3066-4a46-8e8d-f70ad539323e"", ""value"": ""preferred terms"", ""language_id"": ""en"", ""list_item_id"": ""5f400d39-3b6b-4b8a-939b-4e49787c7444"", ""valuetype_id"": ""prefLabel""}], ""list_id"": ""80028d07-9c98-48cf-84db-f77bc01c8bbc""}]","[{""uri"": ""http://vocab.getty.edu/aat/300388277"", ""labels"": [{""id"": ""39e49408-de39-44db-a191-fe36a5f04cfc"", ""value"": ""English (language)"", ""language_id"": ""en"", ""list_item_id"": ""38729dbe-6d1c-48ce-bf47-e2a18945600e"", ""valuetype_id"": ""prefLabel""}], ""list_id"": ""f7fc4f6d-fd46-4881-846f-4a08bc1a3fef""}]"
673a45e7-4ed4-4f0d-bde3-c71b079e3ca6,36956e50-d770-11ef-8f5d-0275dc2ded29,166c7b56-b36e-4cfa-9dc0-7d232f147d69,1,301ac02a-0586-4e79-9a68-c23d0fc4aa44,"{""en"": {""value"": ""Sté des Produits Chimiques"", ""direction"": ""ltr""}}","[{""uri"": ""http://vocab.getty.edu/aat/300404670"", ""labels"": [{""id"": ""b379db2b-3066-4a46-8e8d-f70ad539323e"", ""value"": ""preferred terms"", ""language_id"": ""en"", ""list_item_id"": ""5f400d39-3b6b-4b8a-939b-4e49787c7444"", ""valuetype_id"": ""prefLabel""}], ""list_id"": ""80028d07-9c98-48cf-84db-f77bc01c8bbc""}]","[{""uri"": ""http://vocab.getty.edu/aat/300388277"", ""labels"": [{""id"": ""39e49408-de39-44db-a191-fe36a5f04cfc"", ""value"": ""English (language)"", ""language_id"": ""en"", ""list_item_id"": ""38729dbe-6d1c-48ce-bf47-e2a18945600e"", ""valuetype_id"": ""prefLabel""}], ""list_id"": ""f7fc4f6d-fd46-4881-846f-4a08bc1a3fef""}]"
afe4be8a-622f-4fe9-bb85-9bf5c90dd8be,36956e50-d770-11ef-8f5d-0275dc2ded29,166c7b56-b36e-4cfa-9dc0-7d232f147d69,1,28ce6d67-d2ee-4ee2-828f-53df3dbd86d5,"{""en"": {""value"": ""Picreator Renaissance Products"", ""direction"": ""ltr""}}","[{""uri"": ""http://vocab.getty.edu/aat/300404670"", ""labels"": [{""id"": ""b379db2b-3066-4a46-8e8d-f70ad539323e"", ""value"": ""preferred terms"", ""language_id"": ""en"", ""list_item_id"": ""5f400d39-3b6b-4b8a-939b-4e49787c7444"", ""valuetype_id"": ""prefLabel""}], ""list_id"": ""80028d07-9c98-48cf-84db-f77bc01c8bbc""}]","[{""uri"": ""http://vocab.getty.edu/aat/300388277"", ""labels"": [{""id"": ""39e49408-de39-44db-a191-fe36a5f04cfc"", ""value"": ""English (language)"", ""language_id"": ""en"", ""list_item_id"": ""38729dbe-6d1c-48ce-bf47-e2a18945600e"", ""valuetype_id"": ""prefLabel""}], ""list_id"": ""f7fc4f6d-fd46-4881-846f-4a08bc1a3fef""}]"
d8916a37-dd7d-4daa-b69f-9a7d963f41b6,36956e50-d770-11ef-8f5d-0275dc2ded29,166c7b56-b36e-4cfa-9dc0-7d232f147d69,1,40e851cb-09bd-4581-a83e-a2c4b4a411b9,"{""en"": {""value"": ""Ruth Norton"", ""direction"": ""ltr""}}","[{""uri"": ""http://vocab.getty.edu/aat/300404670"", ""labels"": [{""id"": ""b379db2b-3066-4a46-8e8d-f70ad539323e"", ""value"": ""preferred terms"", ""language_id"": ""en"", ""list_item_id"": ""5f400d39-3b6b-4b8a-939b-4e49787c7444"", ""valuetype_id"": ""prefLabel""}], ""list_id"": ""80028d07-9c98-48cf-84db-f77bc01c8bbc""}]","[{""uri"": ""http://vocab.getty.edu/aat/300388277"", ""labels"": [{""id"": ""39e49408-de39-44db-a191-fe36a5f04cfc"", ""value"": ""English (language)"", ""language_id"": ""en"", ""list_item_id"": ""38729dbe-6d1c-48ce-bf47-e2a18945600e"", ""valuetype_id"": ""prefLabel""}], ""list_id"": ""f7fc4f6d-fd46-4881-846f-4a08bc1a3fef""}]"
e997bf13-5da2-401a-b5f1-61a3591556df,36956e50-d770-11ef-8f5d-0275dc2ded29,166c7b56-b36e-4cfa-9dc0-7d232f147d69,1,65b1e491-3490-4044-a455-8de53bdb2cf9,"{""en"": {""value"": ""Schachinger"", ""direction"": ""ltr""}}","[{""uri"": ""http://vocab.getty.edu/aat/300404670"", ""labels"": [{""id"": ""b379db2b-3066-4a46-8e8d-f70ad539323e"", ""value"": ""preferred terms"", ""language_id"": ""en"", ""list_item_id"": ""5f400d39-3b6b-4b8a-939b-4e49787c7444"", ""valuetype_id"": ""prefLabel""}], ""list_id"": ""80028d07-9c98-48cf-84db-f77bc01c8bbc""}]","[{""uri"": ""http://vocab.getty.edu/aat/300388277"", ""labels"": [{""id"": ""39e49408-de39-44db-a191-fe36a5f04cfc"", ""value"": ""English (language)"", ""language_id"": ""en"", ""list_item_id"": ""38729dbe-6d1c-48ce-bf47-e2a18945600e"", ""valuetype_id"": ""prefLabel""}], ""list_id"": ""f7fc4f6d-fd46-4881-846f-4a08bc1a3fef""}]"
778ffc15-2829-4d70-8577-8e3f600dd529,36956e50-d770-11ef-8f5d-0275dc2ded29,166c7b56-b36e-4cfa-9dc0-7d232f147d69,1,1f7942e5-a0b7-4f45-b250-4c13960a4882,"{""en"": {""value"": ""A. Portman; (Imported by: Seed and Feeder Co.)"", ""direction"": ""ltr""}}","[{""uri"": ""http://vocab.getty.edu/aat/300404670"", ""labels"": [{""id"": ""b379db2b-3066-4a46-8e8d-f70ad539323e"", ""value"": ""preferred terms"", ""language_id"": ""en"", ""list_item_id"": ""5f400d39-3b6b-4b8a-939b-4e49787c7444"", ""valuetype_id"": ""prefLabel""}], ""list_id"": ""80028d07-9c98-48cf-84db-f77bc01c8bbc""}]","[{""uri"": ""http://vocab.getty.edu/aat/300388277"", ""labels"": [{""id"": ""39e49408-de39-44db-a191-fe36a5f04cfc"", ""value"": ""English (language)"", ""language_id"": ""en"", ""list_item_id"": ""38729dbe-6d1c-48ce-bf47-e2a18945600e"", ""valuetype_id"": ""prefLabel""}], ""list_id"": ""f7fc4f6d-fd46-4881-846f-4a08bc1a3fef""}]"
95a5d13a-21cd-4e30-99bb-063fe69b47ed,36956e50-d770-11ef-8f5d-0275dc2ded29,166c7b56-b36e-4cfa-9dc0-7d232f147d69,1,16e875d6-ddc8-4e56-81fe-5aa349e650de,"{""en"": {""value"": ""Bergger S.A."", ""direction"": ""ltr""}}","[{""uri"": ""http://vocab.getty.edu/aat/300404670"", ""labels"": [{""id"": ""b379db2b-3066-4a46-8e8d-f70ad539323e"", ""value"": ""preferred terms"", ""language_id"": ""en"", ""list_item_id"": ""5f400d39-3b6b-4b8a-939b-4e49787c7444"", ""valuetype_id"": ""prefLabel""}], ""list_id"": ""80028d07-9c98-48cf-84db-f77bc01c8bbc""}]","[{""uri"": ""http://vocab.getty.edu/aat/300388277"", ""labels"": [{""id"": ""39e49408-de39-44db-a191-fe36a5f04cfc"", ""value"": ""English (language)"", ""language_id"": ""en"", ""list_item_id"": ""38729dbe-6d1c-48ce-bf47-e2a18945600e"", ""valuetype_id"": ""prefLabel""}], ""list_id"": ""f7fc4f6d-fd46-4881-846f-4a08bc1a3fef""}]"
dbcb84f0-b25c-405f-938a-bc3fa3df07e0,36956e50-d770-11ef-8f5d-0275dc2ded29,166c7b56-b36e-4cfa-9dc0-7d232f147d69,1,0202d6d1-c14a-465e-bb83-741650aa4723,"{""en"": {""value"": ""H. Schweppe"", ""direction"": ""ltr""}}","[{""uri"": ""http://vocab.getty.edu/aat/300404670"", ""labels"": [{""id"": ""b379db2b-3066-4a46-8e8d-f70ad539323e"", ""value"": ""preferred terms"", ""language_id"": ""en"", ""list_item_id"": ""5f400d39-3b6b-4b8a-939b-4e49787c7444"", ""valuetype_id"": ""prefLabel""}], ""list_id"": ""80028d07-9c98-48cf-84db-f77bc01c8bbc""}]","[{""uri"": ""http://vocab.getty.edu/aat/300388277"", ""labels"": [{""id"": ""39e49408-de39-44db-a191-fe36a5f04cfc"", ""value"": ""English (language)"", ""language_id"": ""en"", ""list_item_id"": ""38729dbe-6d1c-48ce-bf47-e2a18945600e"", ""valuetype_id"": ""prefLabel""}], ""list_id"": ""f7fc4f6d-fd46-4881-846f-4a08bc1a3fef""}]"
e00baddf-66e9-4e10-8152-1847e0541be9,36956e50-d770-11ef-8f5d-0275dc2ded29,166c7b56-b36e-4cfa-9dc0-7d232f147d69,1,da4ebead-3411-4634-b66a-c0ad1e36a8c7,"{""en"": {""value"": ""A. Prouss"", ""direction"": ""ltr""}}","[{""uri"": ""http://vocab.getty.edu/aat/300404670"", ""labels"": [{""id"": ""b379db2b-3066-4a46-8e8d-f70ad539323e"", ""value"": ""preferred terms"", ""language_id"": ""en"", ""list_item_id"": ""5f400d39-3b6b-4b8a-939b-4e49787c7444"", ""valuetype_id"": ""prefLabel""}], ""list_id"": ""80028d07-9c98-48cf-84db-f77bc01c8bbc""}]","[{""uri"": ""http://vocab.getty.edu/aat/300388277"", ""labels"": [{""id"": ""39e49408-de39-44db-a191-fe36a5f04cfc"", ""value"": ""English (language)"", ""language_id"": ""en"", ""list_item_id"": ""38729dbe-6d1c-48ce-bf47-e2a18945600e"", ""valuetype_id"": ""prefLabel""}], ""list_id"": ""f7fc4f6d-fd46-4881-846f-4a08bc1a3fef""}]"
d7c00363-5985-4a33-a90f-aaffb572a7de,36956e50-d770-11ef-8f5d-0275dc2ded29,166c7b56-b36e-4cfa-9dc0-7d232f147d69,1,e662a4cd-bbce-4713-b58b-bd3a9d286250,"{""en"": {""value"": ""Qld. Department of Forestry"", ""direction"": ""ltr""}}","[{""uri"": ""http://vocab.getty.edu/aat/300404670"", ""labels"": [{""id"": ""b379db2b-3066-4a46-8e8d-f70ad539323e"", ""value"": ""preferred terms"", ""language_id"": ""en"", ""list_item_id"": ""5f400d39-3b6b-4b8a-939b-4e49787c7444"", ""valuetype_id"": ""prefLabel""}], ""list_id"": ""80028d07-9c98-48cf-84db-f77bc01c8bbc""}]","[{""uri"": ""http://vocab.getty.edu/aat/300388277"", ""labels"": [{""id"": ""39e49408-de39-44db-a191-fe36a5f04cfc"", ""value"": ""English (language)"", ""language_id"": ""en"", ""list_item_id"": ""38729dbe-6d1c-48ce-bf47-e2a18945600e"", ""valuetype_id"": ""prefLabel""}], ""list_id"": ""f7fc4f6d-fd46-4881-846f-4a08bc1a3fef""}]"
3de33c11-57d2-473c-8d59-db4c47383a4b,36956e50-d770-11ef-8f5d-0275dc2ded29,166c7b56-b36e-4cfa-9dc0-7d232f147d69,1,d090b5bd-b174-4938-a719-214653c84f03,"{""en"": {""value"": ""KKK"", ""direction"": ""ltr""}}","[{""uri"": ""http://vocab.getty.edu/aat/300404670"", ""labels"": [{""id"": ""b379db2b-3066-4a46-8e8d-f70ad539323e"", ""value"": ""preferred terms"", ""language_id"": ""en"", ""list_item_id"": ""5f400d39-3b6b-4b8a-939b-4e49787c7444"", ""valuetype_id"": ""prefLabel""}], ""list_id"": ""80028d07-9c98-48cf-84db-f77bc01c8bbc""}]","[{""uri"": ""http://vocab.getty.edu/aat/300388277"", ""labels"": [{""id"": ""39e49408-de39-44db-a191-fe36a5f04cfc"", ""value"": ""English (language)"", ""language_id"": ""en"", ""list_item_id"": ""38729dbe-6d1c-48ce-bf47-e2a18945600e"", ""valuetype_id"": ""prefLabel""}], ""list_id"": ""f7fc4f6d-fd46-4881-846f-4a08bc1a3fef""}]"
8f38dff5-0b2c-46f2-86fd-53d5b3b8c254,36956e50-d770-11ef-8f5d-0275dc2ded29,166c7b56-b36e-4cfa-9dc0-7d232f147d69,1,92a35513-c727-460a-a38b-33ee1e756191,"{""en"": {""value"": ""Agfa Ansco"", ""direction"": ""ltr""}}","[{""uri"": ""http://vocab.getty.edu/aat/300404670"", ""labels"": [{""id"": ""b379db2b-3066-4a46-8e8d-f70ad539323e"", ""value"": ""preferred terms"", ""language_id"": ""en"", ""list_item_id"": ""5f400d39-3b6b-4b8a-939b-4e49787c7444"", ""valuetype_id"": ""prefLabel""}], ""list_id"": ""80028d07-9c98-48cf-84db-f77bc01c8bbc""}]","[{""uri"": ""http://vocab.getty.edu/aat/300388277"", ""labels"": [{""id"": ""39e49408-de39-44db-a191-fe36a5f04cfc"", ""value"": ""English (language)"", ""language_id"": ""en"", ""list_item_id"": ""38729dbe-6d1c-48ce-bf47-e2a18945600e"", ""valuetype_id"": ""prefLabel""}], ""list_id"": ""f7fc4f6d-fd46-4881-846f-4a08bc1a3fef""}]"
3072a69d-515a-46d5-9724-8377f78622a9,36956e50-d770-11ef-8f5d-0275dc2ded29,166c7b56-b36e-4cfa-9dc0-7d232f147d69,1,c9f4e4cd-6843-4b69-a090-19890c5ccd38,"{""en"": {""value"": ""R. Guilleminot"", ""direction"": ""ltr""}}","[{""uri"": ""http://vocab.getty.edu/aat/300404670"", ""labels"": [{""id"": ""b379db2b-3066-4a46-8e8d-f70ad539323e"", ""value"": ""preferred terms"", ""language_id"": ""en"", ""list_item_id"": ""5f400d39-3b6b-4b8a-939b-4e49787c7444"", ""valuetype_id"": ""prefLabel""}], ""list_id"": ""80028d07-9c98-48cf-84db-f77bc01c8bbc""}]","[{""uri"": ""http://vocab.getty.edu/aat/300388277"", ""labels"": [{""id"": ""39e49408-de39-44db-a191-fe36a5f04cfc"", ""value"": ""English (language)"", ""language_id"": ""en"", ""list_item_id"": ""38729dbe-6d1c-48ce-bf47-e2a18945600e"", ""valuetype_id"": ""prefLabel""}], ""list_id"": ""f7fc4f6d-fd46-4881-846f-4a08bc1a3fef""}]"
48a3e068-78f8-44fa-beb7-7b279a65586f,36956e50-d770-11ef-8f5d-0275dc2ded29,166c7b56-b36e-4cfa-9dc0-7d232f147d69,1,8691767e-3d56-439d-91a3-ef4c0211a6fa,"{""en"": {""value"": ""Bodson & Nelis"", ""direction"": ""ltr""}}","[{""uri"": ""http://vocab.getty.edu/aat/300404670"", ""labels"": [{""id"": ""b379db2b-3066-4a46-8e8d-f70ad539323e"", ""value"": ""preferred terms"", ""language_id"": ""en"", ""list_item_id"": ""5f400d39-3b6b-4b8a-939b-4e49787c7444"", ""valuetype_id"": ""prefLabel""}], ""list_id"": ""80028d07-9c98-48cf-84db-f77bc01c8bbc""}]","[{""uri"": ""http://vocab.getty.edu/aat/300388277"", ""labels"": [{""id"": ""39e49408-de39-44db-a191-fe36a5f04cfc"", ""value"": ""English (language)"", ""language_id"": ""en"", ""list_item_id"": ""38729dbe-6d1c-48ce-bf47-e2a18945600e"", ""valuetype_id"": ""prefLabel""}], ""list_id"": ""f7fc4f6d-fd46-4881-846f-4a08bc1a3fef""}]"
9e023415-7e55-4b0a-bdf4-59319e2ab686,36956e50-d770-11ef-8f5d-0275dc2ded29,166c7b56-b36e-4cfa-9dc0-7d232f147d69,1,451e4d04-079d-4760-a7a2-ea635079980b,"{""en"": {""value"": ""Gama"", ""direction"": ""ltr""}}","[{""uri"": ""http://vocab.getty.edu/aat/300404670"", ""labels"": [{""id"": ""b379db2b-3066-4a46-8e8d-f70ad539323e"", ""value"": ""preferred terms"", ""language_id"": ""en"", ""list_item_id"": ""5f400d39-3b6b-4b8a-939b-4e49787c7444"", ""valuetype_id"": ""prefLabel""}], ""list_id"": ""80028d07-9c98-48cf-84db-f77bc01c8bbc""}]","[{""uri"": ""http://vocab.getty.edu/aat/300388277"", ""labels"": [{""id"": ""39e49408-de39-44db-a191-fe36a5f04cfc"", ""value"": ""English (language)"", ""language_id"": ""en"", ""list_item_id"": ""38729dbe-6d1c-48ce-bf47-e2a18945600e"", ""valuetype_id"": ""prefLabel""}], ""list_id"": ""f7fc4f6d-fd46-4881-846f-4a08bc1a3fef""}]"
6f2fe665-a4b8-4f35-bc92-68bd548f4eb6,36956e50-d770-11ef-8f5d-0275dc2ded29,166c7b56-b36e-4cfa-9dc0-7d232f147d69,1,42546bd9-298a-445f-b48d-464d56c52ac6,"{""en"": {""value"": ""Orwo"", ""direction"": ""ltr""}}","[{""uri"": ""http://vocab.getty.edu/aat/300404670"", ""labels"": [{""id"": ""b379db2b-3066-4a46-8e8d-f70ad539323e"", ""value"": ""preferred terms"", ""language_id"": ""en"", ""list_item_id"": ""5f400d39-3b6b-4b8a-939b-4e49787c7444"", ""valuetype_id"": ""prefLabel""}], ""list_id"": ""80028d07-9c98-48cf-84db-f77bc01c8bbc""}]","[{""uri"": ""http://vocab.getty.edu/aat/300388277"", ""labels"": [{""id"": ""39e49408-de39-44db-a191-fe36a5f04cfc"", ""value"": ""English (language)"", ""language_id"": ""en"", ""list_item_id"": ""38729dbe-6d1c-48ce-bf47-e2a18945600e"", ""valuetype_id"": ""prefLabel""}], ""list_id"": ""f7fc4f6d-fd46-4881-846f-4a08bc1a3fef""}]"
dd777075-3974-4161-84f3-c702c6ba0f0e,36956e50-d770-11ef-8f5d-0275dc2ded29,166c7b56-b36e-4cfa-9dc0-7d232f147d69,1,df1a3d7e-4253-4b75-83e3-ed693654485e,"{""en"": {""value"": ""Yasutomo"", ""direction"": ""ltr""}}","[{""uri"": ""http://vocab.getty.edu/aat/300404670"", ""labels"": [{""id"": ""b379db2b-3066-4a46-8e8d-f70ad539323e"", ""value"": ""preferred terms"", ""language_id"": ""en"", ""list_item_id"": ""5f400d39-3b6b-4b8a-939b-4e49787c7444"", ""valuetype_id"": ""prefLabel""}], ""list_id"": ""80028d07-9c98-48cf-84db-f77bc01c8bbc""}]","[{""uri"": ""http://vocab.getty.edu/aat/300388277"", ""labels"": [{""id"": ""39e49408-de39-44db-a191-fe36a5f04cfc"", ""value"": ""English (language)"", ""language_id"": ""en"", ""list_item_id"": ""38729dbe-6d1c-48ce-bf47-e2a18945600e"", ""valuetype_id"": ""prefLabel""}], ""list_id"": ""f7fc4f6d-fd46-4881-846f-4a08bc1a3fef""}]"
d1e341fb-ada1-438e-83bc-1fdffc6483fc,36956e50-d770-11ef-8f5d-0275dc2ded29,166c7b56-b36e-4cfa-9dc0-7d232f147d69,1,d2d0dd4b-9f3f-4a68-ba57-27d859bb27fd,"{""en"": {""value"": ""Pearl Art and Craft Supply"", ""direction"": ""ltr""}}","[{""uri"": ""http://vocab.getty.edu/aat/300404670"", ""labels"": [{""id"": ""b379db2b-3066-4a46-8e8d-f70ad539323e"", ""value"": ""preferred terms"", ""language_id"": ""en"", ""list_item_id"": ""5f400d39-3b6b-4b8a-939b-4e49787c7444"", ""valuetype_id"": ""prefLabel""}], ""list_id"": ""80028d07-9c98-48cf-84db-f77bc01c8bbc""}]","[{""uri"": ""http://vocab.getty.edu/aat/300388277"", ""labels"": [{""id"": ""39e49408-de39-44db-a191-fe36a5f04cfc"", ""value"": ""English (language)"", ""language_id"": ""en"", ""list_item_id"": ""38729dbe-6d1c-48ce-bf47-e2a18945600e"", ""valuetype_id"": ""prefLabel""}], ""list_id"": ""f7fc4f6d-fd46-4881-846f-4a08bc1a3fef""}]"
c2fcd1ad-10f8-4e6f-9fdc-6b3fb06b0881,36956e50-d770-11ef-8f5d-0275dc2ded29,166c7b56-b36e-4cfa-9dc0-7d232f147d69,1,38910df9-e8c7-4ee8-99a2-ea00625134b0,"{""en"": {""value"": ""Beecham Products"", ""direction"": ""ltr""}}","[{""uri"": ""http://vocab.getty.edu/aat/300404670"", ""labels"": [{""id"": ""b379db2b-3066-4a46-8e8d-f70ad539323e"", ""value"": ""preferred terms"", ""language_id"": ""en"", ""list_item_id"": ""5f400d39-3b6b-4b8a-939b-4e49787c7444"", ""valuetype_id"": ""prefLabel""}], ""list_id"": ""80028d07-9c98-48cf-84db-f77bc01c8bbc""}]","[{""uri"": ""http://vocab.getty.edu/aat/300388277"", ""labels"": [{""id"": ""39e49408-de39-44db-a191-fe36a5f04cfc"", ""value"": ""English (language)"", ""language_id"": ""en"", ""list_item_id"": ""38729dbe-6d1c-48ce-bf47-e2a18945600e"", ""valuetype_id"": ""prefLabel""}], ""list_id"": ""f7fc4f6d-fd46-4881-846f-4a08bc1a3fef""}]"
2dad99b7-ce97-4f2e-a43e-2f8c8cf1d7ef,36956e50-d770-11ef-8f5d-0275dc2ded29,166c7b56-b36e-4cfa-9dc0-7d232f147d69,1,3f81b874-0458-4090-b854-c07ea676dfcb,"{""en"": {""value"": ""Shiva, Inc."", ""direction"": ""ltr""}}","[{""uri"": ""http://vocab.getty.edu/aat/300404670"", ""labels"": [{""id"": ""b379db2b-3066-4a46-8e8d-f70ad539323e"", ""value"": ""preferred terms"", ""language_id"": ""en"", ""list_item_id"": ""5f400d39-3b6b-4b8a-939b-4e49787c7444"", ""valuetype_id"": ""prefLabel""}], ""list_id"": ""80028d07-9c98-48cf-84db-f77bc01c8bbc""}]","[{""uri"": ""http://vocab.getty.edu/aat/300388277"", ""labels"": [{""id"": ""39e49408-de39-44db-a191-fe36a5f04cfc"", ""value"": ""English (language)"", ""language_id"": ""en"", ""list_item_id"": ""38729dbe-6d1c-48ce-bf47-e2a18945600e"", ""valuetype_id"": ""prefLabel""}], ""list_id"": ""f7fc4f6d-fd46-4881-846f-4a08bc1a3fef""}]"
ce2cbc2b-b3f7-4e5e-b60e-7634505dd0a6,36956e50-d770-11ef-8f5d-0275dc2ded29,166c7b56-b36e-4cfa-9dc0-7d232f147d69,1,b420424f-351b-455d-9f16-2cf44e384415,"{""en"": {""value"": ""Schilling"", ""direction"": ""ltr""}}","[{""uri"": ""http://vocab.getty.edu/aat/300404670"", ""labels"": [{""id"": ""b379db2b-3066-4a46-8e8d-f70ad539323e"", ""value"": ""preferred terms"", ""language_id"": ""en"", ""list_item_id"": ""5f400d39-3b6b-4b8a-939b-4e49787c7444"", ""valuetype_id"": ""prefLabel""}], ""list_id"": ""80028d07-9c98-48cf-84db-f77bc01c8bbc""}]","[{""uri"": ""http://vocab.getty.edu/aat/300388277"", ""labels"": [{""id"": ""39e49408-de39-44db-a191-fe36a5f04cfc"", ""value"": ""English (language)"", ""language_id"": ""en"", ""list_item_id"": ""38729dbe-6d1c-48ce-bf47-e2a18945600e"", ""valuetype_id"": ""prefLabel""}], ""list_id"": ""f7fc4f6d-fd46-4881-846f-4a08bc1a3fef""}]"
92007380-65b3-430f-98a4-2bd8c62c9b50,36956e50-d770-11ef-8f5d-0275dc2ded29,166c7b56-b36e-4cfa-9dc0-7d232f147d69,1,a563779b-838c-4647-bc24-65188dd8090d,"{""en"": {""value"": ""Speedball Art"", ""direction"": ""ltr""}}","[{""uri"": ""http://vocab.getty.edu/aat/300404670"", ""labels"": [{""id"": ""b379db2b-3066-4a46-8e8d-f70ad539323e"", ""value"": ""preferred terms"", ""language_id"": ""en"", ""list_item_id"": ""5f400d39-3b6b-4b8a-939b-4e49787c7444"", ""valuetype_id"": ""prefLabel""}], ""list_id"": ""80028d07-9c98-48cf-84db-f77bc01c8bbc""}]","[{""uri"": ""http://vocab.getty.edu/aat/300388277"", ""labels"": [{""id"": ""39e49408-de39-44db-a191-fe36a5f04cfc"", ""value"": ""English (language)"", ""language_id"": ""en"", ""list_item_id"": ""38729dbe-6d1c-48ce-bf47-e2a18945600e"", ""valuetype_id"": ""prefLabel""}], ""list_id"": ""f7fc4f6d-fd46-4881-846f-4a08bc1a3fef""}]"
926a3255-7480-49fc-b321-ed7545852399,36956e50-d770-11ef-8f5d-0275dc2ded29,166c7b56-b36e-4cfa-9dc0-7d232f147d69,1,76a100ea-97e1-4dc6-b9a1-385d54c174fb,"{""en"": {""value"": ""Golden Artist Colors, Inc."", ""direction"": ""ltr""}}","[{""uri"": ""http://vocab.getty.edu/aat/300404670"", ""labels"": [{""id"": ""b379db2b-3066-4a46-8e8d-f70ad539323e"", ""value"": ""preferred terms"", ""language_id"": ""en"", ""list_item_id"": ""5f400d39-3b6b-4b8a-939b-4e49787c7444"", ""valuetype_id"": ""prefLabel""}], ""list_id"": ""80028d07-9c98-48cf-84db-f77bc01c8bbc""}]","[{""uri"": ""http://vocab.getty.edu/aat/300388277"", ""labels"": [{""id"": ""39e49408-de39-44db-a191-fe36a5f04cfc"", ""value"": ""English (language)"", ""language_id"": ""en"", ""list_item_id"": ""38729dbe-6d1c-48ce-bf47-e2a18945600e"", ""valuetype_id"": ""prefLabel""}], ""list_id"": ""f7fc4f6d-fd46-4881-846f-4a08bc1a3fef""}]"
23a6ac28-72d6-4719-bf34-aed040789810,36956e50-d770-11ef-8f5d-0275dc2ded29,166c7b56-b36e-4cfa-9dc0-7d232f147d69,1,4ec4992d-ab48-49d8-a126-0941abc41451,"{""en"": {""value"": ""MACO Photo Products"", ""direction"": ""ltr""}}","[{""uri"": ""http://vocab.getty.edu/aat/300404670"", ""labels"": [{""id"": ""b379db2b-3066-4a46-8e8d-f70ad539323e"", ""value"": ""preferred terms"", ""language_id"": ""en"", ""list_item_id"": ""5f400d39-3b6b-4b8a-939b-4e49787c7444"", ""valuetype_id"": ""prefLabel""}], ""list_id"": ""80028d07-9c98-48cf-84db-f77bc01c8bbc""}]","[{""uri"": ""http://vocab.getty.edu/aat/300388277"", ""labels"": [{""id"": ""39e49408-de39-44db-a191-fe36a5f04cfc"", ""value"": ""English (language)"", ""language_id"": ""en"", ""list_item_id"": ""38729dbe-6d1c-48ce-bf47-e2a18945600e"", ""valuetype_id"": ""prefLabel""}], ""list_id"": ""f7fc4f6d-fd46-4881-846f-4a08bc1a3fef""}]"
ea52aaa9-bb14-44e1-825b-38390c4d30e0,36956e50-d770-11ef-8f5d-0275dc2ded29,166c7b56-b36e-4cfa-9dc0-7d232f147d69,1,67b4bff0-efaf-4ebe-9d33-fc89660d4c03,"{""en"": {""value"": ""Edmund Scientific Corp."", ""direction"": ""ltr""}}","[{""uri"": ""http://vocab.getty.edu/aat/300404670"", ""labels"": [{""id"": ""b379db2b-3066-4a46-8e8d-f70ad539323e"", ""value"": ""preferred terms"", ""language_id"": ""en"", ""list_item_id"": ""5f400d39-3b6b-4b8a-939b-4e49787c7444"", ""valuetype_id"": ""prefLabel""}], ""list_id"": ""80028d07-9c98-48cf-84db-f77bc01c8bbc""}]","[{""uri"": ""http://vocab.getty.edu/aat/300388277"", ""labels"": [{""id"": ""39e49408-de39-44db-a191-fe36a5f04cfc"", ""value"": ""English (language)"", ""language_id"": ""en"", ""list_item_id"": ""38729dbe-6d1c-48ce-bf47-e2a18945600e"", ""valuetype_id"": ""prefLabel""}], ""list_id"": ""f7fc4f6d-fd46-4881-846f-4a08bc1a3fef""}]"
648cfcf3-a5a7-4836-9457-45211342aaac,36956e50-d770-11ef-8f5d-0275dc2ded29,166c7b56-b36e-4cfa-9dc0-7d232f147d69,1,fa0f9ff0-ffe2-4c92-9166-dea33e6b9f40,"{""en"": {""value"": ""Kemtec"", ""direction"": ""ltr""}}","[{""uri"": ""http://vocab.getty.edu/aat/300404670"", ""labels"": [{""id"": ""b379db2b-3066-4a46-8e8d-f70ad539323e"", ""value"": ""preferred terms"", ""language_id"": ""en"", ""list_item_id"": ""5f400d39-3b6b-4b8a-939b-4e49787c7444"", ""valuetype_id"": ""prefLabel""}], ""list_id"": ""80028d07-9c98-48cf-84db-f77bc01c8bbc""}]","[{""uri"": ""http://vocab.getty.edu/aat/300388277"", ""labels"": [{""id"": ""39e49408-de39-44db-a191-fe36a5f04cfc"", ""value"": ""English (language)"", ""language_id"": ""en"", ""list_item_id"": ""38729dbe-6d1c-48ce-bf47-e2a18945600e"", ""valuetype_id"": ""prefLabel""}], ""list_id"": ""f7fc4f6d-fd46-4881-846f-4a08bc1a3fef""}]"
2058f71c-c1aa-4c68-96ce-135620e77c47,36956e50-d770-11ef-8f5d-0275dc2ded29,166c7b56-b36e-4cfa-9dc0-7d232f147d69,1,c98261a9-477e-4957-8389-cbb177185064,"{""en"": {""value"": ""Kodak"", ""direction"": ""ltr""}}","[{""uri"": ""http://vocab.getty.edu/aat/300404670"", ""labels"": [{""id"": ""b379db2b-3066-4a46-8e8d-f70ad539323e"", ""value"": ""preferred terms"", ""language_id"": ""en"", ""list_item_id"": ""5f400d39-3b6b-4b8a-939b-4e49787c7444"", ""valuetype_id"": ""prefLabel""}], ""list_id"": ""80028d07-9c98-48cf-84db-f77bc01c8bbc""}]","[{""uri"": ""http://vocab.getty.edu/aat/300388277"", ""labels"": [{""id"": ""39e49408-de39-44db-a191-fe36a5f04cfc"", ""value"": ""English (language)"", ""language_id"": ""en"", ""list_item_id"": ""38729dbe-6d1c-48ce-bf47-e2a18945600e"", ""valuetype_id"": ""prefLabel""}], ""list_id"": ""f7fc4f6d-fd46-4881-846f-4a08bc1a3fef""}]"
fd8eb938-e546-456c-8390-71847c9936b6,36956e50-d770-11ef-8f5d-0275dc2ded29,166c7b56-b36e-4cfa-9dc0-7d232f147d69,1,82c701c5-2588-4bf4-920b-e9f2994adfe9,"{""en"": {""value"": ""Luminos Imaging"", ""direction"": ""ltr""}}","[{""uri"": ""http://vocab.getty.edu/aat/300404670"", ""labels"": [{""id"": ""b379db2b-3066-4a46-8e8d-f70ad539323e"", ""value"": ""preferred terms"", ""language_id"": ""en"", ""list_item_id"": ""5f400d39-3b6b-4b8a-939b-4e49787c7444"", ""valuetype_id"": ""prefLabel""}], ""list_id"": ""80028d07-9c98-48cf-84db-f77bc01c8bbc""}]","[{""uri"": ""http://vocab.getty.edu/aat/300388277"", ""labels"": [{""id"": ""39e49408-de39-44db-a191-fe36a5f04cfc"", ""value"": ""English (language)"", ""language_id"": ""en"", ""list_item_id"": ""38729dbe-6d1c-48ce-bf47-e2a18945600e"", ""valuetype_id"": ""prefLabel""}], ""list_id"": ""f7fc4f6d-fd46-4881-846f-4a08bc1a3fef""}]"
4617977d-576d-4da2-b1cf-8fb94db2d788,36956e50-d770-11ef-8f5d-0275dc2ded29,166c7b56-b36e-4cfa-9dc0-7d232f147d69,1,144bcd99-21aa-4523-b6e6-5a598e5a2056,"{""en"": {""value"": ""J. P. Stephenson Artists' Colourman"", ""direction"": ""ltr""}}","[{""uri"": ""http://vocab.getty.edu/aat/300404670"", ""labels"": [{""id"": ""b379db2b-3066-4a46-8e8d-f70ad539323e"", ""value"": ""preferred terms"", ""language_id"": ""en"", ""list_item_id"": ""5f400d39-3b6b-4b8a-939b-4e49787c7444"", ""valuetype_id"": ""prefLabel""}], ""list_id"": ""80028d07-9c98-48cf-84db-f77bc01c8bbc""}]","[{""uri"": ""http://vocab.getty.edu/aat/300388277"", ""labels"": [{""id"": ""39e49408-de39-44db-a191-fe36a5f04cfc"", ""value"": ""English (language)"", ""language_id"": ""en"", ""list_item_id"": ""38729dbe-6d1c-48ce-bf47-e2a18945600e"", ""valuetype_id"": ""prefLabel""}], ""list_id"": ""f7fc4f6d-fd46-4881-846f-4a08bc1a3fef""}]"
384dba81-4f78-4ef0-aca1-db45d238edd8,36956e50-d770-11ef-8f5d-0275dc2ded29,166c7b56-b36e-4cfa-9dc0-7d232f147d69,1,1fdfb2ba-d98a-47be-ab24-f995531838ef,"{""en"": {""value"": ""Dupont"", ""direction"": ""ltr""}}","[{""uri"": ""http://vocab.getty.edu/aat/300404670"", ""labels"": [{""id"": ""b379db2b-3066-4a46-8e8d-f70ad539323e"", ""value"": ""preferred terms"", ""language_id"": ""en"", ""list_item_id"": ""5f400d39-3b6b-4b8a-939b-4e49787c7444"", ""valuetype_id"": ""prefLabel""}], ""list_id"": ""80028d07-9c98-48cf-84db-f77bc01c8bbc""}]","[{""uri"": ""http://vocab.getty.edu/aat/300388277"", ""labels"": [{""id"": ""39e49408-de39-44db-a191-fe36a5f04cfc"", ""value"": ""English (language)"", ""language_id"": ""en"", ""list_item_id"": ""38729dbe-6d1c-48ce-bf47-e2a18945600e"", ""valuetype_id"": ""prefLabel""}], ""list_id"": ""f7fc4f6d-fd46-4881-846f-4a08bc1a3fef""}]"
8eed6c86-74ac-4ef7-812a-3b5e81724968,36956e50-d770-11ef-8f5d-0275dc2ded29,166c7b56-b36e-4cfa-9dc0-7d232f147d69,1,df7b8c12-dac8-4993-aa71-2cc06921d12f,"{""en"": {""value"": ""Societa Commissionaria di Esportazione"", ""direction"": ""ltr""}}","[{""uri"": ""http://vocab.getty.edu/aat/300404670"", ""labels"": [{""id"": ""b379db2b-3066-4a46-8e8d-f70ad539323e"", ""value"": ""preferred terms"", ""language_id"": ""en"", ""list_item_id"": ""5f400d39-3b6b-4b8a-939b-4e49787c7444"", ""valuetype_id"": ""prefLabel""}], ""list_id"": ""80028d07-9c98-48cf-84db-f77bc01c8bbc""}]","[{""uri"": ""http://vocab.getty.edu/aat/300388277"", ""labels"": [{""id"": ""39e49408-de39-44db-a191-fe36a5f04cfc"", ""value"": ""English (language)"", ""language_id"": ""en"", ""list_item_id"": ""38729dbe-6d1c-48ce-bf47-e2a18945600e"", ""valuetype_id"": ""prefLabel""}], ""list_id"": ""f7fc4f6d-fd46-4881-846f-4a08bc1a3fef""}]"
db30da0b-864c-4f46-b3e7-202c9cdbcd25,36956e50-d770-11ef-8f5d-0275dc2ded29,166c7b56-b36e-4cfa-9dc0-7d232f147d69,1,7a24bdbc-5c98-497f-a4c3-2ef56ce47874,"{""en"": {""value"": ""Meer Corp."", ""direction"": ""ltr""}}","[{""uri"": ""http://vocab.getty.edu/aat/300404670"", ""labels"": [{""id"": ""b379db2b-3066-4a46-8e8d-f70ad539323e"", ""value"": ""preferred terms"", ""language_id"": ""en"", ""list_item_id"": ""5f400d39-3b6b-4b8a-939b-4e49787c7444"", ""valuetype_id"": ""prefLabel""}], ""list_id"": ""80028d07-9c98-48cf-84db-f77bc01c8bbc""}]","[{""uri"": ""http://vocab.getty.edu/aat/300388277"", ""labels"": [{""id"": ""39e49408-de39-44db-a191-fe36a5f04cfc"", ""value"": ""English (language)"", ""language_id"": ""en"", ""list_item_id"": ""38729dbe-6d1c-48ce-bf47-e2a18945600e"", ""valuetype_id"": ""prefLabel""}], ""list_id"": ""f7fc4f6d-fd46-4881-846f-4a08bc1a3fef""}]"
7626137d-41d8-460d-b194-dce9f63f5f95,36956e50-d770-11ef-8f5d-0275dc2ded29,166c7b56-b36e-4cfa-9dc0-7d232f147d69,1,0a7796a5-8032-4615-b64b-c06d297e7a51,"{""en"": {""value"": ""Hercules Powder Co. Inc."", ""direction"": ""ltr""}}","[{""uri"": ""http://vocab.getty.edu/aat/300404670"", ""labels"": [{""id"": ""b379db2b-3066-4a46-8e8d-f70ad539323e"", ""value"": ""preferred terms"", ""language_id"": ""en"", ""list_item_id"": ""5f400d39-3b6b-4b8a-939b-4e49787c7444"", ""valuetype_id"": ""prefLabel""}], ""list_id"": ""80028d07-9c98-48cf-84db-f77bc01c8bbc""}]","[{""uri"": ""http://vocab.getty.edu/aat/300388277"", ""labels"": [{""id"": ""39e49408-de39-44db-a191-fe36a5f04cfc"", ""value"": ""English (language)"", ""language_id"": ""en"", ""list_item_id"": ""38729dbe-6d1c-48ce-bf47-e2a18945600e"", ""valuetype_id"": ""prefLabel""}], ""list_id"": ""f7fc4f6d-fd46-4881-846f-4a08bc1a3fef""}]"
bda456ae-e182-4928-94ca-9171b9682975,36956e50-d770-11ef-8f5d-0275dc2ded29,166c7b56-b36e-4cfa-9dc0-7d232f147d69,1,2f10a774-86f6-481f-b535-606abbb09d5c,"{""en"": {""value"": ""Spencer Kellogg Division of Textron Inc."", ""direction"": ""ltr""}}","[{""uri"": ""http://vocab.getty.edu/aat/300404670"", ""labels"": [{""id"": ""b379db2b-3066-4a46-8e8d-f70ad539323e"", ""value"": ""preferred terms"", ""language_id"": ""en"", ""list_item_id"": ""5f400d39-3b6b-4b8a-939b-4e49787c7444"", ""valuetype_id"": ""prefLabel""}], ""list_id"": ""80028d07-9c98-48cf-84db-f77bc01c8bbc""}]","[{""uri"": ""http://vocab.getty.edu/aat/300388277"", ""labels"": [{""id"": ""39e49408-de39-44db-a191-fe36a5f04cfc"", ""value"": ""English (language)"", ""language_id"": ""en"", ""list_item_id"": ""38729dbe-6d1c-48ce-bf47-e2a18945600e"", ""valuetype_id"": ""prefLabel""}], ""list_id"": ""f7fc4f6d-fd46-4881-846f-4a08bc1a3fef""}]"
0b098e2a-dfc2-4b9c-a8eb-a2eb115ed708,36956e50-d770-11ef-8f5d-0275dc2ded29,166c7b56-b36e-4cfa-9dc0-7d232f147d69,1,4a24152b-9c4b-41de-aaa4-340cddda00b7,"{""en"": {""value"": ""Hain Pure Food Company, Inc."", ""direction"": ""ltr""}}","[{""uri"": ""http://vocab.getty.edu/aat/300404670"", ""labels"": [{""id"": ""b379db2b-3066-4a46-8e8d-f70ad539323e"", ""value"": ""preferred terms"", ""language_id"": ""en"", ""list_item_id"": ""5f400d39-3b6b-4b8a-939b-4e49787c7444"", ""valuetype_id"": ""prefLabel""}], ""list_id"": ""80028d07-9c98-48cf-84db-f77bc01c8bbc""}]","[{""uri"": ""http://vocab.getty.edu/aat/300388277"", ""labels"": [{""id"": ""39e49408-de39-44db-a191-fe36a5f04cfc"", ""value"": ""English (language)"", ""language_id"": ""en"", ""list_item_id"": ""38729dbe-6d1c-48ce-bf47-e2a18945600e"", ""valuetype_id"": ""prefLabel""}], ""list_id"": ""f7fc4f6d-fd46-4881-846f-4a08bc1a3fef""}]"
71efb5c9-e82c-4cb9-9156-90b70b1e3ce0,36956e50-d770-11ef-8f5d-0275dc2ded29,166c7b56-b36e-4cfa-9dc0-7d232f147d69,1,92d541d7-16a1-4e0f-aea3-06643549f4c9,"{""en"": {""value"": ""Via delle Spado"", ""direction"": ""ltr""}}","[{""uri"": ""http://vocab.getty.edu/aat/300404670"", ""labels"": [{""id"": ""b379db2b-3066-4a46-8e8d-f70ad539323e"", ""value"": ""preferred terms"", ""language_id"": ""en"", ""list_item_id"": ""5f400d39-3b6b-4b8a-939b-4e49787c7444"", ""valuetype_id"": ""prefLabel""}], ""list_id"": ""80028d07-9c98-48cf-84db-f77bc01c8bbc""}]","[{""uri"": ""http://vocab.getty.edu/aat/300388277"", ""labels"": [{""id"": ""39e49408-de39-44db-a191-fe36a5f04cfc"", ""value"": ""English (language)"", ""language_id"": ""en"", ""list_item_id"": ""38729dbe-6d1c-48ce-bf47-e2a18945600e"", ""valuetype_id"": ""prefLabel""}], ""list_id"": ""f7fc4f6d-fd46-4881-846f-4a08bc1a3fef""}]"
220ada59-5151-4857-9b65-6579a9d35d7c,36956e50-d770-11ef-8f5d-0275dc2ded29,166c7b56-b36e-4cfa-9dc0-7d232f147d69,1,e1f086a4-f5d3-4603-b012-08e87484bad0,"{""en"": {""value"": ""BioSan, New Dimensions Dist."", ""direction"": ""ltr""}}","[{""uri"": ""http://vocab.getty.edu/aat/300404670"", ""labels"": [{""id"": ""b379db2b-3066-4a46-8e8d-f70ad539323e"", ""value"": ""preferred terms"", ""language_id"": ""en"", ""list_item_id"": ""5f400d39-3b6b-4b8a-939b-4e49787c7444"", ""valuetype_id"": ""prefLabel""}], ""list_id"": ""80028d07-9c98-48cf-84db-f77bc01c8bbc""}]","[{""uri"": ""http://vocab.getty.edu/aat/300388277"", ""labels"": [{""id"": ""39e49408-de39-44db-a191-fe36a5f04cfc"", ""value"": ""English (language)"", ""language_id"": ""en"", ""list_item_id"": ""38729dbe-6d1c-48ce-bf47-e2a18945600e"", ""valuetype_id"": ""prefLabel""}], ""list_id"": ""f7fc4f6d-fd46-4881-846f-4a08bc1a3fef""}]"
068b4a70-dd67-4606-951d-7ac4a77aff6f,36956e50-d770-11ef-8f5d-0275dc2ded29,166c7b56-b36e-4cfa-9dc0-7d232f147d69,1,133362aa-8c3c-4699-a7b0-0c6c3aad335f,"{""en"": {""value"": ""JPGM Painting Conservation"", ""direction"": ""ltr""}}","[{""uri"": ""http://vocab.getty.edu/aat/300404670"", ""labels"": [{""id"": ""b379db2b-3066-4a46-8e8d-f70ad539323e"", ""value"": ""preferred terms"", ""language_id"": ""en"", ""list_item_id"": ""5f400d39-3b6b-4b8a-939b-4e49787c7444"", ""valuetype_id"": ""prefLabel""}], ""list_id"": ""80028d07-9c98-48cf-84db-f77bc01c8bbc""}]","[{""uri"": ""http://vocab.getty.edu/aat/300388277"", ""labels"": [{""id"": ""39e49408-de39-44db-a191-fe36a5f04cfc"", ""value"": ""English (language)"", ""language_id"": ""en"", ""list_item_id"": ""38729dbe-6d1c-48ce-bf47-e2a18945600e"", ""valuetype_id"": ""prefLabel""}], ""list_id"": ""f7fc4f6d-fd46-4881-846f-4a08bc1a3fef""}]"
300ba26b-dd23-4c80-acf2-6d810b6becb3,36956e50-d770-11ef-8f5d-0275dc2ded29,166c7b56-b36e-4cfa-9dc0-7d232f147d69,1,e1175784-387b-423b-af3d-de7eeadafe3d,"{""en"": {""value"": ""Darko"", ""direction"": ""ltr""}}","[{""uri"": ""http://vocab.getty.edu/aat/300404670"", ""labels"": [{""id"": ""b379db2b-3066-4a46-8e8d-f70ad539323e"", ""value"": ""preferred terms"", ""language_id"": ""en"", ""list_item_id"": ""5f400d39-3b6b-4b8a-939b-4e49787c7444"", ""valuetype_id"": ""prefLabel""}], ""list_id"": ""80028d07-9c98-48cf-84db-f77bc01c8bbc""}]","[{""uri"": ""http://vocab.getty.edu/aat/300388277"", ""labels"": [{""id"": ""39e49408-de39-44db-a191-fe36a5f04cfc"", ""value"": ""English (language)"", ""language_id"": ""en"", ""list_item_id"": ""38729dbe-6d1c-48ce-bf47-e2a18945600e"", ""valuetype_id"": ""prefLabel""}], ""list_id"": ""f7fc4f6d-fd46-4881-846f-4a08bc1a3fef""}]"
38cd69d7-4259-4d36-ad8b-bd956717c3c7,36956e50-d770-11ef-8f5d-0275dc2ded29,166c7b56-b36e-4cfa-9dc0-7d232f147d69,1,7c08fdd8-3d64-465f-8514-f555e95c6e27,"{""en"": {""value"": ""Paintings Conservation"", ""direction"": ""ltr""}}","[{""uri"": ""http://vocab.getty.edu/aat/300404670"", ""labels"": [{""id"": ""b379db2b-3066-4a46-8e8d-f70ad539323e"", ""value"": ""preferred terms"", ""language_id"": ""en"", ""list_item_id"": ""5f400d39-3b6b-4b8a-939b-4e49787c7444"", ""valuetype_id"": ""prefLabel""}], ""list_id"": ""80028d07-9c98-48cf-84db-f77bc01c8bbc""}]","[{""uri"": ""http://vocab.getty.edu/aat/300388277"", ""labels"": [{""id"": ""39e49408-de39-44db-a191-fe36a5f04cfc"", ""value"": ""English (language)"", ""language_id"": ""en"", ""list_item_id"": ""38729dbe-6d1c-48ce-bf47-e2a18945600e"", ""valuetype_id"": ""prefLabel""}], ""list_id"": ""f7fc4f6d-fd46-4881-846f-4a08bc1a3fef""}]"
ddaea4cc-b297-49dd-80db-5ef68122cb76,36956e50-d770-11ef-8f5d-0275dc2ded29,166c7b56-b36e-4cfa-9dc0-7d232f147d69,1,ab6157e3-648e-4c20-ae5b-80cd02ca35c9,"{""en"": {""value"": ""Alchemist"", ""direction"": ""ltr""}}","[{""uri"": ""http://vocab.getty.edu/aat/300404670"", ""labels"": [{""id"": ""b379db2b-3066-4a46-8e8d-f70ad539323e"", ""value"": ""preferred terms"", ""language_id"": ""en"", ""list_item_id"": ""5f400d39-3b6b-4b8a-939b-4e49787c7444"", ""valuetype_id"": ""prefLabel""}], ""list_id"": ""80028d07-9c98-48cf-84db-f77bc01c8bbc""}]","[{""uri"": ""http://vocab.getty.edu/aat/300388277"", ""labels"": [{""id"": ""39e49408-de39-44db-a191-fe36a5f04cfc"", ""value"": ""English (language)"", ""language_id"": ""en"", ""list_item_id"": ""38729dbe-6d1c-48ce-bf47-e2a18945600e"", ""valuetype_id"": ""prefLabel""}], ""list_id"": ""f7fc4f6d-fd46-4881-846f-4a08bc1a3fef""}]"
2f9b4605-595f-48b5-9f0d-80c78534be93,36956e50-d770-11ef-8f5d-0275dc2ded29,166c7b56-b36e-4cfa-9dc0-7d232f147d69,1,7b1f222d-9422-4b24-8fef-733eb73af5e4,"{""en"": {""value"": ""Zora's Standard Brand Paint Store"", ""direction"": ""ltr""}}","[{""uri"": ""http://vocab.getty.edu/aat/300404670"", ""labels"": [{""id"": ""b379db2b-3066-4a46-8e8d-f70ad539323e"", ""value"": ""preferred terms"", ""language_id"": ""en"", ""list_item_id"": ""5f400d39-3b6b-4b8a-939b-4e49787c7444"", ""valuetype_id"": ""prefLabel""}], ""list_id"": ""80028d07-9c98-48cf-84db-f77bc01c8bbc""}]","[{""uri"": ""http://vocab.getty.edu/aat/300388277"", ""labels"": [{""id"": ""39e49408-de39-44db-a191-fe36a5f04cfc"", ""value"": ""English (language)"", ""language_id"": ""en"", ""list_item_id"": ""38729dbe-6d1c-48ce-bf47-e2a18945600e"", ""valuetype_id"": ""prefLabel""}], ""list_id"": ""f7fc4f6d-fd46-4881-846f-4a08bc1a3fef""}]"
afce3701-44c8-4d04-ae26-4966027b38d8,36956e50-d770-11ef-8f5d-0275dc2ded29,166c7b56-b36e-4cfa-9dc0-7d232f147d69,1,0bf00e9a-62af-4055-9929-436ada0ad24a,"{""en"": {""value"": ""Larry Dawson"", ""direction"": ""ltr""}}","[{""uri"": ""http://vocab.getty.edu/aat/300404670"", ""labels"": [{""id"": ""b379db2b-3066-4a46-8e8d-f70ad539323e"", ""value"": ""preferred terms"", ""language_id"": ""en"", ""list_item_id"": ""5f400d39-3b6b-4b8a-939b-4e49787c7444"", ""valuetype_id"": ""prefLabel""}], ""list_id"": ""80028d07-9c98-48cf-84db-f77bc01c8bbc""}]","[{""uri"": ""http://vocab.getty.edu/aat/300388277"", ""labels"": [{""id"": ""39e49408-de39-44db-a191-fe36a5f04cfc"", ""value"": ""English (language)"", ""language_id"": ""en"", ""list_item_id"": ""38729dbe-6d1c-48ce-bf47-e2a18945600e"", ""valuetype_id"": ""prefLabel""}], ""list_id"": ""f7fc4f6d-fd46-4881-846f-4a08bc1a3fef""}]"
7bf6b3ce-9a09-4ca7-8b93-0740134a150e,36956e50-d770-11ef-8f5d-0275dc2ded29,166c7b56-b36e-4cfa-9dc0-7d232f147d69,1,56f863c0-eaa3-41ec-a4ba-e80994ce9d5d,"{""en"": {""value"": ""Ilford Imaging Switzerland"", ""direction"": ""ltr""}}","[{""uri"": ""http://vocab.getty.edu/aat/300404670"", ""labels"": [{""id"": ""b379db2b-3066-4a46-8e8d-f70ad539323e"", ""value"": ""preferred terms"", ""language_id"": ""en"", ""list_item_id"": ""5f400d39-3b6b-4b8a-939b-4e49787c7444"", ""valuetype_id"": ""prefLabel""}], ""list_id"": ""80028d07-9c98-48cf-84db-f77bc01c8bbc""}]","[{""uri"": ""http://vocab.getty.edu/aat/300388277"", ""labels"": [{""id"": ""39e49408-de39-44db-a191-fe36a5f04cfc"", ""value"": ""English (language)"", ""language_id"": ""en"", ""list_item_id"": ""38729dbe-6d1c-48ce-bf47-e2a18945600e"", ""valuetype_id"": ""prefLabel""}], ""list_id"": ""f7fc4f6d-fd46-4881-846f-4a08bc1a3fef""}]"
3414254d-24b9-4b51-8e88-40e2636b57ad,36956e50-d770-11ef-8f5d-0275dc2ded29,166c7b56-b36e-4cfa-9dc0-7d232f147d69,1,22c31af8-44cb-404f-bec4-70afe0b2b3f2,"{""en"": {""value"": ""Funakubo Enterprises"", ""direction"": ""ltr""}}","[{""uri"": ""http://vocab.getty.edu/aat/300404670"", ""labels"": [{""id"": ""b379db2b-3066-4a46-8e8d-f70ad539323e"", ""value"": ""preferred terms"", ""language_id"": ""en"", ""list_item_id"": ""5f400d39-3b6b-4b8a-939b-4e49787c7444"", ""valuetype_id"": ""prefLabel""}], ""list_id"": ""80028d07-9c98-48cf-84db-f77bc01c8bbc""}]","[{""uri"": ""http://vocab.getty.edu/aat/300388277"", ""labels"": [{""id"": ""39e49408-de39-44db-a191-fe36a5f04cfc"", ""value"": ""English (language)"", ""language_id"": ""en"", ""list_item_id"": ""38729dbe-6d1c-48ce-bf47-e2a18945600e"", ""valuetype_id"": ""prefLabel""}], ""list_id"": ""f7fc4f6d-fd46-4881-846f-4a08bc1a3fef""}]"
0f26453f-c289-48bd-a4f6-9f04a5fb50c1,36956e50-d770-11ef-8f5d-0275dc2ded29,166c7b56-b36e-4cfa-9dc0-7d232f147d69,1,5961643d-ad5a-45ba-9b8a-d1200d4dec48,"{""en"": {""value"": ""Designers Dry Colors"", ""direction"": ""ltr""}}","[{""uri"": ""http://vocab.getty.edu/aat/300404670"", ""labels"": [{""id"": ""b379db2b-3066-4a46-8e8d-f70ad539323e"", ""value"": ""preferred terms"", ""language_id"": ""en"", ""list_item_id"": ""5f400d39-3b6b-4b8a-939b-4e49787c7444"", ""valuetype_id"": ""prefLabel""}], ""list_id"": ""80028d07-9c98-48cf-84db-f77bc01c8bbc""}]","[{""uri"": ""http://vocab.getty.edu/aat/300388277"", ""labels"": [{""id"": ""39e49408-de39-44db-a191-fe36a5f04cfc"", ""value"": ""English (language)"", ""language_id"": ""en"", ""list_item_id"": ""38729dbe-6d1c-48ce-bf47-e2a18945600e"", ""valuetype_id"": ""prefLabel""}], ""list_id"": ""f7fc4f6d-fd46-4881-846f-4a08bc1a3fef""}]"
ed098dc9-2a9e-4440-833e-c1f66391fda7,36956e50-d770-11ef-8f5d-0275dc2ded29,166c7b56-b36e-4cfa-9dc0-7d232f147d69,1,5d078ffe-2c96-4643-9fad-2c8db8926d49,"{""en"": {""value"": ""Walkden's"", ""direction"": ""ltr""}}","[{""uri"": ""http://vocab.getty.edu/aat/300404670"", ""labels"": [{""id"": ""b379db2b-3066-4a46-8e8d-f70ad539323e"", ""value"": ""preferred terms"", ""language_id"": ""en"", ""list_item_id"": ""5f400d39-3b6b-4b8a-939b-4e49787c7444"", ""valuetype_id"": ""prefLabel""}], ""list_id"": ""80028d07-9c98-48cf-84db-f77bc01c8bbc""}]","[{""uri"": ""http://vocab.getty.edu/aat/300388277"", ""labels"": [{""id"": ""39e49408-de39-44db-a191-fe36a5f04cfc"", ""value"": ""English (language)"", ""language_id"": ""en"", ""list_item_id"": ""38729dbe-6d1c-48ce-bf47-e2a18945600e"", ""valuetype_id"": ""prefLabel""}], ""list_id"": ""f7fc4f6d-fd46-4881-846f-4a08bc1a3fef""}]"
4d56c36d-b5fe-448d-8d33-ffdb5910da3f,36956e50-d770-11ef-8f5d-0275dc2ded29,166c7b56-b36e-4cfa-9dc0-7d232f147d69,1,a9f8d0f1-f4be-4428-acc9-5fbbcbbcced8,"{""en"": {""value"": ""GmbH & Company"", ""direction"": ""ltr""}}","[{""uri"": ""http://vocab.getty.edu/aat/300404670"", ""labels"": [{""id"": ""b379db2b-3066-4a46-8e8d-f70ad539323e"", ""value"": ""preferred terms"", ""language_id"": ""en"", ""list_item_id"": ""5f400d39-3b6b-4b8a-939b-4e49787c7444"", ""valuetype_id"": ""prefLabel""}], ""list_id"": ""80028d07-9c98-48cf-84db-f77bc01c8bbc""}]","[{""uri"": ""http://vocab.getty.edu/aat/300388277"", ""labels"": [{""id"": ""39e49408-de39-44db-a191-fe36a5f04cfc"", ""value"": ""English (language)"", ""language_id"": ""en"", ""list_item_id"": ""38729dbe-6d1c-48ce-bf47-e2a18945600e"", ""valuetype_id"": ""prefLabel""}], ""list_id"": ""f7fc4f6d-fd46-4881-846f-4a08bc1a3fef""}]"
dddec90d-e8ed-44c4-9ac4-475e84c2d7e2,36956e50-d770-11ef-8f5d-0275dc2ded29,166c7b56-b36e-4cfa-9dc0-7d232f147d69,1,12745ef6-86c8-440d-9680-a21ab24e7cf8,"{""en"": {""value"": ""Ilford SA"", ""direction"": ""ltr""}}","[{""uri"": ""http://vocab.getty.edu/aat/300404670"", ""labels"": [{""id"": ""b379db2b-3066-4a46-8e8d-f70ad539323e"", ""value"": ""preferred terms"", ""language_id"": ""en"", ""list_item_id"": ""5f400d39-3b6b-4b8a-939b-4e49787c7444"", ""valuetype_id"": ""prefLabel""}], ""list_id"": ""80028d07-9c98-48cf-84db-f77bc01c8bbc""}]","[{""uri"": ""http://vocab.getty.edu/aat/300388277"", ""labels"": [{""id"": ""39e49408-de39-44db-a191-fe36a5f04cfc"", ""value"": ""English (language)"", ""language_id"": ""en"", ""list_item_id"": ""38729dbe-6d1c-48ce-bf47-e2a18945600e"", ""valuetype_id"": ""prefLabel""}], ""list_id"": ""f7fc4f6d-fd46-4881-846f-4a08bc1a3fef""}]"
8e006931-9631-443e-bec3-a9cbd60fdf5d,36956e50-d770-11ef-8f5d-0275dc2ded29,166c7b56-b36e-4cfa-9dc0-7d232f147d69,1,4837b0bf-4e47-4836-a4bd-3bd0c0819517,"{""en"": {""value"": ""Matsuda Super Artists' Oil Colours"", ""direction"": ""ltr""}}","[{""uri"": ""http://vocab.getty.edu/aat/300404670"", ""labels"": [{""id"": ""b379db2b-3066-4a46-8e8d-f70ad539323e"", ""value"": ""preferred terms"", ""language_id"": ""en"", ""list_item_id"": ""5f400d39-3b6b-4b8a-939b-4e49787c7444"", ""valuetype_id"": ""prefLabel""}], ""list_id"": ""80028d07-9c98-48cf-84db-f77bc01c8bbc""}]","[{""uri"": ""http://vocab.getty.edu/aat/300388277"", ""labels"": [{""id"": ""39e49408-de39-44db-a191-fe36a5f04cfc"", ""value"": ""English (language)"", ""language_id"": ""en"", ""list_item_id"": ""38729dbe-6d1c-48ce-bf47-e2a18945600e"", ""valuetype_id"": ""prefLabel""}], ""list_id"": ""f7fc4f6d-fd46-4881-846f-4a08bc1a3fef""}]"
73de4fe7-23f9-42eb-a9d6-2ec020cf1089,36956e50-d770-11ef-8f5d-0275dc2ded29,166c7b56-b36e-4cfa-9dc0-7d232f147d69,1,00e2b254-9b81-4d27-a4c3-f657e3340b46,"{""en"": {""value"": ""Sunland Orchard"", ""direction"": ""ltr""}}","[{""uri"": ""http://vocab.getty.edu/aat/300404670"", ""labels"": [{""id"": ""b379db2b-3066-4a46-8e8d-f70ad539323e"", ""value"": ""preferred terms"", ""language_id"": ""en"", ""list_item_id"": ""5f400d39-3b6b-4b8a-939b-4e49787c7444"", ""valuetype_id"": ""prefLabel""}], ""list_id"": ""80028d07-9c98-48cf-84db-f77bc01c8bbc""}]","[{""uri"": ""http://vocab.getty.edu/aat/300388277"", ""labels"": [{""id"": ""39e49408-de39-44db-a191-fe36a5f04cfc"", ""value"": ""English (language)"", ""language_id"": ""en"", ""list_item_id"": ""38729dbe-6d1c-48ce-bf47-e2a18945600e"", ""valuetype_id"": ""prefLabel""}], ""list_id"": ""f7fc4f6d-fd46-4881-846f-4a08bc1a3fef""}]"
012972d0-55d8-4076-88c1-024f26803497,36956e50-d770-11ef-8f5d-0275dc2ded29,166c7b56-b36e-4cfa-9dc0-7d232f147d69,1,63c8e46a-2389-4569-8d88-4947bfe2d467,"{""en"": {""value"": ""Eytzinger"", ""direction"": ""ltr""}}","[{""uri"": ""http://vocab.getty.edu/aat/300404670"", ""labels"": [{""id"": ""b379db2b-3066-4a46-8e8d-f70ad539323e"", ""value"": ""preferred terms"", ""language_id"": ""en"", ""list_item_id"": ""5f400d39-3b6b-4b8a-939b-4e49787c7444"", ""valuetype_id"": ""prefLabel""}], ""list_id"": ""80028d07-9c98-48cf-84db-f77bc01c8bbc""}]","[{""uri"": ""http://vocab.getty.edu/aat/300388277"", ""labels"": [{""id"": ""39e49408-de39-44db-a191-fe36a5f04cfc"", ""value"": ""English (language)"", ""language_id"": ""en"", ""list_item_id"": ""38729dbe-6d1c-48ce-bf47-e2a18945600e"", ""valuetype_id"": ""prefLabel""}], ""list_id"": ""f7fc4f6d-fd46-4881-846f-4a08bc1a3fef""}]"
e11414ee-5b35-4879-8093-ddb9fc8fe13e,36956e50-d770-11ef-8f5d-0275dc2ded29,166c7b56-b36e-4cfa-9dc0-7d232f147d69,1,2d674886-5fdb-4903-b565-9176a7914825,"{""en"": {""value"": ""ground by Hamilton"", ""direction"": ""ltr""}}","[{""uri"": ""http://vocab.getty.edu/aat/300404670"", ""labels"": [{""id"": ""b379db2b-3066-4a46-8e8d-f70ad539323e"", ""value"": ""preferred terms"", ""language_id"": ""en"", ""list_item_id"": ""5f400d39-3b6b-4b8a-939b-4e49787c7444"", ""valuetype_id"": ""prefLabel""}], ""list_id"": ""80028d07-9c98-48cf-84db-f77bc01c8bbc""}]","[{""uri"": ""http://vocab.getty.edu/aat/300388277"", ""labels"": [{""id"": ""39e49408-de39-44db-a191-fe36a5f04cfc"", ""value"": ""English (language)"", ""language_id"": ""en"", ""list_item_id"": ""38729dbe-6d1c-48ce-bf47-e2a18945600e"", ""valuetype_id"": ""prefLabel""}], ""list_id"": ""f7fc4f6d-fd46-4881-846f-4a08bc1a3fef""}]"
47520950-a8ec-4a3b-9e62-c55d50bfd821,36956e50-d770-11ef-8f5d-0275dc2ded29,166c7b56-b36e-4cfa-9dc0-7d232f147d69,1,939e1d90-5c06-47ac-9b9f-3e33e764ee2a,"{""en"": {""value"": ""F.lli Maimeri & Company"", ""direction"": ""ltr""}}","[{""uri"": ""http://vocab.getty.edu/aat/300404670"", ""labels"": [{""id"": ""b379db2b-3066-4a46-8e8d-f70ad539323e"", ""value"": ""preferred terms"", ""language_id"": ""en"", ""list_item_id"": ""5f400d39-3b6b-4b8a-939b-4e49787c7444"", ""valuetype_id"": ""prefLabel""}], ""list_id"": ""80028d07-9c98-48cf-84db-f77bc01c8bbc""}]","[{""uri"": ""http://vocab.getty.edu/aat/300388277"", ""labels"": [{""id"": ""39e49408-de39-44db-a191-fe36a5f04cfc"", ""value"": ""English (language)"", ""language_id"": ""en"", ""list_item_id"": ""38729dbe-6d1c-48ce-bf47-e2a18945600e"", ""valuetype_id"": ""prefLabel""}], ""list_id"": ""f7fc4f6d-fd46-4881-846f-4a08bc1a3fef""}]"
b85edb97-60ab-45c9-bc71-967b749037fa,36956e50-d770-11ef-8f5d-0275dc2ded29,166c7b56-b36e-4cfa-9dc0-7d232f147d69,1,835d7dae-167e-4fba-b0c9-8f1716a763d8,"{""en"": {""value"": ""Rotary Photographic Co."", ""direction"": ""ltr""}}","[{""uri"": ""http://vocab.getty.edu/aat/300404670"", ""labels"": [{""id"": ""b379db2b-3066-4a46-8e8d-f70ad539323e"", ""value"": ""preferred terms"", ""language_id"": ""en"", ""list_item_id"": ""5f400d39-3b6b-4b8a-939b-4e49787c7444"", ""valuetype_id"": ""prefLabel""}], ""list_id"": ""80028d07-9c98-48cf-84db-f77bc01c8bbc""}]","[{""uri"": ""http://vocab.getty.edu/aat/300388277"", ""labels"": [{""id"": ""39e49408-de39-44db-a191-fe36a5f04cfc"", ""value"": ""English (language)"", ""language_id"": ""en"", ""list_item_id"": ""38729dbe-6d1c-48ce-bf47-e2a18945600e"", ""valuetype_id"": ""prefLabel""}], ""list_id"": ""f7fc4f6d-fd46-4881-846f-4a08bc1a3fef""}]"
14fb3fd3-6242-427d-9d43-74cb43a4b416,36956e50-d770-11ef-8f5d-0275dc2ded29,166c7b56-b36e-4cfa-9dc0-7d232f147d69,1,a03a9a9d-0cba-413d-b4f2-0d0590cd2ea0,"{""en"": {""value"": ""Sam Francis Foundation"", ""direction"": ""ltr""}}","[{""uri"": ""http://vocab.getty.edu/aat/300404670"", ""labels"": [{""id"": ""b379db2b-3066-4a46-8e8d-f70ad539323e"", ""value"": ""preferred terms"", ""language_id"": ""en"", ""list_item_id"": ""5f400d39-3b6b-4b8a-939b-4e49787c7444"", ""valuetype_id"": ""prefLabel""}], ""list_id"": ""80028d07-9c98-48cf-84db-f77bc01c8bbc""}]","[{""uri"": ""http://vocab.getty.edu/aat/300388277"", ""labels"": [{""id"": ""39e49408-de39-44db-a191-fe36a5f04cfc"", ""value"": ""English (language)"", ""language_id"": ""en"", ""list_item_id"": ""38729dbe-6d1c-48ce-bf47-e2a18945600e"", ""valuetype_id"": ""prefLabel""}], ""list_id"": ""f7fc4f6d-fd46-4881-846f-4a08bc1a3fef""}]"
8475de2b-5079-4cd9-b65f-387e6abdd68c,36956e50-d770-11ef-8f5d-0275dc2ded29,166c7b56-b36e-4cfa-9dc0-7d232f147d69,1,fa43e2d6-53fd-4283-baac-634dfd686bb4,"{""en"": {""value"": ""E. Nelson"", ""direction"": ""ltr""}}","[{""uri"": ""http://vocab.getty.edu/aat/300404670"", ""labels"": [{""id"": ""b379db2b-3066-4a46-8e8d-f70ad539323e"", ""value"": ""preferred terms"", ""language_id"": ""en"", ""list_item_id"": ""5f400d39-3b6b-4b8a-939b-4e49787c7444"", ""valuetype_id"": ""prefLabel""}], ""list_id"": ""80028d07-9c98-48cf-84db-f77bc01c8bbc""}]","[{""uri"": ""http://vocab.getty.edu/aat/300388277"", ""labels"": [{""id"": ""39e49408-de39-44db-a191-fe36a5f04cfc"", ""value"": ""English (language)"", ""language_id"": ""en"", ""list_item_id"": ""38729dbe-6d1c-48ce-bf47-e2a18945600e"", ""valuetype_id"": ""prefLabel""}], ""list_id"": ""f7fc4f6d-fd46-4881-846f-4a08bc1a3fef""}]"
152421be-aea3-4a24-be2b-dbdc1a963692,36956e50-d770-11ef-8f5d-0275dc2ded29,166c7b56-b36e-4cfa-9dc0-7d232f147d69,1,3c678b1a-ddd0-410d-93cc-aa2f5fc47bfd,"{""en"": {""value"": ""Cal State Poly Univ, Pomona"", ""direction"": ""ltr""}}","[{""uri"": ""http://vocab.getty.edu/aat/300404670"", ""labels"": [{""id"": ""b379db2b-3066-4a46-8e8d-f70ad539323e"", ""value"": ""preferred terms"", ""language_id"": ""en"", ""list_item_id"": ""5f400d39-3b6b-4b8a-939b-4e49787c7444"", ""valuetype_id"": ""prefLabel""}], ""list_id"": ""80028d07-9c98-48cf-84db-f77bc01c8bbc""}]","[{""uri"": ""http://vocab.getty.edu/aat/300388277"", ""labels"": [{""id"": ""39e49408-de39-44db-a191-fe36a5f04cfc"", ""value"": ""English (language)"", ""language_id"": ""en"", ""list_item_id"": ""38729dbe-6d1c-48ce-bf47-e2a18945600e"", ""valuetype_id"": ""prefLabel""}], ""list_id"": ""f7fc4f6d-fd46-4881-846f-4a08bc1a3fef""}]"
765cbbd8-66d3-41e5-9479-120fef0c97d9,36956e50-d770-11ef-8f5d-0275dc2ded29,166c7b56-b36e-4cfa-9dc0-7d232f147d69,1,77014de1-6fe8-458e-a083-409a8228ac71,"{""en"": {""value"": ""Rowney"", ""direction"": ""ltr""}}","[{""uri"": ""http://vocab.getty.edu/aat/300404670"", ""labels"": [{""id"": ""b379db2b-3066-4a46-8e8d-f70ad539323e"", ""value"": ""preferred terms"", ""language_id"": ""en"", ""list_item_id"": ""5f400d39-3b6b-4b8a-939b-4e49787c7444"", ""valuetype_id"": ""prefLabel""}], ""list_id"": ""80028d07-9c98-48cf-84db-f77bc01c8bbc""}]","[{""uri"": ""http://vocab.getty.edu/aat/300388277"", ""labels"": [{""id"": ""39e49408-de39-44db-a191-fe36a5f04cfc"", ""value"": ""English (language)"", ""language_id"": ""en"", ""list_item_id"": ""38729dbe-6d1c-48ce-bf47-e2a18945600e"", ""valuetype_id"": ""prefLabel""}], ""list_id"": ""f7fc4f6d-fd46-4881-846f-4a08bc1a3fef""}]"
e9af2588-f5e4-44c3-92c9-ade6f4f6d387,36956e50-d770-11ef-8f5d-0275dc2ded29,166c7b56-b36e-4cfa-9dc0-7d232f147d69,1,2d9dbe13-25dd-40c9-a661-894eeadf0844,"{""en"": {""value"": ""from Gilsonite, USA"", ""direction"": ""ltr""}}","[{""uri"": ""http://vocab.getty.edu/aat/300404670"", ""labels"": [{""id"": ""b379db2b-3066-4a46-8e8d-f70ad539323e"", ""value"": ""preferred terms"", ""language_id"": ""en"", ""list_item_id"": ""5f400d39-3b6b-4b8a-939b-4e49787c7444"", ""valuetype_id"": ""prefLabel""}], ""list_id"": ""80028d07-9c98-48cf-84db-f77bc01c8bbc""}]","[{""uri"": ""http://vocab.getty.edu/aat/300388277"", ""labels"": [{""id"": ""39e49408-de39-44db-a191-fe36a5f04cfc"", ""value"": ""English (language)"", ""language_id"": ""en"", ""list_item_id"": ""38729dbe-6d1c-48ce-bf47-e2a18945600e"", ""valuetype_id"": ""prefLabel""}], ""list_id"": ""f7fc4f6d-fd46-4881-846f-4a08bc1a3fef""}]"
3ccf3073-b032-4d02-b2f0-f3d5779498fc,36956e50-d770-11ef-8f5d-0275dc2ded29,166c7b56-b36e-4cfa-9dc0-7d232f147d69,1,85adb65e-3fd5-4816-9e3b-c6e1497cc15d,"{""en"": {""value"": ""Gamblin Aritists Colors Co."", ""direction"": ""ltr""}}","[{""uri"": ""http://vocab.getty.edu/aat/300404670"", ""labels"": [{""id"": ""b379db2b-3066-4a46-8e8d-f70ad539323e"", ""value"": ""preferred terms"", ""language_id"": ""en"", ""list_item_id"": ""5f400d39-3b6b-4b8a-939b-4e49787c7444"", ""valuetype_id"": ""prefLabel""}], ""list_id"": ""80028d07-9c98-48cf-84db-f77bc01c8bbc""}]","[{""uri"": ""http://vocab.getty.edu/aat/300388277"", ""labels"": [{""id"": ""39e49408-de39-44db-a191-fe36a5f04cfc"", ""value"": ""English (language)"", ""language_id"": ""en"", ""list_item_id"": ""38729dbe-6d1c-48ce-bf47-e2a18945600e"", ""valuetype_id"": ""prefLabel""}], ""list_id"": ""f7fc4f6d-fd46-4881-846f-4a08bc1a3fef""}]"
1ad34057-6f87-4c22-97a8-208e2fe26d5e,36956e50-d770-11ef-8f5d-0275dc2ded29,166c7b56-b36e-4cfa-9dc0-7d232f147d69,1,005cbc1e-1c77-4419-a501-299bb7f77445,"{""en"": {""value"": ""FRITZCHE BROS. INC"", ""direction"": ""ltr""}}","[{""uri"": ""http://vocab.getty.edu/aat/300404670"", ""labels"": [{""id"": ""b379db2b-3066-4a46-8e8d-f70ad539323e"", ""value"": ""preferred terms"", ""language_id"": ""en"", ""list_item_id"": ""5f400d39-3b6b-4b8a-939b-4e49787c7444"", ""valuetype_id"": ""prefLabel""}], ""list_id"": ""80028d07-9c98-48cf-84db-f77bc01c8bbc""}]","[{""uri"": ""http://vocab.getty.edu/aat/300388277"", ""labels"": [{""id"": ""39e49408-de39-44db-a191-fe36a5f04cfc"", ""value"": ""English (language)"", ""language_id"": ""en"", ""list_item_id"": ""38729dbe-6d1c-48ce-bf47-e2a18945600e"", ""valuetype_id"": ""prefLabel""}], ""list_id"": ""f7fc4f6d-fd46-4881-846f-4a08bc1a3fef""}]"
fbf7a1fb-b1f3-4f7b-901d-c3414c757c7c,36956e50-d770-11ef-8f5d-0275dc2ded29,166c7b56-b36e-4cfa-9dc0-7d232f147d69,1,9ee90b13-0cdb-41b2-888e-f996259f147d,"{""en"": {""value"": ""Rowney & Company"", ""direction"": ""ltr""}}","[{""uri"": ""http://vocab.getty.edu/aat/300404670"", ""labels"": [{""id"": ""b379db2b-3066-4a46-8e8d-f70ad539323e"", ""value"": ""preferred terms"", ""language_id"": ""en"", ""list_item_id"": ""5f400d39-3b6b-4b8a-939b-4e49787c7444"", ""valuetype_id"": ""prefLabel""}], ""list_id"": ""80028d07-9c98-48cf-84db-f77bc01c8bbc""}]","[{""uri"": ""http://vocab.getty.edu/aat/300388277"", ""labels"": [{""id"": ""39e49408-de39-44db-a191-fe36a5f04cfc"", ""value"": ""English (language)"", ""language_id"": ""en"", ""list_item_id"": ""38729dbe-6d1c-48ce-bf47-e2a18945600e"", ""valuetype_id"": ""prefLabel""}], ""list_id"": ""f7fc4f6d-fd46-4881-846f-4a08bc1a3fef""}]"
5eeea7e1-8b4b-4e47-8059-79355bac5bbc,36956e50-d770-11ef-8f5d-0275dc2ded29,166c7b56-b36e-4cfa-9dc0-7d232f147d69,1,30fa1067-adc1-4116-b670-3f6cdacfa59c,"{""en"": {""value"": ""Bayer"", ""direction"": ""ltr""}}","[{""uri"": ""http://vocab.getty.edu/aat/300404670"", ""labels"": [{""id"": ""b379db2b-3066-4a46-8e8d-f70ad539323e"", ""value"": ""preferred terms"", ""language_id"": ""en"", ""list_item_id"": ""5f400d39-3b6b-4b8a-939b-4e49787c7444"", ""valuetype_id"": ""prefLabel""}], ""list_id"": ""80028d07-9c98-48cf-84db-f77bc01c8bbc""}]","[{""uri"": ""http://vocab.getty.edu/aat/300388277"", ""labels"": [{""id"": ""39e49408-de39-44db-a191-fe36a5f04cfc"", ""value"": ""English (language)"", ""language_id"": ""en"", ""list_item_id"": ""38729dbe-6d1c-48ce-bf47-e2a18945600e"", ""valuetype_id"": ""prefLabel""}], ""list_id"": ""f7fc4f6d-fd46-4881-846f-4a08bc1a3fef""}]"
d1b1a39b-dffb-4d36-9f8c-146791efba80,36956e50-d770-11ef-8f5d-0275dc2ded29,166c7b56-b36e-4cfa-9dc0-7d232f147d69,1,81b2255e-b855-45c0-bf66-6028d1b91892,"{""en"": {""value"": ""Martin F. Weber Co."", ""direction"": ""ltr""}}","[{""uri"": ""http://vocab.getty.edu/aat/300404670"", ""labels"": [{""id"": ""b379db2b-3066-4a46-8e8d-f70ad539323e"", ""value"": ""preferred terms"", ""language_id"": ""en"", ""list_item_id"": ""5f400d39-3b6b-4b8a-939b-4e49787c7444"", ""valuetype_id"": ""prefLabel""}], ""list_id"": ""80028d07-9c98-48cf-84db-f77bc01c8bbc""}]","[{""uri"": ""http://vocab.getty.edu/aat/300388277"", ""labels"": [{""id"": ""39e49408-de39-44db-a191-fe36a5f04cfc"", ""value"": ""English (language)"", ""language_id"": ""en"", ""list_item_id"": ""38729dbe-6d1c-48ce-bf47-e2a18945600e"", ""valuetype_id"": ""prefLabel""}], ""list_id"": ""f7fc4f6d-fd46-4881-846f-4a08bc1a3fef""}]"
69d35211-99e3-43b6-9487-910ae392aa3f,36956e50-d770-11ef-8f5d-0275dc2ded29,166c7b56-b36e-4cfa-9dc0-7d232f147d69,1,ffc8c3cf-98b6-4dc3-a92f-85a85810e6ae,"{""en"": {""value"": ""Standard Brands Paint Store"", ""direction"": ""ltr""}}","[{""uri"": ""http://vocab.getty.edu/aat/300404670"", ""labels"": [{""id"": ""b379db2b-3066-4a46-8e8d-f70ad539323e"", ""value"": ""preferred terms"", ""language_id"": ""en"", ""list_item_id"": ""5f400d39-3b6b-4b8a-939b-4e49787c7444"", ""valuetype_id"": ""prefLabel""}], ""list_id"": ""80028d07-9c98-48cf-84db-f77bc01c8bbc""}]","[{""uri"": ""http://vocab.getty.edu/aat/300388277"", ""labels"": [{""id"": ""39e49408-de39-44db-a191-fe36a5f04cfc"", ""value"": ""English (language)"", ""language_id"": ""en"", ""list_item_id"": ""38729dbe-6d1c-48ce-bf47-e2a18945600e"", ""valuetype_id"": ""prefLabel""}], ""list_id"": ""f7fc4f6d-fd46-4881-846f-4a08bc1a3fef""}]"
ebd737b9-e4a2-4b41-8227-9d05b3aa82f1,36956e50-d770-11ef-8f5d-0275dc2ded29,166c7b56-b36e-4cfa-9dc0-7d232f147d69,1,8cea773f-a029-4ae6-8b20-549f13b9f968,"{""en"": {""value"": ""F. Piqué"", ""direction"": ""ltr""}}","[{""uri"": ""http://vocab.getty.edu/aat/300404670"", ""labels"": [{""id"": ""b379db2b-3066-4a46-8e8d-f70ad539323e"", ""value"": ""preferred terms"", ""language_id"": ""en"", ""list_item_id"": ""5f400d39-3b6b-4b8a-939b-4e49787c7444"", ""valuetype_id"": ""prefLabel""}], ""list_id"": ""80028d07-9c98-48cf-84db-f77bc01c8bbc""}]","[{""uri"": ""http://vocab.getty.edu/aat/300388277"", ""labels"": [{""id"": ""39e49408-de39-44db-a191-fe36a5f04cfc"", ""value"": ""English (language)"", ""language_id"": ""en"", ""list_item_id"": ""38729dbe-6d1c-48ce-bf47-e2a18945600e"", ""valuetype_id"": ""prefLabel""}], ""list_id"": ""f7fc4f6d-fd46-4881-846f-4a08bc1a3fef""}]"
5148dd12-5a50-40db-a43a-c2df7acce479,36956e50-d770-11ef-8f5d-0275dc2ded29,166c7b56-b36e-4cfa-9dc0-7d232f147d69,1,a8a631d2-5814-4176-b9c0-421860f3a271,"{""en"": {""value"": ""Imported by Samrak Chemical Div."", ""direction"": ""ltr""}}","[{""uri"": ""http://vocab.getty.edu/aat/300404670"", ""labels"": [{""id"": ""b379db2b-3066-4a46-8e8d-f70ad539323e"", ""value"": ""preferred terms"", ""language_id"": ""en"", ""list_item_id"": ""5f400d39-3b6b-4b8a-939b-4e49787c7444"", ""valuetype_id"": ""prefLabel""}], ""list_id"": ""80028d07-9c98-48cf-84db-f77bc01c8bbc""}]","[{""uri"": ""http://vocab.getty.edu/aat/300388277"", ""labels"": [{""id"": ""39e49408-de39-44db-a191-fe36a5f04cfc"", ""value"": ""English (language)"", ""language_id"": ""en"", ""list_item_id"": ""38729dbe-6d1c-48ce-bf47-e2a18945600e"", ""valuetype_id"": ""prefLabel""}], ""list_id"": ""f7fc4f6d-fd46-4881-846f-4a08bc1a3fef""}]"
100fc7e9-d23d-4a86-b19c-a294ddec8041,36956e50-d770-11ef-8f5d-0275dc2ded29,166c7b56-b36e-4cfa-9dc0-7d232f147d69,1,be80bf75-f772-4b47-9410-3e37a62e5821,"{""en"": {""value"": ""Pictor"", ""direction"": ""ltr""}}","[{""uri"": ""http://vocab.getty.edu/aat/300404670"", ""labels"": [{""id"": ""b379db2b-3066-4a46-8e8d-f70ad539323e"", ""value"": ""preferred terms"", ""language_id"": ""en"", ""list_item_id"": ""5f400d39-3b6b-4b8a-939b-4e49787c7444"", ""valuetype_id"": ""prefLabel""}], ""list_id"": ""80028d07-9c98-48cf-84db-f77bc01c8bbc""}]","[{""uri"": ""http://vocab.getty.edu/aat/300388277"", ""labels"": [{""id"": ""39e49408-de39-44db-a191-fe36a5f04cfc"", ""value"": ""English (language)"", ""language_id"": ""en"", ""list_item_id"": ""38729dbe-6d1c-48ce-bf47-e2a18945600e"", ""valuetype_id"": ""prefLabel""}], ""list_id"": ""f7fc4f6d-fd46-4881-846f-4a08bc1a3fef""}]"
a2c72534-e601-4e7e-b954-67ef6e6f35ed,36956e50-d770-11ef-8f5d-0275dc2ded29,166c7b56-b36e-4cfa-9dc0-7d232f147d69,1,83f5f678-86f0-46a5-a5cc-f1c70c341be6,"{""en"": {""value"": ""Arista"", ""direction"": ""ltr""}}","[{""uri"": ""http://vocab.getty.edu/aat/300404670"", ""labels"": [{""id"": ""b379db2b-3066-4a46-8e8d-f70ad539323e"", ""value"": ""preferred terms"", ""language_id"": ""en"", ""list_item_id"": ""5f400d39-3b6b-4b8a-939b-4e49787c7444"", ""valuetype_id"": ""prefLabel""}], ""list_id"": ""80028d07-9c98-48cf-84db-f77bc01c8bbc""}]","[{""uri"": ""http://vocab.getty.edu/aat/300388277"", ""labels"": [{""id"": ""39e49408-de39-44db-a191-fe36a5f04cfc"", ""value"": ""English (language)"", ""language_id"": ""en"", ""list_item_id"": ""38729dbe-6d1c-48ce-bf47-e2a18945600e"", ""valuetype_id"": ""prefLabel""}], ""list_id"": ""f7fc4f6d-fd46-4881-846f-4a08bc1a3fef""}]"
3d71347a-e41e-48c7-a4e2-af3ffa8ff08c,36956e50-d770-11ef-8f5d-0275dc2ded29,166c7b56-b36e-4cfa-9dc0-7d232f147d69,1,51134a82-1af6-4b66-a110-28b2140fe7f6,"{""en"": {""value"": ""Excelsior Photographic"", ""direction"": ""ltr""}}","[{""uri"": ""http://vocab.getty.edu/aat/300404670"", ""labels"": [{""id"": ""b379db2b-3066-4a46-8e8d-f70ad539323e"", ""value"": ""preferred terms"", ""language_id"": ""en"", ""list_item_id"": ""5f400d39-3b6b-4b8a-939b-4e49787c7444"", ""valuetype_id"": ""prefLabel""}], ""list_id"": ""80028d07-9c98-48cf-84db-f77bc01c8bbc""}]","[{""uri"": ""http://vocab.getty.edu/aat/300388277"", ""labels"": [{""id"": ""39e49408-de39-44db-a191-fe36a5f04cfc"", ""value"": ""English (language)"", ""language_id"": ""en"", ""list_item_id"": ""38729dbe-6d1c-48ce-bf47-e2a18945600e"", ""valuetype_id"": ""prefLabel""}], ""list_id"": ""f7fc4f6d-fd46-4881-846f-4a08bc1a3fef""}]"
0ad4f254-e151-4558-8f80-9cec3b34b4fd,36956e50-d770-11ef-8f5d-0275dc2ded29,166c7b56-b36e-4cfa-9dc0-7d232f147d69,1,d879a2a5-43c8-4c65-821c-6942b479ff3b,"{""en"": {""value"": ""USA Government Printing Office"", ""direction"": ""ltr""}}","[{""uri"": ""http://vocab.getty.edu/aat/300404670"", ""labels"": [{""id"": ""b379db2b-3066-4a46-8e8d-f70ad539323e"", ""value"": ""preferred terms"", ""language_id"": ""en"", ""list_item_id"": ""5f400d39-3b6b-4b8a-939b-4e49787c7444"", ""valuetype_id"": ""prefLabel""}], ""list_id"": ""80028d07-9c98-48cf-84db-f77bc01c8bbc""}]","[{""uri"": ""http://vocab.getty.edu/aat/300388277"", ""labels"": [{""id"": ""39e49408-de39-44db-a191-fe36a5f04cfc"", ""value"": ""English (language)"", ""language_id"": ""en"", ""list_item_id"": ""38729dbe-6d1c-48ce-bf47-e2a18945600e"", ""valuetype_id"": ""prefLabel""}], ""list_id"": ""f7fc4f6d-fd46-4881-846f-4a08bc1a3fef""}]"
c32f234d-2dc3-428e-89e8-909a5a01f72a,36956e50-d770-11ef-8f5d-0275dc2ded29,166c7b56-b36e-4cfa-9dc0-7d232f147d69,1,f79f2a90-c950-4c90-afd6-731c52760719,"{""en"": {""value"": ""Fuji Photo Film, Inc."", ""direction"": ""ltr""}}","[{""uri"": ""http://vocab.getty.edu/aat/300404670"", ""labels"": [{""id"": ""b379db2b-3066-4a46-8e8d-f70ad539323e"", ""value"": ""preferred terms"", ""language_id"": ""en"", ""list_item_id"": ""5f400d39-3b6b-4b8a-939b-4e49787c7444"", ""valuetype_id"": ""prefLabel""}], ""list_id"": ""80028d07-9c98-48cf-84db-f77bc01c8bbc""}]","[{""uri"": ""http://vocab.getty.edu/aat/300388277"", ""labels"": [{""id"": ""39e49408-de39-44db-a191-fe36a5f04cfc"", ""value"": ""English (language)"", ""language_id"": ""en"", ""list_item_id"": ""38729dbe-6d1c-48ce-bf47-e2a18945600e"", ""valuetype_id"": ""prefLabel""}], ""list_id"": ""f7fc4f6d-fd46-4881-846f-4a08bc1a3fef""}]"
5e6c35f4-7a9e-4e08-b29d-a41dd57dc428,36956e50-d770-11ef-8f5d-0275dc2ded29,166c7b56-b36e-4cfa-9dc0-7d232f147d69,1,5cd34e22-a301-4f7a-835c-61b6550b50e4,"{""en"": {""value"": ""Forte"", ""direction"": ""ltr""}}","[{""uri"": ""http://vocab.getty.edu/aat/300404670"", ""labels"": [{""id"": ""b379db2b-3066-4a46-8e8d-f70ad539323e"", ""value"": ""preferred terms"", ""language_id"": ""en"", ""list_item_id"": ""5f400d39-3b6b-4b8a-939b-4e49787c7444"", ""valuetype_id"": ""prefLabel""}], ""list_id"": ""80028d07-9c98-48cf-84db-f77bc01c8bbc""}]","[{""uri"": ""http://vocab.getty.edu/aat/300388277"", ""labels"": [{""id"": ""39e49408-de39-44db-a191-fe36a5f04cfc"", ""value"": ""English (language)"", ""language_id"": ""en"", ""list_item_id"": ""38729dbe-6d1c-48ce-bf47-e2a18945600e"", ""valuetype_id"": ""prefLabel""}], ""list_id"": ""f7fc4f6d-fd46-4881-846f-4a08bc1a3fef""}]"
1939af9f-6805-44ad-bb9f-76261b705c25,36956e50-d770-11ef-8f5d-0275dc2ded29,166c7b56-b36e-4cfa-9dc0-7d232f147d69,1,d53d91f5-6f1a-4274-9e5f-25beaad991d9,"{""en"": {""value"": ""C. Roberson & Company, Ltd."", ""direction"": ""ltr""}}","[{""uri"": ""http://vocab.getty.edu/aat/300404670"", ""labels"": [{""id"": ""b379db2b-3066-4a46-8e8d-f70ad539323e"", ""value"": ""preferred terms"", ""language_id"": ""en"", ""list_item_id"": ""5f400d39-3b6b-4b8a-939b-4e49787c7444"", ""valuetype_id"": ""prefLabel""}], ""list_id"": ""80028d07-9c98-48cf-84db-f77bc01c8bbc""}]","[{""uri"": ""http://vocab.getty.edu/aat/300388277"", ""labels"": [{""id"": ""39e49408-de39-44db-a191-fe36a5f04cfc"", ""value"": ""English (language)"", ""language_id"": ""en"", ""list_item_id"": ""38729dbe-6d1c-48ce-bf47-e2a18945600e"", ""valuetype_id"": ""prefLabel""}], ""list_id"": ""f7fc4f6d-fd46-4881-846f-4a08bc1a3fef""}]"
435ec4fe-93f8-4725-8cf1-dc1d10f59ab5,36956e50-d770-11ef-8f5d-0275dc2ded29,166c7b56-b36e-4cfa-9dc0-7d232f147d69,1,42423712-eff4-448e-b910-abbeda2cb481,"{""en"": {""value"": ""ROUGIE"", ""direction"": ""ltr""}}","[{""uri"": ""http://vocab.getty.edu/aat/300404670"", ""labels"": [{""id"": ""b379db2b-3066-4a46-8e8d-f70ad539323e"", ""value"": ""preferred terms"", ""language_id"": ""en"", ""list_item_id"": ""5f400d39-3b6b-4b8a-939b-4e49787c7444"", ""valuetype_id"": ""prefLabel""}], ""list_id"": ""80028d07-9c98-48cf-84db-f77bc01c8bbc""}]","[{""uri"": ""http://vocab.getty.edu/aat/300388277"", ""labels"": [{""id"": ""39e49408-de39-44db-a191-fe36a5f04cfc"", ""value"": ""English (language)"", ""language_id"": ""en"", ""list_item_id"": ""38729dbe-6d1c-48ce-bf47-e2a18945600e"", ""valuetype_id"": ""prefLabel""}], ""list_id"": ""f7fc4f6d-fd46-4881-846f-4a08bc1a3fef""}]"
296f2fdd-90ed-4e6f-bba1-2460b0c63865,36956e50-d770-11ef-8f5d-0275dc2ded29,166c7b56-b36e-4cfa-9dc0-7d232f147d69,1,f2832508-12e4-41d3-aecd-f096de686831,"{""en"": {""value"": ""Ploton"", ""direction"": ""ltr""}}","[{""uri"": ""http://vocab.getty.edu/aat/300404670"", ""labels"": [{""id"": ""b379db2b-3066-4a46-8e8d-f70ad539323e"", ""value"": ""preferred terms"", ""language_id"": ""en"", ""list_item_id"": ""5f400d39-3b6b-4b8a-939b-4e49787c7444"", ""valuetype_id"": ""prefLabel""}], ""list_id"": ""80028d07-9c98-48cf-84db-f77bc01c8bbc""}]","[{""uri"": ""http://vocab.getty.edu/aat/300388277"", ""labels"": [{""id"": ""39e49408-de39-44db-a191-fe36a5f04cfc"", ""value"": ""English (language)"", ""language_id"": ""en"", ""list_item_id"": ""38729dbe-6d1c-48ce-bf47-e2a18945600e"", ""valuetype_id"": ""prefLabel""}], ""list_id"": ""f7fc4f6d-fd46-4881-846f-4a08bc1a3fef""}]"
27884717-94cb-41d1-beec-902de354b431,36956e50-d770-11ef-8f5d-0275dc2ded29,166c7b56-b36e-4cfa-9dc0-7d232f147d69,1,3be30a60-727e-4c74-95bc-23ae6c549a25,"{""en"": {""value"": ""Los Angeles County Museum of Art"", ""direction"": ""ltr""}}","[{""uri"": ""http://vocab.getty.edu/aat/300404670"", ""labels"": [{""id"": ""b379db2b-3066-4a46-8e8d-f70ad539323e"", ""value"": ""preferred terms"", ""language_id"": ""en"", ""list_item_id"": ""5f400d39-3b6b-4b8a-939b-4e49787c7444"", ""valuetype_id"": ""prefLabel""}], ""list_id"": ""80028d07-9c98-48cf-84db-f77bc01c8bbc""}]","[{""uri"": ""http://vocab.getty.edu/aat/300388277"", ""labels"": [{""id"": ""39e49408-de39-44db-a191-fe36a5f04cfc"", ""value"": ""English (language)"", ""language_id"": ""en"", ""list_item_id"": ""38729dbe-6d1c-48ce-bf47-e2a18945600e"", ""valuetype_id"": ""prefLabel""}], ""list_id"": ""f7fc4f6d-fd46-4881-846f-4a08bc1a3fef""}]"
fd1fe6f7-78a7-499d-941b-029001e76f32,36956e50-d770-11ef-8f5d-0275dc2ded29,166c7b56-b36e-4cfa-9dc0-7d232f147d69,1,1e7afbb3-bc34-4142-b1c0-a857dfe0cff0,"{""en"": {""value"": ""Honey Lady"", ""direction"": ""ltr""}}","[{""uri"": ""http://vocab.getty.edu/aat/300404670"", ""labels"": [{""id"": ""b379db2b-3066-4a46-8e8d-f70ad539323e"", ""value"": ""preferred terms"", ""language_id"": ""en"", ""list_item_id"": ""5f400d39-3b6b-4b8a-939b-4e49787c7444"", ""valuetype_id"": ""prefLabel""}], ""list_id"": ""80028d07-9c98-48cf-84db-f77bc01c8bbc""}]","[{""uri"": ""http://vocab.getty.edu/aat/300388277"", ""labels"": [{""id"": ""39e49408-de39-44db-a191-fe36a5f04cfc"", ""value"": ""English (language)"", ""language_id"": ""en"", ""list_item_id"": ""38729dbe-6d1c-48ce-bf47-e2a18945600e"", ""valuetype_id"": ""prefLabel""}], ""list_id"": ""f7fc4f6d-fd46-4881-846f-4a08bc1a3fef""}]"
3d7ed6b7-f672-476c-8c3f-d50e129feb2a,36956e50-d770-11ef-8f5d-0275dc2ded29,166c7b56-b36e-4cfa-9dc0-7d232f147d69,1,dae7c844-fbcd-4466-baef-4c30ab033939,"{""en"": {""value"": ""GAMA s.p. C. Budejovice"", ""direction"": ""ltr""}}","[{""uri"": ""http://vocab.getty.edu/aat/300404670"", ""labels"": [{""id"": ""b379db2b-3066-4a46-8e8d-f70ad539323e"", ""value"": ""preferred terms"", ""language_id"": ""en"", ""list_item_id"": ""5f400d39-3b6b-4b8a-939b-4e49787c7444"", ""valuetype_id"": ""prefLabel""}], ""list_id"": ""80028d07-9c98-48cf-84db-f77bc01c8bbc""}]","[{""uri"": ""http://vocab.getty.edu/aat/300388277"", ""labels"": [{""id"": ""39e49408-de39-44db-a191-fe36a5f04cfc"", ""value"": ""English (language)"", ""language_id"": ""en"", ""list_item_id"": ""38729dbe-6d1c-48ce-bf47-e2a18945600e"", ""valuetype_id"": ""prefLabel""}], ""list_id"": ""f7fc4f6d-fd46-4881-846f-4a08bc1a3fef""}]"
dc4b2e90-2a86-4cd0-9bc5-f51a3a00f590,36956e50-d770-11ef-8f5d-0275dc2ded29,166c7b56-b36e-4cfa-9dc0-7d232f147d69,1,881e9e89-ea14-456d-bea4-87226affa57f,"{""en"": {""value"": ""Syntezia"", ""direction"": ""ltr""}}","[{""uri"": ""http://vocab.getty.edu/aat/300404670"", ""labels"": [{""id"": ""b379db2b-3066-4a46-8e8d-f70ad539323e"", ""value"": ""preferred terms"", ""language_id"": ""en"", ""list_item_id"": ""5f400d39-3b6b-4b8a-939b-4e49787c7444"", ""valuetype_id"": ""prefLabel""}], ""list_id"": ""80028d07-9c98-48cf-84db-f77bc01c8bbc""}]","[{""uri"": ""http://vocab.getty.edu/aat/300388277"", ""labels"": [{""id"": ""39e49408-de39-44db-a191-fe36a5f04cfc"", ""value"": ""English (language)"", ""language_id"": ""en"", ""list_item_id"": ""38729dbe-6d1c-48ce-bf47-e2a18945600e"", ""valuetype_id"": ""prefLabel""}], ""list_id"": ""f7fc4f6d-fd46-4881-846f-4a08bc1a3fef""}]"
a981c4ec-07fb-4d9a-9e5c-660dc032b08d,36956e50-d770-11ef-8f5d-0275dc2ded29,166c7b56-b36e-4cfa-9dc0-7d232f147d69,1,9d03b8ae-cd9b-41ea-b4fd-0f6bc9e1d123,"{""en"": {""value"": ""Madderton"", ""direction"": ""ltr""}}","[{""uri"": ""http://vocab.getty.edu/aat/300404670"", ""labels"": [{""id"": ""b379db2b-3066-4a46-8e8d-f70ad539323e"", ""value"": ""preferred terms"", ""language_id"": ""en"", ""list_item_id"": ""5f400d39-3b6b-4b8a-939b-4e49787c7444"", ""valuetype_id"": ""prefLabel""}], ""list_id"": ""80028d07-9c98-48cf-84db-f77bc01c8bbc""}]","[{""uri"": ""http://vocab.getty.edu/aat/300388277"", ""labels"": [{""id"": ""39e49408-de39-44db-a191-fe36a5f04cfc"", ""value"": ""English (language)"", ""language_id"": ""en"", ""list_item_id"": ""38729dbe-6d1c-48ce-bf47-e2a18945600e"", ""valuetype_id"": ""prefLabel""}], ""list_id"": ""f7fc4f6d-fd46-4881-846f-4a08bc1a3fef""}]"
79fc3b38-f6d9-4c1e-8e73-231decb55572,36956e50-d770-11ef-8f5d-0275dc2ded29,166c7b56-b36e-4cfa-9dc0-7d232f147d69,1,6ea66f7c-5c27-40d0-9581-fea5cfc5b4df,"{""en"": {""value"": ""Kindt-Collins Company"", ""direction"": ""ltr""}}","[{""uri"": ""http://vocab.getty.edu/aat/300404670"", ""labels"": [{""id"": ""b379db2b-3066-4a46-8e8d-f70ad539323e"", ""value"": ""preferred terms"", ""language_id"": ""en"", ""list_item_id"": ""5f400d39-3b6b-4b8a-939b-4e49787c7444"", ""valuetype_id"": ""prefLabel""}], ""list_id"": ""80028d07-9c98-48cf-84db-f77bc01c8bbc""}]","[{""uri"": ""http://vocab.getty.edu/aat/300388277"", ""labels"": [{""id"": ""39e49408-de39-44db-a191-fe36a5f04cfc"", ""value"": ""English (language)"", ""language_id"": ""en"", ""list_item_id"": ""38729dbe-6d1c-48ce-bf47-e2a18945600e"", ""valuetype_id"": ""prefLabel""}], ""list_id"": ""f7fc4f6d-fd46-4881-846f-4a08bc1a3fef""}]"
df0706ae-5713-464e-ba0a-22aa5e223469,36956e50-d770-11ef-8f5d-0275dc2ded29,166c7b56-b36e-4cfa-9dc0-7d232f147d69,1,f6cf9350-f4b5-417d-b9e9-e2e6ccc82a1e,"{""en"": {""value"": ""McCrone Accessories & Components"", ""direction"": ""ltr""}}","[{""uri"": ""http://vocab.getty.edu/aat/300404670"", ""labels"": [{""id"": ""b379db2b-3066-4a46-8e8d-f70ad539323e"", ""value"": ""preferred terms"", ""language_id"": ""en"", ""list_item_id"": ""5f400d39-3b6b-4b8a-939b-4e49787c7444"", ""valuetype_id"": ""prefLabel""}], ""list_id"": ""80028d07-9c98-48cf-84db-f77bc01c8bbc""}]","[{""uri"": ""http://vocab.getty.edu/aat/300388277"", ""labels"": [{""id"": ""39e49408-de39-44db-a191-fe36a5f04cfc"", ""value"": ""English (language)"", ""language_id"": ""en"", ""list_item_id"": ""38729dbe-6d1c-48ce-bf47-e2a18945600e"", ""valuetype_id"": ""prefLabel""}], ""list_id"": ""f7fc4f6d-fd46-4881-846f-4a08bc1a3fef""}]"
08ef3604-caab-4666-a9b0-372f3a25c747,36956e50-d770-11ef-8f5d-0275dc2ded29,166c7b56-b36e-4cfa-9dc0-7d232f147d69,1,3994639c-f90b-407a-91f5-e439ca8375e1,"{""en"": {""value"": ""West Hills, CA"", ""direction"": ""ltr""}}","[{""uri"": ""http://vocab.getty.edu/aat/300404670"", ""labels"": [{""id"": ""b379db2b-3066-4a46-8e8d-f70ad539323e"", ""value"": ""preferred terms"", ""language_id"": ""en"", ""list_item_id"": ""5f400d39-3b6b-4b8a-939b-4e49787c7444"", ""valuetype_id"": ""prefLabel""}], ""list_id"": ""80028d07-9c98-48cf-84db-f77bc01c8bbc""}]","[{""uri"": ""http://vocab.getty.edu/aat/300388277"", ""labels"": [{""id"": ""39e49408-de39-44db-a191-fe36a5f04cfc"", ""value"": ""English (language)"", ""language_id"": ""en"", ""list_item_id"": ""38729dbe-6d1c-48ce-bf47-e2a18945600e"", ""valuetype_id"": ""prefLabel""}], ""list_id"": ""f7fc4f6d-fd46-4881-846f-4a08bc1a3fef""}]"
f0c07e28-5770-4d85-8b18-93a44eadbd18,36956e50-d770-11ef-8f5d-0275dc2ded29,166c7b56-b36e-4cfa-9dc0-7d232f147d69,1,0b6e9fde-278b-4915-9af2-663e3f00f1c5,"{""en"": {""value"": ""Asahi Oil Colours Co., Ltd."", ""direction"": ""ltr""}}","[{""uri"": ""http://vocab.getty.edu/aat/300404670"", ""labels"": [{""id"": ""b379db2b-3066-4a46-8e8d-f70ad539323e"", ""value"": ""preferred terms"", ""language_id"": ""en"", ""list_item_id"": ""5f400d39-3b6b-4b8a-939b-4e49787c7444"", ""valuetype_id"": ""prefLabel""}], ""list_id"": ""80028d07-9c98-48cf-84db-f77bc01c8bbc""}]","[{""uri"": ""http://vocab.getty.edu/aat/300388277"", ""labels"": [{""id"": ""39e49408-de39-44db-a191-fe36a5f04cfc"", ""value"": ""English (language)"", ""language_id"": ""en"", ""list_item_id"": ""38729dbe-6d1c-48ce-bf47-e2a18945600e"", ""valuetype_id"": ""prefLabel""}], ""list_id"": ""f7fc4f6d-fd46-4881-846f-4a08bc1a3fef""}]"
5c1ae4e8-ea69-43f3-80de-49663b9142d5,36956e50-d770-11ef-8f5d-0275dc2ded29,166c7b56-b36e-4cfa-9dc0-7d232f147d69,1,50b0a3de-bd47-4748-ab5b-f5b46195c583,"{""en"": {""value"": ""Advance Solvents & Chemical Corp."", ""direction"": ""ltr""}}","[{""uri"": ""http://vocab.getty.edu/aat/300404670"", ""labels"": [{""id"": ""b379db2b-3066-4a46-8e8d-f70ad539323e"", ""value"": ""preferred terms"", ""language_id"": ""en"", ""list_item_id"": ""5f400d39-3b6b-4b8a-939b-4e49787c7444"", ""valuetype_id"": ""prefLabel""}], ""list_id"": ""80028d07-9c98-48cf-84db-f77bc01c8bbc""}]","[{""uri"": ""http://vocab.getty.edu/aat/300388277"", ""labels"": [{""id"": ""39e49408-de39-44db-a191-fe36a5f04cfc"", ""value"": ""English (language)"", ""language_id"": ""en"", ""list_item_id"": ""38729dbe-6d1c-48ce-bf47-e2a18945600e"", ""valuetype_id"": ""prefLabel""}], ""list_id"": ""f7fc4f6d-fd46-4881-846f-4a08bc1a3fef""}]"
d7ee10aa-eaf0-45b4-add6-0d09a1835d65,36956e50-d770-11ef-8f5d-0275dc2ded29,166c7b56-b36e-4cfa-9dc0-7d232f147d69,1,78281d37-2bf7-4f87-85ca-7323b7b33ef7,"{""en"": {""value"": ""Kalle"", ""direction"": ""ltr""}}","[{""uri"": ""http://vocab.getty.edu/aat/300404670"", ""labels"": [{""id"": ""b379db2b-3066-4a46-8e8d-f70ad539323e"", ""value"": ""preferred terms"", ""language_id"": ""en"", ""list_item_id"": ""5f400d39-3b6b-4b8a-939b-4e49787c7444"", ""valuetype_id"": ""prefLabel""}], ""list_id"": ""80028d07-9c98-48cf-84db-f77bc01c8bbc""}]","[{""uri"": ""http://vocab.getty.edu/aat/300388277"", ""labels"": [{""id"": ""39e49408-de39-44db-a191-fe36a5f04cfc"", ""value"": ""English (language)"", ""language_id"": ""en"", ""list_item_id"": ""38729dbe-6d1c-48ce-bf47-e2a18945600e"", ""valuetype_id"": ""prefLabel""}], ""list_id"": ""f7fc4f6d-fd46-4881-846f-4a08bc1a3fef""}]"
93c669d9-97da-4e15-ae66-59bc696183f5,36956e50-d770-11ef-8f5d-0275dc2ded29,166c7b56-b36e-4cfa-9dc0-7d232f147d69,1,03993968-6f16-4225-8d26-8ca745aeed5e,"{""en"": {""value"": ""Charles Schoettlin"", ""direction"": ""ltr""}}","[{""uri"": ""http://vocab.getty.edu/aat/300404670"", ""labels"": [{""id"": ""b379db2b-3066-4a46-8e8d-f70ad539323e"", ""value"": ""preferred terms"", ""language_id"": ""en"", ""list_item_id"": ""5f400d39-3b6b-4b8a-939b-4e49787c7444"", ""valuetype_id"": ""prefLabel""}], ""list_id"": ""80028d07-9c98-48cf-84db-f77bc01c8bbc""}]","[{""uri"": ""http://vocab.getty.edu/aat/300388277"", ""labels"": [{""id"": ""39e49408-de39-44db-a191-fe36a5f04cfc"", ""value"": ""English (language)"", ""language_id"": ""en"", ""list_item_id"": ""38729dbe-6d1c-48ce-bf47-e2a18945600e"", ""valuetype_id"": ""prefLabel""}], ""list_id"": ""f7fc4f6d-fd46-4881-846f-4a08bc1a3fef""}]"
dce6810d-856d-429c-beed-2ff7d5ffb728,36956e50-d770-11ef-8f5d-0275dc2ded29,166c7b56-b36e-4cfa-9dc0-7d232f147d69,1,5e1ceee5-d8f4-40e8-bfb1-bd1ecb5aba24,"{""en"": {""value"": ""BASF"", ""direction"": ""ltr""}}","[{""uri"": ""http://vocab.getty.edu/aat/300404670"", ""labels"": [{""id"": ""b379db2b-3066-4a46-8e8d-f70ad539323e"", ""value"": ""preferred terms"", ""language_id"": ""en"", ""list_item_id"": ""5f400d39-3b6b-4b8a-939b-4e49787c7444"", ""valuetype_id"": ""prefLabel""}], ""list_id"": ""80028d07-9c98-48cf-84db-f77bc01c8bbc""}]","[{""uri"": ""http://vocab.getty.edu/aat/300388277"", ""labels"": [{""id"": ""39e49408-de39-44db-a191-fe36a5f04cfc"", ""value"": ""English (language)"", ""language_id"": ""en"", ""list_item_id"": ""38729dbe-6d1c-48ce-bf47-e2a18945600e"", ""valuetype_id"": ""prefLabel""}], ""list_id"": ""f7fc4f6d-fd46-4881-846f-4a08bc1a3fef""}]"
a2f3f277-b9e2-43dd-9534-09b02ff8d5bd,36956e50-d770-11ef-8f5d-0275dc2ded29,166c7b56-b36e-4cfa-9dc0-7d232f147d69,1,99178b20-17a1-4263-8864-2cc0ab01130e,"{""en"": {""value"": ""Vendorama"", ""direction"": ""ltr""}}","[{""uri"": ""http://vocab.getty.edu/aat/300404670"", ""labels"": [{""id"": ""b379db2b-3066-4a46-8e8d-f70ad539323e"", ""value"": ""preferred terms"", ""language_id"": ""en"", ""list_item_id"": ""5f400d39-3b6b-4b8a-939b-4e49787c7444"", ""valuetype_id"": ""prefLabel""}], ""list_id"": ""80028d07-9c98-48cf-84db-f77bc01c8bbc""}]","[{""uri"": ""http://vocab.getty.edu/aat/300388277"", ""labels"": [{""id"": ""39e49408-de39-44db-a191-fe36a5f04cfc"", ""value"": ""English (language)"", ""language_id"": ""en"", ""list_item_id"": ""38729dbe-6d1c-48ce-bf47-e2a18945600e"", ""valuetype_id"": ""prefLabel""}], ""list_id"": ""f7fc4f6d-fd46-4881-846f-4a08bc1a3fef""}]"
a223a9c2-c512-4941-87ce-118988260d47,36956e50-d770-11ef-8f5d-0275dc2ded29,166c7b56-b36e-4cfa-9dc0-7d232f147d69,1,37b1ccea-3679-46bd-ad64-53b3880946d5,"{""en"": {""value"": ""Dick Blick (J. Noble)"", ""direction"": ""ltr""}}","[{""uri"": ""http://vocab.getty.edu/aat/300404670"", ""labels"": [{""id"": ""b379db2b-3066-4a46-8e8d-f70ad539323e"", ""value"": ""preferred terms"", ""language_id"": ""en"", ""list_item_id"": ""5f400d39-3b6b-4b8a-939b-4e49787c7444"", ""valuetype_id"": ""prefLabel""}], ""list_id"": ""80028d07-9c98-48cf-84db-f77bc01c8bbc""}]","[{""uri"": ""http://vocab.getty.edu/aat/300388277"", ""labels"": [{""id"": ""39e49408-de39-44db-a191-fe36a5f04cfc"", ""value"": ""English (language)"", ""language_id"": ""en"", ""list_item_id"": ""38729dbe-6d1c-48ce-bf47-e2a18945600e"", ""valuetype_id"": ""prefLabel""}], ""list_id"": ""f7fc4f6d-fd46-4881-846f-4a08bc1a3fef""}]"
1fcee023-fb51-49cf-a406-c33c3bfecb16,36956e50-d770-11ef-8f5d-0275dc2ded29,166c7b56-b36e-4cfa-9dc0-7d232f147d69,1,31a3fa26-d2f0-40de-b6ea-57240c4f43f0,"{""en"": {""value"": ""Utrecht Artists' Materials"", ""direction"": ""ltr""}}","[{""uri"": ""http://vocab.getty.edu/aat/300404670"", ""labels"": [{""id"": ""b379db2b-3066-4a46-8e8d-f70ad539323e"", ""value"": ""preferred terms"", ""language_id"": ""en"", ""list_item_id"": ""5f400d39-3b6b-4b8a-939b-4e49787c7444"", ""valuetype_id"": ""prefLabel""}], ""list_id"": ""80028d07-9c98-48cf-84db-f77bc01c8bbc""}]","[{""uri"": ""http://vocab.getty.edu/aat/300388277"", ""labels"": [{""id"": ""39e49408-de39-44db-a191-fe36a5f04cfc"", ""value"": ""English (language)"", ""language_id"": ""en"", ""list_item_id"": ""38729dbe-6d1c-48ce-bf47-e2a18945600e"", ""valuetype_id"": ""prefLabel""}], ""list_id"": ""f7fc4f6d-fd46-4881-846f-4a08bc1a3fef""}]"
0883c589-4b5d-449e-9a7a-3dcce9a0dc8c,36956e50-d770-11ef-8f5d-0275dc2ded29,166c7b56-b36e-4cfa-9dc0-7d232f147d69,1,78cdc58c-8b15-4d3c-876a-dc0ee6e73de0,"{""en"": {""value"": ""Overtone Labs for Durachem"", ""direction"": ""ltr""}}","[{""uri"": ""http://vocab.getty.edu/aat/300404670"", ""labels"": [{""id"": ""b379db2b-3066-4a46-8e8d-f70ad539323e"", ""value"": ""preferred terms"", ""language_id"": ""en"", ""list_item_id"": ""5f400d39-3b6b-4b8a-939b-4e49787c7444"", ""valuetype_id"": ""prefLabel""}], ""list_id"": ""80028d07-9c98-48cf-84db-f77bc01c8bbc""}]","[{""uri"": ""http://vocab.getty.edu/aat/300388277"", ""labels"": [{""id"": ""39e49408-de39-44db-a191-fe36a5f04cfc"", ""value"": ""English (language)"", ""language_id"": ""en"", ""list_item_id"": ""38729dbe-6d1c-48ce-bf47-e2a18945600e"", ""valuetype_id"": ""prefLabel""}], ""list_id"": ""f7fc4f6d-fd46-4881-846f-4a08bc1a3fef""}]"
383bee39-caf8-4039-9bc2-ee399da7aa07,36956e50-d770-11ef-8f5d-0275dc2ded29,166c7b56-b36e-4cfa-9dc0-7d232f147d69,1,4f68c6b0-cea7-47d9-afe1-4d7a13c2a30b,"{""en"": {""value"": ""Orchard"", ""direction"": ""ltr""}}","[{""uri"": ""http://vocab.getty.edu/aat/300404670"", ""labels"": [{""id"": ""b379db2b-3066-4a46-8e8d-f70ad539323e"", ""value"": ""preferred terms"", ""language_id"": ""en"", ""list_item_id"": ""5f400d39-3b6b-4b8a-939b-4e49787c7444"", ""valuetype_id"": ""prefLabel""}], ""list_id"": ""80028d07-9c98-48cf-84db-f77bc01c8bbc""}]","[{""uri"": ""http://vocab.getty.edu/aat/300388277"", ""labels"": [{""id"": ""39e49408-de39-44db-a191-fe36a5f04cfc"", ""value"": ""English (language)"", ""language_id"": ""en"", ""list_item_id"": ""38729dbe-6d1c-48ce-bf47-e2a18945600e"", ""valuetype_id"": ""prefLabel""}], ""list_id"": ""f7fc4f6d-fd46-4881-846f-4a08bc1a3fef""}]"
edd7d271-d578-48cc-ada7-bd300cfe4a58,36956e50-d770-11ef-8f5d-0275dc2ded29,166c7b56-b36e-4cfa-9dc0-7d232f147d69,1,78c46ed9-2a0e-445d-b817-e278119fd9f4,"{""en"": {""value"": ""C and P Co"", ""direction"": ""ltr""}}","[{""uri"": ""http://vocab.getty.edu/aat/300404670"", ""labels"": [{""id"": ""b379db2b-3066-4a46-8e8d-f70ad539323e"", ""value"": ""preferred terms"", ""language_id"": ""en"", ""list_item_id"": ""5f400d39-3b6b-4b8a-939b-4e49787c7444"", ""valuetype_id"": ""prefLabel""}], ""list_id"": ""80028d07-9c98-48cf-84db-f77bc01c8bbc""}]","[{""uri"": ""http://vocab.getty.edu/aat/300388277"", ""labels"": [{""id"": ""39e49408-de39-44db-a191-fe36a5f04cfc"", ""value"": ""English (language)"", ""language_id"": ""en"", ""list_item_id"": ""38729dbe-6d1c-48ce-bf47-e2a18945600e"", ""valuetype_id"": ""prefLabel""}], ""list_id"": ""f7fc4f6d-fd46-4881-846f-4a08bc1a3fef""}]"
13329c92-77d7-436d-b077-3fc71882bdd9,36956e50-d770-11ef-8f5d-0275dc2ded29,166c7b56-b36e-4cfa-9dc0-7d232f147d69,1,a37a074a-9f3e-4ea8-a772-19a75bf718c5,"{""en"": {""value"": ""Roemberpou"", ""direction"": ""ltr""}}","[{""uri"": ""http://vocab.getty.edu/aat/300404670"", ""labels"": [{""id"": ""b379db2b-3066-4a46-8e8d-f70ad539323e"", ""value"": ""preferred terms"", ""language_id"": ""en"", ""list_item_id"": ""5f400d39-3b6b-4b8a-939b-4e49787c7444"", ""valuetype_id"": ""prefLabel""}], ""list_id"": ""80028d07-9c98-48cf-84db-f77bc01c8bbc""}]","[{""uri"": ""http://vocab.getty.edu/aat/300388277"", ""labels"": [{""id"": ""39e49408-de39-44db-a191-fe36a5f04cfc"", ""value"": ""English (language)"", ""language_id"": ""en"", ""list_item_id"": ""38729dbe-6d1c-48ce-bf47-e2a18945600e"", ""valuetype_id"": ""prefLabel""}], ""list_id"": ""f7fc4f6d-fd46-4881-846f-4a08bc1a3fef""}]"
71b7d836-20ae-4651-93e1-960998f5a34c,36956e50-d770-11ef-8f5d-0275dc2ded29,166c7b56-b36e-4cfa-9dc0-7d232f147d69,1,2da3f950-8880-4846-bb07-86411987452c,"{""en"": {""value"": ""Delta Tech. Coatings (for Shiva)"", ""direction"": ""ltr""}}","[{""uri"": ""http://vocab.getty.edu/aat/300404670"", ""labels"": [{""id"": ""b379db2b-3066-4a46-8e8d-f70ad539323e"", ""value"": ""preferred terms"", ""language_id"": ""en"", ""list_item_id"": ""5f400d39-3b6b-4b8a-939b-4e49787c7444"", ""valuetype_id"": ""prefLabel""}], ""list_id"": ""80028d07-9c98-48cf-84db-f77bc01c8bbc""}]","[{""uri"": ""http://vocab.getty.edu/aat/300388277"", ""labels"": [{""id"": ""39e49408-de39-44db-a191-fe36a5f04cfc"", ""value"": ""English (language)"", ""language_id"": ""en"", ""list_item_id"": ""38729dbe-6d1c-48ce-bf47-e2a18945600e"", ""valuetype_id"": ""prefLabel""}], ""list_id"": ""f7fc4f6d-fd46-4881-846f-4a08bc1a3fef""}]"
5b05a4ae-7853-4dc7-a971-31a5787d514e,36956e50-d770-11ef-8f5d-0275dc2ded29,166c7b56-b36e-4cfa-9dc0-7d232f147d69,1,4d18309a-51ab-4689-b19f-5d493d65b2bb,"{""en"": {""value"": ""American Hoechst Corp."", ""direction"": ""ltr""}}","[{""uri"": ""http://vocab.getty.edu/aat/300404670"", ""labels"": [{""id"": ""b379db2b-3066-4a46-8e8d-f70ad539323e"", ""value"": ""preferred terms"", ""language_id"": ""en"", ""list_item_id"": ""5f400d39-3b6b-4b8a-939b-4e49787c7444"", ""valuetype_id"": ""prefLabel""}], ""list_id"": ""80028d07-9c98-48cf-84db-f77bc01c8bbc""}]","[{""uri"": ""http://vocab.getty.edu/aat/300388277"", ""labels"": [{""id"": ""39e49408-de39-44db-a191-fe36a5f04cfc"", ""value"": ""English (language)"", ""language_id"": ""en"", ""list_item_id"": ""38729dbe-6d1c-48ce-bf47-e2a18945600e"", ""valuetype_id"": ""prefLabel""}], ""list_id"": ""f7fc4f6d-fd46-4881-846f-4a08bc1a3fef""}]"
d236bb86-c55b-4f43-9053-2dbf57d9ea16,36956e50-d770-11ef-8f5d-0275dc2ded29,166c7b56-b36e-4cfa-9dc0-7d232f147d69,1,5bf345cc-ea5d-4ce2-9f86-60e8dd09087e,"{""en"": {""value"": ""Sun"", ""direction"": ""ltr""}}","[{""uri"": ""http://vocab.getty.edu/aat/300404670"", ""labels"": [{""id"": ""b379db2b-3066-4a46-8e8d-f70ad539323e"", ""value"": ""preferred terms"", ""language_id"": ""en"", ""list_item_id"": ""5f400d39-3b6b-4b8a-939b-4e49787c7444"", ""valuetype_id"": ""prefLabel""}], ""list_id"": ""80028d07-9c98-48cf-84db-f77bc01c8bbc""}]","[{""uri"": ""http://vocab.getty.edu/aat/300388277"", ""labels"": [{""id"": ""39e49408-de39-44db-a191-fe36a5f04cfc"", ""value"": ""English (language)"", ""language_id"": ""en"", ""list_item_id"": ""38729dbe-6d1c-48ce-bf47-e2a18945600e"", ""valuetype_id"": ""prefLabel""}], ""list_id"": ""f7fc4f6d-fd46-4881-846f-4a08bc1a3fef""}]"
a3c3758c-0dc4-45e3-b618-b91c5de1d543,36956e50-d770-11ef-8f5d-0275dc2ded29,166c7b56-b36e-4cfa-9dc0-7d232f147d69,1,9236fe32-64f2-44f9-8a2c-2f1fc34b7f43,"{""en"": {""value"": ""Holbein Artist Materials Co."", ""direction"": ""ltr""}}","[{""uri"": ""http://vocab.getty.edu/aat/300404670"", ""labels"": [{""id"": ""b379db2b-3066-4a46-8e8d-f70ad539323e"", ""value"": ""preferred terms"", ""language_id"": ""en"", ""list_item_id"": ""5f400d39-3b6b-4b8a-939b-4e49787c7444"", ""valuetype_id"": ""prefLabel""}], ""list_id"": ""80028d07-9c98-48cf-84db-f77bc01c8bbc""}]","[{""uri"": ""http://vocab.getty.edu/aat/300388277"", ""labels"": [{""id"": ""39e49408-de39-44db-a191-fe36a5f04cfc"", ""value"": ""English (language)"", ""language_id"": ""en"", ""list_item_id"": ""38729dbe-6d1c-48ce-bf47-e2a18945600e"", ""valuetype_id"": ""prefLabel""}], ""list_id"": ""f7fc4f6d-fd46-4881-846f-4a08bc1a3fef""}]"
54b4239b-634b-4322-a658-dcb48283df4b,36956e50-d770-11ef-8f5d-0275dc2ded29,166c7b56-b36e-4cfa-9dc0-7d232f147d69,1,d996bdd9-ec7d-4258-b8e2-3be9eef95b4b,"{""en"": {""value"": ""The Hygenic Corporation"", ""direction"": ""ltr""}}","[{""uri"": ""http://vocab.getty.edu/aat/300404670"", ""labels"": [{""id"": ""b379db2b-3066-4a46-8e8d-f70ad539323e"", ""value"": ""preferred terms"", ""language_id"": ""en"", ""list_item_id"": ""5f400d39-3b6b-4b8a-939b-4e49787c7444"", ""valuetype_id"": ""prefLabel""}], ""list_id"": ""80028d07-9c98-48cf-84db-f77bc01c8bbc""}]","[{""uri"": ""http://vocab.getty.edu/aat/300388277"", ""labels"": [{""id"": ""39e49408-de39-44db-a191-fe36a5f04cfc"", ""value"": ""English (language)"", ""language_id"": ""en"", ""list_item_id"": ""38729dbe-6d1c-48ce-bf47-e2a18945600e"", ""valuetype_id"": ""prefLabel""}], ""list_id"": ""f7fc4f6d-fd46-4881-846f-4a08bc1a3fef""}]"
e1043aa1-d0d3-410f-9c36-16b1058490bd,36956e50-d770-11ef-8f5d-0275dc2ded29,166c7b56-b36e-4cfa-9dc0-7d232f147d69,1,d281008c-06eb-4813-881e-9383bd77b485,"{""en"": {""value"": ""Ansco"", ""direction"": ""ltr""}}","[{""uri"": ""http://vocab.getty.edu/aat/300404670"", ""labels"": [{""id"": ""b379db2b-3066-4a46-8e8d-f70ad539323e"", ""value"": ""preferred terms"", ""language_id"": ""en"", ""list_item_id"": ""5f400d39-3b6b-4b8a-939b-4e49787c7444"", ""valuetype_id"": ""prefLabel""}], ""list_id"": ""80028d07-9c98-48cf-84db-f77bc01c8bbc""}]","[{""uri"": ""http://vocab.getty.edu/aat/300388277"", ""labels"": [{""id"": ""39e49408-de39-44db-a191-fe36a5f04cfc"", ""value"": ""English (language)"", ""language_id"": ""en"", ""list_item_id"": ""38729dbe-6d1c-48ce-bf47-e2a18945600e"", ""valuetype_id"": ""prefLabel""}], ""list_id"": ""f7fc4f6d-fd46-4881-846f-4a08bc1a3fef""}]"
ed9626b9-aea1-48ba-bd12-dd92ec026a7f,36956e50-d770-11ef-8f5d-0275dc2ded29,166c7b56-b36e-4cfa-9dc0-7d232f147d69,1,7cae09d1-5bf9-4a83-bf0d-ebc02ea37679,"{""en"": {""value"": ""Union Rubber Inc."", ""direction"": ""ltr""}}","[{""uri"": ""http://vocab.getty.edu/aat/300404670"", ""labels"": [{""id"": ""b379db2b-3066-4a46-8e8d-f70ad539323e"", ""value"": ""preferred terms"", ""language_id"": ""en"", ""list_item_id"": ""5f400d39-3b6b-4b8a-939b-4e49787c7444"", ""valuetype_id"": ""prefLabel""}], ""list_id"": ""80028d07-9c98-48cf-84db-f77bc01c8bbc""}]","[{""uri"": ""http://vocab.getty.edu/aat/300388277"", ""labels"": [{""id"": ""39e49408-de39-44db-a191-fe36a5f04cfc"", ""value"": ""English (language)"", ""language_id"": ""en"", ""list_item_id"": ""38729dbe-6d1c-48ce-bf47-e2a18945600e"", ""valuetype_id"": ""prefLabel""}], ""list_id"": ""f7fc4f6d-fd46-4881-846f-4a08bc1a3fef""}]"
628564d8-fbc0-4cd9-a4e3-850c98a321ac,36956e50-d770-11ef-8f5d-0275dc2ded29,166c7b56-b36e-4cfa-9dc0-7d232f147d69,1,316bfd46-b758-4fb3-b347-7b609754feef,"{""en"": {""value"": ""Siphon"", ""direction"": ""ltr""}}","[{""uri"": ""http://vocab.getty.edu/aat/300404670"", ""labels"": [{""id"": ""b379db2b-3066-4a46-8e8d-f70ad539323e"", ""value"": ""preferred terms"", ""language_id"": ""en"", ""list_item_id"": ""5f400d39-3b6b-4b8a-939b-4e49787c7444"", ""valuetype_id"": ""prefLabel""}], ""list_id"": ""80028d07-9c98-48cf-84db-f77bc01c8bbc""}]","[{""uri"": ""http://vocab.getty.edu/aat/300388277"", ""labels"": [{""id"": ""39e49408-de39-44db-a191-fe36a5f04cfc"", ""value"": ""English (language)"", ""language_id"": ""en"", ""list_item_id"": ""38729dbe-6d1c-48ce-bf47-e2a18945600e"", ""valuetype_id"": ""prefLabel""}], ""list_id"": ""f7fc4f6d-fd46-4881-846f-4a08bc1a3fef""}]"
4270de52-91eb-47d3-a6df-d8cad24ea317,36956e50-d770-11ef-8f5d-0275dc2ded29,166c7b56-b36e-4cfa-9dc0-7d232f147d69,1,675c521c-ec8a-4b07-bbc0-26acfc3c3bc7,"{""en"": {""value"": ""LA County Arboretum"", ""direction"": ""ltr""}}","[{""uri"": ""http://vocab.getty.edu/aat/300404670"", ""labels"": [{""id"": ""b379db2b-3066-4a46-8e8d-f70ad539323e"", ""value"": ""preferred terms"", ""language_id"": ""en"", ""list_item_id"": ""5f400d39-3b6b-4b8a-939b-4e49787c7444"", ""valuetype_id"": ""prefLabel""}], ""list_id"": ""80028d07-9c98-48cf-84db-f77bc01c8bbc""}]","[{""uri"": ""http://vocab.getty.edu/aat/300388277"", ""labels"": [{""id"": ""39e49408-de39-44db-a191-fe36a5f04cfc"", ""value"": ""English (language)"", ""language_id"": ""en"", ""list_item_id"": ""38729dbe-6d1c-48ce-bf47-e2a18945600e"", ""valuetype_id"": ""prefLabel""}], ""list_id"": ""f7fc4f6d-fd46-4881-846f-4a08bc1a3fef""}]"
248a0db3-239d-41c2-9613-389c655e4591,36956e50-d770-11ef-8f5d-0275dc2ded29,166c7b56-b36e-4cfa-9dc0-7d232f147d69,1,fe6f5a69-1646-4876-bec1-abf26636d04e,"{""en"": {""value"": ""Efke"", ""direction"": ""ltr""}}","[{""uri"": ""http://vocab.getty.edu/aat/300404670"", ""labels"": [{""id"": ""b379db2b-3066-4a46-8e8d-f70ad539323e"", ""value"": ""preferred terms"", ""language_id"": ""en"", ""list_item_id"": ""5f400d39-3b6b-4b8a-939b-4e49787c7444"", ""valuetype_id"": ""prefLabel""}], ""list_id"": ""80028d07-9c98-48cf-84db-f77bc01c8bbc""}]","[{""uri"": ""http://vocab.getty.edu/aat/300388277"", ""labels"": [{""id"": ""39e49408-de39-44db-a191-fe36a5f04cfc"", ""value"": ""English (language)"", ""language_id"": ""en"", ""list_item_id"": ""38729dbe-6d1c-48ce-bf47-e2a18945600e"", ""valuetype_id"": ""prefLabel""}], ""list_id"": ""f7fc4f6d-fd46-4881-846f-4a08bc1a3fef""}]"
442874bc-36b4-4f5c-86da-9852526cd5ad,36956e50-d770-11ef-8f5d-0275dc2ded29,166c7b56-b36e-4cfa-9dc0-7d232f147d69,1,28b3e9b2-cfed-4a6f-92e5-a09388b71648,"{""en"": {""value"": ""Norganic"", ""direction"": ""ltr""}}","[{""uri"": ""http://vocab.getty.edu/aat/300404670"", ""labels"": [{""id"": ""b379db2b-3066-4a46-8e8d-f70ad539323e"", ""value"": ""preferred terms"", ""language_id"": ""en"", ""list_item_id"": ""5f400d39-3b6b-4b8a-939b-4e49787c7444"", ""valuetype_id"": ""prefLabel""}], ""list_id"": ""80028d07-9c98-48cf-84db-f77bc01c8bbc""}]","[{""uri"": ""http://vocab.getty.edu/aat/300388277"", ""labels"": [{""id"": ""39e49408-de39-44db-a191-fe36a5f04cfc"", ""value"": ""English (language)"", ""language_id"": ""en"", ""list_item_id"": ""38729dbe-6d1c-48ce-bf47-e2a18945600e"", ""valuetype_id"": ""prefLabel""}], ""list_id"": ""f7fc4f6d-fd46-4881-846f-4a08bc1a3fef""}]"
9d7a247d-a966-4816-ae53-1b92a612ca6c,36956e50-d770-11ef-8f5d-0275dc2ded29,166c7b56-b36e-4cfa-9dc0-7d232f147d69,1,125c4aaf-841c-4268-86d1-d96f0cb0d7af,"{""en"": {""value"": ""Hatfield's Color Shop Inc."", ""direction"": ""ltr""}}","[{""uri"": ""http://vocab.getty.edu/aat/300404670"", ""labels"": [{""id"": ""b379db2b-3066-4a46-8e8d-f70ad539323e"", ""value"": ""preferred terms"", ""language_id"": ""en"", ""list_item_id"": ""5f400d39-3b6b-4b8a-939b-4e49787c7444"", ""valuetype_id"": ""prefLabel""}], ""list_id"": ""80028d07-9c98-48cf-84db-f77bc01c8bbc""}]","[{""uri"": ""http://vocab.getty.edu/aat/300388277"", ""labels"": [{""id"": ""39e49408-de39-44db-a191-fe36a5f04cfc"", ""value"": ""English (language)"", ""language_id"": ""en"", ""list_item_id"": ""38729dbe-6d1c-48ce-bf47-e2a18945600e"", ""valuetype_id"": ""prefLabel""}], ""list_id"": ""f7fc4f6d-fd46-4881-846f-4a08bc1a3fef""}]"
199f6769-7276-4a56-9e21-c1f0dbcd25fd,36956e50-d770-11ef-8f5d-0275dc2ded29,166c7b56-b36e-4cfa-9dc0-7d232f147d69,1,24fa853b-84d3-42b3-814f-2871e3328b40,"{""en"": {""value"": ""Matheson, Coleman & Bell"", ""direction"": ""ltr""}}","[{""uri"": ""http://vocab.getty.edu/aat/300404670"", ""labels"": [{""id"": ""b379db2b-3066-4a46-8e8d-f70ad539323e"", ""value"": ""preferred terms"", ""language_id"": ""en"", ""list_item_id"": ""5f400d39-3b6b-4b8a-939b-4e49787c7444"", ""valuetype_id"": ""prefLabel""}], ""list_id"": ""80028d07-9c98-48cf-84db-f77bc01c8bbc""}]","[{""uri"": ""http://vocab.getty.edu/aat/300388277"", ""labels"": [{""id"": ""39e49408-de39-44db-a191-fe36a5f04cfc"", ""value"": ""English (language)"", ""language_id"": ""en"", ""list_item_id"": ""38729dbe-6d1c-48ce-bf47-e2a18945600e"", ""valuetype_id"": ""prefLabel""}], ""list_id"": ""f7fc4f6d-fd46-4881-846f-4a08bc1a3fef""}]"
83afd23e-24b9-4459-b403-48c013abd3ae,36956e50-d770-11ef-8f5d-0275dc2ded29,166c7b56-b36e-4cfa-9dc0-7d232f147d69,1,3ec6bf3d-cecf-4c54-a27d-28104eda4eb2,"{""en"": {""value"": ""Behlen"", ""direction"": ""ltr""}}","[{""uri"": ""http://vocab.getty.edu/aat/300404670"", ""labels"": [{""id"": ""b379db2b-3066-4a46-8e8d-f70ad539323e"", ""value"": ""preferred terms"", ""language_id"": ""en"", ""list_item_id"": ""5f400d39-3b6b-4b8a-939b-4e49787c7444"", ""valuetype_id"": ""prefLabel""}], ""list_id"": ""80028d07-9c98-48cf-84db-f77bc01c8bbc""}]","[{""uri"": ""http://vocab.getty.edu/aat/300388277"", ""labels"": [{""id"": ""39e49408-de39-44db-a191-fe36a5f04cfc"", ""value"": ""English (language)"", ""language_id"": ""en"", ""list_item_id"": ""38729dbe-6d1c-48ce-bf47-e2a18945600e"", ""valuetype_id"": ""prefLabel""}], ""list_id"": ""f7fc4f6d-fd46-4881-846f-4a08bc1a3fef""}]"
5b8a55df-6be8-4964-93da-c9b06e59557a,36956e50-d770-11ef-8f5d-0275dc2ded29,166c7b56-b36e-4cfa-9dc0-7d232f147d69,1,2f8b7823-4402-4956-957d-08c299118808,"{""en"": {""value"": ""Paterson Group International"", ""direction"": ""ltr""}}","[{""uri"": ""http://vocab.getty.edu/aat/300404670"", ""labels"": [{""id"": ""b379db2b-3066-4a46-8e8d-f70ad539323e"", ""value"": ""preferred terms"", ""language_id"": ""en"", ""list_item_id"": ""5f400d39-3b6b-4b8a-939b-4e49787c7444"", ""valuetype_id"": ""prefLabel""}], ""list_id"": ""80028d07-9c98-48cf-84db-f77bc01c8bbc""}]","[{""uri"": ""http://vocab.getty.edu/aat/300388277"", ""labels"": [{""id"": ""39e49408-de39-44db-a191-fe36a5f04cfc"", ""value"": ""English (language)"", ""language_id"": ""en"", ""list_item_id"": ""38729dbe-6d1c-48ce-bf47-e2a18945600e"", ""valuetype_id"": ""prefLabel""}], ""list_id"": ""f7fc4f6d-fd46-4881-846f-4a08bc1a3fef""}]"
bc725ca7-741c-4f9c-a1a9-9801b47e4896,36956e50-d770-11ef-8f5d-0275dc2ded29,166c7b56-b36e-4cfa-9dc0-7d232f147d69,1,7f4bf753-d7c9-4be2-8866-25a29a94d829,"{""en"": {""value"": ""U.S. Customs Lab, Long Beach"", ""direction"": ""ltr""}}","[{""uri"": ""http://vocab.getty.edu/aat/300404670"", ""labels"": [{""id"": ""b379db2b-3066-4a46-8e8d-f70ad539323e"", ""value"": ""preferred terms"", ""language_id"": ""en"", ""list_item_id"": ""5f400d39-3b6b-4b8a-939b-4e49787c7444"", ""valuetype_id"": ""prefLabel""}], ""list_id"": ""80028d07-9c98-48cf-84db-f77bc01c8bbc""}]","[{""uri"": ""http://vocab.getty.edu/aat/300388277"", ""labels"": [{""id"": ""39e49408-de39-44db-a191-fe36a5f04cfc"", ""value"": ""English (language)"", ""language_id"": ""en"", ""list_item_id"": ""38729dbe-6d1c-48ce-bf47-e2a18945600e"", ""valuetype_id"": ""prefLabel""}], ""list_id"": ""f7fc4f6d-fd46-4881-846f-4a08bc1a3fef""}]"
e33d6c14-65be-4bf2-96bb-a7df726da2a7,36956e50-d770-11ef-8f5d-0275dc2ded29,166c7b56-b36e-4cfa-9dc0-7d232f147d69,1,e235cb50-6498-4f95-8094-92ead9d09c5f,"{""en"": {""value"": ""Bocour Artist Colors"", ""direction"": ""ltr""}}","[{""uri"": ""http://vocab.getty.edu/aat/300404670"", ""labels"": [{""id"": ""b379db2b-3066-4a46-8e8d-f70ad539323e"", ""value"": ""preferred terms"", ""language_id"": ""en"", ""list_item_id"": ""5f400d39-3b6b-4b8a-939b-4e49787c7444"", ""valuetype_id"": ""prefLabel""}], ""list_id"": ""80028d07-9c98-48cf-84db-f77bc01c8bbc""}]","[{""uri"": ""http://vocab.getty.edu/aat/300388277"", ""labels"": [{""id"": ""39e49408-de39-44db-a191-fe36a5f04cfc"", ""value"": ""English (language)"", ""language_id"": ""en"", ""list_item_id"": ""38729dbe-6d1c-48ce-bf47-e2a18945600e"", ""valuetype_id"": ""prefLabel""}], ""list_id"": ""f7fc4f6d-fd46-4881-846f-4a08bc1a3fef""}]"
18806f22-2c70-462f-a54e-213f79e02030,36956e50-d770-11ef-8f5d-0275dc2ded29,166c7b56-b36e-4cfa-9dc0-7d232f147d69,1,08df9baf-d406-43c1-8a19-86be6ac0883c,"{""en"": {""value"": ""Sherwin Williams Chemicals"", ""direction"": ""ltr""}}","[{""uri"": ""http://vocab.getty.edu/aat/300404670"", ""labels"": [{""id"": ""b379db2b-3066-4a46-8e8d-f70ad539323e"", ""value"": ""preferred terms"", ""language_id"": ""en"", ""list_item_id"": ""5f400d39-3b6b-4b8a-939b-4e49787c7444"", ""valuetype_id"": ""prefLabel""}], ""list_id"": ""80028d07-9c98-48cf-84db-f77bc01c8bbc""}]","[{""uri"": ""http://vocab.getty.edu/aat/300388277"", ""labels"": [{""id"": ""39e49408-de39-44db-a191-fe36a5f04cfc"", ""value"": ""English (language)"", ""language_id"": ""en"", ""list_item_id"": ""38729dbe-6d1c-48ce-bf47-e2a18945600e"", ""valuetype_id"": ""prefLabel""}], ""list_id"": ""f7fc4f6d-fd46-4881-846f-4a08bc1a3fef""}]"
95617c56-e721-45e1-863c-1a366001deea,36956e50-d770-11ef-8f5d-0275dc2ded29,166c7b56-b36e-4cfa-9dc0-7d232f147d69,1,713b64d1-976d-4a19-bde6-25fbaee280e2,"{""en"": {""value"": ""C. Roberson and Co."", ""direction"": ""ltr""}}","[{""uri"": ""http://vocab.getty.edu/aat/300404670"", ""labels"": [{""id"": ""b379db2b-3066-4a46-8e8d-f70ad539323e"", ""value"": ""preferred terms"", ""language_id"": ""en"", ""list_item_id"": ""5f400d39-3b6b-4b8a-939b-4e49787c7444"", ""valuetype_id"": ""prefLabel""}], ""list_id"": ""80028d07-9c98-48cf-84db-f77bc01c8bbc""}]","[{""uri"": ""http://vocab.getty.edu/aat/300388277"", ""labels"": [{""id"": ""39e49408-de39-44db-a191-fe36a5f04cfc"", ""value"": ""English (language)"", ""language_id"": ""en"", ""list_item_id"": ""38729dbe-6d1c-48ce-bf47-e2a18945600e"", ""valuetype_id"": ""prefLabel""}], ""list_id"": ""f7fc4f6d-fd46-4881-846f-4a08bc1a3fef""}]"
2c6921ab-2f89-49ba-bbe2-8a98a70c4a66,36956e50-d770-11ef-8f5d-0275dc2ded29,166c7b56-b36e-4cfa-9dc0-7d232f147d69,1,1bcdb3bd-afc5-4632-85ac-a0fdd80740c0,"{""en"": {""value"": ""Blue Record Regularly"", ""direction"": ""ltr""}}","[{""uri"": ""http://vocab.getty.edu/aat/300404670"", ""labels"": [{""id"": ""b379db2b-3066-4a46-8e8d-f70ad539323e"", ""value"": ""preferred terms"", ""language_id"": ""en"", ""list_item_id"": ""5f400d39-3b6b-4b8a-939b-4e49787c7444"", ""valuetype_id"": ""prefLabel""}], ""list_id"": ""80028d07-9c98-48cf-84db-f77bc01c8bbc""}]","[{""uri"": ""http://vocab.getty.edu/aat/300388277"", ""labels"": [{""id"": ""39e49408-de39-44db-a191-fe36a5f04cfc"", ""value"": ""English (language)"", ""language_id"": ""en"", ""list_item_id"": ""38729dbe-6d1c-48ce-bf47-e2a18945600e"", ""valuetype_id"": ""prefLabel""}], ""list_id"": ""f7fc4f6d-fd46-4881-846f-4a08bc1a3fef""}]"
1d11326a-6e02-4959-a802-c1692687b85b,36956e50-d770-11ef-8f5d-0275dc2ded29,166c7b56-b36e-4cfa-9dc0-7d232f147d69,1,8da38ccb-4175-4b9c-9987-a7d30c27b19e,"{""en"": {""value"": ""P. Oliveira"", ""direction"": ""ltr""}}","[{""uri"": ""http://vocab.getty.edu/aat/300404670"", ""labels"": [{""id"": ""b379db2b-3066-4a46-8e8d-f70ad539323e"", ""value"": ""preferred terms"", ""language_id"": ""en"", ""list_item_id"": ""5f400d39-3b6b-4b8a-939b-4e49787c7444"", ""valuetype_id"": ""prefLabel""}], ""list_id"": ""80028d07-9c98-48cf-84db-f77bc01c8bbc""}]","[{""uri"": ""http://vocab.getty.edu/aat/300388277"", ""labels"": [{""id"": ""39e49408-de39-44db-a191-fe36a5f04cfc"", ""value"": ""English (language)"", ""language_id"": ""en"", ""list_item_id"": ""38729dbe-6d1c-48ce-bf47-e2a18945600e"", ""valuetype_id"": ""prefLabel""}], ""list_id"": ""f7fc4f6d-fd46-4881-846f-4a08bc1a3fef""}]"
cef2401f-37d5-4a3d-b0be-bd6ef0f29dfe,36956e50-d770-11ef-8f5d-0275dc2ded29,166c7b56-b36e-4cfa-9dc0-7d232f147d69,1,fe560895-b3b4-4d7d-a05b-3b112f6942ea,"{""en"": {""value"": ""Martz Paper Company"", ""direction"": ""ltr""}}","[{""uri"": ""http://vocab.getty.edu/aat/300404670"", ""labels"": [{""id"": ""b379db2b-3066-4a46-8e8d-f70ad539323e"", ""value"": ""preferred terms"", ""language_id"": ""en"", ""list_item_id"": ""5f400d39-3b6b-4b8a-939b-4e49787c7444"", ""valuetype_id"": ""prefLabel""}], ""list_id"": ""80028d07-9c98-48cf-84db-f77bc01c8bbc""}]","[{""uri"": ""http://vocab.getty.edu/aat/300388277"", ""labels"": [{""id"": ""39e49408-de39-44db-a191-fe36a5f04cfc"", ""value"": ""English (language)"", ""language_id"": ""en"", ""list_item_id"": ""38729dbe-6d1c-48ce-bf47-e2a18945600e"", ""valuetype_id"": ""prefLabel""}], ""list_id"": ""f7fc4f6d-fd46-4881-846f-4a08bc1a3fef""}]"
4be73588-e7bc-43c1-970d-04595b715f1d,36956e50-d770-11ef-8f5d-0275dc2ded29,166c7b56-b36e-4cfa-9dc0-7d232f147d69,1,7366cb7f-a82e-4684-94db-66580ed048e9,"{""en"": {""value"": ""Leon Frenkel, Ltd."", ""direction"": ""ltr""}}","[{""uri"": ""http://vocab.getty.edu/aat/300404670"", ""labels"": [{""id"": ""b379db2b-3066-4a46-8e8d-f70ad539323e"", ""value"": ""preferred terms"", ""language_id"": ""en"", ""list_item_id"": ""5f400d39-3b6b-4b8a-939b-4e49787c7444"", ""valuetype_id"": ""prefLabel""}], ""list_id"": ""80028d07-9c98-48cf-84db-f77bc01c8bbc""}]","[{""uri"": ""http://vocab.getty.edu/aat/300388277"", ""labels"": [{""id"": ""39e49408-de39-44db-a191-fe36a5f04cfc"", ""value"": ""English (language)"", ""language_id"": ""en"", ""list_item_id"": ""38729dbe-6d1c-48ce-bf47-e2a18945600e"", ""valuetype_id"": ""prefLabel""}], ""list_id"": ""f7fc4f6d-fd46-4881-846f-4a08bc1a3fef""}]"
b74fb0e9-55d5-438c-a4c2-d9e39129ab4a,36956e50-d770-11ef-8f5d-0275dc2ded29,166c7b56-b36e-4cfa-9dc0-7d232f147d69,1,ede52630-3590-4a92-8e99-dd42be19f973,"{""en"": {""value"": ""Konica Corporation"", ""direction"": ""ltr""}}","[{""uri"": ""http://vocab.getty.edu/aat/300404670"", ""labels"": [{""id"": ""b379db2b-3066-4a46-8e8d-f70ad539323e"", ""value"": ""preferred terms"", ""language_id"": ""en"", ""list_item_id"": ""5f400d39-3b6b-4b8a-939b-4e49787c7444"", ""valuetype_id"": ""prefLabel""}], ""list_id"": ""80028d07-9c98-48cf-84db-f77bc01c8bbc""}]","[{""uri"": ""http://vocab.getty.edu/aat/300388277"", ""labels"": [{""id"": ""39e49408-de39-44db-a191-fe36a5f04cfc"", ""value"": ""English (language)"", ""language_id"": ""en"", ""list_item_id"": ""38729dbe-6d1c-48ce-bf47-e2a18945600e"", ""valuetype_id"": ""prefLabel""}], ""list_id"": ""f7fc4f6d-fd46-4881-846f-4a08bc1a3fef""}]"
9b5fad58-742c-422c-8133-90aa8d2c5bd3,36956e50-d770-11ef-8f5d-0275dc2ded29,166c7b56-b36e-4cfa-9dc0-7d232f147d69,1,e65529eb-e28f-4ca1-b4d6-5bac7d0baf15,"{""en"": {""value"": ""Landscape"", ""direction"": ""ltr""}}","[{""uri"": ""http://vocab.getty.edu/aat/300404670"", ""labels"": [{""id"": ""b379db2b-3066-4a46-8e8d-f70ad539323e"", ""value"": ""preferred terms"", ""language_id"": ""en"", ""list_item_id"": ""5f400d39-3b6b-4b8a-939b-4e49787c7444"", ""valuetype_id"": ""prefLabel""}], ""list_id"": ""80028d07-9c98-48cf-84db-f77bc01c8bbc""}]","[{""uri"": ""http://vocab.getty.edu/aat/300388277"", ""labels"": [{""id"": ""39e49408-de39-44db-a191-fe36a5f04cfc"", ""value"": ""English (language)"", ""language_id"": ""en"", ""list_item_id"": ""38729dbe-6d1c-48ce-bf47-e2a18945600e"", ""valuetype_id"": ""prefLabel""}], ""list_id"": ""f7fc4f6d-fd46-4881-846f-4a08bc1a3fef""}]"
2fc08f70-7ca9-47cc-99cf-e38e983cfee8,36956e50-d770-11ef-8f5d-0275dc2ded29,166c7b56-b36e-4cfa-9dc0-7d232f147d69,1,853027ae-4247-45fb-a82d-7089e2de748b,"{""en"": {""value"": ""Dassonville Co."", ""direction"": ""ltr""}}","[{""uri"": ""http://vocab.getty.edu/aat/300404670"", ""labels"": [{""id"": ""b379db2b-3066-4a46-8e8d-f70ad539323e"", ""value"": ""preferred terms"", ""language_id"": ""en"", ""list_item_id"": ""5f400d39-3b6b-4b8a-939b-4e49787c7444"", ""valuetype_id"": ""prefLabel""}], ""list_id"": ""80028d07-9c98-48cf-84db-f77bc01c8bbc""}]","[{""uri"": ""http://vocab.getty.edu/aat/300388277"", ""labels"": [{""id"": ""39e49408-de39-44db-a191-fe36a5f04cfc"", ""value"": ""English (language)"", ""language_id"": ""en"", ""list_item_id"": ""38729dbe-6d1c-48ce-bf47-e2a18945600e"", ""valuetype_id"": ""prefLabel""}], ""list_id"": ""f7fc4f6d-fd46-4881-846f-4a08bc1a3fef""}]"
cb1c1678-fa19-422b-a694-3f82cde9f80d,36956e50-d770-11ef-8f5d-0275dc2ded29,166c7b56-b36e-4cfa-9dc0-7d232f147d69,1,12ad54c7-f53a-4caa-88f1-f771a8f51781,"{""en"": {""value"": ""Royal Crown Enterprises, Inc."", ""direction"": ""ltr""}}","[{""uri"": ""http://vocab.getty.edu/aat/300404670"", ""labels"": [{""id"": ""b379db2b-3066-4a46-8e8d-f70ad539323e"", ""value"": ""preferred terms"", ""language_id"": ""en"", ""list_item_id"": ""5f400d39-3b6b-4b8a-939b-4e49787c7444"", ""valuetype_id"": ""prefLabel""}], ""list_id"": ""80028d07-9c98-48cf-84db-f77bc01c8bbc""}]","[{""uri"": ""http://vocab.getty.edu/aat/300388277"", ""labels"": [{""id"": ""39e49408-de39-44db-a191-fe36a5f04cfc"", ""value"": ""English (language)"", ""language_id"": ""en"", ""list_item_id"": ""38729dbe-6d1c-48ce-bf47-e2a18945600e"", ""valuetype_id"": ""prefLabel""}], ""list_id"": ""f7fc4f6d-fd46-4881-846f-4a08bc1a3fef""}]"
845a43e0-fe1c-4ac3-a61d-43274faa3a46,36956e50-d770-11ef-8f5d-0275dc2ded29,166c7b56-b36e-4cfa-9dc0-7d232f147d69,1,45a02dc3-d430-43cf-b1f0-92d44f6b2c36,"{""en"": {""value"": ""Fernand suarez"", ""direction"": ""ltr""}}","[{""uri"": ""http://vocab.getty.edu/aat/300404670"", ""labels"": [{""id"": ""b379db2b-3066-4a46-8e8d-f70ad539323e"", ""value"": ""preferred terms"", ""language_id"": ""en"", ""list_item_id"": ""5f400d39-3b6b-4b8a-939b-4e49787c7444"", ""valuetype_id"": ""prefLabel""}], ""list_id"": ""80028d07-9c98-48cf-84db-f77bc01c8bbc""}]","[{""uri"": ""http://vocab.getty.edu/aat/300388277"", ""labels"": [{""id"": ""39e49408-de39-44db-a191-fe36a5f04cfc"", ""value"": ""English (language)"", ""language_id"": ""en"", ""list_item_id"": ""38729dbe-6d1c-48ce-bf47-e2a18945600e"", ""valuetype_id"": ""prefLabel""}], ""list_id"": ""f7fc4f6d-fd46-4881-846f-4a08bc1a3fef""}]"
aa1007a8-536c-4ead-9433-b2cca55fbc95,36956e50-d770-11ef-8f5d-0275dc2ded29,166c7b56-b36e-4cfa-9dc0-7d232f147d69,1,09edc0bc-3ca8-4606-ad78-e33b8b1fdac3,"{""en"": {""value"": ""Osco Drug, Inc."", ""direction"": ""ltr""}}","[{""uri"": ""http://vocab.getty.edu/aat/300404670"", ""labels"": [{""id"": ""b379db2b-3066-4a46-8e8d-f70ad539323e"", ""value"": ""preferred terms"", ""language_id"": ""en"", ""list_item_id"": ""5f400d39-3b6b-4b8a-939b-4e49787c7444"", ""valuetype_id"": ""prefLabel""}], ""list_id"": ""80028d07-9c98-48cf-84db-f77bc01c8bbc""}]","[{""uri"": ""http://vocab.getty.edu/aat/300388277"", ""labels"": [{""id"": ""39e49408-de39-44db-a191-fe36a5f04cfc"", ""value"": ""English (language)"", ""language_id"": ""en"", ""list_item_id"": ""38729dbe-6d1c-48ce-bf47-e2a18945600e"", ""valuetype_id"": ""prefLabel""}], ""list_id"": ""f7fc4f6d-fd46-4881-846f-4a08bc1a3fef""}]"
ea0332b2-2bf0-479e-9c1f-bc58aff59888,36956e50-d770-11ef-8f5d-0275dc2ded29,166c7b56-b36e-4cfa-9dc0-7d232f147d69,1,294ad049-fcb0-493d-b28e-4ad59da637f4,"{""en"": {""value"": ""Artist's Choice; Riley Bower, Inc."", ""direction"": ""ltr""}}","[{""uri"": ""http://vocab.getty.edu/aat/300404670"", ""labels"": [{""id"": ""b379db2b-3066-4a46-8e8d-f70ad539323e"", ""value"": ""preferred terms"", ""language_id"": ""en"", ""list_item_id"": ""5f400d39-3b6b-4b8a-939b-4e49787c7444"", ""valuetype_id"": ""prefLabel""}], ""list_id"": ""80028d07-9c98-48cf-84db-f77bc01c8bbc""}]","[{""uri"": ""http://vocab.getty.edu/aat/300388277"", ""labels"": [{""id"": ""39e49408-de39-44db-a191-fe36a5f04cfc"", ""value"": ""English (language)"", ""language_id"": ""en"", ""list_item_id"": ""38729dbe-6d1c-48ce-bf47-e2a18945600e"", ""valuetype_id"": ""prefLabel""}], ""list_id"": ""f7fc4f6d-fd46-4881-846f-4a08bc1a3fef""}]"
d4e52062-b845-4139-89e6-76df19b21065,36956e50-d770-11ef-8f5d-0275dc2ded29,166c7b56-b36e-4cfa-9dc0-7d232f147d69,1,03ab5539-b9e8-4fea-bc70-c94225eb64a8,"{""en"": {""value"": ""August Ruhl"", ""direction"": ""ltr""}}","[{""uri"": ""http://vocab.getty.edu/aat/300404670"", ""labels"": [{""id"": ""b379db2b-3066-4a46-8e8d-f70ad539323e"", ""value"": ""preferred terms"", ""language_id"": ""en"", ""list_item_id"": ""5f400d39-3b6b-4b8a-939b-4e49787c7444"", ""valuetype_id"": ""prefLabel""}], ""list_id"": ""80028d07-9c98-48cf-84db-f77bc01c8bbc""}]","[{""uri"": ""http://vocab.getty.edu/aat/300388277"", ""labels"": [{""id"": ""39e49408-de39-44db-a191-fe36a5f04cfc"", ""value"": ""English (language)"", ""language_id"": ""en"", ""list_item_id"": ""38729dbe-6d1c-48ce-bf47-e2a18945600e"", ""valuetype_id"": ""prefLabel""}], ""list_id"": ""f7fc4f6d-fd46-4881-846f-4a08bc1a3fef""}]"
e6883de9-22cf-4a0d-9b6d-4a4384058afc,36956e50-d770-11ef-8f5d-0275dc2ded29,166c7b56-b36e-4cfa-9dc0-7d232f147d69,1,22183892-d2a6-42b1-ae50-716e644bfddc,"{""en"": {""value"": ""Sterling"", ""direction"": ""ltr""}}","[{""uri"": ""http://vocab.getty.edu/aat/300404670"", ""labels"": [{""id"": ""b379db2b-3066-4a46-8e8d-f70ad539323e"", ""value"": ""preferred terms"", ""language_id"": ""en"", ""list_item_id"": ""5f400d39-3b6b-4b8a-939b-4e49787c7444"", ""valuetype_id"": ""prefLabel""}], ""list_id"": ""80028d07-9c98-48cf-84db-f77bc01c8bbc""}]","[{""uri"": ""http://vocab.getty.edu/aat/300388277"", ""labels"": [{""id"": ""39e49408-de39-44db-a191-fe36a5f04cfc"", ""value"": ""English (language)"", ""language_id"": ""en"", ""list_item_id"": ""38729dbe-6d1c-48ce-bf47-e2a18945600e"", ""valuetype_id"": ""prefLabel""}], ""list_id"": ""f7fc4f6d-fd46-4881-846f-4a08bc1a3fef""}]"
388cfe08-5482-4dcd-af6c-baf6ef730ac1,36956e50-d770-11ef-8f5d-0275dc2ded29,166c7b56-b36e-4cfa-9dc0-7d232f147d69,1,ea30528f-f578-47f5-a04a-c083c4955ec3,"{""en"": {""value"": ""McCormick & Company, Inc."", ""direction"": ""ltr""}}","[{""uri"": ""http://vocab.getty.edu/aat/300404670"", ""labels"": [{""id"": ""b379db2b-3066-4a46-8e8d-f70ad539323e"", ""value"": ""preferred terms"", ""language_id"": ""en"", ""list_item_id"": ""5f400d39-3b6b-4b8a-939b-4e49787c7444"", ""valuetype_id"": ""prefLabel""}], ""list_id"": ""80028d07-9c98-48cf-84db-f77bc01c8bbc""}]","[{""uri"": ""http://vocab.getty.edu/aat/300388277"", ""labels"": [{""id"": ""39e49408-de39-44db-a191-fe36a5f04cfc"", ""value"": ""English (language)"", ""language_id"": ""en"", ""list_item_id"": ""38729dbe-6d1c-48ce-bf47-e2a18945600e"", ""valuetype_id"": ""prefLabel""}], ""list_id"": ""f7fc4f6d-fd46-4881-846f-4a08bc1a3fef""}]"
015a4dec-274a-443f-823f-ff97c4055a4b,36956e50-d770-11ef-8f5d-0275dc2ded29,166c7b56-b36e-4cfa-9dc0-7d232f147d69,1,daa4a8c3-9cde-4cbb-9e5b-611fe166be16,"{""en"": {""value"": ""A.B.C."", ""direction"": ""ltr""}}","[{""uri"": ""http://vocab.getty.edu/aat/300404670"", ""labels"": [{""id"": ""b379db2b-3066-4a46-8e8d-f70ad539323e"", ""value"": ""preferred terms"", ""language_id"": ""en"", ""list_item_id"": ""5f400d39-3b6b-4b8a-939b-4e49787c7444"", ""valuetype_id"": ""prefLabel""}], ""list_id"": ""80028d07-9c98-48cf-84db-f77bc01c8bbc""}]","[{""uri"": ""http://vocab.getty.edu/aat/300388277"", ""labels"": [{""id"": ""39e49408-de39-44db-a191-fe36a5f04cfc"", ""value"": ""English (language)"", ""language_id"": ""en"", ""list_item_id"": ""38729dbe-6d1c-48ce-bf47-e2a18945600e"", ""valuetype_id"": ""prefLabel""}], ""list_id"": ""f7fc4f6d-fd46-4881-846f-4a08bc1a3fef""}]"
4a3ca37a-fab9-4e48-9638-79a43f6f38d7,36956e50-d770-11ef-8f5d-0275dc2ded29,166c7b56-b36e-4cfa-9dc0-7d232f147d69,1,534dd1f9-d7b8-42e8-8293-5772ed948367,"{""en"": {""value"": ""ICI Americas, Inc. (Uniqema)"", ""direction"": ""ltr""}}","[{""uri"": ""http://vocab.getty.edu/aat/300404670"", ""labels"": [{""id"": ""b379db2b-3066-4a46-8e8d-f70ad539323e"", ""value"": ""preferred terms"", ""language_id"": ""en"", ""list_item_id"": ""5f400d39-3b6b-4b8a-939b-4e49787c7444"", ""valuetype_id"": ""prefLabel""}], ""list_id"": ""80028d07-9c98-48cf-84db-f77bc01c8bbc""}]","[{""uri"": ""http://vocab.getty.edu/aat/300388277"", ""labels"": [{""id"": ""39e49408-de39-44db-a191-fe36a5f04cfc"", ""value"": ""English (language)"", ""language_id"": ""en"", ""list_item_id"": ""38729dbe-6d1c-48ce-bf47-e2a18945600e"", ""valuetype_id"": ""prefLabel""}], ""list_id"": ""f7fc4f6d-fd46-4881-846f-4a08bc1a3fef""}]"
88ce94e6-e228-433a-a6b8-5a4dd2457a48,36956e50-d770-11ef-8f5d-0275dc2ded29,166c7b56-b36e-4cfa-9dc0-7d232f147d69,1,97af416d-987a-4870-9a58-a3186d2de5db,"{""en"": {""value"": ""Dakota Matrix Minerals"", ""direction"": ""ltr""}}","[{""uri"": ""http://vocab.getty.edu/aat/300404670"", ""labels"": [{""id"": ""b379db2b-3066-4a46-8e8d-f70ad539323e"", ""value"": ""preferred terms"", ""language_id"": ""en"", ""list_item_id"": ""5f400d39-3b6b-4b8a-939b-4e49787c7444"", ""valuetype_id"": ""prefLabel""}], ""list_id"": ""80028d07-9c98-48cf-84db-f77bc01c8bbc""}]","[{""uri"": ""http://vocab.getty.edu/aat/300388277"", ""labels"": [{""id"": ""39e49408-de39-44db-a191-fe36a5f04cfc"", ""value"": ""English (language)"", ""language_id"": ""en"", ""list_item_id"": ""38729dbe-6d1c-48ce-bf47-e2a18945600e"", ""valuetype_id"": ""prefLabel""}], ""list_id"": ""f7fc4f6d-fd46-4881-846f-4a08bc1a3fef""}]"
a8da30de-47f8-4087-93e9-47803f4f40d1,36956e50-d770-11ef-8f5d-0275dc2ded29,166c7b56-b36e-4cfa-9dc0-7d232f147d69,1,02368395-3ed3-4cd6-aceb-9fe383fd24b5,"{""en"": {""value"": ""Engelhard"", ""direction"": ""ltr""}}","[{""uri"": ""http://vocab.getty.edu/aat/300404670"", ""labels"": [{""id"": ""b379db2b-3066-4a46-8e8d-f70ad539323e"", ""value"": ""preferred terms"", ""language_id"": ""en"", ""list_item_id"": ""5f400d39-3b6b-4b8a-939b-4e49787c7444"", ""valuetype_id"": ""prefLabel""}], ""list_id"": ""80028d07-9c98-48cf-84db-f77bc01c8bbc""}]","[{""uri"": ""http://vocab.getty.edu/aat/300388277"", ""labels"": [{""id"": ""39e49408-de39-44db-a191-fe36a5f04cfc"", ""value"": ""English (language)"", ""language_id"": ""en"", ""list_item_id"": ""38729dbe-6d1c-48ce-bf47-e2a18945600e"", ""valuetype_id"": ""prefLabel""}], ""list_id"": ""f7fc4f6d-fd46-4881-846f-4a08bc1a3fef""}]"
06d1ca85-694d-47bf-b63b-fd3f25e3edd6,36956e50-d770-11ef-8f5d-0275dc2ded29,166c7b56-b36e-4cfa-9dc0-7d232f147d69,1,479eec08-0194-4f32-bd6f-d309155a19dd,"{""en"": {""value"": ""Bent Eshol, Royal Danish Academy of Fine Arts"", ""direction"": ""ltr""}}","[{""uri"": ""http://vocab.getty.edu/aat/300404670"", ""labels"": [{""id"": ""b379db2b-3066-4a46-8e8d-f70ad539323e"", ""value"": ""preferred terms"", ""language_id"": ""en"", ""list_item_id"": ""5f400d39-3b6b-4b8a-939b-4e49787c7444"", ""valuetype_id"": ""prefLabel""}], ""list_id"": ""80028d07-9c98-48cf-84db-f77bc01c8bbc""}]","[{""uri"": ""http://vocab.getty.edu/aat/300388277"", ""labels"": [{""id"": ""39e49408-de39-44db-a191-fe36a5f04cfc"", ""value"": ""English (language)"", ""language_id"": ""en"", ""list_item_id"": ""38729dbe-6d1c-48ce-bf47-e2a18945600e"", ""valuetype_id"": ""prefLabel""}], ""list_id"": ""f7fc4f6d-fd46-4881-846f-4a08bc1a3fef""}]"
2a968b13-d27a-401d-861f-a72e403cdd7d,36956e50-d770-11ef-8f5d-0275dc2ded29,166c7b56-b36e-4cfa-9dc0-7d232f147d69,1,5358022d-92d9-4c85-822a-ce2a87339faa,"{""en"": {""value"": ""J. Noble"", ""direction"": ""ltr""}}","[{""uri"": ""http://vocab.getty.edu/aat/300404670"", ""labels"": [{""id"": ""b379db2b-3066-4a46-8e8d-f70ad539323e"", ""value"": ""preferred terms"", ""language_id"": ""en"", ""list_item_id"": ""5f400d39-3b6b-4b8a-939b-4e49787c7444"", ""valuetype_id"": ""prefLabel""}], ""list_id"": ""80028d07-9c98-48cf-84db-f77bc01c8bbc""}]","[{""uri"": ""http://vocab.getty.edu/aat/300388277"", ""labels"": [{""id"": ""39e49408-de39-44db-a191-fe36a5f04cfc"", ""value"": ""English (language)"", ""language_id"": ""en"", ""list_item_id"": ""38729dbe-6d1c-48ce-bf47-e2a18945600e"", ""valuetype_id"": ""prefLabel""}], ""list_id"": ""f7fc4f6d-fd46-4881-846f-4a08bc1a3fef""}]"
83be9fd3-c2c1-4470-b6ba-f5aad604adb9,36956e50-d770-11ef-8f5d-0275dc2ded29,166c7b56-b36e-4cfa-9dc0-7d232f147d69,1,99e11d1e-1fa7-4327-a7f2-12cd46e2be6e,"{""en"": {""value"": ""Permutit Company, New York"", ""direction"": ""ltr""}}","[{""uri"": ""http://vocab.getty.edu/aat/300404670"", ""labels"": [{""id"": ""b379db2b-3066-4a46-8e8d-f70ad539323e"", ""value"": ""preferred terms"", ""language_id"": ""en"", ""list_item_id"": ""5f400d39-3b6b-4b8a-939b-4e49787c7444"", ""valuetype_id"": ""prefLabel""}], ""list_id"": ""80028d07-9c98-48cf-84db-f77bc01c8bbc""}]","[{""uri"": ""http://vocab.getty.edu/aat/300388277"", ""labels"": [{""id"": ""39e49408-de39-44db-a191-fe36a5f04cfc"", ""value"": ""English (language)"", ""language_id"": ""en"", ""list_item_id"": ""38729dbe-6d1c-48ce-bf47-e2a18945600e"", ""valuetype_id"": ""prefLabel""}], ""list_id"": ""f7fc4f6d-fd46-4881-846f-4a08bc1a3fef""}]"
c497361a-60d7-4c0e-8dfa-f36f02d47409,36956e50-d770-11ef-8f5d-0275dc2ded29,166c7b56-b36e-4cfa-9dc0-7d232f147d69,1,d1fc25db-03c6-423a-968d-32ea6410aa92,"{""en"": {""value"": ""Felsinea Colori"", ""direction"": ""ltr""}}","[{""uri"": ""http://vocab.getty.edu/aat/300404670"", ""labels"": [{""id"": ""b379db2b-3066-4a46-8e8d-f70ad539323e"", ""value"": ""preferred terms"", ""language_id"": ""en"", ""list_item_id"": ""5f400d39-3b6b-4b8a-939b-4e49787c7444"", ""valuetype_id"": ""prefLabel""}], ""list_id"": ""80028d07-9c98-48cf-84db-f77bc01c8bbc""}]","[{""uri"": ""http://vocab.getty.edu/aat/300388277"", ""labels"": [{""id"": ""39e49408-de39-44db-a191-fe36a5f04cfc"", ""value"": ""English (language)"", ""language_id"": ""en"", ""list_item_id"": ""38729dbe-6d1c-48ce-bf47-e2a18945600e"", ""valuetype_id"": ""prefLabel""}], ""list_id"": ""f7fc4f6d-fd46-4881-846f-4a08bc1a3fef""}]"
382e0a9d-2c30-4c82-9ebd-a039afacc4ce,36956e50-d770-11ef-8f5d-0275dc2ded29,166c7b56-b36e-4cfa-9dc0-7d232f147d69,1,d33273d2-2fe8-4161-b432-8ef3efb60b97,"{""en"": {""value"": ""Heng Produce"", ""direction"": ""ltr""}}","[{""uri"": ""http://vocab.getty.edu/aat/300404670"", ""labels"": [{""id"": ""b379db2b-3066-4a46-8e8d-f70ad539323e"", ""value"": ""preferred terms"", ""language_id"": ""en"", ""list_item_id"": ""5f400d39-3b6b-4b8a-939b-4e49787c7444"", ""valuetype_id"": ""prefLabel""}], ""list_id"": ""80028d07-9c98-48cf-84db-f77bc01c8bbc""}]","[{""uri"": ""http://vocab.getty.edu/aat/300388277"", ""labels"": [{""id"": ""39e49408-de39-44db-a191-fe36a5f04cfc"", ""value"": ""English (language)"", ""language_id"": ""en"", ""list_item_id"": ""38729dbe-6d1c-48ce-bf47-e2a18945600e"", ""valuetype_id"": ""prefLabel""}], ""list_id"": ""f7fc4f6d-fd46-4881-846f-4a08bc1a3fef""}]"
0a945dc1-2021-438a-8687-27ae7c9bf584,36956e50-d770-11ef-8f5d-0275dc2ded29,166c7b56-b36e-4cfa-9dc0-7d232f147d69,1,148d37f5-3f51-4e20-a098-9810c272e8d1,"{""en"": {""value"": ""New Dimensions Dist, AZ"", ""direction"": ""ltr""}}","[{""uri"": ""http://vocab.getty.edu/aat/300404670"", ""labels"": [{""id"": ""b379db2b-3066-4a46-8e8d-f70ad539323e"", ""value"": ""preferred terms"", ""language_id"": ""en"", ""list_item_id"": ""5f400d39-3b6b-4b8a-939b-4e49787c7444"", ""valuetype_id"": ""prefLabel""}], ""list_id"": ""80028d07-9c98-48cf-84db-f77bc01c8bbc""}]","[{""uri"": ""http://vocab.getty.edu/aat/300388277"", ""labels"": [{""id"": ""39e49408-de39-44db-a191-fe36a5f04cfc"", ""value"": ""English (language)"", ""language_id"": ""en"", ""list_item_id"": ""38729dbe-6d1c-48ce-bf47-e2a18945600e"", ""valuetype_id"": ""prefLabel""}], ""list_id"": ""f7fc4f6d-fd46-4881-846f-4a08bc1a3fef""}]"
d852ef52-1c57-4ccd-aea0-ab2873ccd41f,36956e50-d770-11ef-8f5d-0275dc2ded29,166c7b56-b36e-4cfa-9dc0-7d232f147d69,1,a97acb21-1076-4e3c-8bca-87b7d85725cc,"{""en"": {""value"": ""Le Franc & Bourgeois"", ""direction"": ""ltr""}}","[{""uri"": ""http://vocab.getty.edu/aat/300404670"", ""labels"": [{""id"": ""b379db2b-3066-4a46-8e8d-f70ad539323e"", ""value"": ""preferred terms"", ""language_id"": ""en"", ""list_item_id"": ""5f400d39-3b6b-4b8a-939b-4e49787c7444"", ""valuetype_id"": ""prefLabel""}], ""list_id"": ""80028d07-9c98-48cf-84db-f77bc01c8bbc""}]","[{""uri"": ""http://vocab.getty.edu/aat/300388277"", ""labels"": [{""id"": ""39e49408-de39-44db-a191-fe36a5f04cfc"", ""value"": ""English (language)"", ""language_id"": ""en"", ""list_item_id"": ""38729dbe-6d1c-48ce-bf47-e2a18945600e"", ""valuetype_id"": ""prefLabel""}], ""list_id"": ""f7fc4f6d-fd46-4881-846f-4a08bc1a3fef""}]"
e3bc0e8e-bd36-4f0c-b61a-636ced50528e,36956e50-d770-11ef-8f5d-0275dc2ded29,166c7b56-b36e-4cfa-9dc0-7d232f147d69,1,bf4eb087-6bd2-4bfc-a285-a2b5857fd6f9,"{""en"": {""value"": ""BeeCee Honey Co."", ""direction"": ""ltr""}}","[{""uri"": ""http://vocab.getty.edu/aat/300404670"", ""labels"": [{""id"": ""b379db2b-3066-4a46-8e8d-f70ad539323e"", ""value"": ""preferred terms"", ""language_id"": ""en"", ""list_item_id"": ""5f400d39-3b6b-4b8a-939b-4e49787c7444"", ""valuetype_id"": ""prefLabel""}], ""list_id"": ""80028d07-9c98-48cf-84db-f77bc01c8bbc""}]","[{""uri"": ""http://vocab.getty.edu/aat/300388277"", ""labels"": [{""id"": ""39e49408-de39-44db-a191-fe36a5f04cfc"", ""value"": ""English (language)"", ""language_id"": ""en"", ""list_item_id"": ""38729dbe-6d1c-48ce-bf47-e2a18945600e"", ""valuetype_id"": ""prefLabel""}], ""list_id"": ""f7fc4f6d-fd46-4881-846f-4a08bc1a3fef""}]"
d0cb8e19-c5a5-4e29-8248-9e9d2272f741,36956e50-d770-11ef-8f5d-0275dc2ded29,166c7b56-b36e-4cfa-9dc0-7d232f147d69,1,26abc27d-ab5d-4187-8a7b-caaf411b7ebd,"{""en"": {""value"": ""Johannes & Co. (Private) Ltd."", ""direction"": ""ltr""}}","[{""uri"": ""http://vocab.getty.edu/aat/300404670"", ""labels"": [{""id"": ""b379db2b-3066-4a46-8e8d-f70ad539323e"", ""value"": ""preferred terms"", ""language_id"": ""en"", ""list_item_id"": ""5f400d39-3b6b-4b8a-939b-4e49787c7444"", ""valuetype_id"": ""prefLabel""}], ""list_id"": ""80028d07-9c98-48cf-84db-f77bc01c8bbc""}]","[{""uri"": ""http://vocab.getty.edu/aat/300388277"", ""labels"": [{""id"": ""39e49408-de39-44db-a191-fe36a5f04cfc"", ""value"": ""English (language)"", ""language_id"": ""en"", ""list_item_id"": ""38729dbe-6d1c-48ce-bf47-e2a18945600e"", ""valuetype_id"": ""prefLabel""}], ""list_id"": ""f7fc4f6d-fd46-4881-846f-4a08bc1a3fef""}]"
ad4983c6-4c20-435f-8b4e-40bcfb25225a,36956e50-d770-11ef-8f5d-0275dc2ded29,166c7b56-b36e-4cfa-9dc0-7d232f147d69,1,d3a3ff2b-28a3-473c-b77e-81506b82b734,"{""en"": {""value"": ""Jethabhai Hirji & Company"", ""direction"": ""ltr""}}","[{""uri"": ""http://vocab.getty.edu/aat/300404670"", ""labels"": [{""id"": ""b379db2b-3066-4a46-8e8d-f70ad539323e"", ""value"": ""preferred terms"", ""language_id"": ""en"", ""list_item_id"": ""5f400d39-3b6b-4b8a-939b-4e49787c7444"", ""valuetype_id"": ""prefLabel""}], ""list_id"": ""80028d07-9c98-48cf-84db-f77bc01c8bbc""}]","[{""uri"": ""http://vocab.getty.edu/aat/300388277"", ""labels"": [{""id"": ""39e49408-de39-44db-a191-fe36a5f04cfc"", ""value"": ""English (language)"", ""language_id"": ""en"", ""list_item_id"": ""38729dbe-6d1c-48ce-bf47-e2a18945600e"", ""valuetype_id"": ""prefLabel""}], ""list_id"": ""f7fc4f6d-fd46-4881-846f-4a08bc1a3fef""}]"
aa2e4de7-0a6d-4bd8-8a56-70ab38176408,36956e50-d770-11ef-8f5d-0275dc2ded29,166c7b56-b36e-4cfa-9dc0-7d232f147d69,1,2164a7a9-9cc0-4bbd-a229-e2e7649dd396,"{""en"": {""value"": ""Ferrania Imaging Technologies"", ""direction"": ""ltr""}}","[{""uri"": ""http://vocab.getty.edu/aat/300404670"", ""labels"": [{""id"": ""b379db2b-3066-4a46-8e8d-f70ad539323e"", ""value"": ""preferred terms"", ""language_id"": ""en"", ""list_item_id"": ""5f400d39-3b6b-4b8a-939b-4e49787c7444"", ""valuetype_id"": ""prefLabel""}], ""list_id"": ""80028d07-9c98-48cf-84db-f77bc01c8bbc""}]","[{""uri"": ""http://vocab.getty.edu/aat/300388277"", ""labels"": [{""id"": ""39e49408-de39-44db-a191-fe36a5f04cfc"", ""value"": ""English (language)"", ""language_id"": ""en"", ""list_item_id"": ""38729dbe-6d1c-48ce-bf47-e2a18945600e"", ""valuetype_id"": ""prefLabel""}], ""list_id"": ""f7fc4f6d-fd46-4881-846f-4a08bc1a3fef""}]"
6de1d347-911b-422d-a2a0-c01811d7d85f,36956e50-d770-11ef-8f5d-0275dc2ded29,166c7b56-b36e-4cfa-9dc0-7d232f147d69,1,7e9e5077-3443-455d-b601-49e4c02de3d8,"{""en"": {""value"": ""Wacofin / Heinrich Wagner"", ""direction"": ""ltr""}}","[{""uri"": ""http://vocab.getty.edu/aat/300404670"", ""labels"": [{""id"": ""b379db2b-3066-4a46-8e8d-f70ad539323e"", ""value"": ""preferred terms"", ""language_id"": ""en"", ""list_item_id"": ""5f400d39-3b6b-4b8a-939b-4e49787c7444"", ""valuetype_id"": ""prefLabel""}], ""list_id"": ""80028d07-9c98-48cf-84db-f77bc01c8bbc""}]","[{""uri"": ""http://vocab.getty.edu/aat/300388277"", ""labels"": [{""id"": ""39e49408-de39-44db-a191-fe36a5f04cfc"", ""value"": ""English (language)"", ""language_id"": ""en"", ""list_item_id"": ""38729dbe-6d1c-48ce-bf47-e2a18945600e"", ""valuetype_id"": ""prefLabel""}], ""list_id"": ""f7fc4f6d-fd46-4881-846f-4a08bc1a3fef""}]"
77fa5f48-7278-4b26-8c0a-d2969d9a72e8,36956e50-d770-11ef-8f5d-0275dc2ded29,166c7b56-b36e-4cfa-9dc0-7d232f147d69,1,20fe11c8-7d80-4b6b-af57-8041be8c3a61,"{""en"": {""value"": ""Lascaux"", ""direction"": ""ltr""}}","[{""uri"": ""http://vocab.getty.edu/aat/300404670"", ""labels"": [{""id"": ""b379db2b-3066-4a46-8e8d-f70ad539323e"", ""value"": ""preferred terms"", ""language_id"": ""en"", ""list_item_id"": ""5f400d39-3b6b-4b8a-939b-4e49787c7444"", ""valuetype_id"": ""prefLabel""}], ""list_id"": ""80028d07-9c98-48cf-84db-f77bc01c8bbc""}]","[{""uri"": ""http://vocab.getty.edu/aat/300388277"", ""labels"": [{""id"": ""39e49408-de39-44db-a191-fe36a5f04cfc"", ""value"": ""English (language)"", ""language_id"": ""en"", ""list_item_id"": ""38729dbe-6d1c-48ce-bf47-e2a18945600e"", ""valuetype_id"": ""prefLabel""}], ""list_id"": ""f7fc4f6d-fd46-4881-846f-4a08bc1a3fef""}]"
c79c58aa-c45d-4426-882a-f383a6ece87b,36956e50-d770-11ef-8f5d-0275dc2ded29,166c7b56-b36e-4cfa-9dc0-7d232f147d69,1,cd199b37-7eb1-4fa1-98fb-0ea63a4bbb07,"{""en"": {""value"": ""RAINPEG"", ""direction"": ""ltr""}}","[{""uri"": ""http://vocab.getty.edu/aat/300404670"", ""labels"": [{""id"": ""b379db2b-3066-4a46-8e8d-f70ad539323e"", ""value"": ""preferred terms"", ""language_id"": ""en"", ""list_item_id"": ""5f400d39-3b6b-4b8a-939b-4e49787c7444"", ""valuetype_id"": ""prefLabel""}], ""list_id"": ""80028d07-9c98-48cf-84db-f77bc01c8bbc""}]","[{""uri"": ""http://vocab.getty.edu/aat/300388277"", ""labels"": [{""id"": ""39e49408-de39-44db-a191-fe36a5f04cfc"", ""value"": ""English (language)"", ""language_id"": ""en"", ""list_item_id"": ""38729dbe-6d1c-48ce-bf47-e2a18945600e"", ""valuetype_id"": ""prefLabel""}], ""list_id"": ""f7fc4f6d-fd46-4881-846f-4a08bc1a3fef""}]"
e58473b5-4209-4c4b-87d3-64bc63a5fbf6,36956e50-d770-11ef-8f5d-0275dc2ded29,166c7b56-b36e-4cfa-9dc0-7d232f147d69,1,8f0a055e-7bff-4675-920f-ccb6a63bcf11,"{""en"": {""value"": ""Salis International, Inc."", ""direction"": ""ltr""}}","[{""uri"": ""http://vocab.getty.edu/aat/300404670"", ""labels"": [{""id"": ""b379db2b-3066-4a46-8e8d-f70ad539323e"", ""value"": ""preferred terms"", ""language_id"": ""en"", ""list_item_id"": ""5f400d39-3b6b-4b8a-939b-4e49787c7444"", ""valuetype_id"": ""prefLabel""}], ""list_id"": ""80028d07-9c98-48cf-84db-f77bc01c8bbc""}]","[{""uri"": ""http://vocab.getty.edu/aat/300388277"", ""labels"": [{""id"": ""39e49408-de39-44db-a191-fe36a5f04cfc"", ""value"": ""English (language)"", ""language_id"": ""en"", ""list_item_id"": ""38729dbe-6d1c-48ce-bf47-e2a18945600e"", ""valuetype_id"": ""prefLabel""}], ""list_id"": ""f7fc4f6d-fd46-4881-846f-4a08bc1a3fef""}]"
461c3041-9681-415b-b35c-524247a69b77,36956e50-d770-11ef-8f5d-0275dc2ded29,166c7b56-b36e-4cfa-9dc0-7d232f147d69,1,2deb9083-7278-4765-8438-3c4bf8a4c5d3,"{""en"": {""value"": ""Agfa Photo"", ""direction"": ""ltr""}}","[{""uri"": ""http://vocab.getty.edu/aat/300404670"", ""labels"": [{""id"": ""b379db2b-3066-4a46-8e8d-f70ad539323e"", ""value"": ""preferred terms"", ""language_id"": ""en"", ""list_item_id"": ""5f400d39-3b6b-4b8a-939b-4e49787c7444"", ""valuetype_id"": ""prefLabel""}], ""list_id"": ""80028d07-9c98-48cf-84db-f77bc01c8bbc""}]","[{""uri"": ""http://vocab.getty.edu/aat/300388277"", ""labels"": [{""id"": ""39e49408-de39-44db-a191-fe36a5f04cfc"", ""value"": ""English (language)"", ""language_id"": ""en"", ""list_item_id"": ""38729dbe-6d1c-48ce-bf47-e2a18945600e"", ""valuetype_id"": ""prefLabel""}], ""list_id"": ""f7fc4f6d-fd46-4881-846f-4a08bc1a3fef""}]"
ba6ddc23-dd24-4162-a5a2-32afda5654f0,36956e50-d770-11ef-8f5d-0275dc2ded29,166c7b56-b36e-4cfa-9dc0-7d232f147d69,1,77fb7dde-de19-449f-9c56-d484485af57c,"{""en"": {""value"": ""World Timbers"", ""direction"": ""ltr""}}","[{""uri"": ""http://vocab.getty.edu/aat/300404670"", ""labels"": [{""id"": ""b379db2b-3066-4a46-8e8d-f70ad539323e"", ""value"": ""preferred terms"", ""language_id"": ""en"", ""list_item_id"": ""5f400d39-3b6b-4b8a-939b-4e49787c7444"", ""valuetype_id"": ""prefLabel""}], ""list_id"": ""80028d07-9c98-48cf-84db-f77bc01c8bbc""}]","[{""uri"": ""http://vocab.getty.edu/aat/300388277"", ""labels"": [{""id"": ""39e49408-de39-44db-a191-fe36a5f04cfc"", ""value"": ""English (language)"", ""language_id"": ""en"", ""list_item_id"": ""38729dbe-6d1c-48ce-bf47-e2a18945600e"", ""valuetype_id"": ""prefLabel""}], ""list_id"": ""f7fc4f6d-fd46-4881-846f-4a08bc1a3fef""}]"
7de2cc98-6682-43ae-b594-62dbbba684d5,36956e50-d770-11ef-8f5d-0275dc2ded29,166c7b56-b36e-4cfa-9dc0-7d232f147d69,1,58d1338c-d290-4c83-8429-18a5eaca63f2,"{""en"": {""value"": ""S (Chinese)"", ""direction"": ""ltr""}}","[{""uri"": ""http://vocab.getty.edu/aat/300404670"", ""labels"": [{""id"": ""b379db2b-3066-4a46-8e8d-f70ad539323e"", ""value"": ""preferred terms"", ""language_id"": ""en"", ""list_item_id"": ""5f400d39-3b6b-4b8a-939b-4e49787c7444"", ""valuetype_id"": ""prefLabel""}], ""list_id"": ""80028d07-9c98-48cf-84db-f77bc01c8bbc""}]","[{""uri"": ""http://vocab.getty.edu/aat/300388277"", ""labels"": [{""id"": ""39e49408-de39-44db-a191-fe36a5f04cfc"", ""value"": ""English (language)"", ""language_id"": ""en"", ""list_item_id"": ""38729dbe-6d1c-48ce-bf47-e2a18945600e"", ""valuetype_id"": ""prefLabel""}], ""list_id"": ""f7fc4f6d-fd46-4881-846f-4a08bc1a3fef""}]"
84c8f26e-1ee7-435a-afef-3482ee417735,36956e50-d770-11ef-8f5d-0275dc2ded29,166c7b56-b36e-4cfa-9dc0-7d232f147d69,1,d536405b-c723-4b05-94e1-3e93c692735d,"{""en"": {""value"": ""Face to Face Gallery, Beijing"", ""direction"": ""ltr""}}","[{""uri"": ""http://vocab.getty.edu/aat/300404670"", ""labels"": [{""id"": ""b379db2b-3066-4a46-8e8d-f70ad539323e"", ""value"": ""preferred terms"", ""language_id"": ""en"", ""list_item_id"": ""5f400d39-3b6b-4b8a-939b-4e49787c7444"", ""valuetype_id"": ""prefLabel""}], ""list_id"": ""80028d07-9c98-48cf-84db-f77bc01c8bbc""}]","[{""uri"": ""http://vocab.getty.edu/aat/300388277"", ""labels"": [{""id"": ""39e49408-de39-44db-a191-fe36a5f04cfc"", ""value"": ""English (language)"", ""language_id"": ""en"", ""list_item_id"": ""38729dbe-6d1c-48ce-bf47-e2a18945600e"", ""valuetype_id"": ""prefLabel""}], ""list_id"": ""f7fc4f6d-fd46-4881-846f-4a08bc1a3fef""}]"
388e2585-ae07-48c6-af78-a21ff75cd02d,36956e50-d770-11ef-8f5d-0275dc2ded29,166c7b56-b36e-4cfa-9dc0-7d232f147d69,1,ff1541c0-5fbd-4135-8247-1aed7c6a9165,"{""en"": {""value"": ""P A Hodges"", ""direction"": ""ltr""}}","[{""uri"": ""http://vocab.getty.edu/aat/300404670"", ""labels"": [{""id"": ""b379db2b-3066-4a46-8e8d-f70ad539323e"", ""value"": ""preferred terms"", ""language_id"": ""en"", ""list_item_id"": ""5f400d39-3b6b-4b8a-939b-4e49787c7444"", ""valuetype_id"": ""prefLabel""}], ""list_id"": ""80028d07-9c98-48cf-84db-f77bc01c8bbc""}]","[{""uri"": ""http://vocab.getty.edu/aat/300388277"", ""labels"": [{""id"": ""39e49408-de39-44db-a191-fe36a5f04cfc"", ""value"": ""English (language)"", ""language_id"": ""en"", ""list_item_id"": ""38729dbe-6d1c-48ce-bf47-e2a18945600e"", ""valuetype_id"": ""prefLabel""}], ""list_id"": ""f7fc4f6d-fd46-4881-846f-4a08bc1a3fef""}]"
896845ac-5b4d-490d-97c0-21ad31343821,36956e50-d770-11ef-8f5d-0275dc2ded29,166c7b56-b36e-4cfa-9dc0-7d232f147d69,1,c1bd1c4a-d690-458c-8f81-e50795bd3e66,"{""en"": {""value"": ""Cappelle"", ""direction"": ""ltr""}}","[{""uri"": ""http://vocab.getty.edu/aat/300404670"", ""labels"": [{""id"": ""b379db2b-3066-4a46-8e8d-f70ad539323e"", ""value"": ""preferred terms"", ""language_id"": ""en"", ""list_item_id"": ""5f400d39-3b6b-4b8a-939b-4e49787c7444"", ""valuetype_id"": ""prefLabel""}], ""list_id"": ""80028d07-9c98-48cf-84db-f77bc01c8bbc""}]","[{""uri"": ""http://vocab.getty.edu/aat/300388277"", ""labels"": [{""id"": ""39e49408-de39-44db-a191-fe36a5f04cfc"", ""value"": ""English (language)"", ""language_id"": ""en"", ""list_item_id"": ""38729dbe-6d1c-48ce-bf47-e2a18945600e"", ""valuetype_id"": ""prefLabel""}], ""list_id"": ""f7fc4f6d-fd46-4881-846f-4a08bc1a3fef""}]"
e9954005-8413-4566-a71d-a5df9f088133,36956e50-d770-11ef-8f5d-0275dc2ded29,166c7b56-b36e-4cfa-9dc0-7d232f147d69,1,f1c07e4c-4914-4350-8502-acdbae3985c1,"{""en"": {""value"": ""Standard Brands"", ""direction"": ""ltr""}}","[{""uri"": ""http://vocab.getty.edu/aat/300404670"", ""labels"": [{""id"": ""b379db2b-3066-4a46-8e8d-f70ad539323e"", ""value"": ""preferred terms"", ""language_id"": ""en"", ""list_item_id"": ""5f400d39-3b6b-4b8a-939b-4e49787c7444"", ""valuetype_id"": ""prefLabel""}], ""list_id"": ""80028d07-9c98-48cf-84db-f77bc01c8bbc""}]","[{""uri"": ""http://vocab.getty.edu/aat/300388277"", ""labels"": [{""id"": ""39e49408-de39-44db-a191-fe36a5f04cfc"", ""value"": ""English (language)"", ""language_id"": ""en"", ""list_item_id"": ""38729dbe-6d1c-48ce-bf47-e2a18945600e"", ""valuetype_id"": ""prefLabel""}], ""list_id"": ""f7fc4f6d-fd46-4881-846f-4a08bc1a3fef""}]"
5e8c676d-83de-4f5d-a1ad-196e1ce61afa,36956e50-d770-11ef-8f5d-0275dc2ded29,166c7b56-b36e-4cfa-9dc0-7d232f147d69,1,d9c49542-8e3e-4a57-a000-81c4f172b9cd,"{""en"": {""value"": ""Maimeri"", ""direction"": ""ltr""}}","[{""uri"": ""http://vocab.getty.edu/aat/300404670"", ""labels"": [{""id"": ""b379db2b-3066-4a46-8e8d-f70ad539323e"", ""value"": ""preferred terms"", ""language_id"": ""en"", ""list_item_id"": ""5f400d39-3b6b-4b8a-939b-4e49787c7444"", ""valuetype_id"": ""prefLabel""}], ""list_id"": ""80028d07-9c98-48cf-84db-f77bc01c8bbc""}]","[{""uri"": ""http://vocab.getty.edu/aat/300388277"", ""labels"": [{""id"": ""39e49408-de39-44db-a191-fe36a5f04cfc"", ""value"": ""English (language)"", ""language_id"": ""en"", ""list_item_id"": ""38729dbe-6d1c-48ce-bf47-e2a18945600e"", ""valuetype_id"": ""prefLabel""}], ""list_id"": ""f7fc4f6d-fd46-4881-846f-4a08bc1a3fef""}]"
e14a5857-1f31-4299-8348-be1e02c6238a,36956e50-d770-11ef-8f5d-0275dc2ded29,166c7b56-b36e-4cfa-9dc0-7d232f147d69,1,0105d87f-5b2a-4e05-9788-3929cb91d5ec,"{""en"": {""value"": ""Loriva"", ""direction"": ""ltr""}}","[{""uri"": ""http://vocab.getty.edu/aat/300404670"", ""labels"": [{""id"": ""b379db2b-3066-4a46-8e8d-f70ad539323e"", ""value"": ""preferred terms"", ""language_id"": ""en"", ""list_item_id"": ""5f400d39-3b6b-4b8a-939b-4e49787c7444"", ""valuetype_id"": ""prefLabel""}], ""list_id"": ""80028d07-9c98-48cf-84db-f77bc01c8bbc""}]","[{""uri"": ""http://vocab.getty.edu/aat/300388277"", ""labels"": [{""id"": ""39e49408-de39-44db-a191-fe36a5f04cfc"", ""value"": ""English (language)"", ""language_id"": ""en"", ""list_item_id"": ""38729dbe-6d1c-48ce-bf47-e2a18945600e"", ""valuetype_id"": ""prefLabel""}], ""list_id"": ""f7fc4f6d-fd46-4881-846f-4a08bc1a3fef""}]"
8ab97d72-b278-4318-9889-ad941a7ec7fc,36956e50-d770-11ef-8f5d-0275dc2ded29,166c7b56-b36e-4cfa-9dc0-7d232f147d69,1,e6549a0c-9c05-4c50-a944-14f1ea7646f2,"{""en"": {""value"": ""Pallares Hermanos S.A.; (Imported by Schroeder Bros of CA)"", ""direction"": ""ltr""}}","[{""uri"": ""http://vocab.getty.edu/aat/300404670"", ""labels"": [{""id"": ""b379db2b-3066-4a46-8e8d-f70ad539323e"", ""value"": ""preferred terms"", ""language_id"": ""en"", ""list_item_id"": ""5f400d39-3b6b-4b8a-939b-4e49787c7444"", ""valuetype_id"": ""prefLabel""}], ""list_id"": ""80028d07-9c98-48cf-84db-f77bc01c8bbc""}]","[{""uri"": ""http://vocab.getty.edu/aat/300388277"", ""labels"": [{""id"": ""39e49408-de39-44db-a191-fe36a5f04cfc"", ""value"": ""English (language)"", ""language_id"": ""en"", ""list_item_id"": ""38729dbe-6d1c-48ce-bf47-e2a18945600e"", ""valuetype_id"": ""prefLabel""}], ""list_id"": ""f7fc4f6d-fd46-4881-846f-4a08bc1a3fef""}]"
9de01eed-4af8-4dce-947b-4b53152d35f8,36956e50-d770-11ef-8f5d-0275dc2ded29,166c7b56-b36e-4cfa-9dc0-7d232f147d69,1,32beeea1-2baf-4aba-9066-fe12b6816d98,"{""en"": {""value"": ""Americana Goods returned"", ""direction"": ""ltr""}}","[{""uri"": ""http://vocab.getty.edu/aat/300404670"", ""labels"": [{""id"": ""b379db2b-3066-4a46-8e8d-f70ad539323e"", ""value"": ""preferred terms"", ""language_id"": ""en"", ""list_item_id"": ""5f400d39-3b6b-4b8a-939b-4e49787c7444"", ""valuetype_id"": ""prefLabel""}], ""list_id"": ""80028d07-9c98-48cf-84db-f77bc01c8bbc""}]","[{""uri"": ""http://vocab.getty.edu/aat/300388277"", ""labels"": [{""id"": ""39e49408-de39-44db-a191-fe36a5f04cfc"", ""value"": ""English (language)"", ""language_id"": ""en"", ""list_item_id"": ""38729dbe-6d1c-48ce-bf47-e2a18945600e"", ""valuetype_id"": ""prefLabel""}], ""list_id"": ""f7fc4f6d-fd46-4881-846f-4a08bc1a3fef""}]"
6c3d2961-3e41-4e4f-816e-e512328894bb,36956e50-d770-11ef-8f5d-0275dc2ded29,166c7b56-b36e-4cfa-9dc0-7d232f147d69,1,197f04b3-4cd6-43b7-997a-e226f9bf8c09,"{""en"": {""value"": ""Usine Mathieu"", ""direction"": ""ltr""}}","[{""uri"": ""http://vocab.getty.edu/aat/300404670"", ""labels"": [{""id"": ""b379db2b-3066-4a46-8e8d-f70ad539323e"", ""value"": ""preferred terms"", ""language_id"": ""en"", ""list_item_id"": ""5f400d39-3b6b-4b8a-939b-4e49787c7444"", ""valuetype_id"": ""prefLabel""}], ""list_id"": ""80028d07-9c98-48cf-84db-f77bc01c8bbc""}]","[{""uri"": ""http://vocab.getty.edu/aat/300388277"", ""labels"": [{""id"": ""39e49408-de39-44db-a191-fe36a5f04cfc"", ""value"": ""English (language)"", ""language_id"": ""en"", ""list_item_id"": ""38729dbe-6d1c-48ce-bf47-e2a18945600e"", ""valuetype_id"": ""prefLabel""}], ""list_id"": ""f7fc4f6d-fd46-4881-846f-4a08bc1a3fef""}]"
8204d7db-b446-4d93-b3e3-fef49040d473,36956e50-d770-11ef-8f5d-0275dc2ded29,166c7b56-b36e-4cfa-9dc0-7d232f147d69,1,ad46348c-9b56-41d8-a83b-e007ce7a85b0,"{""en"": {""value"": ""Ilford"", ""direction"": ""ltr""}}","[{""uri"": ""http://vocab.getty.edu/aat/300404670"", ""labels"": [{""id"": ""b379db2b-3066-4a46-8e8d-f70ad539323e"", ""value"": ""preferred terms"", ""language_id"": ""en"", ""list_item_id"": ""5f400d39-3b6b-4b8a-939b-4e49787c7444"", ""valuetype_id"": ""prefLabel""}], ""list_id"": ""80028d07-9c98-48cf-84db-f77bc01c8bbc""}]","[{""uri"": ""http://vocab.getty.edu/aat/300388277"", ""labels"": [{""id"": ""39e49408-de39-44db-a191-fe36a5f04cfc"", ""value"": ""English (language)"", ""language_id"": ""en"", ""list_item_id"": ""38729dbe-6d1c-48ce-bf47-e2a18945600e"", ""valuetype_id"": ""prefLabel""}], ""list_id"": ""f7fc4f6d-fd46-4881-846f-4a08bc1a3fef""}]"
86eee1be-4521-4177-a229-46d6ea777953,36956e50-d770-11ef-8f5d-0275dc2ded29,166c7b56-b36e-4cfa-9dc0-7d232f147d69,1,90907ed9-5e19-4461-af92-951f724de5fd,"{""en"": {""value"": ""Walgreen Co."", ""direction"": ""ltr""}}","[{""uri"": ""http://vocab.getty.edu/aat/300404670"", ""labels"": [{""id"": ""b379db2b-3066-4a46-8e8d-f70ad539323e"", ""value"": ""preferred terms"", ""language_id"": ""en"", ""list_item_id"": ""5f400d39-3b6b-4b8a-939b-4e49787c7444"", ""valuetype_id"": ""prefLabel""}], ""list_id"": ""80028d07-9c98-48cf-84db-f77bc01c8bbc""}]","[{""uri"": ""http://vocab.getty.edu/aat/300388277"", ""labels"": [{""id"": ""39e49408-de39-44db-a191-fe36a5f04cfc"", ""value"": ""English (language)"", ""language_id"": ""en"", ""list_item_id"": ""38729dbe-6d1c-48ce-bf47-e2a18945600e"", ""valuetype_id"": ""prefLabel""}], ""list_id"": ""f7fc4f6d-fd46-4881-846f-4a08bc1a3fef""}]"
736e9de1-93bb-4daf-badc-3655a798dac5,36956e50-d770-11ef-8f5d-0275dc2ded29,166c7b56-b36e-4cfa-9dc0-7d232f147d69,1,dabac808-e238-4e8e-bc63-8f70175db400,"{""en"": {""value"": ""Kono"", ""direction"": ""ltr""}}","[{""uri"": ""http://vocab.getty.edu/aat/300404670"", ""labels"": [{""id"": ""b379db2b-3066-4a46-8e8d-f70ad539323e"", ""value"": ""preferred terms"", ""language_id"": ""en"", ""list_item_id"": ""5f400d39-3b6b-4b8a-939b-4e49787c7444"", ""valuetype_id"": ""prefLabel""}], ""list_id"": ""80028d07-9c98-48cf-84db-f77bc01c8bbc""}]","[{""uri"": ""http://vocab.getty.edu/aat/300388277"", ""labels"": [{""id"": ""39e49408-de39-44db-a191-fe36a5f04cfc"", ""value"": ""English (language)"", ""language_id"": ""en"", ""list_item_id"": ""38729dbe-6d1c-48ce-bf47-e2a18945600e"", ""valuetype_id"": ""prefLabel""}], ""list_id"": ""f7fc4f6d-fd46-4881-846f-4a08bc1a3fef""}]"
54ba81d2-c7ee-44b8-9e1c-d72b1559c950,36956e50-d770-11ef-8f5d-0275dc2ded29,166c7b56-b36e-4cfa-9dc0-7d232f147d69,1,ab508a3e-b2f1-4121-bbea-d1df7a8a2e18,"{""en"": {""value"": ""Aldrich Chemical Company"", ""direction"": ""ltr""}}","[{""uri"": ""http://vocab.getty.edu/aat/300404670"", ""labels"": [{""id"": ""b379db2b-3066-4a46-8e8d-f70ad539323e"", ""value"": ""preferred terms"", ""language_id"": ""en"", ""list_item_id"": ""5f400d39-3b6b-4b8a-939b-4e49787c7444"", ""valuetype_id"": ""prefLabel""}], ""list_id"": ""80028d07-9c98-48cf-84db-f77bc01c8bbc""}]","[{""uri"": ""http://vocab.getty.edu/aat/300388277"", ""labels"": [{""id"": ""39e49408-de39-44db-a191-fe36a5f04cfc"", ""value"": ""English (language)"", ""language_id"": ""en"", ""list_item_id"": ""38729dbe-6d1c-48ce-bf47-e2a18945600e"", ""valuetype_id"": ""prefLabel""}], ""list_id"": ""f7fc4f6d-fd46-4881-846f-4a08bc1a3fef""}]"
76be1918-1445-4199-8567-b4c5f9b6de48,36956e50-d770-11ef-8f5d-0275dc2ded29,166c7b56-b36e-4cfa-9dc0-7d232f147d69,1,8aa58f1b-e70d-415d-9190-8b24d7a621e2,"{""en"": {""value"": ""Asahi"", ""direction"": ""ltr""}}","[{""uri"": ""http://vocab.getty.edu/aat/300404670"", ""labels"": [{""id"": ""b379db2b-3066-4a46-8e8d-f70ad539323e"", ""value"": ""preferred terms"", ""language_id"": ""en"", ""list_item_id"": ""5f400d39-3b6b-4b8a-939b-4e49787c7444"", ""valuetype_id"": ""prefLabel""}], ""list_id"": ""80028d07-9c98-48cf-84db-f77bc01c8bbc""}]","[{""uri"": ""http://vocab.getty.edu/aat/300388277"", ""labels"": [{""id"": ""39e49408-de39-44db-a191-fe36a5f04cfc"", ""value"": ""English (language)"", ""language_id"": ""en"", ""list_item_id"": ""38729dbe-6d1c-48ce-bf47-e2a18945600e"", ""valuetype_id"": ""prefLabel""}], ""list_id"": ""f7fc4f6d-fd46-4881-846f-4a08bc1a3fef""}]"
9e140a87-a248-4ca0-a855-865934d28195,36956e50-d770-11ef-8f5d-0275dc2ded29,166c7b56-b36e-4cfa-9dc0-7d232f147d69,1,4fae0460-1c36-4263-b498-5d126c8f4641,"{""en"": {""value"": ""HY Pigments"", ""direction"": ""ltr""}}","[{""uri"": ""http://vocab.getty.edu/aat/300404670"", ""labels"": [{""id"": ""b379db2b-3066-4a46-8e8d-f70ad539323e"", ""value"": ""preferred terms"", ""language_id"": ""en"", ""list_item_id"": ""5f400d39-3b6b-4b8a-939b-4e49787c7444"", ""valuetype_id"": ""prefLabel""}], ""list_id"": ""80028d07-9c98-48cf-84db-f77bc01c8bbc""}]","[{""uri"": ""http://vocab.getty.edu/aat/300388277"", ""labels"": [{""id"": ""39e49408-de39-44db-a191-fe36a5f04cfc"", ""value"": ""English (language)"", ""language_id"": ""en"", ""list_item_id"": ""38729dbe-6d1c-48ce-bf47-e2a18945600e"", ""valuetype_id"": ""prefLabel""}], ""list_id"": ""f7fc4f6d-fd46-4881-846f-4a08bc1a3fef""}]"
7e6a8f13-ce02-4b38-99a2-6b6867af8893,36956e50-d770-11ef-8f5d-0275dc2ded29,166c7b56-b36e-4cfa-9dc0-7d232f147d69,1,4ef77864-1179-4001-bdff-fefa2123ab78,"{""en"": {""value"": ""Glyco Products Company"", ""direction"": ""ltr""}}","[{""uri"": ""http://vocab.getty.edu/aat/300404670"", ""labels"": [{""id"": ""b379db2b-3066-4a46-8e8d-f70ad539323e"", ""value"": ""preferred terms"", ""language_id"": ""en"", ""list_item_id"": ""5f400d39-3b6b-4b8a-939b-4e49787c7444"", ""valuetype_id"": ""prefLabel""}], ""list_id"": ""80028d07-9c98-48cf-84db-f77bc01c8bbc""}]","[{""uri"": ""http://vocab.getty.edu/aat/300388277"", ""labels"": [{""id"": ""39e49408-de39-44db-a191-fe36a5f04cfc"", ""value"": ""English (language)"", ""language_id"": ""en"", ""list_item_id"": ""38729dbe-6d1c-48ce-bf47-e2a18945600e"", ""valuetype_id"": ""prefLabel""}], ""list_id"": ""f7fc4f6d-fd46-4881-846f-4a08bc1a3fef""}]"
bbe752bc-9482-482f-adc2-715c4a45ea18,36956e50-d770-11ef-8f5d-0275dc2ded29,166c7b56-b36e-4cfa-9dc0-7d232f147d69,1,6971ba97-9c1e-4ddc-9f2a-ddf422215d4f,"{""en"": {""value"": ""Kunstler"", ""direction"": ""ltr""}}","[{""uri"": ""http://vocab.getty.edu/aat/300404670"", ""labels"": [{""id"": ""b379db2b-3066-4a46-8e8d-f70ad539323e"", ""value"": ""preferred terms"", ""language_id"": ""en"", ""list_item_id"": ""5f400d39-3b6b-4b8a-939b-4e49787c7444"", ""valuetype_id"": ""prefLabel""}], ""list_id"": ""80028d07-9c98-48cf-84db-f77bc01c8bbc""}]","[{""uri"": ""http://vocab.getty.edu/aat/300388277"", ""labels"": [{""id"": ""39e49408-de39-44db-a191-fe36a5f04cfc"", ""value"": ""English (language)"", ""language_id"": ""en"", ""list_item_id"": ""38729dbe-6d1c-48ce-bf47-e2a18945600e"", ""valuetype_id"": ""prefLabel""}], ""list_id"": ""f7fc4f6d-fd46-4881-846f-4a08bc1a3fef""}]"
09a6200a-3ef0-4aa2-8f96-ce39414cb7c2,36956e50-d770-11ef-8f5d-0275dc2ded29,166c7b56-b36e-4cfa-9dc0-7d232f147d69,1,af5ff36c-48cc-4038-9f62-4d34c289c9de,"{""en"": {""value"": ""Standard Brand Paints"", ""direction"": ""ltr""}}","[{""uri"": ""http://vocab.getty.edu/aat/300404670"", ""labels"": [{""id"": ""b379db2b-3066-4a46-8e8d-f70ad539323e"", ""value"": ""preferred terms"", ""language_id"": ""en"", ""list_item_id"": ""5f400d39-3b6b-4b8a-939b-4e49787c7444"", ""valuetype_id"": ""prefLabel""}], ""list_id"": ""80028d07-9c98-48cf-84db-f77bc01c8bbc""}]","[{""uri"": ""http://vocab.getty.edu/aat/300388277"", ""labels"": [{""id"": ""39e49408-de39-44db-a191-fe36a5f04cfc"", ""value"": ""English (language)"", ""language_id"": ""en"", ""list_item_id"": ""38729dbe-6d1c-48ce-bf47-e2a18945600e"", ""valuetype_id"": ""prefLabel""}], ""list_id"": ""f7fc4f6d-fd46-4881-846f-4a08bc1a3fef""}]"
ec35bd83-09b2-4297-9a11-5c2b9e884c17,36956e50-d770-11ef-8f5d-0275dc2ded29,166c7b56-b36e-4cfa-9dc0-7d232f147d69,1,da0d0136-32a3-47d6-b821-425bbd94d748,"{""en"": {""value"": ""Tropical Apiary"", ""direction"": ""ltr""}}","[{""uri"": ""http://vocab.getty.edu/aat/300404670"", ""labels"": [{""id"": ""b379db2b-3066-4a46-8e8d-f70ad539323e"", ""value"": ""preferred terms"", ""language_id"": ""en"", ""list_item_id"": ""5f400d39-3b6b-4b8a-939b-4e49787c7444"", ""valuetype_id"": ""prefLabel""}], ""list_id"": ""80028d07-9c98-48cf-84db-f77bc01c8bbc""}]","[{""uri"": ""http://vocab.getty.edu/aat/300388277"", ""labels"": [{""id"": ""39e49408-de39-44db-a191-fe36a5f04cfc"", ""value"": ""English (language)"", ""language_id"": ""en"", ""list_item_id"": ""38729dbe-6d1c-48ce-bf47-e2a18945600e"", ""valuetype_id"": ""prefLabel""}], ""list_id"": ""f7fc4f6d-fd46-4881-846f-4a08bc1a3fef""}]"
b1797ae7-5117-4ca3-b70b-26bc05b9af48,36956e50-d770-11ef-8f5d-0275dc2ded29,166c7b56-b36e-4cfa-9dc0-7d232f147d69,1,49bc7022-3504-4b3b-a9cf-673af5b24dec,"{""en"": {""value"": ""Robert Komarek"", ""direction"": ""ltr""}}","[{""uri"": ""http://vocab.getty.edu/aat/300404670"", ""labels"": [{""id"": ""b379db2b-3066-4a46-8e8d-f70ad539323e"", ""value"": ""preferred terms"", ""language_id"": ""en"", ""list_item_id"": ""5f400d39-3b6b-4b8a-939b-4e49787c7444"", ""valuetype_id"": ""prefLabel""}], ""list_id"": ""80028d07-9c98-48cf-84db-f77bc01c8bbc""}]","[{""uri"": ""http://vocab.getty.edu/aat/300388277"", ""labels"": [{""id"": ""39e49408-de39-44db-a191-fe36a5f04cfc"", ""value"": ""English (language)"", ""language_id"": ""en"", ""list_item_id"": ""38729dbe-6d1c-48ce-bf47-e2a18945600e"", ""valuetype_id"": ""prefLabel""}], ""list_id"": ""f7fc4f6d-fd46-4881-846f-4a08bc1a3fef""}]"
17f03d0d-ff7f-4020-aca7-446b962ce038,36956e50-d770-11ef-8f5d-0275dc2ded29,166c7b56-b36e-4cfa-9dc0-7d232f147d69,1,f3535486-ec04-4f97-9982-f2961085c060,"{""en"": {""value"": ""Carbide & Carbon Chemical Corp."", ""direction"": ""ltr""}}","[{""uri"": ""http://vocab.getty.edu/aat/300404670"", ""labels"": [{""id"": ""b379db2b-3066-4a46-8e8d-f70ad539323e"", ""value"": ""preferred terms"", ""language_id"": ""en"", ""list_item_id"": ""5f400d39-3b6b-4b8a-939b-4e49787c7444"", ""valuetype_id"": ""prefLabel""}], ""list_id"": ""80028d07-9c98-48cf-84db-f77bc01c8bbc""}]","[{""uri"": ""http://vocab.getty.edu/aat/300388277"", ""labels"": [{""id"": ""39e49408-de39-44db-a191-fe36a5f04cfc"", ""value"": ""English (language)"", ""language_id"": ""en"", ""list_item_id"": ""38729dbe-6d1c-48ce-bf47-e2a18945600e"", ""valuetype_id"": ""prefLabel""}], ""list_id"": ""f7fc4f6d-fd46-4881-846f-4a08bc1a3fef""}]"
3bf1fe24-2b6f-4ace-b05a-5ee7afe386a6,36956e50-d770-11ef-8f5d-0275dc2ded29,166c7b56-b36e-4cfa-9dc0-7d232f147d69,1,55ad599e-e2ef-424f-9893-aba2866895d2,"{""en"": {""value"": ""Siphon Art"", ""direction"": ""ltr""}}","[{""uri"": ""http://vocab.getty.edu/aat/300404670"", ""labels"": [{""id"": ""b379db2b-3066-4a46-8e8d-f70ad539323e"", ""value"": ""preferred terms"", ""language_id"": ""en"", ""list_item_id"": ""5f400d39-3b6b-4b8a-939b-4e49787c7444"", ""valuetype_id"": ""prefLabel""}], ""list_id"": ""80028d07-9c98-48cf-84db-f77bc01c8bbc""}]","[{""uri"": ""http://vocab.getty.edu/aat/300388277"", ""labels"": [{""id"": ""39e49408-de39-44db-a191-fe36a5f04cfc"", ""value"": ""English (language)"", ""language_id"": ""en"", ""list_item_id"": ""38729dbe-6d1c-48ce-bf47-e2a18945600e"", ""valuetype_id"": ""prefLabel""}], ""list_id"": ""f7fc4f6d-fd46-4881-846f-4a08bc1a3fef""}]"
b0068339-2123-442e-b5cd-572889fb1db3,36956e50-d770-11ef-8f5d-0275dc2ded29,166c7b56-b36e-4cfa-9dc0-7d232f147d69,1,c5668796-a956-40ac-9023-fd51b875bdb8,"{""en"": {""value"": ""Ceratonia, S.A.; (Imported by Dycol Chemicals Inc.)"", ""direction"": ""ltr""}}","[{""uri"": ""http://vocab.getty.edu/aat/300404670"", ""labels"": [{""id"": ""b379db2b-3066-4a46-8e8d-f70ad539323e"", ""value"": ""preferred terms"", ""language_id"": ""en"", ""list_item_id"": ""5f400d39-3b6b-4b8a-939b-4e49787c7444"", ""valuetype_id"": ""prefLabel""}], ""list_id"": ""80028d07-9c98-48cf-84db-f77bc01c8bbc""}]","[{""uri"": ""http://vocab.getty.edu/aat/300388277"", ""labels"": [{""id"": ""39e49408-de39-44db-a191-fe36a5f04cfc"", ""value"": ""English (language)"", ""language_id"": ""en"", ""list_item_id"": ""38729dbe-6d1c-48ce-bf47-e2a18945600e"", ""valuetype_id"": ""prefLabel""}], ""list_id"": ""f7fc4f6d-fd46-4881-846f-4a08bc1a3fef""}]"
709c7ed2-2ff8-46c1-bdec-96c14b791cf5,36956e50-d770-11ef-8f5d-0275dc2ded29,166c7b56-b36e-4cfa-9dc0-7d232f147d69,1,5be7c80b-3082-400c-8116-6b31c873da30,"{""en"": {""value"": ""Merrimac Chemical Company"", ""direction"": ""ltr""}}","[{""uri"": ""http://vocab.getty.edu/aat/300404670"", ""labels"": [{""id"": ""b379db2b-3066-4a46-8e8d-f70ad539323e"", ""value"": ""preferred terms"", ""language_id"": ""en"", ""list_item_id"": ""5f400d39-3b6b-4b8a-939b-4e49787c7444"", ""valuetype_id"": ""prefLabel""}], ""list_id"": ""80028d07-9c98-48cf-84db-f77bc01c8bbc""}]","[{""uri"": ""http://vocab.getty.edu/aat/300388277"", ""labels"": [{""id"": ""39e49408-de39-44db-a191-fe36a5f04cfc"", ""value"": ""English (language)"", ""language_id"": ""en"", ""list_item_id"": ""38729dbe-6d1c-48ce-bf47-e2a18945600e"", ""valuetype_id"": ""prefLabel""}], ""list_id"": ""f7fc4f6d-fd46-4881-846f-4a08bc1a3fef""}]"
5aa9e0e7-4dc8-41fa-887c-4e5f54a509ac,36956e50-d770-11ef-8f5d-0275dc2ded29,166c7b56-b36e-4cfa-9dc0-7d232f147d69,1,c59d1803-eda6-4c49-b395-27c3a26f6844,"{""en"": {""value"": ""Lucky"", ""direction"": ""ltr""}}","[{""uri"": ""http://vocab.getty.edu/aat/300404670"", ""labels"": [{""id"": ""b379db2b-3066-4a46-8e8d-f70ad539323e"", ""value"": ""preferred terms"", ""language_id"": ""en"", ""list_item_id"": ""5f400d39-3b6b-4b8a-939b-4e49787c7444"", ""valuetype_id"": ""prefLabel""}], ""list_id"": ""80028d07-9c98-48cf-84db-f77bc01c8bbc""}]","[{""uri"": ""http://vocab.getty.edu/aat/300388277"", ""labels"": [{""id"": ""39e49408-de39-44db-a191-fe36a5f04cfc"", ""value"": ""English (language)"", ""language_id"": ""en"", ""list_item_id"": ""38729dbe-6d1c-48ce-bf47-e2a18945600e"", ""valuetype_id"": ""prefLabel""}], ""list_id"": ""f7fc4f6d-fd46-4881-846f-4a08bc1a3fef""}]"
d7951f51-f2af-4d63-a188-89f20451945a,36956e50-d770-11ef-8f5d-0275dc2ded29,166c7b56-b36e-4cfa-9dc0-7d232f147d69,1,3158e3f5-970a-4dff-974a-782c5e4d6f4a,"{""en"": {""value"": ""Castelfranco"", ""direction"": ""ltr""}}","[{""uri"": ""http://vocab.getty.edu/aat/300404670"", ""labels"": [{""id"": ""b379db2b-3066-4a46-8e8d-f70ad539323e"", ""value"": ""preferred terms"", ""language_id"": ""en"", ""list_item_id"": ""5f400d39-3b6b-4b8a-939b-4e49787c7444"", ""valuetype_id"": ""prefLabel""}], ""list_id"": ""80028d07-9c98-48cf-84db-f77bc01c8bbc""}]","[{""uri"": ""http://vocab.getty.edu/aat/300388277"", ""labels"": [{""id"": ""39e49408-de39-44db-a191-fe36a5f04cfc"", ""value"": ""English (language)"", ""language_id"": ""en"", ""list_item_id"": ""38729dbe-6d1c-48ce-bf47-e2a18945600e"", ""valuetype_id"": ""prefLabel""}], ""list_id"": ""f7fc4f6d-fd46-4881-846f-4a08bc1a3fef""}]"
5e879bbd-86b4-49b9-ab50-3331e71237b6,36956e50-d770-11ef-8f5d-0275dc2ded29,166c7b56-b36e-4cfa-9dc0-7d232f147d69,1,545f364b-3d7d-4468-8407-af0b7ec080da,"{""en"": {""value"": ""Zora's"", ""direction"": ""ltr""}}","[{""uri"": ""http://vocab.getty.edu/aat/300404670"", ""labels"": [{""id"": ""b379db2b-3066-4a46-8e8d-f70ad539323e"", ""value"": ""preferred terms"", ""language_id"": ""en"", ""list_item_id"": ""5f400d39-3b6b-4b8a-939b-4e49787c7444"", ""valuetype_id"": ""prefLabel""}], ""list_id"": ""80028d07-9c98-48cf-84db-f77bc01c8bbc""}]","[{""uri"": ""http://vocab.getty.edu/aat/300388277"", ""labels"": [{""id"": ""39e49408-de39-44db-a191-fe36a5f04cfc"", ""value"": ""English (language)"", ""language_id"": ""en"", ""list_item_id"": ""38729dbe-6d1c-48ce-bf47-e2a18945600e"", ""valuetype_id"": ""prefLabel""}], ""list_id"": ""f7fc4f6d-fd46-4881-846f-4a08bc1a3fef""}]"
d6729d41-6137-4922-99bc-d2432dea1d49,36956e50-d770-11ef-8f5d-0275dc2ded29,166c7b56-b36e-4cfa-9dc0-7d232f147d69,1,067e6553-3caf-48b1-9705-de10934ebcbd,"{""en"": {""value"": ""Hays"", ""direction"": ""ltr""}}","[{""uri"": ""http://vocab.getty.edu/aat/300404670"", ""labels"": [{""id"": ""b379db2b-3066-4a46-8e8d-f70ad539323e"", ""value"": ""preferred terms"", ""language_id"": ""en"", ""list_item_id"": ""5f400d39-3b6b-4b8a-939b-4e49787c7444"", ""valuetype_id"": ""prefLabel""}], ""list_id"": ""80028d07-9c98-48cf-84db-f77bc01c8bbc""}]","[{""uri"": ""http://vocab.getty.edu/aat/300388277"", ""labels"": [{""id"": ""39e49408-de39-44db-a191-fe36a5f04cfc"", ""value"": ""English (language)"", ""language_id"": ""en"", ""list_item_id"": ""38729dbe-6d1c-48ce-bf47-e2a18945600e"", ""valuetype_id"": ""prefLabel""}], ""list_id"": ""f7fc4f6d-fd46-4881-846f-4a08bc1a3fef""}]"
539b22b8-b11c-40fd-ae97-627ab35dcf3c,36956e50-d770-11ef-8f5d-0275dc2ded29,166c7b56-b36e-4cfa-9dc0-7d232f147d69,1,dce760e7-ed49-4ba5-9143-b6dbc6f15ad6,"{""en"": {""value"": ""Lefranc"", ""direction"": ""ltr""}}","[{""uri"": ""http://vocab.getty.edu/aat/300404670"", ""labels"": [{""id"": ""b379db2b-3066-4a46-8e8d-f70ad539323e"", ""value"": ""preferred terms"", ""language_id"": ""en"", ""list_item_id"": ""5f400d39-3b6b-4b8a-939b-4e49787c7444"", ""valuetype_id"": ""prefLabel""}], ""list_id"": ""80028d07-9c98-48cf-84db-f77bc01c8bbc""}]","[{""uri"": ""http://vocab.getty.edu/aat/300388277"", ""labels"": [{""id"": ""39e49408-de39-44db-a191-fe36a5f04cfc"", ""value"": ""English (language)"", ""language_id"": ""en"", ""list_item_id"": ""38729dbe-6d1c-48ce-bf47-e2a18945600e"", ""valuetype_id"": ""prefLabel""}], ""list_id"": ""f7fc4f6d-fd46-4881-846f-4a08bc1a3fef""}]"
3a67153f-69b5-495d-9db5-fa940cf73e4f,36956e50-d770-11ef-8f5d-0275dc2ded29,166c7b56-b36e-4cfa-9dc0-7d232f147d69,1,21581bad-36e2-4423-a848-c40e098d0d0f,"{""en"": {""value"": ""L. Souza"", ""direction"": ""ltr""}}","[{""uri"": ""http://vocab.getty.edu/aat/300404670"", ""labels"": [{""id"": ""b379db2b-3066-4a46-8e8d-f70ad539323e"", ""value"": ""preferred terms"", ""language_id"": ""en"", ""list_item_id"": ""5f400d39-3b6b-4b8a-939b-4e49787c7444"", ""valuetype_id"": ""prefLabel""}], ""list_id"": ""80028d07-9c98-48cf-84db-f77bc01c8bbc""}]","[{""uri"": ""http://vocab.getty.edu/aat/300388277"", ""labels"": [{""id"": ""39e49408-de39-44db-a191-fe36a5f04cfc"", ""value"": ""English (language)"", ""language_id"": ""en"", ""list_item_id"": ""38729dbe-6d1c-48ce-bf47-e2a18945600e"", ""valuetype_id"": ""prefLabel""}], ""list_id"": ""f7fc4f6d-fd46-4881-846f-4a08bc1a3fef""}]"
51e306b2-8734-400c-8f9e-3c5e39eaa05f,36956e50-d770-11ef-8f5d-0275dc2ded29,166c7b56-b36e-4cfa-9dc0-7d232f147d69,1,b6405ed4-2863-4baa-8d17-f5e46f2d65b1,"{""en"": {""value"": ""Albion"", ""direction"": ""ltr""}}","[{""uri"": ""http://vocab.getty.edu/aat/300404670"", ""labels"": [{""id"": ""b379db2b-3066-4a46-8e8d-f70ad539323e"", ""value"": ""preferred terms"", ""language_id"": ""en"", ""list_item_id"": ""5f400d39-3b6b-4b8a-939b-4e49787c7444"", ""valuetype_id"": ""prefLabel""}], ""list_id"": ""80028d07-9c98-48cf-84db-f77bc01c8bbc""}]","[{""uri"": ""http://vocab.getty.edu/aat/300388277"", ""labels"": [{""id"": ""39e49408-de39-44db-a191-fe36a5f04cfc"", ""value"": ""English (language)"", ""language_id"": ""en"", ""list_item_id"": ""38729dbe-6d1c-48ce-bf47-e2a18945600e"", ""valuetype_id"": ""prefLabel""}], ""list_id"": ""f7fc4f6d-fd46-4881-846f-4a08bc1a3fef""}]"
611ff9c0-41b2-4e0f-b3a1-61b9ec8ea2f0,36956e50-d770-11ef-8f5d-0275dc2ded29,166c7b56-b36e-4cfa-9dc0-7d232f147d69,1,a84d8f43-be70-455d-b1e6-f57dc47f320e,"{""en"": {""value"": ""E. I. du Pont de Nemours & Co."", ""direction"": ""ltr""}}","[{""uri"": ""http://vocab.getty.edu/aat/300404670"", ""labels"": [{""id"": ""b379db2b-3066-4a46-8e8d-f70ad539323e"", ""value"": ""preferred terms"", ""language_id"": ""en"", ""list_item_id"": ""5f400d39-3b6b-4b8a-939b-4e49787c7444"", ""valuetype_id"": ""prefLabel""}], ""list_id"": ""80028d07-9c98-48cf-84db-f77bc01c8bbc""}]","[{""uri"": ""http://vocab.getty.edu/aat/300388277"", ""labels"": [{""id"": ""39e49408-de39-44db-a191-fe36a5f04cfc"", ""value"": ""English (language)"", ""language_id"": ""en"", ""list_item_id"": ""38729dbe-6d1c-48ce-bf47-e2a18945600e"", ""valuetype_id"": ""prefLabel""}], ""list_id"": ""f7fc4f6d-fd46-4881-846f-4a08bc1a3fef""}]"
904d8112-dd71-4064-ba1c-92fa5c4305f4,36956e50-d770-11ef-8f5d-0275dc2ded29,166c7b56-b36e-4cfa-9dc0-7d232f147d69,1,32b581f8-a5c2-4901-ad55-273ffcdf6585,"{""en"": {""value"": ""Florasil Produtos Vegetais Farmaceuticos Ltda."", ""direction"": ""ltr""}}","[{""uri"": ""http://vocab.getty.edu/aat/300404670"", ""labels"": [{""id"": ""b379db2b-3066-4a46-8e8d-f70ad539323e"", ""value"": ""preferred terms"", ""language_id"": ""en"", ""list_item_id"": ""5f400d39-3b6b-4b8a-939b-4e49787c7444"", ""valuetype_id"": ""prefLabel""}], ""list_id"": ""80028d07-9c98-48cf-84db-f77bc01c8bbc""}]","[{""uri"": ""http://vocab.getty.edu/aat/300388277"", ""labels"": [{""id"": ""39e49408-de39-44db-a191-fe36a5f04cfc"", ""value"": ""English (language)"", ""language_id"": ""en"", ""list_item_id"": ""38729dbe-6d1c-48ce-bf47-e2a18945600e"", ""valuetype_id"": ""prefLabel""}], ""list_id"": ""f7fc4f6d-fd46-4881-846f-4a08bc1a3fef""}]"
351caf48-1488-4b4e-b1e8-7ab3d7f910d2,36956e50-d770-11ef-8f5d-0275dc2ded29,166c7b56-b36e-4cfa-9dc0-7d232f147d69,1,e55e8ad3-a2e3-455f-97fa-bbd4bac0cc8b,"{""en"": {""value"": ""Calavo Foods, Inc"", ""direction"": ""ltr""}}","[{""uri"": ""http://vocab.getty.edu/aat/300404670"", ""labels"": [{""id"": ""b379db2b-3066-4a46-8e8d-f70ad539323e"", ""value"": ""preferred terms"", ""language_id"": ""en"", ""list_item_id"": ""5f400d39-3b6b-4b8a-939b-4e49787c7444"", ""valuetype_id"": ""prefLabel""}], ""list_id"": ""80028d07-9c98-48cf-84db-f77bc01c8bbc""}]","[{""uri"": ""http://vocab.getty.edu/aat/300388277"", ""labels"": [{""id"": ""39e49408-de39-44db-a191-fe36a5f04cfc"", ""value"": ""English (language)"", ""language_id"": ""en"", ""list_item_id"": ""38729dbe-6d1c-48ce-bf47-e2a18945600e"", ""valuetype_id"": ""prefLabel""}], ""list_id"": ""f7fc4f6d-fd46-4881-846f-4a08bc1a3fef""}]"
e93e7b00-3eef-41ab-b03a-d315f561ea2b,36956e50-d770-11ef-8f5d-0275dc2ded29,166c7b56-b36e-4cfa-9dc0-7d232f147d69,1,a46fb409-f1db-4e23-ab71-342523730a6c,"{""en"": {""value"": ""Sanyo"", ""direction"": ""ltr""}}","[{""uri"": ""http://vocab.getty.edu/aat/300404670"", ""labels"": [{""id"": ""b379db2b-3066-4a46-8e8d-f70ad539323e"", ""value"": ""preferred terms"", ""language_id"": ""en"", ""list_item_id"": ""5f400d39-3b6b-4b8a-939b-4e49787c7444"", ""valuetype_id"": ""prefLabel""}], ""list_id"": ""80028d07-9c98-48cf-84db-f77bc01c8bbc""}]","[{""uri"": ""http://vocab.getty.edu/aat/300388277"", ""labels"": [{""id"": ""39e49408-de39-44db-a191-fe36a5f04cfc"", ""value"": ""English (language)"", ""language_id"": ""en"", ""list_item_id"": ""38729dbe-6d1c-48ce-bf47-e2a18945600e"", ""valuetype_id"": ""prefLabel""}], ""list_id"": ""f7fc4f6d-fd46-4881-846f-4a08bc1a3fef""}]"
87c19fe6-1535-44e7-85e3-3dc2f4986902,36956e50-d770-11ef-8f5d-0275dc2ded29,166c7b56-b36e-4cfa-9dc0-7d232f147d69,1,487f8aa2-e6f6-4dd2-80a6-245e6357c944,"{""en"": {""value"": ""Brosse-Blaireau"", ""direction"": ""ltr""}}","[{""uri"": ""http://vocab.getty.edu/aat/300404670"", ""labels"": [{""id"": ""b379db2b-3066-4a46-8e8d-f70ad539323e"", ""value"": ""preferred terms"", ""language_id"": ""en"", ""list_item_id"": ""5f400d39-3b6b-4b8a-939b-4e49787c7444"", ""valuetype_id"": ""prefLabel""}], ""list_id"": ""80028d07-9c98-48cf-84db-f77bc01c8bbc""}]","[{""uri"": ""http://vocab.getty.edu/aat/300388277"", ""labels"": [{""id"": ""39e49408-de39-44db-a191-fe36a5f04cfc"", ""value"": ""English (language)"", ""language_id"": ""en"", ""list_item_id"": ""38729dbe-6d1c-48ce-bf47-e2a18945600e"", ""valuetype_id"": ""prefLabel""}], ""list_id"": ""f7fc4f6d-fd46-4881-846f-4a08bc1a3fef""}]"
d22344a8-f09a-4023-bc7e-89b1fdb3884f,36956e50-d770-11ef-8f5d-0275dc2ded29,166c7b56-b36e-4cfa-9dc0-7d232f147d69,1,971538e5-f1f0-439e-bfef-cdafb3d2ff17,"{""en"": {""value"": ""Harrington Brothers, Ltd."", ""direction"": ""ltr""}}","[{""uri"": ""http://vocab.getty.edu/aat/300404670"", ""labels"": [{""id"": ""b379db2b-3066-4a46-8e8d-f70ad539323e"", ""value"": ""preferred terms"", ""language_id"": ""en"", ""list_item_id"": ""5f400d39-3b6b-4b8a-939b-4e49787c7444"", ""valuetype_id"": ""prefLabel""}], ""list_id"": ""80028d07-9c98-48cf-84db-f77bc01c8bbc""}]","[{""uri"": ""http://vocab.getty.edu/aat/300388277"", ""labels"": [{""id"": ""39e49408-de39-44db-a191-fe36a5f04cfc"", ""value"": ""English (language)"", ""language_id"": ""en"", ""list_item_id"": ""38729dbe-6d1c-48ce-bf47-e2a18945600e"", ""valuetype_id"": ""prefLabel""}], ""list_id"": ""f7fc4f6d-fd46-4881-846f-4a08bc1a3fef""}]"
8029dc6c-b145-4d7c-aabd-f69a7b664ee5,36956e50-d770-11ef-8f5d-0275dc2ded29,166c7b56-b36e-4cfa-9dc0-7d232f147d69,1,85ec81c8-c6c9-4098-a1b3-1ed36933138e,"{""en"": {""value"": ""Ilford Anitec SA"", ""direction"": ""ltr""}}","[{""uri"": ""http://vocab.getty.edu/aat/300404670"", ""labels"": [{""id"": ""b379db2b-3066-4a46-8e8d-f70ad539323e"", ""value"": ""preferred terms"", ""language_id"": ""en"", ""list_item_id"": ""5f400d39-3b6b-4b8a-939b-4e49787c7444"", ""valuetype_id"": ""prefLabel""}], ""list_id"": ""80028d07-9c98-48cf-84db-f77bc01c8bbc""}]","[{""uri"": ""http://vocab.getty.edu/aat/300388277"", ""labels"": [{""id"": ""39e49408-de39-44db-a191-fe36a5f04cfc"", ""value"": ""English (language)"", ""language_id"": ""en"", ""list_item_id"": ""38729dbe-6d1c-48ce-bf47-e2a18945600e"", ""valuetype_id"": ""prefLabel""}], ""list_id"": ""f7fc4f6d-fd46-4881-846f-4a08bc1a3fef""}]"
a9239a04-d8d7-462b-abca-2f3eaf286cc2,36956e50-d770-11ef-8f5d-0275dc2ded29,166c7b56-b36e-4cfa-9dc0-7d232f147d69,1,237a3797-d6a5-4831-aa38-482525480263,"{""en"": {""value"": ""Cyber Graphics Corp. (Oriental)"", ""direction"": ""ltr""}}","[{""uri"": ""http://vocab.getty.edu/aat/300404670"", ""labels"": [{""id"": ""b379db2b-3066-4a46-8e8d-f70ad539323e"", ""value"": ""preferred terms"", ""language_id"": ""en"", ""list_item_id"": ""5f400d39-3b6b-4b8a-939b-4e49787c7444"", ""valuetype_id"": ""prefLabel""}], ""list_id"": ""80028d07-9c98-48cf-84db-f77bc01c8bbc""}]","[{""uri"": ""http://vocab.getty.edu/aat/300388277"", ""labels"": [{""id"": ""39e49408-de39-44db-a191-fe36a5f04cfc"", ""value"": ""English (language)"", ""language_id"": ""en"", ""list_item_id"": ""38729dbe-6d1c-48ce-bf47-e2a18945600e"", ""valuetype_id"": ""prefLabel""}], ""list_id"": ""f7fc4f6d-fd46-4881-846f-4a08bc1a3fef""}]"
67c06ef7-1ced-440d-bcf3-1127a52ec294,36956e50-d770-11ef-8f5d-0275dc2ded29,166c7b56-b36e-4cfa-9dc0-7d232f147d69,1,5db0295f-7d3e-4584-9f6d-4ee0fd21cbe2,"{""en"": {""value"": ""Michel Garcia (Lauris, France)"", ""direction"": ""ltr""}}","[{""uri"": ""http://vocab.getty.edu/aat/300404670"", ""labels"": [{""id"": ""b379db2b-3066-4a46-8e8d-f70ad539323e"", ""value"": ""preferred terms"", ""language_id"": ""en"", ""list_item_id"": ""5f400d39-3b6b-4b8a-939b-4e49787c7444"", ""valuetype_id"": ""prefLabel""}], ""list_id"": ""80028d07-9c98-48cf-84db-f77bc01c8bbc""}]","[{""uri"": ""http://vocab.getty.edu/aat/300388277"", ""labels"": [{""id"": ""39e49408-de39-44db-a191-fe36a5f04cfc"", ""value"": ""English (language)"", ""language_id"": ""en"", ""list_item_id"": ""38729dbe-6d1c-48ce-bf47-e2a18945600e"", ""valuetype_id"": ""prefLabel""}], ""list_id"": ""f7fc4f6d-fd46-4881-846f-4a08bc1a3fef""}]"
927e07fd-fc9e-4a2e-8202-1f19b4ba0473,36956e50-d770-11ef-8f5d-0275dc2ded29,166c7b56-b36e-4cfa-9dc0-7d232f147d69,1,37f7cc6d-4fd0-46ed-9dca-023cbd4b048d,"{""en"": {""value"": ""PV Pharmacy"", ""direction"": ""ltr""}}","[{""uri"": ""http://vocab.getty.edu/aat/300404670"", ""labels"": [{""id"": ""b379db2b-3066-4a46-8e8d-f70ad539323e"", ""value"": ""preferred terms"", ""language_id"": ""en"", ""list_item_id"": ""5f400d39-3b6b-4b8a-939b-4e49787c7444"", ""valuetype_id"": ""prefLabel""}], ""list_id"": ""80028d07-9c98-48cf-84db-f77bc01c8bbc""}]","[{""uri"": ""http://vocab.getty.edu/aat/300388277"", ""labels"": [{""id"": ""39e49408-de39-44db-a191-fe36a5f04cfc"", ""value"": ""English (language)"", ""language_id"": ""en"", ""list_item_id"": ""38729dbe-6d1c-48ce-bf47-e2a18945600e"", ""valuetype_id"": ""prefLabel""}], ""list_id"": ""f7fc4f6d-fd46-4881-846f-4a08bc1a3fef""}]"
0c00fd99-e8bd-438a-b766-07e65a2aaa81,36956e50-d770-11ef-8f5d-0275dc2ded29,166c7b56-b36e-4cfa-9dc0-7d232f147d69,1,b6bc6f70-3106-4b0a-948b-62b7734a29f4,"{""en"": {""value"": ""American Aristotype Co."", ""direction"": ""ltr""}}","[{""uri"": ""http://vocab.getty.edu/aat/300404670"", ""labels"": [{""id"": ""b379db2b-3066-4a46-8e8d-f70ad539323e"", ""value"": ""preferred terms"", ""language_id"": ""en"", ""list_item_id"": ""5f400d39-3b6b-4b8a-939b-4e49787c7444"", ""valuetype_id"": ""prefLabel""}], ""list_id"": ""80028d07-9c98-48cf-84db-f77bc01c8bbc""}]","[{""uri"": ""http://vocab.getty.edu/aat/300388277"", ""labels"": [{""id"": ""39e49408-de39-44db-a191-fe36a5f04cfc"", ""value"": ""English (language)"", ""language_id"": ""en"", ""list_item_id"": ""38729dbe-6d1c-48ce-bf47-e2a18945600e"", ""valuetype_id"": ""prefLabel""}], ""list_id"": ""f7fc4f6d-fd46-4881-846f-4a08bc1a3fef""}]"
870f90b9-8166-460b-80aa-39188d32b08e,36956e50-d770-11ef-8f5d-0275dc2ded29,166c7b56-b36e-4cfa-9dc0-7d232f147d69,1,072e549c-b9d3-4ee0-8f99-5ecce144ba64,"{""en"": {""value"": ""Col. Prod. Adv. Bureau, Imp. Inst."", ""direction"": ""ltr""}}","[{""uri"": ""http://vocab.getty.edu/aat/300404670"", ""labels"": [{""id"": ""b379db2b-3066-4a46-8e8d-f70ad539323e"", ""value"": ""preferred terms"", ""language_id"": ""en"", ""list_item_id"": ""5f400d39-3b6b-4b8a-939b-4e49787c7444"", ""valuetype_id"": ""prefLabel""}], ""list_id"": ""80028d07-9c98-48cf-84db-f77bc01c8bbc""}]","[{""uri"": ""http://vocab.getty.edu/aat/300388277"", ""labels"": [{""id"": ""39e49408-de39-44db-a191-fe36a5f04cfc"", ""value"": ""English (language)"", ""language_id"": ""en"", ""list_item_id"": ""38729dbe-6d1c-48ce-bf47-e2a18945600e"", ""valuetype_id"": ""prefLabel""}], ""list_id"": ""f7fc4f6d-fd46-4881-846f-4a08bc1a3fef""}]"
768f4b91-7fbd-447a-8f93-8abc720394d7,36956e50-d770-11ef-8f5d-0275dc2ded29,166c7b56-b36e-4cfa-9dc0-7d232f147d69,1,9a508edb-6110-4879-bf29-5c8266d8eae8,"{""en"": {""value"": ""Gleck & Company"", ""direction"": ""ltr""}}","[{""uri"": ""http://vocab.getty.edu/aat/300404670"", ""labels"": [{""id"": ""b379db2b-3066-4a46-8e8d-f70ad539323e"", ""value"": ""preferred terms"", ""language_id"": ""en"", ""list_item_id"": ""5f400d39-3b6b-4b8a-939b-4e49787c7444"", ""valuetype_id"": ""prefLabel""}], ""list_id"": ""80028d07-9c98-48cf-84db-f77bc01c8bbc""}]","[{""uri"": ""http://vocab.getty.edu/aat/300388277"", ""labels"": [{""id"": ""39e49408-de39-44db-a191-fe36a5f04cfc"", ""value"": ""English (language)"", ""language_id"": ""en"", ""list_item_id"": ""38729dbe-6d1c-48ce-bf47-e2a18945600e"", ""valuetype_id"": ""prefLabel""}], ""list_id"": ""f7fc4f6d-fd46-4881-846f-4a08bc1a3fef""}]"
95328ff4-98df-487b-878d-761ee4bcc840,36956e50-d770-11ef-8f5d-0275dc2ded29,166c7b56-b36e-4cfa-9dc0-7d232f147d69,1,0f14092c-2ff9-4ebf-a073-c08cb0736f93,"{""en"": {""value"": ""Whiteworth"", ""direction"": ""ltr""}}","[{""uri"": ""http://vocab.getty.edu/aat/300404670"", ""labels"": [{""id"": ""b379db2b-3066-4a46-8e8d-f70ad539323e"", ""value"": ""preferred terms"", ""language_id"": ""en"", ""list_item_id"": ""5f400d39-3b6b-4b8a-939b-4e49787c7444"", ""valuetype_id"": ""prefLabel""}], ""list_id"": ""80028d07-9c98-48cf-84db-f77bc01c8bbc""}]","[{""uri"": ""http://vocab.getty.edu/aat/300388277"", ""labels"": [{""id"": ""39e49408-de39-44db-a191-fe36a5f04cfc"", ""value"": ""English (language)"", ""language_id"": ""en"", ""list_item_id"": ""38729dbe-6d1c-48ce-bf47-e2a18945600e"", ""valuetype_id"": ""prefLabel""}], ""list_id"": ""f7fc4f6d-fd46-4881-846f-4a08bc1a3fef""}]"
26e209e6-cc68-4a3b-9664-b61992ed1342,36956e50-d770-11ef-8f5d-0275dc2ded29,166c7b56-b36e-4cfa-9dc0-7d232f147d69,1,2b517c7e-e378-4d9e-98e5-6787bb40dfe1,"{""en"": {""value"": ""City Chemical Corporation"", ""direction"": ""ltr""}}","[{""uri"": ""http://vocab.getty.edu/aat/300404670"", ""labels"": [{""id"": ""b379db2b-3066-4a46-8e8d-f70ad539323e"", ""value"": ""preferred terms"", ""language_id"": ""en"", ""list_item_id"": ""5f400d39-3b6b-4b8a-939b-4e49787c7444"", ""valuetype_id"": ""prefLabel""}], ""list_id"": ""80028d07-9c98-48cf-84db-f77bc01c8bbc""}]","[{""uri"": ""http://vocab.getty.edu/aat/300388277"", ""labels"": [{""id"": ""39e49408-de39-44db-a191-fe36a5f04cfc"", ""value"": ""English (language)"", ""language_id"": ""en"", ""list_item_id"": ""38729dbe-6d1c-48ce-bf47-e2a18945600e"", ""valuetype_id"": ""prefLabel""}], ""list_id"": ""f7fc4f6d-fd46-4881-846f-4a08bc1a3fef""}]"
dc4b66d7-52bd-4c24-a8f4-2914ff0afc96,36956e50-d770-11ef-8f5d-0275dc2ded29,166c7b56-b36e-4cfa-9dc0-7d232f147d69,1,dfa2498c-38a8-4b00-8f00-e79d74e9c328,"{""en"": {""value"": ""Sureguard"", ""direction"": ""ltr""}}","[{""uri"": ""http://vocab.getty.edu/aat/300404670"", ""labels"": [{""id"": ""b379db2b-3066-4a46-8e8d-f70ad539323e"", ""value"": ""preferred terms"", ""language_id"": ""en"", ""list_item_id"": ""5f400d39-3b6b-4b8a-939b-4e49787c7444"", ""valuetype_id"": ""prefLabel""}], ""list_id"": ""80028d07-9c98-48cf-84db-f77bc01c8bbc""}]","[{""uri"": ""http://vocab.getty.edu/aat/300388277"", ""labels"": [{""id"": ""39e49408-de39-44db-a191-fe36a5f04cfc"", ""value"": ""English (language)"", ""language_id"": ""en"", ""list_item_id"": ""38729dbe-6d1c-48ce-bf47-e2a18945600e"", ""valuetype_id"": ""prefLabel""}], ""list_id"": ""f7fc4f6d-fd46-4881-846f-4a08bc1a3fef""}]"
8f75f8de-d618-478b-b87b-432957abc083,36956e50-d770-11ef-8f5d-0275dc2ded29,166c7b56-b36e-4cfa-9dc0-7d232f147d69,1,ffdfd33c-7bef-4c09-a7e9-32c8dbe49c0c,"{""en"": {""value"": ""Fisher"", ""direction"": ""ltr""}}","[{""uri"": ""http://vocab.getty.edu/aat/300404670"", ""labels"": [{""id"": ""b379db2b-3066-4a46-8e8d-f70ad539323e"", ""value"": ""preferred terms"", ""language_id"": ""en"", ""list_item_id"": ""5f400d39-3b6b-4b8a-939b-4e49787c7444"", ""valuetype_id"": ""prefLabel""}], ""list_id"": ""80028d07-9c98-48cf-84db-f77bc01c8bbc""}]","[{""uri"": ""http://vocab.getty.edu/aat/300388277"", ""labels"": [{""id"": ""39e49408-de39-44db-a191-fe36a5f04cfc"", ""value"": ""English (language)"", ""language_id"": ""en"", ""list_item_id"": ""38729dbe-6d1c-48ce-bf47-e2a18945600e"", ""valuetype_id"": ""prefLabel""}], ""list_id"": ""f7fc4f6d-fd46-4881-846f-4a08bc1a3fef""}]"
72e036b9-61c5-4015-a2f9-40c52004951b,36956e50-d770-11ef-8f5d-0275dc2ded29,166c7b56-b36e-4cfa-9dc0-7d232f147d69,1,1d876e5f-2482-4611-b104-2dffc186746f,"{""en"": {""value"": ""Acrilex Tintas Especiais S/A"", ""direction"": ""ltr""}}","[{""uri"": ""http://vocab.getty.edu/aat/300404670"", ""labels"": [{""id"": ""b379db2b-3066-4a46-8e8d-f70ad539323e"", ""value"": ""preferred terms"", ""language_id"": ""en"", ""list_item_id"": ""5f400d39-3b6b-4b8a-939b-4e49787c7444"", ""valuetype_id"": ""prefLabel""}], ""list_id"": ""80028d07-9c98-48cf-84db-f77bc01c8bbc""}]","[{""uri"": ""http://vocab.getty.edu/aat/300388277"", ""labels"": [{""id"": ""39e49408-de39-44db-a191-fe36a5f04cfc"", ""value"": ""English (language)"", ""language_id"": ""en"", ""list_item_id"": ""38729dbe-6d1c-48ce-bf47-e2a18945600e"", ""valuetype_id"": ""prefLabel""}], ""list_id"": ""f7fc4f6d-fd46-4881-846f-4a08bc1a3fef""}]"
51d3c742-7277-4153-928b-bd510395c7fe,36956e50-d770-11ef-8f5d-0275dc2ded29,166c7b56-b36e-4cfa-9dc0-7d232f147d69,1,8b6ac137-fd48-4e9c-adc3-ebaf0024f9cb,"{""en"": {""value"": ""B&H Photo Video"", ""direction"": ""ltr""}}","[{""uri"": ""http://vocab.getty.edu/aat/300404670"", ""labels"": [{""id"": ""b379db2b-3066-4a46-8e8d-f70ad539323e"", ""value"": ""preferred terms"", ""language_id"": ""en"", ""list_item_id"": ""5f400d39-3b6b-4b8a-939b-4e49787c7444"", ""valuetype_id"": ""prefLabel""}], ""list_id"": ""80028d07-9c98-48cf-84db-f77bc01c8bbc""}]","[{""uri"": ""http://vocab.getty.edu/aat/300388277"", ""labels"": [{""id"": ""39e49408-de39-44db-a191-fe36a5f04cfc"", ""value"": ""English (language)"", ""language_id"": ""en"", ""list_item_id"": ""38729dbe-6d1c-48ce-bf47-e2a18945600e"", ""valuetype_id"": ""prefLabel""}], ""list_id"": ""f7fc4f6d-fd46-4881-846f-4a08bc1a3fef""}]"
8e6f369c-9a69-4ec1-a748-2c2a59aa5a01,36956e50-d770-11ef-8f5d-0275dc2ded29,166c7b56-b36e-4cfa-9dc0-7d232f147d69,1,cc1baab1-8f16-4155-917d-296638bfbb36,"{""en"": {""value"": ""Constantino Reyes Valerio"", ""direction"": ""ltr""}}","[{""uri"": ""http://vocab.getty.edu/aat/300404670"", ""labels"": [{""id"": ""b379db2b-3066-4a46-8e8d-f70ad539323e"", ""value"": ""preferred terms"", ""language_id"": ""en"", ""list_item_id"": ""5f400d39-3b6b-4b8a-939b-4e49787c7444"", ""valuetype_id"": ""prefLabel""}], ""list_id"": ""80028d07-9c98-48cf-84db-f77bc01c8bbc""}]","[{""uri"": ""http://vocab.getty.edu/aat/300388277"", ""labels"": [{""id"": ""39e49408-de39-44db-a191-fe36a5f04cfc"", ""value"": ""English (language)"", ""language_id"": ""en"", ""list_item_id"": ""38729dbe-6d1c-48ce-bf47-e2a18945600e"", ""valuetype_id"": ""prefLabel""}], ""list_id"": ""f7fc4f6d-fd46-4881-846f-4a08bc1a3fef""}]"
1dc9661b-8b00-48d5-a8ee-914c15a1bffc,36956e50-d770-11ef-8f5d-0275dc2ded29,166c7b56-b36e-4cfa-9dc0-7d232f147d69,1,f5ef5133-63b1-418a-8d75-5e930f168358,"{""en"": {""value"": ""Magruder"", ""direction"": ""ltr""}}","[{""uri"": ""http://vocab.getty.edu/aat/300404670"", ""labels"": [{""id"": ""b379db2b-3066-4a46-8e8d-f70ad539323e"", ""value"": ""preferred terms"", ""language_id"": ""en"", ""list_item_id"": ""5f400d39-3b6b-4b8a-939b-4e49787c7444"", ""valuetype_id"": ""prefLabel""}], ""list_id"": ""80028d07-9c98-48cf-84db-f77bc01c8bbc""}]","[{""uri"": ""http://vocab.getty.edu/aat/300388277"", ""labels"": [{""id"": ""39e49408-de39-44db-a191-fe36a5f04cfc"", ""value"": ""English (language)"", ""language_id"": ""en"", ""list_item_id"": ""38729dbe-6d1c-48ce-bf47-e2a18945600e"", ""valuetype_id"": ""prefLabel""}], ""list_id"": ""f7fc4f6d-fd46-4881-846f-4a08bc1a3fef""}]"
a5422e79-0ac8-4f2c-91da-691c047565b9,36956e50-d770-11ef-8f5d-0275dc2ded29,166c7b56-b36e-4cfa-9dc0-7d232f147d69,1,a36a6dbf-0ff4-4c4c-9b68-d89fddc6e2c1,"{""en"": {""value"": ""J. T. Baker Inc."", ""direction"": ""ltr""}}","[{""uri"": ""http://vocab.getty.edu/aat/300404670"", ""labels"": [{""id"": ""b379db2b-3066-4a46-8e8d-f70ad539323e"", ""value"": ""preferred terms"", ""language_id"": ""en"", ""list_item_id"": ""5f400d39-3b6b-4b8a-939b-4e49787c7444"", ""valuetype_id"": ""prefLabel""}], ""list_id"": ""80028d07-9c98-48cf-84db-f77bc01c8bbc""}]","[{""uri"": ""http://vocab.getty.edu/aat/300388277"", ""labels"": [{""id"": ""39e49408-de39-44db-a191-fe36a5f04cfc"", ""value"": ""English (language)"", ""language_id"": ""en"", ""list_item_id"": ""38729dbe-6d1c-48ce-bf47-e2a18945600e"", ""valuetype_id"": ""prefLabel""}], ""list_id"": ""f7fc4f6d-fd46-4881-846f-4a08bc1a3fef""}]"
c511d566-a621-44d1-ae3b-43268d553dc6,36956e50-d770-11ef-8f5d-0275dc2ded29,166c7b56-b36e-4cfa-9dc0-7d232f147d69,1,0d1a3b68-cf56-41f1-bcf7-232ae6b303f5,"{""en"": {""value"": ""Clapham's Beeswax Products Ltd"", ""direction"": ""ltr""}}","[{""uri"": ""http://vocab.getty.edu/aat/300404670"", ""labels"": [{""id"": ""b379db2b-3066-4a46-8e8d-f70ad539323e"", ""value"": ""preferred terms"", ""language_id"": ""en"", ""list_item_id"": ""5f400d39-3b6b-4b8a-939b-4e49787c7444"", ""valuetype_id"": ""prefLabel""}], ""list_id"": ""80028d07-9c98-48cf-84db-f77bc01c8bbc""}]","[{""uri"": ""http://vocab.getty.edu/aat/300388277"", ""labels"": [{""id"": ""39e49408-de39-44db-a191-fe36a5f04cfc"", ""value"": ""English (language)"", ""language_id"": ""en"", ""list_item_id"": ""38729dbe-6d1c-48ce-bf47-e2a18945600e"", ""valuetype_id"": ""prefLabel""}], ""list_id"": ""f7fc4f6d-fd46-4881-846f-4a08bc1a3fef""}]"
05578d65-e7f7-4f1b-95dd-e18088759a57,36956e50-d770-11ef-8f5d-0275dc2ded29,166c7b56-b36e-4cfa-9dc0-7d232f147d69,1,8131ff73-1f14-4bf5-9365-6d71d8a128b7,"{""en"": {""value"": ""Tate Britain"", ""direction"": ""ltr""}}","[{""uri"": ""http://vocab.getty.edu/aat/300404670"", ""labels"": [{""id"": ""b379db2b-3066-4a46-8e8d-f70ad539323e"", ""value"": ""preferred terms"", ""language_id"": ""en"", ""list_item_id"": ""5f400d39-3b6b-4b8a-939b-4e49787c7444"", ""valuetype_id"": ""prefLabel""}], ""list_id"": ""80028d07-9c98-48cf-84db-f77bc01c8bbc""}]","[{""uri"": ""http://vocab.getty.edu/aat/300388277"", ""labels"": [{""id"": ""39e49408-de39-44db-a191-fe36a5f04cfc"", ""value"": ""English (language)"", ""language_id"": ""en"", ""list_item_id"": ""38729dbe-6d1c-48ce-bf47-e2a18945600e"", ""valuetype_id"": ""prefLabel""}], ""list_id"": ""f7fc4f6d-fd46-4881-846f-4a08bc1a3fef""}]"
aa3eb107-42ca-46ab-9707-604f8c106ba1,36956e50-d770-11ef-8f5d-0275dc2ded29,166c7b56-b36e-4cfa-9dc0-7d232f147d69,1,d06e24dc-aea0-4882-bbfe-9c986bffb7a3,"{""en"": {""value"": ""Samuel Cabot Incorporated"", ""direction"": ""ltr""}}","[{""uri"": ""http://vocab.getty.edu/aat/300404670"", ""labels"": [{""id"": ""b379db2b-3066-4a46-8e8d-f70ad539323e"", ""value"": ""preferred terms"", ""language_id"": ""en"", ""list_item_id"": ""5f400d39-3b6b-4b8a-939b-4e49787c7444"", ""valuetype_id"": ""prefLabel""}], ""list_id"": ""80028d07-9c98-48cf-84db-f77bc01c8bbc""}]","[{""uri"": ""http://vocab.getty.edu/aat/300388277"", ""labels"": [{""id"": ""39e49408-de39-44db-a191-fe36a5f04cfc"", ""value"": ""English (language)"", ""language_id"": ""en"", ""list_item_id"": ""38729dbe-6d1c-48ce-bf47-e2a18945600e"", ""valuetype_id"": ""prefLabel""}], ""list_id"": ""f7fc4f6d-fd46-4881-846f-4a08bc1a3fef""}]"
0146fbc7-51a8-495b-8805-afd66d0ad6e3,36956e50-d770-11ef-8f5d-0275dc2ded29,166c7b56-b36e-4cfa-9dc0-7d232f147d69,1,1062c0d3-3081-4e00-8573-daedf4c6436e,"{""en"": {""value"": ""Dilo"", ""direction"": ""ltr""}}","[{""uri"": ""http://vocab.getty.edu/aat/300404670"", ""labels"": [{""id"": ""b379db2b-3066-4a46-8e8d-f70ad539323e"", ""value"": ""preferred terms"", ""language_id"": ""en"", ""list_item_id"": ""5f400d39-3b6b-4b8a-939b-4e49787c7444"", ""valuetype_id"": ""prefLabel""}], ""list_id"": ""80028d07-9c98-48cf-84db-f77bc01c8bbc""}]","[{""uri"": ""http://vocab.getty.edu/aat/300388277"", ""labels"": [{""id"": ""39e49408-de39-44db-a191-fe36a5f04cfc"", ""value"": ""English (language)"", ""language_id"": ""en"", ""list_item_id"": ""38729dbe-6d1c-48ce-bf47-e2a18945600e"", ""valuetype_id"": ""prefLabel""}], ""list_id"": ""f7fc4f6d-fd46-4881-846f-4a08bc1a3fef""}]"
02e099d9-9b08-4be2-b61b-7d7b3ecee54a,36956e50-d770-11ef-8f5d-0275dc2ded29,166c7b56-b36e-4cfa-9dc0-7d232f147d69,1,7c84b0f9-2bad-4e76-8db1-c37725b0368b,"{""en"": {""value"": ""CARAN D'ACHE NEOCOLOR II"", ""direction"": ""ltr""}}","[{""uri"": ""http://vocab.getty.edu/aat/300404670"", ""labels"": [{""id"": ""b379db2b-3066-4a46-8e8d-f70ad539323e"", ""value"": ""preferred terms"", ""language_id"": ""en"", ""list_item_id"": ""5f400d39-3b6b-4b8a-939b-4e49787c7444"", ""valuetype_id"": ""prefLabel""}], ""list_id"": ""80028d07-9c98-48cf-84db-f77bc01c8bbc""}]","[{""uri"": ""http://vocab.getty.edu/aat/300388277"", ""labels"": [{""id"": ""39e49408-de39-44db-a191-fe36a5f04cfc"", ""value"": ""English (language)"", ""language_id"": ""en"", ""list_item_id"": ""38729dbe-6d1c-48ce-bf47-e2a18945600e"", ""valuetype_id"": ""prefLabel""}], ""list_id"": ""f7fc4f6d-fd46-4881-846f-4a08bc1a3fef""}]"
1f08d2d7-0183-43c4-9de3-0364fb947676,36956e50-d770-11ef-8f5d-0275dc2ded29,166c7b56-b36e-4cfa-9dc0-7d232f147d69,1,63579a31-5769-48c5-98b8-24d5898817ef,"{""en"": {""value"": ""S.B. Penick & Company"", ""direction"": ""ltr""}}","[{""uri"": ""http://vocab.getty.edu/aat/300404670"", ""labels"": [{""id"": ""b379db2b-3066-4a46-8e8d-f70ad539323e"", ""value"": ""preferred terms"", ""language_id"": ""en"", ""list_item_id"": ""5f400d39-3b6b-4b8a-939b-4e49787c7444"", ""valuetype_id"": ""prefLabel""}], ""list_id"": ""80028d07-9c98-48cf-84db-f77bc01c8bbc""}]","[{""uri"": ""http://vocab.getty.edu/aat/300388277"", ""labels"": [{""id"": ""39e49408-de39-44db-a191-fe36a5f04cfc"", ""value"": ""English (language)"", ""language_id"": ""en"", ""list_item_id"": ""38729dbe-6d1c-48ce-bf47-e2a18945600e"", ""valuetype_id"": ""prefLabel""}], ""list_id"": ""f7fc4f6d-fd46-4881-846f-4a08bc1a3fef""}]"
a6a05fe7-00c3-45a7-9efc-1fa8ffcde586,36956e50-d770-11ef-8f5d-0275dc2ded29,166c7b56-b36e-4cfa-9dc0-7d232f147d69,1,ed84a6a5-43c8-4fcb-bffe-7dd4014fbb87,"{""en"": {""value"": ""Duroxan"", ""direction"": ""ltr""}}","[{""uri"": ""http://vocab.getty.edu/aat/300404670"", ""labels"": [{""id"": ""b379db2b-3066-4a46-8e8d-f70ad539323e"", ""value"": ""preferred terms"", ""language_id"": ""en"", ""list_item_id"": ""5f400d39-3b6b-4b8a-939b-4e49787c7444"", ""valuetype_id"": ""prefLabel""}], ""list_id"": ""80028d07-9c98-48cf-84db-f77bc01c8bbc""}]","[{""uri"": ""http://vocab.getty.edu/aat/300388277"", ""labels"": [{""id"": ""39e49408-de39-44db-a191-fe36a5f04cfc"", ""value"": ""English (language)"", ""language_id"": ""en"", ""list_item_id"": ""38729dbe-6d1c-48ce-bf47-e2a18945600e"", ""valuetype_id"": ""prefLabel""}], ""list_id"": ""f7fc4f6d-fd46-4881-846f-4a08bc1a3fef""}]"
10ba0b05-6909-4676-9903-4dfade114bbb,36956e50-d770-11ef-8f5d-0275dc2ded29,166c7b56-b36e-4cfa-9dc0-7d232f147d69,1,673f6403-77b1-4da7-b154-94cd786b1e3e,"{""en"": {""value"": ""Pfennigs"", ""direction"": ""ltr""}}","[{""uri"": ""http://vocab.getty.edu/aat/300404670"", ""labels"": [{""id"": ""b379db2b-3066-4a46-8e8d-f70ad539323e"", ""value"": ""preferred terms"", ""language_id"": ""en"", ""list_item_id"": ""5f400d39-3b6b-4b8a-939b-4e49787c7444"", ""valuetype_id"": ""prefLabel""}], ""list_id"": ""80028d07-9c98-48cf-84db-f77bc01c8bbc""}]","[{""uri"": ""http://vocab.getty.edu/aat/300388277"", ""labels"": [{""id"": ""39e49408-de39-44db-a191-fe36a5f04cfc"", ""value"": ""English (language)"", ""language_id"": ""en"", ""list_item_id"": ""38729dbe-6d1c-48ce-bf47-e2a18945600e"", ""valuetype_id"": ""prefLabel""}], ""list_id"": ""f7fc4f6d-fd46-4881-846f-4a08bc1a3fef""}]"
7b523ad0-5453-4c79-a70e-aaca0dd52a94,36956e50-d770-11ef-8f5d-0275dc2ded29,166c7b56-b36e-4cfa-9dc0-7d232f147d69,1,ba9d8d8c-d091-4881-96ae-c2840f36a11e,"{""en"": {""value"": ""Spectrum Oil Colours"", ""direction"": ""ltr""}}","[{""uri"": ""http://vocab.getty.edu/aat/300404670"", ""labels"": [{""id"": ""b379db2b-3066-4a46-8e8d-f70ad539323e"", ""value"": ""preferred terms"", ""language_id"": ""en"", ""list_item_id"": ""5f400d39-3b6b-4b8a-939b-4e49787c7444"", ""valuetype_id"": ""prefLabel""}], ""list_id"": ""80028d07-9c98-48cf-84db-f77bc01c8bbc""}]","[{""uri"": ""http://vocab.getty.edu/aat/300388277"", ""labels"": [{""id"": ""39e49408-de39-44db-a191-fe36a5f04cfc"", ""value"": ""English (language)"", ""language_id"": ""en"", ""list_item_id"": ""38729dbe-6d1c-48ce-bf47-e2a18945600e"", ""valuetype_id"": ""prefLabel""}], ""list_id"": ""f7fc4f6d-fd46-4881-846f-4a08bc1a3fef""}]"
e6a6493b-6e52-4393-8948-1adaaab601fa,36956e50-d770-11ef-8f5d-0275dc2ded29,166c7b56-b36e-4cfa-9dc0-7d232f147d69,1,6dfb3513-9369-4a5f-8f3a-732c4a5fee2c,"{""en"": {""value"": ""Kremer-Pigmente"", ""direction"": ""ltr""}}","[{""uri"": ""http://vocab.getty.edu/aat/300404670"", ""labels"": [{""id"": ""b379db2b-3066-4a46-8e8d-f70ad539323e"", ""value"": ""preferred terms"", ""language_id"": ""en"", ""list_item_id"": ""5f400d39-3b6b-4b8a-939b-4e49787c7444"", ""valuetype_id"": ""prefLabel""}], ""list_id"": ""80028d07-9c98-48cf-84db-f77bc01c8bbc""}]","[{""uri"": ""http://vocab.getty.edu/aat/300388277"", ""labels"": [{""id"": ""39e49408-de39-44db-a191-fe36a5f04cfc"", ""value"": ""English (language)"", ""language_id"": ""en"", ""list_item_id"": ""38729dbe-6d1c-48ce-bf47-e2a18945600e"", ""valuetype_id"": ""prefLabel""}], ""list_id"": ""f7fc4f6d-fd46-4881-846f-4a08bc1a3fef""}]"
71e2916d-2f9c-47a1-a4fa-7c00f297fdb6,36956e50-d770-11ef-8f5d-0275dc2ded29,166c7b56-b36e-4cfa-9dc0-7d232f147d69,1,77549cef-b6c0-4d46-9c8b-90e53ba0a862,"{""en"": {""value"": ""Maimeri & Company"", ""direction"": ""ltr""}}","[{""uri"": ""http://vocab.getty.edu/aat/300404670"", ""labels"": [{""id"": ""b379db2b-3066-4a46-8e8d-f70ad539323e"", ""value"": ""preferred terms"", ""language_id"": ""en"", ""list_item_id"": ""5f400d39-3b6b-4b8a-939b-4e49787c7444"", ""valuetype_id"": ""prefLabel""}], ""list_id"": ""80028d07-9c98-48cf-84db-f77bc01c8bbc""}]","[{""uri"": ""http://vocab.getty.edu/aat/300388277"", ""labels"": [{""id"": ""39e49408-de39-44db-a191-fe36a5f04cfc"", ""value"": ""English (language)"", ""language_id"": ""en"", ""list_item_id"": ""38729dbe-6d1c-48ce-bf47-e2a18945600e"", ""valuetype_id"": ""prefLabel""}], ""list_id"": ""f7fc4f6d-fd46-4881-846f-4a08bc1a3fef""}]"
b663e320-3c30-42f4-ad57-8406822d1bda,36956e50-d770-11ef-8f5d-0275dc2ded29,166c7b56-b36e-4cfa-9dc0-7d232f147d69,1,38df28f3-f526-4e5d-a137-7ed4ddd31c1f,"{""en"": {""value"": ""Angus Chemical Company (Dow)"", ""direction"": ""ltr""}}","[{""uri"": ""http://vocab.getty.edu/aat/300404670"", ""labels"": [{""id"": ""b379db2b-3066-4a46-8e8d-f70ad539323e"", ""value"": ""preferred terms"", ""language_id"": ""en"", ""list_item_id"": ""5f400d39-3b6b-4b8a-939b-4e49787c7444"", ""valuetype_id"": ""prefLabel""}], ""list_id"": ""80028d07-9c98-48cf-84db-f77bc01c8bbc""}]","[{""uri"": ""http://vocab.getty.edu/aat/300388277"", ""labels"": [{""id"": ""39e49408-de39-44db-a191-fe36a5f04cfc"", ""value"": ""English (language)"", ""language_id"": ""en"", ""list_item_id"": ""38729dbe-6d1c-48ce-bf47-e2a18945600e"", ""valuetype_id"": ""prefLabel""}], ""list_id"": ""f7fc4f6d-fd46-4881-846f-4a08bc1a3fef""}]"
a5e7d799-117b-4476-9635-b89cfb161975,36956e50-d770-11ef-8f5d-0275dc2ded29,166c7b56-b36e-4cfa-9dc0-7d232f147d69,1,748e3e8f-9799-4974-ae01-29fa89383a97,"{""en"": {""value"": ""David John Lee"", ""direction"": ""ltr""}}","[{""uri"": ""http://vocab.getty.edu/aat/300404670"", ""labels"": [{""id"": ""b379db2b-3066-4a46-8e8d-f70ad539323e"", ""value"": ""preferred terms"", ""language_id"": ""en"", ""list_item_id"": ""5f400d39-3b6b-4b8a-939b-4e49787c7444"", ""valuetype_id"": ""prefLabel""}], ""list_id"": ""80028d07-9c98-48cf-84db-f77bc01c8bbc""}]","[{""uri"": ""http://vocab.getty.edu/aat/300388277"", ""labels"": [{""id"": ""39e49408-de39-44db-a191-fe36a5f04cfc"", ""value"": ""English (language)"", ""language_id"": ""en"", ""list_item_id"": ""38729dbe-6d1c-48ce-bf47-e2a18945600e"", ""valuetype_id"": ""prefLabel""}], ""list_id"": ""f7fc4f6d-fd46-4881-846f-4a08bc1a3fef""}]"
3736740b-73ff-40eb-832d-d30c1943216b,36956e50-d770-11ef-8f5d-0275dc2ded29,166c7b56-b36e-4cfa-9dc0-7d232f147d69,1,543877ae-2b1c-4ef1-b886-3eb137f75cf9,"{""en"": {""value"": ""Lesley Bone"", ""direction"": ""ltr""}}","[{""uri"": ""http://vocab.getty.edu/aat/300404670"", ""labels"": [{""id"": ""b379db2b-3066-4a46-8e8d-f70ad539323e"", ""value"": ""preferred terms"", ""language_id"": ""en"", ""list_item_id"": ""5f400d39-3b6b-4b8a-939b-4e49787c7444"", ""valuetype_id"": ""prefLabel""}], ""list_id"": ""80028d07-9c98-48cf-84db-f77bc01c8bbc""}]","[{""uri"": ""http://vocab.getty.edu/aat/300388277"", ""labels"": [{""id"": ""39e49408-de39-44db-a191-fe36a5f04cfc"", ""value"": ""English (language)"", ""language_id"": ""en"", ""list_item_id"": ""38729dbe-6d1c-48ce-bf47-e2a18945600e"", ""valuetype_id"": ""prefLabel""}], ""list_id"": ""f7fc4f6d-fd46-4881-846f-4a08bc1a3fef""}]"
eb22a31a-f01f-47bd-b9ee-6e3abbd12acc,36956e50-d770-11ef-8f5d-0275dc2ded29,166c7b56-b36e-4cfa-9dc0-7d232f147d69,1,df3b9856-36f0-4cef-a60f-22ff046112b3,"{""en"": {""value"": ""Ashland Specialty Chemical Co."", ""direction"": ""ltr""}}","[{""uri"": ""http://vocab.getty.edu/aat/300404670"", ""labels"": [{""id"": ""b379db2b-3066-4a46-8e8d-f70ad539323e"", ""value"": ""preferred terms"", ""language_id"": ""en"", ""list_item_id"": ""5f400d39-3b6b-4b8a-939b-4e49787c7444"", ""valuetype_id"": ""prefLabel""}], ""list_id"": ""80028d07-9c98-48cf-84db-f77bc01c8bbc""}]","[{""uri"": ""http://vocab.getty.edu/aat/300388277"", ""labels"": [{""id"": ""39e49408-de39-44db-a191-fe36a5f04cfc"", ""value"": ""English (language)"", ""language_id"": ""en"", ""list_item_id"": ""38729dbe-6d1c-48ce-bf47-e2a18945600e"", ""valuetype_id"": ""prefLabel""}], ""list_id"": ""f7fc4f6d-fd46-4881-846f-4a08bc1a3fef""}]"
eaf4e7a9-4e4e-43a8-8b69-51bf6ec947b3,36956e50-d770-11ef-8f5d-0275dc2ded29,166c7b56-b36e-4cfa-9dc0-7d232f147d69,1,e4168f9c-cba6-425d-948c-6874cbe4cd7a,"{""en"": {""value"": ""Arakawa Chemical"", ""direction"": ""ltr""}}","[{""uri"": ""http://vocab.getty.edu/aat/300404670"", ""labels"": [{""id"": ""b379db2b-3066-4a46-8e8d-f70ad539323e"", ""value"": ""preferred terms"", ""language_id"": ""en"", ""list_item_id"": ""5f400d39-3b6b-4b8a-939b-4e49787c7444"", ""valuetype_id"": ""prefLabel""}], ""list_id"": ""80028d07-9c98-48cf-84db-f77bc01c8bbc""}]","[{""uri"": ""http://vocab.getty.edu/aat/300388277"", ""labels"": [{""id"": ""39e49408-de39-44db-a191-fe36a5f04cfc"", ""value"": ""English (language)"", ""language_id"": ""en"", ""list_item_id"": ""38729dbe-6d1c-48ce-bf47-e2a18945600e"", ""valuetype_id"": ""prefLabel""}], ""list_id"": ""f7fc4f6d-fd46-4881-846f-4a08bc1a3fef""}]"
c9aed6b0-4e94-4b2e-9062-eb9c30e6c45c,36956e50-d770-11ef-8f5d-0275dc2ded29,166c7b56-b36e-4cfa-9dc0-7d232f147d69,1,a0f67c08-9a90-46be-b4ef-19e0c90527ea,"{""en"": {""value"": ""N.J. Zinc Company"", ""direction"": ""ltr""}}","[{""uri"": ""http://vocab.getty.edu/aat/300404670"", ""labels"": [{""id"": ""b379db2b-3066-4a46-8e8d-f70ad539323e"", ""value"": ""preferred terms"", ""language_id"": ""en"", ""list_item_id"": ""5f400d39-3b6b-4b8a-939b-4e49787c7444"", ""valuetype_id"": ""prefLabel""}], ""list_id"": ""80028d07-9c98-48cf-84db-f77bc01c8bbc""}]","[{""uri"": ""http://vocab.getty.edu/aat/300388277"", ""labels"": [{""id"": ""39e49408-de39-44db-a191-fe36a5f04cfc"", ""value"": ""English (language)"", ""language_id"": ""en"", ""list_item_id"": ""38729dbe-6d1c-48ce-bf47-e2a18945600e"", ""valuetype_id"": ""prefLabel""}], ""list_id"": ""f7fc4f6d-fd46-4881-846f-4a08bc1a3fef""}]"
d7a77a65-95a4-4481-b165-e994b53590c8,36956e50-d770-11ef-8f5d-0275dc2ded29,166c7b56-b36e-4cfa-9dc0-7d232f147d69,1,e912ae3e-e1d4-4526-84bf-cff2d1744c02,"{""en"": {""value"": ""Daler Rowney"", ""direction"": ""ltr""}}","[{""uri"": ""http://vocab.getty.edu/aat/300404670"", ""labels"": [{""id"": ""b379db2b-3066-4a46-8e8d-f70ad539323e"", ""value"": ""preferred terms"", ""language_id"": ""en"", ""list_item_id"": ""5f400d39-3b6b-4b8a-939b-4e49787c7444"", ""valuetype_id"": ""prefLabel""}], ""list_id"": ""80028d07-9c98-48cf-84db-f77bc01c8bbc""}]","[{""uri"": ""http://vocab.getty.edu/aat/300388277"", ""labels"": [{""id"": ""39e49408-de39-44db-a191-fe36a5f04cfc"", ""value"": ""English (language)"", ""language_id"": ""en"", ""list_item_id"": ""38729dbe-6d1c-48ce-bf47-e2a18945600e"", ""valuetype_id"": ""prefLabel""}], ""list_id"": ""f7fc4f6d-fd46-4881-846f-4a08bc1a3fef""}]"
0ff76fae-cba9-41e4-b9f1-8fad8f08b691,36956e50-d770-11ef-8f5d-0275dc2ded29,166c7b56-b36e-4cfa-9dc0-7d232f147d69,1,d99257eb-ce8f-404e-a2c2-7dbea3bacd9b,"{""en"": {""value"": ""Standard Brands Paint Company"", ""direction"": ""ltr""}}","[{""uri"": ""http://vocab.getty.edu/aat/300404670"", ""labels"": [{""id"": ""b379db2b-3066-4a46-8e8d-f70ad539323e"", ""value"": ""preferred terms"", ""language_id"": ""en"", ""list_item_id"": ""5f400d39-3b6b-4b8a-939b-4e49787c7444"", ""valuetype_id"": ""prefLabel""}], ""list_id"": ""80028d07-9c98-48cf-84db-f77bc01c8bbc""}]","[{""uri"": ""http://vocab.getty.edu/aat/300388277"", ""labels"": [{""id"": ""39e49408-de39-44db-a191-fe36a5f04cfc"", ""value"": ""English (language)"", ""language_id"": ""en"", ""list_item_id"": ""38729dbe-6d1c-48ce-bf47-e2a18945600e"", ""valuetype_id"": ""prefLabel""}], ""list_id"": ""f7fc4f6d-fd46-4881-846f-4a08bc1a3fef""}]"
8360d167-5ec5-425a-add2-4b9fd42a799a,36956e50-d770-11ef-8f5d-0275dc2ded29,166c7b56-b36e-4cfa-9dc0-7d232f147d69,1,f4de1fe3-9518-4f9c-8616-da59a2f602bb,"{""en"": {""value"": ""Foma"", ""direction"": ""ltr""}}","[{""uri"": ""http://vocab.getty.edu/aat/300404670"", ""labels"": [{""id"": ""b379db2b-3066-4a46-8e8d-f70ad539323e"", ""value"": ""preferred terms"", ""language_id"": ""en"", ""list_item_id"": ""5f400d39-3b6b-4b8a-939b-4e49787c7444"", ""valuetype_id"": ""prefLabel""}], ""list_id"": ""80028d07-9c98-48cf-84db-f77bc01c8bbc""}]","[{""uri"": ""http://vocab.getty.edu/aat/300388277"", ""labels"": [{""id"": ""39e49408-de39-44db-a191-fe36a5f04cfc"", ""value"": ""English (language)"", ""language_id"": ""en"", ""list_item_id"": ""38729dbe-6d1c-48ce-bf47-e2a18945600e"", ""valuetype_id"": ""prefLabel""}], ""list_id"": ""f7fc4f6d-fd46-4881-846f-4a08bc1a3fef""}]"
a85373f9-70ad-41ae-a434-34e8e4940dcd,36956e50-d770-11ef-8f5d-0275dc2ded29,166c7b56-b36e-4cfa-9dc0-7d232f147d69,1,287a0359-d415-4740-8256-05138f6822db,"{""en"": {""value"": ""GAF Corp."", ""direction"": ""ltr""}}","[{""uri"": ""http://vocab.getty.edu/aat/300404670"", ""labels"": [{""id"": ""b379db2b-3066-4a46-8e8d-f70ad539323e"", ""value"": ""preferred terms"", ""language_id"": ""en"", ""list_item_id"": ""5f400d39-3b6b-4b8a-939b-4e49787c7444"", ""valuetype_id"": ""prefLabel""}], ""list_id"": ""80028d07-9c98-48cf-84db-f77bc01c8bbc""}]","[{""uri"": ""http://vocab.getty.edu/aat/300388277"", ""labels"": [{""id"": ""39e49408-de39-44db-a191-fe36a5f04cfc"", ""value"": ""English (language)"", ""language_id"": ""en"", ""list_item_id"": ""38729dbe-6d1c-48ce-bf47-e2a18945600e"", ""valuetype_id"": ""prefLabel""}], ""list_id"": ""f7fc4f6d-fd46-4881-846f-4a08bc1a3fef""}]"
99887aa9-ce00-45a3-9c0d-943e1c2aa827,36956e50-d770-11ef-8f5d-0275dc2ded29,166c7b56-b36e-4cfa-9dc0-7d232f147d69,1,9eca4dab-ad1f-42c4-b29e-4431b97ad95b,"{""en"": {""value"": ""Z. Pinney"", ""direction"": ""ltr""}}","[{""uri"": ""http://vocab.getty.edu/aat/300404670"", ""labels"": [{""id"": ""b379db2b-3066-4a46-8e8d-f70ad539323e"", ""value"": ""preferred terms"", ""language_id"": ""en"", ""list_item_id"": ""5f400d39-3b6b-4b8a-939b-4e49787c7444"", ""valuetype_id"": ""prefLabel""}], ""list_id"": ""80028d07-9c98-48cf-84db-f77bc01c8bbc""}]","[{""uri"": ""http://vocab.getty.edu/aat/300388277"", ""labels"": [{""id"": ""39e49408-de39-44db-a191-fe36a5f04cfc"", ""value"": ""English (language)"", ""language_id"": ""en"", ""list_item_id"": ""38729dbe-6d1c-48ce-bf47-e2a18945600e"", ""valuetype_id"": ""prefLabel""}], ""list_id"": ""f7fc4f6d-fd46-4881-846f-4a08bc1a3fef""}]"
803f2239-5ffe-4a7d-a69e-d74141867924,36956e50-d770-11ef-8f5d-0275dc2ded29,166c7b56-b36e-4cfa-9dc0-7d232f147d69,1,27ff8d80-a1a3-44b9-b471-5ead6a30140c,"{""en"": {""value"": ""Fieux"", ""direction"": ""ltr""}}","[{""uri"": ""http://vocab.getty.edu/aat/300404670"", ""labels"": [{""id"": ""b379db2b-3066-4a46-8e8d-f70ad539323e"", ""value"": ""preferred terms"", ""language_id"": ""en"", ""list_item_id"": ""5f400d39-3b6b-4b8a-939b-4e49787c7444"", ""valuetype_id"": ""prefLabel""}], ""list_id"": ""80028d07-9c98-48cf-84db-f77bc01c8bbc""}]","[{""uri"": ""http://vocab.getty.edu/aat/300388277"", ""labels"": [{""id"": ""39e49408-de39-44db-a191-fe36a5f04cfc"", ""value"": ""English (language)"", ""language_id"": ""en"", ""list_item_id"": ""38729dbe-6d1c-48ce-bf47-e2a18945600e"", ""valuetype_id"": ""prefLabel""}], ""list_id"": ""f7fc4f6d-fd46-4881-846f-4a08bc1a3fef""}]"
ed5b0bae-4923-41f9-bee3-590ab6e644b4,36956e50-d770-11ef-8f5d-0275dc2ded29,166c7b56-b36e-4cfa-9dc0-7d232f147d69,1,0bc3fe12-5994-48cd-8527-8c1f384be671,"{""en"": {""value"": ""Newman"", ""direction"": ""ltr""}}","[{""uri"": ""http://vocab.getty.edu/aat/300404670"", ""labels"": [{""id"": ""b379db2b-3066-4a46-8e8d-f70ad539323e"", ""value"": ""preferred terms"", ""language_id"": ""en"", ""list_item_id"": ""5f400d39-3b6b-4b8a-939b-4e49787c7444"", ""valuetype_id"": ""prefLabel""}], ""list_id"": ""80028d07-9c98-48cf-84db-f77bc01c8bbc""}]","[{""uri"": ""http://vocab.getty.edu/aat/300388277"", ""labels"": [{""id"": ""39e49408-de39-44db-a191-fe36a5f04cfc"", ""value"": ""English (language)"", ""language_id"": ""en"", ""list_item_id"": ""38729dbe-6d1c-48ce-bf47-e2a18945600e"", ""valuetype_id"": ""prefLabel""}], ""list_id"": ""f7fc4f6d-fd46-4881-846f-4a08bc1a3fef""}]"
399d60c5-1b95-42e9-a0cb-2dda19460cf3,36956e50-d770-11ef-8f5d-0275dc2ded29,166c7b56-b36e-4cfa-9dc0-7d232f147d69,1,01edf922-b5de-4e7f-ba4b-261271a404c2,"{""en"": {""value"": ""E. Ordonez"", ""direction"": ""ltr""}}","[{""uri"": ""http://vocab.getty.edu/aat/300404670"", ""labels"": [{""id"": ""b379db2b-3066-4a46-8e8d-f70ad539323e"", ""value"": ""preferred terms"", ""language_id"": ""en"", ""list_item_id"": ""5f400d39-3b6b-4b8a-939b-4e49787c7444"", ""valuetype_id"": ""prefLabel""}], ""list_id"": ""80028d07-9c98-48cf-84db-f77bc01c8bbc""}]","[{""uri"": ""http://vocab.getty.edu/aat/300388277"", ""labels"": [{""id"": ""39e49408-de39-44db-a191-fe36a5f04cfc"", ""value"": ""English (language)"", ""language_id"": ""en"", ""list_item_id"": ""38729dbe-6d1c-48ce-bf47-e2a18945600e"", ""valuetype_id"": ""prefLabel""}], ""list_id"": ""f7fc4f6d-fd46-4881-846f-4a08bc1a3fef""}]"
5db7f0df-1484-41f9-a40e-3ff040a3a56a,36956e50-d770-11ef-8f5d-0275dc2ded29,166c7b56-b36e-4cfa-9dc0-7d232f147d69,1,064be2d5-7cb8-4118-a951-5a9b5b2fd7b1,"{""en"": {""value"": ""Mr. Albert"", ""direction"": ""ltr""}}","[{""uri"": ""http://vocab.getty.edu/aat/300404670"", ""labels"": [{""id"": ""b379db2b-3066-4a46-8e8d-f70ad539323e"", ""value"": ""preferred terms"", ""language_id"": ""en"", ""list_item_id"": ""5f400d39-3b6b-4b8a-939b-4e49787c7444"", ""valuetype_id"": ""prefLabel""}], ""list_id"": ""80028d07-9c98-48cf-84db-f77bc01c8bbc""}]","[{""uri"": ""http://vocab.getty.edu/aat/300388277"", ""labels"": [{""id"": ""39e49408-de39-44db-a191-fe36a5f04cfc"", ""value"": ""English (language)"", ""language_id"": ""en"", ""list_item_id"": ""38729dbe-6d1c-48ce-bf47-e2a18945600e"", ""valuetype_id"": ""prefLabel""}], ""list_id"": ""f7fc4f6d-fd46-4881-846f-4a08bc1a3fef""}]"
7a11fd46-ca95-4c2a-ac6d-b5a3b5858fcb,36956e50-d770-11ef-8f5d-0275dc2ded29,166c7b56-b36e-4cfa-9dc0-7d232f147d69,1,38050263-b0f6-48a0-be79-242450fa2ae6,"{""en"": {""value"": ""Aldrich Chemical Company, Inc."", ""direction"": ""ltr""}}","[{""uri"": ""http://vocab.getty.edu/aat/300404670"", ""labels"": [{""id"": ""b379db2b-3066-4a46-8e8d-f70ad539323e"", ""value"": ""preferred terms"", ""language_id"": ""en"", ""list_item_id"": ""5f400d39-3b6b-4b8a-939b-4e49787c7444"", ""valuetype_id"": ""prefLabel""}], ""list_id"": ""80028d07-9c98-48cf-84db-f77bc01c8bbc""}]","[{""uri"": ""http://vocab.getty.edu/aat/300388277"", ""labels"": [{""id"": ""39e49408-de39-44db-a191-fe36a5f04cfc"", ""value"": ""English (language)"", ""language_id"": ""en"", ""list_item_id"": ""38729dbe-6d1c-48ce-bf47-e2a18945600e"", ""valuetype_id"": ""prefLabel""}], ""list_id"": ""f7fc4f6d-fd46-4881-846f-4a08bc1a3fef""}]"
3c76b8dc-394f-4f56-825f-78d7943febd6,36956e50-d770-11ef-8f5d-0275dc2ded29,166c7b56-b36e-4cfa-9dc0-7d232f147d69,1,dd182c3d-2f32-4823-bad7-4a90b9dc4739,"{""en"": {""value"": ""CIBA - GEIGY Corporation"", ""direction"": ""ltr""}}","[{""uri"": ""http://vocab.getty.edu/aat/300404670"", ""labels"": [{""id"": ""b379db2b-3066-4a46-8e8d-f70ad539323e"", ""value"": ""preferred terms"", ""language_id"": ""en"", ""list_item_id"": ""5f400d39-3b6b-4b8a-939b-4e49787c7444"", ""valuetype_id"": ""prefLabel""}], ""list_id"": ""80028d07-9c98-48cf-84db-f77bc01c8bbc""}]","[{""uri"": ""http://vocab.getty.edu/aat/300388277"", ""labels"": [{""id"": ""39e49408-de39-44db-a191-fe36a5f04cfc"", ""value"": ""English (language)"", ""language_id"": ""en"", ""list_item_id"": ""38729dbe-6d1c-48ce-bf47-e2a18945600e"", ""valuetype_id"": ""prefLabel""}], ""list_id"": ""f7fc4f6d-fd46-4881-846f-4a08bc1a3fef""}]"
41545f14-10e8-445e-8e57-8ca01e349601,36956e50-d770-11ef-8f5d-0275dc2ded29,166c7b56-b36e-4cfa-9dc0-7d232f147d69,1,ba4e68fb-29ca-4969-b36f-199cee0831e2,"{""en"": {""value"": ""Conservation Materials, Ltd."", ""direction"": ""ltr""}}","[{""uri"": ""http://vocab.getty.edu/aat/300404670"", ""labels"": [{""id"": ""b379db2b-3066-4a46-8e8d-f70ad539323e"", ""value"": ""preferred terms"", ""language_id"": ""en"", ""list_item_id"": ""5f400d39-3b6b-4b8a-939b-4e49787c7444"", ""valuetype_id"": ""prefLabel""}], ""list_id"": ""80028d07-9c98-48cf-84db-f77bc01c8bbc""}]","[{""uri"": ""http://vocab.getty.edu/aat/300388277"", ""labels"": [{""id"": ""39e49408-de39-44db-a191-fe36a5f04cfc"", ""value"": ""English (language)"", ""language_id"": ""en"", ""list_item_id"": ""38729dbe-6d1c-48ce-bf47-e2a18945600e"", ""valuetype_id"": ""prefLabel""}], ""list_id"": ""f7fc4f6d-fd46-4881-846f-4a08bc1a3fef""}]"
1d28c160-70ce-47e2-b39f-b9646809112e,36956e50-d770-11ef-8f5d-0275dc2ded29,166c7b56-b36e-4cfa-9dc0-7d232f147d69,1,d768ec95-18b1-4e1a-9c90-da86ab0ecf80,"{""en"": {""value"": ""H. Marcel Guest Ltd."", ""direction"": ""ltr""}}","[{""uri"": ""http://vocab.getty.edu/aat/300404670"", ""labels"": [{""id"": ""b379db2b-3066-4a46-8e8d-f70ad539323e"", ""value"": ""preferred terms"", ""language_id"": ""en"", ""list_item_id"": ""5f400d39-3b6b-4b8a-939b-4e49787c7444"", ""valuetype_id"": ""prefLabel""}], ""list_id"": ""80028d07-9c98-48cf-84db-f77bc01c8bbc""}]","[{""uri"": ""http://vocab.getty.edu/aat/300388277"", ""labels"": [{""id"": ""39e49408-de39-44db-a191-fe36a5f04cfc"", ""value"": ""English (language)"", ""language_id"": ""en"", ""list_item_id"": ""38729dbe-6d1c-48ce-bf47-e2a18945600e"", ""valuetype_id"": ""prefLabel""}], ""list_id"": ""f7fc4f6d-fd46-4881-846f-4a08bc1a3fef""}]"
010b080a-41a5-4af0-850c-a3b44444d237,36956e50-d770-11ef-8f5d-0275dc2ded29,166c7b56-b36e-4cfa-9dc0-7d232f147d69,1,e2e77fd3-ed84-4421-b684-c3d3d8a858b3,"{""en"": {""value"": ""T.J. Ronan Co."", ""direction"": ""ltr""}}","[{""uri"": ""http://vocab.getty.edu/aat/300404670"", ""labels"": [{""id"": ""b379db2b-3066-4a46-8e8d-f70ad539323e"", ""value"": ""preferred terms"", ""language_id"": ""en"", ""list_item_id"": ""5f400d39-3b6b-4b8a-939b-4e49787c7444"", ""valuetype_id"": ""prefLabel""}], ""list_id"": ""80028d07-9c98-48cf-84db-f77bc01c8bbc""}]","[{""uri"": ""http://vocab.getty.edu/aat/300388277"", ""labels"": [{""id"": ""39e49408-de39-44db-a191-fe36a5f04cfc"", ""value"": ""English (language)"", ""language_id"": ""en"", ""list_item_id"": ""38729dbe-6d1c-48ce-bf47-e2a18945600e"", ""valuetype_id"": ""prefLabel""}], ""list_id"": ""f7fc4f6d-fd46-4881-846f-4a08bc1a3fef""}]"
39fe3aca-f8eb-453f-8296-c96470abba12,36956e50-d770-11ef-8f5d-0275dc2ded29,166c7b56-b36e-4cfa-9dc0-7d232f147d69,1,24b215a0-1b68-4c5a-af22-a83cb4a38d9f,"{""en"": {""value"": ""Dow Chemical Company"", ""direction"": ""ltr""}}","[{""uri"": ""http://vocab.getty.edu/aat/300404670"", ""labels"": [{""id"": ""b379db2b-3066-4a46-8e8d-f70ad539323e"", ""value"": ""preferred terms"", ""language_id"": ""en"", ""list_item_id"": ""5f400d39-3b6b-4b8a-939b-4e49787c7444"", ""valuetype_id"": ""prefLabel""}], ""list_id"": ""80028d07-9c98-48cf-84db-f77bc01c8bbc""}]","[{""uri"": ""http://vocab.getty.edu/aat/300388277"", ""labels"": [{""id"": ""39e49408-de39-44db-a191-fe36a5f04cfc"", ""value"": ""English (language)"", ""language_id"": ""en"", ""list_item_id"": ""38729dbe-6d1c-48ce-bf47-e2a18945600e"", ""valuetype_id"": ""prefLabel""}], ""list_id"": ""f7fc4f6d-fd46-4881-846f-4a08bc1a3fef""}]"
c5d17e6f-fd30-426a-9374-6250ca3eb5d9,36956e50-d770-11ef-8f5d-0275dc2ded29,166c7b56-b36e-4cfa-9dc0-7d232f147d69,1,c1ce5f85-883e-4fa1-8255-6bd9a2b83d2b,"{""en"": {""value"": ""M. H. Horowitz"", ""direction"": ""ltr""}}","[{""uri"": ""http://vocab.getty.edu/aat/300404670"", ""labels"": [{""id"": ""b379db2b-3066-4a46-8e8d-f70ad539323e"", ""value"": ""preferred terms"", ""language_id"": ""en"", ""list_item_id"": ""5f400d39-3b6b-4b8a-939b-4e49787c7444"", ""valuetype_id"": ""prefLabel""}], ""list_id"": ""80028d07-9c98-48cf-84db-f77bc01c8bbc""}]","[{""uri"": ""http://vocab.getty.edu/aat/300388277"", ""labels"": [{""id"": ""39e49408-de39-44db-a191-fe36a5f04cfc"", ""value"": ""English (language)"", ""language_id"": ""en"", ""list_item_id"": ""38729dbe-6d1c-48ce-bf47-e2a18945600e"", ""valuetype_id"": ""prefLabel""}], ""list_id"": ""f7fc4f6d-fd46-4881-846f-4a08bc1a3fef""}]"
bb5c8c26-30f5-4c4d-9eb0-37dc1cc81f7f,36956e50-d770-11ef-8f5d-0275dc2ded29,166c7b56-b36e-4cfa-9dc0-7d232f147d69,1,98af1554-cc90-49d4-90ef-e2dfe6c9a064,"{""en"": {""value"": ""Max Grumbacher"", ""direction"": ""ltr""}}","[{""uri"": ""http://vocab.getty.edu/aat/300404670"", ""labels"": [{""id"": ""b379db2b-3066-4a46-8e8d-f70ad539323e"", ""value"": ""preferred terms"", ""language_id"": ""en"", ""list_item_id"": ""5f400d39-3b6b-4b8a-939b-4e49787c7444"", ""valuetype_id"": ""prefLabel""}], ""list_id"": ""80028d07-9c98-48cf-84db-f77bc01c8bbc""}]","[{""uri"": ""http://vocab.getty.edu/aat/300388277"", ""labels"": [{""id"": ""39e49408-de39-44db-a191-fe36a5f04cfc"", ""value"": ""English (language)"", ""language_id"": ""en"", ""list_item_id"": ""38729dbe-6d1c-48ce-bf47-e2a18945600e"", ""valuetype_id"": ""prefLabel""}], ""list_id"": ""f7fc4f6d-fd46-4881-846f-4a08bc1a3fef""}]"
dad9c8c3-5ee5-487e-b9ec-58019acb380f,36956e50-d770-11ef-8f5d-0275dc2ded29,166c7b56-b36e-4cfa-9dc0-7d232f147d69,1,e1e3195a-43b6-436d-bc47-e967d9a1edba,"{""en"": {""value"": ""Canadian Grain Commission"", ""direction"": ""ltr""}}","[{""uri"": ""http://vocab.getty.edu/aat/300404670"", ""labels"": [{""id"": ""b379db2b-3066-4a46-8e8d-f70ad539323e"", ""value"": ""preferred terms"", ""language_id"": ""en"", ""list_item_id"": ""5f400d39-3b6b-4b8a-939b-4e49787c7444"", ""valuetype_id"": ""prefLabel""}], ""list_id"": ""80028d07-9c98-48cf-84db-f77bc01c8bbc""}]","[{""uri"": ""http://vocab.getty.edu/aat/300388277"", ""labels"": [{""id"": ""39e49408-de39-44db-a191-fe36a5f04cfc"", ""value"": ""English (language)"", ""language_id"": ""en"", ""list_item_id"": ""38729dbe-6d1c-48ce-bf47-e2a18945600e"", ""valuetype_id"": ""prefLabel""}], ""list_id"": ""f7fc4f6d-fd46-4881-846f-4a08bc1a3fef""}]"
85080b00-046f-4721-b076-42d7e0c72c55,36956e50-d770-11ef-8f5d-0275dc2ded29,166c7b56-b36e-4cfa-9dc0-7d232f147d69,1,69fd355e-c8ba-456e-af65-0fd9ddc039d7,"{""en"": {""value"": ""Hans O. Mahn & Co."", ""direction"": ""ltr""}}","[{""uri"": ""http://vocab.getty.edu/aat/300404670"", ""labels"": [{""id"": ""b379db2b-3066-4a46-8e8d-f70ad539323e"", ""value"": ""preferred terms"", ""language_id"": ""en"", ""list_item_id"": ""5f400d39-3b6b-4b8a-939b-4e49787c7444"", ""valuetype_id"": ""prefLabel""}], ""list_id"": ""80028d07-9c98-48cf-84db-f77bc01c8bbc""}]","[{""uri"": ""http://vocab.getty.edu/aat/300388277"", ""labels"": [{""id"": ""39e49408-de39-44db-a191-fe36a5f04cfc"", ""value"": ""English (language)"", ""language_id"": ""en"", ""list_item_id"": ""38729dbe-6d1c-48ce-bf47-e2a18945600e"", ""valuetype_id"": ""prefLabel""}], ""list_id"": ""f7fc4f6d-fd46-4881-846f-4a08bc1a3fef""}]"
e4c43066-eb31-421d-ac33-ca9ca9e07315,36956e50-d770-11ef-8f5d-0275dc2ded29,166c7b56-b36e-4cfa-9dc0-7d232f147d69,1,d7267fdf-65fc-4d83-bf6a-b6a21449b9bf,"{""en"": {""value"": ""Chen Fu Photo Material"", ""direction"": ""ltr""}}","[{""uri"": ""http://vocab.getty.edu/aat/300404670"", ""labels"": [{""id"": ""b379db2b-3066-4a46-8e8d-f70ad539323e"", ""value"": ""preferred terms"", ""language_id"": ""en"", ""list_item_id"": ""5f400d39-3b6b-4b8a-939b-4e49787c7444"", ""valuetype_id"": ""prefLabel""}], ""list_id"": ""80028d07-9c98-48cf-84db-f77bc01c8bbc""}]","[{""uri"": ""http://vocab.getty.edu/aat/300388277"", ""labels"": [{""id"": ""39e49408-de39-44db-a191-fe36a5f04cfc"", ""value"": ""English (language)"", ""language_id"": ""en"", ""list_item_id"": ""38729dbe-6d1c-48ce-bf47-e2a18945600e"", ""valuetype_id"": ""prefLabel""}], ""list_id"": ""f7fc4f6d-fd46-4881-846f-4a08bc1a3fef""}]"
72f5ae2d-df79-405b-901d-53fddeb738f0,36956e50-d770-11ef-8f5d-0275dc2ded29,166c7b56-b36e-4cfa-9dc0-7d232f147d69,1,c74813d4-c656-4120-8d7a-90b505f20c2c,"{""en"": {""value"": ""Ilford Limited, London"", ""direction"": ""ltr""}}","[{""uri"": ""http://vocab.getty.edu/aat/300404670"", ""labels"": [{""id"": ""b379db2b-3066-4a46-8e8d-f70ad539323e"", ""value"": ""preferred terms"", ""language_id"": ""en"", ""list_item_id"": ""5f400d39-3b6b-4b8a-939b-4e49787c7444"", ""valuetype_id"": ""prefLabel""}], ""list_id"": ""80028d07-9c98-48cf-84db-f77bc01c8bbc""}]","[{""uri"": ""http://vocab.getty.edu/aat/300388277"", ""labels"": [{""id"": ""39e49408-de39-44db-a191-fe36a5f04cfc"", ""value"": ""English (language)"", ""language_id"": ""en"", ""list_item_id"": ""38729dbe-6d1c-48ce-bf47-e2a18945600e"", ""valuetype_id"": ""prefLabel""}], ""list_id"": ""f7fc4f6d-fd46-4881-846f-4a08bc1a3fef""}]"
abf562ec-aace-4c87-960d-a53724ea7ff3,36956e50-d770-11ef-8f5d-0275dc2ded29,166c7b56-b36e-4cfa-9dc0-7d232f147d69,1,a8522990-de1d-4fe7-be37-bd9800476c62,"{""en"": {""value"": ""G.H. Links Company"", ""direction"": ""ltr""}}","[{""uri"": ""http://vocab.getty.edu/aat/300404670"", ""labels"": [{""id"": ""b379db2b-3066-4a46-8e8d-f70ad539323e"", ""value"": ""preferred terms"", ""language_id"": ""en"", ""list_item_id"": ""5f400d39-3b6b-4b8a-939b-4e49787c7444"", ""valuetype_id"": ""prefLabel""}], ""list_id"": ""80028d07-9c98-48cf-84db-f77bc01c8bbc""}]","[{""uri"": ""http://vocab.getty.edu/aat/300388277"", ""labels"": [{""id"": ""39e49408-de39-44db-a191-fe36a5f04cfc"", ""value"": ""English (language)"", ""language_id"": ""en"", ""list_item_id"": ""38729dbe-6d1c-48ce-bf47-e2a18945600e"", ""valuetype_id"": ""prefLabel""}], ""list_id"": ""f7fc4f6d-fd46-4881-846f-4a08bc1a3fef""}]"
eb40ddb2-c1e1-4bf5-bd49-f189b1cacbb4,36956e50-d770-11ef-8f5d-0275dc2ded29,166c7b56-b36e-4cfa-9dc0-7d232f147d69,1,300e2ecf-8a06-4649-900e-111db7557b55,"{""en"": {""value"": ""J. Paul Getty Museum (JPGM)"", ""direction"": ""ltr""}}","[{""uri"": ""http://vocab.getty.edu/aat/300404670"", ""labels"": [{""id"": ""b379db2b-3066-4a46-8e8d-f70ad539323e"", ""value"": ""preferred terms"", ""language_id"": ""en"", ""list_item_id"": ""5f400d39-3b6b-4b8a-939b-4e49787c7444"", ""valuetype_id"": ""prefLabel""}], ""list_id"": ""80028d07-9c98-48cf-84db-f77bc01c8bbc""}]","[{""uri"": ""http://vocab.getty.edu/aat/300388277"", ""labels"": [{""id"": ""39e49408-de39-44db-a191-fe36a5f04cfc"", ""value"": ""English (language)"", ""language_id"": ""en"", ""list_item_id"": ""38729dbe-6d1c-48ce-bf47-e2a18945600e"", ""valuetype_id"": ""prefLabel""}], ""list_id"": ""f7fc4f6d-fd46-4881-846f-4a08bc1a3fef""}]"
ca8a5832-03e2-4e6e-9468-0bd284c3b20d,36956e50-d770-11ef-8f5d-0275dc2ded29,166c7b56-b36e-4cfa-9dc0-7d232f147d69,1,3bfc09a1-005e-430c-9335-0f06fd6a4419,"{""en"": {""value"": ""Various"", ""direction"": ""ltr""}}","[{""uri"": ""http://vocab.getty.edu/aat/300404670"", ""labels"": [{""id"": ""b379db2b-3066-4a46-8e8d-f70ad539323e"", ""value"": ""preferred terms"", ""language_id"": ""en"", ""list_item_id"": ""5f400d39-3b6b-4b8a-939b-4e49787c7444"", ""valuetype_id"": ""prefLabel""}], ""list_id"": ""80028d07-9c98-48cf-84db-f77bc01c8bbc""}]","[{""uri"": ""http://vocab.getty.edu/aat/300388277"", ""labels"": [{""id"": ""39e49408-de39-44db-a191-fe36a5f04cfc"", ""value"": ""English (language)"", ""language_id"": ""en"", ""list_item_id"": ""38729dbe-6d1c-48ce-bf47-e2a18945600e"", ""valuetype_id"": ""prefLabel""}], ""list_id"": ""f7fc4f6d-fd46-4881-846f-4a08bc1a3fef""}]"
25741c6e-5fb8-4dc0-8fef-7d14eec5f380,36956e50-d770-11ef-8f5d-0275dc2ded29,166c7b56-b36e-4cfa-9dc0-7d232f147d69,1,09f1b1d2-1d30-4de5-b0ec-cb46294534d2,"{""en"": {""value"": ""Fotochema"", ""direction"": ""ltr""}}","[{""uri"": ""http://vocab.getty.edu/aat/300404670"", ""labels"": [{""id"": ""b379db2b-3066-4a46-8e8d-f70ad539323e"", ""value"": ""preferred terms"", ""language_id"": ""en"", ""list_item_id"": ""5f400d39-3b6b-4b8a-939b-4e49787c7444"", ""valuetype_id"": ""prefLabel""}], ""list_id"": ""80028d07-9c98-48cf-84db-f77bc01c8bbc""}]","[{""uri"": ""http://vocab.getty.edu/aat/300388277"", ""labels"": [{""id"": ""39e49408-de39-44db-a191-fe36a5f04cfc"", ""value"": ""English (language)"", ""language_id"": ""en"", ""list_item_id"": ""38729dbe-6d1c-48ce-bf47-e2a18945600e"", ""valuetype_id"": ""prefLabel""}], ""list_id"": ""f7fc4f6d-fd46-4881-846f-4a08bc1a3fef""}]"
3f2632e8-adb6-45ee-ae32-d378da5b9320,36956e50-d770-11ef-8f5d-0275dc2ded29,166c7b56-b36e-4cfa-9dc0-7d232f147d69,1,2d249e11-21e8-424d-b9ca-bc1454ce05a4,"{""en"": {""value"": ""J. Raphael"", ""direction"": ""ltr""}}","[{""uri"": ""http://vocab.getty.edu/aat/300404670"", ""labels"": [{""id"": ""b379db2b-3066-4a46-8e8d-f70ad539323e"", ""value"": ""preferred terms"", ""language_id"": ""en"", ""list_item_id"": ""5f400d39-3b6b-4b8a-939b-4e49787c7444"", ""valuetype_id"": ""prefLabel""}], ""list_id"": ""80028d07-9c98-48cf-84db-f77bc01c8bbc""}]","[{""uri"": ""http://vocab.getty.edu/aat/300388277"", ""labels"": [{""id"": ""39e49408-de39-44db-a191-fe36a5f04cfc"", ""value"": ""English (language)"", ""language_id"": ""en"", ""list_item_id"": ""38729dbe-6d1c-48ce-bf47-e2a18945600e"", ""valuetype_id"": ""prefLabel""}], ""list_id"": ""f7fc4f6d-fd46-4881-846f-4a08bc1a3fef""}]"
5d329bdb-508f-4bfa-ad03-84798600497d,36956e50-d770-11ef-8f5d-0275dc2ded29,166c7b56-b36e-4cfa-9dc0-7d232f147d69,1,14eabb71-8858-4e79-8c23-f2ca5cf8c257,"{""en"": {""value"": ""Conservation Support Systems"", ""direction"": ""ltr""}}","[{""uri"": ""http://vocab.getty.edu/aat/300404670"", ""labels"": [{""id"": ""b379db2b-3066-4a46-8e8d-f70ad539323e"", ""value"": ""preferred terms"", ""language_id"": ""en"", ""list_item_id"": ""5f400d39-3b6b-4b8a-939b-4e49787c7444"", ""valuetype_id"": ""prefLabel""}], ""list_id"": ""80028d07-9c98-48cf-84db-f77bc01c8bbc""}]","[{""uri"": ""http://vocab.getty.edu/aat/300388277"", ""labels"": [{""id"": ""39e49408-de39-44db-a191-fe36a5f04cfc"", ""value"": ""English (language)"", ""language_id"": ""en"", ""list_item_id"": ""38729dbe-6d1c-48ce-bf47-e2a18945600e"", ""valuetype_id"": ""prefLabel""}], ""list_id"": ""f7fc4f6d-fd46-4881-846f-4a08bc1a3fef""}]"
618af69c-d782-42d5-a178-cb30e32bd06b,36956e50-d770-11ef-8f5d-0275dc2ded29,166c7b56-b36e-4cfa-9dc0-7d232f147d69,1,d3d3c758-59bd-4ad0-938c-21a3eb6d582b,"{""en"": {""value"": ""Dorsett & Jackson, Inc."", ""direction"": ""ltr""}}","[{""uri"": ""http://vocab.getty.edu/aat/300404670"", ""labels"": [{""id"": ""b379db2b-3066-4a46-8e8d-f70ad539323e"", ""value"": ""preferred terms"", ""language_id"": ""en"", ""list_item_id"": ""5f400d39-3b6b-4b8a-939b-4e49787c7444"", ""valuetype_id"": ""prefLabel""}], ""list_id"": ""80028d07-9c98-48cf-84db-f77bc01c8bbc""}]","[{""uri"": ""http://vocab.getty.edu/aat/300388277"", ""labels"": [{""id"": ""39e49408-de39-44db-a191-fe36a5f04cfc"", ""value"": ""English (language)"", ""language_id"": ""en"", ""list_item_id"": ""38729dbe-6d1c-48ce-bf47-e2a18945600e"", ""valuetype_id"": ""prefLabel""}], ""list_id"": ""f7fc4f6d-fd46-4881-846f-4a08bc1a3fef""}]"
5b9e3ef4-558d-4d2d-95a8-23d80268421b,36956e50-d770-11ef-8f5d-0275dc2ded29,166c7b56-b36e-4cfa-9dc0-7d232f147d69,1,abb2569a-1af3-4922-afe3-3695588a587e,"{""en"": {""value"": ""Andrei Andreev"", ""direction"": ""ltr""}}","[{""uri"": ""http://vocab.getty.edu/aat/300404670"", ""labels"": [{""id"": ""b379db2b-3066-4a46-8e8d-f70ad539323e"", ""value"": ""preferred terms"", ""language_id"": ""en"", ""list_item_id"": ""5f400d39-3b6b-4b8a-939b-4e49787c7444"", ""valuetype_id"": ""prefLabel""}], ""list_id"": ""80028d07-9c98-48cf-84db-f77bc01c8bbc""}]","[{""uri"": ""http://vocab.getty.edu/aat/300388277"", ""labels"": [{""id"": ""39e49408-de39-44db-a191-fe36a5f04cfc"", ""value"": ""English (language)"", ""language_id"": ""en"", ""list_item_id"": ""38729dbe-6d1c-48ce-bf47-e2a18945600e"", ""valuetype_id"": ""prefLabel""}], ""list_id"": ""f7fc4f6d-fd46-4881-846f-4a08bc1a3fef""}]"
9ae773c1-e006-4b57-be82-454f6f8835bc,36956e50-d770-11ef-8f5d-0275dc2ded29,166c7b56-b36e-4cfa-9dc0-7d232f147d69,1,c26ed07d-eb69-4fef-a509-da446ffbe5cd,"{""en"": {""value"": ""J. P. Stephenson"", ""direction"": ""ltr""}}","[{""uri"": ""http://vocab.getty.edu/aat/300404670"", ""labels"": [{""id"": ""b379db2b-3066-4a46-8e8d-f70ad539323e"", ""value"": ""preferred terms"", ""language_id"": ""en"", ""list_item_id"": ""5f400d39-3b6b-4b8a-939b-4e49787c7444"", ""valuetype_id"": ""prefLabel""}], ""list_id"": ""80028d07-9c98-48cf-84db-f77bc01c8bbc""}]","[{""uri"": ""http://vocab.getty.edu/aat/300388277"", ""labels"": [{""id"": ""39e49408-de39-44db-a191-fe36a5f04cfc"", ""value"": ""English (language)"", ""language_id"": ""en"", ""list_item_id"": ""38729dbe-6d1c-48ce-bf47-e2a18945600e"", ""valuetype_id"": ""prefLabel""}], ""list_id"": ""f7fc4f6d-fd46-4881-846f-4a08bc1a3fef""}]"
7b5144ec-e110-480d-8b6c-42505fd835f8,36956e50-d770-11ef-8f5d-0275dc2ded29,166c7b56-b36e-4cfa-9dc0-7d232f147d69,1,9034a2d8-bf0e-47b6-9020-f5430fa1d4e3,"{""en"": {""value"": ""Fuji Photo Film Co."", ""direction"": ""ltr""}}","[{""uri"": ""http://vocab.getty.edu/aat/300404670"", ""labels"": [{""id"": ""b379db2b-3066-4a46-8e8d-f70ad539323e"", ""value"": ""preferred terms"", ""language_id"": ""en"", ""list_item_id"": ""5f400d39-3b6b-4b8a-939b-4e49787c7444"", ""valuetype_id"": ""prefLabel""}], ""list_id"": ""80028d07-9c98-48cf-84db-f77bc01c8bbc""}]","[{""uri"": ""http://vocab.getty.edu/aat/300388277"", ""labels"": [{""id"": ""39e49408-de39-44db-a191-fe36a5f04cfc"", ""value"": ""English (language)"", ""language_id"": ""en"", ""list_item_id"": ""38729dbe-6d1c-48ce-bf47-e2a18945600e"", ""valuetype_id"": ""prefLabel""}], ""list_id"": ""f7fc4f6d-fd46-4881-846f-4a08bc1a3fef""}]"
bfc56433-1710-4dc1-9ea0-bd5a34966929,36956e50-d770-11ef-8f5d-0275dc2ded29,166c7b56-b36e-4cfa-9dc0-7d232f147d69,1,fa2ca019-cbd0-4c9c-8acd-e89ecc3ad21f,"{""en"": {""value"": ""Fotospeed"", ""direction"": ""ltr""}}","[{""uri"": ""http://vocab.getty.edu/aat/300404670"", ""labels"": [{""id"": ""b379db2b-3066-4a46-8e8d-f70ad539323e"", ""value"": ""preferred terms"", ""language_id"": ""en"", ""list_item_id"": ""5f400d39-3b6b-4b8a-939b-4e49787c7444"", ""valuetype_id"": ""prefLabel""}], ""list_id"": ""80028d07-9c98-48cf-84db-f77bc01c8bbc""}]","[{""uri"": ""http://vocab.getty.edu/aat/300388277"", ""labels"": [{""id"": ""39e49408-de39-44db-a191-fe36a5f04cfc"", ""value"": ""English (language)"", ""language_id"": ""en"", ""list_item_id"": ""38729dbe-6d1c-48ce-bf47-e2a18945600e"", ""valuetype_id"": ""prefLabel""}], ""list_id"": ""f7fc4f6d-fd46-4881-846f-4a08bc1a3fef""}]"
617c9287-e550-43e8-be69-ba22933f9198,36956e50-d770-11ef-8f5d-0275dc2ded29,166c7b56-b36e-4cfa-9dc0-7d232f147d69,1,211e43a4-54d9-4061-b5e5-da4d66f5475e,"{""en"": {""value"": ""Ram Chemicals"", ""direction"": ""ltr""}}","[{""uri"": ""http://vocab.getty.edu/aat/300404670"", ""labels"": [{""id"": ""b379db2b-3066-4a46-8e8d-f70ad539323e"", ""value"": ""preferred terms"", ""language_id"": ""en"", ""list_item_id"": ""5f400d39-3b6b-4b8a-939b-4e49787c7444"", ""valuetype_id"": ""prefLabel""}], ""list_id"": ""80028d07-9c98-48cf-84db-f77bc01c8bbc""}]","[{""uri"": ""http://vocab.getty.edu/aat/300388277"", ""labels"": [{""id"": ""39e49408-de39-44db-a191-fe36a5f04cfc"", ""value"": ""English (language)"", ""language_id"": ""en"", ""list_item_id"": ""38729dbe-6d1c-48ce-bf47-e2a18945600e"", ""valuetype_id"": ""prefLabel""}], ""list_id"": ""f7fc4f6d-fd46-4881-846f-4a08bc1a3fef""}]"
f4211d92-b0fb-42f0-abef-bf58e92de956,36956e50-d770-11ef-8f5d-0275dc2ded29,166c7b56-b36e-4cfa-9dc0-7d232f147d69,1,9868fac4-c0b2-41a6-afa1-6fd206041abe,"{""en"": {""value"": ""Air Products and Chemicals"", ""direction"": ""ltr""}}","[{""uri"": ""http://vocab.getty.edu/aat/300404670"", ""labels"": [{""id"": ""b379db2b-3066-4a46-8e8d-f70ad539323e"", ""value"": ""preferred terms"", ""language_id"": ""en"", ""list_item_id"": ""5f400d39-3b6b-4b8a-939b-4e49787c7444"", ""valuetype_id"": ""prefLabel""}], ""list_id"": ""80028d07-9c98-48cf-84db-f77bc01c8bbc""}]","[{""uri"": ""http://vocab.getty.edu/aat/300388277"", ""labels"": [{""id"": ""39e49408-de39-44db-a191-fe36a5f04cfc"", ""value"": ""English (language)"", ""language_id"": ""en"", ""list_item_id"": ""38729dbe-6d1c-48ce-bf47-e2a18945600e"", ""valuetype_id"": ""prefLabel""}], ""list_id"": ""f7fc4f6d-fd46-4881-846f-4a08bc1a3fef""}]"
d19561f8-73bb-4237-8233-72d8128e3522,36956e50-d770-11ef-8f5d-0275dc2ded29,166c7b56-b36e-4cfa-9dc0-7d232f147d69,1,e52abde5-862c-459d-952f-12e962a4d977,"{""en"": {""value"": ""Goldschmidt Chemical Corp."", ""direction"": ""ltr""}}","[{""uri"": ""http://vocab.getty.edu/aat/300404670"", ""labels"": [{""id"": ""b379db2b-3066-4a46-8e8d-f70ad539323e"", ""value"": ""preferred terms"", ""language_id"": ""en"", ""list_item_id"": ""5f400d39-3b6b-4b8a-939b-4e49787c7444"", ""valuetype_id"": ""prefLabel""}], ""list_id"": ""80028d07-9c98-48cf-84db-f77bc01c8bbc""}]","[{""uri"": ""http://vocab.getty.edu/aat/300388277"", ""labels"": [{""id"": ""39e49408-de39-44db-a191-fe36a5f04cfc"", ""value"": ""English (language)"", ""language_id"": ""en"", ""list_item_id"": ""38729dbe-6d1c-48ce-bf47-e2a18945600e"", ""valuetype_id"": ""prefLabel""}], ""list_id"": ""f7fc4f6d-fd46-4881-846f-4a08bc1a3fef""}]"
32aa6ae2-89e2-456b-b72f-f421dd3cb52b,36956e50-d770-11ef-8f5d-0275dc2ded29,166c7b56-b36e-4cfa-9dc0-7d232f147d69,1,131b605a-67a3-4250-b1f5-428cb341b1e4,"{""en"": {""value"": ""Pianamiele"", ""direction"": ""ltr""}}","[{""uri"": ""http://vocab.getty.edu/aat/300404670"", ""labels"": [{""id"": ""b379db2b-3066-4a46-8e8d-f70ad539323e"", ""value"": ""preferred terms"", ""language_id"": ""en"", ""list_item_id"": ""5f400d39-3b6b-4b8a-939b-4e49787c7444"", ""valuetype_id"": ""prefLabel""}], ""list_id"": ""80028d07-9c98-48cf-84db-f77bc01c8bbc""}]","[{""uri"": ""http://vocab.getty.edu/aat/300388277"", ""labels"": [{""id"": ""39e49408-de39-44db-a191-fe36a5f04cfc"", ""value"": ""English (language)"", ""language_id"": ""en"", ""list_item_id"": ""38729dbe-6d1c-48ce-bf47-e2a18945600e"", ""valuetype_id"": ""prefLabel""}], ""list_id"": ""f7fc4f6d-fd46-4881-846f-4a08bc1a3fef""}]"
254340cd-da97-45ce-8d91-4f4bf3e04964,36956e50-d770-11ef-8f5d-0275dc2ded29,166c7b56-b36e-4cfa-9dc0-7d232f147d69,1,9114ddda-eeda-4726-8304-3ea65331ee90,"{""en"": {""value"": ""Lansco"", ""direction"": ""ltr""}}","[{""uri"": ""http://vocab.getty.edu/aat/300404670"", ""labels"": [{""id"": ""b379db2b-3066-4a46-8e8d-f70ad539323e"", ""value"": ""preferred terms"", ""language_id"": ""en"", ""list_item_id"": ""5f400d39-3b6b-4b8a-939b-4e49787c7444"", ""valuetype_id"": ""prefLabel""}], ""list_id"": ""80028d07-9c98-48cf-84db-f77bc01c8bbc""}]","[{""uri"": ""http://vocab.getty.edu/aat/300388277"", ""labels"": [{""id"": ""39e49408-de39-44db-a191-fe36a5f04cfc"", ""value"": ""English (language)"", ""language_id"": ""en"", ""list_item_id"": ""38729dbe-6d1c-48ce-bf47-e2a18945600e"", ""valuetype_id"": ""prefLabel""}], ""list_id"": ""f7fc4f6d-fd46-4881-846f-4a08bc1a3fef""}]"
e196fbdf-74e5-4791-b8d6-901236a6aab0,36956e50-d770-11ef-8f5d-0275dc2ded29,166c7b56-b36e-4cfa-9dc0-7d232f147d69,1,ed4880cd-653f-462c-853e-0ba006ed8204,"{""en"": {""value"": ""L.A. Art Supply"", ""direction"": ""ltr""}}","[{""uri"": ""http://vocab.getty.edu/aat/300404670"", ""labels"": [{""id"": ""b379db2b-3066-4a46-8e8d-f70ad539323e"", ""value"": ""preferred terms"", ""language_id"": ""en"", ""list_item_id"": ""5f400d39-3b6b-4b8a-939b-4e49787c7444"", ""valuetype_id"": ""prefLabel""}], ""list_id"": ""80028d07-9c98-48cf-84db-f77bc01c8bbc""}]","[{""uri"": ""http://vocab.getty.edu/aat/300388277"", ""labels"": [{""id"": ""39e49408-de39-44db-a191-fe36a5f04cfc"", ""value"": ""English (language)"", ""language_id"": ""en"", ""list_item_id"": ""38729dbe-6d1c-48ce-bf47-e2a18945600e"", ""valuetype_id"": ""prefLabel""}], ""list_id"": ""f7fc4f6d-fd46-4881-846f-4a08bc1a3fef""}]"
a3e37be8-d9f7-46f9-a0ed-5dcaf28cb0c5,36956e50-d770-11ef-8f5d-0275dc2ded29,166c7b56-b36e-4cfa-9dc0-7d232f147d69,1,d97fe84c-fee6-42e2-8648-f83a79c863fc,"{""en"": {""value"": ""Natural Food Store"", ""direction"": ""ltr""}}","[{""uri"": ""http://vocab.getty.edu/aat/300404670"", ""labels"": [{""id"": ""b379db2b-3066-4a46-8e8d-f70ad539323e"", ""value"": ""preferred terms"", ""language_id"": ""en"", ""list_item_id"": ""5f400d39-3b6b-4b8a-939b-4e49787c7444"", ""valuetype_id"": ""prefLabel""}], ""list_id"": ""80028d07-9c98-48cf-84db-f77bc01c8bbc""}]","[{""uri"": ""http://vocab.getty.edu/aat/300388277"", ""labels"": [{""id"": ""39e49408-de39-44db-a191-fe36a5f04cfc"", ""value"": ""English (language)"", ""language_id"": ""en"", ""list_item_id"": ""38729dbe-6d1c-48ce-bf47-e2a18945600e"", ""valuetype_id"": ""prefLabel""}], ""list_id"": ""f7fc4f6d-fd46-4881-846f-4a08bc1a3fef""}]"
f949f73f-0d32-4161-a777-85bf2c5a7e52,36956e50-d770-11ef-8f5d-0275dc2ded29,166c7b56-b36e-4cfa-9dc0-7d232f147d69,1,f54c3eae-5203-4db4-9290-321290a7532f,"{""en"": {""value"": ""Porter Chemical Co."", ""direction"": ""ltr""}}","[{""uri"": ""http://vocab.getty.edu/aat/300404670"", ""labels"": [{""id"": ""b379db2b-3066-4a46-8e8d-f70ad539323e"", ""value"": ""preferred terms"", ""language_id"": ""en"", ""list_item_id"": ""5f400d39-3b6b-4b8a-939b-4e49787c7444"", ""valuetype_id"": ""prefLabel""}], ""list_id"": ""80028d07-9c98-48cf-84db-f77bc01c8bbc""}]","[{""uri"": ""http://vocab.getty.edu/aat/300388277"", ""labels"": [{""id"": ""39e49408-de39-44db-a191-fe36a5f04cfc"", ""value"": ""English (language)"", ""language_id"": ""en"", ""list_item_id"": ""38729dbe-6d1c-48ce-bf47-e2a18945600e"", ""valuetype_id"": ""prefLabel""}], ""list_id"": ""f7fc4f6d-fd46-4881-846f-4a08bc1a3fef""}]"
cf8e4ebd-b64b-4143-a7b4-41d1fe5cf235,36956e50-d770-11ef-8f5d-0275dc2ded29,166c7b56-b36e-4cfa-9dc0-7d232f147d69,1,81673425-169c-4de5-b991-0d5ce953269d,"{""en"": {""value"": ""H. Kuhn"", ""direction"": ""ltr""}}","[{""uri"": ""http://vocab.getty.edu/aat/300404670"", ""labels"": [{""id"": ""b379db2b-3066-4a46-8e8d-f70ad539323e"", ""value"": ""preferred terms"", ""language_id"": ""en"", ""list_item_id"": ""5f400d39-3b6b-4b8a-939b-4e49787c7444"", ""valuetype_id"": ""prefLabel""}], ""list_id"": ""80028d07-9c98-48cf-84db-f77bc01c8bbc""}]","[{""uri"": ""http://vocab.getty.edu/aat/300388277"", ""labels"": [{""id"": ""39e49408-de39-44db-a191-fe36a5f04cfc"", ""value"": ""English (language)"", ""language_id"": ""en"", ""list_item_id"": ""38729dbe-6d1c-48ce-bf47-e2a18945600e"", ""valuetype_id"": ""prefLabel""}], ""list_id"": ""f7fc4f6d-fd46-4881-846f-4a08bc1a3fef""}]"
c391037b-2735-40fd-95ee-a10cfcc3b244,36956e50-d770-11ef-8f5d-0275dc2ded29,166c7b56-b36e-4cfa-9dc0-7d232f147d69,1,2426979a-8d17-4b01-9f25-0362a58629ad,"{""en"": {""value"": ""Tizian Color Company"", ""direction"": ""ltr""}}","[{""uri"": ""http://vocab.getty.edu/aat/300404670"", ""labels"": [{""id"": ""b379db2b-3066-4a46-8e8d-f70ad539323e"", ""value"": ""preferred terms"", ""language_id"": ""en"", ""list_item_id"": ""5f400d39-3b6b-4b8a-939b-4e49787c7444"", ""valuetype_id"": ""prefLabel""}], ""list_id"": ""80028d07-9c98-48cf-84db-f77bc01c8bbc""}]","[{""uri"": ""http://vocab.getty.edu/aat/300388277"", ""labels"": [{""id"": ""39e49408-de39-44db-a191-fe36a5f04cfc"", ""value"": ""English (language)"", ""language_id"": ""en"", ""list_item_id"": ""38729dbe-6d1c-48ce-bf47-e2a18945600e"", ""valuetype_id"": ""prefLabel""}], ""list_id"": ""f7fc4f6d-fd46-4881-846f-4a08bc1a3fef""}]"
2106478b-cdf7-4218-990f-a0362def4852,36956e50-d770-11ef-8f5d-0275dc2ded29,166c7b56-b36e-4cfa-9dc0-7d232f147d69,1,66351513-e662-4775-840c-c1c3a440ff68,"{""en"": {""value"": ""Gambier Parry"", ""direction"": ""ltr""}}","[{""uri"": ""http://vocab.getty.edu/aat/300404670"", ""labels"": [{""id"": ""b379db2b-3066-4a46-8e8d-f70ad539323e"", ""value"": ""preferred terms"", ""language_id"": ""en"", ""list_item_id"": ""5f400d39-3b6b-4b8a-939b-4e49787c7444"", ""valuetype_id"": ""prefLabel""}], ""list_id"": ""80028d07-9c98-48cf-84db-f77bc01c8bbc""}]","[{""uri"": ""http://vocab.getty.edu/aat/300388277"", ""labels"": [{""id"": ""39e49408-de39-44db-a191-fe36a5f04cfc"", ""value"": ""English (language)"", ""language_id"": ""en"", ""list_item_id"": ""38729dbe-6d1c-48ce-bf47-e2a18945600e"", ""valuetype_id"": ""prefLabel""}], ""list_id"": ""f7fc4f6d-fd46-4881-846f-4a08bc1a3fef""}]"
082ec021-a215-4f30-ab19-328430960825,36956e50-d770-11ef-8f5d-0275dc2ded29,166c7b56-b36e-4cfa-9dc0-7d232f147d69,1,ca21d8ac-3088-452d-b88f-e905de8faa06,"{""en"": {""value"": ""Dainippon"", ""direction"": ""ltr""}}","[{""uri"": ""http://vocab.getty.edu/aat/300404670"", ""labels"": [{""id"": ""b379db2b-3066-4a46-8e8d-f70ad539323e"", ""value"": ""preferred terms"", ""language_id"": ""en"", ""list_item_id"": ""5f400d39-3b6b-4b8a-939b-4e49787c7444"", ""valuetype_id"": ""prefLabel""}], ""list_id"": ""80028d07-9c98-48cf-84db-f77bc01c8bbc""}]","[{""uri"": ""http://vocab.getty.edu/aat/300388277"", ""labels"": [{""id"": ""39e49408-de39-44db-a191-fe36a5f04cfc"", ""value"": ""English (language)"", ""language_id"": ""en"", ""list_item_id"": ""38729dbe-6d1c-48ce-bf47-e2a18945600e"", ""valuetype_id"": ""prefLabel""}], ""list_id"": ""f7fc4f6d-fd46-4881-846f-4a08bc1a3fef""}]"
4d588d1d-82d3-4762-b660-c411c2f77865,36956e50-d770-11ef-8f5d-0275dc2ded29,166c7b56-b36e-4cfa-9dc0-7d232f147d69,1,9bd11142-7cb7-4371-90e9-b6d0668d9d22,"{""en"": {""value"": ""Lechertier Barbe, Ltd."", ""direction"": ""ltr""}}","[{""uri"": ""http://vocab.getty.edu/aat/300404670"", ""labels"": [{""id"": ""b379db2b-3066-4a46-8e8d-f70ad539323e"", ""value"": ""preferred terms"", ""language_id"": ""en"", ""list_item_id"": ""5f400d39-3b6b-4b8a-939b-4e49787c7444"", ""valuetype_id"": ""prefLabel""}], ""list_id"": ""80028d07-9c98-48cf-84db-f77bc01c8bbc""}]","[{""uri"": ""http://vocab.getty.edu/aat/300388277"", ""labels"": [{""id"": ""39e49408-de39-44db-a191-fe36a5f04cfc"", ""value"": ""English (language)"", ""language_id"": ""en"", ""list_item_id"": ""38729dbe-6d1c-48ce-bf47-e2a18945600e"", ""valuetype_id"": ""prefLabel""}], ""list_id"": ""f7fc4f6d-fd46-4881-846f-4a08bc1a3fef""}]"
25c8281d-31b6-4dde-9a07-399a39c21440,36956e50-d770-11ef-8f5d-0275dc2ded29,166c7b56-b36e-4cfa-9dc0-7d232f147d69,1,49251ad0-7ac9-450f-96c7-191c7e89669b,"{""en"": {""value"": ""Gem-O'-Lite Plastics Corp."", ""direction"": ""ltr""}}","[{""uri"": ""http://vocab.getty.edu/aat/300404670"", ""labels"": [{""id"": ""b379db2b-3066-4a46-8e8d-f70ad539323e"", ""value"": ""preferred terms"", ""language_id"": ""en"", ""list_item_id"": ""5f400d39-3b6b-4b8a-939b-4e49787c7444"", ""valuetype_id"": ""prefLabel""}], ""list_id"": ""80028d07-9c98-48cf-84db-f77bc01c8bbc""}]","[{""uri"": ""http://vocab.getty.edu/aat/300388277"", ""labels"": [{""id"": ""39e49408-de39-44db-a191-fe36a5f04cfc"", ""value"": ""English (language)"", ""language_id"": ""en"", ""list_item_id"": ""38729dbe-6d1c-48ce-bf47-e2a18945600e"", ""valuetype_id"": ""prefLabel""}], ""list_id"": ""f7fc4f6d-fd46-4881-846f-4a08bc1a3fef""}]"
c1201d6b-efe6-429f-a081-678b598a322e,36956e50-d770-11ef-8f5d-0275dc2ded29,166c7b56-b36e-4cfa-9dc0-7d232f147d69,1,41ba5786-3d05-45b3-a537-937fff193a50,"{""en"": {""value"": ""Ashé Artists Materials"", ""direction"": ""ltr""}}","[{""uri"": ""http://vocab.getty.edu/aat/300404670"", ""labels"": [{""id"": ""b379db2b-3066-4a46-8e8d-f70ad539323e"", ""value"": ""preferred terms"", ""language_id"": ""en"", ""list_item_id"": ""5f400d39-3b6b-4b8a-939b-4e49787c7444"", ""valuetype_id"": ""prefLabel""}], ""list_id"": ""80028d07-9c98-48cf-84db-f77bc01c8bbc""}]","[{""uri"": ""http://vocab.getty.edu/aat/300388277"", ""labels"": [{""id"": ""39e49408-de39-44db-a191-fe36a5f04cfc"", ""value"": ""English (language)"", ""language_id"": ""en"", ""list_item_id"": ""38729dbe-6d1c-48ce-bf47-e2a18945600e"", ""valuetype_id"": ""prefLabel""}], ""list_id"": ""f7fc4f6d-fd46-4881-846f-4a08bc1a3fef""}]"
8ed4632e-2fb2-4ae6-8601-49af97c0c089,36956e50-d770-11ef-8f5d-0275dc2ded29,166c7b56-b36e-4cfa-9dc0-7d232f147d69,1,2444aaf8-a12b-4fca-b02a-2856154b362a,"{""en"": {""value"": ""R&F Handmade Paints"", ""direction"": ""ltr""}}","[{""uri"": ""http://vocab.getty.edu/aat/300404670"", ""labels"": [{""id"": ""b379db2b-3066-4a46-8e8d-f70ad539323e"", ""value"": ""preferred terms"", ""language_id"": ""en"", ""list_item_id"": ""5f400d39-3b6b-4b8a-939b-4e49787c7444"", ""valuetype_id"": ""prefLabel""}], ""list_id"": ""80028d07-9c98-48cf-84db-f77bc01c8bbc""}]","[{""uri"": ""http://vocab.getty.edu/aat/300388277"", ""labels"": [{""id"": ""39e49408-de39-44db-a191-fe36a5f04cfc"", ""value"": ""English (language)"", ""language_id"": ""en"", ""list_item_id"": ""38729dbe-6d1c-48ce-bf47-e2a18945600e"", ""valuetype_id"": ""prefLabel""}], ""list_id"": ""f7fc4f6d-fd46-4881-846f-4a08bc1a3fef""}]"
c9e33d7e-24ea-4f73-9510-eab44b5365ab,36956e50-d770-11ef-8f5d-0275dc2ded29,166c7b56-b36e-4cfa-9dc0-7d232f147d69,1,d391a32a-c4c8-4242-b782-22d5db15019c,"{""en"": {""value"": ""S.E. Rykoff & Company"", ""direction"": ""ltr""}}","[{""uri"": ""http://vocab.getty.edu/aat/300404670"", ""labels"": [{""id"": ""b379db2b-3066-4a46-8e8d-f70ad539323e"", ""value"": ""preferred terms"", ""language_id"": ""en"", ""list_item_id"": ""5f400d39-3b6b-4b8a-939b-4e49787c7444"", ""valuetype_id"": ""prefLabel""}], ""list_id"": ""80028d07-9c98-48cf-84db-f77bc01c8bbc""}]","[{""uri"": ""http://vocab.getty.edu/aat/300388277"", ""labels"": [{""id"": ""39e49408-de39-44db-a191-fe36a5f04cfc"", ""value"": ""English (language)"", ""language_id"": ""en"", ""list_item_id"": ""38729dbe-6d1c-48ce-bf47-e2a18945600e"", ""valuetype_id"": ""prefLabel""}], ""list_id"": ""f7fc4f6d-fd46-4881-846f-4a08bc1a3fef""}]"
ed370497-694e-41f6-bc05-7ad88cccd319,36956e50-d770-11ef-8f5d-0275dc2ded29,166c7b56-b36e-4cfa-9dc0-7d232f147d69,1,56e4f922-8cde-4ade-95d9-d21094b4634a,"{""en"": {""value"": ""Prolene by pro arte"", ""direction"": ""ltr""}}","[{""uri"": ""http://vocab.getty.edu/aat/300404670"", ""labels"": [{""id"": ""b379db2b-3066-4a46-8e8d-f70ad539323e"", ""value"": ""preferred terms"", ""language_id"": ""en"", ""list_item_id"": ""5f400d39-3b6b-4b8a-939b-4e49787c7444"", ""valuetype_id"": ""prefLabel""}], ""list_id"": ""80028d07-9c98-48cf-84db-f77bc01c8bbc""}]","[{""uri"": ""http://vocab.getty.edu/aat/300388277"", ""labels"": [{""id"": ""39e49408-de39-44db-a191-fe36a5f04cfc"", ""value"": ""English (language)"", ""language_id"": ""en"", ""list_item_id"": ""38729dbe-6d1c-48ce-bf47-e2a18945600e"", ""valuetype_id"": ""prefLabel""}], ""list_id"": ""f7fc4f6d-fd46-4881-846f-4a08bc1a3fef""}]"
774d2f73-7266-4c83-842e-cfbcd26c7226,36956e50-d770-11ef-8f5d-0275dc2ded29,166c7b56-b36e-4cfa-9dc0-7d232f147d69,1,562c1952-69fe-47c1-a2a3-af862179c8dd,"{""en"": {""value"": ""H. Lanke"", ""direction"": ""ltr""}}","[{""uri"": ""http://vocab.getty.edu/aat/300404670"", ""labels"": [{""id"": ""b379db2b-3066-4a46-8e8d-f70ad539323e"", ""value"": ""preferred terms"", ""language_id"": ""en"", ""list_item_id"": ""5f400d39-3b6b-4b8a-939b-4e49787c7444"", ""valuetype_id"": ""prefLabel""}], ""list_id"": ""80028d07-9c98-48cf-84db-f77bc01c8bbc""}]","[{""uri"": ""http://vocab.getty.edu/aat/300388277"", ""labels"": [{""id"": ""39e49408-de39-44db-a191-fe36a5f04cfc"", ""value"": ""English (language)"", ""language_id"": ""en"", ""list_item_id"": ""38729dbe-6d1c-48ce-bf47-e2a18945600e"", ""valuetype_id"": ""prefLabel""}], ""list_id"": ""f7fc4f6d-fd46-4881-846f-4a08bc1a3fef""}]"
f11bb87a-b8c6-40a4-b528-cba161eada9c,36956e50-d770-11ef-8f5d-0275dc2ded29,166c7b56-b36e-4cfa-9dc0-7d232f147d69,1,2aedd9e3-cf03-4576-8248-ce30eca72e1a,"{""en"": {""value"": ""Dominion (Canada)"", ""direction"": ""ltr""}}","[{""uri"": ""http://vocab.getty.edu/aat/300404670"", ""labels"": [{""id"": ""b379db2b-3066-4a46-8e8d-f70ad539323e"", ""value"": ""preferred terms"", ""language_id"": ""en"", ""list_item_id"": ""5f400d39-3b6b-4b8a-939b-4e49787c7444"", ""valuetype_id"": ""prefLabel""}], ""list_id"": ""80028d07-9c98-48cf-84db-f77bc01c8bbc""}]","[{""uri"": ""http://vocab.getty.edu/aat/300388277"", ""labels"": [{""id"": ""39e49408-de39-44db-a191-fe36a5f04cfc"", ""value"": ""English (language)"", ""language_id"": ""en"", ""list_item_id"": ""38729dbe-6d1c-48ce-bf47-e2a18945600e"", ""valuetype_id"": ""prefLabel""}], ""list_id"": ""f7fc4f6d-fd46-4881-846f-4a08bc1a3fef""}]"
32bd8635-2328-4f70-9605-49ecab67fe3e,36956e50-d770-11ef-8f5d-0275dc2ded29,166c7b56-b36e-4cfa-9dc0-7d232f147d69,1,ee0c14d6-ec38-4101-abe3-e5d7be0c262d,"{""en"": {""value"": ""Royal Talens"", ""direction"": ""ltr""}}","[{""uri"": ""http://vocab.getty.edu/aat/300404670"", ""labels"": [{""id"": ""b379db2b-3066-4a46-8e8d-f70ad539323e"", ""value"": ""preferred terms"", ""language_id"": ""en"", ""list_item_id"": ""5f400d39-3b6b-4b8a-939b-4e49787c7444"", ""valuetype_id"": ""prefLabel""}], ""list_id"": ""80028d07-9c98-48cf-84db-f77bc01c8bbc""}]","[{""uri"": ""http://vocab.getty.edu/aat/300388277"", ""labels"": [{""id"": ""39e49408-de39-44db-a191-fe36a5f04cfc"", ""value"": ""English (language)"", ""language_id"": ""en"", ""list_item_id"": ""38729dbe-6d1c-48ce-bf47-e2a18945600e"", ""valuetype_id"": ""prefLabel""}], ""list_id"": ""f7fc4f6d-fd46-4881-846f-4a08bc1a3fef""}]"
bdc5b5af-0d22-4ff1-9b8a-3f4b095d1805,36956e50-d770-11ef-8f5d-0275dc2ded29,166c7b56-b36e-4cfa-9dc0-7d232f147d69,1,a056c409-0968-4a70-9791-1725c077a697,"{""en"": {""value"": ""Baxters"", ""direction"": ""ltr""}}","[{""uri"": ""http://vocab.getty.edu/aat/300404670"", ""labels"": [{""id"": ""b379db2b-3066-4a46-8e8d-f70ad539323e"", ""value"": ""preferred terms"", ""language_id"": ""en"", ""list_item_id"": ""5f400d39-3b6b-4b8a-939b-4e49787c7444"", ""valuetype_id"": ""prefLabel""}], ""list_id"": ""80028d07-9c98-48cf-84db-f77bc01c8bbc""}]","[{""uri"": ""http://vocab.getty.edu/aat/300388277"", ""labels"": [{""id"": ""39e49408-de39-44db-a191-fe36a5f04cfc"", ""value"": ""English (language)"", ""language_id"": ""en"", ""list_item_id"": ""38729dbe-6d1c-48ce-bf47-e2a18945600e"", ""valuetype_id"": ""prefLabel""}], ""list_id"": ""f7fc4f6d-fd46-4881-846f-4a08bc1a3fef""}]"
789809b6-1e90-4d33-909e-fcbd122b4789,36956e50-d770-11ef-8f5d-0275dc2ded29,166c7b56-b36e-4cfa-9dc0-7d232f147d69,1,eb9d13b3-d936-4f42-bb40-b461d55015fa,"{""en"": {""value"": ""MaDaNa Manufacturing"", ""direction"": ""ltr""}}","[{""uri"": ""http://vocab.getty.edu/aat/300404670"", ""labels"": [{""id"": ""b379db2b-3066-4a46-8e8d-f70ad539323e"", ""value"": ""preferred terms"", ""language_id"": ""en"", ""list_item_id"": ""5f400d39-3b6b-4b8a-939b-4e49787c7444"", ""valuetype_id"": ""prefLabel""}], ""list_id"": ""80028d07-9c98-48cf-84db-f77bc01c8bbc""}]","[{""uri"": ""http://vocab.getty.edu/aat/300388277"", ""labels"": [{""id"": ""39e49408-de39-44db-a191-fe36a5f04cfc"", ""value"": ""English (language)"", ""language_id"": ""en"", ""list_item_id"": ""38729dbe-6d1c-48ce-bf47-e2a18945600e"", ""valuetype_id"": ""prefLabel""}], ""list_id"": ""f7fc4f6d-fd46-4881-846f-4a08bc1a3fef""}]"
f6f99709-059a-439e-b2fe-de6f86de8548,36956e50-d770-11ef-8f5d-0275dc2ded29,166c7b56-b36e-4cfa-9dc0-7d232f147d69,1,9cefd61c-a8c6-4c49-9c88-5a880d418f7f,"{""en"": {""value"": ""Reichard-Coulston"", ""direction"": ""ltr""}}","[{""uri"": ""http://vocab.getty.edu/aat/300404670"", ""labels"": [{""id"": ""b379db2b-3066-4a46-8e8d-f70ad539323e"", ""value"": ""preferred terms"", ""language_id"": ""en"", ""list_item_id"": ""5f400d39-3b6b-4b8a-939b-4e49787c7444"", ""valuetype_id"": ""prefLabel""}], ""list_id"": ""80028d07-9c98-48cf-84db-f77bc01c8bbc""}]","[{""uri"": ""http://vocab.getty.edu/aat/300388277"", ""labels"": [{""id"": ""39e49408-de39-44db-a191-fe36a5f04cfc"", ""value"": ""English (language)"", ""language_id"": ""en"", ""list_item_id"": ""38729dbe-6d1c-48ce-bf47-e2a18945600e"", ""valuetype_id"": ""prefLabel""}], ""list_id"": ""f7fc4f6d-fd46-4881-846f-4a08bc1a3fef""}]"
bfee67e5-0a2e-43f3-9fd5-79c61ea2007f,36956e50-d770-11ef-8f5d-0275dc2ded29,166c7b56-b36e-4cfa-9dc0-7d232f147d69,1,59a173b1-48cf-4d3a-b3ed-f1834715d135,"{""en"": {""value"": ""Sudan Import & Export Co."", ""direction"": ""ltr""}}","[{""uri"": ""http://vocab.getty.edu/aat/300404670"", ""labels"": [{""id"": ""b379db2b-3066-4a46-8e8d-f70ad539323e"", ""value"": ""preferred terms"", ""language_id"": ""en"", ""list_item_id"": ""5f400d39-3b6b-4b8a-939b-4e49787c7444"", ""valuetype_id"": ""prefLabel""}], ""list_id"": ""80028d07-9c98-48cf-84db-f77bc01c8bbc""}]","[{""uri"": ""http://vocab.getty.edu/aat/300388277"", ""labels"": [{""id"": ""39e49408-de39-44db-a191-fe36a5f04cfc"", ""value"": ""English (language)"", ""language_id"": ""en"", ""list_item_id"": ""38729dbe-6d1c-48ce-bf47-e2a18945600e"", ""valuetype_id"": ""prefLabel""}], ""list_id"": ""f7fc4f6d-fd46-4881-846f-4a08bc1a3fef""}]"
9ea91f9d-a6f8-4956-9682-6fe8e118aa96,36956e50-d770-11ef-8f5d-0275dc2ded29,166c7b56-b36e-4cfa-9dc0-7d232f147d69,1,cf4fd457-202d-429f-a93b-4244fd416b32,"{""en"": {""value"": ""Paterson Photographic Ltd."", ""direction"": ""ltr""}}","[{""uri"": ""http://vocab.getty.edu/aat/300404670"", ""labels"": [{""id"": ""b379db2b-3066-4a46-8e8d-f70ad539323e"", ""value"": ""preferred terms"", ""language_id"": ""en"", ""list_item_id"": ""5f400d39-3b6b-4b8a-939b-4e49787c7444"", ""valuetype_id"": ""prefLabel""}], ""list_id"": ""80028d07-9c98-48cf-84db-f77bc01c8bbc""}]","[{""uri"": ""http://vocab.getty.edu/aat/300388277"", ""labels"": [{""id"": ""39e49408-de39-44db-a191-fe36a5f04cfc"", ""value"": ""English (language)"", ""language_id"": ""en"", ""list_item_id"": ""38729dbe-6d1c-48ce-bf47-e2a18945600e"", ""valuetype_id"": ""prefLabel""}], ""list_id"": ""f7fc4f6d-fd46-4881-846f-4a08bc1a3fef""}]"
a812e9c5-cdc5-4ee3-9ceb-c5ca8c194c3f,36956e50-d770-11ef-8f5d-0275dc2ded29,166c7b56-b36e-4cfa-9dc0-7d232f147d69,1,79ebe9b3-3302-465d-aa5c-3d1c68dfbdbc,"{""en"": {""value"": ""Unicolor"", ""direction"": ""ltr""}}","[{""uri"": ""http://vocab.getty.edu/aat/300404670"", ""labels"": [{""id"": ""b379db2b-3066-4a46-8e8d-f70ad539323e"", ""value"": ""preferred terms"", ""language_id"": ""en"", ""list_item_id"": ""5f400d39-3b6b-4b8a-939b-4e49787c7444"", ""valuetype_id"": ""prefLabel""}], ""list_id"": ""80028d07-9c98-48cf-84db-f77bc01c8bbc""}]","[{""uri"": ""http://vocab.getty.edu/aat/300388277"", ""labels"": [{""id"": ""39e49408-de39-44db-a191-fe36a5f04cfc"", ""value"": ""English (language)"", ""language_id"": ""en"", ""list_item_id"": ""38729dbe-6d1c-48ce-bf47-e2a18945600e"", ""valuetype_id"": ""prefLabel""}], ""list_id"": ""f7fc4f6d-fd46-4881-846f-4a08bc1a3fef""}]"
2c4ea4a0-48aa-44fd-836e-cc6d174290c0,36956e50-d770-11ef-8f5d-0275dc2ded29,166c7b56-b36e-4cfa-9dc0-7d232f147d69,1,7cc94a71-1618-4e72-80e3-fd5b9914f28e,"{""en"": {""value"": ""A.F. Suter & Co."", ""direction"": ""ltr""}}","[{""uri"": ""http://vocab.getty.edu/aat/300404670"", ""labels"": [{""id"": ""b379db2b-3066-4a46-8e8d-f70ad539323e"", ""value"": ""preferred terms"", ""language_id"": ""en"", ""list_item_id"": ""5f400d39-3b6b-4b8a-939b-4e49787c7444"", ""valuetype_id"": ""prefLabel""}], ""list_id"": ""80028d07-9c98-48cf-84db-f77bc01c8bbc""}]","[{""uri"": ""http://vocab.getty.edu/aat/300388277"", ""labels"": [{""id"": ""39e49408-de39-44db-a191-fe36a5f04cfc"", ""value"": ""English (language)"", ""language_id"": ""en"", ""list_item_id"": ""38729dbe-6d1c-48ce-bf47-e2a18945600e"", ""valuetype_id"": ""prefLabel""}], ""list_id"": ""f7fc4f6d-fd46-4881-846f-4a08bc1a3fef""}]"
75f6c8e0-22ab-44fe-89f2-1b0ab0d6366d,36956e50-d770-11ef-8f5d-0275dc2ded29,166c7b56-b36e-4cfa-9dc0-7d232f147d69,1,77cfb4b7-7e2f-415f-b9d4-fe6396690443,"{""en"": {""value"": ""Easy Leaf Co."", ""direction"": ""ltr""}}","[{""uri"": ""http://vocab.getty.edu/aat/300404670"", ""labels"": [{""id"": ""b379db2b-3066-4a46-8e8d-f70ad539323e"", ""value"": ""preferred terms"", ""language_id"": ""en"", ""list_item_id"": ""5f400d39-3b6b-4b8a-939b-4e49787c7444"", ""valuetype_id"": ""prefLabel""}], ""list_id"": ""80028d07-9c98-48cf-84db-f77bc01c8bbc""}]","[{""uri"": ""http://vocab.getty.edu/aat/300388277"", ""labels"": [{""id"": ""39e49408-de39-44db-a191-fe36a5f04cfc"", ""value"": ""English (language)"", ""language_id"": ""en"", ""list_item_id"": ""38729dbe-6d1c-48ce-bf47-e2a18945600e"", ""valuetype_id"": ""prefLabel""}], ""list_id"": ""f7fc4f6d-fd46-4881-846f-4a08bc1a3fef""}]"
0b1386d1-2b8a-4805-8012-656b4fcdfb9d,36956e50-d770-11ef-8f5d-0275dc2ded29,166c7b56-b36e-4cfa-9dc0-7d232f147d69,1,42b691cf-3150-4986-9de0-79caa99dcf0c,"{""en"": {""value"": ""Max Grumbacher / Sanford"", ""direction"": ""ltr""}}","[{""uri"": ""http://vocab.getty.edu/aat/300404670"", ""labels"": [{""id"": ""b379db2b-3066-4a46-8e8d-f70ad539323e"", ""value"": ""preferred terms"", ""language_id"": ""en"", ""list_item_id"": ""5f400d39-3b6b-4b8a-939b-4e49787c7444"", ""valuetype_id"": ""prefLabel""}], ""list_id"": ""80028d07-9c98-48cf-84db-f77bc01c8bbc""}]","[{""uri"": ""http://vocab.getty.edu/aat/300388277"", ""labels"": [{""id"": ""39e49408-de39-44db-a191-fe36a5f04cfc"", ""value"": ""English (language)"", ""language_id"": ""en"", ""list_item_id"": ""38729dbe-6d1c-48ce-bf47-e2a18945600e"", ""valuetype_id"": ""prefLabel""}], ""list_id"": ""f7fc4f6d-fd46-4881-846f-4a08bc1a3fef""}]"
5f9ef8fc-bf41-4d2e-8678-64481c84beaf,36956e50-d770-11ef-8f5d-0275dc2ded29,166c7b56-b36e-4cfa-9dc0-7d232f147d69,1,a47d7047-6439-43d9-9763-351efc2b983b,"{""en"": {""value"": ""Spencer Kellog"", ""direction"": ""ltr""}}","[{""uri"": ""http://vocab.getty.edu/aat/300404670"", ""labels"": [{""id"": ""b379db2b-3066-4a46-8e8d-f70ad539323e"", ""value"": ""preferred terms"", ""language_id"": ""en"", ""list_item_id"": ""5f400d39-3b6b-4b8a-939b-4e49787c7444"", ""valuetype_id"": ""prefLabel""}], ""list_id"": ""80028d07-9c98-48cf-84db-f77bc01c8bbc""}]","[{""uri"": ""http://vocab.getty.edu/aat/300388277"", ""labels"": [{""id"": ""39e49408-de39-44db-a191-fe36a5f04cfc"", ""value"": ""English (language)"", ""language_id"": ""en"", ""list_item_id"": ""38729dbe-6d1c-48ce-bf47-e2a18945600e"", ""valuetype_id"": ""prefLabel""}], ""list_id"": ""f7fc4f6d-fd46-4881-846f-4a08bc1a3fef""}]"
2f62492f-39bd-4780-bfb3-5462db7c38da,36956e50-d770-11ef-8f5d-0275dc2ded29,166c7b56-b36e-4cfa-9dc0-7d232f147d69,1,534892bc-ac63-42fa-a919-29faa235ffce,"{""en"": {""value"": ""Adriano Ramos"", ""direction"": ""ltr""}}","[{""uri"": ""http://vocab.getty.edu/aat/300404670"", ""labels"": [{""id"": ""b379db2b-3066-4a46-8e8d-f70ad539323e"", ""value"": ""preferred terms"", ""language_id"": ""en"", ""list_item_id"": ""5f400d39-3b6b-4b8a-939b-4e49787c7444"", ""valuetype_id"": ""prefLabel""}], ""list_id"": ""80028d07-9c98-48cf-84db-f77bc01c8bbc""}]","[{""uri"": ""http://vocab.getty.edu/aat/300388277"", ""labels"": [{""id"": ""39e49408-de39-44db-a191-fe36a5f04cfc"", ""value"": ""English (language)"", ""language_id"": ""en"", ""list_item_id"": ""38729dbe-6d1c-48ce-bf47-e2a18945600e"", ""valuetype_id"": ""prefLabel""}], ""list_id"": ""f7fc4f6d-fd46-4881-846f-4a08bc1a3fef""}]"
d497a642-def4-4194-a5be-5e9c5b9425f6,36956e50-d770-11ef-8f5d-0275dc2ded29,166c7b56-b36e-4cfa-9dc0-7d232f147d69,1,e432555b-84ab-4bfb-9d47-67d800c8aae2,"{""en"": {""value"": ""Hadassa Export Company, Ltd.; (Imported by: Hathaway Allied Products)"", ""direction"": ""ltr""}}","[{""uri"": ""http://vocab.getty.edu/aat/300404670"", ""labels"": [{""id"": ""b379db2b-3066-4a46-8e8d-f70ad539323e"", ""value"": ""preferred terms"", ""language_id"": ""en"", ""list_item_id"": ""5f400d39-3b6b-4b8a-939b-4e49787c7444"", ""valuetype_id"": ""prefLabel""}], ""list_id"": ""80028d07-9c98-48cf-84db-f77bc01c8bbc""}]","[{""uri"": ""http://vocab.getty.edu/aat/300388277"", ""labels"": [{""id"": ""39e49408-de39-44db-a191-fe36a5f04cfc"", ""value"": ""English (language)"", ""language_id"": ""en"", ""list_item_id"": ""38729dbe-6d1c-48ce-bf47-e2a18945600e"", ""valuetype_id"": ""prefLabel""}], ""list_id"": ""f7fc4f6d-fd46-4881-846f-4a08bc1a3fef""}]"
04c0b05d-7b40-4c99-9726-4c3b5cdd4e66,36956e50-d770-11ef-8f5d-0275dc2ded29,166c7b56-b36e-4cfa-9dc0-7d232f147d69,1,24bda246-1ffd-44aa-83fd-9e4fce5c8d77,"{""en"": {""value"": ""Museum of Modern Art, New York"", ""direction"": ""ltr""}}","[{""uri"": ""http://vocab.getty.edu/aat/300404670"", ""labels"": [{""id"": ""b379db2b-3066-4a46-8e8d-f70ad539323e"", ""value"": ""preferred terms"", ""language_id"": ""en"", ""list_item_id"": ""5f400d39-3b6b-4b8a-939b-4e49787c7444"", ""valuetype_id"": ""prefLabel""}], ""list_id"": ""80028d07-9c98-48cf-84db-f77bc01c8bbc""}]","[{""uri"": ""http://vocab.getty.edu/aat/300388277"", ""labels"": [{""id"": ""39e49408-de39-44db-a191-fe36a5f04cfc"", ""value"": ""English (language)"", ""language_id"": ""en"", ""list_item_id"": ""38729dbe-6d1c-48ce-bf47-e2a18945600e"", ""valuetype_id"": ""prefLabel""}], ""list_id"": ""f7fc4f6d-fd46-4881-846f-4a08bc1a3fef""}]"
075b72c4-b335-4f8b-a07c-b2a179a4a53e,36956e50-d770-11ef-8f5d-0275dc2ded29,166c7b56-b36e-4cfa-9dc0-7d232f147d69,1,6b6b42fa-fb8a-4e2e-8d6d-7d02431bef23,"{""en"": {""value"": ""Seattle Film Works"", ""direction"": ""ltr""}}","[{""uri"": ""http://vocab.getty.edu/aat/300404670"", ""labels"": [{""id"": ""b379db2b-3066-4a46-8e8d-f70ad539323e"", ""value"": ""preferred terms"", ""language_id"": ""en"", ""list_item_id"": ""5f400d39-3b6b-4b8a-939b-4e49787c7444"", ""valuetype_id"": ""prefLabel""}], ""list_id"": ""80028d07-9c98-48cf-84db-f77bc01c8bbc""}]","[{""uri"": ""http://vocab.getty.edu/aat/300388277"", ""labels"": [{""id"": ""39e49408-de39-44db-a191-fe36a5f04cfc"", ""value"": ""English (language)"", ""language_id"": ""en"", ""list_item_id"": ""38729dbe-6d1c-48ce-bf47-e2a18945600e"", ""valuetype_id"": ""prefLabel""}], ""list_id"": ""f7fc4f6d-fd46-4881-846f-4a08bc1a3fef""}]"
6edd427d-4cf5-4481-9ffb-851786790482,36956e50-d770-11ef-8f5d-0275dc2ded29,166c7b56-b36e-4cfa-9dc0-7d232f147d69,1,af4e8534-b0ac-4679-865d-aaf8e8e975b6,"{""en"": {""value"": ""Oriental Photo Ind. Co."", ""direction"": ""ltr""}}","[{""uri"": ""http://vocab.getty.edu/aat/300404670"", ""labels"": [{""id"": ""b379db2b-3066-4a46-8e8d-f70ad539323e"", ""value"": ""preferred terms"", ""language_id"": ""en"", ""list_item_id"": ""5f400d39-3b6b-4b8a-939b-4e49787c7444"", ""valuetype_id"": ""prefLabel""}], ""list_id"": ""80028d07-9c98-48cf-84db-f77bc01c8bbc""}]","[{""uri"": ""http://vocab.getty.edu/aat/300388277"", ""labels"": [{""id"": ""39e49408-de39-44db-a191-fe36a5f04cfc"", ""value"": ""English (language)"", ""language_id"": ""en"", ""list_item_id"": ""38729dbe-6d1c-48ce-bf47-e2a18945600e"", ""valuetype_id"": ""prefLabel""}], ""list_id"": ""f7fc4f6d-fd46-4881-846f-4a08bc1a3fef""}]"
e7f14725-b726-401f-8991-3ef8691864ba,36956e50-d770-11ef-8f5d-0275dc2ded29,166c7b56-b36e-4cfa-9dc0-7d232f147d69,1,c686920a-4287-4dab-8bbb-8a07b66634a9,"{""en"": {""value"": ""Ecolse"", ""direction"": ""ltr""}}","[{""uri"": ""http://vocab.getty.edu/aat/300404670"", ""labels"": [{""id"": ""b379db2b-3066-4a46-8e8d-f70ad539323e"", ""value"": ""preferred terms"", ""language_id"": ""en"", ""list_item_id"": ""5f400d39-3b6b-4b8a-939b-4e49787c7444"", ""valuetype_id"": ""prefLabel""}], ""list_id"": ""80028d07-9c98-48cf-84db-f77bc01c8bbc""}]","[{""uri"": ""http://vocab.getty.edu/aat/300388277"", ""labels"": [{""id"": ""39e49408-de39-44db-a191-fe36a5f04cfc"", ""value"": ""English (language)"", ""language_id"": ""en"", ""list_item_id"": ""38729dbe-6d1c-48ce-bf47-e2a18945600e"", ""valuetype_id"": ""prefLabel""}], ""list_id"": ""f7fc4f6d-fd46-4881-846f-4a08bc1a3fef""}]"
d7b8cf53-30ce-4695-abd4-f9cc3d4a42f7,36956e50-d770-11ef-8f5d-0275dc2ded29,166c7b56-b36e-4cfa-9dc0-7d232f147d69,1,df645093-290d-44cd-b96f-b1ab0277bae5,"{""en"": {""value"": ""Hartman Leather Ltd"", ""direction"": ""ltr""}}","[{""uri"": ""http://vocab.getty.edu/aat/300404670"", ""labels"": [{""id"": ""b379db2b-3066-4a46-8e8d-f70ad539323e"", ""value"": ""preferred terms"", ""language_id"": ""en"", ""list_item_id"": ""5f400d39-3b6b-4b8a-939b-4e49787c7444"", ""valuetype_id"": ""prefLabel""}], ""list_id"": ""80028d07-9c98-48cf-84db-f77bc01c8bbc""}]","[{""uri"": ""http://vocab.getty.edu/aat/300388277"", ""labels"": [{""id"": ""39e49408-de39-44db-a191-fe36a5f04cfc"", ""value"": ""English (language)"", ""language_id"": ""en"", ""list_item_id"": ""38729dbe-6d1c-48ce-bf47-e2a18945600e"", ""valuetype_id"": ""prefLabel""}], ""list_id"": ""f7fc4f6d-fd46-4881-846f-4a08bc1a3fef""}]"
a8236387-3cc5-4948-a579-d1dea4339fec,36956e50-d770-11ef-8f5d-0275dc2ded29,166c7b56-b36e-4cfa-9dc0-7d232f147d69,1,4130e708-95a0-4446-a975-d68df1b029fe,"{""en"": {""value"": ""Weber & Co."", ""direction"": ""ltr""}}","[{""uri"": ""http://vocab.getty.edu/aat/300404670"", ""labels"": [{""id"": ""b379db2b-3066-4a46-8e8d-f70ad539323e"", ""value"": ""preferred terms"", ""language_id"": ""en"", ""list_item_id"": ""5f400d39-3b6b-4b8a-939b-4e49787c7444"", ""valuetype_id"": ""prefLabel""}], ""list_id"": ""80028d07-9c98-48cf-84db-f77bc01c8bbc""}]","[{""uri"": ""http://vocab.getty.edu/aat/300388277"", ""labels"": [{""id"": ""39e49408-de39-44db-a191-fe36a5f04cfc"", ""value"": ""English (language)"", ""language_id"": ""en"", ""list_item_id"": ""38729dbe-6d1c-48ce-bf47-e2a18945600e"", ""valuetype_id"": ""prefLabel""}], ""list_id"": ""f7fc4f6d-fd46-4881-846f-4a08bc1a3fef""}]"
2077d7c0-77ac-47a7-aae9-afc47093d980,36956e50-d770-11ef-8f5d-0275dc2ded29,166c7b56-b36e-4cfa-9dc0-7d232f147d69,1,5dbf9f87-5f0a-43d7-a9c3-83cf827d9090,"{""en"": {""value"": ""Moraes S/A"", ""direction"": ""ltr""}}","[{""uri"": ""http://vocab.getty.edu/aat/300404670"", ""labels"": [{""id"": ""b379db2b-3066-4a46-8e8d-f70ad539323e"", ""value"": ""preferred terms"", ""language_id"": ""en"", ""list_item_id"": ""5f400d39-3b6b-4b8a-939b-4e49787c7444"", ""valuetype_id"": ""prefLabel""}], ""list_id"": ""80028d07-9c98-48cf-84db-f77bc01c8bbc""}]","[{""uri"": ""http://vocab.getty.edu/aat/300388277"", ""labels"": [{""id"": ""39e49408-de39-44db-a191-fe36a5f04cfc"", ""value"": ""English (language)"", ""language_id"": ""en"", ""list_item_id"": ""38729dbe-6d1c-48ce-bf47-e2a18945600e"", ""valuetype_id"": ""prefLabel""}], ""list_id"": ""f7fc4f6d-fd46-4881-846f-4a08bc1a3fef""}]"
9757ad1c-b68d-4b52-8ac2-b0ab81337ded,36956e50-d770-11ef-8f5d-0275dc2ded29,166c7b56-b36e-4cfa-9dc0-7d232f147d69,1,bd2e0231-a34a-4d6e-8c51-f05c644cc040,"{""en"": {""value"": ""Sansui"", ""direction"": ""ltr""}}","[{""uri"": ""http://vocab.getty.edu/aat/300404670"", ""labels"": [{""id"": ""b379db2b-3066-4a46-8e8d-f70ad539323e"", ""value"": ""preferred terms"", ""language_id"": ""en"", ""list_item_id"": ""5f400d39-3b6b-4b8a-939b-4e49787c7444"", ""valuetype_id"": ""prefLabel""}], ""list_id"": ""80028d07-9c98-48cf-84db-f77bc01c8bbc""}]","[{""uri"": ""http://vocab.getty.edu/aat/300388277"", ""labels"": [{""id"": ""39e49408-de39-44db-a191-fe36a5f04cfc"", ""value"": ""English (language)"", ""language_id"": ""en"", ""list_item_id"": ""38729dbe-6d1c-48ce-bf47-e2a18945600e"", ""valuetype_id"": ""prefLabel""}], ""list_id"": ""f7fc4f6d-fd46-4881-846f-4a08bc1a3fef""}]"
3057aac1-5627-49fd-b9f0-02b2133819a0,36956e50-d770-11ef-8f5d-0275dc2ded29,166c7b56-b36e-4cfa-9dc0-7d232f147d69,1,34c34cc1-8451-4dea-9303-f693af78e445,"{""en"": {""value"": ""Binney & Smith Co."", ""direction"": ""ltr""}}","[{""uri"": ""http://vocab.getty.edu/aat/300404670"", ""labels"": [{""id"": ""b379db2b-3066-4a46-8e8d-f70ad539323e"", ""value"": ""preferred terms"", ""language_id"": ""en"", ""list_item_id"": ""5f400d39-3b6b-4b8a-939b-4e49787c7444"", ""valuetype_id"": ""prefLabel""}], ""list_id"": ""80028d07-9c98-48cf-84db-f77bc01c8bbc""}]","[{""uri"": ""http://vocab.getty.edu/aat/300388277"", ""labels"": [{""id"": ""39e49408-de39-44db-a191-fe36a5f04cfc"", ""value"": ""English (language)"", ""language_id"": ""en"", ""list_item_id"": ""38729dbe-6d1c-48ce-bf47-e2a18945600e"", ""valuetype_id"": ""prefLabel""}], ""list_id"": ""f7fc4f6d-fd46-4881-846f-4a08bc1a3fef""}]"
343dc5be-fe8d-4780-a0a6-7c299ff83f22,36956e50-d770-11ef-8f5d-0275dc2ded29,166c7b56-b36e-4cfa-9dc0-7d232f147d69,1,3940afd0-8827-45d2-8c88-58dd9334c476,"{""en"": {""value"": ""Enkaustikos"", ""direction"": ""ltr""}}","[{""uri"": ""http://vocab.getty.edu/aat/300404670"", ""labels"": [{""id"": ""b379db2b-3066-4a46-8e8d-f70ad539323e"", ""value"": ""preferred terms"", ""language_id"": ""en"", ""list_item_id"": ""5f400d39-3b6b-4b8a-939b-4e49787c7444"", ""valuetype_id"": ""prefLabel""}], ""list_id"": ""80028d07-9c98-48cf-84db-f77bc01c8bbc""}]","[{""uri"": ""http://vocab.getty.edu/aat/300388277"", ""labels"": [{""id"": ""39e49408-de39-44db-a191-fe36a5f04cfc"", ""value"": ""English (language)"", ""language_id"": ""en"", ""list_item_id"": ""38729dbe-6d1c-48ce-bf47-e2a18945600e"", ""valuetype_id"": ""prefLabel""}], ""list_id"": ""f7fc4f6d-fd46-4881-846f-4a08bc1a3fef""}]"
ac77fa82-bab0-4878-8f30-6f6d293a8200,36956e50-d770-11ef-8f5d-0275dc2ded29,166c7b56-b36e-4cfa-9dc0-7d232f147d69,1,a0c4d7b7-1ab2-41ae-9ae1-69f9d813c6ef,"{""en"": {""value"": ""Da Vinci"", ""direction"": ""ltr""}}","[{""uri"": ""http://vocab.getty.edu/aat/300404670"", ""labels"": [{""id"": ""b379db2b-3066-4a46-8e8d-f70ad539323e"", ""value"": ""preferred terms"", ""language_id"": ""en"", ""list_item_id"": ""5f400d39-3b6b-4b8a-939b-4e49787c7444"", ""valuetype_id"": ""prefLabel""}], ""list_id"": ""80028d07-9c98-48cf-84db-f77bc01c8bbc""}]","[{""uri"": ""http://vocab.getty.edu/aat/300388277"", ""labels"": [{""id"": ""39e49408-de39-44db-a191-fe36a5f04cfc"", ""value"": ""English (language)"", ""language_id"": ""en"", ""list_item_id"": ""38729dbe-6d1c-48ce-bf47-e2a18945600e"", ""valuetype_id"": ""prefLabel""}], ""list_id"": ""f7fc4f6d-fd46-4881-846f-4a08bc1a3fef""}]"
2ea8413a-0593-4028-b077-c5da3568fb86,36956e50-d770-11ef-8f5d-0275dc2ded29,166c7b56-b36e-4cfa-9dc0-7d232f147d69,1,e4feaadf-9bc6-4695-9b32-451220627380,"{""en"": {""value"": ""Harvard Art Museums"", ""direction"": ""ltr""}}","[{""uri"": ""http://vocab.getty.edu/aat/300404670"", ""labels"": [{""id"": ""b379db2b-3066-4a46-8e8d-f70ad539323e"", ""value"": ""preferred terms"", ""language_id"": ""en"", ""list_item_id"": ""5f400d39-3b6b-4b8a-939b-4e49787c7444"", ""valuetype_id"": ""prefLabel""}], ""list_id"": ""80028d07-9c98-48cf-84db-f77bc01c8bbc""}]","[{""uri"": ""http://vocab.getty.edu/aat/300388277"", ""labels"": [{""id"": ""39e49408-de39-44db-a191-fe36a5f04cfc"", ""value"": ""English (language)"", ""language_id"": ""en"", ""list_item_id"": ""38729dbe-6d1c-48ce-bf47-e2a18945600e"", ""valuetype_id"": ""prefLabel""}], ""list_id"": ""f7fc4f6d-fd46-4881-846f-4a08bc1a3fef""}]"
dfeb4d77-4495-442d-a523-c617f5a53be7,36956e50-d770-11ef-8f5d-0275dc2ded29,166c7b56-b36e-4cfa-9dc0-7d232f147d69,1,132833c9-5d5f-41af-8dad-2dcb0461ce60,"{""en"": {""value"": ""Devoe"", ""direction"": ""ltr""}}","[{""uri"": ""http://vocab.getty.edu/aat/300404670"", ""labels"": [{""id"": ""b379db2b-3066-4a46-8e8d-f70ad539323e"", ""value"": ""preferred terms"", ""language_id"": ""en"", ""list_item_id"": ""5f400d39-3b6b-4b8a-939b-4e49787c7444"", ""valuetype_id"": ""prefLabel""}], ""list_id"": ""80028d07-9c98-48cf-84db-f77bc01c8bbc""}]","[{""uri"": ""http://vocab.getty.edu/aat/300388277"", ""labels"": [{""id"": ""39e49408-de39-44db-a191-fe36a5f04cfc"", ""value"": ""English (language)"", ""language_id"": ""en"", ""list_item_id"": ""38729dbe-6d1c-48ce-bf47-e2a18945600e"", ""valuetype_id"": ""prefLabel""}], ""list_id"": ""f7fc4f6d-fd46-4881-846f-4a08bc1a3fef""}]"
3c2c8a7c-6a1e-4823-b26e-87399f86213d,36956e50-d770-11ef-8f5d-0275dc2ded29,166c7b56-b36e-4cfa-9dc0-7d232f147d69,1,49dbcfb5-43e6-468e-8d6c-75304d7c6dfa,"{""en"": {""value"": ""University of Pittsburgh"", ""direction"": ""ltr""}}","[{""uri"": ""http://vocab.getty.edu/aat/300404670"", ""labels"": [{""id"": ""b379db2b-3066-4a46-8e8d-f70ad539323e"", ""value"": ""preferred terms"", ""language_id"": ""en"", ""list_item_id"": ""5f400d39-3b6b-4b8a-939b-4e49787c7444"", ""valuetype_id"": ""prefLabel""}], ""list_id"": ""80028d07-9c98-48cf-84db-f77bc01c8bbc""}]","[{""uri"": ""http://vocab.getty.edu/aat/300388277"", ""labels"": [{""id"": ""39e49408-de39-44db-a191-fe36a5f04cfc"", ""value"": ""English (language)"", ""language_id"": ""en"", ""list_item_id"": ""38729dbe-6d1c-48ce-bf47-e2a18945600e"", ""valuetype_id"": ""prefLabel""}], ""list_id"": ""f7fc4f6d-fd46-4881-846f-4a08bc1a3fef""}]"
6f799247-9660-473c-9d54-ad89df695ded,36956e50-d770-11ef-8f5d-0275dc2ded29,166c7b56-b36e-4cfa-9dc0-7d232f147d69,1,45a7c7f2-b2a1-47f0-9d77-2c34080dd54f,"{""en"": {""value"": ""George Rowney & Co., Ltd"", ""direction"": ""ltr""}}","[{""uri"": ""http://vocab.getty.edu/aat/300404670"", ""labels"": [{""id"": ""b379db2b-3066-4a46-8e8d-f70ad539323e"", ""value"": ""preferred terms"", ""language_id"": ""en"", ""list_item_id"": ""5f400d39-3b6b-4b8a-939b-4e49787c7444"", ""valuetype_id"": ""prefLabel""}], ""list_id"": ""80028d07-9c98-48cf-84db-f77bc01c8bbc""}]","[{""uri"": ""http://vocab.getty.edu/aat/300388277"", ""labels"": [{""id"": ""39e49408-de39-44db-a191-fe36a5f04cfc"", ""value"": ""English (language)"", ""language_id"": ""en"", ""list_item_id"": ""38729dbe-6d1c-48ce-bf47-e2a18945600e"", ""valuetype_id"": ""prefLabel""}], ""list_id"": ""f7fc4f6d-fd46-4881-846f-4a08bc1a3fef""}]"
4e23bd7c-9948-45f5-9938-ca9e5a72752b,36956e50-d770-11ef-8f5d-0275dc2ded29,166c7b56-b36e-4cfa-9dc0-7d232f147d69,1,b74049fc-c4cd-4cb3-8745-506400517d80,"{""en"": {""value"": ""Belkis Minerals"", ""direction"": ""ltr""}}","[{""uri"": ""http://vocab.getty.edu/aat/300404670"", ""labels"": [{""id"": ""b379db2b-3066-4a46-8e8d-f70ad539323e"", ""value"": ""preferred terms"", ""language_id"": ""en"", ""list_item_id"": ""5f400d39-3b6b-4b8a-939b-4e49787c7444"", ""valuetype_id"": ""prefLabel""}], ""list_id"": ""80028d07-9c98-48cf-84db-f77bc01c8bbc""}]","[{""uri"": ""http://vocab.getty.edu/aat/300388277"", ""labels"": [{""id"": ""39e49408-de39-44db-a191-fe36a5f04cfc"", ""value"": ""English (language)"", ""language_id"": ""en"", ""list_item_id"": ""38729dbe-6d1c-48ce-bf47-e2a18945600e"", ""valuetype_id"": ""prefLabel""}], ""list_id"": ""f7fc4f6d-fd46-4881-846f-4a08bc1a3fef""}]"
0d18b67d-9a33-4a9d-98ac-d40b096f9df1,36956e50-d770-11ef-8f5d-0275dc2ded29,166c7b56-b36e-4cfa-9dc0-7d232f147d69,1,86f3d57e-14bb-48f9-88f1-d6a845b51874,"{""en"": {""value"": ""Dianippon"", ""direction"": ""ltr""}}","[{""uri"": ""http://vocab.getty.edu/aat/300404670"", ""labels"": [{""id"": ""b379db2b-3066-4a46-8e8d-f70ad539323e"", ""value"": ""preferred terms"", ""language_id"": ""en"", ""list_item_id"": ""5f400d39-3b6b-4b8a-939b-4e49787c7444"", ""valuetype_id"": ""prefLabel""}], ""list_id"": ""80028d07-9c98-48cf-84db-f77bc01c8bbc""}]","[{""uri"": ""http://vocab.getty.edu/aat/300388277"", ""labels"": [{""id"": ""39e49408-de39-44db-a191-fe36a5f04cfc"", ""value"": ""English (language)"", ""language_id"": ""en"", ""list_item_id"": ""38729dbe-6d1c-48ce-bf47-e2a18945600e"", ""valuetype_id"": ""prefLabel""}], ""list_id"": ""f7fc4f6d-fd46-4881-846f-4a08bc1a3fef""}]"
190acd39-bed6-44a5-973d-998fa3ee0481,36956e50-d770-11ef-8f5d-0275dc2ded29,166c7b56-b36e-4cfa-9dc0-7d232f147d69,1,e194dec3-3bc1-439d-8c26-6b9d87db6ca5,"{""en"": {""value"": ""ISP Technologies"", ""direction"": ""ltr""}}","[{""uri"": ""http://vocab.getty.edu/aat/300404670"", ""labels"": [{""id"": ""b379db2b-3066-4a46-8e8d-f70ad539323e"", ""value"": ""preferred terms"", ""language_id"": ""en"", ""list_item_id"": ""5f400d39-3b6b-4b8a-939b-4e49787c7444"", ""valuetype_id"": ""prefLabel""}], ""list_id"": ""80028d07-9c98-48cf-84db-f77bc01c8bbc""}]","[{""uri"": ""http://vocab.getty.edu/aat/300388277"", ""labels"": [{""id"": ""39e49408-de39-44db-a191-fe36a5f04cfc"", ""value"": ""English (language)"", ""language_id"": ""en"", ""list_item_id"": ""38729dbe-6d1c-48ce-bf47-e2a18945600e"", ""valuetype_id"": ""prefLabel""}], ""list_id"": ""f7fc4f6d-fd46-4881-846f-4a08bc1a3fef""}]"
ff8e9716-0779-4f09-8204-f3cd3b27ce13,36956e50-d770-11ef-8f5d-0275dc2ded29,166c7b56-b36e-4cfa-9dc0-7d232f147d69,1,e9debd0d-2444-44e1-ae4d-cbf78681cbaf,"{""en"": {""value"": ""Wessen Co."", ""direction"": ""ltr""}}","[{""uri"": ""http://vocab.getty.edu/aat/300404670"", ""labels"": [{""id"": ""b379db2b-3066-4a46-8e8d-f70ad539323e"", ""value"": ""preferred terms"", ""language_id"": ""en"", ""list_item_id"": ""5f400d39-3b6b-4b8a-939b-4e49787c7444"", ""valuetype_id"": ""prefLabel""}], ""list_id"": ""80028d07-9c98-48cf-84db-f77bc01c8bbc""}]","[{""uri"": ""http://vocab.getty.edu/aat/300388277"", ""labels"": [{""id"": ""39e49408-de39-44db-a191-fe36a5f04cfc"", ""value"": ""English (language)"", ""language_id"": ""en"", ""list_item_id"": ""38729dbe-6d1c-48ce-bf47-e2a18945600e"", ""valuetype_id"": ""prefLabel""}], ""list_id"": ""f7fc4f6d-fd46-4881-846f-4a08bc1a3fef""}]"
060a342d-a489-466d-8bfc-84f53263f0bc,36956e50-d770-11ef-8f5d-0275dc2ded29,166c7b56-b36e-4cfa-9dc0-7d232f147d69,1,27af48a2-34b2-4479-8aa2-ab282c9706e5,"{""en"": {""value"": ""Howe & French, Inc."", ""direction"": ""ltr""}}","[{""uri"": ""http://vocab.getty.edu/aat/300404670"", ""labels"": [{""id"": ""b379db2b-3066-4a46-8e8d-f70ad539323e"", ""value"": ""preferred terms"", ""language_id"": ""en"", ""list_item_id"": ""5f400d39-3b6b-4b8a-939b-4e49787c7444"", ""valuetype_id"": ""prefLabel""}], ""list_id"": ""80028d07-9c98-48cf-84db-f77bc01c8bbc""}]","[{""uri"": ""http://vocab.getty.edu/aat/300388277"", ""labels"": [{""id"": ""39e49408-de39-44db-a191-fe36a5f04cfc"", ""value"": ""English (language)"", ""language_id"": ""en"", ""list_item_id"": ""38729dbe-6d1c-48ce-bf47-e2a18945600e"", ""valuetype_id"": ""prefLabel""}], ""list_id"": ""f7fc4f6d-fd46-4881-846f-4a08bc1a3fef""}]"
f4d423d3-eb08-4152-bc4f-261d135e7456,36956e50-d770-11ef-8f5d-0275dc2ded29,166c7b56-b36e-4cfa-9dc0-7d232f147d69,1,00c2427c-5cb5-490d-bde4-2c27ea903774,"{""en"": {""value"": ""Peabody Museum of Archaeology & Ehtnology"", ""direction"": ""ltr""}}","[{""uri"": ""http://vocab.getty.edu/aat/300404670"", ""labels"": [{""id"": ""b379db2b-3066-4a46-8e8d-f70ad539323e"", ""value"": ""preferred terms"", ""language_id"": ""en"", ""list_item_id"": ""5f400d39-3b6b-4b8a-939b-4e49787c7444"", ""valuetype_id"": ""prefLabel""}], ""list_id"": ""80028d07-9c98-48cf-84db-f77bc01c8bbc""}]","[{""uri"": ""http://vocab.getty.edu/aat/300388277"", ""labels"": [{""id"": ""39e49408-de39-44db-a191-fe36a5f04cfc"", ""value"": ""English (language)"", ""language_id"": ""en"", ""list_item_id"": ""38729dbe-6d1c-48ce-bf47-e2a18945600e"", ""valuetype_id"": ""prefLabel""}], ""list_id"": ""f7fc4f6d-fd46-4881-846f-4a08bc1a3fef""}]"
9392634f-e956-4776-b4a8-a924557a05f8,36956e50-d770-11ef-8f5d-0275dc2ded29,166c7b56-b36e-4cfa-9dc0-7d232f147d69,1,7cbf9f25-e6d8-4308-90fe-29abbe619544,"{""en"": {""value"": ""Getty Conservation Institute (GCI)"", ""direction"": ""ltr""}}","[{""uri"": ""http://vocab.getty.edu/aat/300404670"", ""labels"": [{""id"": ""b379db2b-3066-4a46-8e8d-f70ad539323e"", ""value"": ""preferred terms"", ""language_id"": ""en"", ""list_item_id"": ""5f400d39-3b6b-4b8a-939b-4e49787c7444"", ""valuetype_id"": ""prefLabel""}], ""list_id"": ""80028d07-9c98-48cf-84db-f77bc01c8bbc""}]","[{""uri"": ""http://vocab.getty.edu/aat/300388277"", ""labels"": [{""id"": ""39e49408-de39-44db-a191-fe36a5f04cfc"", ""value"": ""English (language)"", ""language_id"": ""en"", ""list_item_id"": ""38729dbe-6d1c-48ce-bf47-e2a18945600e"", ""valuetype_id"": ""prefLabel""}], ""list_id"": ""f7fc4f6d-fd46-4881-846f-4a08bc1a3fef""}]"
d228e27a-d93b-43b3-9803-c38a39243ace,36956e50-d770-11ef-8f5d-0275dc2ded29,166c7b56-b36e-4cfa-9dc0-7d232f147d69,1,bcb3f9e4-f1dc-4a55-966f-3c5f9c3c1d55,"{""en"": {""value"": ""Robert Gamblin"", ""direction"": ""ltr""}}","[{""uri"": ""http://vocab.getty.edu/aat/300404670"", ""labels"": [{""id"": ""b379db2b-3066-4a46-8e8d-f70ad539323e"", ""value"": ""preferred terms"", ""language_id"": ""en"", ""list_item_id"": ""5f400d39-3b6b-4b8a-939b-4e49787c7444"", ""valuetype_id"": ""prefLabel""}], ""list_id"": ""80028d07-9c98-48cf-84db-f77bc01c8bbc""}]","[{""uri"": ""http://vocab.getty.edu/aat/300388277"", ""labels"": [{""id"": ""39e49408-de39-44db-a191-fe36a5f04cfc"", ""value"": ""English (language)"", ""language_id"": ""en"", ""list_item_id"": ""38729dbe-6d1c-48ce-bf47-e2a18945600e"", ""valuetype_id"": ""prefLabel""}], ""list_id"": ""f7fc4f6d-fd46-4881-846f-4a08bc1a3fef""}]"
d28d3e76-3b7e-4599-834a-14f8bc893116,36956e50-d770-11ef-8f5d-0275dc2ded29,166c7b56-b36e-4cfa-9dc0-7d232f147d69,1,3ecabee9-e02b-4988-a1e1-0d920d2e9147,"{""en"": {""value"": ""Vateria Copalifers"", ""direction"": ""ltr""}}","[{""uri"": ""http://vocab.getty.edu/aat/300404670"", ""labels"": [{""id"": ""b379db2b-3066-4a46-8e8d-f70ad539323e"", ""value"": ""preferred terms"", ""language_id"": ""en"", ""list_item_id"": ""5f400d39-3b6b-4b8a-939b-4e49787c7444"", ""valuetype_id"": ""prefLabel""}], ""list_id"": ""80028d07-9c98-48cf-84db-f77bc01c8bbc""}]","[{""uri"": ""http://vocab.getty.edu/aat/300388277"", ""labels"": [{""id"": ""39e49408-de39-44db-a191-fe36a5f04cfc"", ""value"": ""English (language)"", ""language_id"": ""en"", ""list_item_id"": ""38729dbe-6d1c-48ce-bf47-e2a18945600e"", ""valuetype_id"": ""prefLabel""}], ""list_id"": ""f7fc4f6d-fd46-4881-846f-4a08bc1a3fef""}]"
dd5f3a43-1983-4291-b983-4b8b237664bf,36956e50-d770-11ef-8f5d-0275dc2ded29,166c7b56-b36e-4cfa-9dc0-7d232f147d69,1,d4aba7c2-699d-44ff-a4d3-5407d2783ac5,"{""en"": {""value"": ""Dominion"", ""direction"": ""ltr""}}","[{""uri"": ""http://vocab.getty.edu/aat/300404670"", ""labels"": [{""id"": ""b379db2b-3066-4a46-8e8d-f70ad539323e"", ""value"": ""preferred terms"", ""language_id"": ""en"", ""list_item_id"": ""5f400d39-3b6b-4b8a-939b-4e49787c7444"", ""valuetype_id"": ""prefLabel""}], ""list_id"": ""80028d07-9c98-48cf-84db-f77bc01c8bbc""}]","[{""uri"": ""http://vocab.getty.edu/aat/300388277"", ""labels"": [{""id"": ""39e49408-de39-44db-a191-fe36a5f04cfc"", ""value"": ""English (language)"", ""language_id"": ""en"", ""list_item_id"": ""38729dbe-6d1c-48ce-bf47-e2a18945600e"", ""valuetype_id"": ""prefLabel""}], ""list_id"": ""f7fc4f6d-fd46-4881-846f-4a08bc1a3fef""}]"
0c4992f7-296b-4f6e-8bff-f31de44daf92,36956e50-d770-11ef-8f5d-0275dc2ded29,166c7b56-b36e-4cfa-9dc0-7d232f147d69,1,d5413b56-ee6d-4af4-bb4f-2a6e58e47410,"{""en"": {""value"": ""Agfa Gevaert"", ""direction"": ""ltr""}}","[{""uri"": ""http://vocab.getty.edu/aat/300404670"", ""labels"": [{""id"": ""b379db2b-3066-4a46-8e8d-f70ad539323e"", ""value"": ""preferred terms"", ""language_id"": ""en"", ""list_item_id"": ""5f400d39-3b6b-4b8a-939b-4e49787c7444"", ""valuetype_id"": ""prefLabel""}], ""list_id"": ""80028d07-9c98-48cf-84db-f77bc01c8bbc""}]","[{""uri"": ""http://vocab.getty.edu/aat/300388277"", ""labels"": [{""id"": ""39e49408-de39-44db-a191-fe36a5f04cfc"", ""value"": ""English (language)"", ""language_id"": ""en"", ""list_item_id"": ""38729dbe-6d1c-48ce-bf47-e2a18945600e"", ""valuetype_id"": ""prefLabel""}], ""list_id"": ""f7fc4f6d-fd46-4881-846f-4a08bc1a3fef""}]"
e15c0bcd-f3ef-4bc8-b950-58556987ae4e,36956e50-d770-11ef-8f5d-0275dc2ded29,166c7b56-b36e-4cfa-9dc0-7d232f147d69,1,b99b2851-da77-4c25-8389-0bf413da781b,"{""en"": {""value"": ""Robertson"", ""direction"": ""ltr""}}","[{""uri"": ""http://vocab.getty.edu/aat/300404670"", ""labels"": [{""id"": ""b379db2b-3066-4a46-8e8d-f70ad539323e"", ""value"": ""preferred terms"", ""language_id"": ""en"", ""list_item_id"": ""5f400d39-3b6b-4b8a-939b-4e49787c7444"", ""valuetype_id"": ""prefLabel""}], ""list_id"": ""80028d07-9c98-48cf-84db-f77bc01c8bbc""}]","[{""uri"": ""http://vocab.getty.edu/aat/300388277"", ""labels"": [{""id"": ""39e49408-de39-44db-a191-fe36a5f04cfc"", ""value"": ""English (language)"", ""language_id"": ""en"", ""list_item_id"": ""38729dbe-6d1c-48ce-bf47-e2a18945600e"", ""valuetype_id"": ""prefLabel""}], ""list_id"": ""f7fc4f6d-fd46-4881-846f-4a08bc1a3fef""}]"
4a7e98c7-c23c-442f-a76e-bb0ca07dabbd,36956e50-d770-11ef-8f5d-0275dc2ded29,166c7b56-b36e-4cfa-9dc0-7d232f147d69,1,1a94650c-67fc-41fa-8249-35cc2d03893a,"{""en"": {""value"": ""AQUA-TEC / BOCOUR (U.S.)"", ""direction"": ""ltr""}}","[{""uri"": ""http://vocab.getty.edu/aat/300404670"", ""labels"": [{""id"": ""b379db2b-3066-4a46-8e8d-f70ad539323e"", ""value"": ""preferred terms"", ""language_id"": ""en"", ""list_item_id"": ""5f400d39-3b6b-4b8a-939b-4e49787c7444"", ""valuetype_id"": ""prefLabel""}], ""list_id"": ""80028d07-9c98-48cf-84db-f77bc01c8bbc""}]","[{""uri"": ""http://vocab.getty.edu/aat/300388277"", ""labels"": [{""id"": ""39e49408-de39-44db-a191-fe36a5f04cfc"", ""value"": ""English (language)"", ""language_id"": ""en"", ""list_item_id"": ""38729dbe-6d1c-48ce-bf47-e2a18945600e"", ""valuetype_id"": ""prefLabel""}], ""list_id"": ""f7fc4f6d-fd46-4881-846f-4a08bc1a3fef""}]"
619b0aa4-82d7-4dd7-bcb8-dfd72d2c83f9,36956e50-d770-11ef-8f5d-0275dc2ded29,166c7b56-b36e-4cfa-9dc0-7d232f147d69,1,c106c158-eaaa-4240-afb0-f1a7cde2c966,"{""en"": {""value"": ""Wight & Arn"", ""direction"": ""ltr""}}","[{""uri"": ""http://vocab.getty.edu/aat/300404670"", ""labels"": [{""id"": ""b379db2b-3066-4a46-8e8d-f70ad539323e"", ""value"": ""preferred terms"", ""language_id"": ""en"", ""list_item_id"": ""5f400d39-3b6b-4b8a-939b-4e49787c7444"", ""valuetype_id"": ""prefLabel""}], ""list_id"": ""80028d07-9c98-48cf-84db-f77bc01c8bbc""}]","[{""uri"": ""http://vocab.getty.edu/aat/300388277"", ""labels"": [{""id"": ""39e49408-de39-44db-a191-fe36a5f04cfc"", ""value"": ""English (language)"", ""language_id"": ""en"", ""list_item_id"": ""38729dbe-6d1c-48ce-bf47-e2a18945600e"", ""valuetype_id"": ""prefLabel""}], ""list_id"": ""f7fc4f6d-fd46-4881-846f-4a08bc1a3fef""}]"
3185721b-1583-495a-a9cb-b5d974fa4f59,36956e50-d770-11ef-8f5d-0275dc2ded29,166c7b56-b36e-4cfa-9dc0-7d232f147d69,1,e81ef1e0-dbad-48a3-be29-8c8e7a472d66,"{""en"": {""value"": ""Standard Brands Paints"", ""direction"": ""ltr""}}","[{""uri"": ""http://vocab.getty.edu/aat/300404670"", ""labels"": [{""id"": ""b379db2b-3066-4a46-8e8d-f70ad539323e"", ""value"": ""preferred terms"", ""language_id"": ""en"", ""list_item_id"": ""5f400d39-3b6b-4b8a-939b-4e49787c7444"", ""valuetype_id"": ""prefLabel""}], ""list_id"": ""80028d07-9c98-48cf-84db-f77bc01c8bbc""}]","[{""uri"": ""http://vocab.getty.edu/aat/300388277"", ""labels"": [{""id"": ""39e49408-de39-44db-a191-fe36a5f04cfc"", ""value"": ""English (language)"", ""language_id"": ""en"", ""list_item_id"": ""38729dbe-6d1c-48ce-bf47-e2a18945600e"", ""valuetype_id"": ""prefLabel""}], ""list_id"": ""f7fc4f6d-fd46-4881-846f-4a08bc1a3fef""}]"
2d01f105-e424-4617-b43e-623dd697a99c,36956e50-d770-11ef-8f5d-0275dc2ded29,166c7b56-b36e-4cfa-9dc0-7d232f147d69,1,bf69d4dc-573b-460f-8e40-9c0c458878e5,"{""en"": {""value"": ""Block X"", ""direction"": ""ltr""}}","[{""uri"": ""http://vocab.getty.edu/aat/300404670"", ""labels"": [{""id"": ""b379db2b-3066-4a46-8e8d-f70ad539323e"", ""value"": ""preferred terms"", ""language_id"": ""en"", ""list_item_id"": ""5f400d39-3b6b-4b8a-939b-4e49787c7444"", ""valuetype_id"": ""prefLabel""}], ""list_id"": ""80028d07-9c98-48cf-84db-f77bc01c8bbc""}]","[{""uri"": ""http://vocab.getty.edu/aat/300388277"", ""labels"": [{""id"": ""39e49408-de39-44db-a191-fe36a5f04cfc"", ""value"": ""English (language)"", ""language_id"": ""en"", ""list_item_id"": ""38729dbe-6d1c-48ce-bf47-e2a18945600e"", ""valuetype_id"": ""prefLabel""}], ""list_id"": ""f7fc4f6d-fd46-4881-846f-4a08bc1a3fef""}]"
afd3daf3-e2e2-4278-b289-2414fd6a936e,36956e50-d770-11ef-8f5d-0275dc2ded29,166c7b56-b36e-4cfa-9dc0-7d232f147d69,1,3db6fa1b-d2c3-4869-a58f-0d1ac5ee1218,"{""en"": {""value"": ""O.G. Innes Corporation"", ""direction"": ""ltr""}}","[{""uri"": ""http://vocab.getty.edu/aat/300404670"", ""labels"": [{""id"": ""b379db2b-3066-4a46-8e8d-f70ad539323e"", ""value"": ""preferred terms"", ""language_id"": ""en"", ""list_item_id"": ""5f400d39-3b6b-4b8a-939b-4e49787c7444"", ""valuetype_id"": ""prefLabel""}], ""list_id"": ""80028d07-9c98-48cf-84db-f77bc01c8bbc""}]","[{""uri"": ""http://vocab.getty.edu/aat/300388277"", ""labels"": [{""id"": ""39e49408-de39-44db-a191-fe36a5f04cfc"", ""value"": ""English (language)"", ""language_id"": ""en"", ""list_item_id"": ""38729dbe-6d1c-48ce-bf47-e2a18945600e"", ""valuetype_id"": ""prefLabel""}], ""list_id"": ""f7fc4f6d-fd46-4881-846f-4a08bc1a3fef""}]"
84ef8eef-af84-4e47-88f7-fe11d1ac1c84,36956e50-d770-11ef-8f5d-0275dc2ded29,166c7b56-b36e-4cfa-9dc0-7d232f147d69,1,7c512cdb-25a0-450d-a448-0b7555896754,"{""en"": {""value"": ""J D Penberthy"", ""direction"": ""ltr""}}","[{""uri"": ""http://vocab.getty.edu/aat/300404670"", ""labels"": [{""id"": ""b379db2b-3066-4a46-8e8d-f70ad539323e"", ""value"": ""preferred terms"", ""language_id"": ""en"", ""list_item_id"": ""5f400d39-3b6b-4b8a-939b-4e49787c7444"", ""valuetype_id"": ""prefLabel""}], ""list_id"": ""80028d07-9c98-48cf-84db-f77bc01c8bbc""}]","[{""uri"": ""http://vocab.getty.edu/aat/300388277"", ""labels"": [{""id"": ""39e49408-de39-44db-a191-fe36a5f04cfc"", ""value"": ""English (language)"", ""language_id"": ""en"", ""list_item_id"": ""38729dbe-6d1c-48ce-bf47-e2a18945600e"", ""valuetype_id"": ""prefLabel""}], ""list_id"": ""f7fc4f6d-fd46-4881-846f-4a08bc1a3fef""}]"
b9b7655b-0f3d-468a-86f2-03aed06fae7b,36956e50-d770-11ef-8f5d-0275dc2ded29,166c7b56-b36e-4cfa-9dc0-7d232f147d69,1,6faae757-65a3-4a91-947f-b2899f987ce4,"{""en"": {""value"": ""Borden Inc."", ""direction"": ""ltr""}}","[{""uri"": ""http://vocab.getty.edu/aat/300404670"", ""labels"": [{""id"": ""b379db2b-3066-4a46-8e8d-f70ad539323e"", ""value"": ""preferred terms"", ""language_id"": ""en"", ""list_item_id"": ""5f400d39-3b6b-4b8a-939b-4e49787c7444"", ""valuetype_id"": ""prefLabel""}], ""list_id"": ""80028d07-9c98-48cf-84db-f77bc01c8bbc""}]","[{""uri"": ""http://vocab.getty.edu/aat/300388277"", ""labels"": [{""id"": ""39e49408-de39-44db-a191-fe36a5f04cfc"", ""value"": ""English (language)"", ""language_id"": ""en"", ""list_item_id"": ""38729dbe-6d1c-48ce-bf47-e2a18945600e"", ""valuetype_id"": ""prefLabel""}], ""list_id"": ""f7fc4f6d-fd46-4881-846f-4a08bc1a3fef""}]"
597e4ec5-93a8-4628-963d-1a17b67d1dbd,36956e50-d770-11ef-8f5d-0275dc2ded29,166c7b56-b36e-4cfa-9dc0-7d232f147d69,1,f742a640-a5c5-4d1f-8bb4-56e92237c6de,"{""en"": {""value"": ""Oriental Photo Co."", ""direction"": ""ltr""}}","[{""uri"": ""http://vocab.getty.edu/aat/300404670"", ""labels"": [{""id"": ""b379db2b-3066-4a46-8e8d-f70ad539323e"", ""value"": ""preferred terms"", ""language_id"": ""en"", ""list_item_id"": ""5f400d39-3b6b-4b8a-939b-4e49787c7444"", ""valuetype_id"": ""prefLabel""}], ""list_id"": ""80028d07-9c98-48cf-84db-f77bc01c8bbc""}]","[{""uri"": ""http://vocab.getty.edu/aat/300388277"", ""labels"": [{""id"": ""39e49408-de39-44db-a191-fe36a5f04cfc"", ""value"": ""English (language)"", ""language_id"": ""en"", ""list_item_id"": ""38729dbe-6d1c-48ce-bf47-e2a18945600e"", ""valuetype_id"": ""prefLabel""}], ""list_id"": ""f7fc4f6d-fd46-4881-846f-4a08bc1a3fef""}]"
384283e5-d319-4582-8f39-8dee1aca7b43,36956e50-d770-11ef-8f5d-0275dc2ded29,166c7b56-b36e-4cfa-9dc0-7d232f147d69,1,546ed4b4-7e68-4936-a8f7-074413fe09b4,"{""en"": {""value"": ""Creative Products Corporation"", ""direction"": ""ltr""}}","[{""uri"": ""http://vocab.getty.edu/aat/300404670"", ""labels"": [{""id"": ""b379db2b-3066-4a46-8e8d-f70ad539323e"", ""value"": ""preferred terms"", ""language_id"": ""en"", ""list_item_id"": ""5f400d39-3b6b-4b8a-939b-4e49787c7444"", ""valuetype_id"": ""prefLabel""}], ""list_id"": ""80028d07-9c98-48cf-84db-f77bc01c8bbc""}]","[{""uri"": ""http://vocab.getty.edu/aat/300388277"", ""labels"": [{""id"": ""39e49408-de39-44db-a191-fe36a5f04cfc"", ""value"": ""English (language)"", ""language_id"": ""en"", ""list_item_id"": ""38729dbe-6d1c-48ce-bf47-e2a18945600e"", ""valuetype_id"": ""prefLabel""}], ""list_id"": ""f7fc4f6d-fd46-4881-846f-4a08bc1a3fef""}]"
966dd409-85b2-4175-9898-94ae218b74a8,36956e50-d770-11ef-8f5d-0275dc2ded29,166c7b56-b36e-4cfa-9dc0-7d232f147d69,1,db63cc0d-0305-432b-b4a5-8dcfb64f332c,"{""en"": {""value"": ""Amsterdam Art"", ""direction"": ""ltr""}}","[{""uri"": ""http://vocab.getty.edu/aat/300404670"", ""labels"": [{""id"": ""b379db2b-3066-4a46-8e8d-f70ad539323e"", ""value"": ""preferred terms"", ""language_id"": ""en"", ""list_item_id"": ""5f400d39-3b6b-4b8a-939b-4e49787c7444"", ""valuetype_id"": ""prefLabel""}], ""list_id"": ""80028d07-9c98-48cf-84db-f77bc01c8bbc""}]","[{""uri"": ""http://vocab.getty.edu/aat/300388277"", ""labels"": [{""id"": ""39e49408-de39-44db-a191-fe36a5f04cfc"", ""value"": ""English (language)"", ""language_id"": ""en"", ""list_item_id"": ""38729dbe-6d1c-48ce-bf47-e2a18945600e"", ""valuetype_id"": ""prefLabel""}], ""list_id"": ""f7fc4f6d-fd46-4881-846f-4a08bc1a3fef""}]"
493b7718-7786-4dc6-8e77-6af31a798082,36956e50-d770-11ef-8f5d-0275dc2ded29,166c7b56-b36e-4cfa-9dc0-7d232f147d69,1,6fc86fee-5aab-44ac-ad92-1e7b8c689e3e,"{""en"": {""value"": ""Russells"", ""direction"": ""ltr""}}","[{""uri"": ""http://vocab.getty.edu/aat/300404670"", ""labels"": [{""id"": ""b379db2b-3066-4a46-8e8d-f70ad539323e"", ""value"": ""preferred terms"", ""language_id"": ""en"", ""list_item_id"": ""5f400d39-3b6b-4b8a-939b-4e49787c7444"", ""valuetype_id"": ""prefLabel""}], ""list_id"": ""80028d07-9c98-48cf-84db-f77bc01c8bbc""}]","[{""uri"": ""http://vocab.getty.edu/aat/300388277"", ""labels"": [{""id"": ""39e49408-de39-44db-a191-fe36a5f04cfc"", ""value"": ""English (language)"", ""language_id"": ""en"", ""list_item_id"": ""38729dbe-6d1c-48ce-bf47-e2a18945600e"", ""valuetype_id"": ""prefLabel""}], ""list_id"": ""f7fc4f6d-fd46-4881-846f-4a08bc1a3fef""}]"
d464462f-9777-4003-9f61-44ed1ff2c36c,36956e50-d770-11ef-8f5d-0275dc2ded29,166c7b56-b36e-4cfa-9dc0-7d232f147d69,1,93332ad9-2573-4b8f-9871-ed553d154370,"{""en"": {""value"": ""Union Carbide Corporation"", ""direction"": ""ltr""}}","[{""uri"": ""http://vocab.getty.edu/aat/300404670"", ""labels"": [{""id"": ""b379db2b-3066-4a46-8e8d-f70ad539323e"", ""value"": ""preferred terms"", ""language_id"": ""en"", ""list_item_id"": ""5f400d39-3b6b-4b8a-939b-4e49787c7444"", ""valuetype_id"": ""prefLabel""}], ""list_id"": ""80028d07-9c98-48cf-84db-f77bc01c8bbc""}]","[{""uri"": ""http://vocab.getty.edu/aat/300388277"", ""labels"": [{""id"": ""39e49408-de39-44db-a191-fe36a5f04cfc"", ""value"": ""English (language)"", ""language_id"": ""en"", ""list_item_id"": ""38729dbe-6d1c-48ce-bf47-e2a18945600e"", ""valuetype_id"": ""prefLabel""}], ""list_id"": ""f7fc4f6d-fd46-4881-846f-4a08bc1a3fef""}]"
9bc5ee6a-ec75-42f3-9a97-314458656280,36956e50-d770-11ef-8f5d-0275dc2ded29,166c7b56-b36e-4cfa-9dc0-7d232f147d69,1,03ca1ed5-0f40-4aba-8c05-95b7e828a0e7,"{""en"": {""value"": ""Anstead"", ""direction"": ""ltr""}}","[{""uri"": ""http://vocab.getty.edu/aat/300404670"", ""labels"": [{""id"": ""b379db2b-3066-4a46-8e8d-f70ad539323e"", ""value"": ""preferred terms"", ""language_id"": ""en"", ""list_item_id"": ""5f400d39-3b6b-4b8a-939b-4e49787c7444"", ""valuetype_id"": ""prefLabel""}], ""list_id"": ""80028d07-9c98-48cf-84db-f77bc01c8bbc""}]","[{""uri"": ""http://vocab.getty.edu/aat/300388277"", ""labels"": [{""id"": ""39e49408-de39-44db-a191-fe36a5f04cfc"", ""value"": ""English (language)"", ""language_id"": ""en"", ""list_item_id"": ""38729dbe-6d1c-48ce-bf47-e2a18945600e"", ""valuetype_id"": ""prefLabel""}], ""list_id"": ""f7fc4f6d-fd46-4881-846f-4a08bc1a3fef""}]"
f6ea4411-5900-415b-9709-3bf83c8c9fa5,36956e50-d770-11ef-8f5d-0275dc2ded29,166c7b56-b36e-4cfa-9dc0-7d232f147d69,1,49fead28-4966-48f1-88bb-855a9112dd3d,"{""en"": {""value"": ""Fang-Huo Pharmacy, Monterey Park, CA"", ""direction"": ""ltr""}}","[{""uri"": ""http://vocab.getty.edu/aat/300404670"", ""labels"": [{""id"": ""b379db2b-3066-4a46-8e8d-f70ad539323e"", ""value"": ""preferred terms"", ""language_id"": ""en"", ""list_item_id"": ""5f400d39-3b6b-4b8a-939b-4e49787c7444"", ""valuetype_id"": ""prefLabel""}], ""list_id"": ""80028d07-9c98-48cf-84db-f77bc01c8bbc""}]","[{""uri"": ""http://vocab.getty.edu/aat/300388277"", ""labels"": [{""id"": ""39e49408-de39-44db-a191-fe36a5f04cfc"", ""value"": ""English (language)"", ""language_id"": ""en"", ""list_item_id"": ""38729dbe-6d1c-48ce-bf47-e2a18945600e"", ""valuetype_id"": ""prefLabel""}], ""list_id"": ""f7fc4f6d-fd46-4881-846f-4a08bc1a3fef""}]"
63a6759b-b11c-43ed-95b3-be606602f5a3,36956e50-d770-11ef-8f5d-0275dc2ded29,166c7b56-b36e-4cfa-9dc0-7d232f147d69,1,0b58316a-bf60-4a26-be3c-47261f2aaa59,"{""en"": {""value"": ""Heubach"", ""direction"": ""ltr""}}","[{""uri"": ""http://vocab.getty.edu/aat/300404670"", ""labels"": [{""id"": ""b379db2b-3066-4a46-8e8d-f70ad539323e"", ""value"": ""preferred terms"", ""language_id"": ""en"", ""list_item_id"": ""5f400d39-3b6b-4b8a-939b-4e49787c7444"", ""valuetype_id"": ""prefLabel""}], ""list_id"": ""80028d07-9c98-48cf-84db-f77bc01c8bbc""}]","[{""uri"": ""http://vocab.getty.edu/aat/300388277"", ""labels"": [{""id"": ""39e49408-de39-44db-a191-fe36a5f04cfc"", ""value"": ""English (language)"", ""language_id"": ""en"", ""list_item_id"": ""38729dbe-6d1c-48ce-bf47-e2a18945600e"", ""valuetype_id"": ""prefLabel""}], ""list_id"": ""f7fc4f6d-fd46-4881-846f-4a08bc1a3fef""}]"
62785c27-85dc-4268-808d-aaca710ed8a2,36956e50-d770-11ef-8f5d-0275dc2ded29,166c7b56-b36e-4cfa-9dc0-7d232f147d69,1,9eab52ce-5c81-4d04-93a3-765a9f49334f,"{""en"": {""value"": ""Marthe Keller"", ""direction"": ""ltr""}}","[{""uri"": ""http://vocab.getty.edu/aat/300404670"", ""labels"": [{""id"": ""b379db2b-3066-4a46-8e8d-f70ad539323e"", ""value"": ""preferred terms"", ""language_id"": ""en"", ""list_item_id"": ""5f400d39-3b6b-4b8a-939b-4e49787c7444"", ""valuetype_id"": ""prefLabel""}], ""list_id"": ""80028d07-9c98-48cf-84db-f77bc01c8bbc""}]","[{""uri"": ""http://vocab.getty.edu/aat/300388277"", ""labels"": [{""id"": ""39e49408-de39-44db-a191-fe36a5f04cfc"", ""value"": ""English (language)"", ""language_id"": ""en"", ""list_item_id"": ""38729dbe-6d1c-48ce-bf47-e2a18945600e"", ""valuetype_id"": ""prefLabel""}], ""list_id"": ""f7fc4f6d-fd46-4881-846f-4a08bc1a3fef""}]"
3159457d-3516-4ec0-a24c-1a9e77dde563,36956e50-d770-11ef-8f5d-0275dc2ded29,166c7b56-b36e-4cfa-9dc0-7d232f147d69,1,fef7e15b-0196-4fc9-974d-7fd8d5f7b9b8,"{""en"": {""value"": ""Foma Bohemia"", ""direction"": ""ltr""}}","[{""uri"": ""http://vocab.getty.edu/aat/300404670"", ""labels"": [{""id"": ""b379db2b-3066-4a46-8e8d-f70ad539323e"", ""value"": ""preferred terms"", ""language_id"": ""en"", ""list_item_id"": ""5f400d39-3b6b-4b8a-939b-4e49787c7444"", ""valuetype_id"": ""prefLabel""}], ""list_id"": ""80028d07-9c98-48cf-84db-f77bc01c8bbc""}]","[{""uri"": ""http://vocab.getty.edu/aat/300388277"", ""labels"": [{""id"": ""39e49408-de39-44db-a191-fe36a5f04cfc"", ""value"": ""English (language)"", ""language_id"": ""en"", ""list_item_id"": ""38729dbe-6d1c-48ce-bf47-e2a18945600e"", ""valuetype_id"": ""prefLabel""}], ""list_id"": ""f7fc4f6d-fd46-4881-846f-4a08bc1a3fef""}]"
aca9cb5c-e708-44d5-8328-a2b7753d648a,36956e50-d770-11ef-8f5d-0275dc2ded29,166c7b56-b36e-4cfa-9dc0-7d232f147d69,1,c306f905-d7c0-455d-9e1d-4f6b5a7716d9,"{""en"": {""value"": ""M. Derrick"", ""direction"": ""ltr""}}","[{""uri"": ""http://vocab.getty.edu/aat/300404670"", ""labels"": [{""id"": ""b379db2b-3066-4a46-8e8d-f70ad539323e"", ""value"": ""preferred terms"", ""language_id"": ""en"", ""list_item_id"": ""5f400d39-3b6b-4b8a-939b-4e49787c7444"", ""valuetype_id"": ""prefLabel""}], ""list_id"": ""80028d07-9c98-48cf-84db-f77bc01c8bbc""}]","[{""uri"": ""http://vocab.getty.edu/aat/300388277"", ""labels"": [{""id"": ""39e49408-de39-44db-a191-fe36a5f04cfc"", ""value"": ""English (language)"", ""language_id"": ""en"", ""list_item_id"": ""38729dbe-6d1c-48ce-bf47-e2a18945600e"", ""valuetype_id"": ""prefLabel""}], ""list_id"": ""f7fc4f6d-fd46-4881-846f-4a08bc1a3fef""}]"
9e851491-9e30-40f7-ab60-6f5409e258df,36956e50-d770-11ef-8f5d-0275dc2ded29,166c7b56-b36e-4cfa-9dc0-7d232f147d69,1,e4781d5c-f962-481d-af15-edd1e5a55702,"{""en"": {""value"": ""Fesandie and Sperrie Inc."", ""direction"": ""ltr""}}","[{""uri"": ""http://vocab.getty.edu/aat/300404670"", ""labels"": [{""id"": ""b379db2b-3066-4a46-8e8d-f70ad539323e"", ""value"": ""preferred terms"", ""language_id"": ""en"", ""list_item_id"": ""5f400d39-3b6b-4b8a-939b-4e49787c7444"", ""valuetype_id"": ""prefLabel""}], ""list_id"": ""80028d07-9c98-48cf-84db-f77bc01c8bbc""}]","[{""uri"": ""http://vocab.getty.edu/aat/300388277"", ""labels"": [{""id"": ""39e49408-de39-44db-a191-fe36a5f04cfc"", ""value"": ""English (language)"", ""language_id"": ""en"", ""list_item_id"": ""38729dbe-6d1c-48ce-bf47-e2a18945600e"", ""valuetype_id"": ""prefLabel""}], ""list_id"": ""f7fc4f6d-fd46-4881-846f-4a08bc1a3fef""}]"
0c1e2f68-db4d-4e12-8462-3edc689934b4,36956e50-d770-11ef-8f5d-0275dc2ded29,166c7b56-b36e-4cfa-9dc0-7d232f147d69,1,6db831af-1f8c-4747-b395-11ed5f4c14d0,"{""en"": {""value"": ""Cornell University"", ""direction"": ""ltr""}}","[{""uri"": ""http://vocab.getty.edu/aat/300404670"", ""labels"": [{""id"": ""b379db2b-3066-4a46-8e8d-f70ad539323e"", ""value"": ""preferred terms"", ""language_id"": ""en"", ""list_item_id"": ""5f400d39-3b6b-4b8a-939b-4e49787c7444"", ""valuetype_id"": ""prefLabel""}], ""list_id"": ""80028d07-9c98-48cf-84db-f77bc01c8bbc""}]","[{""uri"": ""http://vocab.getty.edu/aat/300388277"", ""labels"": [{""id"": ""39e49408-de39-44db-a191-fe36a5f04cfc"", ""value"": ""English (language)"", ""language_id"": ""en"", ""list_item_id"": ""38729dbe-6d1c-48ce-bf47-e2a18945600e"", ""valuetype_id"": ""prefLabel""}], ""list_id"": ""f7fc4f6d-fd46-4881-846f-4a08bc1a3fef""}]"
014d55b3-87b5-473c-bfe3-833d6b5cb619,36956e50-d770-11ef-8f5d-0275dc2ded29,166c7b56-b36e-4cfa-9dc0-7d232f147d69,1,b63c1bf2-edfa-428a-8008-2b6a2ba0be70,"{""en"": {""value"": ""Museum Services Corp."", ""direction"": ""ltr""}}","[{""uri"": ""http://vocab.getty.edu/aat/300404670"", ""labels"": [{""id"": ""b379db2b-3066-4a46-8e8d-f70ad539323e"", ""value"": ""preferred terms"", ""language_id"": ""en"", ""list_item_id"": ""5f400d39-3b6b-4b8a-939b-4e49787c7444"", ""valuetype_id"": ""prefLabel""}], ""list_id"": ""80028d07-9c98-48cf-84db-f77bc01c8bbc""}]","[{""uri"": ""http://vocab.getty.edu/aat/300388277"", ""labels"": [{""id"": ""39e49408-de39-44db-a191-fe36a5f04cfc"", ""value"": ""English (language)"", ""language_id"": ""en"", ""list_item_id"": ""38729dbe-6d1c-48ce-bf47-e2a18945600e"", ""valuetype_id"": ""prefLabel""}], ""list_id"": ""f7fc4f6d-fd46-4881-846f-4a08bc1a3fef""}]"
4ee5888f-5e6a-4f4f-baef-7a1e5f3d32a3,36956e50-d770-11ef-8f5d-0275dc2ded29,166c7b56-b36e-4cfa-9dc0-7d232f147d69,1,f078ced4-6100-4139-ad9d-c986c3073fa0,"{""en"": {""value"": ""Talas"", ""direction"": ""ltr""}}","[{""uri"": ""http://vocab.getty.edu/aat/300404670"", ""labels"": [{""id"": ""b379db2b-3066-4a46-8e8d-f70ad539323e"", ""value"": ""preferred terms"", ""language_id"": ""en"", ""list_item_id"": ""5f400d39-3b6b-4b8a-939b-4e49787c7444"", ""valuetype_id"": ""prefLabel""}], ""list_id"": ""80028d07-9c98-48cf-84db-f77bc01c8bbc""}]","[{""uri"": ""http://vocab.getty.edu/aat/300388277"", ""labels"": [{""id"": ""39e49408-de39-44db-a191-fe36a5f04cfc"", ""value"": ""English (language)"", ""language_id"": ""en"", ""list_item_id"": ""38729dbe-6d1c-48ce-bf47-e2a18945600e"", ""valuetype_id"": ""prefLabel""}], ""list_id"": ""f7fc4f6d-fd46-4881-846f-4a08bc1a3fef""}]"
4e587e36-7e2a-4928-b127-779117093924,36956e50-d770-11ef-8f5d-0275dc2ded29,166c7b56-b36e-4cfa-9dc0-7d232f147d69,1,f812b9ee-3abd-4f4a-8423-08f0f03c86b0,"{""en"": {""value"": ""Sabáo Aristolino"", ""direction"": ""ltr""}}","[{""uri"": ""http://vocab.getty.edu/aat/300404670"", ""labels"": [{""id"": ""b379db2b-3066-4a46-8e8d-f70ad539323e"", ""value"": ""preferred terms"", ""language_id"": ""en"", ""list_item_id"": ""5f400d39-3b6b-4b8a-939b-4e49787c7444"", ""valuetype_id"": ""prefLabel""}], ""list_id"": ""80028d07-9c98-48cf-84db-f77bc01c8bbc""}]","[{""uri"": ""http://vocab.getty.edu/aat/300388277"", ""labels"": [{""id"": ""39e49408-de39-44db-a191-fe36a5f04cfc"", ""value"": ""English (language)"", ""language_id"": ""en"", ""list_item_id"": ""38729dbe-6d1c-48ce-bf47-e2a18945600e"", ""valuetype_id"": ""prefLabel""}], ""list_id"": ""f7fc4f6d-fd46-4881-846f-4a08bc1a3fef""}]"
5b9eb5c9-efcb-4618-918e-7965fa829b2e,36956e50-d770-11ef-8f5d-0275dc2ded29,166c7b56-b36e-4cfa-9dc0-7d232f147d69,1,4ccfd58a-7fd8-42e4-8ff3-2b4f0e1578cc,"{""en"": {""value"": ""Ladco Laboratories, Inc."", ""direction"": ""ltr""}}","[{""uri"": ""http://vocab.getty.edu/aat/300404670"", ""labels"": [{""id"": ""b379db2b-3066-4a46-8e8d-f70ad539323e"", ""value"": ""preferred terms"", ""language_id"": ""en"", ""list_item_id"": ""5f400d39-3b6b-4b8a-939b-4e49787c7444"", ""valuetype_id"": ""prefLabel""}], ""list_id"": ""80028d07-9c98-48cf-84db-f77bc01c8bbc""}]","[{""uri"": ""http://vocab.getty.edu/aat/300388277"", ""labels"": [{""id"": ""39e49408-de39-44db-a191-fe36a5f04cfc"", ""value"": ""English (language)"", ""language_id"": ""en"", ""list_item_id"": ""38729dbe-6d1c-48ce-bf47-e2a18945600e"", ""valuetype_id"": ""prefLabel""}], ""list_id"": ""f7fc4f6d-fd46-4881-846f-4a08bc1a3fef""}]"
16fb00b9-143c-49c6-aee7-7ab4074ea3b0,36956e50-d770-11ef-8f5d-0275dc2ded29,166c7b56-b36e-4cfa-9dc0-7d232f147d69,1,e35acadc-d357-43e5-b44b-ab1b1450acf7,"{""en"": {""value"": ""Old Holland"", ""direction"": ""ltr""}}","[{""uri"": ""http://vocab.getty.edu/aat/300404670"", ""labels"": [{""id"": ""b379db2b-3066-4a46-8e8d-f70ad539323e"", ""value"": ""preferred terms"", ""language_id"": ""en"", ""list_item_id"": ""5f400d39-3b6b-4b8a-939b-4e49787c7444"", ""valuetype_id"": ""prefLabel""}], ""list_id"": ""80028d07-9c98-48cf-84db-f77bc01c8bbc""}]","[{""uri"": ""http://vocab.getty.edu/aat/300388277"", ""labels"": [{""id"": ""39e49408-de39-44db-a191-fe36a5f04cfc"", ""value"": ""English (language)"", ""language_id"": ""en"", ""list_item_id"": ""38729dbe-6d1c-48ce-bf47-e2a18945600e"", ""valuetype_id"": ""prefLabel""}], ""list_id"": ""f7fc4f6d-fd46-4881-846f-4a08bc1a3fef""}]"
28bbf17d-2a1a-4d16-bda6-a8fa4fc7f43d,36956e50-d770-11ef-8f5d-0275dc2ded29,166c7b56-b36e-4cfa-9dc0-7d232f147d69,1,e447f7bc-a09f-407f-addf-dd67d12a7e61,"{""en"": {""value"": ""S.A.M. Monowar Jahan"", ""direction"": ""ltr""}}","[{""uri"": ""http://vocab.getty.edu/aat/300404670"", ""labels"": [{""id"": ""b379db2b-3066-4a46-8e8d-f70ad539323e"", ""value"": ""preferred terms"", ""language_id"": ""en"", ""list_item_id"": ""5f400d39-3b6b-4b8a-939b-4e49787c7444"", ""valuetype_id"": ""prefLabel""}], ""list_id"": ""80028d07-9c98-48cf-84db-f77bc01c8bbc""}]","[{""uri"": ""http://vocab.getty.edu/aat/300388277"", ""labels"": [{""id"": ""39e49408-de39-44db-a191-fe36a5f04cfc"", ""value"": ""English (language)"", ""language_id"": ""en"", ""list_item_id"": ""38729dbe-6d1c-48ce-bf47-e2a18945600e"", ""valuetype_id"": ""prefLabel""}], ""list_id"": ""f7fc4f6d-fd46-4881-846f-4a08bc1a3fef""}]"
ca6a4e2f-f6e7-4ea6-be46-c7caa2b1862f,36956e50-d770-11ef-8f5d-0275dc2ded29,166c7b56-b36e-4cfa-9dc0-7d232f147d69,1,95db2af1-fa03-44e8-860d-96c6ebba867c,"{""en"": {""value"": ""Tong Ren Tang, Beijing"", ""direction"": ""ltr""}}","[{""uri"": ""http://vocab.getty.edu/aat/300404670"", ""labels"": [{""id"": ""b379db2b-3066-4a46-8e8d-f70ad539323e"", ""value"": ""preferred terms"", ""language_id"": ""en"", ""list_item_id"": ""5f400d39-3b6b-4b8a-939b-4e49787c7444"", ""valuetype_id"": ""prefLabel""}], ""list_id"": ""80028d07-9c98-48cf-84db-f77bc01c8bbc""}]","[{""uri"": ""http://vocab.getty.edu/aat/300388277"", ""labels"": [{""id"": ""39e49408-de39-44db-a191-fe36a5f04cfc"", ""value"": ""English (language)"", ""language_id"": ""en"", ""list_item_id"": ""38729dbe-6d1c-48ce-bf47-e2a18945600e"", ""valuetype_id"": ""prefLabel""}], ""list_id"": ""f7fc4f6d-fd46-4881-846f-4a08bc1a3fef""}]"
54fc44a8-f620-4702-a35d-59940f3d844e,36956e50-d770-11ef-8f5d-0275dc2ded29,166c7b56-b36e-4cfa-9dc0-7d232f147d69,1,d6af74ed-870c-4051-89ee-e148a5498d7a,"{""en"": {""value"": ""Mino"", ""direction"": ""ltr""}}","[{""uri"": ""http://vocab.getty.edu/aat/300404670"", ""labels"": [{""id"": ""b379db2b-3066-4a46-8e8d-f70ad539323e"", ""value"": ""preferred terms"", ""language_id"": ""en"", ""list_item_id"": ""5f400d39-3b6b-4b8a-939b-4e49787c7444"", ""valuetype_id"": ""prefLabel""}], ""list_id"": ""80028d07-9c98-48cf-84db-f77bc01c8bbc""}]","[{""uri"": ""http://vocab.getty.edu/aat/300388277"", ""labels"": [{""id"": ""39e49408-de39-44db-a191-fe36a5f04cfc"", ""value"": ""English (language)"", ""language_id"": ""en"", ""list_item_id"": ""38729dbe-6d1c-48ce-bf47-e2a18945600e"", ""valuetype_id"": ""prefLabel""}], ""list_id"": ""f7fc4f6d-fd46-4881-846f-4a08bc1a3fef""}]"
4d884ca1-983e-4c62-ab4e-24e31a75f374,36956e50-d770-11ef-8f5d-0275dc2ded29,166c7b56-b36e-4cfa-9dc0-7d232f147d69,1,43f00324-8181-410a-9bcd-87f3d07e5450,"{""en"": {""value"": ""Dick Blick Art Materials"", ""direction"": ""ltr""}}","[{""uri"": ""http://vocab.getty.edu/aat/300404670"", ""labels"": [{""id"": ""b379db2b-3066-4a46-8e8d-f70ad539323e"", ""value"": ""preferred terms"", ""language_id"": ""en"", ""list_item_id"": ""5f400d39-3b6b-4b8a-939b-4e49787c7444"", ""valuetype_id"": ""prefLabel""}], ""list_id"": ""80028d07-9c98-48cf-84db-f77bc01c8bbc""}]","[{""uri"": ""http://vocab.getty.edu/aat/300388277"", ""labels"": [{""id"": ""39e49408-de39-44db-a191-fe36a5f04cfc"", ""value"": ""English (language)"", ""language_id"": ""en"", ""list_item_id"": ""38729dbe-6d1c-48ce-bf47-e2a18945600e"", ""valuetype_id"": ""prefLabel""}], ""list_id"": ""f7fc4f6d-fd46-4881-846f-4a08bc1a3fef""}]"
710a2f4c-ba89-4b10-a86b-7207813c2ab5,36956e50-d770-11ef-8f5d-0275dc2ded29,166c7b56-b36e-4cfa-9dc0-7d232f147d69,1,9db74a88-b6c8-4b33-bb0a-5188237a500e,"{""en"": {""value"": ""Hatfield"", ""direction"": ""ltr""}}","[{""uri"": ""http://vocab.getty.edu/aat/300404670"", ""labels"": [{""id"": ""b379db2b-3066-4a46-8e8d-f70ad539323e"", ""value"": ""preferred terms"", ""language_id"": ""en"", ""list_item_id"": ""5f400d39-3b6b-4b8a-939b-4e49787c7444"", ""valuetype_id"": ""prefLabel""}], ""list_id"": ""80028d07-9c98-48cf-84db-f77bc01c8bbc""}]","[{""uri"": ""http://vocab.getty.edu/aat/300388277"", ""labels"": [{""id"": ""39e49408-de39-44db-a191-fe36a5f04cfc"", ""value"": ""English (language)"", ""language_id"": ""en"", ""list_item_id"": ""38729dbe-6d1c-48ce-bf47-e2a18945600e"", ""valuetype_id"": ""prefLabel""}], ""list_id"": ""f7fc4f6d-fd46-4881-846f-4a08bc1a3fef""}]"
3ed9824b-a48d-4e82-8bda-c4423d772598,36956e50-d770-11ef-8f5d-0275dc2ded29,166c7b56-b36e-4cfa-9dc0-7d232f147d69,1,10ff625d-60e6-4089-9a49-4566dde2d9f6,"{""en"": {""value"": ""Binney & Smith (Liquitex)"", ""direction"": ""ltr""}}","[{""uri"": ""http://vocab.getty.edu/aat/300404670"", ""labels"": [{""id"": ""b379db2b-3066-4a46-8e8d-f70ad539323e"", ""value"": ""preferred terms"", ""language_id"": ""en"", ""list_item_id"": ""5f400d39-3b6b-4b8a-939b-4e49787c7444"", ""valuetype_id"": ""prefLabel""}], ""list_id"": ""80028d07-9c98-48cf-84db-f77bc01c8bbc""}]","[{""uri"": ""http://vocab.getty.edu/aat/300388277"", ""labels"": [{""id"": ""39e49408-de39-44db-a191-fe36a5f04cfc"", ""value"": ""English (language)"", ""language_id"": ""en"", ""list_item_id"": ""38729dbe-6d1c-48ce-bf47-e2a18945600e"", ""valuetype_id"": ""prefLabel""}], ""list_id"": ""f7fc4f6d-fd46-4881-846f-4a08bc1a3fef""}]"
d74f350e-0e92-4dde-804c-2c743e689434,36956e50-d770-11ef-8f5d-0275dc2ded29,166c7b56-b36e-4cfa-9dc0-7d232f147d69,1,896f3be2-3fda-449a-ab7e-b259452c0ef5,"{""en"": {""value"": ""Toyo Ink"", ""direction"": ""ltr""}}","[{""uri"": ""http://vocab.getty.edu/aat/300404670"", ""labels"": [{""id"": ""b379db2b-3066-4a46-8e8d-f70ad539323e"", ""value"": ""preferred terms"", ""language_id"": ""en"", ""list_item_id"": ""5f400d39-3b6b-4b8a-939b-4e49787c7444"", ""valuetype_id"": ""prefLabel""}], ""list_id"": ""80028d07-9c98-48cf-84db-f77bc01c8bbc""}]","[{""uri"": ""http://vocab.getty.edu/aat/300388277"", ""labels"": [{""id"": ""39e49408-de39-44db-a191-fe36a5f04cfc"", ""value"": ""English (language)"", ""language_id"": ""en"", ""list_item_id"": ""38729dbe-6d1c-48ce-bf47-e2a18945600e"", ""valuetype_id"": ""prefLabel""}], ""list_id"": ""f7fc4f6d-fd46-4881-846f-4a08bc1a3fef""}]"
10561300-fe6a-44a0-9229-1f4e81360ab4,36956e50-d770-11ef-8f5d-0275dc2ded29,166c7b56-b36e-4cfa-9dc0-7d232f147d69,1,b83b4e67-1be6-4f13-8372-b7caf8278842,"{""en"": {""value"": ""possibly Kremer"", ""direction"": ""ltr""}}","[{""uri"": ""http://vocab.getty.edu/aat/300404670"", ""labels"": [{""id"": ""b379db2b-3066-4a46-8e8d-f70ad539323e"", ""value"": ""preferred terms"", ""language_id"": ""en"", ""list_item_id"": ""5f400d39-3b6b-4b8a-939b-4e49787c7444"", ""valuetype_id"": ""prefLabel""}], ""list_id"": ""80028d07-9c98-48cf-84db-f77bc01c8bbc""}]","[{""uri"": ""http://vocab.getty.edu/aat/300388277"", ""labels"": [{""id"": ""39e49408-de39-44db-a191-fe36a5f04cfc"", ""value"": ""English (language)"", ""language_id"": ""en"", ""list_item_id"": ""38729dbe-6d1c-48ce-bf47-e2a18945600e"", ""valuetype_id"": ""prefLabel""}], ""list_id"": ""f7fc4f6d-fd46-4881-846f-4a08bc1a3fef""}]"
b285e0b9-6104-441c-bd9a-da6dc625bce8,36956e50-d770-11ef-8f5d-0275dc2ded29,166c7b56-b36e-4cfa-9dc0-7d232f147d69,1,712c3212-7713-4c04-bea3-a5e2ac6efbb4,"{""en"": {""value"": ""Blacksun"", ""direction"": ""ltr""}}","[{""uri"": ""http://vocab.getty.edu/aat/300404670"", ""labels"": [{""id"": ""b379db2b-3066-4a46-8e8d-f70ad539323e"", ""value"": ""preferred terms"", ""language_id"": ""en"", ""list_item_id"": ""5f400d39-3b6b-4b8a-939b-4e49787c7444"", ""valuetype_id"": ""prefLabel""}], ""list_id"": ""80028d07-9c98-48cf-84db-f77bc01c8bbc""}]","[{""uri"": ""http://vocab.getty.edu/aat/300388277"", ""labels"": [{""id"": ""39e49408-de39-44db-a191-fe36a5f04cfc"", ""value"": ""English (language)"", ""language_id"": ""en"", ""list_item_id"": ""38729dbe-6d1c-48ce-bf47-e2a18945600e"", ""valuetype_id"": ""prefLabel""}], ""list_id"": ""f7fc4f6d-fd46-4881-846f-4a08bc1a3fef""}]"
b9f4dd2b-ca6e-45c6-85b9-45fcd7e5dd25,36956e50-d770-11ef-8f5d-0275dc2ded29,166c7b56-b36e-4cfa-9dc0-7d232f147d69,1,883fcc04-304c-4210-a6c9-aa4154debdbc,"{""en"": {""value"": ""Kent Chemicals Ltd."", ""direction"": ""ltr""}}","[{""uri"": ""http://vocab.getty.edu/aat/300404670"", ""labels"": [{""id"": ""b379db2b-3066-4a46-8e8d-f70ad539323e"", ""value"": ""preferred terms"", ""language_id"": ""en"", ""list_item_id"": ""5f400d39-3b6b-4b8a-939b-4e49787c7444"", ""valuetype_id"": ""prefLabel""}], ""list_id"": ""80028d07-9c98-48cf-84db-f77bc01c8bbc""}]","[{""uri"": ""http://vocab.getty.edu/aat/300388277"", ""labels"": [{""id"": ""39e49408-de39-44db-a191-fe36a5f04cfc"", ""value"": ""English (language)"", ""language_id"": ""en"", ""list_item_id"": ""38729dbe-6d1c-48ce-bf47-e2a18945600e"", ""valuetype_id"": ""prefLabel""}], ""list_id"": ""f7fc4f6d-fd46-4881-846f-4a08bc1a3fef""}]"
618477e1-5d72-4337-9550-8f94e3b32119,36956e50-d770-11ef-8f5d-0275dc2ded29,166c7b56-b36e-4cfa-9dc0-7d232f147d69,1,e095e4e7-34e0-480a-a16b-f8675cc137ca,"{""en"": {""value"": ""J. Kucera"", ""direction"": ""ltr""}}","[{""uri"": ""http://vocab.getty.edu/aat/300404670"", ""labels"": [{""id"": ""b379db2b-3066-4a46-8e8d-f70ad539323e"", ""value"": ""preferred terms"", ""language_id"": ""en"", ""list_item_id"": ""5f400d39-3b6b-4b8a-939b-4e49787c7444"", ""valuetype_id"": ""prefLabel""}], ""list_id"": ""80028d07-9c98-48cf-84db-f77bc01c8bbc""}]","[{""uri"": ""http://vocab.getty.edu/aat/300388277"", ""labels"": [{""id"": ""39e49408-de39-44db-a191-fe36a5f04cfc"", ""value"": ""English (language)"", ""language_id"": ""en"", ""list_item_id"": ""38729dbe-6d1c-48ce-bf47-e2a18945600e"", ""valuetype_id"": ""prefLabel""}], ""list_id"": ""f7fc4f6d-fd46-4881-846f-4a08bc1a3fef""}]"
4bf92126-dd45-4d12-8948-44b6e0fe5fe6,36956e50-d770-11ef-8f5d-0275dc2ded29,166c7b56-b36e-4cfa-9dc0-7d232f147d69,1,8ad7af7e-6313-4dda-8459-98efd9879c84,"{""en"": {""value"": ""Knox Gelatine Inc."", ""direction"": ""ltr""}}","[{""uri"": ""http://vocab.getty.edu/aat/300404670"", ""labels"": [{""id"": ""b379db2b-3066-4a46-8e8d-f70ad539323e"", ""value"": ""preferred terms"", ""language_id"": ""en"", ""list_item_id"": ""5f400d39-3b6b-4b8a-939b-4e49787c7444"", ""valuetype_id"": ""prefLabel""}], ""list_id"": ""80028d07-9c98-48cf-84db-f77bc01c8bbc""}]","[{""uri"": ""http://vocab.getty.edu/aat/300388277"", ""labels"": [{""id"": ""39e49408-de39-44db-a191-fe36a5f04cfc"", ""value"": ""English (language)"", ""language_id"": ""en"", ""list_item_id"": ""38729dbe-6d1c-48ce-bf47-e2a18945600e"", ""valuetype_id"": ""prefLabel""}], ""list_id"": ""f7fc4f6d-fd46-4881-846f-4a08bc1a3fef""}]"
21fc6f6f-8010-464d-b010-ed01a423e1f9,36956e50-d770-11ef-8f5d-0275dc2ded29,166c7b56-b36e-4cfa-9dc0-7d232f147d69,1,669cc302-3489-41e8-9a57-41bbf3a26b66,"{""en"": {""value"": ""SueBee"", ""direction"": ""ltr""}}","[{""uri"": ""http://vocab.getty.edu/aat/300404670"", ""labels"": [{""id"": ""b379db2b-3066-4a46-8e8d-f70ad539323e"", ""value"": ""preferred terms"", ""language_id"": ""en"", ""list_item_id"": ""5f400d39-3b6b-4b8a-939b-4e49787c7444"", ""valuetype_id"": ""prefLabel""}], ""list_id"": ""80028d07-9c98-48cf-84db-f77bc01c8bbc""}]","[{""uri"": ""http://vocab.getty.edu/aat/300388277"", ""labels"": [{""id"": ""39e49408-de39-44db-a191-fe36a5f04cfc"", ""value"": ""English (language)"", ""language_id"": ""en"", ""list_item_id"": ""38729dbe-6d1c-48ce-bf47-e2a18945600e"", ""valuetype_id"": ""prefLabel""}], ""list_id"": ""f7fc4f6d-fd46-4881-846f-4a08bc1a3fef""}]"
57129dc1-052a-412a-98a1-cdf3781baf93,36956e50-d770-11ef-8f5d-0275dc2ded29,166c7b56-b36e-4cfa-9dc0-7d232f147d69,1,2fcabdb9-a4eb-49a6-beca-593c173a369c,"{""en"": {""value"": ""B&H Photo-Video-Pro Audio, Inc."", ""direction"": ""ltr""}}","[{""uri"": ""http://vocab.getty.edu/aat/300404670"", ""labels"": [{""id"": ""b379db2b-3066-4a46-8e8d-f70ad539323e"", ""value"": ""preferred terms"", ""language_id"": ""en"", ""list_item_id"": ""5f400d39-3b6b-4b8a-939b-4e49787c7444"", ""valuetype_id"": ""prefLabel""}], ""list_id"": ""80028d07-9c98-48cf-84db-f77bc01c8bbc""}]","[{""uri"": ""http://vocab.getty.edu/aat/300388277"", ""labels"": [{""id"": ""39e49408-de39-44db-a191-fe36a5f04cfc"", ""value"": ""English (language)"", ""language_id"": ""en"", ""list_item_id"": ""38729dbe-6d1c-48ce-bf47-e2a18945600e"", ""valuetype_id"": ""prefLabel""}], ""list_id"": ""f7fc4f6d-fd46-4881-846f-4a08bc1a3fef""}]"
975f159c-ef3d-4ea4-aba2-4056bfe97dbd,36956e50-d770-11ef-8f5d-0275dc2ded29,166c7b56-b36e-4cfa-9dc0-7d232f147d69,1,1817bef9-072d-4ead-8024-de43c21e1212,"{""en"": {""value"": ""Daniel Smith Artist Materials"", ""direction"": ""ltr""}}","[{""uri"": ""http://vocab.getty.edu/aat/300404670"", ""labels"": [{""id"": ""b379db2b-3066-4a46-8e8d-f70ad539323e"", ""value"": ""preferred terms"", ""language_id"": ""en"", ""list_item_id"": ""5f400d39-3b6b-4b8a-939b-4e49787c7444"", ""valuetype_id"": ""prefLabel""}], ""list_id"": ""80028d07-9c98-48cf-84db-f77bc01c8bbc""}]","[{""uri"": ""http://vocab.getty.edu/aat/300388277"", ""labels"": [{""id"": ""39e49408-de39-44db-a191-fe36a5f04cfc"", ""value"": ""English (language)"", ""language_id"": ""en"", ""list_item_id"": ""38729dbe-6d1c-48ce-bf47-e2a18945600e"", ""valuetype_id"": ""prefLabel""}], ""list_id"": ""f7fc4f6d-fd46-4881-846f-4a08bc1a3fef""}]"
ace03008-6401-486a-a4bd-44e05555d29e,36956e50-d770-11ef-8f5d-0275dc2ded29,166c7b56-b36e-4cfa-9dc0-7d232f147d69,1,a26f6b9b-32cf-4bec-adf6-19934ed63e04,"{""en"": {""value"": ""White Nights"", ""direction"": ""ltr""}}","[{""uri"": ""http://vocab.getty.edu/aat/300404670"", ""labels"": [{""id"": ""b379db2b-3066-4a46-8e8d-f70ad539323e"", ""value"": ""preferred terms"", ""language_id"": ""en"", ""list_item_id"": ""5f400d39-3b6b-4b8a-939b-4e49787c7444"", ""valuetype_id"": ""prefLabel""}], ""list_id"": ""80028d07-9c98-48cf-84db-f77bc01c8bbc""}]","[{""uri"": ""http://vocab.getty.edu/aat/300388277"", ""labels"": [{""id"": ""39e49408-de39-44db-a191-fe36a5f04cfc"", ""value"": ""English (language)"", ""language_id"": ""en"", ""list_item_id"": ""38729dbe-6d1c-48ce-bf47-e2a18945600e"", ""valuetype_id"": ""prefLabel""}], ""list_id"": ""f7fc4f6d-fd46-4881-846f-4a08bc1a3fef""}]"
85461569-a28e-4d53-a1f3-67a269ad80e5,36956e50-d770-11ef-8f5d-0275dc2ded29,166c7b56-b36e-4cfa-9dc0-7d232f147d69,1,a02ef38c-f2b4-4545-91f8-50ffc4337e6f,"{""en"": {""value"": ""Hunt"", ""direction"": ""ltr""}}","[{""uri"": ""http://vocab.getty.edu/aat/300404670"", ""labels"": [{""id"": ""b379db2b-3066-4a46-8e8d-f70ad539323e"", ""value"": ""preferred terms"", ""language_id"": ""en"", ""list_item_id"": ""5f400d39-3b6b-4b8a-939b-4e49787c7444"", ""valuetype_id"": ""prefLabel""}], ""list_id"": ""80028d07-9c98-48cf-84db-f77bc01c8bbc""}]","[{""uri"": ""http://vocab.getty.edu/aat/300388277"", ""labels"": [{""id"": ""39e49408-de39-44db-a191-fe36a5f04cfc"", ""value"": ""English (language)"", ""language_id"": ""en"", ""list_item_id"": ""38729dbe-6d1c-48ce-bf47-e2a18945600e"", ""valuetype_id"": ""prefLabel""}], ""list_id"": ""f7fc4f6d-fd46-4881-846f-4a08bc1a3fef""}]"
eff08e0f-0aa7-4d58-8a15-a5050fee8440,36956e50-d770-11ef-8f5d-0275dc2ded29,166c7b56-b36e-4cfa-9dc0-7d232f147d69,1,271fedc1-407f-4b62-a9ad-686b1d12a12e,"{""en"": {""value"": ""Twiggs Co."", ""direction"": ""ltr""}}","[{""uri"": ""http://vocab.getty.edu/aat/300404670"", ""labels"": [{""id"": ""b379db2b-3066-4a46-8e8d-f70ad539323e"", ""value"": ""preferred terms"", ""language_id"": ""en"", ""list_item_id"": ""5f400d39-3b6b-4b8a-939b-4e49787c7444"", ""valuetype_id"": ""prefLabel""}], ""list_id"": ""80028d07-9c98-48cf-84db-f77bc01c8bbc""}]","[{""uri"": ""http://vocab.getty.edu/aat/300388277"", ""labels"": [{""id"": ""39e49408-de39-44db-a191-fe36a5f04cfc"", ""value"": ""English (language)"", ""language_id"": ""en"", ""list_item_id"": ""38729dbe-6d1c-48ce-bf47-e2a18945600e"", ""valuetype_id"": ""prefLabel""}], ""list_id"": ""f7fc4f6d-fd46-4881-846f-4a08bc1a3fef""}]"
c18d094e-c0d5-4076-860b-370b00e98dbd,36956e50-d770-11ef-8f5d-0275dc2ded29,166c7b56-b36e-4cfa-9dc0-7d232f147d69,1,d44adb7c-1c52-45fe-81e9-934ceb4830e7,"{""en"": {""value"": ""Leeben Color"", ""direction"": ""ltr""}}","[{""uri"": ""http://vocab.getty.edu/aat/300404670"", ""labels"": [{""id"": ""b379db2b-3066-4a46-8e8d-f70ad539323e"", ""value"": ""preferred terms"", ""language_id"": ""en"", ""list_item_id"": ""5f400d39-3b6b-4b8a-939b-4e49787c7444"", ""valuetype_id"": ""prefLabel""}], ""list_id"": ""80028d07-9c98-48cf-84db-f77bc01c8bbc""}]","[{""uri"": ""http://vocab.getty.edu/aat/300388277"", ""labels"": [{""id"": ""39e49408-de39-44db-a191-fe36a5f04cfc"", ""value"": ""English (language)"", ""language_id"": ""en"", ""list_item_id"": ""38729dbe-6d1c-48ce-bf47-e2a18945600e"", ""valuetype_id"": ""prefLabel""}], ""list_id"": ""f7fc4f6d-fd46-4881-846f-4a08bc1a3fef""}]"
aed65c30-227d-4563-9a93-4ddf0cb648e4,36956e50-d770-11ef-8f5d-0275dc2ded29,166c7b56-b36e-4cfa-9dc0-7d232f147d69,1,28ee3367-9676-4045-bd6b-6fd5fec538d6,"{""en"": {""value"": ""Waterproof Paint & Varnish Co."", ""direction"": ""ltr""}}","[{""uri"": ""http://vocab.getty.edu/aat/300404670"", ""labels"": [{""id"": ""b379db2b-3066-4a46-8e8d-f70ad539323e"", ""value"": ""preferred terms"", ""language_id"": ""en"", ""list_item_id"": ""5f400d39-3b6b-4b8a-939b-4e49787c7444"", ""valuetype_id"": ""prefLabel""}], ""list_id"": ""80028d07-9c98-48cf-84db-f77bc01c8bbc""}]","[{""uri"": ""http://vocab.getty.edu/aat/300388277"", ""labels"": [{""id"": ""39e49408-de39-44db-a191-fe36a5f04cfc"", ""value"": ""English (language)"", ""language_id"": ""en"", ""list_item_id"": ""38729dbe-6d1c-48ce-bf47-e2a18945600e"", ""valuetype_id"": ""prefLabel""}], ""list_id"": ""f7fc4f6d-fd46-4881-846f-4a08bc1a3fef""}]"
6289eafd-15d6-4e24-9c69-e42c00fbc440,36956e50-d770-11ef-8f5d-0275dc2ded29,166c7b56-b36e-4cfa-9dc0-7d232f147d69,1,90a1e284-bded-4984-9cde-a7a17a65274d,"{""en"": {""value"": ""Luminos Photo Corp."", ""direction"": ""ltr""}}","[{""uri"": ""http://vocab.getty.edu/aat/300404670"", ""labels"": [{""id"": ""b379db2b-3066-4a46-8e8d-f70ad539323e"", ""value"": ""preferred terms"", ""language_id"": ""en"", ""list_item_id"": ""5f400d39-3b6b-4b8a-939b-4e49787c7444"", ""valuetype_id"": ""prefLabel""}], ""list_id"": ""80028d07-9c98-48cf-84db-f77bc01c8bbc""}]","[{""uri"": ""http://vocab.getty.edu/aat/300388277"", ""labels"": [{""id"": ""39e49408-de39-44db-a191-fe36a5f04cfc"", ""value"": ""English (language)"", ""language_id"": ""en"", ""list_item_id"": ""38729dbe-6d1c-48ce-bf47-e2a18945600e"", ""valuetype_id"": ""prefLabel""}], ""list_id"": ""f7fc4f6d-fd46-4881-846f-4a08bc1a3fef""}]"
8c6b1881-1252-4735-adfe-b36bb7de40d5,36956e50-d770-11ef-8f5d-0275dc2ded29,166c7b56-b36e-4cfa-9dc0-7d232f147d69,1,d19a37f0-e39d-42d2-97b1-d0c172da3d13,"{""en"": {""value"": ""Dalco"", ""direction"": ""ltr""}}","[{""uri"": ""http://vocab.getty.edu/aat/300404670"", ""labels"": [{""id"": ""b379db2b-3066-4a46-8e8d-f70ad539323e"", ""value"": ""preferred terms"", ""language_id"": ""en"", ""list_item_id"": ""5f400d39-3b6b-4b8a-939b-4e49787c7444"", ""valuetype_id"": ""prefLabel""}], ""list_id"": ""80028d07-9c98-48cf-84db-f77bc01c8bbc""}]","[{""uri"": ""http://vocab.getty.edu/aat/300388277"", ""labels"": [{""id"": ""39e49408-de39-44db-a191-fe36a5f04cfc"", ""value"": ""English (language)"", ""language_id"": ""en"", ""list_item_id"": ""38729dbe-6d1c-48ce-bf47-e2a18945600e"", ""valuetype_id"": ""prefLabel""}], ""list_id"": ""f7fc4f6d-fd46-4881-846f-4a08bc1a3fef""}]"
84e12210-f167-4f38-8d5c-c53f6d39e9f9,36956e50-d770-11ef-8f5d-0275dc2ded29,166c7b56-b36e-4cfa-9dc0-7d232f147d69,1,f1df166b-eb8e-40c7-88f6-7b8c268adbe6,"{""en"": {""value"": ""Jojoba Obispo"", ""direction"": ""ltr""}}","[{""uri"": ""http://vocab.getty.edu/aat/300404670"", ""labels"": [{""id"": ""b379db2b-3066-4a46-8e8d-f70ad539323e"", ""value"": ""preferred terms"", ""language_id"": ""en"", ""list_item_id"": ""5f400d39-3b6b-4b8a-939b-4e49787c7444"", ""valuetype_id"": ""prefLabel""}], ""list_id"": ""80028d07-9c98-48cf-84db-f77bc01c8bbc""}]","[{""uri"": ""http://vocab.getty.edu/aat/300388277"", ""labels"": [{""id"": ""39e49408-de39-44db-a191-fe36a5f04cfc"", ""value"": ""English (language)"", ""language_id"": ""en"", ""list_item_id"": ""38729dbe-6d1c-48ce-bf47-e2a18945600e"", ""valuetype_id"": ""prefLabel""}], ""list_id"": ""f7fc4f6d-fd46-4881-846f-4a08bc1a3fef""}]"
7fac1f6c-9b00-416f-a812-50619002c0de,36956e50-d770-11ef-8f5d-0275dc2ded29,166c7b56-b36e-4cfa-9dc0-7d232f147d69,1,83dac9b8-22b7-4edc-b13c-ae8e50da2459,"{""en"": {""value"": ""Imp. Kwan Lee Co."", ""direction"": ""ltr""}}","[{""uri"": ""http://vocab.getty.edu/aat/300404670"", ""labels"": [{""id"": ""b379db2b-3066-4a46-8e8d-f70ad539323e"", ""value"": ""preferred terms"", ""language_id"": ""en"", ""list_item_id"": ""5f400d39-3b6b-4b8a-939b-4e49787c7444"", ""valuetype_id"": ""prefLabel""}], ""list_id"": ""80028d07-9c98-48cf-84db-f77bc01c8bbc""}]","[{""uri"": ""http://vocab.getty.edu/aat/300388277"", ""labels"": [{""id"": ""39e49408-de39-44db-a191-fe36a5f04cfc"", ""value"": ""English (language)"", ""language_id"": ""en"", ""list_item_id"": ""38729dbe-6d1c-48ce-bf47-e2a18945600e"", ""valuetype_id"": ""prefLabel""}], ""list_id"": ""f7fc4f6d-fd46-4881-846f-4a08bc1a3fef""}]"
2c4e5b4b-f469-479a-ae95-9cd0df9d6778,36956e50-d770-11ef-8f5d-0275dc2ded29,166c7b56-b36e-4cfa-9dc0-7d232f147d69,1,3eb17a43-e4c5-493d-97c7-caf15dc8da4f,"{""en"": {""value"": ""Tokyo National Research Institute of Cultural Properties"", ""direction"": ""ltr""}}","[{""uri"": ""http://vocab.getty.edu/aat/300404670"", ""labels"": [{""id"": ""b379db2b-3066-4a46-8e8d-f70ad539323e"", ""value"": ""preferred terms"", ""language_id"": ""en"", ""list_item_id"": ""5f400d39-3b6b-4b8a-939b-4e49787c7444"", ""valuetype_id"": ""prefLabel""}], ""list_id"": ""80028d07-9c98-48cf-84db-f77bc01c8bbc""}]","[{""uri"": ""http://vocab.getty.edu/aat/300388277"", ""labels"": [{""id"": ""39e49408-de39-44db-a191-fe36a5f04cfc"", ""value"": ""English (language)"", ""language_id"": ""en"", ""list_item_id"": ""38729dbe-6d1c-48ce-bf47-e2a18945600e"", ""valuetype_id"": ""prefLabel""}], ""list_id"": ""f7fc4f6d-fd46-4881-846f-4a08bc1a3fef""}]"
6ffc7f28-e248-46cc-9faf-c5e6f671d74d,36956e50-d770-11ef-8f5d-0275dc2ded29,166c7b56-b36e-4cfa-9dc0-7d232f147d69,1,042da33d-00f2-4e1c-ab21-1beca5e6de62,"{""en"": {""value"": ""Superior Honey Company"", ""direction"": ""ltr""}}","[{""uri"": ""http://vocab.getty.edu/aat/300404670"", ""labels"": [{""id"": ""b379db2b-3066-4a46-8e8d-f70ad539323e"", ""value"": ""preferred terms"", ""language_id"": ""en"", ""list_item_id"": ""5f400d39-3b6b-4b8a-939b-4e49787c7444"", ""valuetype_id"": ""prefLabel""}], ""list_id"": ""80028d07-9c98-48cf-84db-f77bc01c8bbc""}]","[{""uri"": ""http://vocab.getty.edu/aat/300388277"", ""labels"": [{""id"": ""39e49408-de39-44db-a191-fe36a5f04cfc"", ""value"": ""English (language)"", ""language_id"": ""en"", ""list_item_id"": ""38729dbe-6d1c-48ce-bf47-e2a18945600e"", ""valuetype_id"": ""prefLabel""}], ""list_id"": ""f7fc4f6d-fd46-4881-846f-4a08bc1a3fef""}]"
73cc2962-847f-40ae-8fcb-cd972864b960,36956e50-d770-11ef-8f5d-0275dc2ded29,166c7b56-b36e-4cfa-9dc0-7d232f147d69,1,7b83a5ba-f341-4ef2-b0f6-44c4b39d78d8,"{""en"": {""value"": ""Kodak Industrie"", ""direction"": ""ltr""}}","[{""uri"": ""http://vocab.getty.edu/aat/300404670"", ""labels"": [{""id"": ""b379db2b-3066-4a46-8e8d-f70ad539323e"", ""value"": ""preferred terms"", ""language_id"": ""en"", ""list_item_id"": ""5f400d39-3b6b-4b8a-939b-4e49787c7444"", ""valuetype_id"": ""prefLabel""}], ""list_id"": ""80028d07-9c98-48cf-84db-f77bc01c8bbc""}]","[{""uri"": ""http://vocab.getty.edu/aat/300388277"", ""labels"": [{""id"": ""39e49408-de39-44db-a191-fe36a5f04cfc"", ""value"": ""English (language)"", ""language_id"": ""en"", ""list_item_id"": ""38729dbe-6d1c-48ce-bf47-e2a18945600e"", ""valuetype_id"": ""prefLabel""}], ""list_id"": ""f7fc4f6d-fd46-4881-846f-4a08bc1a3fef""}]"
d45e719b-50bc-4c4f-aae2-bc3f54f21fbb,36956e50-d770-11ef-8f5d-0275dc2ded29,166c7b56-b36e-4cfa-9dc0-7d232f147d69,1,e6417b5a-1319-4dfc-9878-6f5d5b60c574,"{""en"": {""value"": ""Vons"", ""direction"": ""ltr""}}","[{""uri"": ""http://vocab.getty.edu/aat/300404670"", ""labels"": [{""id"": ""b379db2b-3066-4a46-8e8d-f70ad539323e"", ""value"": ""preferred terms"", ""language_id"": ""en"", ""list_item_id"": ""5f400d39-3b6b-4b8a-939b-4e49787c7444"", ""valuetype_id"": ""prefLabel""}], ""list_id"": ""80028d07-9c98-48cf-84db-f77bc01c8bbc""}]","[{""uri"": ""http://vocab.getty.edu/aat/300388277"", ""labels"": [{""id"": ""39e49408-de39-44db-a191-fe36a5f04cfc"", ""value"": ""English (language)"", ""language_id"": ""en"", ""list_item_id"": ""38729dbe-6d1c-48ce-bf47-e2a18945600e"", ""valuetype_id"": ""prefLabel""}], ""list_id"": ""f7fc4f6d-fd46-4881-846f-4a08bc1a3fef""}]"
046ad813-633a-4fd4-be3e-80f706c486e1,36956e50-d770-11ef-8f5d-0275dc2ded29,166c7b56-b36e-4cfa-9dc0-7d232f147d69,1,94171649-5965-472c-932c-29b1eae31fa3,"{""en"": {""value"": ""High School of Central Art Institute"", ""direction"": ""ltr""}}","[{""uri"": ""http://vocab.getty.edu/aat/300404670"", ""labels"": [{""id"": ""b379db2b-3066-4a46-8e8d-f70ad539323e"", ""value"": ""preferred terms"", ""language_id"": ""en"", ""list_item_id"": ""5f400d39-3b6b-4b8a-939b-4e49787c7444"", ""valuetype_id"": ""prefLabel""}], ""list_id"": ""80028d07-9c98-48cf-84db-f77bc01c8bbc""}]","[{""uri"": ""http://vocab.getty.edu/aat/300388277"", ""labels"": [{""id"": ""39e49408-de39-44db-a191-fe36a5f04cfc"", ""value"": ""English (language)"", ""language_id"": ""en"", ""list_item_id"": ""38729dbe-6d1c-48ce-bf47-e2a18945600e"", ""valuetype_id"": ""prefLabel""}], ""list_id"": ""f7fc4f6d-fd46-4881-846f-4a08bc1a3fef""}]"
70dadd1a-2267-442d-a7b4-6e6e805e0a46,36956e50-d770-11ef-8f5d-0275dc2ded29,166c7b56-b36e-4cfa-9dc0-7d232f147d69,1,22e3b9d8-5ccb-4c0a-bea8-8ab4d9175421,"{""en"": {""value"": ""Ilford Imaging UK"", ""direction"": ""ltr""}}","[{""uri"": ""http://vocab.getty.edu/aat/300404670"", ""labels"": [{""id"": ""b379db2b-3066-4a46-8e8d-f70ad539323e"", ""value"": ""preferred terms"", ""language_id"": ""en"", ""list_item_id"": ""5f400d39-3b6b-4b8a-939b-4e49787c7444"", ""valuetype_id"": ""prefLabel""}], ""list_id"": ""80028d07-9c98-48cf-84db-f77bc01c8bbc""}]","[{""uri"": ""http://vocab.getty.edu/aat/300388277"", ""labels"": [{""id"": ""39e49408-de39-44db-a191-fe36a5f04cfc"", ""value"": ""English (language)"", ""language_id"": ""en"", ""list_item_id"": ""38729dbe-6d1c-48ce-bf47-e2a18945600e"", ""valuetype_id"": ""prefLabel""}], ""list_id"": ""f7fc4f6d-fd46-4881-846f-4a08bc1a3fef""}]"
59472cc9-f37b-4f72-9f46-08ec79c1ac24,36956e50-d770-11ef-8f5d-0275dc2ded29,166c7b56-b36e-4cfa-9dc0-7d232f147d69,1,5d0be029-a621-4d0f-9ec1-921e39917c42,"{""en"": {""value"": ""Alois K. Diethelm"", ""direction"": ""ltr""}}","[{""uri"": ""http://vocab.getty.edu/aat/300404670"", ""labels"": [{""id"": ""b379db2b-3066-4a46-8e8d-f70ad539323e"", ""value"": ""preferred terms"", ""language_id"": ""en"", ""list_item_id"": ""5f400d39-3b6b-4b8a-939b-4e49787c7444"", ""valuetype_id"": ""prefLabel""}], ""list_id"": ""80028d07-9c98-48cf-84db-f77bc01c8bbc""}]","[{""uri"": ""http://vocab.getty.edu/aat/300388277"", ""labels"": [{""id"": ""39e49408-de39-44db-a191-fe36a5f04cfc"", ""value"": ""English (language)"", ""language_id"": ""en"", ""list_item_id"": ""38729dbe-6d1c-48ce-bf47-e2a18945600e"", ""valuetype_id"": ""prefLabel""}], ""list_id"": ""f7fc4f6d-fd46-4881-846f-4a08bc1a3fef""}]"
c8ef9b0d-f0d7-4cb1-b92c-a7a29f5e3d29,36956e50-d770-11ef-8f5d-0275dc2ded29,166c7b56-b36e-4cfa-9dc0-7d232f147d69,1,d97d9957-9788-462b-85c8-7e402b0e22ed,"{""en"": {""value"": ""R. F. Smith"", ""direction"": ""ltr""}}","[{""uri"": ""http://vocab.getty.edu/aat/300404670"", ""labels"": [{""id"": ""b379db2b-3066-4a46-8e8d-f70ad539323e"", ""value"": ""preferred terms"", ""language_id"": ""en"", ""list_item_id"": ""5f400d39-3b6b-4b8a-939b-4e49787c7444"", ""valuetype_id"": ""prefLabel""}], ""list_id"": ""80028d07-9c98-48cf-84db-f77bc01c8bbc""}]","[{""uri"": ""http://vocab.getty.edu/aat/300388277"", ""labels"": [{""id"": ""39e49408-de39-44db-a191-fe36a5f04cfc"", ""value"": ""English (language)"", ""language_id"": ""en"", ""list_item_id"": ""38729dbe-6d1c-48ce-bf47-e2a18945600e"", ""valuetype_id"": ""prefLabel""}], ""list_id"": ""f7fc4f6d-fd46-4881-846f-4a08bc1a3fef""}]"
b62d23ea-307c-425d-9e4f-a6ae9a808a22,36956e50-d770-11ef-8f5d-0275dc2ded29,166c7b56-b36e-4cfa-9dc0-7d232f147d69,1,9f4a7e3a-3c39-4420-92b0-68e9729b2b0e,"{""en"": {""value"": ""BF Goodrich Chemical Company"", ""direction"": ""ltr""}}","[{""uri"": ""http://vocab.getty.edu/aat/300404670"", ""labels"": [{""id"": ""b379db2b-3066-4a46-8e8d-f70ad539323e"", ""value"": ""preferred terms"", ""language_id"": ""en"", ""list_item_id"": ""5f400d39-3b6b-4b8a-939b-4e49787c7444"", ""valuetype_id"": ""prefLabel""}], ""list_id"": ""80028d07-9c98-48cf-84db-f77bc01c8bbc""}]","[{""uri"": ""http://vocab.getty.edu/aat/300388277"", ""labels"": [{""id"": ""39e49408-de39-44db-a191-fe36a5f04cfc"", ""value"": ""English (language)"", ""language_id"": ""en"", ""list_item_id"": ""38729dbe-6d1c-48ce-bf47-e2a18945600e"", ""valuetype_id"": ""prefLabel""}], ""list_id"": ""f7fc4f6d-fd46-4881-846f-4a08bc1a3fef""}]"
f965b7c3-c018-4d49-b382-f9ae34238e63,36956e50-d770-11ef-8f5d-0275dc2ded29,166c7b56-b36e-4cfa-9dc0-7d232f147d69,1,0ef9e879-c824-4ca9-9ab1-5c620f8d82ce,"{""en"": {""value"": ""Santa Ynez Lavender"", ""direction"": ""ltr""}}","[{""uri"": ""http://vocab.getty.edu/aat/300404670"", ""labels"": [{""id"": ""b379db2b-3066-4a46-8e8d-f70ad539323e"", ""value"": ""preferred terms"", ""language_id"": ""en"", ""list_item_id"": ""5f400d39-3b6b-4b8a-939b-4e49787c7444"", ""valuetype_id"": ""prefLabel""}], ""list_id"": ""80028d07-9c98-48cf-84db-f77bc01c8bbc""}]","[{""uri"": ""http://vocab.getty.edu/aat/300388277"", ""labels"": [{""id"": ""39e49408-de39-44db-a191-fe36a5f04cfc"", ""value"": ""English (language)"", ""language_id"": ""en"", ""list_item_id"": ""38729dbe-6d1c-48ce-bf47-e2a18945600e"", ""valuetype_id"": ""prefLabel""}], ""list_id"": ""f7fc4f6d-fd46-4881-846f-4a08bc1a3fef""}]"
453d61d9-adf8-43e2-b0d7-8a3b592ea2f1,36956e50-d770-11ef-8f5d-0275dc2ded29,166c7b56-b36e-4cfa-9dc0-7d232f147d69,1,4677b3fb-1c8f-4482-a020-3e7f1d1acfa7,"{""en"": {""value"": ""Great Lakes Artist Materials Corporation"", ""direction"": ""ltr""}}","[{""uri"": ""http://vocab.getty.edu/aat/300404670"", ""labels"": [{""id"": ""b379db2b-3066-4a46-8e8d-f70ad539323e"", ""value"": ""preferred terms"", ""language_id"": ""en"", ""list_item_id"": ""5f400d39-3b6b-4b8a-939b-4e49787c7444"", ""valuetype_id"": ""prefLabel""}], ""list_id"": ""80028d07-9c98-48cf-84db-f77bc01c8bbc""}]","[{""uri"": ""http://vocab.getty.edu/aat/300388277"", ""labels"": [{""id"": ""39e49408-de39-44db-a191-fe36a5f04cfc"", ""value"": ""English (language)"", ""language_id"": ""en"", ""list_item_id"": ""38729dbe-6d1c-48ce-bf47-e2a18945600e"", ""valuetype_id"": ""prefLabel""}], ""list_id"": ""f7fc4f6d-fd46-4881-846f-4a08bc1a3fef""}]"
3f76f759-4aec-4de0-83ec-7ad4ffe115d4,36956e50-d770-11ef-8f5d-0275dc2ded29,166c7b56-b36e-4cfa-9dc0-7d232f147d69,1,379979c8-393b-4e27-b8ca-a6bc299a75c1,"{""en"": {""value"": ""Dexter Chemical"", ""direction"": ""ltr""}}","[{""uri"": ""http://vocab.getty.edu/aat/300404670"", ""labels"": [{""id"": ""b379db2b-3066-4a46-8e8d-f70ad539323e"", ""value"": ""preferred terms"", ""language_id"": ""en"", ""list_item_id"": ""5f400d39-3b6b-4b8a-939b-4e49787c7444"", ""valuetype_id"": ""prefLabel""}], ""list_id"": ""80028d07-9c98-48cf-84db-f77bc01c8bbc""}]","[{""uri"": ""http://vocab.getty.edu/aat/300388277"", ""labels"": [{""id"": ""39e49408-de39-44db-a191-fe36a5f04cfc"", ""value"": ""English (language)"", ""language_id"": ""en"", ""list_item_id"": ""38729dbe-6d1c-48ce-bf47-e2a18945600e"", ""valuetype_id"": ""prefLabel""}], ""list_id"": ""f7fc4f6d-fd46-4881-846f-4a08bc1a3fef""}]"
b3380875-4b22-4c47-b3d3-adebd9f3e307,36956e50-d770-11ef-8f5d-0275dc2ded29,166c7b56-b36e-4cfa-9dc0-7d232f147d69,1,ff205db1-f638-4fbe-adf3-d2ba53d68b00,"{""en"": {""value"": ""Lipo Chemicals, Inc."", ""direction"": ""ltr""}}","[{""uri"": ""http://vocab.getty.edu/aat/300404670"", ""labels"": [{""id"": ""b379db2b-3066-4a46-8e8d-f70ad539323e"", ""value"": ""preferred terms"", ""language_id"": ""en"", ""list_item_id"": ""5f400d39-3b6b-4b8a-939b-4e49787c7444"", ""valuetype_id"": ""prefLabel""}], ""list_id"": ""80028d07-9c98-48cf-84db-f77bc01c8bbc""}]","[{""uri"": ""http://vocab.getty.edu/aat/300388277"", ""labels"": [{""id"": ""39e49408-de39-44db-a191-fe36a5f04cfc"", ""value"": ""English (language)"", ""language_id"": ""en"", ""list_item_id"": ""38729dbe-6d1c-48ce-bf47-e2a18945600e"", ""valuetype_id"": ""prefLabel""}], ""list_id"": ""f7fc4f6d-fd46-4881-846f-4a08bc1a3fef""}]"
a0899756-885b-421c-8a9f-670b360bfe1d,36956e50-d770-11ef-8f5d-0275dc2ded29,166c7b56-b36e-4cfa-9dc0-7d232f147d69,1,2bfa0b50-f7e2-40ef-9a12-9c3991ca3603,"{""en"": {""value"": ""R.P. Cargille Laboratories"", ""direction"": ""ltr""}}","[{""uri"": ""http://vocab.getty.edu/aat/300404670"", ""labels"": [{""id"": ""b379db2b-3066-4a46-8e8d-f70ad539323e"", ""value"": ""preferred terms"", ""language_id"": ""en"", ""list_item_id"": ""5f400d39-3b6b-4b8a-939b-4e49787c7444"", ""valuetype_id"": ""prefLabel""}], ""list_id"": ""80028d07-9c98-48cf-84db-f77bc01c8bbc""}]","[{""uri"": ""http://vocab.getty.edu/aat/300388277"", ""labels"": [{""id"": ""39e49408-de39-44db-a191-fe36a5f04cfc"", ""value"": ""English (language)"", ""language_id"": ""en"", ""list_item_id"": ""38729dbe-6d1c-48ce-bf47-e2a18945600e"", ""valuetype_id"": ""prefLabel""}], ""list_id"": ""f7fc4f6d-fd46-4881-846f-4a08bc1a3fef""}]"
0553fab7-29f4-4a8e-becb-be59a68fab7c,36956e50-d770-11ef-8f5d-0275dc2ded29,166c7b56-b36e-4cfa-9dc0-7d232f147d69,1,f59aeddd-feb1-4376-baf5-263f79415daf,"{""en"": {""value"": ""Midwest"", ""direction"": ""ltr""}}","[{""uri"": ""http://vocab.getty.edu/aat/300404670"", ""labels"": [{""id"": ""b379db2b-3066-4a46-8e8d-f70ad539323e"", ""value"": ""preferred terms"", ""language_id"": ""en"", ""list_item_id"": ""5f400d39-3b6b-4b8a-939b-4e49787c7444"", ""valuetype_id"": ""prefLabel""}], ""list_id"": ""80028d07-9c98-48cf-84db-f77bc01c8bbc""}]","[{""uri"": ""http://vocab.getty.edu/aat/300388277"", ""labels"": [{""id"": ""39e49408-de39-44db-a191-fe36a5f04cfc"", ""value"": ""English (language)"", ""language_id"": ""en"", ""list_item_id"": ""38729dbe-6d1c-48ce-bf47-e2a18945600e"", ""valuetype_id"": ""prefLabel""}], ""list_id"": ""f7fc4f6d-fd46-4881-846f-4a08bc1a3fef""}]"
2cf040ce-2bc2-4cfa-9b62-b4083fa39066,36956e50-d770-11ef-8f5d-0275dc2ded29,166c7b56-b36e-4cfa-9dc0-7d232f147d69,1,23ffbff5-0966-45b3-8c50-557464ee4b12,"{""en"": {""value"": ""Jan Wouters"", ""direction"": ""ltr""}}","[{""uri"": ""http://vocab.getty.edu/aat/300404670"", ""labels"": [{""id"": ""b379db2b-3066-4a46-8e8d-f70ad539323e"", ""value"": ""preferred terms"", ""language_id"": ""en"", ""list_item_id"": ""5f400d39-3b6b-4b8a-939b-4e49787c7444"", ""valuetype_id"": ""prefLabel""}], ""list_id"": ""80028d07-9c98-48cf-84db-f77bc01c8bbc""}]","[{""uri"": ""http://vocab.getty.edu/aat/300388277"", ""labels"": [{""id"": ""39e49408-de39-44db-a191-fe36a5f04cfc"", ""value"": ""English (language)"", ""language_id"": ""en"", ""list_item_id"": ""38729dbe-6d1c-48ce-bf47-e2a18945600e"", ""valuetype_id"": ""prefLabel""}], ""list_id"": ""f7fc4f6d-fd46-4881-846f-4a08bc1a3fef""}]"
c8f84076-ffd3-40ea-8cd5-433b966116a8,36956e50-d770-11ef-8f5d-0275dc2ded29,166c7b56-b36e-4cfa-9dc0-7d232f147d69,1,b54398bf-9743-432b-b355-864cca3db768,"{""en"": {""value"": ""J. Klipstein & Co."", ""direction"": ""ltr""}}","[{""uri"": ""http://vocab.getty.edu/aat/300404670"", ""labels"": [{""id"": ""b379db2b-3066-4a46-8e8d-f70ad539323e"", ""value"": ""preferred terms"", ""language_id"": ""en"", ""list_item_id"": ""5f400d39-3b6b-4b8a-939b-4e49787c7444"", ""valuetype_id"": ""prefLabel""}], ""list_id"": ""80028d07-9c98-48cf-84db-f77bc01c8bbc""}]","[{""uri"": ""http://vocab.getty.edu/aat/300388277"", ""labels"": [{""id"": ""39e49408-de39-44db-a191-fe36a5f04cfc"", ""value"": ""English (language)"", ""language_id"": ""en"", ""list_item_id"": ""38729dbe-6d1c-48ce-bf47-e2a18945600e"", ""valuetype_id"": ""prefLabel""}], ""list_id"": ""f7fc4f6d-fd46-4881-846f-4a08bc1a3fef""}]"
7853aeb8-26ec-4234-be6c-677bd4be59d1,36956e50-d770-11ef-8f5d-0275dc2ded29,166c7b56-b36e-4cfa-9dc0-7d232f147d69,1,524d665e-577a-4c40-96ba-541ff35db10e,"{""en"": {""value"": ""Mitsubishi Imaging Inc."", ""direction"": ""ltr""}}","[{""uri"": ""http://vocab.getty.edu/aat/300404670"", ""labels"": [{""id"": ""b379db2b-3066-4a46-8e8d-f70ad539323e"", ""value"": ""preferred terms"", ""language_id"": ""en"", ""list_item_id"": ""5f400d39-3b6b-4b8a-939b-4e49787c7444"", ""valuetype_id"": ""prefLabel""}], ""list_id"": ""80028d07-9c98-48cf-84db-f77bc01c8bbc""}]","[{""uri"": ""http://vocab.getty.edu/aat/300388277"", ""labels"": [{""id"": ""39e49408-de39-44db-a191-fe36a5f04cfc"", ""value"": ""English (language)"", ""language_id"": ""en"", ""list_item_id"": ""38729dbe-6d1c-48ce-bf47-e2a18945600e"", ""valuetype_id"": ""prefLabel""}], ""list_id"": ""f7fc4f6d-fd46-4881-846f-4a08bc1a3fef""}]"
f816370e-35af-4b36-8be3-c5b6eafaa8d5,36956e50-d770-11ef-8f5d-0275dc2ded29,166c7b56-b36e-4cfa-9dc0-7d232f147d69,1,c85d8d28-ca04-4630-a30c-b8e301930b5f,"{""en"": {""value"": ""Agfa"", ""direction"": ""ltr""}}","[{""uri"": ""http://vocab.getty.edu/aat/300404670"", ""labels"": [{""id"": ""b379db2b-3066-4a46-8e8d-f70ad539323e"", ""value"": ""preferred terms"", ""language_id"": ""en"", ""list_item_id"": ""5f400d39-3b6b-4b8a-939b-4e49787c7444"", ""valuetype_id"": ""prefLabel""}], ""list_id"": ""80028d07-9c98-48cf-84db-f77bc01c8bbc""}]","[{""uri"": ""http://vocab.getty.edu/aat/300388277"", ""labels"": [{""id"": ""39e49408-de39-44db-a191-fe36a5f04cfc"", ""value"": ""English (language)"", ""language_id"": ""en"", ""list_item_id"": ""38729dbe-6d1c-48ce-bf47-e2a18945600e"", ""valuetype_id"": ""prefLabel""}], ""list_id"": ""f7fc4f6d-fd46-4881-846f-4a08bc1a3fef""}]"
fca68a62-d48e-41bf-8831-6fb454680128,36956e50-d770-11ef-8f5d-0275dc2ded29,166c7b56-b36e-4cfa-9dc0-7d232f147d69,1,d9fba22f-9134-4f29-b8c6-7d6d593e4b13,"{""en"": {""value"": ""Nujol"", ""direction"": ""ltr""}}","[{""uri"": ""http://vocab.getty.edu/aat/300404670"", ""labels"": [{""id"": ""b379db2b-3066-4a46-8e8d-f70ad539323e"", ""value"": ""preferred terms"", ""language_id"": ""en"", ""list_item_id"": ""5f400d39-3b6b-4b8a-939b-4e49787c7444"", ""valuetype_id"": ""prefLabel""}], ""list_id"": ""80028d07-9c98-48cf-84db-f77bc01c8bbc""}]","[{""uri"": ""http://vocab.getty.edu/aat/300388277"", ""labels"": [{""id"": ""39e49408-de39-44db-a191-fe36a5f04cfc"", ""value"": ""English (language)"", ""language_id"": ""en"", ""list_item_id"": ""38729dbe-6d1c-48ce-bf47-e2a18945600e"", ""valuetype_id"": ""prefLabel""}], ""list_id"": ""f7fc4f6d-fd46-4881-846f-4a08bc1a3fef""}]"
70a0f03c-8a6d-4140-8201-1fe7531da300,36956e50-d770-11ef-8f5d-0275dc2ded29,166c7b56-b36e-4cfa-9dc0-7d232f147d69,1,a082af12-98d7-458b-adf5-fc3493583368,"{""en"": {""value"": ""SPI Supplies\n(Div. of Structure Probe Inc.)"", ""direction"": ""ltr""}}","[{""uri"": ""http://vocab.getty.edu/aat/300404670"", ""labels"": [{""id"": ""b379db2b-3066-4a46-8e8d-f70ad539323e"", ""value"": ""preferred terms"", ""language_id"": ""en"", ""list_item_id"": ""5f400d39-3b6b-4b8a-939b-4e49787c7444"", ""valuetype_id"": ""prefLabel""}], ""list_id"": ""80028d07-9c98-48cf-84db-f77bc01c8bbc""}]","[{""uri"": ""http://vocab.getty.edu/aat/300388277"", ""labels"": [{""id"": ""39e49408-de39-44db-a191-fe36a5f04cfc"", ""value"": ""English (language)"", ""language_id"": ""en"", ""list_item_id"": ""38729dbe-6d1c-48ce-bf47-e2a18945600e"", ""valuetype_id"": ""prefLabel""}], ""list_id"": ""f7fc4f6d-fd46-4881-846f-4a08bc1a3fef""}]"
a0630c97-98db-40d2-9769-2ecdf8861aa4,36956e50-d770-11ef-8f5d-0275dc2ded29,166c7b56-b36e-4cfa-9dc0-7d232f147d69,1,b93d0b09-a927-4d16-a2ba-5daa622bce77,"{""en"": {""value"": ""Rembrandt (Talens)"", ""direction"": ""ltr""}}","[{""uri"": ""http://vocab.getty.edu/aat/300404670"", ""labels"": [{""id"": ""b379db2b-3066-4a46-8e8d-f70ad539323e"", ""value"": ""preferred terms"", ""language_id"": ""en"", ""list_item_id"": ""5f400d39-3b6b-4b8a-939b-4e49787c7444"", ""valuetype_id"": ""prefLabel""}], ""list_id"": ""80028d07-9c98-48cf-84db-f77bc01c8bbc""}]","[{""uri"": ""http://vocab.getty.edu/aat/300388277"", ""labels"": [{""id"": ""39e49408-de39-44db-a191-fe36a5f04cfc"", ""value"": ""English (language)"", ""language_id"": ""en"", ""list_item_id"": ""38729dbe-6d1c-48ce-bf47-e2a18945600e"", ""valuetype_id"": ""prefLabel""}], ""list_id"": ""f7fc4f6d-fd46-4881-846f-4a08bc1a3fef""}]"
4ffe512f-a499-45ab-bb1f-d8c948490e43,36956e50-d770-11ef-8f5d-0275dc2ded29,166c7b56-b36e-4cfa-9dc0-7d232f147d69,1,50fc1287-2cfa-4167-beee-d63e0e42df84,"{""en"": {""value"": ""Dr. W.P. Bauer"", ""direction"": ""ltr""}}","[{""uri"": ""http://vocab.getty.edu/aat/300404670"", ""labels"": [{""id"": ""b379db2b-3066-4a46-8e8d-f70ad539323e"", ""value"": ""preferred terms"", ""language_id"": ""en"", ""list_item_id"": ""5f400d39-3b6b-4b8a-939b-4e49787c7444"", ""valuetype_id"": ""prefLabel""}], ""list_id"": ""80028d07-9c98-48cf-84db-f77bc01c8bbc""}]","[{""uri"": ""http://vocab.getty.edu/aat/300388277"", ""labels"": [{""id"": ""39e49408-de39-44db-a191-fe36a5f04cfc"", ""value"": ""English (language)"", ""language_id"": ""en"", ""list_item_id"": ""38729dbe-6d1c-48ce-bf47-e2a18945600e"", ""valuetype_id"": ""prefLabel""}], ""list_id"": ""f7fc4f6d-fd46-4881-846f-4a08bc1a3fef""}]"
a706c312-9a36-45ad-9894-e2aa8da8cea5,36956e50-d770-11ef-8f5d-0275dc2ded29,166c7b56-b36e-4cfa-9dc0-7d232f147d69,1,63ea76a6-7d89-4c3a-9513-be95e76f8fb3,"{""en"": {""value"": ""Fezandie & Sperrle"", ""direction"": ""ltr""}}","[{""uri"": ""http://vocab.getty.edu/aat/300404670"", ""labels"": [{""id"": ""b379db2b-3066-4a46-8e8d-f70ad539323e"", ""value"": ""preferred terms"", ""language_id"": ""en"", ""list_item_id"": ""5f400d39-3b6b-4b8a-939b-4e49787c7444"", ""valuetype_id"": ""prefLabel""}], ""list_id"": ""80028d07-9c98-48cf-84db-f77bc01c8bbc""}]","[{""uri"": ""http://vocab.getty.edu/aat/300388277"", ""labels"": [{""id"": ""39e49408-de39-44db-a191-fe36a5f04cfc"", ""value"": ""English (language)"", ""language_id"": ""en"", ""list_item_id"": ""38729dbe-6d1c-48ce-bf47-e2a18945600e"", ""valuetype_id"": ""prefLabel""}], ""list_id"": ""f7fc4f6d-fd46-4881-846f-4a08bc1a3fef""}]"
951e9b01-649e-43d5-8ce5-a4febdc48988,36956e50-d770-11ef-8f5d-0275dc2ded29,166c7b56-b36e-4cfa-9dc0-7d232f147d69,1,66590054-7369-4e70-9ced-c6cf023e8f9f,"{""en"": {""value"": ""ICI Americas"", ""direction"": ""ltr""}}","[{""uri"": ""http://vocab.getty.edu/aat/300404670"", ""labels"": [{""id"": ""b379db2b-3066-4a46-8e8d-f70ad539323e"", ""value"": ""preferred terms"", ""language_id"": ""en"", ""list_item_id"": ""5f400d39-3b6b-4b8a-939b-4e49787c7444"", ""valuetype_id"": ""prefLabel""}], ""list_id"": ""80028d07-9c98-48cf-84db-f77bc01c8bbc""}]","[{""uri"": ""http://vocab.getty.edu/aat/300388277"", ""labels"": [{""id"": ""39e49408-de39-44db-a191-fe36a5f04cfc"", ""value"": ""English (language)"", ""language_id"": ""en"", ""list_item_id"": ""38729dbe-6d1c-48ce-bf47-e2a18945600e"", ""valuetype_id"": ""prefLabel""}], ""list_id"": ""f7fc4f6d-fd46-4881-846f-4a08bc1a3fef""}]"
4e3a228b-5b00-4b8d-8c18-3a838422833f,36956e50-d770-11ef-8f5d-0275dc2ded29,166c7b56-b36e-4cfa-9dc0-7d232f147d69,1,cf043742-3320-4d21-845c-c4c7e64495e5,"{""en"": {""value"": ""ICI"", ""direction"": ""ltr""}}","[{""uri"": ""http://vocab.getty.edu/aat/300404670"", ""labels"": [{""id"": ""b379db2b-3066-4a46-8e8d-f70ad539323e"", ""value"": ""preferred terms"", ""language_id"": ""en"", ""list_item_id"": ""5f400d39-3b6b-4b8a-939b-4e49787c7444"", ""valuetype_id"": ""prefLabel""}], ""list_id"": ""80028d07-9c98-48cf-84db-f77bc01c8bbc""}]","[{""uri"": ""http://vocab.getty.edu/aat/300388277"", ""labels"": [{""id"": ""39e49408-de39-44db-a191-fe36a5f04cfc"", ""value"": ""English (language)"", ""language_id"": ""en"", ""list_item_id"": ""38729dbe-6d1c-48ce-bf47-e2a18945600e"", ""valuetype_id"": ""prefLabel""}], ""list_id"": ""f7fc4f6d-fd46-4881-846f-4a08bc1a3fef""}]"
556cb554-c6f2-421c-a8a7-352d0274b181,36956e50-d770-11ef-8f5d-0275dc2ded29,166c7b56-b36e-4cfa-9dc0-7d232f147d69,1,d000a26c-610e-49fd-8d39-4e65c80b8d71,"{""en"": {""value"": ""Irish Dairy Board"", ""direction"": ""ltr""}}","[{""uri"": ""http://vocab.getty.edu/aat/300404670"", ""labels"": [{""id"": ""b379db2b-3066-4a46-8e8d-f70ad539323e"", ""value"": ""preferred terms"", ""language_id"": ""en"", ""list_item_id"": ""5f400d39-3b6b-4b8a-939b-4e49787c7444"", ""valuetype_id"": ""prefLabel""}], ""list_id"": ""80028d07-9c98-48cf-84db-f77bc01c8bbc""}]","[{""uri"": ""http://vocab.getty.edu/aat/300388277"", ""labels"": [{""id"": ""39e49408-de39-44db-a191-fe36a5f04cfc"", ""value"": ""English (language)"", ""language_id"": ""en"", ""list_item_id"": ""38729dbe-6d1c-48ce-bf47-e2a18945600e"", ""valuetype_id"": ""prefLabel""}], ""list_id"": ""f7fc4f6d-fd46-4881-846f-4a08bc1a3fef""}]"
ea32351f-c748-4b2b-b612-c274316276bc,36956e50-d770-11ef-8f5d-0275dc2ded29,166c7b56-b36e-4cfa-9dc0-7d232f147d69,1,feba384e-04e3-4c97-8230-a72bb7d7aad6,"{""en"": {""value"": ""Watts, Ltd."", ""direction"": ""ltr""}}","[{""uri"": ""http://vocab.getty.edu/aat/300404670"", ""labels"": [{""id"": ""b379db2b-3066-4a46-8e8d-f70ad539323e"", ""value"": ""preferred terms"", ""language_id"": ""en"", ""list_item_id"": ""5f400d39-3b6b-4b8a-939b-4e49787c7444"", ""valuetype_id"": ""prefLabel""}], ""list_id"": ""80028d07-9c98-48cf-84db-f77bc01c8bbc""}]","[{""uri"": ""http://vocab.getty.edu/aat/300388277"", ""labels"": [{""id"": ""39e49408-de39-44db-a191-fe36a5f04cfc"", ""value"": ""English (language)"", ""language_id"": ""en"", ""list_item_id"": ""38729dbe-6d1c-48ce-bf47-e2a18945600e"", ""valuetype_id"": ""prefLabel""}], ""list_id"": ""f7fc4f6d-fd46-4881-846f-4a08bc1a3fef""}]"
a7bee2d9-896e-4b15-a1a2-cbf749cc7c0f,36956e50-d770-11ef-8f5d-0275dc2ded29,166c7b56-b36e-4cfa-9dc0-7d232f147d69,1,c30f850d-5778-4797-851e-dd4d2640c49e,"{""en"": {""value"": ""Liquitex"", ""direction"": ""ltr""}}","[{""uri"": ""http://vocab.getty.edu/aat/300404670"", ""labels"": [{""id"": ""b379db2b-3066-4a46-8e8d-f70ad539323e"", ""value"": ""preferred terms"", ""language_id"": ""en"", ""list_item_id"": ""5f400d39-3b6b-4b8a-939b-4e49787c7444"", ""valuetype_id"": ""prefLabel""}], ""list_id"": ""80028d07-9c98-48cf-84db-f77bc01c8bbc""}]","[{""uri"": ""http://vocab.getty.edu/aat/300388277"", ""labels"": [{""id"": ""39e49408-de39-44db-a191-fe36a5f04cfc"", ""value"": ""English (language)"", ""language_id"": ""en"", ""list_item_id"": ""38729dbe-6d1c-48ce-bf47-e2a18945600e"", ""valuetype_id"": ""prefLabel""}], ""list_id"": ""f7fc4f6d-fd46-4881-846f-4a08bc1a3fef""}]"
81c44f8a-0781-400c-bcd0-cc83c89ff8ad,36956e50-d770-11ef-8f5d-0275dc2ded29,166c7b56-b36e-4cfa-9dc0-7d232f147d69,1,36797e02-69d4-47ac-9eb5-f0a5a8270598,"{""en"": {""value"": ""Bibbienna"", ""direction"": ""ltr""}}","[{""uri"": ""http://vocab.getty.edu/aat/300404670"", ""labels"": [{""id"": ""b379db2b-3066-4a46-8e8d-f70ad539323e"", ""value"": ""preferred terms"", ""language_id"": ""en"", ""list_item_id"": ""5f400d39-3b6b-4b8a-939b-4e49787c7444"", ""valuetype_id"": ""prefLabel""}], ""list_id"": ""80028d07-9c98-48cf-84db-f77bc01c8bbc""}]","[{""uri"": ""http://vocab.getty.edu/aat/300388277"", ""labels"": [{""id"": ""39e49408-de39-44db-a191-fe36a5f04cfc"", ""value"": ""English (language)"", ""language_id"": ""en"", ""list_item_id"": ""38729dbe-6d1c-48ce-bf47-e2a18945600e"", ""valuetype_id"": ""prefLabel""}], ""list_id"": ""f7fc4f6d-fd46-4881-846f-4a08bc1a3fef""}]"
2c63c916-9cc2-47bb-82b7-087e30565ca0,36956e50-d770-11ef-8f5d-0275dc2ded29,166c7b56-b36e-4cfa-9dc0-7d232f147d69,1,57c83b9c-0808-46cc-959a-0c0c4e754f71,"{""en"": {""value"": ""Trimount"", ""direction"": ""ltr""}}","[{""uri"": ""http://vocab.getty.edu/aat/300404670"", ""labels"": [{""id"": ""b379db2b-3066-4a46-8e8d-f70ad539323e"", ""value"": ""preferred terms"", ""language_id"": ""en"", ""list_item_id"": ""5f400d39-3b6b-4b8a-939b-4e49787c7444"", ""valuetype_id"": ""prefLabel""}], ""list_id"": ""80028d07-9c98-48cf-84db-f77bc01c8bbc""}]","[{""uri"": ""http://vocab.getty.edu/aat/300388277"", ""labels"": [{""id"": ""39e49408-de39-44db-a191-fe36a5f04cfc"", ""value"": ""English (language)"", ""language_id"": ""en"", ""list_item_id"": ""38729dbe-6d1c-48ce-bf47-e2a18945600e"", ""valuetype_id"": ""prefLabel""}], ""list_id"": ""f7fc4f6d-fd46-4881-846f-4a08bc1a3fef""}]"
4fea3355-5e0a-471b-8f0a-aaaa3a6c8c7c,36956e50-d770-11ef-8f5d-0275dc2ded29,166c7b56-b36e-4cfa-9dc0-7d232f147d69,1,b7989a27-77d0-409c-9d79-251b5cc4ad90,"{""en"": {""value"": ""Fezandie"", ""direction"": ""ltr""}}","[{""uri"": ""http://vocab.getty.edu/aat/300404670"", ""labels"": [{""id"": ""b379db2b-3066-4a46-8e8d-f70ad539323e"", ""value"": ""preferred terms"", ""language_id"": ""en"", ""list_item_id"": ""5f400d39-3b6b-4b8a-939b-4e49787c7444"", ""valuetype_id"": ""prefLabel""}], ""list_id"": ""80028d07-9c98-48cf-84db-f77bc01c8bbc""}]","[{""uri"": ""http://vocab.getty.edu/aat/300388277"", ""labels"": [{""id"": ""39e49408-de39-44db-a191-fe36a5f04cfc"", ""value"": ""English (language)"", ""language_id"": ""en"", ""list_item_id"": ""38729dbe-6d1c-48ce-bf47-e2a18945600e"", ""valuetype_id"": ""prefLabel""}], ""list_id"": ""f7fc4f6d-fd46-4881-846f-4a08bc1a3fef""}]"
b1f7650a-4c52-4e95-bbaf-1062fea6bc8c,36956e50-d770-11ef-8f5d-0275dc2ded29,166c7b56-b36e-4cfa-9dc0-7d232f147d69,1,6d47e59c-2302-4172-a28b-6e428ac02eaa,"{""en"": {""value"": ""BYK Chemie"", ""direction"": ""ltr""}}","[{""uri"": ""http://vocab.getty.edu/aat/300404670"", ""labels"": [{""id"": ""b379db2b-3066-4a46-8e8d-f70ad539323e"", ""value"": ""preferred terms"", ""language_id"": ""en"", ""list_item_id"": ""5f400d39-3b6b-4b8a-939b-4e49787c7444"", ""valuetype_id"": ""prefLabel""}], ""list_id"": ""80028d07-9c98-48cf-84db-f77bc01c8bbc""}]","[{""uri"": ""http://vocab.getty.edu/aat/300388277"", ""labels"": [{""id"": ""39e49408-de39-44db-a191-fe36a5f04cfc"", ""value"": ""English (language)"", ""language_id"": ""en"", ""list_item_id"": ""38729dbe-6d1c-48ce-bf47-e2a18945600e"", ""valuetype_id"": ""prefLabel""}], ""list_id"": ""f7fc4f6d-fd46-4881-846f-4a08bc1a3fef""}]"
fc3895fc-a751-4847-9ff7-4601a73ba0c9,36956e50-d770-11ef-8f5d-0275dc2ded29,166c7b56-b36e-4cfa-9dc0-7d232f147d69,1,de2b9f59-6a78-4fe1-90c6-dd59a1422d36,"{""en"": {""value"": ""Caelo (Caesar & Loretz)"", ""direction"": ""ltr""}}","[{""uri"": ""http://vocab.getty.edu/aat/300404670"", ""labels"": [{""id"": ""b379db2b-3066-4a46-8e8d-f70ad539323e"", ""value"": ""preferred terms"", ""language_id"": ""en"", ""list_item_id"": ""5f400d39-3b6b-4b8a-939b-4e49787c7444"", ""valuetype_id"": ""prefLabel""}], ""list_id"": ""80028d07-9c98-48cf-84db-f77bc01c8bbc""}]","[{""uri"": ""http://vocab.getty.edu/aat/300388277"", ""labels"": [{""id"": ""39e49408-de39-44db-a191-fe36a5f04cfc"", ""value"": ""English (language)"", ""language_id"": ""en"", ""list_item_id"": ""38729dbe-6d1c-48ce-bf47-e2a18945600e"", ""valuetype_id"": ""prefLabel""}], ""list_id"": ""f7fc4f6d-fd46-4881-846f-4a08bc1a3fef""}]"
d6a78483-218a-4521-87ce-a96aa212fe4f,36956e50-d770-11ef-8f5d-0275dc2ded29,166c7b56-b36e-4cfa-9dc0-7d232f147d69,1,551ab038-0bcd-46e9-8911-aa3fe176a354,"{""en"": {""value"": ""Kromachen"", ""direction"": ""ltr""}}","[{""uri"": ""http://vocab.getty.edu/aat/300404670"", ""labels"": [{""id"": ""b379db2b-3066-4a46-8e8d-f70ad539323e"", ""value"": ""preferred terms"", ""language_id"": ""en"", ""list_item_id"": ""5f400d39-3b6b-4b8a-939b-4e49787c7444"", ""valuetype_id"": ""prefLabel""}], ""list_id"": ""80028d07-9c98-48cf-84db-f77bc01c8bbc""}]","[{""uri"": ""http://vocab.getty.edu/aat/300388277"", ""labels"": [{""id"": ""39e49408-de39-44db-a191-fe36a5f04cfc"", ""value"": ""English (language)"", ""language_id"": ""en"", ""list_item_id"": ""38729dbe-6d1c-48ce-bf47-e2a18945600e"", ""valuetype_id"": ""prefLabel""}], ""list_id"": ""f7fc4f6d-fd46-4881-846f-4a08bc1a3fef""}]"
16e9733a-3095-4917-865f-673404b305f9,36956e50-d770-11ef-8f5d-0275dc2ded29,166c7b56-b36e-4cfa-9dc0-7d232f147d69,1,64657113-b1eb-47b1-bdf2-46d54ae5fc72,"{""en"": {""value"": ""Goya, C. Kreul"", ""direction"": ""ltr""}}","[{""uri"": ""http://vocab.getty.edu/aat/300404670"", ""labels"": [{""id"": ""b379db2b-3066-4a46-8e8d-f70ad539323e"", ""value"": ""preferred terms"", ""language_id"": ""en"", ""list_item_id"": ""5f400d39-3b6b-4b8a-939b-4e49787c7444"", ""valuetype_id"": ""prefLabel""}], ""list_id"": ""80028d07-9c98-48cf-84db-f77bc01c8bbc""}]","[{""uri"": ""http://vocab.getty.edu/aat/300388277"", ""labels"": [{""id"": ""39e49408-de39-44db-a191-fe36a5f04cfc"", ""value"": ""English (language)"", ""language_id"": ""en"", ""list_item_id"": ""38729dbe-6d1c-48ce-bf47-e2a18945600e"", ""valuetype_id"": ""prefLabel""}], ""list_id"": ""f7fc4f6d-fd46-4881-846f-4a08bc1a3fef""}]"
21c00914-921f-4d53-9ade-115cbf893be5,36956e50-d770-11ef-8f5d-0275dc2ded29,166c7b56-b36e-4cfa-9dc0-7d232f147d69,1,5e3c72ba-fd2c-47a8-b9f3-b90ad57567e2,"{""en"": {""value"": ""J. Vasquez Negrete"", ""direction"": ""ltr""}}","[{""uri"": ""http://vocab.getty.edu/aat/300404670"", ""labels"": [{""id"": ""b379db2b-3066-4a46-8e8d-f70ad539323e"", ""value"": ""preferred terms"", ""language_id"": ""en"", ""list_item_id"": ""5f400d39-3b6b-4b8a-939b-4e49787c7444"", ""valuetype_id"": ""prefLabel""}], ""list_id"": ""80028d07-9c98-48cf-84db-f77bc01c8bbc""}]","[{""uri"": ""http://vocab.getty.edu/aat/300388277"", ""labels"": [{""id"": ""39e49408-de39-44db-a191-fe36a5f04cfc"", ""value"": ""English (language)"", ""language_id"": ""en"", ""list_item_id"": ""38729dbe-6d1c-48ce-bf47-e2a18945600e"", ""valuetype_id"": ""prefLabel""}], ""list_id"": ""f7fc4f6d-fd46-4881-846f-4a08bc1a3fef""}]"
b3223972-5e05-476c-841e-36c612febf82,36956e50-d770-11ef-8f5d-0275dc2ded29,166c7b56-b36e-4cfa-9dc0-7d232f147d69,1,eac7f5af-ffc7-4499-9c28-3c18b4034e41,"{""en"": {""value"": ""Amend Drug & Chemical Co."", ""direction"": ""ltr""}}","[{""uri"": ""http://vocab.getty.edu/aat/300404670"", ""labels"": [{""id"": ""b379db2b-3066-4a46-8e8d-f70ad539323e"", ""value"": ""preferred terms"", ""language_id"": ""en"", ""list_item_id"": ""5f400d39-3b6b-4b8a-939b-4e49787c7444"", ""valuetype_id"": ""prefLabel""}], ""list_id"": ""80028d07-9c98-48cf-84db-f77bc01c8bbc""}]","[{""uri"": ""http://vocab.getty.edu/aat/300388277"", ""labels"": [{""id"": ""39e49408-de39-44db-a191-fe36a5f04cfc"", ""value"": ""English (language)"", ""language_id"": ""en"", ""list_item_id"": ""38729dbe-6d1c-48ce-bf47-e2a18945600e"", ""valuetype_id"": ""prefLabel""}], ""list_id"": ""f7fc4f6d-fd46-4881-846f-4a08bc1a3fef""}]"
25e510d3-40ee-4bc2-a6d3-d81ef47e46c3,36956e50-d770-11ef-8f5d-0275dc2ded29,166c7b56-b36e-4cfa-9dc0-7d232f147d69,1,d4e7a5d8-0447-42de-90d8-ee7de2165e0b,"{""en"": {""value"": ""F. Weber Company"", ""direction"": ""ltr""}}","[{""uri"": ""http://vocab.getty.edu/aat/300404670"", ""labels"": [{""id"": ""b379db2b-3066-4a46-8e8d-f70ad539323e"", ""value"": ""preferred terms"", ""language_id"": ""en"", ""list_item_id"": ""5f400d39-3b6b-4b8a-939b-4e49787c7444"", ""valuetype_id"": ""prefLabel""}], ""list_id"": ""80028d07-9c98-48cf-84db-f77bc01c8bbc""}]","[{""uri"": ""http://vocab.getty.edu/aat/300388277"", ""labels"": [{""id"": ""39e49408-de39-44db-a191-fe36a5f04cfc"", ""value"": ""English (language)"", ""language_id"": ""en"", ""list_item_id"": ""38729dbe-6d1c-48ce-bf47-e2a18945600e"", ""valuetype_id"": ""prefLabel""}], ""list_id"": ""f7fc4f6d-fd46-4881-846f-4a08bc1a3fef""}]"
2c536ba3-8a99-401f-88e4-92c38f1cd8a7,36956e50-d770-11ef-8f5d-0275dc2ded29,166c7b56-b36e-4cfa-9dc0-7d232f147d69,1,c9cf7eba-fd23-491c-a68b-362e7314525b,"{""en"": {""value"": ""Apsaras Medicine Chain Store, Gansu Province"", ""direction"": ""ltr""}}","[{""uri"": ""http://vocab.getty.edu/aat/300404670"", ""labels"": [{""id"": ""b379db2b-3066-4a46-8e8d-f70ad539323e"", ""value"": ""preferred terms"", ""language_id"": ""en"", ""list_item_id"": ""5f400d39-3b6b-4b8a-939b-4e49787c7444"", ""valuetype_id"": ""prefLabel""}], ""list_id"": ""80028d07-9c98-48cf-84db-f77bc01c8bbc""}]","[{""uri"": ""http://vocab.getty.edu/aat/300388277"", ""labels"": [{""id"": ""39e49408-de39-44db-a191-fe36a5f04cfc"", ""value"": ""English (language)"", ""language_id"": ""en"", ""list_item_id"": ""38729dbe-6d1c-48ce-bf47-e2a18945600e"", ""valuetype_id"": ""prefLabel""}], ""list_id"": ""f7fc4f6d-fd46-4881-846f-4a08bc1a3fef""}]"
a37bc5a6-4463-476f-b5a6-15c04c173fec,36956e50-d770-11ef-8f5d-0275dc2ded29,166c7b56-b36e-4cfa-9dc0-7d232f147d69,1,3f263c0c-99a1-4d68-a3b1-95604966f76d,"{""en"": {""value"": ""Stanford Mall"", ""direction"": ""ltr""}}","[{""uri"": ""http://vocab.getty.edu/aat/300404670"", ""labels"": [{""id"": ""b379db2b-3066-4a46-8e8d-f70ad539323e"", ""value"": ""preferred terms"", ""language_id"": ""en"", ""list_item_id"": ""5f400d39-3b6b-4b8a-939b-4e49787c7444"", ""valuetype_id"": ""prefLabel""}], ""list_id"": ""80028d07-9c98-48cf-84db-f77bc01c8bbc""}]","[{""uri"": ""http://vocab.getty.edu/aat/300388277"", ""labels"": [{""id"": ""39e49408-de39-44db-a191-fe36a5f04cfc"", ""value"": ""English (language)"", ""language_id"": ""en"", ""list_item_id"": ""38729dbe-6d1c-48ce-bf47-e2a18945600e"", ""valuetype_id"": ""prefLabel""}], ""list_id"": ""f7fc4f6d-fd46-4881-846f-4a08bc1a3fef""}]"
e1e777bd-fdc4-4fbf-bf69-0660929b8d80,36956e50-d770-11ef-8f5d-0275dc2ded29,166c7b56-b36e-4cfa-9dc0-7d232f147d69,1,3d8e9bc2-130a-43ef-9761-893f2f9866eb,"{""en"": {""value"": ""Haloid Co."", ""direction"": ""ltr""}}","[{""uri"": ""http://vocab.getty.edu/aat/300404670"", ""labels"": [{""id"": ""b379db2b-3066-4a46-8e8d-f70ad539323e"", ""value"": ""preferred terms"", ""language_id"": ""en"", ""list_item_id"": ""5f400d39-3b6b-4b8a-939b-4e49787c7444"", ""valuetype_id"": ""prefLabel""}], ""list_id"": ""80028d07-9c98-48cf-84db-f77bc01c8bbc""}]","[{""uri"": ""http://vocab.getty.edu/aat/300388277"", ""labels"": [{""id"": ""39e49408-de39-44db-a191-fe36a5f04cfc"", ""value"": ""English (language)"", ""language_id"": ""en"", ""list_item_id"": ""38729dbe-6d1c-48ce-bf47-e2a18945600e"", ""valuetype_id"": ""prefLabel""}], ""list_id"": ""f7fc4f6d-fd46-4881-846f-4a08bc1a3fef""}]"
7a244560-de53-4933-b764-30e180885092,36956e50-d770-11ef-8f5d-0275dc2ded29,166c7b56-b36e-4cfa-9dc0-7d232f147d69,1,8baa68f1-a439-44d4-b978-7033cfa966dc,"{""en"": {""value"": ""Kibbutz Yad Mordechai"", ""direction"": ""ltr""}}","[{""uri"": ""http://vocab.getty.edu/aat/300404670"", ""labels"": [{""id"": ""b379db2b-3066-4a46-8e8d-f70ad539323e"", ""value"": ""preferred terms"", ""language_id"": ""en"", ""list_item_id"": ""5f400d39-3b6b-4b8a-939b-4e49787c7444"", ""valuetype_id"": ""prefLabel""}], ""list_id"": ""80028d07-9c98-48cf-84db-f77bc01c8bbc""}]","[{""uri"": ""http://vocab.getty.edu/aat/300388277"", ""labels"": [{""id"": ""39e49408-de39-44db-a191-fe36a5f04cfc"", ""value"": ""English (language)"", ""language_id"": ""en"", ""list_item_id"": ""38729dbe-6d1c-48ce-bf47-e2a18945600e"", ""valuetype_id"": ""prefLabel""}], ""list_id"": ""f7fc4f6d-fd46-4881-846f-4a08bc1a3fef""}]"
a76769a1-9291-4cce-bef0-ee9c5808ae6c,36956e50-d770-11ef-8f5d-0275dc2ded29,166c7b56-b36e-4cfa-9dc0-7d232f147d69,1,eb2f93bd-660b-40c3-bdc6-625c8727f9bd,"{""en"": {""value"": ""Royal"", ""direction"": ""ltr""}}","[{""uri"": ""http://vocab.getty.edu/aat/300404670"", ""labels"": [{""id"": ""b379db2b-3066-4a46-8e8d-f70ad539323e"", ""value"": ""preferred terms"", ""language_id"": ""en"", ""list_item_id"": ""5f400d39-3b6b-4b8a-939b-4e49787c7444"", ""valuetype_id"": ""prefLabel""}], ""list_id"": ""80028d07-9c98-48cf-84db-f77bc01c8bbc""}]","[{""uri"": ""http://vocab.getty.edu/aat/300388277"", ""labels"": [{""id"": ""39e49408-de39-44db-a191-fe36a5f04cfc"", ""value"": ""English (language)"", ""language_id"": ""en"", ""list_item_id"": ""38729dbe-6d1c-48ce-bf47-e2a18945600e"", ""valuetype_id"": ""prefLabel""}], ""list_id"": ""f7fc4f6d-fd46-4881-846f-4a08bc1a3fef""}]"
2bada6e0-4ab6-409d-9391-9f20ff47fd48,36956e50-d770-11ef-8f5d-0275dc2ded29,166c7b56-b36e-4cfa-9dc0-7d232f147d69,1,ebf317c1-1183-4c2c-b7f8-a39792c8213f,"{""en"": {""value"": ""Hopkin & Williams, Ltd."", ""direction"": ""ltr""}}","[{""uri"": ""http://vocab.getty.edu/aat/300404670"", ""labels"": [{""id"": ""b379db2b-3066-4a46-8e8d-f70ad539323e"", ""value"": ""preferred terms"", ""language_id"": ""en"", ""list_item_id"": ""5f400d39-3b6b-4b8a-939b-4e49787c7444"", ""valuetype_id"": ""prefLabel""}], ""list_id"": ""80028d07-9c98-48cf-84db-f77bc01c8bbc""}]","[{""uri"": ""http://vocab.getty.edu/aat/300388277"", ""labels"": [{""id"": ""39e49408-de39-44db-a191-fe36a5f04cfc"", ""value"": ""English (language)"", ""language_id"": ""en"", ""list_item_id"": ""38729dbe-6d1c-48ce-bf47-e2a18945600e"", ""valuetype_id"": ""prefLabel""}], ""list_id"": ""f7fc4f6d-fd46-4881-846f-4a08bc1a3fef""}]"
840b12d6-8a2e-4204-950c-f0211d93e6c8,36956e50-d770-11ef-8f5d-0275dc2ded29,166c7b56-b36e-4cfa-9dc0-7d232f147d69,1,fe1cb9e5-203b-497c-92d9-3c12bf4e6bdc,"{""en"": {""value"": ""Arathoon Sons"", ""direction"": ""ltr""}}","[{""uri"": ""http://vocab.getty.edu/aat/300404670"", ""labels"": [{""id"": ""b379db2b-3066-4a46-8e8d-f70ad539323e"", ""value"": ""preferred terms"", ""language_id"": ""en"", ""list_item_id"": ""5f400d39-3b6b-4b8a-939b-4e49787c7444"", ""valuetype_id"": ""prefLabel""}], ""list_id"": ""80028d07-9c98-48cf-84db-f77bc01c8bbc""}]","[{""uri"": ""http://vocab.getty.edu/aat/300388277"", ""labels"": [{""id"": ""39e49408-de39-44db-a191-fe36a5f04cfc"", ""value"": ""English (language)"", ""language_id"": ""en"", ""list_item_id"": ""38729dbe-6d1c-48ce-bf47-e2a18945600e"", ""valuetype_id"": ""prefLabel""}], ""list_id"": ""f7fc4f6d-fd46-4881-846f-4a08bc1a3fef""}]"
f47d0b34-cdad-4eec-b81e-65c20b14672c,36956e50-d770-11ef-8f5d-0275dc2ded29,166c7b56-b36e-4cfa-9dc0-7d232f147d69,1,c11fabab-cfe3-40bc-95de-3f45da981416,"{""en"": {""value"": ""Panda Water Colour"", ""direction"": ""ltr""}}","[{""uri"": ""http://vocab.getty.edu/aat/300404670"", ""labels"": [{""id"": ""b379db2b-3066-4a46-8e8d-f70ad539323e"", ""value"": ""preferred terms"", ""language_id"": ""en"", ""list_item_id"": ""5f400d39-3b6b-4b8a-939b-4e49787c7444"", ""valuetype_id"": ""prefLabel""}], ""list_id"": ""80028d07-9c98-48cf-84db-f77bc01c8bbc""}]","[{""uri"": ""http://vocab.getty.edu/aat/300388277"", ""labels"": [{""id"": ""39e49408-de39-44db-a191-fe36a5f04cfc"", ""value"": ""English (language)"", ""language_id"": ""en"", ""list_item_id"": ""38729dbe-6d1c-48ce-bf47-e2a18945600e"", ""valuetype_id"": ""prefLabel""}], ""list_id"": ""f7fc4f6d-fd46-4881-846f-4a08bc1a3fef""}]"
45e9f65c-1a05-4233-a188-4c5784a56bc4,36956e50-d770-11ef-8f5d-0275dc2ded29,166c7b56-b36e-4cfa-9dc0-7d232f147d69,1,f9fc7433-58ab-4a45-8514-756037fad251,"{""en"": {""value"": ""Kremer Pigments Inc."", ""direction"": ""ltr""}}","[{""uri"": ""http://vocab.getty.edu/aat/300404670"", ""labels"": [{""id"": ""b379db2b-3066-4a46-8e8d-f70ad539323e"", ""value"": ""preferred terms"", ""language_id"": ""en"", ""list_item_id"": ""5f400d39-3b6b-4b8a-939b-4e49787c7444"", ""valuetype_id"": ""prefLabel""}], ""list_id"": ""80028d07-9c98-48cf-84db-f77bc01c8bbc""}]","[{""uri"": ""http://vocab.getty.edu/aat/300388277"", ""labels"": [{""id"": ""39e49408-de39-44db-a191-fe36a5f04cfc"", ""value"": ""English (language)"", ""language_id"": ""en"", ""list_item_id"": ""38729dbe-6d1c-48ce-bf47-e2a18945600e"", ""valuetype_id"": ""prefLabel""}], ""list_id"": ""f7fc4f6d-fd46-4881-846f-4a08bc1a3fef""}]"
f5a20939-4eb2-48c8-bbc0-c2ad3332d94d,36956e50-d770-11ef-8f5d-0275dc2ded29,166c7b56-b36e-4cfa-9dc0-7d232f147d69,1,6d340da8-f7aa-4091-9522-ffa1dcd269e9,"{""en"": {""value"": ""A.J. Van der Linde"", ""direction"": ""ltr""}}","[{""uri"": ""http://vocab.getty.edu/aat/300404670"", ""labels"": [{""id"": ""b379db2b-3066-4a46-8e8d-f70ad539323e"", ""value"": ""preferred terms"", ""language_id"": ""en"", ""list_item_id"": ""5f400d39-3b6b-4b8a-939b-4e49787c7444"", ""valuetype_id"": ""prefLabel""}], ""list_id"": ""80028d07-9c98-48cf-84db-f77bc01c8bbc""}]","[{""uri"": ""http://vocab.getty.edu/aat/300388277"", ""labels"": [{""id"": ""39e49408-de39-44db-a191-fe36a5f04cfc"", ""value"": ""English (language)"", ""language_id"": ""en"", ""list_item_id"": ""38729dbe-6d1c-48ce-bf47-e2a18945600e"", ""valuetype_id"": ""prefLabel""}], ""list_id"": ""f7fc4f6d-fd46-4881-846f-4a08bc1a3fef""}]"
49d30f3f-109c-4a89-ae3f-a7e0ef1dbca7,36956e50-d770-11ef-8f5d-0275dc2ded29,166c7b56-b36e-4cfa-9dc0-7d232f147d69,1,5cd48691-ecae-4d26-a8c1-a8673131cf10,"{""en"": {""value"": ""Renaissance Oil Painting Mediums"", ""direction"": ""ltr""}}","[{""uri"": ""http://vocab.getty.edu/aat/300404670"", ""labels"": [{""id"": ""b379db2b-3066-4a46-8e8d-f70ad539323e"", ""value"": ""preferred terms"", ""language_id"": ""en"", ""list_item_id"": ""5f400d39-3b6b-4b8a-939b-4e49787c7444"", ""valuetype_id"": ""prefLabel""}], ""list_id"": ""80028d07-9c98-48cf-84db-f77bc01c8bbc""}]","[{""uri"": ""http://vocab.getty.edu/aat/300388277"", ""labels"": [{""id"": ""39e49408-de39-44db-a191-fe36a5f04cfc"", ""value"": ""English (language)"", ""language_id"": ""en"", ""list_item_id"": ""38729dbe-6d1c-48ce-bf47-e2a18945600e"", ""valuetype_id"": ""prefLabel""}], ""list_id"": ""f7fc4f6d-fd46-4881-846f-4a08bc1a3fef""}]"
687e9366-c89f-4a82-bf71-5b7d4b6bcb9a,36956e50-d770-11ef-8f5d-0275dc2ded29,166c7b56-b36e-4cfa-9dc0-7d232f147d69,1,748feca8-3e08-4067-9aef-884f18837314,"{""en"": {""value"": ""Union Carbide"", ""direction"": ""ltr""}}","[{""uri"": ""http://vocab.getty.edu/aat/300404670"", ""labels"": [{""id"": ""b379db2b-3066-4a46-8e8d-f70ad539323e"", ""value"": ""preferred terms"", ""language_id"": ""en"", ""list_item_id"": ""5f400d39-3b6b-4b8a-939b-4e49787c7444"", ""valuetype_id"": ""prefLabel""}], ""list_id"": ""80028d07-9c98-48cf-84db-f77bc01c8bbc""}]","[{""uri"": ""http://vocab.getty.edu/aat/300388277"", ""labels"": [{""id"": ""39e49408-de39-44db-a191-fe36a5f04cfc"", ""value"": ""English (language)"", ""language_id"": ""en"", ""list_item_id"": ""38729dbe-6d1c-48ce-bf47-e2a18945600e"", ""valuetype_id"": ""prefLabel""}], ""list_id"": ""f7fc4f6d-fd46-4881-846f-4a08bc1a3fef""}]"
ec48d94e-0d9f-4e56-bc7e-33b6bdbfa984,36956e50-d770-11ef-8f5d-0275dc2ded29,166c7b56-b36e-4cfa-9dc0-7d232f147d69,1,217ad0a4-efbd-4bc6-9c63-6802d8a39551,"{""en"": {""value"": ""Zone VI"", ""direction"": ""ltr""}}","[{""uri"": ""http://vocab.getty.edu/aat/300404670"", ""labels"": [{""id"": ""b379db2b-3066-4a46-8e8d-f70ad539323e"", ""value"": ""preferred terms"", ""language_id"": ""en"", ""list_item_id"": ""5f400d39-3b6b-4b8a-939b-4e49787c7444"", ""valuetype_id"": ""prefLabel""}], ""list_id"": ""80028d07-9c98-48cf-84db-f77bc01c8bbc""}]","[{""uri"": ""http://vocab.getty.edu/aat/300388277"", ""labels"": [{""id"": ""39e49408-de39-44db-a191-fe36a5f04cfc"", ""value"": ""English (language)"", ""language_id"": ""en"", ""list_item_id"": ""38729dbe-6d1c-48ce-bf47-e2a18945600e"", ""valuetype_id"": ""prefLabel""}], ""list_id"": ""f7fc4f6d-fd46-4881-846f-4a08bc1a3fef""}]"
a59b1b56-fa5c-45ed-a886-26b782d026e5,36956e50-d770-11ef-8f5d-0275dc2ded29,166c7b56-b36e-4cfa-9dc0-7d232f147d69,1,2208c851-2364-457a-9aba-a1eed18a3ef6,"{""en"": {""value"": ""Wen Zao shopping center, Beijing"", ""direction"": ""ltr""}}","[{""uri"": ""http://vocab.getty.edu/aat/300404670"", ""labels"": [{""id"": ""b379db2b-3066-4a46-8e8d-f70ad539323e"", ""value"": ""preferred terms"", ""language_id"": ""en"", ""list_item_id"": ""5f400d39-3b6b-4b8a-939b-4e49787c7444"", ""valuetype_id"": ""prefLabel""}], ""list_id"": ""80028d07-9c98-48cf-84db-f77bc01c8bbc""}]","[{""uri"": ""http://vocab.getty.edu/aat/300388277"", ""labels"": [{""id"": ""39e49408-de39-44db-a191-fe36a5f04cfc"", ""value"": ""English (language)"", ""language_id"": ""en"", ""list_item_id"": ""38729dbe-6d1c-48ce-bf47-e2a18945600e"", ""valuetype_id"": ""prefLabel""}], ""list_id"": ""f7fc4f6d-fd46-4881-846f-4a08bc1a3fef""}]"
a2653685-d579-4c87-b53c-b68b2bfa9e2d,36956e50-d770-11ef-8f5d-0275dc2ded29,166c7b56-b36e-4cfa-9dc0-7d232f147d69,1,146919d4-35a6-4483-b640-0dbe04528e07,"{""en"": {""value"": ""Rich Art Color, Inc."", ""direction"": ""ltr""}}","[{""uri"": ""http://vocab.getty.edu/aat/300404670"", ""labels"": [{""id"": ""b379db2b-3066-4a46-8e8d-f70ad539323e"", ""value"": ""preferred terms"", ""language_id"": ""en"", ""list_item_id"": ""5f400d39-3b6b-4b8a-939b-4e49787c7444"", ""valuetype_id"": ""prefLabel""}], ""list_id"": ""80028d07-9c98-48cf-84db-f77bc01c8bbc""}]","[{""uri"": ""http://vocab.getty.edu/aat/300388277"", ""labels"": [{""id"": ""39e49408-de39-44db-a191-fe36a5f04cfc"", ""value"": ""English (language)"", ""language_id"": ""en"", ""list_item_id"": ""38729dbe-6d1c-48ce-bf47-e2a18945600e"", ""valuetype_id"": ""prefLabel""}], ""list_id"": ""f7fc4f6d-fd46-4881-846f-4a08bc1a3fef""}]"
6e399e12-18e7-4433-b8a0-fe61452d2d11,36956e50-d770-11ef-8f5d-0275dc2ded29,166c7b56-b36e-4cfa-9dc0-7d232f147d69,1,dbb9bc81-3bb4-4164-adb6-2e846bc798c6,"{""en"": {""value"": ""Durable Arts"", ""direction"": ""ltr""}}","[{""uri"": ""http://vocab.getty.edu/aat/300404670"", ""labels"": [{""id"": ""b379db2b-3066-4a46-8e8d-f70ad539323e"", ""value"": ""preferred terms"", ""language_id"": ""en"", ""list_item_id"": ""5f400d39-3b6b-4b8a-939b-4e49787c7444"", ""valuetype_id"": ""prefLabel""}], ""list_id"": ""80028d07-9c98-48cf-84db-f77bc01c8bbc""}]","[{""uri"": ""http://vocab.getty.edu/aat/300388277"", ""labels"": [{""id"": ""39e49408-de39-44db-a191-fe36a5f04cfc"", ""value"": ""English (language)"", ""language_id"": ""en"", ""list_item_id"": ""38729dbe-6d1c-48ce-bf47-e2a18945600e"", ""valuetype_id"": ""prefLabel""}], ""list_id"": ""f7fc4f6d-fd46-4881-846f-4a08bc1a3fef""}]"
b6a9cdbf-7b5d-49c3-9d22-1f32b1394b81,36956e50-d770-11ef-8f5d-0275dc2ded29,166c7b56-b36e-4cfa-9dc0-7d232f147d69,1,a4b19f34-d583-4eac-a7c7-26b8a3b017f6,"{""en"": {""value"": ""Konica Minolta Photo Imaging, Inc."", ""direction"": ""ltr""}}","[{""uri"": ""http://vocab.getty.edu/aat/300404670"", ""labels"": [{""id"": ""b379db2b-3066-4a46-8e8d-f70ad539323e"", ""value"": ""preferred terms"", ""language_id"": ""en"", ""list_item_id"": ""5f400d39-3b6b-4b8a-939b-4e49787c7444"", ""valuetype_id"": ""prefLabel""}], ""list_id"": ""80028d07-9c98-48cf-84db-f77bc01c8bbc""}]","[{""uri"": ""http://vocab.getty.edu/aat/300388277"", ""labels"": [{""id"": ""39e49408-de39-44db-a191-fe36a5f04cfc"", ""value"": ""English (language)"", ""language_id"": ""en"", ""list_item_id"": ""38729dbe-6d1c-48ce-bf47-e2a18945600e"", ""valuetype_id"": ""prefLabel""}], ""list_id"": ""f7fc4f6d-fd46-4881-846f-4a08bc1a3fef""}]"
724a35b5-4c45-4e71-a4a1-a3b8362c4a4a,36956e50-d770-11ef-8f5d-0275dc2ded29,166c7b56-b36e-4cfa-9dc0-7d232f147d69,1,90352940-ba17-455a-a678-ee12778411e1,"{""en"": {""value"": ""Pebeo"", ""direction"": ""ltr""}}","[{""uri"": ""http://vocab.getty.edu/aat/300404670"", ""labels"": [{""id"": ""b379db2b-3066-4a46-8e8d-f70ad539323e"", ""value"": ""preferred terms"", ""language_id"": ""en"", ""list_item_id"": ""5f400d39-3b6b-4b8a-939b-4e49787c7444"", ""valuetype_id"": ""prefLabel""}], ""list_id"": ""80028d07-9c98-48cf-84db-f77bc01c8bbc""}]","[{""uri"": ""http://vocab.getty.edu/aat/300388277"", ""labels"": [{""id"": ""39e49408-de39-44db-a191-fe36a5f04cfc"", ""value"": ""English (language)"", ""language_id"": ""en"", ""list_item_id"": ""38729dbe-6d1c-48ce-bf47-e2a18945600e"", ""valuetype_id"": ""prefLabel""}], ""list_id"": ""f7fc4f6d-fd46-4881-846f-4a08bc1a3fef""}]"
1fc06a29-eadb-4254-a396-a60cd10086d4,36956e50-d770-11ef-8f5d-0275dc2ded29,166c7b56-b36e-4cfa-9dc0-7d232f147d69,1,27d8f768-925c-43ad-bf23-1994ce1506bc,"{""en"": {""value"": ""Su Bomin, Dunhuang Academy"", ""direction"": ""ltr""}}","[{""uri"": ""http://vocab.getty.edu/aat/300404670"", ""labels"": [{""id"": ""b379db2b-3066-4a46-8e8d-f70ad539323e"", ""value"": ""preferred terms"", ""language_id"": ""en"", ""list_item_id"": ""5f400d39-3b6b-4b8a-939b-4e49787c7444"", ""valuetype_id"": ""prefLabel""}], ""list_id"": ""80028d07-9c98-48cf-84db-f77bc01c8bbc""}]","[{""uri"": ""http://vocab.getty.edu/aat/300388277"", ""labels"": [{""id"": ""39e49408-de39-44db-a191-fe36a5f04cfc"", ""value"": ""English (language)"", ""language_id"": ""en"", ""list_item_id"": ""38729dbe-6d1c-48ce-bf47-e2a18945600e"", ""valuetype_id"": ""prefLabel""}], ""list_id"": ""f7fc4f6d-fd46-4881-846f-4a08bc1a3fef""}]"
2bff788a-ee3c-4e92-a4cb-39ffffb8427a,36956e50-d770-11ef-8f5d-0275dc2ded29,166c7b56-b36e-4cfa-9dc0-7d232f147d69,1,343c258f-9ac5-4f7e-8df5-c4e51b66be04,"{""en"": {""value"": ""Overton Labs for Durachem"", ""direction"": ""ltr""}}","[{""uri"": ""http://vocab.getty.edu/aat/300404670"", ""labels"": [{""id"": ""b379db2b-3066-4a46-8e8d-f70ad539323e"", ""value"": ""preferred terms"", ""language_id"": ""en"", ""list_item_id"": ""5f400d39-3b6b-4b8a-939b-4e49787c7444"", ""valuetype_id"": ""prefLabel""}], ""list_id"": ""80028d07-9c98-48cf-84db-f77bc01c8bbc""}]","[{""uri"": ""http://vocab.getty.edu/aat/300388277"", ""labels"": [{""id"": ""39e49408-de39-44db-a191-fe36a5f04cfc"", ""value"": ""English (language)"", ""language_id"": ""en"", ""list_item_id"": ""38729dbe-6d1c-48ce-bf47-e2a18945600e"", ""valuetype_id"": ""prefLabel""}], ""list_id"": ""f7fc4f6d-fd46-4881-846f-4a08bc1a3fef""}]"
a51be9e5-9117-42bc-825a-5c45779ed308,36956e50-d770-11ef-8f5d-0275dc2ded29,166c7b56-b36e-4cfa-9dc0-7d232f147d69,1,a405c247-43d4-4f65-a2b9-3b7ff58b395b,"{""en"": {""value"": ""AP Fitzpatrick"", ""direction"": ""ltr""}}","[{""uri"": ""http://vocab.getty.edu/aat/300404670"", ""labels"": [{""id"": ""b379db2b-3066-4a46-8e8d-f70ad539323e"", ""value"": ""preferred terms"", ""language_id"": ""en"", ""list_item_id"": ""5f400d39-3b6b-4b8a-939b-4e49787c7444"", ""valuetype_id"": ""prefLabel""}], ""list_id"": ""80028d07-9c98-48cf-84db-f77bc01c8bbc""}]","[{""uri"": ""http://vocab.getty.edu/aat/300388277"", ""labels"": [{""id"": ""39e49408-de39-44db-a191-fe36a5f04cfc"", ""value"": ""English (language)"", ""language_id"": ""en"", ""list_item_id"": ""38729dbe-6d1c-48ce-bf47-e2a18945600e"", ""valuetype_id"": ""prefLabel""}], ""list_id"": ""f7fc4f6d-fd46-4881-846f-4a08bc1a3fef""}]"
af25e73a-ffb9-4064-a7af-6b05353e00ff,36956e50-d770-11ef-8f5d-0275dc2ded29,166c7b56-b36e-4cfa-9dc0-7d232f147d69,1,d04a9e38-282b-4b79-bee1-849e4bad5291,"{""en"": {""value"": ""Bender Hobein"", ""direction"": ""ltr""}}","[{""uri"": ""http://vocab.getty.edu/aat/300404670"", ""labels"": [{""id"": ""b379db2b-3066-4a46-8e8d-f70ad539323e"", ""value"": ""preferred terms"", ""language_id"": ""en"", ""list_item_id"": ""5f400d39-3b6b-4b8a-939b-4e49787c7444"", ""valuetype_id"": ""prefLabel""}], ""list_id"": ""80028d07-9c98-48cf-84db-f77bc01c8bbc""}]","[{""uri"": ""http://vocab.getty.edu/aat/300388277"", ""labels"": [{""id"": ""39e49408-de39-44db-a191-fe36a5f04cfc"", ""value"": ""English (language)"", ""language_id"": ""en"", ""list_item_id"": ""38729dbe-6d1c-48ce-bf47-e2a18945600e"", ""valuetype_id"": ""prefLabel""}], ""list_id"": ""f7fc4f6d-fd46-4881-846f-4a08bc1a3fef""}]"
7cfd7442-f321-4b01-b6d0-b3f494b386ca,36956e50-d770-11ef-8f5d-0275dc2ded29,166c7b56-b36e-4cfa-9dc0-7d232f147d69,1,4483a095-157e-4fd1-b0ac-d577a0298574,"{""en"": {""value"": ""UnconventionalLapidarist.com"", ""direction"": ""ltr""}}","[{""uri"": ""http://vocab.getty.edu/aat/300404670"", ""labels"": [{""id"": ""b379db2b-3066-4a46-8e8d-f70ad539323e"", ""value"": ""preferred terms"", ""language_id"": ""en"", ""list_item_id"": ""5f400d39-3b6b-4b8a-939b-4e49787c7444"", ""valuetype_id"": ""prefLabel""}], ""list_id"": ""80028d07-9c98-48cf-84db-f77bc01c8bbc""}]","[{""uri"": ""http://vocab.getty.edu/aat/300388277"", ""labels"": [{""id"": ""39e49408-de39-44db-a191-fe36a5f04cfc"", ""value"": ""English (language)"", ""language_id"": ""en"", ""list_item_id"": ""38729dbe-6d1c-48ce-bf47-e2a18945600e"", ""valuetype_id"": ""prefLabel""}], ""list_id"": ""f7fc4f6d-fd46-4881-846f-4a08bc1a3fef""}]"
f69b5738-2625-49dc-9005-63c865e02515,36956e50-d770-11ef-8f5d-0275dc2ded29,166c7b56-b36e-4cfa-9dc0-7d232f147d69,1,e604ac59-6d95-4b0f-af75-02f8eea99f24,"{""en"": {""value"": ""Fred Aldous Ltd"", ""direction"": ""ltr""}}","[{""uri"": ""http://vocab.getty.edu/aat/300404670"", ""labels"": [{""id"": ""b379db2b-3066-4a46-8e8d-f70ad539323e"", ""value"": ""preferred terms"", ""language_id"": ""en"", ""list_item_id"": ""5f400d39-3b6b-4b8a-939b-4e49787c7444"", ""valuetype_id"": ""prefLabel""}], ""list_id"": ""80028d07-9c98-48cf-84db-f77bc01c8bbc""}]","[{""uri"": ""http://vocab.getty.edu/aat/300388277"", ""labels"": [{""id"": ""39e49408-de39-44db-a191-fe36a5f04cfc"", ""value"": ""English (language)"", ""language_id"": ""en"", ""list_item_id"": ""38729dbe-6d1c-48ce-bf47-e2a18945600e"", ""valuetype_id"": ""prefLabel""}], ""list_id"": ""f7fc4f6d-fd46-4881-846f-4a08bc1a3fef""}]"
fd1ad71b-8296-44d6-8ff5-80f4fa3bb9a7,36956e50-d770-11ef-8f5d-0275dc2ded29,166c7b56-b36e-4cfa-9dc0-7d232f147d69,1,400d7bd4-5d48-419f-aa8a-1876304076fb,"{""en"": {""value"": ""J. Portell"", ""direction"": ""ltr""}}","[{""uri"": ""http://vocab.getty.edu/aat/300404670"", ""labels"": [{""id"": ""b379db2b-3066-4a46-8e8d-f70ad539323e"", ""value"": ""preferred terms"", ""language_id"": ""en"", ""list_item_id"": ""5f400d39-3b6b-4b8a-939b-4e49787c7444"", ""valuetype_id"": ""prefLabel""}], ""list_id"": ""80028d07-9c98-48cf-84db-f77bc01c8bbc""}]","[{""uri"": ""http://vocab.getty.edu/aat/300388277"", ""labels"": [{""id"": ""39e49408-de39-44db-a191-fe36a5f04cfc"", ""value"": ""English (language)"", ""language_id"": ""en"", ""list_item_id"": ""38729dbe-6d1c-48ce-bf47-e2a18945600e"", ""valuetype_id"": ""prefLabel""}], ""list_id"": ""f7fc4f6d-fd46-4881-846f-4a08bc1a3fef""}]"
176b13c5-8d38-4058-9174-722b90eec875,36956e50-d770-11ef-8f5d-0275dc2ded29,166c7b56-b36e-4cfa-9dc0-7d232f147d69,1,6ca44a55-4566-4d10-bfdd-937e4ea3b9e1,"{""en"": {""value"": ""LA Office Supply Store"", ""direction"": ""ltr""}}","[{""uri"": ""http://vocab.getty.edu/aat/300404670"", ""labels"": [{""id"": ""b379db2b-3066-4a46-8e8d-f70ad539323e"", ""value"": ""preferred terms"", ""language_id"": ""en"", ""list_item_id"": ""5f400d39-3b6b-4b8a-939b-4e49787c7444"", ""valuetype_id"": ""prefLabel""}], ""list_id"": ""80028d07-9c98-48cf-84db-f77bc01c8bbc""}]","[{""uri"": ""http://vocab.getty.edu/aat/300388277"", ""labels"": [{""id"": ""39e49408-de39-44db-a191-fe36a5f04cfc"", ""value"": ""English (language)"", ""language_id"": ""en"", ""list_item_id"": ""38729dbe-6d1c-48ce-bf47-e2a18945600e"", ""valuetype_id"": ""prefLabel""}], ""list_id"": ""f7fc4f6d-fd46-4881-846f-4a08bc1a3fef""}]"
8209a745-48bb-40b9-9cbd-c3a7c8c12d87,36956e50-d770-11ef-8f5d-0275dc2ded29,166c7b56-b36e-4cfa-9dc0-7d232f147d69,1,81f9a899-5a4e-48da-a3c9-f6a8b86252b4,"{""en"": {""value"": ""Arches"", ""direction"": ""ltr""}}","[{""uri"": ""http://vocab.getty.edu/aat/300404670"", ""labels"": [{""id"": ""b379db2b-3066-4a46-8e8d-f70ad539323e"", ""value"": ""preferred terms"", ""language_id"": ""en"", ""list_item_id"": ""5f400d39-3b6b-4b8a-939b-4e49787c7444"", ""valuetype_id"": ""prefLabel""}], ""list_id"": ""80028d07-9c98-48cf-84db-f77bc01c8bbc""}]","[{""uri"": ""http://vocab.getty.edu/aat/300388277"", ""labels"": [{""id"": ""39e49408-de39-44db-a191-fe36a5f04cfc"", ""value"": ""English (language)"", ""language_id"": ""en"", ""list_item_id"": ""38729dbe-6d1c-48ce-bf47-e2a18945600e"", ""valuetype_id"": ""prefLabel""}], ""list_id"": ""f7fc4f6d-fd46-4881-846f-4a08bc1a3fef""}]"
69009c08-4abe-466c-9cff-51babf98ca7f,36956e50-d770-11ef-8f5d-0275dc2ded29,166c7b56-b36e-4cfa-9dc0-7d232f147d69,1,681d07fb-9fe9-4531-b178-8dc0b12da21e,"{""en"": {""value"": ""Asahi Kusakabe"", ""direction"": ""ltr""}}","[{""uri"": ""http://vocab.getty.edu/aat/300404670"", ""labels"": [{""id"": ""b379db2b-3066-4a46-8e8d-f70ad539323e"", ""value"": ""preferred terms"", ""language_id"": ""en"", ""list_item_id"": ""5f400d39-3b6b-4b8a-939b-4e49787c7444"", ""valuetype_id"": ""prefLabel""}], ""list_id"": ""80028d07-9c98-48cf-84db-f77bc01c8bbc""}]","[{""uri"": ""http://vocab.getty.edu/aat/300388277"", ""labels"": [{""id"": ""39e49408-de39-44db-a191-fe36a5f04cfc"", ""value"": ""English (language)"", ""language_id"": ""en"", ""list_item_id"": ""38729dbe-6d1c-48ce-bf47-e2a18945600e"", ""valuetype_id"": ""prefLabel""}], ""list_id"": ""f7fc4f6d-fd46-4881-846f-4a08bc1a3fef""}]"
0b58f422-281a-4cfe-b9cb-88fd80988323,36956e50-d770-11ef-8f5d-0275dc2ded29,166c7b56-b36e-4cfa-9dc0-7d232f147d69,1,e2b175b2-d127-4f8f-a1fb-11c09d368313,"{""en"": {""value"": ""Hercules Inc. (Aqualon div.)"", ""direction"": ""ltr""}}","[{""uri"": ""http://vocab.getty.edu/aat/300404670"", ""labels"": [{""id"": ""b379db2b-3066-4a46-8e8d-f70ad539323e"", ""value"": ""preferred terms"", ""language_id"": ""en"", ""list_item_id"": ""5f400d39-3b6b-4b8a-939b-4e49787c7444"", ""valuetype_id"": ""prefLabel""}], ""list_id"": ""80028d07-9c98-48cf-84db-f77bc01c8bbc""}]","[{""uri"": ""http://vocab.getty.edu/aat/300388277"", ""labels"": [{""id"": ""39e49408-de39-44db-a191-fe36a5f04cfc"", ""value"": ""English (language)"", ""language_id"": ""en"", ""list_item_id"": ""38729dbe-6d1c-48ce-bf47-e2a18945600e"", ""valuetype_id"": ""prefLabel""}], ""list_id"": ""f7fc4f6d-fd46-4881-846f-4a08bc1a3fef""}]"
5e965e4f-15c5-4bc0-90d3-c9c013b71993,36956e50-d770-11ef-8f5d-0275dc2ded29,166c7b56-b36e-4cfa-9dc0-7d232f147d69,1,8e6506c9-e2a8-4641-a497-3ab8afcce82b,"{""en"": {""value"": ""Old Delhi Chemical Market"", ""direction"": ""ltr""}}","[{""uri"": ""http://vocab.getty.edu/aat/300404670"", ""labels"": [{""id"": ""b379db2b-3066-4a46-8e8d-f70ad539323e"", ""value"": ""preferred terms"", ""language_id"": ""en"", ""list_item_id"": ""5f400d39-3b6b-4b8a-939b-4e49787c7444"", ""valuetype_id"": ""prefLabel""}], ""list_id"": ""80028d07-9c98-48cf-84db-f77bc01c8bbc""}]","[{""uri"": ""http://vocab.getty.edu/aat/300388277"", ""labels"": [{""id"": ""39e49408-de39-44db-a191-fe36a5f04cfc"", ""value"": ""English (language)"", ""language_id"": ""en"", ""list_item_id"": ""38729dbe-6d1c-48ce-bf47-e2a18945600e"", ""valuetype_id"": ""prefLabel""}], ""list_id"": ""f7fc4f6d-fd46-4881-846f-4a08bc1a3fef""}]"
e0e5122a-daf0-420d-ae6d-1b2d740191e8,36956e50-d770-11ef-8f5d-0275dc2ded29,166c7b56-b36e-4cfa-9dc0-7d232f147d69,1,0a86dfb3-9ff8-463b-9582-c74f312b6876,"{""en"": {""value"": ""Breitsamer Reineimkerspezialitaten"", ""direction"": ""ltr""}}","[{""uri"": ""http://vocab.getty.edu/aat/300404670"", ""labels"": [{""id"": ""b379db2b-3066-4a46-8e8d-f70ad539323e"", ""value"": ""preferred terms"", ""language_id"": ""en"", ""list_item_id"": ""5f400d39-3b6b-4b8a-939b-4e49787c7444"", ""valuetype_id"": ""prefLabel""}], ""list_id"": ""80028d07-9c98-48cf-84db-f77bc01c8bbc""}]","[{""uri"": ""http://vocab.getty.edu/aat/300388277"", ""labels"": [{""id"": ""39e49408-de39-44db-a191-fe36a5f04cfc"", ""value"": ""English (language)"", ""language_id"": ""en"", ""list_item_id"": ""38729dbe-6d1c-48ce-bf47-e2a18945600e"", ""valuetype_id"": ""prefLabel""}], ""list_id"": ""f7fc4f6d-fd46-4881-846f-4a08bc1a3fef""}]"
30a8f7cc-290c-4e9c-8e3d-3de6fffa9c3a,36956e50-d770-11ef-8f5d-0275dc2ded29,166c7b56-b36e-4cfa-9dc0-7d232f147d69,1,cb9432de-27de-4e56-98f6-6db10a7e2589,"{""en"": {""value"": ""L. Cornelissen & Son"", ""direction"": ""ltr""}}","[{""uri"": ""http://vocab.getty.edu/aat/300404670"", ""labels"": [{""id"": ""b379db2b-3066-4a46-8e8d-f70ad539323e"", ""value"": ""preferred terms"", ""language_id"": ""en"", ""list_item_id"": ""5f400d39-3b6b-4b8a-939b-4e49787c7444"", ""valuetype_id"": ""prefLabel""}], ""list_id"": ""80028d07-9c98-48cf-84db-f77bc01c8bbc""}]","[{""uri"": ""http://vocab.getty.edu/aat/300388277"", ""labels"": [{""id"": ""39e49408-de39-44db-a191-fe36a5f04cfc"", ""value"": ""English (language)"", ""language_id"": ""en"", ""list_item_id"": ""38729dbe-6d1c-48ce-bf47-e2a18945600e"", ""valuetype_id"": ""prefLabel""}], ""list_id"": ""f7fc4f6d-fd46-4881-846f-4a08bc1a3fef""}]"
1d28fa8e-2e59-448b-80a1-4557cd11081d,36956e50-d770-11ef-8f5d-0275dc2ded29,166c7b56-b36e-4cfa-9dc0-7d232f147d69,1,a8ed44bc-ab85-4563-a443-5666001534c9,"{""en"": {""value"": ""The Arbidar Co."", ""direction"": ""ltr""}}","[{""uri"": ""http://vocab.getty.edu/aat/300404670"", ""labels"": [{""id"": ""b379db2b-3066-4a46-8e8d-f70ad539323e"", ""value"": ""preferred terms"", ""language_id"": ""en"", ""list_item_id"": ""5f400d39-3b6b-4b8a-939b-4e49787c7444"", ""valuetype_id"": ""prefLabel""}], ""list_id"": ""80028d07-9c98-48cf-84db-f77bc01c8bbc""}]","[{""uri"": ""http://vocab.getty.edu/aat/300388277"", ""labels"": [{""id"": ""39e49408-de39-44db-a191-fe36a5f04cfc"", ""value"": ""English (language)"", ""language_id"": ""en"", ""list_item_id"": ""38729dbe-6d1c-48ce-bf47-e2a18945600e"", ""valuetype_id"": ""prefLabel""}], ""list_id"": ""f7fc4f6d-fd46-4881-846f-4a08bc1a3fef""}]"
2913af32-fd7b-47a7-981e-c2065c0dc85c,36956e50-d770-11ef-8f5d-0275dc2ded29,166c7b56-b36e-4cfa-9dc0-7d232f147d69,1,7fcd1be8-2b3f-44b8-99db-f6af9119df0e,"{""en"": {""value"": ""B.D.H."", ""direction"": ""ltr""}}","[{""uri"": ""http://vocab.getty.edu/aat/300404670"", ""labels"": [{""id"": ""b379db2b-3066-4a46-8e8d-f70ad539323e"", ""value"": ""preferred terms"", ""language_id"": ""en"", ""list_item_id"": ""5f400d39-3b6b-4b8a-939b-4e49787c7444"", ""valuetype_id"": ""prefLabel""}], ""list_id"": ""80028d07-9c98-48cf-84db-f77bc01c8bbc""}]","[{""uri"": ""http://vocab.getty.edu/aat/300388277"", ""labels"": [{""id"": ""39e49408-de39-44db-a191-fe36a5f04cfc"", ""value"": ""English (language)"", ""language_id"": ""en"", ""list_item_id"": ""38729dbe-6d1c-48ce-bf47-e2a18945600e"", ""valuetype_id"": ""prefLabel""}], ""list_id"": ""f7fc4f6d-fd46-4881-846f-4a08bc1a3fef""}]"
accd5007-3d58-45b8-8f54-876b070b4733,36956e50-d770-11ef-8f5d-0275dc2ded29,166c7b56-b36e-4cfa-9dc0-7d232f147d69,1,7753656f-a653-4e43-8d55-032326eca00e,"{""en"": {""value"": ""Argentus"", ""direction"": ""ltr""}}","[{""uri"": ""http://vocab.getty.edu/aat/300404670"", ""labels"": [{""id"": ""b379db2b-3066-4a46-8e8d-f70ad539323e"", ""value"": ""preferred terms"", ""language_id"": ""en"", ""list_item_id"": ""5f400d39-3b6b-4b8a-939b-4e49787c7444"", ""valuetype_id"": ""prefLabel""}], ""list_id"": ""80028d07-9c98-48cf-84db-f77bc01c8bbc""}]","[{""uri"": ""http://vocab.getty.edu/aat/300388277"", ""labels"": [{""id"": ""39e49408-de39-44db-a191-fe36a5f04cfc"", ""value"": ""English (language)"", ""language_id"": ""en"", ""list_item_id"": ""38729dbe-6d1c-48ce-bf47-e2a18945600e"", ""valuetype_id"": ""prefLabel""}], ""list_id"": ""f7fc4f6d-fd46-4881-846f-4a08bc1a3fef""}]"
7af3dd09-9f50-4d23-aaa8-46671fbff69b,36956e50-d770-11ef-8f5d-0275dc2ded29,166c7b56-b36e-4cfa-9dc0-7d232f147d69,1,17541fc5-c30b-4432-b383-8f6af49c4b55,"{""en"": {""value"": ""Findeisen"", ""direction"": ""ltr""}}","[{""uri"": ""http://vocab.getty.edu/aat/300404670"", ""labels"": [{""id"": ""b379db2b-3066-4a46-8e8d-f70ad539323e"", ""value"": ""preferred terms"", ""language_id"": ""en"", ""list_item_id"": ""5f400d39-3b6b-4b8a-939b-4e49787c7444"", ""valuetype_id"": ""prefLabel""}], ""list_id"": ""80028d07-9c98-48cf-84db-f77bc01c8bbc""}]","[{""uri"": ""http://vocab.getty.edu/aat/300388277"", ""labels"": [{""id"": ""39e49408-de39-44db-a191-fe36a5f04cfc"", ""value"": ""English (language)"", ""language_id"": ""en"", ""list_item_id"": ""38729dbe-6d1c-48ce-bf47-e2a18945600e"", ""valuetype_id"": ""prefLabel""}], ""list_id"": ""f7fc4f6d-fd46-4881-846f-4a08bc1a3fef""}]"
84e1e49f-cf2a-44af-afc7-326f418d27ba,36956e50-d770-11ef-8f5d-0275dc2ded29,166c7b56-b36e-4cfa-9dc0-7d232f147d69,1,d69c8505-9968-4110-be2b-6277b650a031,"{""en"": {""value"": ""Factory of Art Materials"", ""direction"": ""ltr""}}","[{""uri"": ""http://vocab.getty.edu/aat/300404670"", ""labels"": [{""id"": ""b379db2b-3066-4a46-8e8d-f70ad539323e"", ""value"": ""preferred terms"", ""language_id"": ""en"", ""list_item_id"": ""5f400d39-3b6b-4b8a-939b-4e49787c7444"", ""valuetype_id"": ""prefLabel""}], ""list_id"": ""80028d07-9c98-48cf-84db-f77bc01c8bbc""}]","[{""uri"": ""http://vocab.getty.edu/aat/300388277"", ""labels"": [{""id"": ""39e49408-de39-44db-a191-fe36a5f04cfc"", ""value"": ""English (language)"", ""language_id"": ""en"", ""list_item_id"": ""38729dbe-6d1c-48ce-bf47-e2a18945600e"", ""valuetype_id"": ""prefLabel""}], ""list_id"": ""f7fc4f6d-fd46-4881-846f-4a08bc1a3fef""}]"
39ee4fb1-7dbe-4020-8896-cb9c8a9a69da,36956e50-d770-11ef-8f5d-0275dc2ded29,166c7b56-b36e-4cfa-9dc0-7d232f147d69,1,112a9edf-67c5-41fb-9d13-31ec8218502c,"{""en"": {""value"": ""Freestyle Photo"", ""direction"": ""ltr""}}","[{""uri"": ""http://vocab.getty.edu/aat/300404670"", ""labels"": [{""id"": ""b379db2b-3066-4a46-8e8d-f70ad539323e"", ""value"": ""preferred terms"", ""language_id"": ""en"", ""list_item_id"": ""5f400d39-3b6b-4b8a-939b-4e49787c7444"", ""valuetype_id"": ""prefLabel""}], ""list_id"": ""80028d07-9c98-48cf-84db-f77bc01c8bbc""}]","[{""uri"": ""http://vocab.getty.edu/aat/300388277"", ""labels"": [{""id"": ""39e49408-de39-44db-a191-fe36a5f04cfc"", ""value"": ""English (language)"", ""language_id"": ""en"", ""list_item_id"": ""38729dbe-6d1c-48ce-bf47-e2a18945600e"", ""valuetype_id"": ""prefLabel""}], ""list_id"": ""f7fc4f6d-fd46-4881-846f-4a08bc1a3fef""}]"
d2927f74-faa5-4855-99c9-fca636905d0c,36956e50-d770-11ef-8f5d-0275dc2ded29,166c7b56-b36e-4cfa-9dc0-7d232f147d69,1,1164db78-191f-4307-94af-4f9d2bf9e8a1,"{""en"": {""value"": ""Kopps Company Incorporated\n(Chem Div PGH19PA)"", ""direction"": ""ltr""}}","[{""uri"": ""http://vocab.getty.edu/aat/300404670"", ""labels"": [{""id"": ""b379db2b-3066-4a46-8e8d-f70ad539323e"", ""value"": ""preferred terms"", ""language_id"": ""en"", ""list_item_id"": ""5f400d39-3b6b-4b8a-939b-4e49787c7444"", ""valuetype_id"": ""prefLabel""}], ""list_id"": ""80028d07-9c98-48cf-84db-f77bc01c8bbc""}]","[{""uri"": ""http://vocab.getty.edu/aat/300388277"", ""labels"": [{""id"": ""39e49408-de39-44db-a191-fe36a5f04cfc"", ""value"": ""English (language)"", ""language_id"": ""en"", ""list_item_id"": ""38729dbe-6d1c-48ce-bf47-e2a18945600e"", ""valuetype_id"": ""prefLabel""}], ""list_id"": ""f7fc4f6d-fd46-4881-846f-4a08bc1a3fef""}]"
bf713b64-abbc-4c1f-813e-07baaca4942e,36956e50-d770-11ef-8f5d-0275dc2ded29,166c7b56-b36e-4cfa-9dc0-7d232f147d69,1,d7c60164-c3a4-4e99-bbe4-f1da9eefbf32,"{""en"": {""value"": ""Zeneca"", ""direction"": ""ltr""}}","[{""uri"": ""http://vocab.getty.edu/aat/300404670"", ""labels"": [{""id"": ""b379db2b-3066-4a46-8e8d-f70ad539323e"", ""value"": ""preferred terms"", ""language_id"": ""en"", ""list_item_id"": ""5f400d39-3b6b-4b8a-939b-4e49787c7444"", ""valuetype_id"": ""prefLabel""}], ""list_id"": ""80028d07-9c98-48cf-84db-f77bc01c8bbc""}]","[{""uri"": ""http://vocab.getty.edu/aat/300388277"", ""labels"": [{""id"": ""39e49408-de39-44db-a191-fe36a5f04cfc"", ""value"": ""English (language)"", ""language_id"": ""en"", ""list_item_id"": ""38729dbe-6d1c-48ce-bf47-e2a18945600e"", ""valuetype_id"": ""prefLabel""}], ""list_id"": ""f7fc4f6d-fd46-4881-846f-4a08bc1a3fef""}]"
83e5439f-f920-4c6d-8452-b3ef91fa7199,36956e50-d770-11ef-8f5d-0275dc2ded29,166c7b56-b36e-4cfa-9dc0-7d232f147d69,1,7bccd83f-a7c7-4c10-9343-5723c9689dbb,"{""en"": {""value"": ""Buonamici"", ""direction"": ""ltr""}}","[{""uri"": ""http://vocab.getty.edu/aat/300404670"", ""labels"": [{""id"": ""b379db2b-3066-4a46-8e8d-f70ad539323e"", ""value"": ""preferred terms"", ""language_id"": ""en"", ""list_item_id"": ""5f400d39-3b6b-4b8a-939b-4e49787c7444"", ""valuetype_id"": ""prefLabel""}], ""list_id"": ""80028d07-9c98-48cf-84db-f77bc01c8bbc""}]","[{""uri"": ""http://vocab.getty.edu/aat/300388277"", ""labels"": [{""id"": ""39e49408-de39-44db-a191-fe36a5f04cfc"", ""value"": ""English (language)"", ""language_id"": ""en"", ""list_item_id"": ""38729dbe-6d1c-48ce-bf47-e2a18945600e"", ""valuetype_id"": ""prefLabel""}], ""list_id"": ""f7fc4f6d-fd46-4881-846f-4a08bc1a3fef""}]"
a689255c-6938-4fdf-bd84-6ca57c0a4e49,36956e50-d770-11ef-8f5d-0275dc2ded29,166c7b56-b36e-4cfa-9dc0-7d232f147d69,1,4dab2241-0a59-4c54-8939-b8fa7ce412f4,"{""en"": {""value"": ""J. Hewit & Sons Ltd"", ""direction"": ""ltr""}}","[{""uri"": ""http://vocab.getty.edu/aat/300404670"", ""labels"": [{""id"": ""b379db2b-3066-4a46-8e8d-f70ad539323e"", ""value"": ""preferred terms"", ""language_id"": ""en"", ""list_item_id"": ""5f400d39-3b6b-4b8a-939b-4e49787c7444"", ""valuetype_id"": ""prefLabel""}], ""list_id"": ""80028d07-9c98-48cf-84db-f77bc01c8bbc""}]","[{""uri"": ""http://vocab.getty.edu/aat/300388277"", ""labels"": [{""id"": ""39e49408-de39-44db-a191-fe36a5f04cfc"", ""value"": ""English (language)"", ""language_id"": ""en"", ""list_item_id"": ""38729dbe-6d1c-48ce-bf47-e2a18945600e"", ""valuetype_id"": ""prefLabel""}], ""list_id"": ""f7fc4f6d-fd46-4881-846f-4a08bc1a3fef""}]"
84db0ead-97f8-4898-ae81-6710cf72f3fb,36956e50-d770-11ef-8f5d-0275dc2ded29,166c7b56-b36e-4cfa-9dc0-7d232f147d69,1,8f0a3032-5cec-4340-886e-3efb0793772d,"{""en"": {""value"": ""Ilford Photo SA"", ""direction"": ""ltr""}}","[{""uri"": ""http://vocab.getty.edu/aat/300404670"", ""labels"": [{""id"": ""b379db2b-3066-4a46-8e8d-f70ad539323e"", ""value"": ""preferred terms"", ""language_id"": ""en"", ""list_item_id"": ""5f400d39-3b6b-4b8a-939b-4e49787c7444"", ""valuetype_id"": ""prefLabel""}], ""list_id"": ""80028d07-9c98-48cf-84db-f77bc01c8bbc""}]","[{""uri"": ""http://vocab.getty.edu/aat/300388277"", ""labels"": [{""id"": ""39e49408-de39-44db-a191-fe36a5f04cfc"", ""value"": ""English (language)"", ""language_id"": ""en"", ""list_item_id"": ""38729dbe-6d1c-48ce-bf47-e2a18945600e"", ""valuetype_id"": ""prefLabel""}], ""list_id"": ""f7fc4f6d-fd46-4881-846f-4a08bc1a3fef""}]"
91dca304-d93c-470d-b99c-0eb8e2f441c0,36956e50-d770-11ef-8f5d-0275dc2ded29,166c7b56-b36e-4cfa-9dc0-7d232f147d69,1,7e84fe1f-2dc3-4dec-a4f2-073e66010517,"{""en"": {""value"": ""S. Ueba & Co."", ""direction"": ""ltr""}}","[{""uri"": ""http://vocab.getty.edu/aat/300404670"", ""labels"": [{""id"": ""b379db2b-3066-4a46-8e8d-f70ad539323e"", ""value"": ""preferred terms"", ""language_id"": ""en"", ""list_item_id"": ""5f400d39-3b6b-4b8a-939b-4e49787c7444"", ""valuetype_id"": ""prefLabel""}], ""list_id"": ""80028d07-9c98-48cf-84db-f77bc01c8bbc""}]","[{""uri"": ""http://vocab.getty.edu/aat/300388277"", ""labels"": [{""id"": ""39e49408-de39-44db-a191-fe36a5f04cfc"", ""value"": ""English (language)"", ""language_id"": ""en"", ""list_item_id"": ""38729dbe-6d1c-48ce-bf47-e2a18945600e"", ""valuetype_id"": ""prefLabel""}], ""list_id"": ""f7fc4f6d-fd46-4881-846f-4a08bc1a3fef""}]"
4c5a00a1-66fc-47f8-8ad4-3de8ac646a6d,36956e50-d770-11ef-8f5d-0275dc2ded29,166c7b56-b36e-4cfa-9dc0-7d232f147d69,1,2ab675f4-3009-43f2-8b88-5a7a0ceb90ae,"{""en"": {""value"": ""Ilford Imaging UK Limited"", ""direction"": ""ltr""}}","[{""uri"": ""http://vocab.getty.edu/aat/300404670"", ""labels"": [{""id"": ""b379db2b-3066-4a46-8e8d-f70ad539323e"", ""value"": ""preferred terms"", ""language_id"": ""en"", ""list_item_id"": ""5f400d39-3b6b-4b8a-939b-4e49787c7444"", ""valuetype_id"": ""prefLabel""}], ""list_id"": ""80028d07-9c98-48cf-84db-f77bc01c8bbc""}]","[{""uri"": ""http://vocab.getty.edu/aat/300388277"", ""labels"": [{""id"": ""39e49408-de39-44db-a191-fe36a5f04cfc"", ""value"": ""English (language)"", ""language_id"": ""en"", ""list_item_id"": ""38729dbe-6d1c-48ce-bf47-e2a18945600e"", ""valuetype_id"": ""prefLabel""}], ""list_id"": ""f7fc4f6d-fd46-4881-846f-4a08bc1a3fef""}]"
2dd299e2-2231-48a9-bebb-d4d25f195c1c,36956e50-d770-11ef-8f5d-0275dc2ded29,166c7b56-b36e-4cfa-9dc0-7d232f147d69,1,fd5d92b3-29d5-4175-b791-23a2da32d3ff,"{""en"": {""value"": ""Schmincke"", ""direction"": ""ltr""}}","[{""uri"": ""http://vocab.getty.edu/aat/300404670"", ""labels"": [{""id"": ""b379db2b-3066-4a46-8e8d-f70ad539323e"", ""value"": ""preferred terms"", ""language_id"": ""en"", ""list_item_id"": ""5f400d39-3b6b-4b8a-939b-4e49787c7444"", ""valuetype_id"": ""prefLabel""}], ""list_id"": ""80028d07-9c98-48cf-84db-f77bc01c8bbc""}]","[{""uri"": ""http://vocab.getty.edu/aat/300388277"", ""labels"": [{""id"": ""39e49408-de39-44db-a191-fe36a5f04cfc"", ""value"": ""English (language)"", ""language_id"": ""en"", ""list_item_id"": ""38729dbe-6d1c-48ce-bf47-e2a18945600e"", ""valuetype_id"": ""prefLabel""}], ""list_id"": ""f7fc4f6d-fd46-4881-846f-4a08bc1a3fef""}]"
a3a37209-1820-41bf-9ad3-9da7ef5f2457,36956e50-d770-11ef-8f5d-0275dc2ded29,166c7b56-b36e-4cfa-9dc0-7d232f147d69,1,1c518d47-7717-43c8-b164-f2df881f782f,"{""en"": {""value"": ""Elmer's"", ""direction"": ""ltr""}}","[{""uri"": ""http://vocab.getty.edu/aat/300404670"", ""labels"": [{""id"": ""b379db2b-3066-4a46-8e8d-f70ad539323e"", ""value"": ""preferred terms"", ""language_id"": ""en"", ""list_item_id"": ""5f400d39-3b6b-4b8a-939b-4e49787c7444"", ""valuetype_id"": ""prefLabel""}], ""list_id"": ""80028d07-9c98-48cf-84db-f77bc01c8bbc""}]","[{""uri"": ""http://vocab.getty.edu/aat/300388277"", ""labels"": [{""id"": ""39e49408-de39-44db-a191-fe36a5f04cfc"", ""value"": ""English (language)"", ""language_id"": ""en"", ""list_item_id"": ""38729dbe-6d1c-48ce-bf47-e2a18945600e"", ""valuetype_id"": ""prefLabel""}], ""list_id"": ""f7fc4f6d-fd46-4881-846f-4a08bc1a3fef""}]"
5d9d9974-7ba8-4124-a426-089fe1a9dabd,36956e50-d770-11ef-8f5d-0275dc2ded29,166c7b56-b36e-4cfa-9dc0-7d232f147d69,1,d09ba3e9-074a-4884-8b18-b1efd3aa3d3d,"{""en"": {""value"": ""Stanley & Doggett, Inc."", ""direction"": ""ltr""}}","[{""uri"": ""http://vocab.getty.edu/aat/300404670"", ""labels"": [{""id"": ""b379db2b-3066-4a46-8e8d-f70ad539323e"", ""value"": ""preferred terms"", ""language_id"": ""en"", ""list_item_id"": ""5f400d39-3b6b-4b8a-939b-4e49787c7444"", ""valuetype_id"": ""prefLabel""}], ""list_id"": ""80028d07-9c98-48cf-84db-f77bc01c8bbc""}]","[{""uri"": ""http://vocab.getty.edu/aat/300388277"", ""labels"": [{""id"": ""39e49408-de39-44db-a191-fe36a5f04cfc"", ""value"": ""English (language)"", ""language_id"": ""en"", ""list_item_id"": ""38729dbe-6d1c-48ce-bf47-e2a18945600e"", ""valuetype_id"": ""prefLabel""}], ""list_id"": ""f7fc4f6d-fd46-4881-846f-4a08bc1a3fef""}]"
9661f7fb-87e5-4c6f-a04e-8331f226223f,36956e50-d770-11ef-8f5d-0275dc2ded29,166c7b56-b36e-4cfa-9dc0-7d232f147d69,1,4d540aaf-a0e7-43b6-a592-06a727038590,"{""en"": {""value"": ""Boler Petroleum Company"", ""direction"": ""ltr""}}","[{""uri"": ""http://vocab.getty.edu/aat/300404670"", ""labels"": [{""id"": ""b379db2b-3066-4a46-8e8d-f70ad539323e"", ""value"": ""preferred terms"", ""language_id"": ""en"", ""list_item_id"": ""5f400d39-3b6b-4b8a-939b-4e49787c7444"", ""valuetype_id"": ""prefLabel""}], ""list_id"": ""80028d07-9c98-48cf-84db-f77bc01c8bbc""}]","[{""uri"": ""http://vocab.getty.edu/aat/300388277"", ""labels"": [{""id"": ""39e49408-de39-44db-a191-fe36a5f04cfc"", ""value"": ""English (language)"", ""language_id"": ""en"", ""list_item_id"": ""38729dbe-6d1c-48ce-bf47-e2a18945600e"", ""valuetype_id"": ""prefLabel""}], ""list_id"": ""f7fc4f6d-fd46-4881-846f-4a08bc1a3fef""}]"
13902a2a-7acc-4904-9048-6a346919068a,36956e50-d770-11ef-8f5d-0275dc2ded29,166c7b56-b36e-4cfa-9dc0-7d232f147d69,1,8bd2e2bd-5c8e-4aaa-b962-ea95033016d8,"{""en"": {""value"": ""Pompeian Brand"", ""direction"": ""ltr""}}","[{""uri"": ""http://vocab.getty.edu/aat/300404670"", ""labels"": [{""id"": ""b379db2b-3066-4a46-8e8d-f70ad539323e"", ""value"": ""preferred terms"", ""language_id"": ""en"", ""list_item_id"": ""5f400d39-3b6b-4b8a-939b-4e49787c7444"", ""valuetype_id"": ""prefLabel""}], ""list_id"": ""80028d07-9c98-48cf-84db-f77bc01c8bbc""}]","[{""uri"": ""http://vocab.getty.edu/aat/300388277"", ""labels"": [{""id"": ""39e49408-de39-44db-a191-fe36a5f04cfc"", ""value"": ""English (language)"", ""language_id"": ""en"", ""list_item_id"": ""38729dbe-6d1c-48ce-bf47-e2a18945600e"", ""valuetype_id"": ""prefLabel""}], ""list_id"": ""f7fc4f6d-fd46-4881-846f-4a08bc1a3fef""}]"
689cb17d-15b4-47a8-a54d-7504bb287465,36956e50-d770-11ef-8f5d-0275dc2ded29,166c7b56-b36e-4cfa-9dc0-7d232f147d69,1,a8afe613-e8b0-41d5-aa6b-49004490d213,"{""en"": {""value"": ""Israel Museum"", ""direction"": ""ltr""}}","[{""uri"": ""http://vocab.getty.edu/aat/300404670"", ""labels"": [{""id"": ""b379db2b-3066-4a46-8e8d-f70ad539323e"", ""value"": ""preferred terms"", ""language_id"": ""en"", ""list_item_id"": ""5f400d39-3b6b-4b8a-939b-4e49787c7444"", ""valuetype_id"": ""prefLabel""}], ""list_id"": ""80028d07-9c98-48cf-84db-f77bc01c8bbc""}]","[{""uri"": ""http://vocab.getty.edu/aat/300388277"", ""labels"": [{""id"": ""39e49408-de39-44db-a191-fe36a5f04cfc"", ""value"": ""English (language)"", ""language_id"": ""en"", ""list_item_id"": ""38729dbe-6d1c-48ce-bf47-e2a18945600e"", ""valuetype_id"": ""prefLabel""}], ""list_id"": ""f7fc4f6d-fd46-4881-846f-4a08bc1a3fef""}]"
cae318cd-879d-40fe-8a42-ec4f9bd974a8,36956e50-d770-11ef-8f5d-0275dc2ded29,166c7b56-b36e-4cfa-9dc0-7d232f147d69,1,868d2779-4103-4b40-ac4d-09c670b4a167,"{""en"": {""value"": ""Puccio Speroni"", ""direction"": ""ltr""}}","[{""uri"": ""http://vocab.getty.edu/aat/300404670"", ""labels"": [{""id"": ""b379db2b-3066-4a46-8e8d-f70ad539323e"", ""value"": ""preferred terms"", ""language_id"": ""en"", ""list_item_id"": ""5f400d39-3b6b-4b8a-939b-4e49787c7444"", ""valuetype_id"": ""prefLabel""}], ""list_id"": ""80028d07-9c98-48cf-84db-f77bc01c8bbc""}]","[{""uri"": ""http://vocab.getty.edu/aat/300388277"", ""labels"": [{""id"": ""39e49408-de39-44db-a191-fe36a5f04cfc"", ""value"": ""English (language)"", ""language_id"": ""en"", ""list_item_id"": ""38729dbe-6d1c-48ce-bf47-e2a18945600e"", ""valuetype_id"": ""prefLabel""}], ""list_id"": ""f7fc4f6d-fd46-4881-846f-4a08bc1a3fef""}]"
972216da-fa79-4bd7-b275-ddfccadf91ed,36956e50-d770-11ef-8f5d-0275dc2ded29,166c7b56-b36e-4cfa-9dc0-7d232f147d69,1,bcc304c0-71a5-49c7-b9fe-c6ee2cd11cf6,"{""en"": {""value"": ""Cerratonia, SA; (Imported by Dycol Chemicals Inc.)"", ""direction"": ""ltr""}}","[{""uri"": ""http://vocab.getty.edu/aat/300404670"", ""labels"": [{""id"": ""b379db2b-3066-4a46-8e8d-f70ad539323e"", ""value"": ""preferred terms"", ""language_id"": ""en"", ""list_item_id"": ""5f400d39-3b6b-4b8a-939b-4e49787c7444"", ""valuetype_id"": ""prefLabel""}], ""list_id"": ""80028d07-9c98-48cf-84db-f77bc01c8bbc""}]","[{""uri"": ""http://vocab.getty.edu/aat/300388277"", ""labels"": [{""id"": ""39e49408-de39-44db-a191-fe36a5f04cfc"", ""value"": ""English (language)"", ""language_id"": ""en"", ""list_item_id"": ""38729dbe-6d1c-48ce-bf47-e2a18945600e"", ""valuetype_id"": ""prefLabel""}], ""list_id"": ""f7fc4f6d-fd46-4881-846f-4a08bc1a3fef""}]"
80677034-6213-4d2c-a9de-66b15a4fce5c,36956e50-d770-11ef-8f5d-0275dc2ded29,166c7b56-b36e-4cfa-9dc0-7d232f147d69,1,18f3bb81-3b29-4a27-aff3-ccc7385b7ade,"{""en"": {""value"": ""Real Food Company"", ""direction"": ""ltr""}}","[{""uri"": ""http://vocab.getty.edu/aat/300404670"", ""labels"": [{""id"": ""b379db2b-3066-4a46-8e8d-f70ad539323e"", ""value"": ""preferred terms"", ""language_id"": ""en"", ""list_item_id"": ""5f400d39-3b6b-4b8a-939b-4e49787c7444"", ""valuetype_id"": ""prefLabel""}], ""list_id"": ""80028d07-9c98-48cf-84db-f77bc01c8bbc""}]","[{""uri"": ""http://vocab.getty.edu/aat/300388277"", ""labels"": [{""id"": ""39e49408-de39-44db-a191-fe36a5f04cfc"", ""value"": ""English (language)"", ""language_id"": ""en"", ""list_item_id"": ""38729dbe-6d1c-48ce-bf47-e2a18945600e"", ""valuetype_id"": ""prefLabel""}], ""list_id"": ""f7fc4f6d-fd46-4881-846f-4a08bc1a3fef""}]"
49631292-101c-465c-b7af-9497b6231f48,36956e50-d770-11ef-8f5d-0275dc2ded29,166c7b56-b36e-4cfa-9dc0-7d232f147d69,1,3666ad8f-f542-4be8-a8bf-59a55339b6f9,"{""en"": {""value"": ""Stolovsky"", ""direction"": ""ltr""}}","[{""uri"": ""http://vocab.getty.edu/aat/300404670"", ""labels"": [{""id"": ""b379db2b-3066-4a46-8e8d-f70ad539323e"", ""value"": ""preferred terms"", ""language_id"": ""en"", ""list_item_id"": ""5f400d39-3b6b-4b8a-939b-4e49787c7444"", ""valuetype_id"": ""prefLabel""}], ""list_id"": ""80028d07-9c98-48cf-84db-f77bc01c8bbc""}]","[{""uri"": ""http://vocab.getty.edu/aat/300388277"", ""labels"": [{""id"": ""39e49408-de39-44db-a191-fe36a5f04cfc"", ""value"": ""English (language)"", ""language_id"": ""en"", ""list_item_id"": ""38729dbe-6d1c-48ce-bf47-e2a18945600e"", ""valuetype_id"": ""prefLabel""}], ""list_id"": ""f7fc4f6d-fd46-4881-846f-4a08bc1a3fef""}]"
9dca88ff-a382-48b3-8e65-6189f08cd726,36956e50-d770-11ef-8f5d-0275dc2ded29,166c7b56-b36e-4cfa-9dc0-7d232f147d69,1,c3b80d5b-1686-490d-8aa0-8d0ac54a5507,"{""en"": {""value"": ""Krylon"", ""direction"": ""ltr""}}","[{""uri"": ""http://vocab.getty.edu/aat/300404670"", ""labels"": [{""id"": ""b379db2b-3066-4a46-8e8d-f70ad539323e"", ""value"": ""preferred terms"", ""language_id"": ""en"", ""list_item_id"": ""5f400d39-3b6b-4b8a-939b-4e49787c7444"", ""valuetype_id"": ""prefLabel""}], ""list_id"": ""80028d07-9c98-48cf-84db-f77bc01c8bbc""}]","[{""uri"": ""http://vocab.getty.edu/aat/300388277"", ""labels"": [{""id"": ""39e49408-de39-44db-a191-fe36a5f04cfc"", ""value"": ""English (language)"", ""language_id"": ""en"", ""list_item_id"": ""38729dbe-6d1c-48ce-bf47-e2a18945600e"", ""valuetype_id"": ""prefLabel""}], ""list_id"": ""f7fc4f6d-fd46-4881-846f-4a08bc1a3fef""}]"
847e3f03-583f-4229-aa36-943ecb45605f,36956e50-d770-11ef-8f5d-0275dc2ded29,166c7b56-b36e-4cfa-9dc0-7d232f147d69,1,5ff9e81e-16a7-4eb3-9702-08f7ab478f3c,"{""en"": {""value"": ""E. W. Forbes Collection"", ""direction"": ""ltr""}}","[{""uri"": ""http://vocab.getty.edu/aat/300404670"", ""labels"": [{""id"": ""b379db2b-3066-4a46-8e8d-f70ad539323e"", ""value"": ""preferred terms"", ""language_id"": ""en"", ""list_item_id"": ""5f400d39-3b6b-4b8a-939b-4e49787c7444"", ""valuetype_id"": ""prefLabel""}], ""list_id"": ""80028d07-9c98-48cf-84db-f77bc01c8bbc""}]","[{""uri"": ""http://vocab.getty.edu/aat/300388277"", ""labels"": [{""id"": ""39e49408-de39-44db-a191-fe36a5f04cfc"", ""value"": ""English (language)"", ""language_id"": ""en"", ""list_item_id"": ""38729dbe-6d1c-48ce-bf47-e2a18945600e"", ""valuetype_id"": ""prefLabel""}], ""list_id"": ""f7fc4f6d-fd46-4881-846f-4a08bc1a3fef""}]"
6094adf4-5039-4a45-a691-9c5164c81343,36956e50-d770-11ef-8f5d-0275dc2ded29,166c7b56-b36e-4cfa-9dc0-7d232f147d69,1,0cb0f7c9-4f00-4bc9-9928-779e306a0ab2,"{""en"": {""value"": ""Serva Feinbiochemica"", ""direction"": ""ltr""}}","[{""uri"": ""http://vocab.getty.edu/aat/300404670"", ""labels"": [{""id"": ""b379db2b-3066-4a46-8e8d-f70ad539323e"", ""value"": ""preferred terms"", ""language_id"": ""en"", ""list_item_id"": ""5f400d39-3b6b-4b8a-939b-4e49787c7444"", ""valuetype_id"": ""prefLabel""}], ""list_id"": ""80028d07-9c98-48cf-84db-f77bc01c8bbc""}]","[{""uri"": ""http://vocab.getty.edu/aat/300388277"", ""labels"": [{""id"": ""39e49408-de39-44db-a191-fe36a5f04cfc"", ""value"": ""English (language)"", ""language_id"": ""en"", ""list_item_id"": ""38729dbe-6d1c-48ce-bf47-e2a18945600e"", ""valuetype_id"": ""prefLabel""}], ""list_id"": ""f7fc4f6d-fd46-4881-846f-4a08bc1a3fef""}]"
f12f6fcd-1d84-470f-9057-5ba093065678,36956e50-d770-11ef-8f5d-0275dc2ded29,166c7b56-b36e-4cfa-9dc0-7d232f147d69,1,40eca9fb-be0f-481e-8a0e-036df9bb4217,"{""en"": {""value"": ""encausticpaints.com"", ""direction"": ""ltr""}}","[{""uri"": ""http://vocab.getty.edu/aat/300404670"", ""labels"": [{""id"": ""b379db2b-3066-4a46-8e8d-f70ad539323e"", ""value"": ""preferred terms"", ""language_id"": ""en"", ""list_item_id"": ""5f400d39-3b6b-4b8a-939b-4e49787c7444"", ""valuetype_id"": ""prefLabel""}], ""list_id"": ""80028d07-9c98-48cf-84db-f77bc01c8bbc""}]","[{""uri"": ""http://vocab.getty.edu/aat/300388277"", ""labels"": [{""id"": ""39e49408-de39-44db-a191-fe36a5f04cfc"", ""value"": ""English (language)"", ""language_id"": ""en"", ""list_item_id"": ""38729dbe-6d1c-48ce-bf47-e2a18945600e"", ""valuetype_id"": ""prefLabel""}], ""list_id"": ""f7fc4f6d-fd46-4881-846f-4a08bc1a3fef""}]"
0c46c76b-0651-4711-be68-21043390c1a4,36956e50-d770-11ef-8f5d-0275dc2ded29,166c7b56-b36e-4cfa-9dc0-7d232f147d69,1,f030a487-d5a8-415a-84bb-0b6a02df197c,"{""en"": {""value"": ""Brambilla"", ""direction"": ""ltr""}}","[{""uri"": ""http://vocab.getty.edu/aat/300404670"", ""labels"": [{""id"": ""b379db2b-3066-4a46-8e8d-f70ad539323e"", ""value"": ""preferred terms"", ""language_id"": ""en"", ""list_item_id"": ""5f400d39-3b6b-4b8a-939b-4e49787c7444"", ""valuetype_id"": ""prefLabel""}], ""list_id"": ""80028d07-9c98-48cf-84db-f77bc01c8bbc""}]","[{""uri"": ""http://vocab.getty.edu/aat/300388277"", ""labels"": [{""id"": ""39e49408-de39-44db-a191-fe36a5f04cfc"", ""value"": ""English (language)"", ""language_id"": ""en"", ""list_item_id"": ""38729dbe-6d1c-48ce-bf47-e2a18945600e"", ""valuetype_id"": ""prefLabel""}], ""list_id"": ""f7fc4f6d-fd46-4881-846f-4a08bc1a3fef""}]"
e0916045-0662-486a-ad0a-c424fdbb6567,36956e50-d770-11ef-8f5d-0275dc2ded29,166c7b56-b36e-4cfa-9dc0-7d232f147d69,1,dfe7fd55-98a0-4872-8517-ae68358067fe,"{""en"": {""value"": ""Old Delhi Spice Market"", ""direction"": ""ltr""}}","[{""uri"": ""http://vocab.getty.edu/aat/300404670"", ""labels"": [{""id"": ""b379db2b-3066-4a46-8e8d-f70ad539323e"", ""value"": ""preferred terms"", ""language_id"": ""en"", ""list_item_id"": ""5f400d39-3b6b-4b8a-939b-4e49787c7444"", ""valuetype_id"": ""prefLabel""}], ""list_id"": ""80028d07-9c98-48cf-84db-f77bc01c8bbc""}]","[{""uri"": ""http://vocab.getty.edu/aat/300388277"", ""labels"": [{""id"": ""39e49408-de39-44db-a191-fe36a5f04cfc"", ""value"": ""English (language)"", ""language_id"": ""en"", ""list_item_id"": ""38729dbe-6d1c-48ce-bf47-e2a18945600e"", ""valuetype_id"": ""prefLabel""}], ""list_id"": ""f7fc4f6d-fd46-4881-846f-4a08bc1a3fef""}]"
243e6249-7309-41b1-8a3e-c1d287e61b15,36956e50-d770-11ef-8f5d-0275dc2ded29,166c7b56-b36e-4cfa-9dc0-7d232f147d69,1,bd9f6b5d-e101-4139-9af3-bbfd6b980625,"{""en"": {""value"": ""Cognis Corporation"", ""direction"": ""ltr""}}","[{""uri"": ""http://vocab.getty.edu/aat/300404670"", ""labels"": [{""id"": ""b379db2b-3066-4a46-8e8d-f70ad539323e"", ""value"": ""preferred terms"", ""language_id"": ""en"", ""list_item_id"": ""5f400d39-3b6b-4b8a-939b-4e49787c7444"", ""valuetype_id"": ""prefLabel""}], ""list_id"": ""80028d07-9c98-48cf-84db-f77bc01c8bbc""}]","[{""uri"": ""http://vocab.getty.edu/aat/300388277"", ""labels"": [{""id"": ""39e49408-de39-44db-a191-fe36a5f04cfc"", ""value"": ""English (language)"", ""language_id"": ""en"", ""list_item_id"": ""38729dbe-6d1c-48ce-bf47-e2a18945600e"", ""valuetype_id"": ""prefLabel""}], ""list_id"": ""f7fc4f6d-fd46-4881-846f-4a08bc1a3fef""}]"
fb76a88e-4742-4552-afd8-e1416e2d5846,36956e50-d770-11ef-8f5d-0275dc2ded29,166c7b56-b36e-4cfa-9dc0-7d232f147d69,1,67afe226-bc6a-4584-90a0-3b4c702bc537,"{""en"": {""value"": ""Bryan W. Brown A. en P."", ""direction"": ""ltr""}}","[{""uri"": ""http://vocab.getty.edu/aat/300404670"", ""labels"": [{""id"": ""b379db2b-3066-4a46-8e8d-f70ad539323e"", ""value"": ""preferred terms"", ""language_id"": ""en"", ""list_item_id"": ""5f400d39-3b6b-4b8a-939b-4e49787c7444"", ""valuetype_id"": ""prefLabel""}], ""list_id"": ""80028d07-9c98-48cf-84db-f77bc01c8bbc""}]","[{""uri"": ""http://vocab.getty.edu/aat/300388277"", ""labels"": [{""id"": ""39e49408-de39-44db-a191-fe36a5f04cfc"", ""value"": ""English (language)"", ""language_id"": ""en"", ""list_item_id"": ""38729dbe-6d1c-48ce-bf47-e2a18945600e"", ""valuetype_id"": ""prefLabel""}], ""list_id"": ""f7fc4f6d-fd46-4881-846f-4a08bc1a3fef""}]"
b9b92b8c-eee6-4497-9ef7-cdf384043b90,36956e50-d770-11ef-8f5d-0275dc2ded29,166c7b56-b36e-4cfa-9dc0-7d232f147d69,1,00037e8c-e728-44b6-a50f-a33ad0ce6c22,"{""en"": {""value"": ""Cornelissen"", ""direction"": ""ltr""}}","[{""uri"": ""http://vocab.getty.edu/aat/300404670"", ""labels"": [{""id"": ""b379db2b-3066-4a46-8e8d-f70ad539323e"", ""value"": ""preferred terms"", ""language_id"": ""en"", ""list_item_id"": ""5f400d39-3b6b-4b8a-939b-4e49787c7444"", ""valuetype_id"": ""prefLabel""}], ""list_id"": ""80028d07-9c98-48cf-84db-f77bc01c8bbc""}]","[{""uri"": ""http://vocab.getty.edu/aat/300388277"", ""labels"": [{""id"": ""39e49408-de39-44db-a191-fe36a5f04cfc"", ""value"": ""English (language)"", ""language_id"": ""en"", ""list_item_id"": ""38729dbe-6d1c-48ce-bf47-e2a18945600e"", ""valuetype_id"": ""prefLabel""}], ""list_id"": ""f7fc4f6d-fd46-4881-846f-4a08bc1a3fef""}]"
ac554d80-317a-4068-b046-b0b57af2a71f,36956e50-d770-11ef-8f5d-0275dc2ded29,166c7b56-b36e-4cfa-9dc0-7d232f147d69,1,09193ac2-4142-4908-b9a7-f6e3979f481d,"{""en"": {""value"": ""Sudan Import & Export (Khartoum) Ltd."", ""direction"": ""ltr""}}","[{""uri"": ""http://vocab.getty.edu/aat/300404670"", ""labels"": [{""id"": ""b379db2b-3066-4a46-8e8d-f70ad539323e"", ""value"": ""preferred terms"", ""language_id"": ""en"", ""list_item_id"": ""5f400d39-3b6b-4b8a-939b-4e49787c7444"", ""valuetype_id"": ""prefLabel""}], ""list_id"": ""80028d07-9c98-48cf-84db-f77bc01c8bbc""}]","[{""uri"": ""http://vocab.getty.edu/aat/300388277"", ""labels"": [{""id"": ""39e49408-de39-44db-a191-fe36a5f04cfc"", ""value"": ""English (language)"", ""language_id"": ""en"", ""list_item_id"": ""38729dbe-6d1c-48ce-bf47-e2a18945600e"", ""valuetype_id"": ""prefLabel""}], ""list_id"": ""f7fc4f6d-fd46-4881-846f-4a08bc1a3fef""}]"
71ab02d5-c9af-4290-b14b-67b5349110ad,36956e50-d770-11ef-8f5d-0275dc2ded29,166c7b56-b36e-4cfa-9dc0-7d232f147d69,1,8fc4878e-8c1f-4231-9118-aef9402547d5,"{""en"": {""value"": ""Merck"", ""direction"": ""ltr""}}","[{""uri"": ""http://vocab.getty.edu/aat/300404670"", ""labels"": [{""id"": ""b379db2b-3066-4a46-8e8d-f70ad539323e"", ""value"": ""preferred terms"", ""language_id"": ""en"", ""list_item_id"": ""5f400d39-3b6b-4b8a-939b-4e49787c7444"", ""valuetype_id"": ""prefLabel""}], ""list_id"": ""80028d07-9c98-48cf-84db-f77bc01c8bbc""}]","[{""uri"": ""http://vocab.getty.edu/aat/300388277"", ""labels"": [{""id"": ""39e49408-de39-44db-a191-fe36a5f04cfc"", ""value"": ""English (language)"", ""language_id"": ""en"", ""list_item_id"": ""38729dbe-6d1c-48ce-bf47-e2a18945600e"", ""valuetype_id"": ""prefLabel""}], ""list_id"": ""f7fc4f6d-fd46-4881-846f-4a08bc1a3fef""}]"
cbad3c9a-7b90-4a78-8231-a84def9e8a7e,36956e50-d770-11ef-8f5d-0275dc2ded29,166c7b56-b36e-4cfa-9dc0-7d232f147d69,1,ef76bc42-4710-4653-bac6-75e4f58b8792,"{""en"": {""value"": ""L.A. Art Store"", ""direction"": ""ltr""}}","[{""uri"": ""http://vocab.getty.edu/aat/300404670"", ""labels"": [{""id"": ""b379db2b-3066-4a46-8e8d-f70ad539323e"", ""value"": ""preferred terms"", ""language_id"": ""en"", ""list_item_id"": ""5f400d39-3b6b-4b8a-939b-4e49787c7444"", ""valuetype_id"": ""prefLabel""}], ""list_id"": ""80028d07-9c98-48cf-84db-f77bc01c8bbc""}]","[{""uri"": ""http://vocab.getty.edu/aat/300388277"", ""labels"": [{""id"": ""39e49408-de39-44db-a191-fe36a5f04cfc"", ""value"": ""English (language)"", ""language_id"": ""en"", ""list_item_id"": ""38729dbe-6d1c-48ce-bf47-e2a18945600e"", ""valuetype_id"": ""prefLabel""}], ""list_id"": ""f7fc4f6d-fd46-4881-846f-4a08bc1a3fef""}]"
afee54b7-5c86-44ab-8ca5-aab979918e41,36956e50-d770-11ef-8f5d-0275dc2ded29,166c7b56-b36e-4cfa-9dc0-7d232f147d69,1,e322c964-42ea-455e-88b4-d21921fcaced,"{""en"": {""value"": ""Union Carbide Chemicals and Plastics"", ""direction"": ""ltr""}}","[{""uri"": ""http://vocab.getty.edu/aat/300404670"", ""labels"": [{""id"": ""b379db2b-3066-4a46-8e8d-f70ad539323e"", ""value"": ""preferred terms"", ""language_id"": ""en"", ""list_item_id"": ""5f400d39-3b6b-4b8a-939b-4e49787c7444"", ""valuetype_id"": ""prefLabel""}], ""list_id"": ""80028d07-9c98-48cf-84db-f77bc01c8bbc""}]","[{""uri"": ""http://vocab.getty.edu/aat/300388277"", ""labels"": [{""id"": ""39e49408-de39-44db-a191-fe36a5f04cfc"", ""value"": ""English (language)"", ""language_id"": ""en"", ""list_item_id"": ""38729dbe-6d1c-48ce-bf47-e2a18945600e"", ""valuetype_id"": ""prefLabel""}], ""list_id"": ""f7fc4f6d-fd46-4881-846f-4a08bc1a3fef""}]"
ab3f7400-c446-4203-9480-a41acf1068f8,36956e50-d770-11ef-8f5d-0275dc2ded29,166c7b56-b36e-4cfa-9dc0-7d232f147d69,1,1b5a4194-8ee2-4591-8b7c-8e8ece0e4939,"{""en"": {""value"": ""Easy Leaf"", ""direction"": ""ltr""}}","[{""uri"": ""http://vocab.getty.edu/aat/300404670"", ""labels"": [{""id"": ""b379db2b-3066-4a46-8e8d-f70ad539323e"", ""value"": ""preferred terms"", ""language_id"": ""en"", ""list_item_id"": ""5f400d39-3b6b-4b8a-939b-4e49787c7444"", ""valuetype_id"": ""prefLabel""}], ""list_id"": ""80028d07-9c98-48cf-84db-f77bc01c8bbc""}]","[{""uri"": ""http://vocab.getty.edu/aat/300388277"", ""labels"": [{""id"": ""39e49408-de39-44db-a191-fe36a5f04cfc"", ""value"": ""English (language)"", ""language_id"": ""en"", ""list_item_id"": ""38729dbe-6d1c-48ce-bf47-e2a18945600e"", ""valuetype_id"": ""prefLabel""}], ""list_id"": ""f7fc4f6d-fd46-4881-846f-4a08bc1a3fef""}]"
e437b6f3-369b-4092-8f00-0f03756748d9,36956e50-d770-11ef-8f5d-0275dc2ded29,166c7b56-b36e-4cfa-9dc0-7d232f147d69,1,706f60c9-b4de-4eb9-8d70-ded5c1bf5aaa,"{""en"": {""value"": ""Wellington & Ward"", ""direction"": ""ltr""}}","[{""uri"": ""http://vocab.getty.edu/aat/300404670"", ""labels"": [{""id"": ""b379db2b-3066-4a46-8e8d-f70ad539323e"", ""value"": ""preferred terms"", ""language_id"": ""en"", ""list_item_id"": ""5f400d39-3b6b-4b8a-939b-4e49787c7444"", ""valuetype_id"": ""prefLabel""}], ""list_id"": ""80028d07-9c98-48cf-84db-f77bc01c8bbc""}]","[{""uri"": ""http://vocab.getty.edu/aat/300388277"", ""labels"": [{""id"": ""39e49408-de39-44db-a191-fe36a5f04cfc"", ""value"": ""English (language)"", ""language_id"": ""en"", ""list_item_id"": ""38729dbe-6d1c-48ce-bf47-e2a18945600e"", ""valuetype_id"": ""prefLabel""}], ""list_id"": ""f7fc4f6d-fd46-4881-846f-4a08bc1a3fef""}]"
c159904a-5c46-4bba-8b0d-594be35bcd46,36956e50-d770-11ef-8f5d-0275dc2ded29,166c7b56-b36e-4cfa-9dc0-7d232f147d69,1,f4a94352-73fe-4f29-b07a-879581e10074,"{""en"": {""value"": ""Strathmore Paper Co."", ""direction"": ""ltr""}}","[{""uri"": ""http://vocab.getty.edu/aat/300404670"", ""labels"": [{""id"": ""b379db2b-3066-4a46-8e8d-f70ad539323e"", ""value"": ""preferred terms"", ""language_id"": ""en"", ""list_item_id"": ""5f400d39-3b6b-4b8a-939b-4e49787c7444"", ""valuetype_id"": ""prefLabel""}], ""list_id"": ""80028d07-9c98-48cf-84db-f77bc01c8bbc""}]","[{""uri"": ""http://vocab.getty.edu/aat/300388277"", ""labels"": [{""id"": ""39e49408-de39-44db-a191-fe36a5f04cfc"", ""value"": ""English (language)"", ""language_id"": ""en"", ""list_item_id"": ""38729dbe-6d1c-48ce-bf47-e2a18945600e"", ""valuetype_id"": ""prefLabel""}], ""list_id"": ""f7fc4f6d-fd46-4881-846f-4a08bc1a3fef""}]"
9fc86977-73e4-47b4-b3c0-dcda4ae1733f,36956e50-d770-11ef-8f5d-0275dc2ded29,166c7b56-b36e-4cfa-9dc0-7d232f147d69,1,db4fc7cf-d16b-41ef-95a2-de1e78b5448a,"{""en"": {""value"": ""Zora's Paint Store"", ""direction"": ""ltr""}}","[{""uri"": ""http://vocab.getty.edu/aat/300404670"", ""labels"": [{""id"": ""b379db2b-3066-4a46-8e8d-f70ad539323e"", ""value"": ""preferred terms"", ""language_id"": ""en"", ""list_item_id"": ""5f400d39-3b6b-4b8a-939b-4e49787c7444"", ""valuetype_id"": ""prefLabel""}], ""list_id"": ""80028d07-9c98-48cf-84db-f77bc01c8bbc""}]","[{""uri"": ""http://vocab.getty.edu/aat/300388277"", ""labels"": [{""id"": ""39e49408-de39-44db-a191-fe36a5f04cfc"", ""value"": ""English (language)"", ""language_id"": ""en"", ""list_item_id"": ""38729dbe-6d1c-48ce-bf47-e2a18945600e"", ""valuetype_id"": ""prefLabel""}], ""list_id"": ""f7fc4f6d-fd46-4881-846f-4a08bc1a3fef""}]"
88dc5d6e-0818-4359-b41a-e196a4be38ab,36956e50-d770-11ef-8f5d-0275dc2ded29,166c7b56-b36e-4cfa-9dc0-7d232f147d69,1,f1f36023-d64f-4594-b3ce-556a25a66cfb,"{""en"": {""value"": ""Marie's Oil Colours"", ""direction"": ""ltr""}}","[{""uri"": ""http://vocab.getty.edu/aat/300404670"", ""labels"": [{""id"": ""b379db2b-3066-4a46-8e8d-f70ad539323e"", ""value"": ""preferred terms"", ""language_id"": ""en"", ""list_item_id"": ""5f400d39-3b6b-4b8a-939b-4e49787c7444"", ""valuetype_id"": ""prefLabel""}], ""list_id"": ""80028d07-9c98-48cf-84db-f77bc01c8bbc""}]","[{""uri"": ""http://vocab.getty.edu/aat/300388277"", ""labels"": [{""id"": ""39e49408-de39-44db-a191-fe36a5f04cfc"", ""value"": ""English (language)"", ""language_id"": ""en"", ""list_item_id"": ""38729dbe-6d1c-48ce-bf47-e2a18945600e"", ""valuetype_id"": ""prefLabel""}], ""list_id"": ""f7fc4f6d-fd46-4881-846f-4a08bc1a3fef""}]"
27320c5d-891f-4ed6-ba63-f3a3181797d5,36956e50-d770-11ef-8f5d-0275dc2ded29,166c7b56-b36e-4cfa-9dc0-7d232f147d69,1,175c20df-3e05-44ab-8746-8a2e5a56fdd6,"{""en"": {""value"": ""Dr. Hedenberg"", ""direction"": ""ltr""}}","[{""uri"": ""http://vocab.getty.edu/aat/300404670"", ""labels"": [{""id"": ""b379db2b-3066-4a46-8e8d-f70ad539323e"", ""value"": ""preferred terms"", ""language_id"": ""en"", ""list_item_id"": ""5f400d39-3b6b-4b8a-939b-4e49787c7444"", ""valuetype_id"": ""prefLabel""}], ""list_id"": ""80028d07-9c98-48cf-84db-f77bc01c8bbc""}]","[{""uri"": ""http://vocab.getty.edu/aat/300388277"", ""labels"": [{""id"": ""39e49408-de39-44db-a191-fe36a5f04cfc"", ""value"": ""English (language)"", ""language_id"": ""en"", ""list_item_id"": ""38729dbe-6d1c-48ce-bf47-e2a18945600e"", ""valuetype_id"": ""prefLabel""}], ""list_id"": ""f7fc4f6d-fd46-4881-846f-4a08bc1a3fef""}]"
0d54e998-5b4e-49ba-8792-14509a47398d,36956e50-d770-11ef-8f5d-0275dc2ded29,166c7b56-b36e-4cfa-9dc0-7d232f147d69,1,6e96ea81-f0f1-43c7-8751-4ea1ebd91737,"{""en"": {""value"": ""Vendex"", ""direction"": ""ltr""}}","[{""uri"": ""http://vocab.getty.edu/aat/300404670"", ""labels"": [{""id"": ""b379db2b-3066-4a46-8e8d-f70ad539323e"", ""value"": ""preferred terms"", ""language_id"": ""en"", ""list_item_id"": ""5f400d39-3b6b-4b8a-939b-4e49787c7444"", ""valuetype_id"": ""prefLabel""}], ""list_id"": ""80028d07-9c98-48cf-84db-f77bc01c8bbc""}]","[{""uri"": ""http://vocab.getty.edu/aat/300388277"", ""labels"": [{""id"": ""39e49408-de39-44db-a191-fe36a5f04cfc"", ""value"": ""English (language)"", ""language_id"": ""en"", ""list_item_id"": ""38729dbe-6d1c-48ce-bf47-e2a18945600e"", ""valuetype_id"": ""prefLabel""}], ""list_id"": ""f7fc4f6d-fd46-4881-846f-4a08bc1a3fef""}]"
6f2ebd01-64ac-471a-bd7d-5ab266f4d28e,36956e50-d770-11ef-8f5d-0275dc2ded29,166c7b56-b36e-4cfa-9dc0-7d232f147d69,1,775eda26-6e1a-4ac7-86a4-8d14c4785e94,"{""en"": {""value"": ""Kentmere Photographic Ltd."", ""direction"": ""ltr""}}","[{""uri"": ""http://vocab.getty.edu/aat/300404670"", ""labels"": [{""id"": ""b379db2b-3066-4a46-8e8d-f70ad539323e"", ""value"": ""preferred terms"", ""language_id"": ""en"", ""list_item_id"": ""5f400d39-3b6b-4b8a-939b-4e49787c7444"", ""valuetype_id"": ""prefLabel""}], ""list_id"": ""80028d07-9c98-48cf-84db-f77bc01c8bbc""}]","[{""uri"": ""http://vocab.getty.edu/aat/300388277"", ""labels"": [{""id"": ""39e49408-de39-44db-a191-fe36a5f04cfc"", ""value"": ""English (language)"", ""language_id"": ""en"", ""list_item_id"": ""38729dbe-6d1c-48ce-bf47-e2a18945600e"", ""valuetype_id"": ""prefLabel""}], ""list_id"": ""f7fc4f6d-fd46-4881-846f-4a08bc1a3fef""}]"
ea80c409-1d74-49a2-9815-66a0b4302faf,36956e50-d770-11ef-8f5d-0275dc2ded29,166c7b56-b36e-4cfa-9dc0-7d232f147d69,1,2a7c1029-3a58-467e-b08d-066ffdb13f42,"{""en"": {""value"": ""Buchner"", ""direction"": ""ltr""}}","[{""uri"": ""http://vocab.getty.edu/aat/300404670"", ""labels"": [{""id"": ""b379db2b-3066-4a46-8e8d-f70ad539323e"", ""value"": ""preferred terms"", ""language_id"": ""en"", ""list_item_id"": ""5f400d39-3b6b-4b8a-939b-4e49787c7444"", ""valuetype_id"": ""prefLabel""}], ""list_id"": ""80028d07-9c98-48cf-84db-f77bc01c8bbc""}]","[{""uri"": ""http://vocab.getty.edu/aat/300388277"", ""labels"": [{""id"": ""39e49408-de39-44db-a191-fe36a5f04cfc"", ""value"": ""English (language)"", ""language_id"": ""en"", ""list_item_id"": ""38729dbe-6d1c-48ce-bf47-e2a18945600e"", ""valuetype_id"": ""prefLabel""}], ""list_id"": ""f7fc4f6d-fd46-4881-846f-4a08bc1a3fef""}]"
b2407407-9073-477d-a9ba-1db1fd2e8d5e,36956e50-d770-11ef-8f5d-0275dc2ded29,166c7b56-b36e-4cfa-9dc0-7d232f147d69,1,dfb679e7-f4e0-4091-9350-78dbc9e533fa,"{""en"": {""value"": ""Agfa Gevaert AG"", ""direction"": ""ltr""}}","[{""uri"": ""http://vocab.getty.edu/aat/300404670"", ""labels"": [{""id"": ""b379db2b-3066-4a46-8e8d-f70ad539323e"", ""value"": ""preferred terms"", ""language_id"": ""en"", ""list_item_id"": ""5f400d39-3b6b-4b8a-939b-4e49787c7444"", ""valuetype_id"": ""prefLabel""}], ""list_id"": ""80028d07-9c98-48cf-84db-f77bc01c8bbc""}]","[{""uri"": ""http://vocab.getty.edu/aat/300388277"", ""labels"": [{""id"": ""39e49408-de39-44db-a191-fe36a5f04cfc"", ""value"": ""English (language)"", ""language_id"": ""en"", ""list_item_id"": ""38729dbe-6d1c-48ce-bf47-e2a18945600e"", ""valuetype_id"": ""prefLabel""}], ""list_id"": ""f7fc4f6d-fd46-4881-846f-4a08bc1a3fef""}]"
6926431f-36d8-40ec-81de-b6818137d55e,36956e50-d770-11ef-8f5d-0275dc2ded29,166c7b56-b36e-4cfa-9dc0-7d232f147d69,1,0c578ff2-2cc0-472f-af34-eff5d746f45b,"{""en"": {""value"": ""Ebeseder Talens"", ""direction"": ""ltr""}}","[{""uri"": ""http://vocab.getty.edu/aat/300404670"", ""labels"": [{""id"": ""b379db2b-3066-4a46-8e8d-f70ad539323e"", ""value"": ""preferred terms"", ""language_id"": ""en"", ""list_item_id"": ""5f400d39-3b6b-4b8a-939b-4e49787c7444"", ""valuetype_id"": ""prefLabel""}], ""list_id"": ""80028d07-9c98-48cf-84db-f77bc01c8bbc""}]","[{""uri"": ""http://vocab.getty.edu/aat/300388277"", ""labels"": [{""id"": ""39e49408-de39-44db-a191-fe36a5f04cfc"", ""value"": ""English (language)"", ""language_id"": ""en"", ""list_item_id"": ""38729dbe-6d1c-48ce-bf47-e2a18945600e"", ""valuetype_id"": ""prefLabel""}], ""list_id"": ""f7fc4f6d-fd46-4881-846f-4a08bc1a3fef""}]"
86ff5b4b-e06b-42ca-8ef9-072dd1c30bbc,36956e50-d770-11ef-8f5d-0275dc2ded29,166c7b56-b36e-4cfa-9dc0-7d232f147d69,1,ab9cb0e0-c0fc-4c1a-a766-fe08372435f1,"{""en"": {""value"": ""Ciba"", ""direction"": ""ltr""}}","[{""uri"": ""http://vocab.getty.edu/aat/300404670"", ""labels"": [{""id"": ""b379db2b-3066-4a46-8e8d-f70ad539323e"", ""value"": ""preferred terms"", ""language_id"": ""en"", ""list_item_id"": ""5f400d39-3b6b-4b8a-939b-4e49787c7444"", ""valuetype_id"": ""prefLabel""}], ""list_id"": ""80028d07-9c98-48cf-84db-f77bc01c8bbc""}]","[{""uri"": ""http://vocab.getty.edu/aat/300388277"", ""labels"": [{""id"": ""39e49408-de39-44db-a191-fe36a5f04cfc"", ""value"": ""English (language)"", ""language_id"": ""en"", ""list_item_id"": ""38729dbe-6d1c-48ce-bf47-e2a18945600e"", ""valuetype_id"": ""prefLabel""}], ""list_id"": ""f7fc4f6d-fd46-4881-846f-4a08bc1a3fef""}]"
f05eac18-7e6d-4095-8c08-c4ae5067f756,36956e50-d770-11ef-8f5d-0275dc2ded29,166c7b56-b36e-4cfa-9dc0-7d232f147d69,1,1d159267-1e9b-4875-a877-b1aa4e4c309f,"{""en"": {""value"": ""Marie's Water Colour"", ""direction"": ""ltr""}}","[{""uri"": ""http://vocab.getty.edu/aat/300404670"", ""labels"": [{""id"": ""b379db2b-3066-4a46-8e8d-f70ad539323e"", ""value"": ""preferred terms"", ""language_id"": ""en"", ""list_item_id"": ""5f400d39-3b6b-4b8a-939b-4e49787c7444"", ""valuetype_id"": ""prefLabel""}], ""list_id"": ""80028d07-9c98-48cf-84db-f77bc01c8bbc""}]","[{""uri"": ""http://vocab.getty.edu/aat/300388277"", ""labels"": [{""id"": ""39e49408-de39-44db-a191-fe36a5f04cfc"", ""value"": ""English (language)"", ""language_id"": ""en"", ""list_item_id"": ""38729dbe-6d1c-48ce-bf47-e2a18945600e"", ""valuetype_id"": ""prefLabel""}], ""list_id"": ""f7fc4f6d-fd46-4881-846f-4a08bc1a3fef""}]"
4dac8347-5f30-43c0-a3a7-8467e24ff8f3,36956e50-d770-11ef-8f5d-0275dc2ded29,166c7b56-b36e-4cfa-9dc0-7d232f147d69,1,f0f223b4-532b-456f-a0a2-629efb6836e0,"{""en"": {""value"": ""L.A. Art Store (Oil)"", ""direction"": ""ltr""}}","[{""uri"": ""http://vocab.getty.edu/aat/300404670"", ""labels"": [{""id"": ""b379db2b-3066-4a46-8e8d-f70ad539323e"", ""value"": ""preferred terms"", ""language_id"": ""en"", ""list_item_id"": ""5f400d39-3b6b-4b8a-939b-4e49787c7444"", ""valuetype_id"": ""prefLabel""}], ""list_id"": ""80028d07-9c98-48cf-84db-f77bc01c8bbc""}]","[{""uri"": ""http://vocab.getty.edu/aat/300388277"", ""labels"": [{""id"": ""39e49408-de39-44db-a191-fe36a5f04cfc"", ""value"": ""English (language)"", ""language_id"": ""en"", ""list_item_id"": ""38729dbe-6d1c-48ce-bf47-e2a18945600e"", ""valuetype_id"": ""prefLabel""}], ""list_id"": ""f7fc4f6d-fd46-4881-846f-4a08bc1a3fef""}]"
a4c9fca5-4ad7-4098-b09d-1ae35c1360d4,36956e50-d770-11ef-8f5d-0275dc2ded29,166c7b56-b36e-4cfa-9dc0-7d232f147d69,1,2df05f68-9aa5-4eea-b7af-7aa566e1736d,"{""en"": {""value"": ""Artex Manufacturing Co."", ""direction"": ""ltr""}}","[{""uri"": ""http://vocab.getty.edu/aat/300404670"", ""labels"": [{""id"": ""b379db2b-3066-4a46-8e8d-f70ad539323e"", ""value"": ""preferred terms"", ""language_id"": ""en"", ""list_item_id"": ""5f400d39-3b6b-4b8a-939b-4e49787c7444"", ""valuetype_id"": ""prefLabel""}], ""list_id"": ""80028d07-9c98-48cf-84db-f77bc01c8bbc""}]","[{""uri"": ""http://vocab.getty.edu/aat/300388277"", ""labels"": [{""id"": ""39e49408-de39-44db-a191-fe36a5f04cfc"", ""value"": ""English (language)"", ""language_id"": ""en"", ""list_item_id"": ""38729dbe-6d1c-48ce-bf47-e2a18945600e"", ""valuetype_id"": ""prefLabel""}], ""list_id"": ""f7fc4f6d-fd46-4881-846f-4a08bc1a3fef""}]"
12f976b1-73c3-4c8a-80df-89d3216bff10,36956e50-d770-11ef-8f5d-0275dc2ded29,166c7b56-b36e-4cfa-9dc0-7d232f147d69,1,47721f24-ec23-46a3-afe2-30cfe0f2f4ee,"{""en"": {""value"": ""Ward's Natural Science Establishment, Inc."", ""direction"": ""ltr""}}","[{""uri"": ""http://vocab.getty.edu/aat/300404670"", ""labels"": [{""id"": ""b379db2b-3066-4a46-8e8d-f70ad539323e"", ""value"": ""preferred terms"", ""language_id"": ""en"", ""list_item_id"": ""5f400d39-3b6b-4b8a-939b-4e49787c7444"", ""valuetype_id"": ""prefLabel""}], ""list_id"": ""80028d07-9c98-48cf-84db-f77bc01c8bbc""}]","[{""uri"": ""http://vocab.getty.edu/aat/300388277"", ""labels"": [{""id"": ""39e49408-de39-44db-a191-fe36a5f04cfc"", ""value"": ""English (language)"", ""language_id"": ""en"", ""list_item_id"": ""38729dbe-6d1c-48ce-bf47-e2a18945600e"", ""valuetype_id"": ""prefLabel""}], ""list_id"": ""f7fc4f6d-fd46-4881-846f-4a08bc1a3fef""}]"
2901a0e7-8b2c-4371-8644-e4c59a81561f,36956e50-d770-11ef-8f5d-0275dc2ded29,166c7b56-b36e-4cfa-9dc0-7d232f147d69,1,5afc8b46-1c5b-4995-84ab-a8e85b796348,"{""en"": {""value"": ""Alba Guerrero"", ""direction"": ""ltr""}}","[{""uri"": ""http://vocab.getty.edu/aat/300404670"", ""labels"": [{""id"": ""b379db2b-3066-4a46-8e8d-f70ad539323e"", ""value"": ""preferred terms"", ""language_id"": ""en"", ""list_item_id"": ""5f400d39-3b6b-4b8a-939b-4e49787c7444"", ""valuetype_id"": ""prefLabel""}], ""list_id"": ""80028d07-9c98-48cf-84db-f77bc01c8bbc""}]","[{""uri"": ""http://vocab.getty.edu/aat/300388277"", ""labels"": [{""id"": ""39e49408-de39-44db-a191-fe36a5f04cfc"", ""value"": ""English (language)"", ""language_id"": ""en"", ""list_item_id"": ""38729dbe-6d1c-48ce-bf47-e2a18945600e"", ""valuetype_id"": ""prefLabel""}], ""list_id"": ""f7fc4f6d-fd46-4881-846f-4a08bc1a3fef""}]"
3642fba2-45bc-4944-b126-d93f3da51126,36956e50-d770-11ef-8f5d-0275dc2ded29,166c7b56-b36e-4cfa-9dc0-7d232f147d69,1,4cdaafb5-ef21-4e21-af90-20080a2ca44e,"{""en"": {""value"": ""Allied Corporation"", ""direction"": ""ltr""}}","[{""uri"": ""http://vocab.getty.edu/aat/300404670"", ""labels"": [{""id"": ""b379db2b-3066-4a46-8e8d-f70ad539323e"", ""value"": ""preferred terms"", ""language_id"": ""en"", ""list_item_id"": ""5f400d39-3b6b-4b8a-939b-4e49787c7444"", ""valuetype_id"": ""prefLabel""}], ""list_id"": ""80028d07-9c98-48cf-84db-f77bc01c8bbc""}]","[{""uri"": ""http://vocab.getty.edu/aat/300388277"", ""labels"": [{""id"": ""39e49408-de39-44db-a191-fe36a5f04cfc"", ""value"": ""English (language)"", ""language_id"": ""en"", ""list_item_id"": ""38729dbe-6d1c-48ce-bf47-e2a18945600e"", ""valuetype_id"": ""prefLabel""}], ""list_id"": ""f7fc4f6d-fd46-4881-846f-4a08bc1a3fef""}]"
cab4bb53-00d8-484e-ba52-cca175432515,36956e50-d770-11ef-8f5d-0275dc2ded29,166c7b56-b36e-4cfa-9dc0-7d232f147d69,1,a1e2c589-7f8d-4c44-9f72-88a0bc32b06b,"{""en"": {""value"": ""Scheveningen"", ""direction"": ""ltr""}}","[{""uri"": ""http://vocab.getty.edu/aat/300404670"", ""labels"": [{""id"": ""b379db2b-3066-4a46-8e8d-f70ad539323e"", ""value"": ""preferred terms"", ""language_id"": ""en"", ""list_item_id"": ""5f400d39-3b6b-4b8a-939b-4e49787c7444"", ""valuetype_id"": ""prefLabel""}], ""list_id"": ""80028d07-9c98-48cf-84db-f77bc01c8bbc""}]","[{""uri"": ""http://vocab.getty.edu/aat/300388277"", ""labels"": [{""id"": ""39e49408-de39-44db-a191-fe36a5f04cfc"", ""value"": ""English (language)"", ""language_id"": ""en"", ""list_item_id"": ""38729dbe-6d1c-48ce-bf47-e2a18945600e"", ""valuetype_id"": ""prefLabel""}], ""list_id"": ""f7fc4f6d-fd46-4881-846f-4a08bc1a3fef""}]"
14b86c31-ad33-4ee4-bc39-ae96f3ab8e06,36956e50-d770-11ef-8f5d-0275dc2ded29,166c7b56-b36e-4cfa-9dc0-7d232f147d69,1,0f9b9c60-60b4-4619-862d-dc170b30704a,"{""en"": {""value"": ""Clay Minerals Society - Univ. of Missouri"", ""direction"": ""ltr""}}","[{""uri"": ""http://vocab.getty.edu/aat/300404670"", ""labels"": [{""id"": ""b379db2b-3066-4a46-8e8d-f70ad539323e"", ""value"": ""preferred terms"", ""language_id"": ""en"", ""list_item_id"": ""5f400d39-3b6b-4b8a-939b-4e49787c7444"", ""valuetype_id"": ""prefLabel""}], ""list_id"": ""80028d07-9c98-48cf-84db-f77bc01c8bbc""}]","[{""uri"": ""http://vocab.getty.edu/aat/300388277"", ""labels"": [{""id"": ""39e49408-de39-44db-a191-fe36a5f04cfc"", ""value"": ""English (language)"", ""language_id"": ""en"", ""list_item_id"": ""38729dbe-6d1c-48ce-bf47-e2a18945600e"", ""valuetype_id"": ""prefLabel""}], ""list_id"": ""f7fc4f6d-fd46-4881-846f-4a08bc1a3fef""}]"
b3a42927-ad86-42b1-a71d-e6a35b68765c,36956e50-d770-11ef-8f5d-0275dc2ded29,166c7b56-b36e-4cfa-9dc0-7d232f147d69,1,e28255f5-096e-43de-bfe6-a70e82c895ba,"{""en"": {""value"": ""Younghusband Stephens & Co., Ltd--Barking & Rotherhithe"", ""direction"": ""ltr""}}","[{""uri"": ""http://vocab.getty.edu/aat/300404670"", ""labels"": [{""id"": ""b379db2b-3066-4a46-8e8d-f70ad539323e"", ""value"": ""preferred terms"", ""language_id"": ""en"", ""list_item_id"": ""5f400d39-3b6b-4b8a-939b-4e49787c7444"", ""valuetype_id"": ""prefLabel""}], ""list_id"": ""80028d07-9c98-48cf-84db-f77bc01c8bbc""}]","[{""uri"": ""http://vocab.getty.edu/aat/300388277"", ""labels"": [{""id"": ""39e49408-de39-44db-a191-fe36a5f04cfc"", ""value"": ""English (language)"", ""language_id"": ""en"", ""list_item_id"": ""38729dbe-6d1c-48ce-bf47-e2a18945600e"", ""valuetype_id"": ""prefLabel""}], ""list_id"": ""f7fc4f6d-fd46-4881-846f-4a08bc1a3fef""}]"
c2a8db58-f2de-4199-888c-05f8599c6a27,36956e50-d770-11ef-8f5d-0275dc2ded29,166c7b56-b36e-4cfa-9dc0-7d232f147d69,1,8f06a28e-2f23-4450-b39c-95f01389e257,"{""en"": {""value"": ""P.A.J. Gorin - UFPR"", ""direction"": ""ltr""}}","[{""uri"": ""http://vocab.getty.edu/aat/300404670"", ""labels"": [{""id"": ""b379db2b-3066-4a46-8e8d-f70ad539323e"", ""value"": ""preferred terms"", ""language_id"": ""en"", ""list_item_id"": ""5f400d39-3b6b-4b8a-939b-4e49787c7444"", ""valuetype_id"": ""prefLabel""}], ""list_id"": ""80028d07-9c98-48cf-84db-f77bc01c8bbc""}]","[{""uri"": ""http://vocab.getty.edu/aat/300388277"", ""labels"": [{""id"": ""39e49408-de39-44db-a191-fe36a5f04cfc"", ""value"": ""English (language)"", ""language_id"": ""en"", ""list_item_id"": ""38729dbe-6d1c-48ce-bf47-e2a18945600e"", ""valuetype_id"": ""prefLabel""}], ""list_id"": ""f7fc4f6d-fd46-4881-846f-4a08bc1a3fef""}]"
b39d20c4-9874-4ee2-ba2d-e96e7e466406,36956e50-d770-11ef-8f5d-0275dc2ded29,166c7b56-b36e-4cfa-9dc0-7d232f147d69,1,c6868ace-b564-4675-93e0-088fac9d1803,"{""en"": {""value"": ""encausticsupplies.com"", ""direction"": ""ltr""}}","[{""uri"": ""http://vocab.getty.edu/aat/300404670"", ""labels"": [{""id"": ""b379db2b-3066-4a46-8e8d-f70ad539323e"", ""value"": ""preferred terms"", ""language_id"": ""en"", ""list_item_id"": ""5f400d39-3b6b-4b8a-939b-4e49787c7444"", ""valuetype_id"": ""prefLabel""}], ""list_id"": ""80028d07-9c98-48cf-84db-f77bc01c8bbc""}]","[{""uri"": ""http://vocab.getty.edu/aat/300388277"", ""labels"": [{""id"": ""39e49408-de39-44db-a191-fe36a5f04cfc"", ""value"": ""English (language)"", ""language_id"": ""en"", ""list_item_id"": ""38729dbe-6d1c-48ce-bf47-e2a18945600e"", ""valuetype_id"": ""prefLabel""}], ""list_id"": ""f7fc4f6d-fd46-4881-846f-4a08bc1a3fef""}]"
73d455ea-e7c2-4a09-b721-a860748d8b3b,36956e50-d770-11ef-8f5d-0275dc2ded29,166c7b56-b36e-4cfa-9dc0-7d232f147d69,1,a26027a1-9e71-4385-9d2c-c7b68d22301d,"{""en"": {""value"": ""by Laurie"", ""direction"": ""ltr""}}","[{""uri"": ""http://vocab.getty.edu/aat/300404670"", ""labels"": [{""id"": ""b379db2b-3066-4a46-8e8d-f70ad539323e"", ""value"": ""preferred terms"", ""language_id"": ""en"", ""list_item_id"": ""5f400d39-3b6b-4b8a-939b-4e49787c7444"", ""valuetype_id"": ""prefLabel""}], ""list_id"": ""80028d07-9c98-48cf-84db-f77bc01c8bbc""}]","[{""uri"": ""http://vocab.getty.edu/aat/300388277"", ""labels"": [{""id"": ""39e49408-de39-44db-a191-fe36a5f04cfc"", ""value"": ""English (language)"", ""language_id"": ""en"", ""list_item_id"": ""38729dbe-6d1c-48ce-bf47-e2a18945600e"", ""valuetype_id"": ""prefLabel""}], ""list_id"": ""f7fc4f6d-fd46-4881-846f-4a08bc1a3fef""}]"
9552110a-bf86-4b40-937b-195c6e67f85d,36956e50-d770-11ef-8f5d-0275dc2ded29,166c7b56-b36e-4cfa-9dc0-7d232f147d69,1,d4c4b57e-28d5-443c-a8e6-7309502e2bad,"{""en"": {""value"": ""Chardin"", ""direction"": ""ltr""}}","[{""uri"": ""http://vocab.getty.edu/aat/300404670"", ""labels"": [{""id"": ""b379db2b-3066-4a46-8e8d-f70ad539323e"", ""value"": ""preferred terms"", ""language_id"": ""en"", ""list_item_id"": ""5f400d39-3b6b-4b8a-939b-4e49787c7444"", ""valuetype_id"": ""prefLabel""}], ""list_id"": ""80028d07-9c98-48cf-84db-f77bc01c8bbc""}]","[{""uri"": ""http://vocab.getty.edu/aat/300388277"", ""labels"": [{""id"": ""39e49408-de39-44db-a191-fe36a5f04cfc"", ""value"": ""English (language)"", ""language_id"": ""en"", ""list_item_id"": ""38729dbe-6d1c-48ce-bf47-e2a18945600e"", ""valuetype_id"": ""prefLabel""}], ""list_id"": ""f7fc4f6d-fd46-4881-846f-4a08bc1a3fef""}]"
30222982-6d6b-4810-a12f-b307236bb722,36956e50-d770-11ef-8f5d-0275dc2ded29,166c7b56-b36e-4cfa-9dc0-7d232f147d69,1,3e6c1486-69d2-4bb8-974e-a9139ab7ccf7,"{""en"": {""value"": ""Fleischman"", ""direction"": ""ltr""}}","[{""uri"": ""http://vocab.getty.edu/aat/300404670"", ""labels"": [{""id"": ""b379db2b-3066-4a46-8e8d-f70ad539323e"", ""value"": ""preferred terms"", ""language_id"": ""en"", ""list_item_id"": ""5f400d39-3b6b-4b8a-939b-4e49787c7444"", ""valuetype_id"": ""prefLabel""}], ""list_id"": ""80028d07-9c98-48cf-84db-f77bc01c8bbc""}]","[{""uri"": ""http://vocab.getty.edu/aat/300388277"", ""labels"": [{""id"": ""39e49408-de39-44db-a191-fe36a5f04cfc"", ""value"": ""English (language)"", ""language_id"": ""en"", ""list_item_id"": ""38729dbe-6d1c-48ce-bf47-e2a18945600e"", ""valuetype_id"": ""prefLabel""}], ""list_id"": ""f7fc4f6d-fd46-4881-846f-4a08bc1a3fef""}]"
efcbf238-7d55-4c3d-b8f1-a08ab8f1e93a,36956e50-d770-11ef-8f5d-0275dc2ded29,166c7b56-b36e-4cfa-9dc0-7d232f147d69,1,af8cc853-c7c3-45b1-add8-cf3f09f94690,"{""en"": {""value"": ""Ole's Hardware Store"", ""direction"": ""ltr""}}","[{""uri"": ""http://vocab.getty.edu/aat/300404670"", ""labels"": [{""id"": ""b379db2b-3066-4a46-8e8d-f70ad539323e"", ""value"": ""preferred terms"", ""language_id"": ""en"", ""list_item_id"": ""5f400d39-3b6b-4b8a-939b-4e49787c7444"", ""valuetype_id"": ""prefLabel""}], ""list_id"": ""80028d07-9c98-48cf-84db-f77bc01c8bbc""}]","[{""uri"": ""http://vocab.getty.edu/aat/300388277"", ""labels"": [{""id"": ""39e49408-de39-44db-a191-fe36a5f04cfc"", ""value"": ""English (language)"", ""language_id"": ""en"", ""list_item_id"": ""38729dbe-6d1c-48ce-bf47-e2a18945600e"", ""valuetype_id"": ""prefLabel""}], ""list_id"": ""f7fc4f6d-fd46-4881-846f-4a08bc1a3fef""}]"
ab6528b3-18d7-482e-a2a6-399440d2a78d,36956e50-d770-11ef-8f5d-0275dc2ded29,166c7b56-b36e-4cfa-9dc0-7d232f147d69,1,f718f0f7-8b68-47cb-b5ac-a212f008ff1f,"{""en"": {""value"": ""Rota"", ""direction"": ""ltr""}}","[{""uri"": ""http://vocab.getty.edu/aat/300404670"", ""labels"": [{""id"": ""b379db2b-3066-4a46-8e8d-f70ad539323e"", ""value"": ""preferred terms"", ""language_id"": ""en"", ""list_item_id"": ""5f400d39-3b6b-4b8a-939b-4e49787c7444"", ""valuetype_id"": ""prefLabel""}], ""list_id"": ""80028d07-9c98-48cf-84db-f77bc01c8bbc""}]","[{""uri"": ""http://vocab.getty.edu/aat/300388277"", ""labels"": [{""id"": ""39e49408-de39-44db-a191-fe36a5f04cfc"", ""value"": ""English (language)"", ""language_id"": ""en"", ""list_item_id"": ""38729dbe-6d1c-48ce-bf47-e2a18945600e"", ""valuetype_id"": ""prefLabel""}], ""list_id"": ""f7fc4f6d-fd46-4881-846f-4a08bc1a3fef""}]"
2acda793-95bd-4fcf-bcd3-fe66ad638cf1,36956e50-d770-11ef-8f5d-0275dc2ded29,166c7b56-b36e-4cfa-9dc0-7d232f147d69,1,263ee846-9dd0-478c-b9b6-ebaa64b03db8,"{""en"": {""value"": ""C. Kreul"", ""direction"": ""ltr""}}","[{""uri"": ""http://vocab.getty.edu/aat/300404670"", ""labels"": [{""id"": ""b379db2b-3066-4a46-8e8d-f70ad539323e"", ""value"": ""preferred terms"", ""language_id"": ""en"", ""list_item_id"": ""5f400d39-3b6b-4b8a-939b-4e49787c7444"", ""valuetype_id"": ""prefLabel""}], ""list_id"": ""80028d07-9c98-48cf-84db-f77bc01c8bbc""}]","[{""uri"": ""http://vocab.getty.edu/aat/300388277"", ""labels"": [{""id"": ""39e49408-de39-44db-a191-fe36a5f04cfc"", ""value"": ""English (language)"", ""language_id"": ""en"", ""list_item_id"": ""38729dbe-6d1c-48ce-bf47-e2a18945600e"", ""valuetype_id"": ""prefLabel""}], ""list_id"": ""f7fc4f6d-fd46-4881-846f-4a08bc1a3fef""}]"
090067b1-70e9-4b26-9ca8-12859dd65caf,36956e50-d770-11ef-8f5d-0275dc2ded29,166c7b56-b36e-4cfa-9dc0-7d232f147d69,1,5514f9f6-3d04-412a-aac2-71aa1d34c1b8,"{""en"": {""value"": ""Guillero Corella"", ""direction"": ""ltr""}}","[{""uri"": ""http://vocab.getty.edu/aat/300404670"", ""labels"": [{""id"": ""b379db2b-3066-4a46-8e8d-f70ad539323e"", ""value"": ""preferred terms"", ""language_id"": ""en"", ""list_item_id"": ""5f400d39-3b6b-4b8a-939b-4e49787c7444"", ""valuetype_id"": ""prefLabel""}], ""list_id"": ""80028d07-9c98-48cf-84db-f77bc01c8bbc""}]","[{""uri"": ""http://vocab.getty.edu/aat/300388277"", ""labels"": [{""id"": ""39e49408-de39-44db-a191-fe36a5f04cfc"", ""value"": ""English (language)"", ""language_id"": ""en"", ""list_item_id"": ""38729dbe-6d1c-48ce-bf47-e2a18945600e"", ""valuetype_id"": ""prefLabel""}], ""list_id"": ""f7fc4f6d-fd46-4881-846f-4a08bc1a3fef""}]"
72f46561-bee6-4dee-9b8b-1e4dc8c6d1d2,36956e50-d770-11ef-8f5d-0275dc2ded29,166c7b56-b36e-4cfa-9dc0-7d232f147d69,1,aea647fc-d4bf-4732-98ed-cc85b3b472f0,"{""en"": {""value"": ""Alphacolor"", ""direction"": ""ltr""}}","[{""uri"": ""http://vocab.getty.edu/aat/300404670"", ""labels"": [{""id"": ""b379db2b-3066-4a46-8e8d-f70ad539323e"", ""value"": ""preferred terms"", ""language_id"": ""en"", ""list_item_id"": ""5f400d39-3b6b-4b8a-939b-4e49787c7444"", ""valuetype_id"": ""prefLabel""}], ""list_id"": ""80028d07-9c98-48cf-84db-f77bc01c8bbc""}]","[{""uri"": ""http://vocab.getty.edu/aat/300388277"", ""labels"": [{""id"": ""39e49408-de39-44db-a191-fe36a5f04cfc"", ""value"": ""English (language)"", ""language_id"": ""en"", ""list_item_id"": ""38729dbe-6d1c-48ce-bf47-e2a18945600e"", ""valuetype_id"": ""prefLabel""}], ""list_id"": ""f7fc4f6d-fd46-4881-846f-4a08bc1a3fef""}]"
059a8994-c41f-4561-a301-8368d507ff52,36956e50-d770-11ef-8f5d-0275dc2ded29,166c7b56-b36e-4cfa-9dc0-7d232f147d69,1,cf046688-5839-4ae9-839f-54332be6e2e4,"{""en"": {""value"": ""Scuea Buonamici"", ""direction"": ""ltr""}}","[{""uri"": ""http://vocab.getty.edu/aat/300404670"", ""labels"": [{""id"": ""b379db2b-3066-4a46-8e8d-f70ad539323e"", ""value"": ""preferred terms"", ""language_id"": ""en"", ""list_item_id"": ""5f400d39-3b6b-4b8a-939b-4e49787c7444"", ""valuetype_id"": ""prefLabel""}], ""list_id"": ""80028d07-9c98-48cf-84db-f77bc01c8bbc""}]","[{""uri"": ""http://vocab.getty.edu/aat/300388277"", ""labels"": [{""id"": ""39e49408-de39-44db-a191-fe36a5f04cfc"", ""value"": ""English (language)"", ""language_id"": ""en"", ""list_item_id"": ""38729dbe-6d1c-48ce-bf47-e2a18945600e"", ""valuetype_id"": ""prefLabel""}], ""list_id"": ""f7fc4f6d-fd46-4881-846f-4a08bc1a3fef""}]"
35274597-cd68-4ce4-ad13-6c0ace08f087,36956e50-d770-11ef-8f5d-0275dc2ded29,166c7b56-b36e-4cfa-9dc0-7d232f147d69,1,7c0e9939-f75b-4724-bb4d-0eeefef5ef46,"{""en"": {""value"": ""JPGM Antiquities Conservation"", ""direction"": ""ltr""}}","[{""uri"": ""http://vocab.getty.edu/aat/300404670"", ""labels"": [{""id"": ""b379db2b-3066-4a46-8e8d-f70ad539323e"", ""value"": ""preferred terms"", ""language_id"": ""en"", ""list_item_id"": ""5f400d39-3b6b-4b8a-939b-4e49787c7444"", ""valuetype_id"": ""prefLabel""}], ""list_id"": ""80028d07-9c98-48cf-84db-f77bc01c8bbc""}]","[{""uri"": ""http://vocab.getty.edu/aat/300388277"", ""labels"": [{""id"": ""39e49408-de39-44db-a191-fe36a5f04cfc"", ""value"": ""English (language)"", ""language_id"": ""en"", ""list_item_id"": ""38729dbe-6d1c-48ce-bf47-e2a18945600e"", ""valuetype_id"": ""prefLabel""}], ""list_id"": ""f7fc4f6d-fd46-4881-846f-4a08bc1a3fef""}]"
ad8b0ee9-7953-4803-bdac-1a38d428d4fd,36956e50-d770-11ef-8f5d-0275dc2ded29,166c7b56-b36e-4cfa-9dc0-7d232f147d69,1,929021be-d5a2-4309-a9d8-71317a8a9a21,"{""en"": {""value"": ""E. Porta"", ""direction"": ""ltr""}}","[{""uri"": ""http://vocab.getty.edu/aat/300404670"", ""labels"": [{""id"": ""b379db2b-3066-4a46-8e8d-f70ad539323e"", ""value"": ""preferred terms"", ""language_id"": ""en"", ""list_item_id"": ""5f400d39-3b6b-4b8a-939b-4e49787c7444"", ""valuetype_id"": ""prefLabel""}], ""list_id"": ""80028d07-9c98-48cf-84db-f77bc01c8bbc""}]","[{""uri"": ""http://vocab.getty.edu/aat/300388277"", ""labels"": [{""id"": ""39e49408-de39-44db-a191-fe36a5f04cfc"", ""value"": ""English (language)"", ""language_id"": ""en"", ""list_item_id"": ""38729dbe-6d1c-48ce-bf47-e2a18945600e"", ""valuetype_id"": ""prefLabel""}], ""list_id"": ""f7fc4f6d-fd46-4881-846f-4a08bc1a3fef""}]"
a80d8ad5-c837-4a88-b547-0f92981fb0a8,36956e50-d770-11ef-8f5d-0275dc2ded29,166c7b56-b36e-4cfa-9dc0-7d232f147d69,1,6d347211-e404-4834-b1af-f284d574b506,"{""en"": {""value"": ""Dr. Ph. Martin's"", ""direction"": ""ltr""}}","[{""uri"": ""http://vocab.getty.edu/aat/300404670"", ""labels"": [{""id"": ""b379db2b-3066-4a46-8e8d-f70ad539323e"", ""value"": ""preferred terms"", ""language_id"": ""en"", ""list_item_id"": ""5f400d39-3b6b-4b8a-939b-4e49787c7444"", ""valuetype_id"": ""prefLabel""}], ""list_id"": ""80028d07-9c98-48cf-84db-f77bc01c8bbc""}]","[{""uri"": ""http://vocab.getty.edu/aat/300388277"", ""labels"": [{""id"": ""39e49408-de39-44db-a191-fe36a5f04cfc"", ""value"": ""English (language)"", ""language_id"": ""en"", ""list_item_id"": ""38729dbe-6d1c-48ce-bf47-e2a18945600e"", ""valuetype_id"": ""prefLabel""}], ""list_id"": ""f7fc4f6d-fd46-4881-846f-4a08bc1a3fef""}]"
af981582-c8d1-4b4b-b37e-a6a1a61269eb,36956e50-d770-11ef-8f5d-0275dc2ded29,166c7b56-b36e-4cfa-9dc0-7d232f147d69,1,8c6d668b-09f4-4e1d-9fe1-22c1be0656c7,"{""en"": {""value"": ""Hopkins Pwais & Son, Ltd."", ""direction"": ""ltr""}}","[{""uri"": ""http://vocab.getty.edu/aat/300404670"", ""labels"": [{""id"": ""b379db2b-3066-4a46-8e8d-f70ad539323e"", ""value"": ""preferred terms"", ""language_id"": ""en"", ""list_item_id"": ""5f400d39-3b6b-4b8a-939b-4e49787c7444"", ""valuetype_id"": ""prefLabel""}], ""list_id"": ""80028d07-9c98-48cf-84db-f77bc01c8bbc""}]","[{""uri"": ""http://vocab.getty.edu/aat/300388277"", ""labels"": [{""id"": ""39e49408-de39-44db-a191-fe36a5f04cfc"", ""value"": ""English (language)"", ""language_id"": ""en"", ""list_item_id"": ""38729dbe-6d1c-48ce-bf47-e2a18945600e"", ""valuetype_id"": ""prefLabel""}], ""list_id"": ""f7fc4f6d-fd46-4881-846f-4a08bc1a3fef""}]"
8361d98f-70ae-483d-9f43-897971acc3ef,36956e50-d770-11ef-8f5d-0275dc2ded29,166c7b56-b36e-4cfa-9dc0-7d232f147d69,1,e5ad7bd4-cd70-4dcd-bc7f-bbd0fffc5870,"{""en"": {""value"": ""Daniel Smith"", ""direction"": ""ltr""}}","[{""uri"": ""http://vocab.getty.edu/aat/300404670"", ""labels"": [{""id"": ""b379db2b-3066-4a46-8e8d-f70ad539323e"", ""value"": ""preferred terms"", ""language_id"": ""en"", ""list_item_id"": ""5f400d39-3b6b-4b8a-939b-4e49787c7444"", ""valuetype_id"": ""prefLabel""}], ""list_id"": ""80028d07-9c98-48cf-84db-f77bc01c8bbc""}]","[{""uri"": ""http://vocab.getty.edu/aat/300388277"", ""labels"": [{""id"": ""39e49408-de39-44db-a191-fe36a5f04cfc"", ""value"": ""English (language)"", ""language_id"": ""en"", ""list_item_id"": ""38729dbe-6d1c-48ce-bf47-e2a18945600e"", ""valuetype_id"": ""prefLabel""}], ""list_id"": ""f7fc4f6d-fd46-4881-846f-4a08bc1a3fef""}]"
c844b24a-e572-430c-bc04-b60994c13f9f,36956e50-d770-11ef-8f5d-0275dc2ded29,166c7b56-b36e-4cfa-9dc0-7d232f147d69,1,298a00b8-edd0-4ca9-8b0d-d343bd710218,"{""en"": {""value"": ""Hadassa Export Company, Ltd."", ""direction"": ""ltr""}}","[{""uri"": ""http://vocab.getty.edu/aat/300404670"", ""labels"": [{""id"": ""b379db2b-3066-4a46-8e8d-f70ad539323e"", ""value"": ""preferred terms"", ""language_id"": ""en"", ""list_item_id"": ""5f400d39-3b6b-4b8a-939b-4e49787c7444"", ""valuetype_id"": ""prefLabel""}], ""list_id"": ""80028d07-9c98-48cf-84db-f77bc01c8bbc""}]","[{""uri"": ""http://vocab.getty.edu/aat/300388277"", ""labels"": [{""id"": ""39e49408-de39-44db-a191-fe36a5f04cfc"", ""value"": ""English (language)"", ""language_id"": ""en"", ""list_item_id"": ""38729dbe-6d1c-48ce-bf47-e2a18945600e"", ""valuetype_id"": ""prefLabel""}], ""list_id"": ""f7fc4f6d-fd46-4881-846f-4a08bc1a3fef""}]"
8ff0e4e1-f422-4cb7-969a-7afda8c0ca1c,36956e50-d770-11ef-8f5d-0275dc2ded29,166c7b56-b36e-4cfa-9dc0-7d232f147d69,1,c4c9e030-5b10-4c79-9fa1-1c1fda667fee,"{""en"": {""value"": ""T. Hollis"", ""direction"": ""ltr""}}","[{""uri"": ""http://vocab.getty.edu/aat/300404670"", ""labels"": [{""id"": ""b379db2b-3066-4a46-8e8d-f70ad539323e"", ""value"": ""preferred terms"", ""language_id"": ""en"", ""list_item_id"": ""5f400d39-3b6b-4b8a-939b-4e49787c7444"", ""valuetype_id"": ""prefLabel""}], ""list_id"": ""80028d07-9c98-48cf-84db-f77bc01c8bbc""}]","[{""uri"": ""http://vocab.getty.edu/aat/300388277"", ""labels"": [{""id"": ""39e49408-de39-44db-a191-fe36a5f04cfc"", ""value"": ""English (language)"", ""language_id"": ""en"", ""list_item_id"": ""38729dbe-6d1c-48ce-bf47-e2a18945600e"", ""valuetype_id"": ""prefLabel""}], ""list_id"": ""f7fc4f6d-fd46-4881-846f-4a08bc1a3fef""}]"
5dc87c82-5010-446c-bb82-9f21bef0d77d,36956e50-d770-11ef-8f5d-0275dc2ded29,166c7b56-b36e-4cfa-9dc0-7d232f147d69,1,7ac1d09d-efb5-402c-a839-6443ba121bce,"{""en"": {""value"": ""Chemical & Pigment Co."", ""direction"": ""ltr""}}","[{""uri"": ""http://vocab.getty.edu/aat/300404670"", ""labels"": [{""id"": ""b379db2b-3066-4a46-8e8d-f70ad539323e"", ""value"": ""preferred terms"", ""language_id"": ""en"", ""list_item_id"": ""5f400d39-3b6b-4b8a-939b-4e49787c7444"", ""valuetype_id"": ""prefLabel""}], ""list_id"": ""80028d07-9c98-48cf-84db-f77bc01c8bbc""}]","[{""uri"": ""http://vocab.getty.edu/aat/300388277"", ""labels"": [{""id"": ""39e49408-de39-44db-a191-fe36a5f04cfc"", ""value"": ""English (language)"", ""language_id"": ""en"", ""list_item_id"": ""38729dbe-6d1c-48ce-bf47-e2a18945600e"", ""valuetype_id"": ""prefLabel""}], ""list_id"": ""f7fc4f6d-fd46-4881-846f-4a08bc1a3fef""}]"
5b0a8717-6cea-4bf4-8205-1479584d202a,36956e50-d770-11ef-8f5d-0275dc2ded29,166c7b56-b36e-4cfa-9dc0-7d232f147d69,1,065f3164-444d-409d-80f0-8b46933f4f1c,"{""en"": {""value"": ""Bayer AG"", ""direction"": ""ltr""}}","[{""uri"": ""http://vocab.getty.edu/aat/300404670"", ""labels"": [{""id"": ""b379db2b-3066-4a46-8e8d-f70ad539323e"", ""value"": ""preferred terms"", ""language_id"": ""en"", ""list_item_id"": ""5f400d39-3b6b-4b8a-939b-4e49787c7444"", ""valuetype_id"": ""prefLabel""}], ""list_id"": ""80028d07-9c98-48cf-84db-f77bc01c8bbc""}]","[{""uri"": ""http://vocab.getty.edu/aat/300388277"", ""labels"": [{""id"": ""39e49408-de39-44db-a191-fe36a5f04cfc"", ""value"": ""English (language)"", ""language_id"": ""en"", ""list_item_id"": ""38729dbe-6d1c-48ce-bf47-e2a18945600e"", ""valuetype_id"": ""prefLabel""}], ""list_id"": ""f7fc4f6d-fd46-4881-846f-4a08bc1a3fef""}]"
4afa33f3-9348-4545-a342-5607ab59bbe5,36956e50-d770-11ef-8f5d-0275dc2ded29,166c7b56-b36e-4cfa-9dc0-7d232f147d69,1,cd6d2a91-aa34-4805-bce0-3cac0edb72fa,"{""en"": {""value"": ""Oriental Photo Ind. Co., Ltd."", ""direction"": ""ltr""}}","[{""uri"": ""http://vocab.getty.edu/aat/300404670"", ""labels"": [{""id"": ""b379db2b-3066-4a46-8e8d-f70ad539323e"", ""value"": ""preferred terms"", ""language_id"": ""en"", ""list_item_id"": ""5f400d39-3b6b-4b8a-939b-4e49787c7444"", ""valuetype_id"": ""prefLabel""}], ""list_id"": ""80028d07-9c98-48cf-84db-f77bc01c8bbc""}]","[{""uri"": ""http://vocab.getty.edu/aat/300388277"", ""labels"": [{""id"": ""39e49408-de39-44db-a191-fe36a5f04cfc"", ""value"": ""English (language)"", ""language_id"": ""en"", ""list_item_id"": ""38729dbe-6d1c-48ce-bf47-e2a18945600e"", ""valuetype_id"": ""prefLabel""}], ""list_id"": ""f7fc4f6d-fd46-4881-846f-4a08bc1a3fef""}]"
64b2106d-af68-40dd-8940-3b776ccdde4a,36956e50-d770-11ef-8f5d-0275dc2ded29,166c7b56-b36e-4cfa-9dc0-7d232f147d69,1,73749f0f-328c-42a0-900f-a717a7b63094,"{""en"": {""value"": ""Gane Brothers & Lane, Inc."", ""direction"": ""ltr""}}","[{""uri"": ""http://vocab.getty.edu/aat/300404670"", ""labels"": [{""id"": ""b379db2b-3066-4a46-8e8d-f70ad539323e"", ""value"": ""preferred terms"", ""language_id"": ""en"", ""list_item_id"": ""5f400d39-3b6b-4b8a-939b-4e49787c7444"", ""valuetype_id"": ""prefLabel""}], ""list_id"": ""80028d07-9c98-48cf-84db-f77bc01c8bbc""}]","[{""uri"": ""http://vocab.getty.edu/aat/300388277"", ""labels"": [{""id"": ""39e49408-de39-44db-a191-fe36a5f04cfc"", ""value"": ""English (language)"", ""language_id"": ""en"", ""list_item_id"": ""38729dbe-6d1c-48ce-bf47-e2a18945600e"", ""valuetype_id"": ""prefLabel""}], ""list_id"": ""f7fc4f6d-fd46-4881-846f-4a08bc1a3fef""}]"
9e707bce-455f-43ca-8443-0866e13d26d7,36956e50-d770-11ef-8f5d-0275dc2ded29,166c7b56-b36e-4cfa-9dc0-7d232f147d69,1,89fe6f8f-7a6f-4292-8390-4f0ed17324b9,"{""en"": {""value"": ""Machado Araujo S/A"", ""direction"": ""ltr""}}","[{""uri"": ""http://vocab.getty.edu/aat/300404670"", ""labels"": [{""id"": ""b379db2b-3066-4a46-8e8d-f70ad539323e"", ""value"": ""preferred terms"", ""language_id"": ""en"", ""list_item_id"": ""5f400d39-3b6b-4b8a-939b-4e49787c7444"", ""valuetype_id"": ""prefLabel""}], ""list_id"": ""80028d07-9c98-48cf-84db-f77bc01c8bbc""}]","[{""uri"": ""http://vocab.getty.edu/aat/300388277"", ""labels"": [{""id"": ""39e49408-de39-44db-a191-fe36a5f04cfc"", ""value"": ""English (language)"", ""language_id"": ""en"", ""list_item_id"": ""38729dbe-6d1c-48ce-bf47-e2a18945600e"", ""valuetype_id"": ""prefLabel""}], ""list_id"": ""f7fc4f6d-fd46-4881-846f-4a08bc1a3fef""}]"
af51e2a5-35aa-413b-bb62-159efb0ecf61,36956e50-d770-11ef-8f5d-0275dc2ded29,166c7b56-b36e-4cfa-9dc0-7d232f147d69,1,f097071f-8c84-455c-974a-b5941fd9c7fb,"{""en"": {""value"": ""Aiko's Art Materials Import Inc."", ""direction"": ""ltr""}}","[{""uri"": ""http://vocab.getty.edu/aat/300404670"", ""labels"": [{""id"": ""b379db2b-3066-4a46-8e8d-f70ad539323e"", ""value"": ""preferred terms"", ""language_id"": ""en"", ""list_item_id"": ""5f400d39-3b6b-4b8a-939b-4e49787c7444"", ""valuetype_id"": ""prefLabel""}], ""list_id"": ""80028d07-9c98-48cf-84db-f77bc01c8bbc""}]","[{""uri"": ""http://vocab.getty.edu/aat/300388277"", ""labels"": [{""id"": ""39e49408-de39-44db-a191-fe36a5f04cfc"", ""value"": ""English (language)"", ""language_id"": ""en"", ""list_item_id"": ""38729dbe-6d1c-48ce-bf47-e2a18945600e"", ""valuetype_id"": ""prefLabel""}], ""list_id"": ""f7fc4f6d-fd46-4881-846f-4a08bc1a3fef""}]"
7df7c503-018b-40c4-88bf-874e3202a7fb,36956e50-d770-11ef-8f5d-0275dc2ded29,166c7b56-b36e-4cfa-9dc0-7d232f147d69,1,79f743c8-6131-4f4c-a872-7af333e505cb,"{""en"": {""value"": ""Stafford Allen & Sons; (Imported by CA Compack Foods Inc)"", ""direction"": ""ltr""}}","[{""uri"": ""http://vocab.getty.edu/aat/300404670"", ""labels"": [{""id"": ""b379db2b-3066-4a46-8e8d-f70ad539323e"", ""value"": ""preferred terms"", ""language_id"": ""en"", ""list_item_id"": ""5f400d39-3b6b-4b8a-939b-4e49787c7444"", ""valuetype_id"": ""prefLabel""}], ""list_id"": ""80028d07-9c98-48cf-84db-f77bc01c8bbc""}]","[{""uri"": ""http://vocab.getty.edu/aat/300388277"", ""labels"": [{""id"": ""39e49408-de39-44db-a191-fe36a5f04cfc"", ""value"": ""English (language)"", ""language_id"": ""en"", ""list_item_id"": ""38729dbe-6d1c-48ce-bf47-e2a18945600e"", ""valuetype_id"": ""prefLabel""}], ""list_id"": ""f7fc4f6d-fd46-4881-846f-4a08bc1a3fef""}]"
12e22b22-890f-4b20-a307-5b393e6a4adf,36956e50-d770-11ef-8f5d-0275dc2ded29,166c7b56-b36e-4cfa-9dc0-7d232f147d69,1,2076f00d-6f08-4929-99fd-c562956299d0,"{""en"": {""value"": ""Sennelier"", ""direction"": ""ltr""}}","[{""uri"": ""http://vocab.getty.edu/aat/300404670"", ""labels"": [{""id"": ""b379db2b-3066-4a46-8e8d-f70ad539323e"", ""value"": ""preferred terms"", ""language_id"": ""en"", ""list_item_id"": ""5f400d39-3b6b-4b8a-939b-4e49787c7444"", ""valuetype_id"": ""prefLabel""}], ""list_id"": ""80028d07-9c98-48cf-84db-f77bc01c8bbc""}]","[{""uri"": ""http://vocab.getty.edu/aat/300388277"", ""labels"": [{""id"": ""39e49408-de39-44db-a191-fe36a5f04cfc"", ""value"": ""English (language)"", ""language_id"": ""en"", ""list_item_id"": ""38729dbe-6d1c-48ce-bf47-e2a18945600e"", ""valuetype_id"": ""prefLabel""}], ""list_id"": ""f7fc4f6d-fd46-4881-846f-4a08bc1a3fef""}]"
28c5a630-ee13-407c-a786-53798c44035e,36956e50-d770-11ef-8f5d-0275dc2ded29,166c7b56-b36e-4cfa-9dc0-7d232f147d69,1,ab762246-f471-4acb-86d9-45a28436624c,"{""en"": {""value"": ""Carolina Biological Supply Company"", ""direction"": ""ltr""}}","[{""uri"": ""http://vocab.getty.edu/aat/300404670"", ""labels"": [{""id"": ""b379db2b-3066-4a46-8e8d-f70ad539323e"", ""value"": ""preferred terms"", ""language_id"": ""en"", ""list_item_id"": ""5f400d39-3b6b-4b8a-939b-4e49787c7444"", ""valuetype_id"": ""prefLabel""}], ""list_id"": ""80028d07-9c98-48cf-84db-f77bc01c8bbc""}]","[{""uri"": ""http://vocab.getty.edu/aat/300388277"", ""labels"": [{""id"": ""39e49408-de39-44db-a191-fe36a5f04cfc"", ""value"": ""English (language)"", ""language_id"": ""en"", ""list_item_id"": ""38729dbe-6d1c-48ce-bf47-e2a18945600e"", ""valuetype_id"": ""prefLabel""}], ""list_id"": ""f7fc4f6d-fd46-4881-846f-4a08bc1a3fef""}]"
2b57987a-cd0e-4ca3-a288-776620d61506,36956e50-d770-11ef-8f5d-0275dc2ded29,166c7b56-b36e-4cfa-9dc0-7d232f147d69,1,4b4d342d-1cd1-4caf-a38a-b03067fbb763,"{""en"": {""value"": ""Conservator's Products Company"", ""direction"": ""ltr""}}","[{""uri"": ""http://vocab.getty.edu/aat/300404670"", ""labels"": [{""id"": ""b379db2b-3066-4a46-8e8d-f70ad539323e"", ""value"": ""preferred terms"", ""language_id"": ""en"", ""list_item_id"": ""5f400d39-3b6b-4b8a-939b-4e49787c7444"", ""valuetype_id"": ""prefLabel""}], ""list_id"": ""80028d07-9c98-48cf-84db-f77bc01c8bbc""}]","[{""uri"": ""http://vocab.getty.edu/aat/300388277"", ""labels"": [{""id"": ""39e49408-de39-44db-a191-fe36a5f04cfc"", ""value"": ""English (language)"", ""language_id"": ""en"", ""list_item_id"": ""38729dbe-6d1c-48ce-bf47-e2a18945600e"", ""valuetype_id"": ""prefLabel""}], ""list_id"": ""f7fc4f6d-fd46-4881-846f-4a08bc1a3fef""}]"
6fc0f4a2-e8c6-4e0f-9bcc-91029cbe5346,36956e50-d770-11ef-8f5d-0275dc2ded29,166c7b56-b36e-4cfa-9dc0-7d232f147d69,1,b301d78b-b4d2-4de4-8375-068d694ed971,"{""en"": {""value"": ""Reeves and Sons, Ltd."", ""direction"": ""ltr""}}","[{""uri"": ""http://vocab.getty.edu/aat/300404670"", ""labels"": [{""id"": ""b379db2b-3066-4a46-8e8d-f70ad539323e"", ""value"": ""preferred terms"", ""language_id"": ""en"", ""list_item_id"": ""5f400d39-3b6b-4b8a-939b-4e49787c7444"", ""valuetype_id"": ""prefLabel""}], ""list_id"": ""80028d07-9c98-48cf-84db-f77bc01c8bbc""}]","[{""uri"": ""http://vocab.getty.edu/aat/300388277"", ""labels"": [{""id"": ""39e49408-de39-44db-a191-fe36a5f04cfc"", ""value"": ""English (language)"", ""language_id"": ""en"", ""list_item_id"": ""38729dbe-6d1c-48ce-bf47-e2a18945600e"", ""valuetype_id"": ""prefLabel""}], ""list_id"": ""f7fc4f6d-fd46-4881-846f-4a08bc1a3fef""}]"
dd6f9cfb-daad-4962-8588-1258241bedeb,36956e50-d770-11ef-8f5d-0275dc2ded29,166c7b56-b36e-4cfa-9dc0-7d232f147d69,1,db20ee6f-e862-4163-b676-398f5ce4198d,"{""en"": {""value"": ""Cowleys"", ""direction"": ""ltr""}}","[{""uri"": ""http://vocab.getty.edu/aat/300404670"", ""labels"": [{""id"": ""b379db2b-3066-4a46-8e8d-f70ad539323e"", ""value"": ""preferred terms"", ""language_id"": ""en"", ""list_item_id"": ""5f400d39-3b6b-4b8a-939b-4e49787c7444"", ""valuetype_id"": ""prefLabel""}], ""list_id"": ""80028d07-9c98-48cf-84db-f77bc01c8bbc""}]","[{""uri"": ""http://vocab.getty.edu/aat/300388277"", ""labels"": [{""id"": ""39e49408-de39-44db-a191-fe36a5f04cfc"", ""value"": ""English (language)"", ""language_id"": ""en"", ""list_item_id"": ""38729dbe-6d1c-48ce-bf47-e2a18945600e"", ""valuetype_id"": ""prefLabel""}], ""list_id"": ""f7fc4f6d-fd46-4881-846f-4a08bc1a3fef""}]"
5bfc9cdf-4aef-4d49-a09d-c51984adfdc3,36956e50-d770-11ef-8f5d-0275dc2ded29,166c7b56-b36e-4cfa-9dc0-7d232f147d69,1,0745179e-9210-467f-a778-6ee17379c3da,"{""en"": {""value"": ""Masury"", ""direction"": ""ltr""}}","[{""uri"": ""http://vocab.getty.edu/aat/300404670"", ""labels"": [{""id"": ""b379db2b-3066-4a46-8e8d-f70ad539323e"", ""value"": ""preferred terms"", ""language_id"": ""en"", ""list_item_id"": ""5f400d39-3b6b-4b8a-939b-4e49787c7444"", ""valuetype_id"": ""prefLabel""}], ""list_id"": ""80028d07-9c98-48cf-84db-f77bc01c8bbc""}]","[{""uri"": ""http://vocab.getty.edu/aat/300388277"", ""labels"": [{""id"": ""39e49408-de39-44db-a191-fe36a5f04cfc"", ""value"": ""English (language)"", ""language_id"": ""en"", ""list_item_id"": ""38729dbe-6d1c-48ce-bf47-e2a18945600e"", ""valuetype_id"": ""prefLabel""}], ""list_id"": ""f7fc4f6d-fd46-4881-846f-4a08bc1a3fef""}]"
9e2f644c-f822-4c0d-955e-c1110d27b5cb,36956e50-d770-11ef-8f5d-0275dc2ded29,166c7b56-b36e-4cfa-9dc0-7d232f147d69,1,0d3e22e3-4c46-4ae9-8964-9ccbf38c02f2,"{""en"": {""value"": ""Pohlmeyer Inc."", ""direction"": ""ltr""}}","[{""uri"": ""http://vocab.getty.edu/aat/300404670"", ""labels"": [{""id"": ""b379db2b-3066-4a46-8e8d-f70ad539323e"", ""value"": ""preferred terms"", ""language_id"": ""en"", ""list_item_id"": ""5f400d39-3b6b-4b8a-939b-4e49787c7444"", ""valuetype_id"": ""prefLabel""}], ""list_id"": ""80028d07-9c98-48cf-84db-f77bc01c8bbc""}]","[{""uri"": ""http://vocab.getty.edu/aat/300388277"", ""labels"": [{""id"": ""39e49408-de39-44db-a191-fe36a5f04cfc"", ""value"": ""English (language)"", ""language_id"": ""en"", ""list_item_id"": ""38729dbe-6d1c-48ce-bf47-e2a18945600e"", ""valuetype_id"": ""prefLabel""}], ""list_id"": ""f7fc4f6d-fd46-4881-846f-4a08bc1a3fef""}]"
ff81f685-201b-4065-bc7d-913e2ab782dd,36956e50-d770-11ef-8f5d-0275dc2ded29,166c7b56-b36e-4cfa-9dc0-7d232f147d69,1,abd13b80-e84b-4e0a-bc67-f5f88450cd09,"{""en"": {""value"": ""Fuji Photo Film Co., Ltd."", ""direction"": ""ltr""}}","[{""uri"": ""http://vocab.getty.edu/aat/300404670"", ""labels"": [{""id"": ""b379db2b-3066-4a46-8e8d-f70ad539323e"", ""value"": ""preferred terms"", ""language_id"": ""en"", ""list_item_id"": ""5f400d39-3b6b-4b8a-939b-4e49787c7444"", ""valuetype_id"": ""prefLabel""}], ""list_id"": ""80028d07-9c98-48cf-84db-f77bc01c8bbc""}]","[{""uri"": ""http://vocab.getty.edu/aat/300388277"", ""labels"": [{""id"": ""39e49408-de39-44db-a191-fe36a5f04cfc"", ""value"": ""English (language)"", ""language_id"": ""en"", ""list_item_id"": ""38729dbe-6d1c-48ce-bf47-e2a18945600e"", ""valuetype_id"": ""prefLabel""}], ""list_id"": ""f7fc4f6d-fd46-4881-846f-4a08bc1a3fef""}]"
e5d5e7bf-202e-49ae-b6ea-57e757303d71,36956e50-d770-11ef-8f5d-0275dc2ded29,166c7b56-b36e-4cfa-9dc0-7d232f147d69,1,ba89604c-4e85-4089-9922-430ad45203b0,"{""en"": {""value"": ""Omega Color"", ""direction"": ""ltr""}}","[{""uri"": ""http://vocab.getty.edu/aat/300404670"", ""labels"": [{""id"": ""b379db2b-3066-4a46-8e8d-f70ad539323e"", ""value"": ""preferred terms"", ""language_id"": ""en"", ""list_item_id"": ""5f400d39-3b6b-4b8a-939b-4e49787c7444"", ""valuetype_id"": ""prefLabel""}], ""list_id"": ""80028d07-9c98-48cf-84db-f77bc01c8bbc""}]","[{""uri"": ""http://vocab.getty.edu/aat/300388277"", ""labels"": [{""id"": ""39e49408-de39-44db-a191-fe36a5f04cfc"", ""value"": ""English (language)"", ""language_id"": ""en"", ""list_item_id"": ""38729dbe-6d1c-48ce-bf47-e2a18945600e"", ""valuetype_id"": ""prefLabel""}], ""list_id"": ""f7fc4f6d-fd46-4881-846f-4a08bc1a3fef""}]"
f7b565d0-8ebd-4580-b0d1-e60fb0d24cee,36956e50-d770-11ef-8f5d-0275dc2ded29,166c7b56-b36e-4cfa-9dc0-7d232f147d69,1,79fe19f1-f1b4-4e1f-a5f5-0879d90c1345,"{""en"": {""value"": ""Schumacher & Cie"", ""direction"": ""ltr""}}","[{""uri"": ""http://vocab.getty.edu/aat/300404670"", ""labels"": [{""id"": ""b379db2b-3066-4a46-8e8d-f70ad539323e"", ""value"": ""preferred terms"", ""language_id"": ""en"", ""list_item_id"": ""5f400d39-3b6b-4b8a-939b-4e49787c7444"", ""valuetype_id"": ""prefLabel""}], ""list_id"": ""80028d07-9c98-48cf-84db-f77bc01c8bbc""}]","[{""uri"": ""http://vocab.getty.edu/aat/300388277"", ""labels"": [{""id"": ""39e49408-de39-44db-a191-fe36a5f04cfc"", ""value"": ""English (language)"", ""language_id"": ""en"", ""list_item_id"": ""38729dbe-6d1c-48ce-bf47-e2a18945600e"", ""valuetype_id"": ""prefLabel""}], ""list_id"": ""f7fc4f6d-fd46-4881-846f-4a08bc1a3fef""}]"
6c481d70-0272-48a0-931b-af7864995000,36956e50-d770-11ef-8f5d-0275dc2ded29,166c7b56-b36e-4cfa-9dc0-7d232f147d69,1,062438f5-4776-4a94-822b-3269621c6109,"{""en"": {""value"": ""Excalibur Mineral Co."", ""direction"": ""ltr""}}","[{""uri"": ""http://vocab.getty.edu/aat/300404670"", ""labels"": [{""id"": ""b379db2b-3066-4a46-8e8d-f70ad539323e"", ""value"": ""preferred terms"", ""language_id"": ""en"", ""list_item_id"": ""5f400d39-3b6b-4b8a-939b-4e49787c7444"", ""valuetype_id"": ""prefLabel""}], ""list_id"": ""80028d07-9c98-48cf-84db-f77bc01c8bbc""}]","[{""uri"": ""http://vocab.getty.edu/aat/300388277"", ""labels"": [{""id"": ""39e49408-de39-44db-a191-fe36a5f04cfc"", ""value"": ""English (language)"", ""language_id"": ""en"", ""list_item_id"": ""38729dbe-6d1c-48ce-bf47-e2a18945600e"", ""valuetype_id"": ""prefLabel""}], ""list_id"": ""f7fc4f6d-fd46-4881-846f-4a08bc1a3fef""}]"
b69cfd93-5ab5-4340-a5c5-152c072077cf,36956e50-d770-11ef-8f5d-0275dc2ded29,166c7b56-b36e-4cfa-9dc0-7d232f147d69,1,009a7d3a-5291-4b4e-afce-cec1ba8ea0d8,"{""en"": {""value"": ""Kodak Limited, London"", ""direction"": ""ltr""}}","[{""uri"": ""http://vocab.getty.edu/aat/300404670"", ""labels"": [{""id"": ""b379db2b-3066-4a46-8e8d-f70ad539323e"", ""value"": ""preferred terms"", ""language_id"": ""en"", ""list_item_id"": ""5f400d39-3b6b-4b8a-939b-4e49787c7444"", ""valuetype_id"": ""prefLabel""}], ""list_id"": ""80028d07-9c98-48cf-84db-f77bc01c8bbc""}]","[{""uri"": ""http://vocab.getty.edu/aat/300388277"", ""labels"": [{""id"": ""39e49408-de39-44db-a191-fe36a5f04cfc"", ""value"": ""English (language)"", ""language_id"": ""en"", ""list_item_id"": ""38729dbe-6d1c-48ce-bf47-e2a18945600e"", ""valuetype_id"": ""prefLabel""}], ""list_id"": ""f7fc4f6d-fd46-4881-846f-4a08bc1a3fef""}]"
93282fe7-d87f-4eb7-b392-0debfc634e22,36956e50-d770-11ef-8f5d-0275dc2ded29,166c7b56-b36e-4cfa-9dc0-7d232f147d69,1,fb8ce7ea-56b3-4973-a438-340b9f22b4e5,"{""en"": {""value"": ""Mimosa Kiel"", ""direction"": ""ltr""}}","[{""uri"": ""http://vocab.getty.edu/aat/300404670"", ""labels"": [{""id"": ""b379db2b-3066-4a46-8e8d-f70ad539323e"", ""value"": ""preferred terms"", ""language_id"": ""en"", ""list_item_id"": ""5f400d39-3b6b-4b8a-939b-4e49787c7444"", ""valuetype_id"": ""prefLabel""}], ""list_id"": ""80028d07-9c98-48cf-84db-f77bc01c8bbc""}]","[{""uri"": ""http://vocab.getty.edu/aat/300388277"", ""labels"": [{""id"": ""39e49408-de39-44db-a191-fe36a5f04cfc"", ""value"": ""English (language)"", ""language_id"": ""en"", ""list_item_id"": ""38729dbe-6d1c-48ce-bf47-e2a18945600e"", ""valuetype_id"": ""prefLabel""}], ""list_id"": ""f7fc4f6d-fd46-4881-846f-4a08bc1a3fef""}]"
8742ece7-aef1-4633-a136-bc8e51837125,36956e50-d770-11ef-8f5d-0275dc2ded29,166c7b56-b36e-4cfa-9dc0-7d232f147d69,1,ceed871f-2960-4b2e-a70d-1893c1f568df,"{""en"": {""value"": ""Baird & Tatlock, Ltd."", ""direction"": ""ltr""}}","[{""uri"": ""http://vocab.getty.edu/aat/300404670"", ""labels"": [{""id"": ""b379db2b-3066-4a46-8e8d-f70ad539323e"", ""value"": ""preferred terms"", ""language_id"": ""en"", ""list_item_id"": ""5f400d39-3b6b-4b8a-939b-4e49787c7444"", ""valuetype_id"": ""prefLabel""}], ""list_id"": ""80028d07-9c98-48cf-84db-f77bc01c8bbc""}]","[{""uri"": ""http://vocab.getty.edu/aat/300388277"", ""labels"": [{""id"": ""39e49408-de39-44db-a191-fe36a5f04cfc"", ""value"": ""English (language)"", ""language_id"": ""en"", ""list_item_id"": ""38729dbe-6d1c-48ce-bf47-e2a18945600e"", ""valuetype_id"": ""prefLabel""}], ""list_id"": ""f7fc4f6d-fd46-4881-846f-4a08bc1a3fef""}]"
3aaa93a8-9401-40a6-8d20-1d8e1b8373c6,36956e50-d770-11ef-8f5d-0275dc2ded29,166c7b56-b36e-4cfa-9dc0-7d232f147d69,1,267c78e0-2612-41e1-8b00-1488a91d04d3,"{""en"": {""value"": ""LeFranc & Bourgeois"", ""direction"": ""ltr""}}","[{""uri"": ""http://vocab.getty.edu/aat/300404670"", ""labels"": [{""id"": ""b379db2b-3066-4a46-8e8d-f70ad539323e"", ""value"": ""preferred terms"", ""language_id"": ""en"", ""list_item_id"": ""5f400d39-3b6b-4b8a-939b-4e49787c7444"", ""valuetype_id"": ""prefLabel""}], ""list_id"": ""80028d07-9c98-48cf-84db-f77bc01c8bbc""}]","[{""uri"": ""http://vocab.getty.edu/aat/300388277"", ""labels"": [{""id"": ""39e49408-de39-44db-a191-fe36a5f04cfc"", ""value"": ""English (language)"", ""language_id"": ""en"", ""list_item_id"": ""38729dbe-6d1c-48ce-bf47-e2a18945600e"", ""valuetype_id"": ""prefLabel""}], ""list_id"": ""f7fc4f6d-fd46-4881-846f-4a08bc1a3fef""}]"
dbe974c5-d3e7-49be-b45c-937c165df2e5,36956e50-d770-11ef-8f5d-0275dc2ded29,166c7b56-b36e-4cfa-9dc0-7d232f147d69,1,961e1c97-4e18-4cab-84ba-b9fa46571f60,"{""en"": {""value"": ""Chaparral Mountain Honey Co."", ""direction"": ""ltr""}}","[{""uri"": ""http://vocab.getty.edu/aat/300404670"", ""labels"": [{""id"": ""b379db2b-3066-4a46-8e8d-f70ad539323e"", ""value"": ""preferred terms"", ""language_id"": ""en"", ""list_item_id"": ""5f400d39-3b6b-4b8a-939b-4e49787c7444"", ""valuetype_id"": ""prefLabel""}], ""list_id"": ""80028d07-9c98-48cf-84db-f77bc01c8bbc""}]","[{""uri"": ""http://vocab.getty.edu/aat/300388277"", ""labels"": [{""id"": ""39e49408-de39-44db-a191-fe36a5f04cfc"", ""value"": ""English (language)"", ""language_id"": ""en"", ""list_item_id"": ""38729dbe-6d1c-48ce-bf47-e2a18945600e"", ""valuetype_id"": ""prefLabel""}], ""list_id"": ""f7fc4f6d-fd46-4881-846f-4a08bc1a3fef""}]"
e3958f5b-a3ed-41a6-9710-42643309ea7d,36956e50-d770-11ef-8f5d-0275dc2ded29,166c7b56-b36e-4cfa-9dc0-7d232f147d69,1,31c94b69-71fe-44fe-a0a1-e491d119e03a,"{""en"": {""value"": ""Morgan Company"", ""direction"": ""ltr""}}","[{""uri"": ""http://vocab.getty.edu/aat/300404670"", ""labels"": [{""id"": ""b379db2b-3066-4a46-8e8d-f70ad539323e"", ""value"": ""preferred terms"", ""language_id"": ""en"", ""list_item_id"": ""5f400d39-3b6b-4b8a-939b-4e49787c7444"", ""valuetype_id"": ""prefLabel""}], ""list_id"": ""80028d07-9c98-48cf-84db-f77bc01c8bbc""}]","[{""uri"": ""http://vocab.getty.edu/aat/300388277"", ""labels"": [{""id"": ""39e49408-de39-44db-a191-fe36a5f04cfc"", ""value"": ""English (language)"", ""language_id"": ""en"", ""list_item_id"": ""38729dbe-6d1c-48ce-bf47-e2a18945600e"", ""valuetype_id"": ""prefLabel""}], ""list_id"": ""f7fc4f6d-fd46-4881-846f-4a08bc1a3fef""}]"
ecad7c1a-2495-4f1e-9c22-4e9a0369f5a7,36956e50-d770-11ef-8f5d-0275dc2ded29,166c7b56-b36e-4cfa-9dc0-7d232f147d69,1,abaa70c0-504f-4ad1-9079-d2e96894b9a8,"{""en"": {""value"": ""Arrowhead Mills"", ""direction"": ""ltr""}}","[{""uri"": ""http://vocab.getty.edu/aat/300404670"", ""labels"": [{""id"": ""b379db2b-3066-4a46-8e8d-f70ad539323e"", ""value"": ""preferred terms"", ""language_id"": ""en"", ""list_item_id"": ""5f400d39-3b6b-4b8a-939b-4e49787c7444"", ""valuetype_id"": ""prefLabel""}], ""list_id"": ""80028d07-9c98-48cf-84db-f77bc01c8bbc""}]","[{""uri"": ""http://vocab.getty.edu/aat/300388277"", ""labels"": [{""id"": ""39e49408-de39-44db-a191-fe36a5f04cfc"", ""value"": ""English (language)"", ""language_id"": ""en"", ""list_item_id"": ""38729dbe-6d1c-48ce-bf47-e2a18945600e"", ""valuetype_id"": ""prefLabel""}], ""list_id"": ""f7fc4f6d-fd46-4881-846f-4a08bc1a3fef""}]"
