resourceinstanceid,graphid,graphpublicationid,principaluser_id,comp1_statement_tileid,comp1_statement_part_statement_content,comp1_statement_part_statement_type,comp1_statement_part_statement_language,comp2_statement_tileid,comp2_statement_part_statement_content,comp2_statement_part_statement_type,comp2_statement_part_statement_language,comp1_tileid,comp1_part_name_content,comp1_part_name_type,comp1_part_name_language,comp1_part_type,comp1_n_tileid,comp1_n_part_dimension_value_,comp1_n_part_dimension_type_,comp1_n_part_dimension_unit,comp2_tileid,comp2_part_name_content,comp2_part_name_type,comp2_part_name_language,comp2_part_type,comp2_n_tileid,comp2_n_part_dimension_value_,comp2_n_part_dimension_type_,comp2_n_part_dimension_unit,comp3_tileid,comp3_part_type,comp3_statement_tileid,comp3_statement_part_statement_content,comp3_statement_part_statement_type,comp3_statement_part_statement_language
3b0442e9-661d-493e-bf1d-be06e8d07d42,d4e956f7-9fad-4fd2-94e3-563a3b2c3585,a4ea5a7a-d7f0-11ef-a75a-0275dc2ded29,1,ead55834-a33b-44b7-9339-4a1ca1dff9f7,"{""en"": {""value"": ""Rabbit skin glue"", ""direction"": ""ltr""}}",[],[],36398399-85c3-478f-a7df-97e8794be285,"{""en"": {""value"": ""water?"", ""direction"": ""ltr""}}",[],[],,,,,,,,,,,,,,,,,,,,,,,,
b0917f1a-36ec-44ea-afad-dbbf7d5447a5,d4e956f7-9fad-4fd2-94e3-563a3b2c3585,a4ea5a7a-d7f0-11ef-a75a-0275dc2ded29,1,52cc6cab-eb6c-4f25-a59c-23b7091dc693,"{""en"": {""value"": ""Rabbit skin glue"", ""direction"": ""ltr""}}",[],[],318bc6cf-6e73-49b8-84f0-400bb527e5ea,"{""en"": {""value"": ""water?"", ""direction"": ""ltr""}}",[],[],,,,,,,,,,,,,,,,,,,,,,,,
d61e2d21-b830-4e49-b0b8-6a9b4638d2c7,d4e956f7-9fad-4fd2-94e3-563a3b2c3585,a4ea5a7a-d7f0-11ef-a75a-0275dc2ded29,1,91595119-faa5-41bb-9be8-aee8a36d524b,"{""en"": {""value"": ""Rabbit skin glue"", ""direction"": ""ltr""}}",[],[],974f5a2e-c04f-47c9-be49-72893d9c522d,"{""en"": {""value"": ""water?"", ""direction"": ""ltr""}}",[],[],,,,,,,,,,,,,,,,,,,,,,,,
b03bd02d-841e-4d02-96ed-0bece3d04a4f,d4e956f7-9fad-4fd2-94e3-563a3b2c3585,a4ea5a7a-d7f0-11ef-a75a-0275dc2ded29,1,c8019bab-39e0-437c-aab2-ec5c6d7aa5fd,"{""en"": {""value"": ""Gum arabic"", ""direction"": ""ltr""}}",[],[],df872fac-1ec1-470f-a575-a442410dfbc0,"{""en"": {""value"": ""water?"", ""direction"": ""ltr""}}",[],[],,,,,,,,,,,,,,,,,,,,,,,,
56d6046a-2466-47f6-8332-0c919a6b686c,d4e956f7-9fad-4fd2-94e3-563a3b2c3585,a4ea5a7a-d7f0-11ef-a75a-0275dc2ded29,1,1ba23c45-a6c2-4186-9ed5-40854155b1e6,"{""en"": {""value"": ""Gum arabic"", ""direction"": ""ltr""}}",[],[],c1cc8df2-0fbe-47ac-8fc4-79d0fdbe2081,"{""en"": {""value"": ""water?"", ""direction"": ""ltr""}}",[],[],,,,,,,,,,,,,,,,,,,,,,,,
53ff805c-c13f-4f84-9110-708a0a3b429d,d4e956f7-9fad-4fd2-94e3-563a3b2c3585,a4ea5a7a-d7f0-11ef-a75a-0275dc2ded29,1,dc72e0d9-817a-4e60-a8af-5ef98de10a6d,"{""en"": {""value"": ""0.040 g linseed oil"", ""direction"": ""ltr""}}",[],[],cf8b9580-b15a-4a4c-b8d6-4d28991af0e2,"{""en"": {""value"": ""39.960 g dammar resin"", ""direction"": ""ltr""}}",[],[],8fabfa95-366f-4f36-a61b-3c9a511a86b7,"{""en"": {""value"": ""linseed oil"", ""direction"": ""ltr""}}",[],[],[],919d4cb1-0c27-437c-9e37-5e4e8b478659,0.04,[],[],76220bad-f5ce-4a61-bb3b-4f5053016f24,"{""en"": {""value"": ""dammar resin"", ""direction"": ""ltr""}}",[],[],[],81e9b7ad-8b7f-4faa-9186-5e648c6573c3,39.96,[],[],,,,,,
10f25076-5449-4540-b33f-4135228b5566,d4e956f7-9fad-4fd2-94e3-563a3b2c3585,a4ea5a7a-d7f0-11ef-a75a-0275dc2ded29,1,56b35ec2-aac6-4ab1-867f-20b50589375c,"{""en"": {""value"": ""0.040 g linseed oil"", ""direction"": ""ltr""}}",[],[],7fc266a7-6c54-466f-a899-6b3ddc12308b,"{""en"": {""value"": ""39.960 g dammar resin"", ""direction"": ""ltr""}}",[],[],0f37f69b-16c8-4214-8432-cbeccc49ce24,"{""en"": {""value"": ""linseed oil"", ""direction"": ""ltr""}}",[],[],[],6cf46f5d-f4da-4032-8e91-2e5cb2de3441,0.04,[],[],8ffddabe-6ac9-448f-b96d-43575afac2d8,"{""en"": {""value"": ""dammar resin"", ""direction"": ""ltr""}}",[],[],[],0c6535bb-dd51-4916-a57f-02e80daf7734,39.96,[],[],,,,,,
46276f2a-b70b-496c-8577-a01e00b09d7c,d4e956f7-9fad-4fd2-94e3-563a3b2c3585,a4ea5a7a-d7f0-11ef-a75a-0275dc2ded29,1,fb8904de-aaf0-446e-be2d-6f64a8a8a811,"{""en"": {""value"": ""0.040 g linseed oil"", ""direction"": ""ltr""}}",[],[],db6a6a21-75bf-4c4c-a401-9661106cd5f3,"{""en"": {""value"": ""39.960 g dammar resin"", ""direction"": ""ltr""}}",[],[],fd2265f5-3ad0-463b-9b60-8163af8d4b83,"{""en"": {""value"": ""linseed oil"", ""direction"": ""ltr""}}",[],[],[],0fd2ace6-9d1c-4390-94c7-f2b69b05c3c4,0.04,[],[],8a29f85d-201e-4b41-8bda-c78258d24e58,"{""en"": {""value"": ""dammar resin"", ""direction"": ""ltr""}}",[],[],[],65a7dd63-8045-4aa2-a87e-49a91e922d05,39.96,[],[],,,,,,
c854d91d-3504-4e48-b61b-bbec668e00a8,d4e956f7-9fad-4fd2-94e3-563a3b2c3585,a4ea5a7a-d7f0-11ef-a75a-0275dc2ded29,1,544325ea-6805-4412-a846-5694c9194c78,"{""en"": {""value"": ""0.040 g linseed oil"", ""direction"": ""ltr""}}",[],[],52f34998-bd70-474f-8320-ab851d85a176,"{""en"": {""value"": ""39.960 g dammar resin"", ""direction"": ""ltr""}}",[],[],f6a3de66-2795-4705-8319-b86f2fe60609,"{""en"": {""value"": ""linseed oil"", ""direction"": ""ltr""}}",[],[],[],1a3c0d15-4c61-4a68-9b5c-5e1ae803c9bf,0.04,[],[],28be005e-c0d1-4313-afc2-2f140722051c,"{""en"": {""value"": ""dammar resin"", ""direction"": ""ltr""}}",[],[],[],351ca8dd-fae0-47cd-9b22-c59ee5a038a1,39.96,[],[],,,,,,
ac1313c0-f721-4a3e-a6ff-b46befca7e06,d4e956f7-9fad-4fd2-94e3-563a3b2c3585,a4ea5a7a-d7f0-11ef-a75a-0275dc2ded29,1,6097f9cc-10c9-4715-845e-71df74a70c31,"{""en"": {""value"": ""0.071 g linseed oil"", ""direction"": ""ltr""}}",[],[],371db25a-8198-48de-9f42-fbe78f9f5903,"{""en"": {""value"": ""34.930 g dammar resin"", ""direction"": ""ltr""}}",[],[],7e0f6a00-9976-4b11-bbf8-40d1edd4411c,"{""en"": {""value"": ""linseed oil"", ""direction"": ""ltr""}}",[],[],[],763ff127-9929-4c15-a6bc-9109ae31daab,0.071,[],[],170a6b73-1efa-4b21-af2d-f0db5e8acc6b,"{""en"": {""value"": ""dammar resin"", ""direction"": ""ltr""}}",[],[],[],cb2d89aa-6d1e-487a-a601-51690e16ca45,34.93,[],[],,,,,,
9194bc4e-cd04-4337-8ab8-27b6c36e8262,d4e956f7-9fad-4fd2-94e3-563a3b2c3585,a4ea5a7a-d7f0-11ef-a75a-0275dc2ded29,1,8996e3f9-a014-4d7c-b0d8-3404d54e4f9a,"{""en"": {""value"": ""0.071 g linseed oil"", ""direction"": ""ltr""}}",[],[],9d28a558-5d75-4108-8b5c-6b18cba0a005,"{""en"": {""value"": ""34.930 g dammar resin"", ""direction"": ""ltr""}}",[],[],b1aead95-ca98-4a84-9626-c94c835f8443,"{""en"": {""value"": ""linseed oil"", ""direction"": ""ltr""}}",[],[],[],b5eb88a8-51bf-49c8-93c0-60bb89e535e4,0.071,[],[],5265d729-b17d-4bd0-84ed-0c2321ab0e65,"{""en"": {""value"": ""dammar resin"", ""direction"": ""ltr""}}",[],[],[],4df5d202-da31-4425-87b0-b1c07c918955,34.93,[],[],,,,,,
9560aa4c-45c6-4dcf-8fb0-3dfb1dc81522,d4e956f7-9fad-4fd2-94e3-563a3b2c3585,a4ea5a7a-d7f0-11ef-a75a-0275dc2ded29,1,66fecbd2-5be3-42b0-a78b-e8dc9935e44d,"{""en"": {""value"": ""0.071 g linseed oil"", ""direction"": ""ltr""}}",[],[],d2c1a969-0576-4b44-85a8-5d062f8e652e,"{""en"": {""value"": ""34.930 g dammar resin"", ""direction"": ""ltr""}}",[],[],4d746790-9e74-4b43-9ddf-c4aff536a6a2,"{""en"": {""value"": ""linseed oil"", ""direction"": ""ltr""}}",[],[],[],cb7415dd-46c7-48db-b546-bee684ac3b89,0.071,[],[],dcf27757-12f8-42e2-8409-37a17d5ca1d8,"{""en"": {""value"": ""dammar resin"", ""direction"": ""ltr""}}",[],[],[],3b2e9555-07cb-4e41-ba92-04b7b733f46d,34.93,[],[],,,,,,
14c08612-4c9e-40c8-a119-ea8f9b5ad142,d4e956f7-9fad-4fd2-94e3-563a3b2c3585,a4ea5a7a-d7f0-11ef-a75a-0275dc2ded29,1,94338117-24c1-44ef-9b25-91c440ac10ab,"{""en"": {""value"": ""0.071 g linseed oil"", ""direction"": ""ltr""}}",[],[],64c1310b-6f82-4725-b46b-de3f3f437bd8,"{""en"": {""value"": ""34.930 g dammar resin"", ""direction"": ""ltr""}}",[],[],7e6f75d1-eaf5-4c32-ab29-036d8df74926,"{""en"": {""value"": ""linseed oil"", ""direction"": ""ltr""}}",[],[],[],c5dbe958-2f46-426c-82fd-b6b4307f1609,0.071,[],[],66a589c3-7716-41e4-96ea-f86a5bbb0cf8,"{""en"": {""value"": ""dammar resin"", ""direction"": ""ltr""}}",[],[],[],2a11bc9d-2515-4bdd-9b98-61c2cc89cd80,34.93,[],[],,,,,,
1d16177e-1cf6-422a-a0ad-6c93518bd90e,d4e956f7-9fad-4fd2-94e3-563a3b2c3585,a4ea5a7a-d7f0-11ef-a75a-0275dc2ded29,1,4233bc3e-2915-4fe5-9130-7020524b3630,"{""en"": {""value"": ""0.202 g linseed oil"", ""direction"": ""ltr""}}",[],[],3d926455-026a-4090-8e3a-a0c4869762fe,"{""en"": {""value"": ""20.000 g dammar resin"", ""direction"": ""ltr""}}",[],[],6ca0fe5b-3cc7-4928-84e4-e3d307717b27,"{""en"": {""value"": ""linseed oil"", ""direction"": ""ltr""}}",[],[],[],6898da7c-3d87-44c0-b7e1-5d06199096ff,0.202,[],[],e5dbced6-0a70-4bfe-a771-17f7d31f5dfd,"{""en"": {""value"": ""dammar resin"", ""direction"": ""ltr""}}",[],[],[],f56bdb7f-61e8-4612-9c3e-a0b2dd96a596,20.0,[],[],,,,,,
e91bfdb9-eca4-4bb7-b1b3-6daf15248edf,d4e956f7-9fad-4fd2-94e3-563a3b2c3585,a4ea5a7a-d7f0-11ef-a75a-0275dc2ded29,1,815b5dcb-4b8a-46c6-9cc6-91ff1970cf9d,"{""en"": {""value"": ""0.202 g linseed oil"", ""direction"": ""ltr""}}",[],[],074cda01-50d8-4508-8293-f6efc8eb6cf5,"{""en"": {""value"": ""20.000 g dammar resin"", ""direction"": ""ltr""}}",[],[],eca11c9d-a4f6-4a24-93ad-4597a5c130ca,"{""en"": {""value"": ""linseed oil"", ""direction"": ""ltr""}}",[],[],[],1716b3f4-112e-4605-9e47-57801ae163e1,0.202,[],[],aa09a207-048c-4db5-b2f7-14fdba7fff4c,"{""en"": {""value"": ""dammar resin"", ""direction"": ""ltr""}}",[],[],[],305f9762-24c1-4973-81fa-b72442e24431,20.0,[],[],,,,,,
54ff6a33-f98d-4077-b3e3-33c03e142521,d4e956f7-9fad-4fd2-94e3-563a3b2c3585,a4ea5a7a-d7f0-11ef-a75a-0275dc2ded29,1,fd34fc2f-0b51-4ece-a2c8-fdde18591e83,"{""en"": {""value"": ""0.202 g linseed oil"", ""direction"": ""ltr""}}",[],[],051fba42-d522-472d-9935-8cc891d84f78,"{""en"": {""value"": ""20.000 g dammar resin"", ""direction"": ""ltr""}}",[],[],06e003ef-6276-4a59-9ef8-d0d11e75ca8a,"{""en"": {""value"": ""linseed oil"", ""direction"": ""ltr""}}",[],[],[],075dc0c3-90aa-4af6-a7ef-69bd5a3b13fe,0.202,[],[],186b8610-ebc9-4fe3-a5a2-de947a77b190,"{""en"": {""value"": ""dammar resin"", ""direction"": ""ltr""}}",[],[],[],504ff853-df54-48e9-97c4-44e9ceff4d34,20.0,[],[],,,,,,
2870f186-ac91-4c51-8353-8be8d4ea163e,d4e956f7-9fad-4fd2-94e3-563a3b2c3585,a4ea5a7a-d7f0-11ef-a75a-0275dc2ded29,1,6106b7d3-67fb-4bda-a072-6355092e40c0,"{""en"": {""value"": ""0.202 g linseed oil"", ""direction"": ""ltr""}}",[],[],1d54347d-d378-4ba3-aabf-0bdebb886eba,"{""en"": {""value"": ""20.000 g dammar resin"", ""direction"": ""ltr""}}",[],[],1b92137c-de9c-47a0-9312-a5be7c157319,"{""en"": {""value"": ""linseed oil"", ""direction"": ""ltr""}}",[],[],[],4e7f1cbe-a50a-49b8-a3de-4338b00bfbdd,0.202,[],[],7f98acec-4c00-401f-a4eb-fbbb013cafa2,"{""en"": {""value"": ""dammar resin"", ""direction"": ""ltr""}}",[],[],[],021faf80-bec0-4548-8c02-d0f6d2e8a312,20.0,[],[],,,,,,
81ff6f07-e9fe-4989-9cc0-3d623fd6a5ff,d4e956f7-9fad-4fd2-94e3-563a3b2c3585,a4ea5a7a-d7f0-11ef-a75a-0275dc2ded29,1,3dfde7f2-4ddb-43c8-9f3f-2fb50da8fd0e,"{""en"": {""value"": ""0.500 g linseed oil"", ""direction"": ""ltr""}}",[],[],ed6501b6-5c5e-4925-9382-4acfb8b88719,"{""en"": {""value"": ""24.501 g dammar resin"", ""direction"": ""ltr""}}",[],[],7b044b31-be9c-4b97-9927-da020a4407f5,"{""en"": {""value"": ""linseed oil"", ""direction"": ""ltr""}}",[],[],[],7b7162b2-69e5-4961-b29d-263b6400057c,0.5,[],[],9e0f3ae1-be1b-4506-8b7d-6242884de8d9,"{""en"": {""value"": ""dammar resin"", ""direction"": ""ltr""}}",[],[],[],6a98b1fa-b44a-4f8c-8a15-71735971ca98,24.501,[],[],,,,,,
22c151d9-3d2a-4a91-8940-fb18dfc5052b,d4e956f7-9fad-4fd2-94e3-563a3b2c3585,a4ea5a7a-d7f0-11ef-a75a-0275dc2ded29,1,5aa2eddb-b3e2-4c53-a8d8-57ec3dcc9ae8,"{""en"": {""value"": ""0.500 g linseed oil"", ""direction"": ""ltr""}}",[],[],0b213a79-4800-409f-9696-ecf3571af34c,"{""en"": {""value"": ""24.501 g dammar resin"", ""direction"": ""ltr""}}",[],[],4eea546b-7f12-4964-9e31-b5fe6f39f99d,"{""en"": {""value"": ""linseed oil"", ""direction"": ""ltr""}}",[],[],[],2837d48e-5f42-42ca-b01b-b72ab7f26353,0.5,[],[],be952687-3ad2-4ec5-ac04-d4726195ea2f,"{""en"": {""value"": ""dammar resin"", ""direction"": ""ltr""}}",[],[],[],01c0b913-3359-4cd3-ada4-55f3c3a2d860,24.501,[],[],,,,,,
422ee00e-b14f-4693-8191-d6b007ffc914,d4e956f7-9fad-4fd2-94e3-563a3b2c3585,a4ea5a7a-d7f0-11ef-a75a-0275dc2ded29,1,f98f1bec-cb65-4523-a796-d5f710a3b889,"{""en"": {""value"": ""0.500 g linseed oil"", ""direction"": ""ltr""}}",[],[],5b557699-d791-471b-8265-a0010092e88c,"{""en"": {""value"": ""24.501 g dammar resin"", ""direction"": ""ltr""}}",[],[],3196a5de-5428-4f9d-8457-b27469a9e196,"{""en"": {""value"": ""linseed oil"", ""direction"": ""ltr""}}",[],[],[],57f2e961-dbaa-4548-b4cb-dd794d3c841c,0.5,[],[],a5ff43ad-b160-4030-a2f1-d0b2fd048937,"{""en"": {""value"": ""dammar resin"", ""direction"": ""ltr""}}",[],[],[],74ba6492-8f70-41d6-8b27-a11a312936d4,24.501,[],[],,,,,,
1e17ced3-44de-4155-abf9-6501b924407e,d4e956f7-9fad-4fd2-94e3-563a3b2c3585,a4ea5a7a-d7f0-11ef-a75a-0275dc2ded29,1,9c94207e-bd6d-40f2-920e-d2d6a58ee727,"{""en"": {""value"": ""0.500 g linseed oil"", ""direction"": ""ltr""}}",[],[],e66407d0-1d40-4d3d-8f58-df33959f6557,"{""en"": {""value"": ""24.501 g dammar resin"", ""direction"": ""ltr""}}",[],[],8c15e197-334f-400f-bd62-38d35af95e52,"{""en"": {""value"": ""linseed oil"", ""direction"": ""ltr""}}",[],[],[],b2528de7-166f-4220-9912-c0e85dca1977,0.5,[],[],b2321bb0-ff44-46aa-9866-0fc776aa28b3,"{""en"": {""value"": ""dammar resin"", ""direction"": ""ltr""}}",[],[],[],96e70da3-5112-4402-886b-49824fffac77,24.501,[],[],,,,,,
af8ea152-4372-409c-bf9b-c21c549bd519,d4e956f7-9fad-4fd2-94e3-563a3b2c3585,a4ea5a7a-d7f0-11ef-a75a-0275dc2ded29,1,6f4bdb82-400b-412d-a5df-d043d6f459ae,"{""en"": {""value"": ""0.999 g linseed oil"", ""direction"": ""ltr""}}",[],[],8a0247f8-c660-4da8-98bd-0f8262eedfc8,"{""en"": {""value"": ""19.001 g dammar resin"", ""direction"": ""ltr""}}",[],[],702399f7-6d39-44d3-9fc3-997a94e926aa,"{""en"": {""value"": ""linseed oil"", ""direction"": ""ltr""}}",[],[],[],7ba9e3d0-fb62-471f-af74-e0ec3c3dba35,0.999,[],[],6d642894-5292-4891-8198-ef73e28ff617,"{""en"": {""value"": ""dammar resin"", ""direction"": ""ltr""}}",[],[],[],3f8a1e4d-d8bb-486f-8435-d164490f07e0,19.001,[],[],,,,,,
c209859a-21fc-4df9-bf6e-885ddf02a7fb,d4e956f7-9fad-4fd2-94e3-563a3b2c3585,a4ea5a7a-d7f0-11ef-a75a-0275dc2ded29,1,182093a7-9535-4c7e-a150-efa07a3b96f6,"{""en"": {""value"": ""0.999 g linseed oil"", ""direction"": ""ltr""}}",[],[],86f88a76-9351-4454-a9d6-9dbffc2b5227,"{""en"": {""value"": ""19.001 g dammar resin"", ""direction"": ""ltr""}}",[],[],dceb98dd-23cc-4ad1-a60b-f9b985713e48,"{""en"": {""value"": ""linseed oil"", ""direction"": ""ltr""}}",[],[],[],8e5c5fc3-6781-4901-94fd-9a44da0d35c8,0.999,[],[],27e84346-0736-4056-b10f-32d970a8a616,"{""en"": {""value"": ""dammar resin"", ""direction"": ""ltr""}}",[],[],[],3485d164-c95f-4057-80fa-96d981052ea4,19.001,[],[],,,,,,
9b9ded8d-9308-4692-8417-133b20a159e4,d4e956f7-9fad-4fd2-94e3-563a3b2c3585,a4ea5a7a-d7f0-11ef-a75a-0275dc2ded29,1,87645d8d-0bec-4274-ae0b-88a4db6e5044,"{""en"": {""value"": ""0.999 g linseed oil"", ""direction"": ""ltr""}}",[],[],c0e305d1-02c4-41fc-9c29-5925cca69e84,"{""en"": {""value"": ""19.001 g dammar resin"", ""direction"": ""ltr""}}",[],[],3ef1c248-d7d6-49db-bca0-0b9e568b812d,"{""en"": {""value"": ""linseed oil"", ""direction"": ""ltr""}}",[],[],[],a80f2292-ef4a-4cdf-a0f0-6e95af438afe,0.999,[],[],a00a88ad-ff36-40a7-84c2-389693aa488c,"{""en"": {""value"": ""dammar resin"", ""direction"": ""ltr""}}",[],[],[],180f03a5-23c1-4c16-bd6b-28efbb397a1b,19.001,[],[],,,,,,
5849a44a-9180-49c6-8221-8342a5f4f312,d4e956f7-9fad-4fd2-94e3-563a3b2c3585,a4ea5a7a-d7f0-11ef-a75a-0275dc2ded29,1,f709ae56-7d05-4a73-b983-08af91e8d4e8,"{""en"": {""value"": ""0.999 g linseed oil"", ""direction"": ""ltr""}}",[],[],3d0f9f6e-7e89-4686-86f8-8c4e00db38c9,"{""en"": {""value"": ""19.001 g dammar resin"", ""direction"": ""ltr""}}",[],[],1f75e2ed-7a7c-485d-8927-42a225e99d02,"{""en"": {""value"": ""linseed oil"", ""direction"": ""ltr""}}",[],[],[],36e3a559-bed7-47fa-bd59-cd8c0607db53,0.999,[],[],3f58a9bb-10fc-455d-93b8-efa6ece408ed,"{""en"": {""value"": ""dammar resin"", ""direction"": ""ltr""}}",[],[],[],b584484c-8b20-4995-afde-33917c305b4b,19.001,[],[],,,,,,
e2b1d6d8-b307-4ff8-b5fa-3100e4154f2c,d4e956f7-9fad-4fd2-94e3-563a3b2c3585,a4ea5a7a-d7f0-11ef-a75a-0275dc2ded29,1,b9e8809d-9894-4883-b263-83030589493c,"{""en"": {""value"": ""4.002 g linseed oil"", ""direction"": ""ltr""}}",[],[],03d768bd-c3b0-4503-9d07-b27ac8703d2e,"{""en"": {""value"": ""16.000 g dammar resin"", ""direction"": ""ltr""}}",[],[],591c5fa2-160b-47f6-a026-0f9013db8138,"{""en"": {""value"": ""linseed oil"", ""direction"": ""ltr""}}",[],[],[],657cc79e-c1b2-4d53-a90c-bf9603b53983,4.002,[],[],abd59883-0679-42b4-82b9-852c40224df4,"{""en"": {""value"": ""dammar resin"", ""direction"": ""ltr""}}",[],[],[],112de280-cc47-445f-8019-7c803d3a7cc1,16.0,[],[],,,,,,
28f3a8ee-b668-41b2-a412-9f7d7c8b3093,d4e956f7-9fad-4fd2-94e3-563a3b2c3585,a4ea5a7a-d7f0-11ef-a75a-0275dc2ded29,1,64e3d115-dc73-462f-b494-1f31ea9fa8f5,"{""en"": {""value"": ""4.002 g linseed oil"", ""direction"": ""ltr""}}",[],[],7cc8d8b8-de0f-4b34-a1a8-5144629118de,"{""en"": {""value"": ""16.000 g dammar resin"", ""direction"": ""ltr""}}",[],[],bd0b9b57-51a3-4903-a512-73be0661bfeb,"{""en"": {""value"": ""linseed oil"", ""direction"": ""ltr""}}",[],[],[],4df3ac13-4362-4b3d-918a-7428ed177bfe,4.002,[],[],31497a7d-17d2-45cf-9c49-c7f1078f9fb7,"{""en"": {""value"": ""dammar resin"", ""direction"": ""ltr""}}",[],[],[],1a9e3616-5e74-4e6e-a419-c085e1d73cab,16.0,[],[],,,,,,
b85c9287-2715-428c-9a10-854902bc8f53,d4e956f7-9fad-4fd2-94e3-563a3b2c3585,a4ea5a7a-d7f0-11ef-a75a-0275dc2ded29,1,4b7d86df-a98a-4c2a-b882-7a9b057aa602,"{""en"": {""value"": ""4.002 g linseed oil"", ""direction"": ""ltr""}}",[],[],e150ac46-16ac-4d5a-bd5c-59f8eb3beba1,"{""en"": {""value"": ""16.000 g dammar resin"", ""direction"": ""ltr""}}",[],[],8df99f4e-3cdb-4045-b40b-0f2335af8c7a,"{""en"": {""value"": ""linseed oil"", ""direction"": ""ltr""}}",[],[],[],3e82b834-7a3e-4013-ba5f-7fd5a1ee284e,4.002,[],[],014bca5b-07ab-4cf4-9f92-6ab9b396970b,"{""en"": {""value"": ""dammar resin"", ""direction"": ""ltr""}}",[],[],[],fc43983b-dbba-4daf-b67c-30d3f25c4ddb,16.0,[],[],,,,,,
ef473d14-e707-423b-97e8-f6451f6832ec,d4e956f7-9fad-4fd2-94e3-563a3b2c3585,a4ea5a7a-d7f0-11ef-a75a-0275dc2ded29,1,6c6c5d71-5dac-4cfc-b87e-874bf44c52b3,"{""en"": {""value"": ""4.002 g linseed oil"", ""direction"": ""ltr""}}",[],[],9c542da9-91c3-4f42-a037-1c900b0f7969,"{""en"": {""value"": ""16.000 g dammar resin"", ""direction"": ""ltr""}}",[],[],38ef3fee-a067-475a-b415-bc39db5fa464,"{""en"": {""value"": ""linseed oil"", ""direction"": ""ltr""}}",[],[],[],e30cc637-b758-4d86-a2e1-8a0ad8dc0d1d,4.002,[],[],b61ee0f0-b449-45ef-a083-359bce616b66,"{""en"": {""value"": ""dammar resin"", ""direction"": ""ltr""}}",[],[],[],64044aaf-5c8c-414c-83c0-bb4739dd874c,16.0,[],[],,,,,,
0a2576be-1ac8-4b88-9d5b-5da275e14681,d4e956f7-9fad-4fd2-94e3-563a3b2c3585,a4ea5a7a-d7f0-11ef-a75a-0275dc2ded29,1,223b32cc-bb74-4cf6-b225-4af98f1008ea,"{""en"": {""value"": ""20.000 g linseed oil"", ""direction"": ""ltr""}}",[],[],fe9b7dde-c857-43f1-9747-ff7119899535,"{""en"": {""value"": ""20.005 g dammar resin"", ""direction"": ""ltr""}}",[],[],926a5154-25e7-428c-978f-97436c509d5b,"{""en"": {""value"": ""linseed oil"", ""direction"": ""ltr""}}",[],[],[],77bf9eef-7c4c-4e28-8ea8-3811557e8064,20.0,[],[],72f79f86-f106-4cbe-8111-63d884c2d3a5,"{""en"": {""value"": ""dammar resin"", ""direction"": ""ltr""}}",[],[],[],980d8315-7183-453f-86a5-9d718f95e4fb,20.005,[],[],,,,,,
a8ce605f-bae3-4d66-9607-fd007681ba5f,d4e956f7-9fad-4fd2-94e3-563a3b2c3585,a4ea5a7a-d7f0-11ef-a75a-0275dc2ded29,1,933731c8-5076-47c9-a7a1-ac365cb6fd07,"{""en"": {""value"": ""20.000 g linseed oil"", ""direction"": ""ltr""}}",[],[],aabc53c8-cbbd-4dd5-800e-65a9dd814082,"{""en"": {""value"": ""20.005 g dammar resin"", ""direction"": ""ltr""}}",[],[],c39084f8-3465-467e-b7af-57377ed7c196,"{""en"": {""value"": ""linseed oil"", ""direction"": ""ltr""}}",[],[],[],73a553b8-0456-451c-99c8-2da879895c28,20.0,[],[],89ee5cf2-5086-4b02-be9d-dae3f8e23803,"{""en"": {""value"": ""dammar resin"", ""direction"": ""ltr""}}",[],[],[],6ae54ea3-4be2-4f2d-b503-52f68b618416,20.005,[],[],,,,,,
299be6c5-04d0-421f-9880-34719e7e0e83,d4e956f7-9fad-4fd2-94e3-563a3b2c3585,a4ea5a7a-d7f0-11ef-a75a-0275dc2ded29,1,ad243aa8-387d-444e-b18f-5174b1929241,"{""en"": {""value"": ""20.000 g linseed oil"", ""direction"": ""ltr""}}",[],[],90ddedbc-f881-4068-9fd4-ebebc4f8e903,"{""en"": {""value"": ""20.005 g dammar resin"", ""direction"": ""ltr""}}",[],[],58d2ef85-0ac6-4105-8ff2-3923fbae1047,"{""en"": {""value"": ""linseed oil"", ""direction"": ""ltr""}}",[],[],[],a384edaa-2918-495a-86a6-ab8d87b441e7,20.0,[],[],24133c02-aa7d-412a-a46b-8d63c8035cc7,"{""en"": {""value"": ""dammar resin"", ""direction"": ""ltr""}}",[],[],[],4fb11d46-1065-4e3c-9903-5fe9112f0657,20.005,[],[],,,,,,
be5457bb-94d1-47e7-a6b2-deb109c24f42,d4e956f7-9fad-4fd2-94e3-563a3b2c3585,a4ea5a7a-d7f0-11ef-a75a-0275dc2ded29,1,984bd932-b15d-483a-a9f2-820837fa59e2,"{""en"": {""value"": ""20.000 g linseed oil"", ""direction"": ""ltr""}}",[],[],8cdc9bca-e2bb-4790-b6fd-48366a771dac,"{""en"": {""value"": ""20.005 g dammar resin"", ""direction"": ""ltr""}}",[],[],96cd8c2b-1133-443d-8fb0-f7b72430dcc3,"{""en"": {""value"": ""linseed oil"", ""direction"": ""ltr""}}",[],[],[],fd6e789f-e056-44af-aae6-c6e083a7dc44,20.0,[],[],18f10145-aa73-4652-aa17-6bdca317c740,"{""en"": {""value"": ""dammar resin"", ""direction"": ""ltr""}}",[],[],[],4f9cd2ed-21e1-4c09-827f-92ae2d3ef795,20.005,[],[],,,,,,
231dd8b8-da32-423b-9d77-5fdb24be317e,d4e956f7-9fad-4fd2-94e3-563a3b2c3585,a4ea5a7a-d7f0-11ef-a75a-0275dc2ded29,1,30a4287f-9dcb-4358-ac85-5ed8f3c9c843,"{""en"": {""value"": ""16.001 g linseed oil"", ""direction"": ""ltr""}}",[],[],98f81500-26f9-4e47-bc1c-bebc64f29db3,"{""en"": {""value"": ""4.001 g dammar resin"", ""direction"": ""ltr""}}",[],[],c0f41a68-7cd3-466e-ae0c-77eaa8941a0e,"{""en"": {""value"": ""linseed oil"", ""direction"": ""ltr""}}",[],[],[],c8dc9523-67cd-4a64-ac08-66c5e83ba04e,16.001,[],[],b7def63b-292b-4115-a415-2eb3531ebfe6,"{""en"": {""value"": ""dammar resin"", ""direction"": ""ltr""}}",[],[],[],221e34c3-0133-4cd5-8b09-8118d2362387,4.001,[],[],,,,,,
3437eac0-62f0-43cb-bbe0-6b62cef1e8bb,d4e956f7-9fad-4fd2-94e3-563a3b2c3585,a4ea5a7a-d7f0-11ef-a75a-0275dc2ded29,1,2fe9cfbd-73a8-4ad4-bda2-623aab995328,"{""en"": {""value"": ""16.001 g linseed oil"", ""direction"": ""ltr""}}",[],[],d7a8f5c5-98d9-415a-bfbe-b34954db2a8d,"{""en"": {""value"": ""4.001 g dammar resin"", ""direction"": ""ltr""}}",[],[],d72138ae-7fd7-4887-8d0e-3ed318b2f614,"{""en"": {""value"": ""linseed oil"", ""direction"": ""ltr""}}",[],[],[],eef82bb5-e6b0-4fe2-8f42-ace5ad3fedd1,16.001,[],[],8fbdcdb5-7ed9-49b1-93d9-19bdbe219be3,"{""en"": {""value"": ""dammar resin"", ""direction"": ""ltr""}}",[],[],[],b1435f62-406d-424d-a314-d938c3301177,4.001,[],[],,,,,,
5e4f54dd-365d-4672-a494-942a8b6f9009,d4e956f7-9fad-4fd2-94e3-563a3b2c3585,a4ea5a7a-d7f0-11ef-a75a-0275dc2ded29,1,ae7e6613-0f63-4470-a872-c2b1835e270d,"{""en"": {""value"": ""16.001 g linseed oil"", ""direction"": ""ltr""}}",[],[],254494a4-7efb-4e72-ae70-a9a40db5a2df,"{""en"": {""value"": ""4.001 g dammar resin"", ""direction"": ""ltr""}}",[],[],42ca3e09-322f-4ed8-b385-1f2876683ab3,"{""en"": {""value"": ""linseed oil"", ""direction"": ""ltr""}}",[],[],[],88453480-fdfe-4070-a3b5-9799344a6b64,16.001,[],[],8d7eaa58-d3da-4660-b123-51ceef15c22d,"{""en"": {""value"": ""dammar resin"", ""direction"": ""ltr""}}",[],[],[],0807d244-c345-4c76-9b3a-19037e689307,4.001,[],[],,,,,,
4004c3f5-d5c2-41f9-86e5-9f4a6cccc6b4,d4e956f7-9fad-4fd2-94e3-563a3b2c3585,a4ea5a7a-d7f0-11ef-a75a-0275dc2ded29,1,ad34ca5c-868a-463c-a98f-b9bf304f5556,"{""en"": {""value"": ""16.001 g linseed oil"", ""direction"": ""ltr""}}",[],[],191157c4-bec0-47ff-b267-e3e1b65c247e,"{""en"": {""value"": ""4.001 g dammar resin"", ""direction"": ""ltr""}}",[],[],6968d860-a302-4125-beaf-c3873e94a5f9,"{""en"": {""value"": ""linseed oil"", ""direction"": ""ltr""}}",[],[],[],06912272-c3ec-4eef-b588-9c55ff09757d,16.001,[],[],acd097a4-3b74-42f7-b858-01b4455ff808,"{""en"": {""value"": ""dammar resin"", ""direction"": ""ltr""}}",[],[],[],a6dea232-76f4-4330-8534-34d74b4b84e2,4.001,[],[],,,,,,
3a0b23bb-fa98-4582-a537-127683899b44,d4e956f7-9fad-4fd2-94e3-563a3b2c3585,a4ea5a7a-d7f0-11ef-a75a-0275dc2ded29,1,5c6473ef-110e-48ce-b4e2-4d14abe3ee2e,"{""en"": {""value"": ""19.002 g linseed oil"", ""direction"": ""ltr""}}",[],[],22bde216-802e-4cac-9389-96dd73a12539,"{""en"": {""value"": ""1.005 g dammar resin"", ""direction"": ""ltr""}}",[],[],290797e9-9b8e-4be5-a900-5b947b4414a4,"{""en"": {""value"": ""linseed oil"", ""direction"": ""ltr""}}",[],[],[],8bbb2103-0470-453f-9fd8-3e7387ce908f,19.002,[],[],eec24e39-70dd-4594-a4ee-98d5f6c28405,"{""en"": {""value"": ""dammar resin"", ""direction"": ""ltr""}}",[],[],[],bdc57344-65a9-4366-a150-76387794a98d,1.005,[],[],,,,,,
c2b4ee08-1301-4d7f-a89c-74dc5106c0bd,d4e956f7-9fad-4fd2-94e3-563a3b2c3585,a4ea5a7a-d7f0-11ef-a75a-0275dc2ded29,1,4ec7ca7a-8e13-499d-a683-3938f4d2cc5f,"{""en"": {""value"": ""19.002 g linseed oil"", ""direction"": ""ltr""}}",[],[],720278a2-53d9-4770-9d1c-9e2aae39dd74,"{""en"": {""value"": ""1.005 g dammar resin"", ""direction"": ""ltr""}}",[],[],b54ed8cc-6758-4ff7-b1e2-1684182fdf26,"{""en"": {""value"": ""linseed oil"", ""direction"": ""ltr""}}",[],[],[],ab186524-0057-4877-b8c2-8761856aa4bc,19.002,[],[],83e75623-7383-4830-bebc-9db00e30ce87,"{""en"": {""value"": ""dammar resin"", ""direction"": ""ltr""}}",[],[],[],ed62b2fd-56b7-4a4e-9317-9b27c123ac41,1.005,[],[],,,,,,
b4ccbfd7-4657-4499-94b7-3f8c116a80a9,d4e956f7-9fad-4fd2-94e3-563a3b2c3585,a4ea5a7a-d7f0-11ef-a75a-0275dc2ded29,1,dac1e15c-88c1-4c01-a20b-00044ab4288a,"{""en"": {""value"": ""19.002 g linseed oil"", ""direction"": ""ltr""}}",[],[],55b8de7a-c29d-4e14-a1cf-09df70bb6814,"{""en"": {""value"": ""1.005 g dammar resin"", ""direction"": ""ltr""}}",[],[],77008bf1-a2e3-4bd5-a6db-99e48636d34c,"{""en"": {""value"": ""linseed oil"", ""direction"": ""ltr""}}",[],[],[],10bb4881-182b-469e-8397-f316bfa37fa3,19.002,[],[],55f2943b-6dd7-4498-9b87-36cbe880ea0e,"{""en"": {""value"": ""dammar resin"", ""direction"": ""ltr""}}",[],[],[],5ef20719-9434-4f78-8089-35c16f8589ef,1.005,[],[],,,,,,
5217b88a-a466-42cb-b3bb-167c4653fbae,d4e956f7-9fad-4fd2-94e3-563a3b2c3585,a4ea5a7a-d7f0-11ef-a75a-0275dc2ded29,1,e1f8d1f6-5fb9-467e-bd52-ee7cf07b7ecd,"{""en"": {""value"": ""19.002 g linseed oil"", ""direction"": ""ltr""}}",[],[],da18ee05-5e77-495f-97bc-9521ca8c5084,"{""en"": {""value"": ""1.005 g dammar resin"", ""direction"": ""ltr""}}",[],[],63d059c4-9629-4ff5-a279-ed823151f03d,"{""en"": {""value"": ""linseed oil"", ""direction"": ""ltr""}}",[],[],[],3625bc0d-e482-443b-afca-aae27ce811fa,19.002,[],[],13026427-a5f2-40a3-a036-179997011f76,"{""en"": {""value"": ""dammar resin"", ""direction"": ""ltr""}}",[],[],[],749815dc-594d-4a34-9226-c8aa619eb490,1.005,[],[],,,,,,
512da49f-ba32-44e8-95ce-90113aa84af9,d4e956f7-9fad-4fd2-94e3-563a3b2c3585,a4ea5a7a-d7f0-11ef-a75a-0275dc2ded29,1,75485bf3-a677-4a14-83a4-8086bd7c969f,"{""en"": {""value"": ""24.504 g linseed oil"", ""direction"": ""ltr""}}",[],[],a6528efc-8d1b-44f5-a6b9-386bee5bc75c,"{""en"": {""value"": ""0.504 g dammar resin"", ""direction"": ""ltr""}}",[],[],acde83a1-b06d-462e-a946-cc2e01ab9356,"{""en"": {""value"": ""linseed oil"", ""direction"": ""ltr""}}",[],[],[],d96d393d-aeb0-4ea6-810e-2ff06b77fee2,24.504,[],[],133744e7-4770-47dc-8775-0ddc4243e93a,"{""en"": {""value"": ""dammar resin"", ""direction"": ""ltr""}}",[],[],[],5de4c78c-000f-44ac-969e-5251171155ff,0.504,[],[],,,,,,
50939c82-7468-4443-a655-3c7f3aa27e7b,d4e956f7-9fad-4fd2-94e3-563a3b2c3585,a4ea5a7a-d7f0-11ef-a75a-0275dc2ded29,1,62de1da2-4a49-4d7a-ab49-475d0fc68821,"{""en"": {""value"": ""24.504 g linseed oil"", ""direction"": ""ltr""}}",[],[],6a106715-e4c4-49be-b68e-873713a6ed96,"{""en"": {""value"": ""0.504 g dammar resin"", ""direction"": ""ltr""}}",[],[],3792a68e-ad24-4f4d-8c4a-1f164932c673,"{""en"": {""value"": ""linseed oil"", ""direction"": ""ltr""}}",[],[],[],0e3d1a84-7c22-4f76-8a44-09e8bf260437,24.504,[],[],c6b3083b-d662-4cec-8df8-56fd597399a2,"{""en"": {""value"": ""dammar resin"", ""direction"": ""ltr""}}",[],[],[],fb8c30be-6dac-49df-a023-0c6c7e65f948,0.504,[],[],,,,,,
7d3251b4-0457-4fe4-99d2-4c3c4803275c,d4e956f7-9fad-4fd2-94e3-563a3b2c3585,a4ea5a7a-d7f0-11ef-a75a-0275dc2ded29,1,54daee07-8b4c-434a-ab54-3ff5a65713ca,"{""en"": {""value"": ""24.504 g linseed oil"", ""direction"": ""ltr""}}",[],[],3326ed44-f234-4f30-84f2-254a6c73f48d,"{""en"": {""value"": ""0.504 g dammar resin"", ""direction"": ""ltr""}}",[],[],4fcbfb5d-9f5d-400f-bc97-87591628870e,"{""en"": {""value"": ""linseed oil"", ""direction"": ""ltr""}}",[],[],[],77dd649b-3e58-4659-aa18-7971a8a09013,24.504,[],[],95690a6a-06cb-41f8-82c2-dfe7c5adfa3e,"{""en"": {""value"": ""dammar resin"", ""direction"": ""ltr""}}",[],[],[],ff92bd80-92c6-4182-aa76-66ae37d2dc25,0.504,[],[],,,,,,
d472cc16-739c-486d-ab2f-dd0e7f42eccb,d4e956f7-9fad-4fd2-94e3-563a3b2c3585,a4ea5a7a-d7f0-11ef-a75a-0275dc2ded29,1,e7c97899-bc69-482d-b6f4-329eded9d617,"{""en"": {""value"": ""24.504 g linseed oil"", ""direction"": ""ltr""}}",[],[],73be0fd9-e6b1-4979-8309-9f6b78192d74,"{""en"": {""value"": ""0.504 g dammar resin"", ""direction"": ""ltr""}}",[],[],3cedd814-a115-4f4f-a3ab-d1a20d5545a7,"{""en"": {""value"": ""linseed oil"", ""direction"": ""ltr""}}",[],[],[],fcdf0fc1-7fce-4930-bf29-ac36e4099fa4,24.504,[],[],c494b63f-3904-48ab-86e8-73fdcb045801,"{""en"": {""value"": ""dammar resin"", ""direction"": ""ltr""}}",[],[],[],270def50-3386-4989-a063-d5da06d4e3cc,0.504,[],[],,,,,,
49b4df91-07d8-43d1-be03-37a6d659535e,d4e956f7-9fad-4fd2-94e3-563a3b2c3585,a4ea5a7a-d7f0-11ef-a75a-0275dc2ded29,1,a097dab2-514a-48f4-872c-c04e4532db8f,"{""en"": {""value"": ""29.704 g  linseed oil"", ""direction"": ""ltr""}}",[],[],717025f8-d715-485e-bb6b-4535808a4cb4,"{""en"": {""value"": ""0.302 g dammar resin"", ""direction"": ""ltr""}}",[],[],31bb2273-5200-4002-bbeb-73303720bd51,"{""en"": {""value"": ""linseed oil"", ""direction"": ""ltr""}}",[],[],[],c00b8c75-7d5c-4867-9b49-be9163b23d43,29.704,[],[],ad7a8fd8-6755-472e-98cf-c59ea1b7d75c,"{""en"": {""value"": ""dammar resin"", ""direction"": ""ltr""}}",[],[],[],4bb1c26c-8a40-4884-b4cb-b5a7fdc7129f,0.302,[],[],,,,,,
861410f5-a8e0-4fe7-8ab1-a8c6c5a90d04,d4e956f7-9fad-4fd2-94e3-563a3b2c3585,a4ea5a7a-d7f0-11ef-a75a-0275dc2ded29,1,c6bef04d-f7c7-4d2d-97f5-5cc3854f4f73,"{""en"": {""value"": ""29.704 g  linseed oil"", ""direction"": ""ltr""}}",[],[],ee2b91c6-21e4-4e6f-ade8-89fe652ce169,"{""en"": {""value"": ""0.302 g dammar resin"", ""direction"": ""ltr""}}",[],[],761c97a7-478b-4d12-8979-d9599504ebb1,"{""en"": {""value"": ""linseed oil"", ""direction"": ""ltr""}}",[],[],[],acae81f9-04fb-40bf-96b0-c4df9b693cf4,29.704,[],[],2fca7f6d-3888-4bed-9687-a99a163fe247,"{""en"": {""value"": ""dammar resin"", ""direction"": ""ltr""}}",[],[],[],1f8308c5-8598-4dbd-8a3d-ab626db94dbc,0.302,[],[],,,,,,
7a1f4ca6-fe49-4957-9c02-c303b4990e7e,d4e956f7-9fad-4fd2-94e3-563a3b2c3585,a4ea5a7a-d7f0-11ef-a75a-0275dc2ded29,1,66ad6e68-70a8-45c9-99de-1a5a8b1844c1,"{""en"": {""value"": ""29.704 g  linseed oil"", ""direction"": ""ltr""}}",[],[],71978325-86f8-4398-99d4-4236c55e790f,"{""en"": {""value"": ""0.302 g dammar resin"", ""direction"": ""ltr""}}",[],[],1fcd7c6d-59b3-45fa-b232-23a2b170c93c,"{""en"": {""value"": ""linseed oil"", ""direction"": ""ltr""}}",[],[],[],dc2661b0-dac1-4e33-bf56-e07f70904544,29.704,[],[],66cae329-6788-48a0-9a02-0e44d8f600fe,"{""en"": {""value"": ""dammar resin"", ""direction"": ""ltr""}}",[],[],[],1ee029c9-acb6-4215-be7e-54ef2030e5c1,0.302,[],[],,,,,,
edc34289-ad68-4b05-a190-97610d4c96cf,d4e956f7-9fad-4fd2-94e3-563a3b2c3585,a4ea5a7a-d7f0-11ef-a75a-0275dc2ded29,1,fe1adc49-cb48-4237-bd21-5fb845538329,"{""en"": {""value"": ""29.704 g  linseed oil"", ""direction"": ""ltr""}}",[],[],c296f58d-89d1-4d06-9cf6-f617df1f5606,"{""en"": {""value"": ""0.302 g dammar resin"", ""direction"": ""ltr""}}",[],[],1ef31f45-8954-4253-8a14-5503ca58b64f,"{""en"": {""value"": ""linseed oil"", ""direction"": ""ltr""}}",[],[],[],f2c73553-4420-4b0a-868e-13f37e901e9f,29.704,[],[],0016bb99-f85f-49c2-8e1b-3ada3da53058,"{""en"": {""value"": ""dammar resin"", ""direction"": ""ltr""}}",[],[],[],40cb518f-f4c4-49f6-9bfd-515ad7d5d73c,0.302,[],[],,,,,,
a77f3f7a-ecd4-40e3-a2a8-9b905fa8471b,d4e956f7-9fad-4fd2-94e3-563a3b2c3585,a4ea5a7a-d7f0-11ef-a75a-0275dc2ded29,1,ca7d723b-82c9-453d-8fca-6e2bf74ab4c1,"{""en"": {""value"": ""34.935 g linseed oil"", ""direction"": ""ltr""}}",[],[],bd7dc187-c6df-4128-b676-7e14500f633c,"{""en"": {""value"": ""0.072 g dammar resin"", ""direction"": ""ltr""}}",[],[],122225ee-83d8-4129-ac67-6d38bb62625a,"{""en"": {""value"": ""linseed oil"", ""direction"": ""ltr""}}",[],[],[],8b5ad881-d827-4be2-87b2-0b82a2162903,34.935,[],[],b329e86b-45e5-477b-af4c-dd32450cfe85,"{""en"": {""value"": ""dammar resin"", ""direction"": ""ltr""}}",[],[],[],b05e610b-6394-47a5-824c-88c945000238,0.072,[],[],,,,,,
690c4985-0a9a-435d-879b-ee1226d03c40,d4e956f7-9fad-4fd2-94e3-563a3b2c3585,a4ea5a7a-d7f0-11ef-a75a-0275dc2ded29,1,b06a2b8c-88b3-46e9-87f6-bfca34895bec,"{""en"": {""value"": ""34.935 g linseed oil"", ""direction"": ""ltr""}}",[],[],bcea7f01-60b3-422f-8890-c0ba9512b8cb,"{""en"": {""value"": ""0.072 g dammar resin"", ""direction"": ""ltr""}}",[],[],1adea2ab-d507-42da-924a-01a8c4e6df43,"{""en"": {""value"": ""linseed oil"", ""direction"": ""ltr""}}",[],[],[],9a962e96-e0a9-4258-93fd-423a0939400b,34.935,[],[],09e730e7-e073-44fa-8684-d8c58bc1933d,"{""en"": {""value"": ""dammar resin"", ""direction"": ""ltr""}}",[],[],[],c976dfca-59f9-400b-9d11-afe82ee4238a,0.072,[],[],,,,,,
ec50d431-4f19-4a10-a58f-2bf7c9a481aa,d4e956f7-9fad-4fd2-94e3-563a3b2c3585,a4ea5a7a-d7f0-11ef-a75a-0275dc2ded29,1,bd723d6b-e51b-4c48-af7c-80f2ca184239,"{""en"": {""value"": ""34.935 g linseed oil"", ""direction"": ""ltr""}}",[],[],aa2d1de2-2c88-46dd-9d15-37ccd61da97d,"{""en"": {""value"": ""0.072 g dammar resin"", ""direction"": ""ltr""}}",[],[],4de3e4d9-8885-4ee0-8f8f-2052cad98a9f,"{""en"": {""value"": ""linseed oil"", ""direction"": ""ltr""}}",[],[],[],1ae60d85-65f3-438f-846b-9dc3d37a3590,34.935,[],[],98dd23f1-ce7a-4c60-bf47-131838114724,"{""en"": {""value"": ""dammar resin"", ""direction"": ""ltr""}}",[],[],[],33aa5382-0339-462b-813c-70333f80c98c,0.072,[],[],,,,,,
661d50ad-46cd-440b-ae59-739587f97589,d4e956f7-9fad-4fd2-94e3-563a3b2c3585,a4ea5a7a-d7f0-11ef-a75a-0275dc2ded29,1,69d57935-d8ec-4c43-858a-d6e6d0397cf8,"{""en"": {""value"": ""34.935 g linseed oil"", ""direction"": ""ltr""}}",[],[],5ef29f36-7301-4a13-9d18-c2cfd457276a,"{""en"": {""value"": ""0.072 g dammar resin"", ""direction"": ""ltr""}}",[],[],83bdb46a-5be7-40b9-aeec-a2a2c54da7b9,"{""en"": {""value"": ""linseed oil"", ""direction"": ""ltr""}}",[],[],[],7271007a-d826-4b0b-8ba4-15900a701d44,34.935,[],[],dc78866a-9b4f-4e08-a14f-f1cb0cc7f0a3,"{""en"": {""value"": ""dammar resin"", ""direction"": ""ltr""}}",[],[],[],bfe91b87-f296-4772-ad82-aa084201baea,0.072,[],[],,,,,,
8a95499b-bdc0-42af-be65-257c0e1b2a43,d4e956f7-9fad-4fd2-94e3-563a3b2c3585,a4ea5a7a-d7f0-11ef-a75a-0275dc2ded29,1,5bbb881a-fca4-4f02-8f64-108a98424df8,"{""en"": {""value"": ""39.964 g linseed oil"", ""direction"": ""ltr""}}",[],[],9632365a-9ae9-4423-9ad1-9e29f782b2ec,"{""en"": {""value"": ""0.041 g dammar resin"", ""direction"": ""ltr""}}",[],[],8f03f585-9ec9-4ae7-a98b-d2635cdc477f,"{""en"": {""value"": ""linseed oil"", ""direction"": ""ltr""}}",[],[],[],b551c7f0-23ad-45b4-8291-e8289bfbb4b4,39.964,[],[],72a30632-0a80-4c41-810f-170e38898dc7,"{""en"": {""value"": ""dammar resin"", ""direction"": ""ltr""}}",[],[],[],2ebc6ca2-875a-4ac9-9256-33da16a7d91e,0.041,[],[],,,,,,
4c890f68-ddfd-43b9-879e-50afb82147a3,d4e956f7-9fad-4fd2-94e3-563a3b2c3585,a4ea5a7a-d7f0-11ef-a75a-0275dc2ded29,1,b72d7c81-b54c-4d12-afbf-2d77eeaaa6d0,"{""en"": {""value"": ""39.964 g linseed oil"", ""direction"": ""ltr""}}",[],[],16ded7d6-60e0-46b3-96cc-551e54a9fefe,"{""en"": {""value"": ""0.041 g dammar resin"", ""direction"": ""ltr""}}",[],[],fa32941b-743e-4f87-9e09-bddbde12d7b2,"{""en"": {""value"": ""linseed oil"", ""direction"": ""ltr""}}",[],[],[],8a85956a-d870-4818-9bde-a1abba8bd372,39.964,[],[],8c25bea5-f3e6-4344-8185-0fdd7eb9b5e8,"{""en"": {""value"": ""dammar resin"", ""direction"": ""ltr""}}",[],[],[],7b660658-4d75-43ef-93ab-ebd3b3cb1738,0.041,[],[],,,,,,
d8232ac5-0cc2-401b-9bda-9a2a92432d53,d4e956f7-9fad-4fd2-94e3-563a3b2c3585,a4ea5a7a-d7f0-11ef-a75a-0275dc2ded29,1,ce074689-1fac-479b-b4cb-398b4d13dbc9,"{""en"": {""value"": ""39.964 g linseed oil"", ""direction"": ""ltr""}}",[],[],f3db3d6f-4192-4376-89a3-1764ce5ccf66,"{""en"": {""value"": ""0.041 g dammar resin"", ""direction"": ""ltr""}}",[],[],2f9a919d-7a1a-49a2-826a-871db50411bf,"{""en"": {""value"": ""linseed oil"", ""direction"": ""ltr""}}",[],[],[],6a67bc48-cc70-49fd-8f8e-8aa469452bf6,39.964,[],[],bf67dd5b-c480-49bb-9fb1-d3a7f1691f26,"{""en"": {""value"": ""dammar resin"", ""direction"": ""ltr""}}",[],[],[],4052dc50-04fd-4c52-9323-2d80830e5e3f,0.041,[],[],,,,,,
2daabbb3-c035-4b02-b9b0-f233c745ad07,d4e956f7-9fad-4fd2-94e3-563a3b2c3585,a4ea5a7a-d7f0-11ef-a75a-0275dc2ded29,1,f7cf5fc6-a91e-4dfd-be39-d4ed1ab3ef5d,"{""en"": {""value"": ""39.964 g linseed oil"", ""direction"": ""ltr""}}",[],[],04fb3d92-8f35-4c2c-b5dc-cd78a7aa7de5,"{""en"": {""value"": ""0.041 g dammar resin"", ""direction"": ""ltr""}}",[],[],0a6ef207-39ea-45c1-b5e6-12b032a64cec,"{""en"": {""value"": ""linseed oil"", ""direction"": ""ltr""}}",[],[],[],4c79b665-e737-453e-b015-88f88f4d4977,39.964,[],[],b23062e8-a65b-4fe4-bcaa-b6e6be7764a5,"{""en"": {""value"": ""dammar resin"", ""direction"": ""ltr""}}",[],[],[],e4f274bd-d00e-4fd8-b080-fdc6f5a1145c,0.041,[],[],,,,,,
8291176f-519b-4432-98d8-49ba3c6d9164,d4e956f7-9fad-4fd2-94e3-563a3b2c3585,a4ea5a7a-d7f0-11ef-a75a-0275dc2ded29,1,1f89e6d5-7555-41f0-b217-d39f01ee091c,"{""en"": {""value"": ""0.021 g linseed oil"", ""direction"": ""ltr""}}",[],[],f0c94459-1036-4dd4-8782-4007889bc9d1,"{""en"": {""value"": ""20.002 g gum arabic"", ""direction"": ""ltr""}}",[],[],e56f0bbe-7b43-47ab-b7e9-92ef5a1e18a8,"{""en"": {""value"": ""linseed oil"", ""direction"": ""ltr""}}",[],[],[],0d7849e1-9c88-4ef1-9a1e-52b8bb5dfa0d,0.021,[],[],c61fd439-6d32-43a7-a6c3-ee1c7e195e3c,"{""en"": {""value"": ""gum arabic"", ""direction"": ""ltr""}}",[],[],[],5b22999f-6b0c-45c0-9990-ec5ea11e972c,20.002,[],[],,,,,,
87b00e66-44a7-4955-986a-6dc63d18c1fb,d4e956f7-9fad-4fd2-94e3-563a3b2c3585,a4ea5a7a-d7f0-11ef-a75a-0275dc2ded29,1,69285c8e-1723-4a32-b010-5846bea36eb5,"{""en"": {""value"": ""0.021 g linseed oil"", ""direction"": ""ltr""}}",[],[],8f49fb6b-235f-46b1-8692-44e74b2350ff,"{""en"": {""value"": ""20.002 g gum arabic"", ""direction"": ""ltr""}}",[],[],44d58cc6-c2fc-4844-9475-97964e41e0da,"{""en"": {""value"": ""linseed oil"", ""direction"": ""ltr""}}",[],[],[],0e913bbf-736f-44da-b02d-3ff8651ce290,0.021,[],[],ba538899-e07a-4f82-b4b3-1746f8295d69,"{""en"": {""value"": ""gum arabic"", ""direction"": ""ltr""}}",[],[],[],133d6252-90b3-470f-ae7d-1d5e9e18ff38,20.002,[],[],,,,,,
20eeb305-ea42-46f5-897c-e40f7e56a982,d4e956f7-9fad-4fd2-94e3-563a3b2c3585,a4ea5a7a-d7f0-11ef-a75a-0275dc2ded29,1,25d07317-ffbd-4eaa-bebe-5c1d21eb9436,"{""en"": {""value"": ""0.021 g linseed oil"", ""direction"": ""ltr""}}",[],[],5c59e228-6606-46e0-9d22-44120eb46cf0,"{""en"": {""value"": ""20.002 g gum arabic"", ""direction"": ""ltr""}}",[],[],0e031ada-caa4-4e5f-8cdf-2871b9c01bba,"{""en"": {""value"": ""linseed oil"", ""direction"": ""ltr""}}",[],[],[],66881347-e96c-4e27-b318-6741fec5260b,0.021,[],[],f7163c7c-8e8d-438f-a49b-7443e51b026d,"{""en"": {""value"": ""gum arabic"", ""direction"": ""ltr""}}",[],[],[],aaac58c0-aab5-4c30-8084-8b8795f6908a,20.002,[],[],,,,,,
f693491a-f05f-4c50-b7fd-392d499b3182,d4e956f7-9fad-4fd2-94e3-563a3b2c3585,a4ea5a7a-d7f0-11ef-a75a-0275dc2ded29,1,0f2ed13f-3b10-4e42-9008-ebb95c7a6be6,"{""en"": {""value"": ""0.021 g linseed oil"", ""direction"": ""ltr""}}",[],[],e258cab6-48b3-43c8-a8c4-78c88eee21d8,"{""en"": {""value"": ""20.002 g gum arabic"", ""direction"": ""ltr""}}",[],[],b49147f0-3d41-4a37-9b30-d25393e2191a,"{""en"": {""value"": ""linseed oil"", ""direction"": ""ltr""}}",[],[],[],63ffc983-0bdd-427b-882c-f7c5c60be78b,0.021,[],[],264aaaa4-9b20-4845-ba4d-03dd5eeb8562,"{""en"": {""value"": ""gum arabic"", ""direction"": ""ltr""}}",[],[],[],2764f595-e723-4780-8a70-1f53e225b28f,20.002,[],[],,,,,,
11b6a73a-22bf-402b-ba48-a318b6b7cb4c,d4e956f7-9fad-4fd2-94e3-563a3b2c3585,a4ea5a7a-d7f0-11ef-a75a-0275dc2ded29,1,db93887b-acbf-46e2-a1a3-a51aea009891,"{""en"": {""value"": ""0.030 g linseed oil"", ""direction"": ""ltr""}}",[],[],0ce84891-e030-42ce-aee9-2162fbb492dd,"{""en"": {""value"": ""15.000 g gum arabic"", ""direction"": ""ltr""}}",[],[],14a89f9e-77a5-4b15-9ac3-a72ce4b1166a,"{""en"": {""value"": ""linseed oil"", ""direction"": ""ltr""}}",[],[],[],f1a3b4f2-10fd-4b36-aab9-a3dc7bb82a7e,0.03,[],[],9fbe528e-2364-4b1f-a7ab-462bf1f6cce6,"{""en"": {""value"": ""gum arabic"", ""direction"": ""ltr""}}",[],[],[],2322679c-c0c7-4a52-8f47-04ffa05654b5,15.0,[],[],,,,,,
be79a068-c68f-4b7e-9d0e-5f097b6330f9,d4e956f7-9fad-4fd2-94e3-563a3b2c3585,a4ea5a7a-d7f0-11ef-a75a-0275dc2ded29,1,15336123-2bc0-4f08-8f4e-6aace867a121,"{""en"": {""value"": ""0.030 g linseed oil"", ""direction"": ""ltr""}}",[],[],ea916ac6-c83d-4e03-9997-4edf8376d65f,"{""en"": {""value"": ""15.000 g gum arabic"", ""direction"": ""ltr""}}",[],[],dcb2dea6-1758-46bd-ab30-46aa95bc300c,"{""en"": {""value"": ""linseed oil"", ""direction"": ""ltr""}}",[],[],[],2071dc67-8dc7-4ac6-bdfc-53afad76cfd2,0.03,[],[],df35dc1d-d501-49e2-aebf-6230adf3a685,"{""en"": {""value"": ""gum arabic"", ""direction"": ""ltr""}}",[],[],[],02073384-a897-442a-a806-9188453a6d8b,15.0,[],[],,,,,,
b2533374-00e3-44cd-832e-e6423db49e35,d4e956f7-9fad-4fd2-94e3-563a3b2c3585,a4ea5a7a-d7f0-11ef-a75a-0275dc2ded29,1,a6b22dde-d1e0-4706-b1ad-d4e7101d6542,"{""en"": {""value"": ""0.030 g linseed oil"", ""direction"": ""ltr""}}",[],[],b00a6816-20f4-4cde-b58f-288ca5ed27dc,"{""en"": {""value"": ""15.000 g gum arabic"", ""direction"": ""ltr""}}",[],[],7facac94-1148-4deb-95d4-be6afdd95407,"{""en"": {""value"": ""linseed oil"", ""direction"": ""ltr""}}",[],[],[],160be5a9-284a-4fb3-9e11-1528616ba3c1,0.03,[],[],3912c5e4-2690-43cd-ad41-3f39394b6fdb,"{""en"": {""value"": ""gum arabic"", ""direction"": ""ltr""}}",[],[],[],eda8cd7b-441a-45d7-ab2f-e2f935fe34aa,15.0,[],[],,,,,,
5b4083c8-ec98-478b-9ff3-43f125acd1e3,d4e956f7-9fad-4fd2-94e3-563a3b2c3585,a4ea5a7a-d7f0-11ef-a75a-0275dc2ded29,1,562d2593-3a64-4595-a6fb-859f3ae0c2e3,"{""en"": {""value"": ""0.030 g linseed oil"", ""direction"": ""ltr""}}",[],[],cda2815a-37e0-40e9-b683-4bdc0cc87e23,"{""en"": {""value"": ""15.000 g gum arabic"", ""direction"": ""ltr""}}",[],[],86c02cb9-6d3b-45bc-ac9c-80bcdbfe0630,"{""en"": {""value"": ""linseed oil"", ""direction"": ""ltr""}}",[],[],[],6f64ecfa-1d11-400d-a2b5-3d910858c8c0,0.03,[],[],fa8cfc1a-9184-4546-a502-48d0e5e4c81c,"{""en"": {""value"": ""gum arabic"", ""direction"": ""ltr""}}",[],[],[],b605d76f-9e99-49f4-b752-1e3e4e3abd8c,15.0,[],[],,,,,,
8e0caf7b-b045-4da2-8333-a1bd10e76a43,d4e956f7-9fad-4fd2-94e3-563a3b2c3585,a4ea5a7a-d7f0-11ef-a75a-0275dc2ded29,1,ae38365a-443d-4fa2-87a7-3a0ec93057ce,"{""en"": {""value"": ""0.150 g linseed oil"", ""direction"": ""ltr""}}",[],[],7c739816-bf4b-4d94-9a04-947297eb9190,"{""en"": {""value"": ""15.002 g gum arabic"", ""direction"": ""ltr""}}",[],[],68b118d5-5a19-421e-97ea-b713ba031779,"{""en"": {""value"": ""linseed oil"", ""direction"": ""ltr""}}",[],[],[],8eb81ccb-5ac9-4cc4-ae99-f64880840092,0.15,[],[],1699c06f-7da0-419a-9d43-c53b584c3b44,"{""en"": {""value"": ""gum arabic"", ""direction"": ""ltr""}}",[],[],[],e1d4dd2b-3dba-4ead-aee1-2484eb125770,15.002,[],[],,,,,,
cad0fa06-8d6d-48cd-8c2a-81aee9c6ab78,d4e956f7-9fad-4fd2-94e3-563a3b2c3585,a4ea5a7a-d7f0-11ef-a75a-0275dc2ded29,1,5199c439-e5d5-4bf4-b2f2-7114d89e9b64,"{""en"": {""value"": ""0.150 g linseed oil"", ""direction"": ""ltr""}}",[],[],71ac9467-b294-4dda-8464-8f326f2d141b,"{""en"": {""value"": ""15.002 g gum arabic"", ""direction"": ""ltr""}}",[],[],6670704c-47e6-4e36-b03c-d40032ca9fd0,"{""en"": {""value"": ""linseed oil"", ""direction"": ""ltr""}}",[],[],[],7a80dcac-2d69-4a50-956d-b33c07d41de1,0.15,[],[],80db80e9-0472-4436-99e2-7c69aabc7eff,"{""en"": {""value"": ""gum arabic"", ""direction"": ""ltr""}}",[],[],[],b424c4ab-2ca0-4bf7-86e7-7297590923b2,15.002,[],[],,,,,,
b39d030a-f87d-435f-8577-e2477a67b7df,d4e956f7-9fad-4fd2-94e3-563a3b2c3585,a4ea5a7a-d7f0-11ef-a75a-0275dc2ded29,1,3476bb7f-ba00-4f73-b622-5a6236e0b3ce,"{""en"": {""value"": ""0.150 g linseed oil"", ""direction"": ""ltr""}}",[],[],984931bf-0f96-41db-9e0e-ca057104d62e,"{""en"": {""value"": ""15.002 g gum arabic"", ""direction"": ""ltr""}}",[],[],949aed80-759a-4e21-baf5-7d798e345254,"{""en"": {""value"": ""linseed oil"", ""direction"": ""ltr""}}",[],[],[],6a42a525-af59-4126-aadd-11c27eda7ab0,0.15,[],[],bfa3ebb3-03ab-4863-ab66-1eb2c75ffad0,"{""en"": {""value"": ""gum arabic"", ""direction"": ""ltr""}}",[],[],[],0d03b746-b2b6-4d17-8440-8be6ec60f6f2,15.002,[],[],,,,,,
675fc733-7a29-47cd-96b9-10d696622fb5,d4e956f7-9fad-4fd2-94e3-563a3b2c3585,a4ea5a7a-d7f0-11ef-a75a-0275dc2ded29,1,a15e07ca-be34-47ea-a994-0d1617cb3ada,"{""en"": {""value"": ""0.150 g linseed oil"", ""direction"": ""ltr""}}",[],[],664efa7d-3582-4a2a-8a8d-0f30f4d74735,"{""en"": {""value"": ""15.002 g gum arabic"", ""direction"": ""ltr""}}",[],[],8c25dcd0-5b66-4ab4-a446-13904fa509fc,"{""en"": {""value"": ""linseed oil"", ""direction"": ""ltr""}}",[],[],[],80f6e386-5bce-489a-892a-dbaefd9732c8,0.15,[],[],5e0abc36-b0d3-4209-a2c4-a27cfd766b5b,"{""en"": {""value"": ""gum arabic"", ""direction"": ""ltr""}}",[],[],[],1492239a-b7f8-4c97-ab27-4d4081da8d98,15.002,[],[],,,,,,
ea2e3177-bf96-47f6-b38c-2fcde6726824,d4e956f7-9fad-4fd2-94e3-563a3b2c3585,a4ea5a7a-d7f0-11ef-a75a-0275dc2ded29,1,0b448252-5401-4d57-a38e-275ef2ef4080,"{""en"": {""value"": ""0.304 g linseed oil"", ""direction"": ""ltr""}}",[],[],1fe8a123-16af-4bc3-85f8-81073729d66e,"{""en"": {""value"": ""15.004 g gum arabic"", ""direction"": ""ltr""}}",[],[],b9659393-2677-4e0c-9b9b-5520283f610b,"{""en"": {""value"": ""linseed oil"", ""direction"": ""ltr""}}",[],[],[],f685ba5a-3ead-4e48-8cc7-2ade54ebc170,0.304,[],[],26477181-8a89-4796-a548-a1de6af84c6c,"{""en"": {""value"": ""gum arabic"", ""direction"": ""ltr""}}",[],[],[],491505b4-af02-4785-ba13-53c169a48542,15.004,[],[],,,,,,
d9b78be9-b27f-4558-8217-33b27071cee2,d4e956f7-9fad-4fd2-94e3-563a3b2c3585,a4ea5a7a-d7f0-11ef-a75a-0275dc2ded29,1,85b3dd57-bcf6-4130-bae2-beede068f753,"{""en"": {""value"": ""0.304 g linseed oil"", ""direction"": ""ltr""}}",[],[],023944bc-341f-423c-8d72-a52d243a2aea,"{""en"": {""value"": ""15.004 g gum arabic"", ""direction"": ""ltr""}}",[],[],5f1f3a51-30f6-48b9-ada1-f914dd0a8cd1,"{""en"": {""value"": ""linseed oil"", ""direction"": ""ltr""}}",[],[],[],c57a4371-eae1-4adc-9940-76f54fb44ed4,0.304,[],[],3a3977fb-8e05-4ca3-be23-14b2bc2b979d,"{""en"": {""value"": ""gum arabic"", ""direction"": ""ltr""}}",[],[],[],430ad984-92c0-4bd5-9aba-998c79c601a9,15.004,[],[],,,,,,
3881f774-2da3-42a3-b3d6-d6055a3bd922,d4e956f7-9fad-4fd2-94e3-563a3b2c3585,a4ea5a7a-d7f0-11ef-a75a-0275dc2ded29,1,4823b8d0-a536-4217-9c1d-d7e11854d0d1,"{""en"": {""value"": ""0.304 g linseed oil"", ""direction"": ""ltr""}}",[],[],8b056ed3-9f81-46cf-b0f9-f55ae2deaf4b,"{""en"": {""value"": ""15.004 g gum arabic"", ""direction"": ""ltr""}}",[],[],ccfea0aa-5eed-46b3-8ac0-070e12808caf,"{""en"": {""value"": ""linseed oil"", ""direction"": ""ltr""}}",[],[],[],4f37ce41-39eb-4587-b003-2c644c34f5a1,0.304,[],[],406fe822-382e-4785-969a-5eaf2838ad96,"{""en"": {""value"": ""gum arabic"", ""direction"": ""ltr""}}",[],[],[],c1880ed3-9e04-4c23-97ea-8d779795f12d,15.004,[],[],,,,,,
c0e473ae-08ba-4e3d-b44b-6fb2c0ad3805,d4e956f7-9fad-4fd2-94e3-563a3b2c3585,a4ea5a7a-d7f0-11ef-a75a-0275dc2ded29,1,d0860636-3e06-4336-98f7-66fa824f2b8b,"{""en"": {""value"": ""0.304 g linseed oil"", ""direction"": ""ltr""}}",[],[],54cd1fe2-ec13-4833-b3fd-96098044e483,"{""en"": {""value"": ""15.004 g gum arabic"", ""direction"": ""ltr""}}",[],[],a693e8c1-30fe-435f-80e6-bd1ae5e75d70,"{""en"": {""value"": ""linseed oil"", ""direction"": ""ltr""}}",[],[],[],17222e09-2e37-479c-8b8d-67b87f8a0e5b,0.304,[],[],4480ce54-8473-4417-baab-7d376503d634,"{""en"": {""value"": ""gum arabic"", ""direction"": ""ltr""}}",[],[],[],b0a33b03-1d9f-4148-beab-965c3399bda1,15.004,[],[],,,,,,
3ddb1ddb-6527-49cf-8ae0-bc5228ffaa37,d4e956f7-9fad-4fd2-94e3-563a3b2c3585,a4ea5a7a-d7f0-11ef-a75a-0275dc2ded29,1,edc31df5-8cb4-4e96-9e58-a599ae7617cf,"{""en"": {""value"": ""0.735 g linseed oil"", ""direction"": ""ltr""}}",[],[],f7e64e2e-03cd-4627-a741-48ca6c0d0130,"{""en"": {""value"": ""14.003 g gum arabic"", ""direction"": ""ltr""}}",[],[],c70efe1b-db2e-491d-a61a-6de51d6e60f7,"{""en"": {""value"": ""linseed oil"", ""direction"": ""ltr""}}",[],[],[],ef20479a-6c3c-44fb-9673-5f674d86aa55,0.735,[],[],88697fd3-fb98-4985-8b86-4f9294449671,"{""en"": {""value"": ""gum arabic"", ""direction"": ""ltr""}}",[],[],[],2b3090ae-180e-4f0e-bfab-c47e1f41bdda,14.003,[],[],,,,,,
0468850e-25f9-42ad-9d62-0777cc10337b,d4e956f7-9fad-4fd2-94e3-563a3b2c3585,a4ea5a7a-d7f0-11ef-a75a-0275dc2ded29,1,034335df-9a50-4ba4-9ad2-d01cfef91abe,"{""en"": {""value"": ""0.735 g linseed oil"", ""direction"": ""ltr""}}",[],[],01b2acd6-4200-4da0-9c57-0c04c5539f0d,"{""en"": {""value"": ""14.003 g gum arabic"", ""direction"": ""ltr""}}",[],[],d60dd4ec-2181-408b-b63c-eede7dec18b7,"{""en"": {""value"": ""linseed oil"", ""direction"": ""ltr""}}",[],[],[],119d1249-6522-41b4-b121-5eb3df9d0376,0.735,[],[],2da0bfc7-cefe-421f-918c-f6973b9e2514,"{""en"": {""value"": ""gum arabic"", ""direction"": ""ltr""}}",[],[],[],9012ec57-c77f-4bf5-bd66-b406e8a5e43b,14.003,[],[],,,,,,
84970262-ee6c-4292-80b8-82d5ddbffb43,d4e956f7-9fad-4fd2-94e3-563a3b2c3585,a4ea5a7a-d7f0-11ef-a75a-0275dc2ded29,1,51a82d46-06f9-436d-90a0-28e253036faa,"{""en"": {""value"": ""0.735 g linseed oil"", ""direction"": ""ltr""}}",[],[],3cc939da-4043-4961-9692-eec272f0927f,"{""en"": {""value"": ""14.003 g gum arabic"", ""direction"": ""ltr""}}",[],[],0d65be07-9f50-477d-8e05-e8a5f5a5283c,"{""en"": {""value"": ""linseed oil"", ""direction"": ""ltr""}}",[],[],[],c33193b2-e01d-4697-9dcc-3d4871287261,0.735,[],[],2f764b4a-baee-4d7d-94ac-b82effd82d3b,"{""en"": {""value"": ""gum arabic"", ""direction"": ""ltr""}}",[],[],[],565a34ee-0d31-4fd5-a211-18b2826317c7,14.003,[],[],,,,,,
5bb0e57b-7a54-4fe1-882d-e339f394a539,d4e956f7-9fad-4fd2-94e3-563a3b2c3585,a4ea5a7a-d7f0-11ef-a75a-0275dc2ded29,1,52e68289-d6f5-44d7-9a0c-0027d803dead,"{""en"": {""value"": ""0.735 g linseed oil"", ""direction"": ""ltr""}}",[],[],864acfd0-4777-41a6-9d52-17d18947f404,"{""en"": {""value"": ""14.003 g gum arabic"", ""direction"": ""ltr""}}",[],[],6718871f-11a6-4dd4-b92b-51f5d662907b,"{""en"": {""value"": ""linseed oil"", ""direction"": ""ltr""}}",[],[],[],1d25fca4-862f-4235-b728-2e4571714861,0.735,[],[],bd43efad-575e-4699-a41b-2aa54416865a,"{""en"": {""value"": ""gum arabic"", ""direction"": ""ltr""}}",[],[],[],f47364db-6ced-4859-814e-48234e893001,14.003,[],[],,,,,,
2b20c2bc-f0b0-4c37-ab4f-8f19daf00780,d4e956f7-9fad-4fd2-94e3-563a3b2c3585,a4ea5a7a-d7f0-11ef-a75a-0275dc2ded29,1,607a3b06-d632-4f7c-944f-f599c76cb536,"{""en"": {""value"": ""4.004 g linseed oil"", ""direction"": ""ltr""}}",[],[],d75290de-d1a2-4781-a7d4-186aba3b648d,"{""en"": {""value"": ""16.004 g gum arabic"", ""direction"": ""ltr""}}",[],[],917488bb-482a-4c33-af08-ccb2c023611b,"{""en"": {""value"": ""linseed oil"", ""direction"": ""ltr""}}",[],[],[],e3cc77c7-2b9d-468e-bdde-bd9a383ba2f7,4.004,[],[],3bf2051d-8917-4743-bba3-56905a1f42e1,"{""en"": {""value"": ""gum arabic"", ""direction"": ""ltr""}}",[],[],[],b8eddbd6-cc5d-47c9-aba6-e8841ee1eb13,16.004,[],[],,,,,,
43c61b05-6c72-4f5d-9cb7-0d7e0a55a5fb,d4e956f7-9fad-4fd2-94e3-563a3b2c3585,a4ea5a7a-d7f0-11ef-a75a-0275dc2ded29,1,484f4c11-09de-49ba-8775-988c2e43f3d6,"{""en"": {""value"": ""4.004 g linseed oil"", ""direction"": ""ltr""}}",[],[],c75439ba-217d-4a48-9fe8-a87e7a03c0c6,"{""en"": {""value"": ""16.004 g gum arabic"", ""direction"": ""ltr""}}",[],[],4ca9ee2e-5c3d-4380-86a9-bd27279ffbfd,"{""en"": {""value"": ""linseed oil"", ""direction"": ""ltr""}}",[],[],[],a97db936-7756-4d9c-8ca1-d29dfe0fbcda,4.004,[],[],2a5d5968-1708-46c8-8f01-b2c0a9ac39f5,"{""en"": {""value"": ""gum arabic"", ""direction"": ""ltr""}}",[],[],[],05ace0d2-3bad-4912-8c7d-7e97cccfc212,16.004,[],[],,,,,,
14c942fe-83db-4f28-8f0e-b20db63bd38f,d4e956f7-9fad-4fd2-94e3-563a3b2c3585,a4ea5a7a-d7f0-11ef-a75a-0275dc2ded29,1,adee0eaa-5b89-48cc-bb1b-a56fb39aa1db,"{""en"": {""value"": ""4.004 g linseed oil"", ""direction"": ""ltr""}}",[],[],5516a8ed-827d-4205-b1f7-d9667e89e84d,"{""en"": {""value"": ""16.004 g gum arabic"", ""direction"": ""ltr""}}",[],[],17b9087e-bb98-4a6c-b281-f42e83657c09,"{""en"": {""value"": ""linseed oil"", ""direction"": ""ltr""}}",[],[],[],54a717d3-0ea3-4e93-8b26-ea1e979bd0cf,4.004,[],[],c73e7726-6228-45e2-b80d-f1c7562ae381,"{""en"": {""value"": ""gum arabic"", ""direction"": ""ltr""}}",[],[],[],c644d9a8-5f96-4dd3-9015-263a6d2bc06c,16.004,[],[],,,,,,
ae336d5e-7bfa-43b9-89da-454ef2841a04,d4e956f7-9fad-4fd2-94e3-563a3b2c3585,a4ea5a7a-d7f0-11ef-a75a-0275dc2ded29,1,a8b641c9-8ec2-4520-9f95-9b6eb97c172d,"{""en"": {""value"": ""4.004 g linseed oil"", ""direction"": ""ltr""}}",[],[],cc786f17-81c5-4890-bb7c-f8604a311a53,"{""en"": {""value"": ""16.004 g gum arabic"", ""direction"": ""ltr""}}",[],[],5b268875-90fe-4def-a48b-0db104354cca,"{""en"": {""value"": ""linseed oil"", ""direction"": ""ltr""}}",[],[],[],804c3ced-27fa-47f2-a08d-8679f07bf13b,4.004,[],[],a6c6a3a5-0fc7-4f81-89d8-05c08ee186ca,"{""en"": {""value"": ""gum arabic"", ""direction"": ""ltr""}}",[],[],[],d9dd8de2-7d7f-4038-8030-9ed23f6235b7,16.004,[],[],,,,,,
72b258fd-cabb-4526-86fc-23f5fd9ad97e,d4e956f7-9fad-4fd2-94e3-563a3b2c3585,a4ea5a7a-d7f0-11ef-a75a-0275dc2ded29,1,0b1911a7-d5a7-44a2-9e38-0f60e37e5fdc,"{""en"": {""value"": ""12.004 g linseed oil"", ""direction"": ""ltr""}}",[],[],2486c7e8-a281-4808-bcd9-cd9e13ec18b4,"{""en"": {""value"": ""12.005 g gum arabic"", ""direction"": ""ltr""}}",[],[],c52c5224-722f-4eff-bbe9-26b4ed52dd05,"{""en"": {""value"": ""linseed oil"", ""direction"": ""ltr""}}",[],[],[],344bb965-0570-4ce2-a6e2-e37874961f9b,12.004,[],[],3d082fac-a282-4b71-bb0e-9ba985345db9,"{""en"": {""value"": ""gum arabic"", ""direction"": ""ltr""}}",[],[],[],6df9fa9c-ed6d-4a48-9e71-fef5cd8c3f2b,12.005,[],[],,,,,,
cf7fe48f-9ab3-44fe-bbcb-b495cf9b90ad,d4e956f7-9fad-4fd2-94e3-563a3b2c3585,a4ea5a7a-d7f0-11ef-a75a-0275dc2ded29,1,4ecd81a2-4460-49d6-95a8-b668a0f6865e,"{""en"": {""value"": ""12.004 g linseed oil"", ""direction"": ""ltr""}}",[],[],01c1988c-df82-4d3e-bd32-6d514cafd16c,"{""en"": {""value"": ""12.005 g gum arabic"", ""direction"": ""ltr""}}",[],[],b1724c19-ffe2-439b-b962-76c744d20217,"{""en"": {""value"": ""linseed oil"", ""direction"": ""ltr""}}",[],[],[],f0ced98c-df2a-4fc8-8b16-ce97a8ca9ac3,12.004,[],[],8759be46-42ea-4506-85d0-278796307519,"{""en"": {""value"": ""gum arabic"", ""direction"": ""ltr""}}",[],[],[],7dda124e-1028-473e-8eea-06854dbec554,12.005,[],[],,,,,,
55aecbf4-2695-478f-97b1-2fa0ac2a0b33,d4e956f7-9fad-4fd2-94e3-563a3b2c3585,a4ea5a7a-d7f0-11ef-a75a-0275dc2ded29,1,0186b3fc-5da4-44ec-a329-a33d0d887dd4,"{""en"": {""value"": ""12.004 g linseed oil"", ""direction"": ""ltr""}}",[],[],26ae68c2-e33c-4ac6-835a-fb3a86209e3f,"{""en"": {""value"": ""12.005 g gum arabic"", ""direction"": ""ltr""}}",[],[],b4819319-6e06-4041-9a40-78b5294da747,"{""en"": {""value"": ""linseed oil"", ""direction"": ""ltr""}}",[],[],[],4a5eb93c-a5aa-4595-bd37-30cd21ed6db2,12.004,[],[],c0c9587a-ed31-47df-9d26-c87b2178d116,"{""en"": {""value"": ""gum arabic"", ""direction"": ""ltr""}}",[],[],[],d097c532-8741-4895-b4e8-6a3682efa1b4,12.005,[],[],,,,,,
9b3182b1-319c-4c1c-b125-eeed9bafacab,d4e956f7-9fad-4fd2-94e3-563a3b2c3585,a4ea5a7a-d7f0-11ef-a75a-0275dc2ded29,1,51b06497-a10a-4428-b465-caacb617d9ff,"{""en"": {""value"": ""12.004 g linseed oil"", ""direction"": ""ltr""}}",[],[],704a241b-6d7a-47ab-8ec2-fba85a916fb5,"{""en"": {""value"": ""12.005 g gum arabic"", ""direction"": ""ltr""}}",[],[],727feacd-fc05-45c4-8f48-3bb75edfe753,"{""en"": {""value"": ""linseed oil"", ""direction"": ""ltr""}}",[],[],[],0edc140f-21ee-4e49-bc36-ae0a1ba811a7,12.004,[],[],acda3e8a-6064-470f-81b2-57e29de16441,"{""en"": {""value"": ""gum arabic"", ""direction"": ""ltr""}}",[],[],[],bbb3e5fe-ed76-4193-805d-b15f6aa59537,12.005,[],[],,,,,,
a9b81412-9404-4ed7-b531-67935c9f85bc,d4e956f7-9fad-4fd2-94e3-563a3b2c3585,a4ea5a7a-d7f0-11ef-a75a-0275dc2ded29,1,58c5740e-b836-418b-b208-9c9779da13bc,"{""en"": {""value"": ""16.004 g linseed oil"", ""direction"": ""ltr""}}",[],[],ed5773cb-d2b6-43d4-b61a-f39775356a02,"{""en"": {""value"": ""4.001 g gum arabic"", ""direction"": ""ltr""}}",[],[],c6fa53ed-0094-44e9-8709-204473f0ccde,"{""en"": {""value"": ""linseed oil"", ""direction"": ""ltr""}}",[],[],[],816e4ee3-0e5c-4e16-84d0-5bca516e4271,16.004,[],[],81d20faf-ef0d-4207-ad0d-5b123b4d1659,"{""en"": {""value"": ""gum arabic"", ""direction"": ""ltr""}}",[],[],[],291d55f0-7db7-4821-8ab9-a0fb776359b0,4.001,[],[],,,,,,
92f1d091-de16-4712-a8d7-dd526ebb5ffc,d4e956f7-9fad-4fd2-94e3-563a3b2c3585,a4ea5a7a-d7f0-11ef-a75a-0275dc2ded29,1,1381a01e-52d2-44a8-a462-f105aefc905e,"{""en"": {""value"": ""16.004 g linseed oil"", ""direction"": ""ltr""}}",[],[],f16f8500-7813-47ce-bcdc-67d2c098a025,"{""en"": {""value"": ""4.001 g gum arabic"", ""direction"": ""ltr""}}",[],[],8dc6546f-df47-4ea9-aa6b-97af8f161f41,"{""en"": {""value"": ""linseed oil"", ""direction"": ""ltr""}}",[],[],[],a6ac169c-ce85-4cb6-b29d-b1fcf2111228,16.004,[],[],2160932b-1328-4c8b-bd7a-533f5fe5fe9c,"{""en"": {""value"": ""gum arabic"", ""direction"": ""ltr""}}",[],[],[],49f8662a-c120-4001-a926-ea0b5a2350d0,4.001,[],[],,,,,,
f9fdc7f6-7437-4763-8eeb-61cc4281eb2a,d4e956f7-9fad-4fd2-94e3-563a3b2c3585,a4ea5a7a-d7f0-11ef-a75a-0275dc2ded29,1,ddbc7e1f-e01a-425c-b249-6f67127e3911,"{""en"": {""value"": ""16.004 g linseed oil"", ""direction"": ""ltr""}}",[],[],1c058031-077c-4529-bb80-7551e82fc700,"{""en"": {""value"": ""4.001 g gum arabic"", ""direction"": ""ltr""}}",[],[],27536c75-beb2-4b2f-8711-9a8914adc208,"{""en"": {""value"": ""linseed oil"", ""direction"": ""ltr""}}",[],[],[],1af3488a-3596-4e16-b6a3-de512e335f21,16.004,[],[],bb7e1682-cbda-40e5-9377-9fd0704451fe,"{""en"": {""value"": ""gum arabic"", ""direction"": ""ltr""}}",[],[],[],1a66a444-4c76-4c6e-88d8-fc2b604301e0,4.001,[],[],,,,,,
26caee15-b370-4c64-a05d-01331609c724,d4e956f7-9fad-4fd2-94e3-563a3b2c3585,a4ea5a7a-d7f0-11ef-a75a-0275dc2ded29,1,a7cf69f3-2acc-48b5-b80f-ec0a64cdbfcd,"{""en"": {""value"": ""16.004 g linseed oil"", ""direction"": ""ltr""}}",[],[],03b4ca19-04a6-4c5f-9591-b714eef2ea49,"{""en"": {""value"": ""4.001 g gum arabic"", ""direction"": ""ltr""}}",[],[],c4afe1b3-d04b-4b16-abec-6f89b9009077,"{""en"": {""value"": ""linseed oil"", ""direction"": ""ltr""}}",[],[],[],8bb8e794-32d4-40bf-bb89-85cad127ea29,16.004,[],[],4bee96fd-9412-45cc-9518-ac9644d34d74,"{""en"": {""value"": ""gum arabic"", ""direction"": ""ltr""}}",[],[],[],4d7f14fc-6480-440a-9cb3-392ccb80b044,4.001,[],[],,,,,,
2dad692b-f69b-428a-b0e6-1bf5212940b5,d4e956f7-9fad-4fd2-94e3-563a3b2c3585,a4ea5a7a-d7f0-11ef-a75a-0275dc2ded29,1,253295cf-f2bb-4707-b7f0-4e94fb0b5dc9,"{""en"": {""value"": ""14.002 g linseed oil"", ""direction"": ""ltr""}}",[],[],9d78129d-931e-43fb-b780-d786dacf1ee1,"{""en"": {""value"": ""0.735 g gum arabic"", ""direction"": ""ltr""}}",[],[],0470a2a0-a13e-45fe-8d4a-d1e9556e8ae5,"{""en"": {""value"": ""linseed oil"", ""direction"": ""ltr""}}",[],[],[],84317ea1-cea9-481d-acf5-d305bf9e2dff,14.002,[],[],b2b9bce6-5874-46f3-a64f-bfe1dc21d243,"{""en"": {""value"": ""gum arabic"", ""direction"": ""ltr""}}",[],[],[],61ce1a23-4762-432a-81f8-332b9c098486,0.735,[],[],,,,,,
e00e57c7-49c7-45d4-bf43-ecb372168e13,d4e956f7-9fad-4fd2-94e3-563a3b2c3585,a4ea5a7a-d7f0-11ef-a75a-0275dc2ded29,1,aa3d32fc-24ea-4081-925d-bf74da52ce2a,"{""en"": {""value"": ""14.002 g linseed oil"", ""direction"": ""ltr""}}",[],[],ab972bfb-cf74-4b6e-9f3b-ec5d1fb68795,"{""en"": {""value"": ""0.735 g gum arabic"", ""direction"": ""ltr""}}",[],[],f86ed4e8-eb14-4c02-a88a-5d1045c9195f,"{""en"": {""value"": ""linseed oil"", ""direction"": ""ltr""}}",[],[],[],e421a216-b897-4fec-9527-bfbd3b8e4e60,14.002,[],[],3dce3dff-3022-42f2-ba9e-b6498f49c07e,"{""en"": {""value"": ""gum arabic"", ""direction"": ""ltr""}}",[],[],[],ceea1dce-1bb1-46aa-a750-a82d93f865c3,0.735,[],[],,,,,,
7221d469-9cd9-4034-b66d-d91026dfde42,d4e956f7-9fad-4fd2-94e3-563a3b2c3585,a4ea5a7a-d7f0-11ef-a75a-0275dc2ded29,1,dde257d7-ad62-4bde-821e-c27e95d2f427,"{""en"": {""value"": ""14.002 g linseed oil"", ""direction"": ""ltr""}}",[],[],10ed3d99-8d21-4088-8966-6029c3f02178,"{""en"": {""value"": ""0.735 g gum arabic"", ""direction"": ""ltr""}}",[],[],e634a3ae-e5cc-4661-aae1-7b6bb3a52211,"{""en"": {""value"": ""linseed oil"", ""direction"": ""ltr""}}",[],[],[],e19ada85-478c-4a60-8f19-4f4b44a3e583,14.002,[],[],9a0af6ec-e771-4fdf-b816-ff4c62baff2c,"{""en"": {""value"": ""gum arabic"", ""direction"": ""ltr""}}",[],[],[],16ea98b5-1f24-4396-baaa-3c93cc9d8ac8,0.735,[],[],,,,,,
f5469321-362f-4326-b42b-04a885be04c5,d4e956f7-9fad-4fd2-94e3-563a3b2c3585,a4ea5a7a-d7f0-11ef-a75a-0275dc2ded29,1,2536bc85-4545-4d60-8822-cf9c6b8d8d14,"{""en"": {""value"": ""14.002 g linseed oil"", ""direction"": ""ltr""}}",[],[],90f340ce-23c8-4fd7-8494-4eef8cbaad8f,"{""en"": {""value"": ""0.735 g gum arabic"", ""direction"": ""ltr""}}",[],[],45c756c5-689b-4fa7-a5fd-a40bcce49af3,"{""en"": {""value"": ""linseed oil"", ""direction"": ""ltr""}}",[],[],[],27ec1f90-c8f0-44a3-9fb3-ea428c12ae9e,14.002,[],[],15beaf65-1057-48a8-b384-7fedeb346e7c,"{""en"": {""value"": ""gum arabic"", ""direction"": ""ltr""}}",[],[],[],84895886-ca36-4ebd-99d8-bbaef395bfbd,0.735,[],[],,,,,,
5c609b5b-2378-44b4-b08d-7ddaf0b354ea,d4e956f7-9fad-4fd2-94e3-563a3b2c3585,a4ea5a7a-d7f0-11ef-a75a-0275dc2ded29,1,242fb674-e121-430b-b81e-97ec727db4c8,"{""en"": {""value"": ""15.002 g linseed oil"", ""direction"": ""ltr""}}",[],[],6975ab43-2773-4ec6-a176-6108e5d85b78,"{""en"": {""value"": ""0.311 g gum arabic"", ""direction"": ""ltr""}}",[],[],9f88f856-0a4e-4989-a79c-71c650b5b64c,"{""en"": {""value"": ""linseed oil"", ""direction"": ""ltr""}}",[],[],[],fb6bb7ad-a46e-4a33-b477-26b9231c12f9,15.002,[],[],977dec04-ff42-46c9-bf6c-d2e3cd226a20,"{""en"": {""value"": ""gum arabic"", ""direction"": ""ltr""}}",[],[],[],dc5574cf-b7d4-4e35-9edb-0646776f18f4,0.311,[],[],,,,,,
0e78d26c-30a8-4831-ae1c-59a3dafd5e80,d4e956f7-9fad-4fd2-94e3-563a3b2c3585,a4ea5a7a-d7f0-11ef-a75a-0275dc2ded29,1,0e657430-d466-409e-aa2b-abcca21db307,"{""en"": {""value"": ""15.002 g linseed oil"", ""direction"": ""ltr""}}",[],[],ed2c540c-95cb-49d0-a204-f5583a485d97,"{""en"": {""value"": ""0.311 g gum arabic"", ""direction"": ""ltr""}}",[],[],1bcfef13-97c0-43d9-a92a-d688155cc57d,"{""en"": {""value"": ""linseed oil"", ""direction"": ""ltr""}}",[],[],[],3687cccc-445a-4ceb-adc5-55f43145002c,15.002,[],[],78f9901a-9f62-40ca-84db-0e1e7893fd79,"{""en"": {""value"": ""gum arabic"", ""direction"": ""ltr""}}",[],[],[],46e97349-1b05-4ef2-95df-81c0deb9b3de,0.311,[],[],,,,,,
b55a4004-0fe1-49b6-aadd-d7722d629b69,d4e956f7-9fad-4fd2-94e3-563a3b2c3585,a4ea5a7a-d7f0-11ef-a75a-0275dc2ded29,1,b35e36b1-7452-4888-b649-c6d5750fd7a7,"{""en"": {""value"": ""15.002 g linseed oil"", ""direction"": ""ltr""}}",[],[],e936ccdb-8635-43dc-8480-e80632cda108,"{""en"": {""value"": ""0.311 g gum arabic"", ""direction"": ""ltr""}}",[],[],c660a0ff-a512-45a5-b7de-a2cb265ce3c7,"{""en"": {""value"": ""linseed oil"", ""direction"": ""ltr""}}",[],[],[],fc8fb10b-1f68-4d8b-ba3e-fa9790014256,15.002,[],[],754354e6-c03d-4851-9fc2-e406a4d59e26,"{""en"": {""value"": ""gum arabic"", ""direction"": ""ltr""}}",[],[],[],03b97747-60ff-43b7-957c-504795a8a0f5,0.311,[],[],,,,,,
e7e3b34c-5423-44a6-a7b6-692b7d245ecf,d4e956f7-9fad-4fd2-94e3-563a3b2c3585,a4ea5a7a-d7f0-11ef-a75a-0275dc2ded29,1,22973c5a-68c0-49d4-b8e9-b92a50f5e4f7,"{""en"": {""value"": ""15.002 g linseed oil"", ""direction"": ""ltr""}}",[],[],8d9dd0bb-230d-4375-9389-dc089a48e3a3,"{""en"": {""value"": ""0.311 g gum arabic"", ""direction"": ""ltr""}}",[],[],99502348-d354-4285-9034-726eaa6360e9,"{""en"": {""value"": ""linseed oil"", ""direction"": ""ltr""}}",[],[],[],c280cb25-2588-4e70-bffd-bca55ad4b58e,15.002,[],[],38138f8b-9e53-4560-8b72-f4c5331f96e2,"{""en"": {""value"": ""gum arabic"", ""direction"": ""ltr""}}",[],[],[],8a487e5d-399e-4786-9d8a-3321d4e1249c,0.311,[],[],,,,,,
8430decd-a71d-47f9-b004-644f4efceeb9,d4e956f7-9fad-4fd2-94e3-563a3b2c3585,a4ea5a7a-d7f0-11ef-a75a-0275dc2ded29,1,8031e4c3-c98d-4a40-a1c5-2e7a0ffb4254,"{""en"": {""value"": ""15.004 g linseed oil"", ""direction"": ""ltr""}}",[],[],7d3fe033-6342-4ee7-9f40-f3e7a8928102,"{""en"": {""value"": ""0.151 g gum arabic"", ""direction"": ""ltr""}}",[],[],b571e106-700c-4daf-b98e-161ddae48bac,"{""en"": {""value"": ""linseed oil"", ""direction"": ""ltr""}}",[],[],[],29aaea8d-20fa-403f-a2df-3fe53da47643,15.004,[],[],0b39c31c-ada0-42a5-af27-c4dc17cb822a,"{""en"": {""value"": ""gum arabic"", ""direction"": ""ltr""}}",[],[],[],704fbbd5-d09a-46be-bcfa-6b41f87be7e1,0.151,[],[],,,,,,
42b6cdf3-b88b-4f88-985d-11eac87dba48,d4e956f7-9fad-4fd2-94e3-563a3b2c3585,a4ea5a7a-d7f0-11ef-a75a-0275dc2ded29,1,3a4a0a5b-ed4d-4e52-a346-4d565986cb5d,"{""en"": {""value"": ""15.004 g linseed oil"", ""direction"": ""ltr""}}",[],[],a58c2523-c007-4668-9f35-07ed120f2181,"{""en"": {""value"": ""0.151 g gum arabic"", ""direction"": ""ltr""}}",[],[],3188a103-7970-4e33-a0d8-85c2c662b809,"{""en"": {""value"": ""linseed oil"", ""direction"": ""ltr""}}",[],[],[],adc5b35d-c5be-4951-ab38-5341a8637ee5,15.004,[],[],d99d1b35-f6c3-4222-877d-5c5ca3102954,"{""en"": {""value"": ""gum arabic"", ""direction"": ""ltr""}}",[],[],[],0ea27b02-cf46-415b-a6e6-30a5024291be,0.151,[],[],,,,,,
90fecc62-d503-490d-af2d-e408f848ea48,d4e956f7-9fad-4fd2-94e3-563a3b2c3585,a4ea5a7a-d7f0-11ef-a75a-0275dc2ded29,1,839d3ec6-a7e7-4264-8889-da037d53de95,"{""en"": {""value"": ""15.004 g linseed oil"", ""direction"": ""ltr""}}",[],[],50fb00c6-b8c6-4d2c-9c7a-827b51c1ddba,"{""en"": {""value"": ""0.151 g gum arabic"", ""direction"": ""ltr""}}",[],[],76fdd115-f5ce-4c2d-bbdc-42d50ef26647,"{""en"": {""value"": ""linseed oil"", ""direction"": ""ltr""}}",[],[],[],96073767-23b2-44e4-9c33-39ac199453ec,15.004,[],[],555aafc6-b683-4cd5-9ed2-d3438279d7a8,"{""en"": {""value"": ""gum arabic"", ""direction"": ""ltr""}}",[],[],[],248bb025-de76-4b4d-b9d1-6c5659d0e6c0,0.151,[],[],,,,,,
5633019c-7951-4452-9537-2d0d668c1808,d4e956f7-9fad-4fd2-94e3-563a3b2c3585,a4ea5a7a-d7f0-11ef-a75a-0275dc2ded29,1,465affb1-c955-4c61-be7a-98335a17a582,"{""en"": {""value"": ""15.004 g linseed oil"", ""direction"": ""ltr""}}",[],[],1711999f-7a6e-4809-a085-960b02fc4985,"{""en"": {""value"": ""0.151 g gum arabic"", ""direction"": ""ltr""}}",[],[],764a400a-c64b-4930-b67b-e6c1f7a1b47d,"{""en"": {""value"": ""linseed oil"", ""direction"": ""ltr""}}",[],[],[],68f0312b-c1a9-4880-810e-78a66c7a34a5,15.004,[],[],a025db36-ee83-40bb-9b44-79b7f7f280a6,"{""en"": {""value"": ""gum arabic"", ""direction"": ""ltr""}}",[],[],[],2dc6ae39-e566-48d3-b49e-93715c844235,0.151,[],[],,,,,,
9527dc5a-60b5-4c8a-99eb-148b826f9a4b,d4e956f7-9fad-4fd2-94e3-563a3b2c3585,a4ea5a7a-d7f0-11ef-a75a-0275dc2ded29,1,8f124e29-7b67-4389-9251-4d7d67467951,"{""en"": {""value"": ""15.003 g linseed oil"", ""direction"": ""ltr""}}",[],[],27c92293-7cfb-4c43-8924-224019b8edac,"{""en"": {""value"": ""0.033 g gum arabic"", ""direction"": ""ltr""}}",[],[],acc8eb07-3fee-45e6-9a0e-9c0ff217faac,"{""en"": {""value"": ""linseed oil"", ""direction"": ""ltr""}}",[],[],[],36636ecd-51de-4480-82a1-7423af4fa80f,15.003,[],[],a78d68c8-1930-42fa-a3e5-c403feb0909e,"{""en"": {""value"": ""gum arabic"", ""direction"": ""ltr""}}",[],[],[],33ed4a34-75ba-40eb-a262-69171504c7d4,0.033,[],[],,,,,,
0e1a4658-f638-4a58-8ca3-eb14fdfa5ffc,d4e956f7-9fad-4fd2-94e3-563a3b2c3585,a4ea5a7a-d7f0-11ef-a75a-0275dc2ded29,1,a5991fea-621a-4fc7-839a-e0c85817bd7d,"{""en"": {""value"": ""15.003 g linseed oil"", ""direction"": ""ltr""}}",[],[],a327d4b8-8037-4ea7-9685-1bdf36087d4a,"{""en"": {""value"": ""0.033 g gum arabic"", ""direction"": ""ltr""}}",[],[],b5c4920b-2286-4d71-9b54-bdc9f6009e69,"{""en"": {""value"": ""linseed oil"", ""direction"": ""ltr""}}",[],[],[],743728d9-3537-4fdb-b697-3fad8cfc4f71,15.003,[],[],06925ca0-63e8-42bc-bbf6-3b5f97c0b8b8,"{""en"": {""value"": ""gum arabic"", ""direction"": ""ltr""}}",[],[],[],73226d88-9ca8-47b8-981b-b48f48917e1e,0.033,[],[],,,,,,
fc3455aa-a648-479d-b96c-ae17a9a6273a,d4e956f7-9fad-4fd2-94e3-563a3b2c3585,a4ea5a7a-d7f0-11ef-a75a-0275dc2ded29,1,d418e169-1d77-410a-a9aa-6f282a6b327d,"{""en"": {""value"": ""15.003 g linseed oil"", ""direction"": ""ltr""}}",[],[],e0d7cf2e-a8bb-4cce-ab75-4e89cad75ec4,"{""en"": {""value"": ""0.033 g gum arabic"", ""direction"": ""ltr""}}",[],[],b71f44db-8ed9-4f82-9a1a-e64c7019887a,"{""en"": {""value"": ""linseed oil"", ""direction"": ""ltr""}}",[],[],[],e921c34e-5d3e-4ef5-a895-56ab15c52cce,15.003,[],[],18159d33-d206-4197-8542-6a1fbaf58958,"{""en"": {""value"": ""gum arabic"", ""direction"": ""ltr""}}",[],[],[],6b8b9f3e-042f-4faf-bd37-148ed40d3d5e,0.033,[],[],,,,,,
16378c55-c87f-4d76-a4e7-e7ab24e0d156,d4e956f7-9fad-4fd2-94e3-563a3b2c3585,a4ea5a7a-d7f0-11ef-a75a-0275dc2ded29,1,25fb8440-c935-44ee-961a-150d03f05a06,"{""en"": {""value"": ""15.003 g linseed oil"", ""direction"": ""ltr""}}",[],[],91428d2b-9a5a-4d4a-9960-2e1aa3838005,"{""en"": {""value"": ""0.033 g gum arabic"", ""direction"": ""ltr""}}",[],[],b63b43f7-3b19-48a0-bfea-79462f97c868,"{""en"": {""value"": ""linseed oil"", ""direction"": ""ltr""}}",[],[],[],a1bc4891-fd03-44e2-8a97-dc006f68dc82,15.003,[],[],0ab7d068-4f9d-4a37-bd26-f07ecfc37138,"{""en"": {""value"": ""gum arabic"", ""direction"": ""ltr""}}",[],[],[],efe245eb-8ca6-4449-a5f9-b2ff8af9d182,0.033,[],[],,,,,,
6ad6a52f-b5e9-4ee3-8995-f9e4960a8806,d4e956f7-9fad-4fd2-94e3-563a3b2c3585,a4ea5a7a-d7f0-11ef-a75a-0275dc2ded29,1,0eba12a2-f9f1-4a3f-b814-6a8c9b5d9e0c,"{""en"": {""value"": ""20.002 g linseed oil"", ""direction"": ""ltr""}}",[],[],5d916aee-aa60-4e0a-808e-64a6e4892452,"{""en"": {""value"": ""0.023 g gum arabic"", ""direction"": ""ltr""}}",[],[],656a7537-169a-4545-beb5-7eef829006e7,"{""en"": {""value"": ""linseed oil"", ""direction"": ""ltr""}}",[],[],[],06aba32a-725d-40b0-aff3-5de1053c1d0a,20.002,[],[],f1486590-439e-4418-b7e8-7ab9c2a19018,"{""en"": {""value"": ""gum arabic"", ""direction"": ""ltr""}}",[],[],[],824b9c7f-fb2a-4bf6-a529-242497ec5b24,0.023,[],[],,,,,,
32d66ead-f089-47f1-b5ff-e63383e39f47,d4e956f7-9fad-4fd2-94e3-563a3b2c3585,a4ea5a7a-d7f0-11ef-a75a-0275dc2ded29,1,0eac5ddf-303c-4f7c-b8ee-988dda42513c,"{""en"": {""value"": ""20.002 g linseed oil"", ""direction"": ""ltr""}}",[],[],4ac7d7f8-2021-4207-b649-f471bb7a2484,"{""en"": {""value"": ""0.023 g gum arabic"", ""direction"": ""ltr""}}",[],[],2959fdb1-9b9d-4339-8806-0c2e21f6ee31,"{""en"": {""value"": ""linseed oil"", ""direction"": ""ltr""}}",[],[],[],0441d10a-970c-4e6f-8ea5-0a03f9cd9315,20.002,[],[],1e6e9e2b-f1de-468e-9411-5a8d18c6a71d,"{""en"": {""value"": ""gum arabic"", ""direction"": ""ltr""}}",[],[],[],f8d7ee74-18bf-485c-bdb8-a26b988e9d0e,0.023,[],[],,,,,,
8f2b1c73-f0c6-4120-ad0f-f3678a7378b4,d4e956f7-9fad-4fd2-94e3-563a3b2c3585,a4ea5a7a-d7f0-11ef-a75a-0275dc2ded29,1,a2751329-21de-4fb9-8dd4-686cadb7ff4c,"{""en"": {""value"": ""20.002 g linseed oil"", ""direction"": ""ltr""}}",[],[],be3567bd-d07c-4938-858e-dc38ed00cc09,"{""en"": {""value"": ""0.023 g gum arabic"", ""direction"": ""ltr""}}",[],[],2b8d2494-801d-4e5b-8028-048b4a669f97,"{""en"": {""value"": ""linseed oil"", ""direction"": ""ltr""}}",[],[],[],53374f7a-90ea-447a-a0c8-5bff08b9a415,20.002,[],[],9d4f4ec6-0975-4100-8932-3e4e17fac389,"{""en"": {""value"": ""gum arabic"", ""direction"": ""ltr""}}",[],[],[],1c4aae5f-b211-4aa0-aa5a-6f09df986121,0.023,[],[],,,,,,
37bc7f1c-e65c-4bdc-8be4-f1a73b36b440,d4e956f7-9fad-4fd2-94e3-563a3b2c3585,a4ea5a7a-d7f0-11ef-a75a-0275dc2ded29,1,8983ba11-d364-4483-912d-50352d811773,"{""en"": {""value"": ""20.002 g linseed oil"", ""direction"": ""ltr""}}",[],[],ae011bf0-bdcf-4fd9-ab98-91cef9348699,"{""en"": {""value"": ""0.023 g gum arabic"", ""direction"": ""ltr""}}",[],[],2a6da4f7-92e3-4896-a4cf-2d31efd1cb95,"{""en"": {""value"": ""linseed oil"", ""direction"": ""ltr""}}",[],[],[],e901da4d-636b-4da0-a9bd-a21896d95b73,20.002,[],[],ee29cc79-3a2e-4c1c-a862-40cb70fdc500,"{""en"": {""value"": ""gum arabic"", ""direction"": ""ltr""}}",[],[],[],66ba1c51-011b-4e90-9c78-f8d6c485e1b1,0.023,[],[],,,,,,
9c419e5c-3878-4796-8ff4-dbbda3ff0949,d4e956f7-9fad-4fd2-94e3-563a3b2c3585,a4ea5a7a-d7f0-11ef-a75a-0275dc2ded29,1,4b095fcd-4713-49e7-b76f-6480ea341023,"{""en"": {""value"": ""0.053 g linseed oil"", ""direction"": ""ltr""}}",[],[],951dbd78-bdb7-4daa-a1b6-9bcdeeeccee8,"{""en"": {""value"": ""49.461 g rabbit-skin glue"", ""direction"": ""ltr""}}",[],[],d794c029-f61d-443b-839e-e1fcbc4b57bc,"{""en"": {""value"": ""linseed oil"", ""direction"": ""ltr""}}",[],[],[],4d4947a4-ca4f-44ef-a823-25438caaeee4,0.053,[],[],681b91bc-386d-4a32-a894-25e792d164e8,"{""en"": {""value"": ""rabbit-skin glue"", ""direction"": ""ltr""}}",[],[],[],ef53cef9-33ff-4b0f-80f3-e29481b2d676,49.461,[],[],,,,,,
bac1542c-d946-4b6c-8556-65fceb5681e3,d4e956f7-9fad-4fd2-94e3-563a3b2c3585,a4ea5a7a-d7f0-11ef-a75a-0275dc2ded29,1,ebe26596-1ad2-4867-9cf0-0bc323955026,"{""en"": {""value"": ""0.053 g linseed oil"", ""direction"": ""ltr""}}",[],[],c72286b3-43a2-4816-9e02-41952d37e1e5,"{""en"": {""value"": ""49.461 g rabbit-skin glue"", ""direction"": ""ltr""}}",[],[],1325901f-0d0f-4e5c-a327-bec25ecf312c,"{""en"": {""value"": ""linseed oil"", ""direction"": ""ltr""}}",[],[],[],c73e7245-ba7e-4e7f-b5e1-3cb5d34d7441,0.053,[],[],f6bc3ce1-e5eb-4dd2-87b1-378f989503ff,"{""en"": {""value"": ""rabbit-skin glue"", ""direction"": ""ltr""}}",[],[],[],ca63c5ab-23d3-44d5-b86b-68ff16a45ebe,49.461,[],[],,,,,,
e4931a4f-cfd3-4d8f-bec9-814bcec226f0,d4e956f7-9fad-4fd2-94e3-563a3b2c3585,a4ea5a7a-d7f0-11ef-a75a-0275dc2ded29,1,6ef03b97-cccf-4c55-8ca7-5daf5d70356b,"{""en"": {""value"": ""0.053 g linseed oil"", ""direction"": ""ltr""}}",[],[],04fab5e6-10e9-4370-ae31-2ead020af494,"{""en"": {""value"": ""49.461 g rabbit-skin glue"", ""direction"": ""ltr""}}",[],[],c3134ab6-af8d-4ad3-83a4-83a53d1c11aa,"{""en"": {""value"": ""linseed oil"", ""direction"": ""ltr""}}",[],[],[],7c4dd9a1-9547-4dc0-b366-ece37a1e3d1f,0.053,[],[],cb4cd264-6d0e-481d-929a-3a26ccf57e6e,"{""en"": {""value"": ""rabbit-skin glue"", ""direction"": ""ltr""}}",[],[],[],ade504e8-8b2f-41b3-a9a4-8d88d9388c7a,49.461,[],[],,,,,,
87529497-e4da-48c7-a1d6-25a036ce4124,d4e956f7-9fad-4fd2-94e3-563a3b2c3585,a4ea5a7a-d7f0-11ef-a75a-0275dc2ded29,1,05e3a738-18d3-4917-a79a-9e7c3bcace07,"{""en"": {""value"": ""0.053 g linseed oil"", ""direction"": ""ltr""}}",[],[],f4e9fa5e-1729-4c70-a1a7-4dd1083d9ef7,"{""en"": {""value"": ""49.461 g rabbit-skin glue"", ""direction"": ""ltr""}}",[],[],354d47f3-ebab-46f6-a122-32834406b8a0,"{""en"": {""value"": ""linseed oil"", ""direction"": ""ltr""}}",[],[],[],6f356931-f3e4-4fb0-9fae-d4262b4bad1b,0.053,[],[],c9dd08e8-6335-4985-ae3a-fd92cd6547d0,"{""en"": {""value"": ""rabbit-skin glue"", ""direction"": ""ltr""}}",[],[],[],0e6c0ee8-d175-4ba3-aedc-fe809458fc62,49.461,[],[],,,,,,
eb4fa17f-53e0-420f-b620-eeb2575081fa,d4e956f7-9fad-4fd2-94e3-563a3b2c3585,a4ea5a7a-d7f0-11ef-a75a-0275dc2ded29,1,0d0d7893-c4c0-4794-8b6c-d724f8236f90,"{""en"": {""value"": ""0.150 g linseed oil"", ""direction"": ""ltr""}}",[],[],9ef750a5-e93f-4d53-a1e8-ae284f4cde20,"{""en"": {""value"": ""45.316 g rabbit-skin glue"", ""direction"": ""ltr""}}",[],[],d2d5097a-72f9-4838-b9cc-877cbe762007,"{""en"": {""value"": ""linseed oil"", ""direction"": ""ltr""}}",[],[],[],7a1eb869-e130-4e66-ad06-7fbad10027f3,0.15,[],[],2d1f4cba-c5c9-4e23-a631-1567777a7183,"{""en"": {""value"": ""rabbit-skin glue"", ""direction"": ""ltr""}}",[],[],[],196ee0d0-1974-4ba3-8f0b-c571050d0b56,45.316,[],[],,,,,,
68968bce-a8f4-4771-926d-68439043618d,d4e956f7-9fad-4fd2-94e3-563a3b2c3585,a4ea5a7a-d7f0-11ef-a75a-0275dc2ded29,1,976720c1-0f04-42ac-9c10-0ab90fc2e40b,"{""en"": {""value"": ""0.150 g linseed oil"", ""direction"": ""ltr""}}",[],[],1ef29fda-db14-44cf-999d-8c61da14684b,"{""en"": {""value"": ""45.316 g rabbit-skin glue"", ""direction"": ""ltr""}}",[],[],540fd6f5-641e-418f-8dbe-1cfe2c049184,"{""en"": {""value"": ""linseed oil"", ""direction"": ""ltr""}}",[],[],[],471c5381-9b3a-4dc4-8968-cca58b43bb16,0.15,[],[],da0f0405-ffed-4633-bd2c-04ad457fe102,"{""en"": {""value"": ""rabbit-skin glue"", ""direction"": ""ltr""}}",[],[],[],75701b06-0024-468f-85fa-174df34487e7,45.316,[],[],,,,,,
02da0fe4-c16e-4234-8f26-68ad43a37780,d4e956f7-9fad-4fd2-94e3-563a3b2c3585,a4ea5a7a-d7f0-11ef-a75a-0275dc2ded29,1,98c0acce-4eb9-49bf-b1aa-9df37be6c5c6,"{""en"": {""value"": ""0.150 g linseed oil"", ""direction"": ""ltr""}}",[],[],28245a02-0911-4a8c-b059-fe6cd7a4e440,"{""en"": {""value"": ""45.316 g rabbit-skin glue"", ""direction"": ""ltr""}}",[],[],3d3fed67-6c5b-4b80-bbbe-e1333c773358,"{""en"": {""value"": ""linseed oil"", ""direction"": ""ltr""}}",[],[],[],33c09f99-1669-4224-9202-bf5a99ae3c26,0.15,[],[],6c3f854e-2629-4913-b6da-5ff1fad1a4f4,"{""en"": {""value"": ""rabbit-skin glue"", ""direction"": ""ltr""}}",[],[],[],b3c3961a-9bb5-4cd1-9df4-f7d7416e4454,45.316,[],[],,,,,,
ffd325b3-6075-4d13-96ad-e863cdc05e93,d4e956f7-9fad-4fd2-94e3-563a3b2c3585,a4ea5a7a-d7f0-11ef-a75a-0275dc2ded29,1,e058d563-2103-4d5a-8747-c2c75577ab8e,"{""en"": {""value"": ""0.150 g linseed oil"", ""direction"": ""ltr""}}",[],[],2a0b336d-a4df-4f94-b5d7-104c6961b8f2,"{""en"": {""value"": ""45.316 g rabbit-skin glue"", ""direction"": ""ltr""}}",[],[],13204f32-49af-4fa3-bc5f-f5f76a0590a6,"{""en"": {""value"": ""linseed oil"", ""direction"": ""ltr""}}",[],[],[],78868ed5-b10c-4286-824b-6ea351969c50,0.15,[],[],6a6730cc-0e91-494b-a1d7-79b6ede4ab4e,"{""en"": {""value"": ""rabbit-skin glue"", ""direction"": ""ltr""}}",[],[],[],b1b5fe77-ce80-407d-9106-e215ba792b30,45.316,[],[],,,,,,
de3c0424-df48-4d19-add8-59c2c31159b0,d4e956f7-9fad-4fd2-94e3-563a3b2c3585,a4ea5a7a-d7f0-11ef-a75a-0275dc2ded29,1,f8f4002e-7080-4e26-879f-c6b7b7062bf4,"{""en"": {""value"": ""0.110 g linseed oil"", ""direction"": ""ltr""}}",[],[],e91c9d9c-499d-4f59-8e7d-9da548dc5cda,"{""en"": {""value"": ""10.260 g rabbit-skin glue"", ""direction"": ""ltr""}}",[],[],5330e4cf-6186-4e69-90eb-e4449e016d08,"{""en"": {""value"": ""linseed oil"", ""direction"": ""ltr""}}",[],[],[],43bcb940-d86c-49a0-87ea-f60dcf94785c,0.11,[],[],8a4da781-0988-4336-a13e-0151dae2dd51,"{""en"": {""value"": ""rabbit-skin glue"", ""direction"": ""ltr""}}",[],[],[],1016b88a-aeb8-4b0b-b111-a51a6bceaf8b,10.26,[],[],,,,,,
f02e9031-fa95-4957-b3f6-a214f12506eb,d4e956f7-9fad-4fd2-94e3-563a3b2c3585,a4ea5a7a-d7f0-11ef-a75a-0275dc2ded29,1,862a05c0-ce88-48a8-b2ea-3db228ec0ee9,"{""en"": {""value"": ""0.110 g linseed oil"", ""direction"": ""ltr""}}",[],[],53869956-5664-4774-b1dc-c9954af65ef8,"{""en"": {""value"": ""10.260 g rabbit-skin glue"", ""direction"": ""ltr""}}",[],[],85dc9540-362f-4b2f-9233-f0bf64da9d96,"{""en"": {""value"": ""linseed oil"", ""direction"": ""ltr""}}",[],[],[],573a96eb-a2fd-4606-9630-b13c5df47b5d,0.11,[],[],142a7689-d227-465c-9d7c-de755ba94c70,"{""en"": {""value"": ""rabbit-skin glue"", ""direction"": ""ltr""}}",[],[],[],f4a075b9-e7b2-4fd9-a6fe-4cfd07a225cd,10.26,[],[],,,,,,
21cba47b-1afb-4086-853d-be450d035538,d4e956f7-9fad-4fd2-94e3-563a3b2c3585,a4ea5a7a-d7f0-11ef-a75a-0275dc2ded29,1,fbafce5e-9f3f-4a2d-a359-f284a13c03c9,"{""en"": {""value"": ""0.110 g linseed oil"", ""direction"": ""ltr""}}",[],[],a7b64a33-5b68-4791-a70f-71cba4e433cc,"{""en"": {""value"": ""10.260 g rabbit-skin glue"", ""direction"": ""ltr""}}",[],[],72d62fb5-b546-4eb4-9893-fc1e65d17cae,"{""en"": {""value"": ""linseed oil"", ""direction"": ""ltr""}}",[],[],[],601626b8-79ea-4430-9228-1ee6901c76da,0.11,[],[],01d18ef5-f587-493f-a5d9-58b3e33b1f2b,"{""en"": {""value"": ""rabbit-skin glue"", ""direction"": ""ltr""}}",[],[],[],94a1e4ab-6007-45d9-8fed-541d1d978af3,10.26,[],[],,,,,,
2d64e264-4ee4-413d-974a-2586f3f1c731,d4e956f7-9fad-4fd2-94e3-563a3b2c3585,a4ea5a7a-d7f0-11ef-a75a-0275dc2ded29,1,a5fb844f-7616-4ce7-81d0-a0564116c60a,"{""en"": {""value"": ""0.110 g linseed oil"", ""direction"": ""ltr""}}",[],[],feb67fcb-4e31-4a8d-b758-98673227451b,"{""en"": {""value"": ""10.260 g rabbit-skin glue"", ""direction"": ""ltr""}}",[],[],cd0bcc71-557d-41e9-8df3-3764f329c834,"{""en"": {""value"": ""linseed oil"", ""direction"": ""ltr""}}",[],[],[],19ccd5a8-b3bb-4857-9647-125e5a4c36d6,0.11,[],[],96cabcb7-55d9-47a8-ae6b-3baef7e49730,"{""en"": {""value"": ""rabbit-skin glue"", ""direction"": ""ltr""}}",[],[],[],413b756c-80dc-4751-a96f-4b0abfb72ccc,10.26,[],[],,,,,,
58ee0bc6-08b6-4f49-ad73-4a2a7cadfe35,d4e956f7-9fad-4fd2-94e3-563a3b2c3585,a4ea5a7a-d7f0-11ef-a75a-0275dc2ded29,1,dd3e81b3-4269-4583-b135-7117b73170e6,"{""en"": {""value"": ""0.115 g linseed oil"", ""direction"": ""ltr""}}",[],[],8b5c0d5d-b6c1-4049-8cb2-c93b460b6e12,"{""en"": {""value"": ""4.848 g rabbit-skin glue"", ""direction"": ""ltr""}}",[],[],18b52bc5-ae4e-427b-b46b-497b07899ea3,"{""en"": {""value"": ""linseed oil"", ""direction"": ""ltr""}}",[],[],[],1c560743-6d25-40de-a056-1742b34d1c31,0.115,[],[],0c2253aa-f9c1-4cb8-8692-39743a7c592f,"{""en"": {""value"": ""rabbit-skin glue"", ""direction"": ""ltr""}}",[],[],[],065631a9-217b-4e8d-9241-1eadd3d1a10b,4.848,[],[],,,,,,
351fa69c-ed9b-4c77-acf8-a9fd35fb4cc4,d4e956f7-9fad-4fd2-94e3-563a3b2c3585,a4ea5a7a-d7f0-11ef-a75a-0275dc2ded29,1,3d8501b9-d970-4bef-aa89-007548616e50,"{""en"": {""value"": ""0.115 g linseed oil"", ""direction"": ""ltr""}}",[],[],8282c9e1-71f2-469c-a2a6-12f14ca1e645,"{""en"": {""value"": ""4.848 g rabbit-skin glue"", ""direction"": ""ltr""}}",[],[],27962158-9a91-42fa-831b-ef968ab06e10,"{""en"": {""value"": ""linseed oil"", ""direction"": ""ltr""}}",[],[],[],325c1b68-6924-4379-b14a-2901e62735d6,0.115,[],[],43772741-cfe8-4153-92ef-406dcaceaaee,"{""en"": {""value"": ""rabbit-skin glue"", ""direction"": ""ltr""}}",[],[],[],4c10ee39-b814-4599-8cde-9164852c4a74,4.848,[],[],,,,,,
996d3b32-9443-4219-8ed2-8731e3eacfa9,d4e956f7-9fad-4fd2-94e3-563a3b2c3585,a4ea5a7a-d7f0-11ef-a75a-0275dc2ded29,1,e21a2cdc-b1c6-43eb-aa11-46afa69b2b05,"{""en"": {""value"": ""0.115 g linseed oil"", ""direction"": ""ltr""}}",[],[],4e3b7213-1880-4aff-a03a-a6a53ebaeacf,"{""en"": {""value"": ""4.848 g rabbit-skin glue"", ""direction"": ""ltr""}}",[],[],22584d9f-dde9-4fbf-bdec-0d3c459c61db,"{""en"": {""value"": ""linseed oil"", ""direction"": ""ltr""}}",[],[],[],8518bf16-11f7-4607-a12e-a8254d648737,0.115,[],[],103e23e7-233a-4c6f-9dc8-6444e98f3d6c,"{""en"": {""value"": ""rabbit-skin glue"", ""direction"": ""ltr""}}",[],[],[],15f3a239-9ef5-4fe7-9113-095159e141b6,4.848,[],[],,,,,,
9f9a08b3-1e51-48ab-9ce3-9f144f3ba8d3,d4e956f7-9fad-4fd2-94e3-563a3b2c3585,a4ea5a7a-d7f0-11ef-a75a-0275dc2ded29,1,0738a301-437f-4d6e-aa49-501294b8c54f,"{""en"": {""value"": ""0.115 g linseed oil"", ""direction"": ""ltr""}}",[],[],799d7946-7916-4b14-a2d7-c87f16059751,"{""en"": {""value"": ""4.848 g rabbit-skin glue"", ""direction"": ""ltr""}}",[],[],aac7d5d6-2d30-4ee3-a81d-5aab5b1b4493,"{""en"": {""value"": ""linseed oil"", ""direction"": ""ltr""}}",[],[],[],6a181512-9c9a-43cf-9b28-c1151ef59329,0.115,[],[],1f38593b-4eba-4361-98b8-eb460bbd4446,"{""en"": {""value"": ""rabbit-skin glue"", ""direction"": ""ltr""}}",[],[],[],cbe7cebe-bf1f-4d43-a6bc-61d877c75e85,4.848,[],[],,,,,,
90e5da95-791e-4876-affd-2867df9cbfb0,d4e956f7-9fad-4fd2-94e3-563a3b2c3585,a4ea5a7a-d7f0-11ef-a75a-0275dc2ded29,1,9574f941-2c65-42a2-a872-f907c484279f,"{""en"": {""value"": ""0.036 g linseed oil"", ""direction"": ""ltr""}}",[],[],5d06db01-691a-4aa5-8d51-c21c83dd0cb3,"{""en"": {""value"": ""0.667 g rabbit-skin glue"", ""direction"": ""ltr""}}",[],[],8b3ebd65-1b9c-432c-aa61-1770a8ce12f7,"{""en"": {""value"": ""linseed oil"", ""direction"": ""ltr""}}",[],[],[],980e58d3-663d-4168-8e4b-312af86a3a22,0.036,[],[],2911d2e4-efba-4cc6-9e9d-48cc549f3ca7,"{""en"": {""value"": ""rabbit-skin glue"", ""direction"": ""ltr""}}",[],[],[],6e691ebd-cf97-427a-aa37-03fec7d36c9f,0.667,[],[],,,,,,
8ecb1cd6-7973-491d-bbfc-b458202ed9c3,d4e956f7-9fad-4fd2-94e3-563a3b2c3585,a4ea5a7a-d7f0-11ef-a75a-0275dc2ded29,1,d010f070-4e4b-4e0c-b46f-fdc60d2a77fd,"{""en"": {""value"": ""0.031 g linseed oil"", ""direction"": ""ltr""}}",[],[],c48f3a71-1d7b-46e1-947d-4df6939e325c,"{""en"": {""value"": ""0.539 g rabbit-skin glue"", ""direction"": ""ltr""}}",[],[],07f2dd1d-b5d0-4df3-a5f9-8df4f5c3d6b5,"{""en"": {""value"": ""linseed oil"", ""direction"": ""ltr""}}",[],[],[],856297c2-f3b3-4451-8d5a-253119b3beae,0.031,[],[],0cddb9fb-fd25-410d-ad93-5084f75e1c13,"{""en"": {""value"": ""rabbit-skin glue"", ""direction"": ""ltr""}}",[],[],[],7b9d1aad-a6c1-4bde-9448-a9003e458ec9,0.539,[],[],,,,,,
d4bf7a80-3fa0-4358-a4e0-1d0e2d637837,d4e956f7-9fad-4fd2-94e3-563a3b2c3585,a4ea5a7a-d7f0-11ef-a75a-0275dc2ded29,1,87872221-d1b3-493c-a56f-b5dce9445b81,"{""en"": {""value"": ""0.034 g linseed oil"", ""direction"": ""ltr""}}",[],[],e4bef6ed-c20e-49d1-b1de-f87709d83150,"{""en"": {""value"": ""0.535 g rabbit-skin glue"", ""direction"": ""ltr""}}",[],[],e52155e1-1373-4cae-939c-ae456c67f069,"{""en"": {""value"": ""linseed oil"", ""direction"": ""ltr""}}",[],[],[],449f2fc8-9c4d-44fe-b1ea-ee1175934342,0.034,[],[],30a45dd6-f90b-4643-8eb8-61c18a8ba519,"{""en"": {""value"": ""rabbit-skin glue"", ""direction"": ""ltr""}}",[],[],[],38dd89b3-d5cf-421b-8ef8-7b1857f1f7c7,0.535,[],[],,,,,,
0f1dfaf1-e785-4287-81e7-37374f8fda53,d4e956f7-9fad-4fd2-94e3-563a3b2c3585,a4ea5a7a-d7f0-11ef-a75a-0275dc2ded29,1,9e8738e0-69c2-4f1b-8ecb-60c585717d1c,"{""en"": {""value"": ""0.045 g linseed oil"", ""direction"": ""ltr""}}",[],[],ad1b8d39-a711-47a0-ab03-7f6a968b6016,"{""en"": {""value"": ""0.615 g rabbit-skin glue"", ""direction"": ""ltr""}}",[],[],f965d74c-25ca-4342-9434-0356830e2194,"{""en"": {""value"": ""linseed oil"", ""direction"": ""ltr""}}",[],[],[],18908375-082a-484f-a099-e752a4a783e5,0.045,[],[],f03f1ccf-2322-46f1-9340-fb0d0b2dce95,"{""en"": {""value"": ""rabbit-skin glue"", ""direction"": ""ltr""}}",[],[],[],cdf145e3-304e-4f66-8308-208242156f6f,0.615,[],[],,,,,,
1c47777f-aefe-4d98-89ca-9d34bc5135f4,d4e956f7-9fad-4fd2-94e3-563a3b2c3585,a4ea5a7a-d7f0-11ef-a75a-0275dc2ded29,1,d7339792-090e-41d1-bf6b-4410ae7cab00,"{""en"": {""value"": ""0.142 g linseed oil "", ""direction"": ""ltr""}}",[],[],c3623bfe-f4a7-4aac-a6b1-60fe558b5707,"{""en"": {""value"": ""0.548 g rabbit-skin glue"", ""direction"": ""ltr""}}",[],[],bb4d2db0-d42d-41e5-a1ee-227a1d41f34d,"{""en"": {""value"": ""linseed oil"", ""direction"": ""ltr""}}",[],[],[],3033402b-a12c-4aba-942e-0af3bfd418a4,0.142,[],[],22fad67c-3679-48fe-842e-c73a4eec4a5c,"{""en"": {""value"": ""rabbit-skin glue"", ""direction"": ""ltr""}}",[],[],[],438e465f-63c4-4915-91f2-ec1ca5888454,0.548,[],[],,,,,,
d5ee861f-2e2d-493b-ad9e-c0f2ca9e6841,d4e956f7-9fad-4fd2-94e3-563a3b2c3585,a4ea5a7a-d7f0-11ef-a75a-0275dc2ded29,1,345399ea-32c3-476d-b6f1-640c37f6e722,"{""en"": {""value"": ""0.153 g linseed oil "", ""direction"": ""ltr""}}",[],[],0078dd8d-e770-45a4-8597-5844795b96ca,"{""en"": {""value"": ""0.583 g rabbit-skin glue"", ""direction"": ""ltr""}}",[],[],8cb6c319-5ef6-4ec1-b9db-e85f70b5043a,"{""en"": {""value"": ""linseed oil"", ""direction"": ""ltr""}}",[],[],[],8b3cbf55-269b-49f9-8d16-cbdbba0e3166,0.153,[],[],9b9ac99e-4de0-471b-8415-866c6712cdc3,"{""en"": {""value"": ""rabbit-skin glue"", ""direction"": ""ltr""}}",[],[],[],2ed14079-a91a-4e33-a86a-04d330547e44,0.583,[],[],,,,,,
4f003edf-1398-40a7-97ca-6f638a820afd,d4e956f7-9fad-4fd2-94e3-563a3b2c3585,a4ea5a7a-d7f0-11ef-a75a-0275dc2ded29,1,c58342cc-f873-4fb9-850e-7c4c80c056d3,"{""en"": {""value"": ""0.146 g linseed oil "", ""direction"": ""ltr""}}",[],[],63c14c29-318c-4c60-a098-5179635fc526,"{""en"": {""value"": ""0.559 g rabbit-skin glue"", ""direction"": ""ltr""}}",[],[],4b77e2ee-d608-4ffd-b294-ecbf2f5a0763,"{""en"": {""value"": ""linseed oil"", ""direction"": ""ltr""}}",[],[],[],a8ea229d-ac78-4e00-99d4-b094df57bce5,0.146,[],[],2950cda3-1809-4f3d-8c32-698bf1172b67,"{""en"": {""value"": ""rabbit-skin glue"", ""direction"": ""ltr""}}",[],[],[],977441a1-24d2-4fce-95a5-6c597de45bbc,0.559,[],[],,,,,,
c117f9ec-e71b-4d47-81e3-857e931fc4f9,d4e956f7-9fad-4fd2-94e3-563a3b2c3585,a4ea5a7a-d7f0-11ef-a75a-0275dc2ded29,1,1d7fc420-3c29-4ff7-a29c-6da5163080a9,"{""en"": {""value"": ""0.142 g linseed oil "", ""direction"": ""ltr""}}",[],[],06cb2314-c6f3-4384-b275-2fc5c42c1ab0,"{""en"": {""value"": ""0.548 g rabbit-skin glue"", ""direction"": ""ltr""}}",[],[],dcbd0ae9-02cf-4129-b0fc-aac09e7a5af2,"{""en"": {""value"": ""linseed oil"", ""direction"": ""ltr""}}",[],[],[],440ec842-57c6-479b-9e20-0ffa2d0ca073,0.142,[],[],851fc86f-2165-4516-ab7b-423b8d68313f,"{""en"": {""value"": ""rabbit-skin glue"", ""direction"": ""ltr""}}",[],[],[],06d3cb33-8fdf-46ec-b02e-31eab0936bd1,0.548,[],[],,,,,,
ffa0764c-e1c2-4123-a6b9-fbcec871aa42,d4e956f7-9fad-4fd2-94e3-563a3b2c3585,a4ea5a7a-d7f0-11ef-a75a-0275dc2ded29,1,bbdfb765-e0ee-43b8-9e46-1e217c17259f,"{""en"": {""value"": ""0.576 g linseed oil"", ""direction"": ""ltr""}}",[],[],4d2f8a2f-1493-41d3-b03e-36c781fdcb0a,"{""en"": {""value"": ""0.572 g rabbit-skin glue"", ""direction"": ""ltr""}}",[],[],e96fda55-a247-434f-9170-3ac983e4c2ff,"{""en"": {""value"": ""linseed oil"", ""direction"": ""ltr""}}",[],[],[],0e6a998f-9c41-4de8-9ee9-5d9b0e081722,0.576,[],[],9ec29c21-36c4-49e4-9c64-6fb1f30d9d20,"{""en"": {""value"": ""rabbit-skin glue"", ""direction"": ""ltr""}}",[],[],[],6237d382-8884-44e3-a27e-4282798ea7ee,0.572,[],[],,,,,,
c4f43e1e-907a-4ff6-9f78-142bf8bd093b,d4e956f7-9fad-4fd2-94e3-563a3b2c3585,a4ea5a7a-d7f0-11ef-a75a-0275dc2ded29,1,efa1d7b4-b239-4248-8c44-3a9e32e88245,"{""en"": {""value"": ""0.781 g linseed oil"", ""direction"": ""ltr""}}",[],[],22afb78f-e6a9-4d24-8083-37618de57a20,"{""en"": {""value"": ""0.630 g rabbit-skin glue"", ""direction"": ""ltr""}}",[],[],7fb8b67c-47ab-45a0-8b67-b6576d85fab0,"{""en"": {""value"": ""linseed oil"", ""direction"": ""ltr""}}",[],[],[],03053aa9-a518-45c0-9ada-73d8b454894f,0.781,[],[],6b8ad645-6540-4858-84fb-e2c61d2b1ef3,"{""en"": {""value"": ""rabbit-skin glue"", ""direction"": ""ltr""}}",[],[],[],64a77eaf-3959-471f-9eab-03ce88e33ba6,0.63,[],[],,,,,,
96844955-6ea3-4743-bcbb-4704ab64f3ca,d4e956f7-9fad-4fd2-94e3-563a3b2c3585,a4ea5a7a-d7f0-11ef-a75a-0275dc2ded29,1,1ad57613-294f-40fe-a09b-660918b199a7,"{""en"": {""value"": ""0.585 g linseed oil"", ""direction"": ""ltr""}}",[],[],2b6e628e-01a8-418e-8172-5fd487f39521,"{""en"": {""value"": ""0.575 g rabbit-skin glue"", ""direction"": ""ltr""}}",[],[],2a908e24-a0cf-4f37-9aa8-adbbee93b959,"{""en"": {""value"": ""linseed oil"", ""direction"": ""ltr""}}",[],[],[],8ba7c6b2-1300-42bb-90ef-b7387da1d54c,0.585,[],[],9bb2da23-cb49-4c0f-82bc-9004610a4802,"{""en"": {""value"": ""rabbit-skin glue"", ""direction"": ""ltr""}}",[],[],[],49725bd5-c0a0-4f2a-ab17-ee1ce8924ba4,0.575,[],[],,,,,,
be516092-01c6-42df-9d9a-74458d26379e,d4e956f7-9fad-4fd2-94e3-563a3b2c3585,a4ea5a7a-d7f0-11ef-a75a-0275dc2ded29,1,4e980f9a-1531-4343-9970-ffe7f3ff2815,"{""en"": {""value"": ""0.705 g linseed oil"", ""direction"": ""ltr""}}",[],[],6a881538-0c08-4a2e-a917-699de856efcc,"{""en"": {""value"": ""0.696 g rabbit-skin glue"", ""direction"": ""ltr""}}",[],[],bb2e8a2e-d21e-482e-95a3-be89e9918b2a,"{""en"": {""value"": ""linseed oil"", ""direction"": ""ltr""}}",[],[],[],2b5c476e-8179-4aab-b495-ecf4ed998828,0.705,[],[],6940c44a-2ce3-4fe8-9660-b37a44b96bf9,"{""en"": {""value"": ""rabbit-skin glue"", ""direction"": ""ltr""}}",[],[],[],31394d0a-7b27-4db1-a333-505639ba2fac,0.696,[],[],,,,,,
32a9fe78-9971-4d5f-bd15-60767ddf1817,d4e956f7-9fad-4fd2-94e3-563a3b2c3585,a4ea5a7a-d7f0-11ef-a75a-0275dc2ded29,1,13849234-3e3e-4d4e-a87c-8114663f63d5,"{""en"": {""value"": ""1.851 g linseed oil"", ""direction"": ""ltr""}}",[],[],7efacb55-b10d-458d-9115-d2bd8e7c80dd,"{""en"": {""value"": ""0.486 g rabbit-skin glue"", ""direction"": ""ltr""}}",[],[],47ac859b-d9cc-417a-a102-a060c3548601,"{""en"": {""value"": ""linseed oil"", ""direction"": ""ltr""}}",[],[],[],af8d6490-f8c2-4538-8025-a817d46c9bfd,1.851,[],[],58e4b62a-b47c-4e06-9615-876b66f24766,"{""en"": {""value"": ""rabbit-skin glue"", ""direction"": ""ltr""}}",[],[],[],1b3bc87b-22db-4b18-9310-971864cac752,0.486,[],[],,,,,,
e215a063-8b5a-4d33-8364-5c3ad258cc9c,d4e956f7-9fad-4fd2-94e3-563a3b2c3585,a4ea5a7a-d7f0-11ef-a75a-0275dc2ded29,1,4124bfa9-ccd7-47b7-957f-1383078f1e35,"{""en"": {""value"": ""1.961 g linseed oil"", ""direction"": ""ltr""}}",[],[],07df6cf5-83cc-4861-98c6-711096f11ef5,"{""en"": {""value"": ""0.476 g rabbit-skin glue"", ""direction"": ""ltr""}}",[],[],e23824f4-73f5-4181-9ab0-cc3b4c539eb8,"{""en"": {""value"": ""linseed oil"", ""direction"": ""ltr""}}",[],[],[],e2f1fe8f-6627-4b8d-a076-ba5f47bb230d,1.961,[],[],05f8ea98-8442-4722-8b9d-9f862afecd9f,"{""en"": {""value"": ""rabbit-skin glue"", ""direction"": ""ltr""}}",[],[],[],4c00d5c1-adc6-4047-b239-8533db198ffc,0.476,[],[],,,,,,
5fc9b15a-bb86-4c58-851d-6f776ab2b5e4,d4e956f7-9fad-4fd2-94e3-563a3b2c3585,a4ea5a7a-d7f0-11ef-a75a-0275dc2ded29,1,c772cc1f-81e7-4fd2-a73a-fec8bcd3fa06,"{""en"": {""value"": ""1.906 g linseed oil"", ""direction"": ""ltr""}}",[],[],ec879457-3a48-43de-8633-072091ccafa4,"{""en"": {""value"": ""0.440 g rabbit-skin glue"", ""direction"": ""ltr""}}",[],[],2e397b32-930c-46e6-ad84-eafe4a430be0,"{""en"": {""value"": ""linseed oil"", ""direction"": ""ltr""}}",[],[],[],c064cbda-47bb-484e-be3f-2226059b572d,1.906,[],[],cd8fbd2f-b156-480d-a94b-f71afed234bf,"{""en"": {""value"": ""rabbit-skin glue"", ""direction"": ""ltr""}}",[],[],[],fbfff20e-727b-4c24-a275-a0d8266309e2,0.44,[],[],,,,,,
582035de-71c0-4ba5-8cfc-39a1d062e6dd,d4e956f7-9fad-4fd2-94e3-563a3b2c3585,a4ea5a7a-d7f0-11ef-a75a-0275dc2ded29,1,44d5aa75-172b-4cce-be9c-9147ed43a8c4,"{""en"": {""value"": ""2.084 g linseed oil"", ""direction"": ""ltr""}}",[],[],b59536ee-99d5-48a8-a4c3-7c867332b812,"{""en"": {""value"": ""0.526 g rabbit-skin glue"", ""direction"": ""ltr""}}",[],[],d59d6037-1b5e-41ab-9c6c-fc79c51b1fde,"{""en"": {""value"": ""linseed oil"", ""direction"": ""ltr""}}",[],[],[],d7e3ad4f-3c7d-41fe-bcd7-4c6b23cbc476,2.084,[],[],f573228b-6592-4c9e-9cf8-e54d7219ecb0,"{""en"": {""value"": ""rabbit-skin glue"", ""direction"": ""ltr""}}",[],[],[],8b9e439a-c76b-4b85-b883-47197714d8a0,0.526,[],[],,,,,,
d3f0ce36-9daa-4aa4-8b05-7ba0c057ecba,d4e956f7-9fad-4fd2-94e3-563a3b2c3585,a4ea5a7a-d7f0-11ef-a75a-0275dc2ded29,1,c8d30819-f5d6-40bf-ab7f-058d6b67d48a,"{""en"": {""value"": ""10.130 g linseed oil"", ""direction"": ""ltr""}}",[],[],2906a869-a1d5-44e2-81df-11a31c35dcc7,"{""en"": {""value"": ""0.529 g rabbit-skin glue"", ""direction"": ""ltr""}}",[],[],d38b1a70-abb2-4b82-9147-5106c0593acf,"{""en"": {""value"": ""linseed oil"", ""direction"": ""ltr""}}",[],[],[],e535e625-1c9a-4f0f-a270-d77b26fed0dc,10.13,[],[],7be10c3d-b23c-4138-ac73-07d63ba6d457,"{""en"": {""value"": ""rabbit-skin glue"", ""direction"": ""ltr""}}",[],[],[],73c3b043-5257-49c9-8b37-3fc75bfe5854,0.529,[],[],,,,,,
e05038ec-cf92-4dc2-869b-57dd2b94657c,d4e956f7-9fad-4fd2-94e3-563a3b2c3585,a4ea5a7a-d7f0-11ef-a75a-0275dc2ded29,1,0e50cc74-6717-493c-a839-41246ccb9556,"{""en"": {""value"": ""10.072 g linseed oil"", ""direction"": ""ltr""}}",[],[],f7aebc66-21bc-41f2-aee1-8856777a0406,"{""en"": {""value"": ""0.547 g rabbit-skin glue"", ""direction"": ""ltr""}}",[],[],b22e692e-e3f2-4e85-b016-4ab61217df96,"{""en"": {""value"": ""linseed oil"", ""direction"": ""ltr""}}",[],[],[],6146af10-99f3-42c7-a78b-267388104219,10.072,[],[],b2bb9d45-effe-4d07-a3fc-4a39a77c152b,"{""en"": {""value"": ""rabbit-skin glue"", ""direction"": ""ltr""}}",[],[],[],32863cc3-d9f1-4a4d-b972-eb1e9a523190,0.547,[],[],,,,,,
6ceef742-9865-4e4f-978f-e15f7a8e2e9d,d4e956f7-9fad-4fd2-94e3-563a3b2c3585,a4ea5a7a-d7f0-11ef-a75a-0275dc2ded29,1,0665510d-c422-49a4-bc08-c5c3ca9b238a,"{""en"": {""value"": ""10.460 g linseed oil"", ""direction"": ""ltr""}}",[],[],b90a89cc-f4ec-4dcc-b1ea-69c4debe508d,"{""en"": {""value"": ""0.581 g rabbit-skin glue"", ""direction"": ""ltr""}}",[],[],8806c7f8-2cb1-48c3-8f3e-b6749df64693,"{""en"": {""value"": ""linseed oil"", ""direction"": ""ltr""}}",[],[],[],cad6947c-adb0-4374-814a-3e3c87c23f95,10.46,[],[],76c47fe4-902e-47d3-9723-04a58deacc76,"{""en"": {""value"": ""rabbit-skin glue"", ""direction"": ""ltr""}}",[],[],[],212c8561-fadb-4158-bb43-3a6e7c8cc00c,0.581,[],[],,,,,,
d7c817b3-f5d8-4b15-a17a-b90d8e64554c,d4e956f7-9fad-4fd2-94e3-563a3b2c3585,a4ea5a7a-d7f0-11ef-a75a-0275dc2ded29,1,5a580416-4b6a-444d-bcdd-29fc7827584c,"{""en"": {""value"": ""10.351 g linseed oil"", ""direction"": ""ltr""}}",[],[],10defe55-aa29-48d4-9594-9b61d77a6381,"{""en"": {""value"": ""0.529 g rabbit-skin glue"", ""direction"": ""ltr""}}",[],[],66b9fb35-179f-4191-a23f-fc5c721025ca,"{""en"": {""value"": ""linseed oil"", ""direction"": ""ltr""}}",[],[],[],b2d7b2b6-31bc-4b00-bb94-6574c59531a8,10.351,[],[],22a85846-5cdd-49f3-9e11-eaee91710442,"{""en"": {""value"": ""rabbit-skin glue"", ""direction"": ""ltr""}}",[],[],[],d4621c24-f449-4ecf-bc92-6cffbce0007b,0.529,[],[],,,,,,
8fd27256-0f90-4cfa-8b95-42790db39b46,d4e956f7-9fad-4fd2-94e3-563a3b2c3585,a4ea5a7a-d7f0-11ef-a75a-0275dc2ded29,1,df2b7648-1e43-41f1-b90d-6b8563524ed7,"{""en"": {""value"": ""5.396 g linseed oil"", ""direction"": ""ltr""}}",[],[],69631a7d-9156-493b-aa2a-9ab550d89336,"{""en"": {""value"": ""0.106 g rabbit-skin glue"", ""direction"": ""ltr""}}",[],[],4c87789d-2a7a-4133-adb4-86aa96bc2c8b,"{""en"": {""value"": ""linseed oil"", ""direction"": ""ltr""}}",[],[],[],43c4d386-ac18-4d2a-b708-2e3d318a8ae7,5.396,[],[],05338f4e-1a45-4446-8423-6f20ce8a7f48,"{""en"": {""value"": ""rabbit-skin glue"", ""direction"": ""ltr""}}",[],[],[],784851dd-7aaa-4c2e-a886-98332dc7a80c,0.106,[],[],,,,,,
006dce28-cff2-4582-b72c-247d3c12a0a0,d4e956f7-9fad-4fd2-94e3-563a3b2c3585,a4ea5a7a-d7f0-11ef-a75a-0275dc2ded29,1,8e8f6f8c-99ce-4156-8475-7c73555c67fc,"{""en"": {""value"": ""5.155 g linseed oil"", ""direction"": ""ltr""}}",[],[],00cf1424-cb3b-477a-a89d-3baf3dc55e88,"{""en"": {""value"": ""0.110 g rabbit-skin glue"", ""direction"": ""ltr""}}",[],[],4adf31dd-ad9a-4aad-b768-21f2c7110f01,"{""en"": {""value"": ""linseed oil"", ""direction"": ""ltr""}}",[],[],[],bd267c36-121c-41e2-be82-bad0d01b1fa5,5.155,[],[],e8f74f9e-ca88-43c5-9c13-10894afd74f3,"{""en"": {""value"": ""rabbit-skin glue"", ""direction"": ""ltr""}}",[],[],[],33087c31-8112-489a-8128-159ee4faf70c,0.11,[],[],,,,,,
b12b3c26-f510-4d7d-ac97-82e140b42201,d4e956f7-9fad-4fd2-94e3-563a3b2c3585,a4ea5a7a-d7f0-11ef-a75a-0275dc2ded29,1,6c3a2a34-82fc-4c4d-ac83-b3fe700a4284,"{""en"": {""value"": ""6.401 g linseed oil"", ""direction"": ""ltr""}}",[],[],ddfe3afb-7972-461b-ad43-8238efb2cf85,"{""en"": {""value"": ""0.122 g rabbit-skin glue"", ""direction"": ""ltr""}}",[],[],62405212-1882-4f29-a9ef-fa737273c94d,"{""en"": {""value"": ""linseed oil"", ""direction"": ""ltr""}}",[],[],[],fd251be9-5ca3-4105-b629-b04117a28cee,6.401,[],[],bc4c8af7-98c0-45d4-9684-7ee55ba469f1,"{""en"": {""value"": ""rabbit-skin glue"", ""direction"": ""ltr""}}",[],[],[],03fd7c45-47df-4297-8545-4910c218e950,0.122,[],[],,,,,,
c180c746-3d2c-4f58-a3a9-7d93cb1fcbb2,d4e956f7-9fad-4fd2-94e3-563a3b2c3585,a4ea5a7a-d7f0-11ef-a75a-0275dc2ded29,1,dc76bee1-53f6-4a8f-8abc-8397770620b7,"{""en"": {""value"": ""5.519 g linseed oil"", ""direction"": ""ltr""}}",[],[],8e792a91-556f-41de-995d-dffe9655a95c,"{""en"": {""value"": ""0.101 g rabbit-skin glue"", ""direction"": ""ltr""}}",[],[],0653c9d3-adeb-4856-8967-058cc3174cbe,"{""en"": {""value"": ""linseed oil"", ""direction"": ""ltr""}}",[],[],[],2d32f428-31af-4a86-b0a1-3c0ab5149540,5.519,[],[],c3a76a42-60fb-4240-8439-ff8ee62aacdd,"{""en"": {""value"": ""rabbit-skin glue"", ""direction"": ""ltr""}}",[],[],[],162dd284-8478-4f4d-9321-a082f85b03a5,0.101,[],[],,,,,,
0f97418f-c861-4430-a7e5-31f8880cb509,d4e956f7-9fad-4fd2-94e3-563a3b2c3585,a4ea5a7a-d7f0-11ef-a75a-0275dc2ded29,1,2371dc22-92c3-43f0-8bb7-b4fee74745f3,"{""en"": {""value"": ""5.100 g linseed oil"", ""direction"": ""ltr""}}",[],[],b0e2110e-b05c-461c-8ce4-9ce8fadde62e,"{""en"": {""value"": ""0.057 g rabbit-skin glue"", ""direction"": ""ltr""}}",[],[],d0c7f2df-f926-4c9f-a5eb-73d4c92656ad,"{""en"": {""value"": ""linseed oil"", ""direction"": ""ltr""}}",[],[],[],d624fae1-964a-4b3c-ab4a-8825c1d179e1,5.1,[],[],c683c8d9-d89d-4ace-9008-cfe1b2ffaa02,"{""en"": {""value"": ""rabbit-skin glue"", ""direction"": ""ltr""}}",[],[],[],7b87a212-6e4b-425d-9b3c-6b0d9fdb3f26,0.057,[],[],,,,,,
8aaf7f4b-2578-4e2b-9695-b7ec67599ede,d4e956f7-9fad-4fd2-94e3-563a3b2c3585,a4ea5a7a-d7f0-11ef-a75a-0275dc2ded29,1,7f6e0f42-874f-4792-bde4-8426e81a7d10,"{""en"": {""value"": ""5.056 g linseed oil"", ""direction"": ""ltr""}}",[],[],1e6e1263-1707-4a1e-9d20-6e78cb5611e7,"{""en"": {""value"": ""0.056 g rabbit-skin glue"", ""direction"": ""ltr""}}",[],[],ec20519e-a6ef-4c59-9785-a129fbb86b02,"{""en"": {""value"": ""linseed oil"", ""direction"": ""ltr""}}",[],[],[],f978d400-88b6-48f8-871b-73443b69ab02,5.056,[],[],732dc14f-16b0-4ee9-98d4-b90fc5ea4755,"{""en"": {""value"": ""rabbit-skin glue"", ""direction"": ""ltr""}}",[],[],[],af9e0325-67d0-41df-b71c-c6f78e227e83,0.056,[],[],,,,,,
11d10088-f11e-4a36-8709-d8b144f97d80,d4e956f7-9fad-4fd2-94e3-563a3b2c3585,a4ea5a7a-d7f0-11ef-a75a-0275dc2ded29,1,92d978f6-31dc-4c6e-9aca-f4c5bb1e808f,"{""en"": {""value"": ""6.050 g linseed oil"", ""direction"": ""ltr""}}",[],[],bb7d55ae-89a8-4577-92bc-8c84f838d26a,"{""en"": {""value"": ""0.061 g rabbit-skin glue"", ""direction"": ""ltr""}}",[],[],fed12584-2973-421a-953c-183106d28f7b,"{""en"": {""value"": ""linseed oil"", ""direction"": ""ltr""}}",[],[],[],3da11ab2-497d-452c-8c09-f4e5885d6e76,6.05,[],[],0db65401-84f6-4588-bdec-016ae2fa901b,"{""en"": {""value"": ""rabbit-skin glue"", ""direction"": ""ltr""}}",[],[],[],ecf36c20-950e-4ee4-b8c8-39fff59f34e5,0.061,[],[],,,,,,
011df805-5197-4fa8-807e-cc4737f69110,d4e956f7-9fad-4fd2-94e3-563a3b2c3585,a4ea5a7a-d7f0-11ef-a75a-0275dc2ded29,1,93c66ee6-739c-45f8-92c1-f52747744493,"{""en"": {""value"": ""5.277 g linseed oil"", ""direction"": ""ltr""}}",[],[],e47ce5b8-3f6f-4855-83b7-e3edcaa317de,"{""en"": {""value"": ""0.072 g rabbit-skin glue"", ""direction"": ""ltr""}}",[],[],ae028e37-eead-472d-b9c7-301b19bbd360,"{""en"": {""value"": ""linseed oil"", ""direction"": ""ltr""}}",[],[],[],32384054-7a96-452f-a5f4-7d431902c245,5.277,[],[],2b7af59a-6932-46dd-b055-c1e3b55abae4,"{""en"": {""value"": ""rabbit-skin glue"", ""direction"": ""ltr""}}",[],[],[],c2bf6780-bc36-4701-918c-31d630e77e68,0.072,[],[],,,,,,
5da98d7f-a410-4c91-b1ba-12114f564c70,d4e956f7-9fad-4fd2-94e3-563a3b2c3585,a4ea5a7a-d7f0-11ef-a75a-0275dc2ded29,1,b198e6d2-adb1-4607-97fa-ea650f4c7ea7,"{""en"": {""value"": ""31.058 g linseed oil"", ""direction"": ""ltr""}}",[],[],95331e70-4d39-4ecd-8ec3-ea7822c2665f,"{""en"": {""value"": ""0.052 g rabbit-skin glue"", ""direction"": ""ltr""}}",[],[],dfe3d26a-0517-450f-af87-04cfa797940a,"{""en"": {""value"": ""linseed oil"", ""direction"": ""ltr""}}",[],[],[],f580ea46-1399-4aed-b546-8bb48abe52f3,31.058,[],[],cc00272b-db7a-473e-8cb2-215c1b767902,"{""en"": {""value"": ""rabbit-skin glue"", ""direction"": ""ltr""}}",[],[],[],9c9f3200-9268-4e93-9f0a-f66f95d8e481,0.052,[],[],,,,,,
c285d87d-1d34-492d-b655-90b1517c44fd,d4e956f7-9fad-4fd2-94e3-563a3b2c3585,a4ea5a7a-d7f0-11ef-a75a-0275dc2ded29,1,4fd1b8aa-f860-4e39-9597-c3bb8e22afeb,"{""en"": {""value"": ""30.909 g linseed oil"", ""direction"": ""ltr""}}",[],[],6532ccd8-630e-43f9-a8ca-8537b262587e,"{""en"": {""value"": ""0.054 g rabbit-skin glue"", ""direction"": ""ltr""}}",[],[],2982cbc2-1170-45f5-85da-26c05e60cd05,"{""en"": {""value"": ""linseed oil"", ""direction"": ""ltr""}}",[],[],[],c02a95b6-9015-473f-a8a7-a0f9474ebd6e,30.909,[],[],c04b5952-f023-47a7-b3f2-d9ff97a03e3a,"{""en"": {""value"": ""rabbit-skin glue"", ""direction"": ""ltr""}}",[],[],[],cbb2a193-a28f-4de5-9882-6383f4f8b857,0.054,[],[],,,,,,
e36564e4-e02b-42da-985b-29a0c815d104,d4e956f7-9fad-4fd2-94e3-563a3b2c3585,a4ea5a7a-d7f0-11ef-a75a-0275dc2ded29,1,2e2dc4e1-d771-48ab-a702-a5c211fd8bd5,"{""en"": {""value"": ""29.454 g linseed oil"", ""direction"": ""ltr""}}",[],[],8b3fe3ee-eed7-4ce3-8576-91b81222923b,"{""en"": {""value"": ""0.058 g rabbit-skin glue"", ""direction"": ""ltr""}}",[],[],729d274b-c498-4891-ab41-1007aaf92dac,"{""en"": {""value"": ""linseed oil"", ""direction"": ""ltr""}}",[],[],[],27c1353f-1975-4d8c-8f1b-5671893edb41,29.454,[],[],255bcd67-ee9f-43b9-be9b-7fa38d807134,"{""en"": {""value"": ""rabbit-skin glue"", ""direction"": ""ltr""}}",[],[],[],fc00d799-6d9a-4891-b8d7-8f1339f02c4b,0.058,[],[],,,,,,
b438bc21-a36d-48e0-86e6-929159245777,d4e956f7-9fad-4fd2-94e3-563a3b2c3585,a4ea5a7a-d7f0-11ef-a75a-0275dc2ded29,1,09028779-25c9-47b5-a84b-1a0a69b06c9a,"{""en"": {""value"": ""28.680 g linseed oil"", ""direction"": ""ltr""}}",[],[],12659f9a-124a-456f-8272-c594bf1aae34,"{""en"": {""value"": ""0.059 g rabbit-skin glue"", ""direction"": ""ltr""}}",[],[],9c802801-7d52-46f9-9def-7f7f3f81734a,"{""en"": {""value"": ""linseed oil"", ""direction"": ""ltr""}}",[],[],[],7d1bcaab-2aed-4fc3-bf7a-ad4810990495,28.68,[],[],c66ff413-af8b-4fe4-b671-9dc5d1fdbb0a,"{""en"": {""value"": ""rabbit-skin glue"", ""direction"": ""ltr""}}",[],[],[],61b9a04e-8e4b-474b-be5a-f3249d43977c,0.059,[],[],,,,,,
0643b6a2-86d5-4133-84fa-8238f5ada648,d4e956f7-9fad-4fd2-94e3-563a3b2c3585,a4ea5a7a-d7f0-11ef-a75a-0275dc2ded29,1,a217954b-a9cc-42a3-9bd1-1bbda074c12a,"{""en"": {""value"": ""50.083 g linseed oil"", ""direction"": ""ltr""}}",[],[],6d256047-28c2-4951-89e4-4b3fcef2a9ae,"{""en"": {""value"": ""0.048 g gum arabic"", ""direction"": ""ltr""}}",[],[],8565a97a-8cff-428e-95cb-5959606bf190,"{""en"": {""value"": ""linseed oil"", ""direction"": ""ltr""}}",[],[],[],01222a0b-fe94-4f33-8482-c9fa1a9738bf,50.083,[],[],291981d7-93b1-40b0-8117-d16a0f8eb1b1,"{""en"": {""value"": ""gum arabic"", ""direction"": ""ltr""}}",[],[],[],89b6eb1b-19a3-42d3-9e92-0b282d708213,0.048,[],[],,,,,,
19571c0e-9bb2-45a7-bbd6-9af3e5850259,d4e956f7-9fad-4fd2-94e3-563a3b2c3585,a4ea5a7a-d7f0-11ef-a75a-0275dc2ded29,1,a8dbfe10-c955-4893-85ee-56fc76c794fa,"{""en"": {""value"": ""49.501 g linseed oil"", ""direction"": ""ltr""}}",[],[],724a377f-f58a-407d-bba9-3c36ae899991,"{""en"": {""value"": ""0.054 g gum arabic"", ""direction"": ""ltr""}}",[],[],b48636c4-0f5f-4f77-9d44-8d331cdff067,"{""en"": {""value"": ""linseed oil"", ""direction"": ""ltr""}}",[],[],[],972291b7-2ec4-4598-bd8b-fd8db5a20134,49.501,[],[],61f6a27d-b65c-4bc0-aa10-c96e4834c384,"{""en"": {""value"": ""gum arabic"", ""direction"": ""ltr""}}",[],[],[],114c9e0f-e9b6-4254-bcf6-04a64a3d8275,0.054,[],[],,,,,,
b63fbd77-69b4-40f1-950a-9a18f761ca9b,d4e956f7-9fad-4fd2-94e3-563a3b2c3585,a4ea5a7a-d7f0-11ef-a75a-0275dc2ded29,1,0b0002e7-542e-456a-9705-3ca1269c0c5b,"{""en"": {""value"": ""50.192 g linseed oil"", ""direction"": ""ltr""}}",[],[],00f13586-97ea-4aa5-815a-7d1d085e2e87,"{""en"": {""value"": ""0.064 g gum arabic0.048 g gum arabic"", ""direction"": ""ltr""}}",[],[],c668e015-a8c3-420a-8196-6a8ca4e827c5,"{""en"": {""value"": ""linseed oil"", ""direction"": ""ltr""}}",[],[],[],dcd0e771-142e-409b-b48e-a6d6f11a8192,50.192,[],[],31ebaec7-0f04-42f8-ad4f-515021cc5ecb,"{""en"": {""value"": ""gum arabic"", ""direction"": ""ltr""}}",[],[],[],6cd5284c-e2d4-48e1-8453-b65f1f990338,0.064,[],[],,,,,,
08bd5057-e489-4b74-8472-b29776ffa93f,d4e956f7-9fad-4fd2-94e3-563a3b2c3585,a4ea5a7a-d7f0-11ef-a75a-0275dc2ded29,1,73992d30-e1cf-467f-a28c-521818c32c7c,"{""en"": {""value"": ""51.268 g linseed oil"", ""direction"": ""ltr""}}",[],[],9089eac7-f9c6-46dc-9b86-5d544c0c95ff,"{""en"": {""value"": ""0.075 g gum arabic"", ""direction"": ""ltr""}}",[],[],016e1f39-927f-4136-b060-705f80afb440,"{""en"": {""value"": ""linseed oil"", ""direction"": ""ltr""}}",[],[],[],de30bd6d-eeaf-4c88-b43d-958be616c869,51.268,[],[],3553fef6-29de-40be-82d7-b5da42c6aa84,"{""en"": {""value"": ""gum arabic"", ""direction"": ""ltr""}}",[],[],[],d1b02853-48d0-43e8-b37b-43334811f9e9,0.075,[],[],,,,,,
9e907b76-4aad-443d-a26c-8a5be8427d09,d4e956f7-9fad-4fd2-94e3-563a3b2c3585,a4ea5a7a-d7f0-11ef-a75a-0275dc2ded29,1,0004122d-d227-422c-afb6-4406a4f4b31e,"{""en"": {""value"": ""0.040 g linseed oil"", ""direction"": ""ltr""}}",[],[],ea2f7914-55b3-4e92-aa66-78dd7ba61dee,"{""en"": {""value"": ""36.960 g whole egg"", ""direction"": ""ltr""}}",[],[],f949c4e9-df8e-4c42-8b31-fe5091484627,"{""en"": {""value"": ""linseed oil"", ""direction"": ""ltr""}}",[],[],[],2d7e9050-2cad-451b-979e-7a135e5d13d3,0.04,[],[],61d20b90-5751-4f15-853f-410973d56943,"{""en"": {""value"": ""whole egg"", ""direction"": ""ltr""}}",[],[],[],88ef6862-8ecf-45b1-b899-b8fdb159d3be,36.96,[],[],,,,,,
0e78687e-0083-4b90-9af8-ecf4e50cb997,d4e956f7-9fad-4fd2-94e3-563a3b2c3585,a4ea5a7a-d7f0-11ef-a75a-0275dc2ded29,1,ba01c689-68c0-436c-8274-5b66ad3cb433,"{""en"": {""value"": ""0.040 g linseed oil"", ""direction"": ""ltr""}}",[],[],bebb1946-b9b7-4002-9ac9-d82c56652506,"{""en"": {""value"": ""36.960 g whole egg"", ""direction"": ""ltr""}}",[],[],6bce3b94-8137-4bca-a43a-e34c591c328b,"{""en"": {""value"": ""linseed oil"", ""direction"": ""ltr""}}",[],[],[],6b78c0fc-27f0-4450-bde6-b671ad6dbda3,0.04,[],[],c579e341-968b-4e6a-8f01-50e51604f7c2,"{""en"": {""value"": ""whole egg"", ""direction"": ""ltr""}}",[],[],[],d3a14bdb-1803-408f-9e76-0763ccb7da33,36.96,[],[],,,,,,
e7ed368a-d5de-4c7f-9651-a9b2e5e6d732,d4e956f7-9fad-4fd2-94e3-563a3b2c3585,a4ea5a7a-d7f0-11ef-a75a-0275dc2ded29,1,afb19cca-26c2-4bfb-a16c-c1c2ecd4f4fd,"{""en"": {""value"": ""0.040 g linseed oil"", ""direction"": ""ltr""}}",[],[],d4385200-dc14-437f-a621-b50dccac7611,"{""en"": {""value"": ""36.960 g whole egg"", ""direction"": ""ltr""}}",[],[],23879771-0cc1-4b2f-88fb-a6e7a2d5eabc,"{""en"": {""value"": ""linseed oil"", ""direction"": ""ltr""}}",[],[],[],2633836e-e2ec-4064-8760-980ea335a293,0.04,[],[],c467fa83-8536-41d9-9195-48e64ab54818,"{""en"": {""value"": ""whole egg"", ""direction"": ""ltr""}}",[],[],[],64794cbd-98ef-413d-8712-5bf664eea2aa,36.96,[],[],,,,,,
89609fa3-09ad-4db7-b89b-86890048e03f,d4e956f7-9fad-4fd2-94e3-563a3b2c3585,a4ea5a7a-d7f0-11ef-a75a-0275dc2ded29,1,77b8ae62-f6f4-4b94-ad67-c5a223ba52c0,"{""en"": {""value"": ""0.040 g linseed oil"", ""direction"": ""ltr""}}",[],[],a042af4b-c0b3-466a-adcf-5543156b892a,"{""en"": {""value"": ""36.960 g whole egg"", ""direction"": ""ltr""}}",[],[],b2a491aa-8191-4dc5-acf4-adcd68326b1e,"{""en"": {""value"": ""linseed oil"", ""direction"": ""ltr""}}",[],[],[],9c4995fc-9531-46e4-a162-6551c4326be0,0.04,[],[],cb4ce3a9-9d41-44ec-b4a0-50109517d801,"{""en"": {""value"": ""whole egg"", ""direction"": ""ltr""}}",[],[],[],a73dbcce-0fe6-465d-b227-782a8e0f10aa,36.96,[],[],,,,,,
11b73900-cc27-4d80-b0f3-f9ef6ba7e79d,d4e956f7-9fad-4fd2-94e3-563a3b2c3585,a4ea5a7a-d7f0-11ef-a75a-0275dc2ded29,1,6b2cfa18-5260-450f-8670-a9def6dc58ef,"{""en"": {""value"": ""0.071 g linseed oil"", ""direction"": ""ltr""}}",[],[],d95a71a0-aebe-4d02-8ac9-c2712c6040bb,"{""en"": {""value"": ""34.931 g whole egg"", ""direction"": ""ltr""}}",[],[],0cd7ab76-9589-498a-bb71-8ae13308af82,"{""en"": {""value"": ""linseed oil"", ""direction"": ""ltr""}}",[],[],[],7597a756-34ea-4e20-8401-0c452aa0bc1e,0.071,[],[],7528b437-4d1a-466b-8038-8132c5a5c78b,"{""en"": {""value"": ""whole egg"", ""direction"": ""ltr""}}",[],[],[],5b9705d3-9fc6-4706-846d-4df958215114,34.931,[],[],,,,,,
66865fb6-c4f7-45be-8bd2-bac0b2393cb4,d4e956f7-9fad-4fd2-94e3-563a3b2c3585,a4ea5a7a-d7f0-11ef-a75a-0275dc2ded29,1,e36e5d2b-0cae-462e-947a-697841b0c875,"{""en"": {""value"": ""0.071 g linseed oil"", ""direction"": ""ltr""}}",[],[],cf02511f-1bf6-432b-8ce2-53aa6f14e754,"{""en"": {""value"": ""34.931 g whole egg"", ""direction"": ""ltr""}}",[],[],71cf9e53-0a30-4fb8-b4eb-a738fce42daa,"{""en"": {""value"": ""linseed oil"", ""direction"": ""ltr""}}",[],[],[],8c649694-75a4-404a-831e-c64678295746,0.071,[],[],7f73f23f-7166-4776-8fc2-492471bcc325,"{""en"": {""value"": ""whole egg"", ""direction"": ""ltr""}}",[],[],[],175c5ebb-514f-45e5-9403-2fcaad3e473d,34.931,[],[],,,,,,
bf91a16e-ef90-4d58-9405-9daabf23f853,d4e956f7-9fad-4fd2-94e3-563a3b2c3585,a4ea5a7a-d7f0-11ef-a75a-0275dc2ded29,1,3fe96fd6-b31d-48c1-a8d8-596f1b93d047,"{""en"": {""value"": ""0.071 g linseed oil"", ""direction"": ""ltr""}}",[],[],5db7fc89-16fc-4e07-9267-9ba9983d0a7d,"{""en"": {""value"": ""34.931 g whole egg"", ""direction"": ""ltr""}}",[],[],72d35973-338b-4bcb-b640-4f4b0bd186ba,"{""en"": {""value"": ""linseed oil"", ""direction"": ""ltr""}}",[],[],[],bddddeab-27b5-45d5-98e9-4bc55671e93c,0.071,[],[],7a97dba2-c59a-4c64-abc7-76ff1b52a6ab,"{""en"": {""value"": ""whole egg"", ""direction"": ""ltr""}}",[],[],[],c208dd3c-e882-4e07-8035-b0e0c0bb26a1,34.931,[],[],,,,,,
2ac2350a-98af-4f91-88d4-596f529f9ad0,d4e956f7-9fad-4fd2-94e3-563a3b2c3585,a4ea5a7a-d7f0-11ef-a75a-0275dc2ded29,1,4ec8576d-5568-446b-9598-939481597a94,"{""en"": {""value"": ""0.071 g linseed oil"", ""direction"": ""ltr""}}",[],[],ddff8ebf-fd29-4ac9-aa11-a502fc15c008,"{""en"": {""value"": ""34.931 g whole egg"", ""direction"": ""ltr""}}",[],[],590f3bd0-6775-4b7d-9752-916964eb7da9,"{""en"": {""value"": ""linseed oil"", ""direction"": ""ltr""}}",[],[],[],8be9c3a5-ee5f-476b-aa88-07b96de785b8,0.071,[],[],4b5557e7-1507-4d41-990e-e6c9ad5704a6,"{""en"": {""value"": ""whole egg"", ""direction"": ""ltr""}}",[],[],[],978da4c8-c49e-437f-bbfc-d047b93c2f6a,34.931,[],[],,,,,,
701a8dca-cd7b-4804-88b9-79cc7238ffc3,d4e956f7-9fad-4fd2-94e3-563a3b2c3585,a4ea5a7a-d7f0-11ef-a75a-0275dc2ded29,1,cb3b4f6a-4d26-428f-8933-49898eb367d1,"{""en"": {""value"": ""0.301 g linseed oil"", ""direction"": ""ltr""}}",[],[],72252cef-a26d-4f4d-914d-3dffa9f60426,"{""en"": {""value"": ""29.700 g whole egg"", ""direction"": ""ltr""}}",[],[],ea4edc0f-5802-4ee1-89aa-d29894fe8392,"{""en"": {""value"": ""linseed oil"", ""direction"": ""ltr""}}",[],[],[],2c495f6f-cd13-4a55-95a5-ea8b1e2cd844,0.301,[],[],b320b167-94c3-4080-81c4-9adf1d05cb1b,"{""en"": {""value"": ""whole egg"", ""direction"": ""ltr""}}",[],[],[],a68b13b2-a03e-4e4e-870b-f2409ff9729c,29.7,[],[],,,,,,
d739bb33-7ad6-4575-b571-abc91f964aed,d4e956f7-9fad-4fd2-94e3-563a3b2c3585,a4ea5a7a-d7f0-11ef-a75a-0275dc2ded29,1,f9f39632-48ba-4514-9d0b-255ffb10d829,"{""en"": {""value"": ""0.301 g linseed oil"", ""direction"": ""ltr""}}",[],[],eeca8982-774b-4d11-a043-b704c63f2a02,"{""en"": {""value"": ""29.700 g whole egg"", ""direction"": ""ltr""}}",[],[],3fb31576-3df3-4e97-94e8-a52dbebab418,"{""en"": {""value"": ""linseed oil"", ""direction"": ""ltr""}}",[],[],[],50e5f214-9319-4615-a4ae-e33cf686d578,0.301,[],[],b272f131-adfb-4c09-a07a-65f302b6fcea,"{""en"": {""value"": ""whole egg"", ""direction"": ""ltr""}}",[],[],[],5c7de382-5e16-4a5c-b50d-6937eef07c3b,29.7,[],[],,,,,,
d3edfd1d-8bc6-4cf7-911b-74ca02fe3dec,d4e956f7-9fad-4fd2-94e3-563a3b2c3585,a4ea5a7a-d7f0-11ef-a75a-0275dc2ded29,1,89e5d1cf-d7c4-4e25-bcc1-b946fe5ae8e5,"{""en"": {""value"": ""0.301 g linseed oil"", ""direction"": ""ltr""}}",[],[],2855c3d4-a79a-4a5e-9746-4e05ba9ffe79,"{""en"": {""value"": ""29.700 g whole egg"", ""direction"": ""ltr""}}",[],[],1f93ee9a-3233-48ec-a662-bb4f3c003d1a,"{""en"": {""value"": ""linseed oil"", ""direction"": ""ltr""}}",[],[],[],9d3d52a8-0331-4ac5-9d12-45678f6a8436,0.301,[],[],7c7db82e-2c25-41f8-9c92-858e4aa0dc15,"{""en"": {""value"": ""whole egg"", ""direction"": ""ltr""}}",[],[],[],f343f810-cb3a-4185-965c-917d234bb463,29.7,[],[],,,,,,
30a04511-88f2-4bdc-96f5-a1c107d9f9ef,d4e956f7-9fad-4fd2-94e3-563a3b2c3585,a4ea5a7a-d7f0-11ef-a75a-0275dc2ded29,1,df795d72-a133-4176-91d7-c7d8780c9af6,"{""en"": {""value"": ""0.301 g linseed oil"", ""direction"": ""ltr""}}",[],[],7095e5e6-dd08-4830-b11d-18506340d052,"{""en"": {""value"": ""29.700 g whole egg"", ""direction"": ""ltr""}}",[],[],21e2c2d1-9b26-4dfc-b0de-cee6cfd0a640,"{""en"": {""value"": ""linseed oil"", ""direction"": ""ltr""}}",[],[],[],0690d31a-f2ad-483d-b262-898343e12666,0.301,[],[],168653a2-b779-484f-88fe-d52918443137,"{""en"": {""value"": ""whole egg"", ""direction"": ""ltr""}}",[],[],[],29a5ccea-c6de-46f6-8e25-f58652b37d86,29.7,[],[],,,,,,
52356b74-f068-46bb-876c-653d0e1ca9b3,d4e956f7-9fad-4fd2-94e3-563a3b2c3585,a4ea5a7a-d7f0-11ef-a75a-0275dc2ded29,1,b078741c-e63b-43fa-8fc0-552d51bf8fb5,"{""en"": {""value"": ""0.500 g linseed oil"", ""direction"": ""ltr""}}",[],[],54a0e962-5dc6-4db9-9092-6dce7f2769a3,"{""en"": {""value"": ""24.501 g whole egg"", ""direction"": ""ltr""}}",[],[],85beda91-121d-4b29-9911-e30ceca9c244,"{""en"": {""value"": ""linseed oil"", ""direction"": ""ltr""}}",[],[],[],b19fab2b-b803-4890-8841-ca235b6e803b,0.5,[],[],2a9d6bba-82da-4640-9cbd-995b0d05b9e8,"{""en"": {""value"": ""whole egg"", ""direction"": ""ltr""}}",[],[],[],61555e59-09f8-4960-b83e-5c18919fe683,24.501,[],[],,,,,,
6f91f212-8a6e-4605-b79d-35716220dcf3,d4e956f7-9fad-4fd2-94e3-563a3b2c3585,a4ea5a7a-d7f0-11ef-a75a-0275dc2ded29,1,763bdcb0-6f2a-48eb-a560-165017845fe0,"{""en"": {""value"": ""0.500 g linseed oil"", ""direction"": ""ltr""}}",[],[],33eecb5b-176b-424c-85f0-ac99fc5f9af4,"{""en"": {""value"": ""24.501 g whole egg"", ""direction"": ""ltr""}}",[],[],b492cab5-a392-4b0a-a4ba-b087a564e055,"{""en"": {""value"": ""linseed oil"", ""direction"": ""ltr""}}",[],[],[],869f0f5a-1f3e-413b-8323-b406ca4e608b,0.5,[],[],6f794b26-5908-4f2f-a0b5-1b44b69f4b69,"{""en"": {""value"": ""whole egg"", ""direction"": ""ltr""}}",[],[],[],45f83d81-d0e5-46ba-bfc6-c5dc2dd68d6a,24.501,[],[],,,,,,
f1994884-847b-49c5-8d70-8a3ecaf31af3,d4e956f7-9fad-4fd2-94e3-563a3b2c3585,a4ea5a7a-d7f0-11ef-a75a-0275dc2ded29,1,5bd8b86c-4010-43c5-9f54-f4c1ffd4599f,"{""en"": {""value"": ""0.500 g linseed oil"", ""direction"": ""ltr""}}",[],[],2a3ccc5a-f92b-41a5-acee-de9e039ccd3b,"{""en"": {""value"": ""24.501 g whole egg"", ""direction"": ""ltr""}}",[],[],8f4f20d8-42d8-4b21-89ed-d5f6e090dea4,"{""en"": {""value"": ""linseed oil"", ""direction"": ""ltr""}}",[],[],[],5d35b5a2-2c96-4ea3-a159-484c6baa1464,0.5,[],[],78c2393c-d27d-4f26-8d8b-f14506d08441,"{""en"": {""value"": ""whole egg"", ""direction"": ""ltr""}}",[],[],[],0b143ecd-e832-4f75-894d-7aa42c6c8c5f,24.501,[],[],,,,,,
3f98bbfd-119b-492a-b978-56845a5afc94,d4e956f7-9fad-4fd2-94e3-563a3b2c3585,a4ea5a7a-d7f0-11ef-a75a-0275dc2ded29,1,41b8ca6d-8c45-42d6-b1c5-b1126c35cf68,"{""en"": {""value"": ""0.500 g linseed oil"", ""direction"": ""ltr""}}",[],[],87082f2c-2b57-4fde-9f78-8021069981f9,"{""en"": {""value"": ""24.501 g whole egg"", ""direction"": ""ltr""}}",[],[],e187fb91-40c5-4bbc-bb0f-d65dcbe5915f,"{""en"": {""value"": ""linseed oil"", ""direction"": ""ltr""}}",[],[],[],ade351ab-2e82-4295-b0b2-316985f88fc2,0.5,[],[],649da9fe-7da9-4863-a07f-66d203f8ba8e,"{""en"": {""value"": ""whole egg"", ""direction"": ""ltr""}}",[],[],[],ca4cec32-45fa-4191-b09d-5d5d1f81ba8d,24.501,[],[],,,,,,
9d6a4281-ac9b-4163-ae53-9186c3b9d19a,d4e956f7-9fad-4fd2-94e3-563a3b2c3585,a4ea5a7a-d7f0-11ef-a75a-0275dc2ded29,1,70352ce0-fdfd-48dc-909e-30f293ab3717,"{""en"": {""value"": ""1.000 g linseed oil"", ""direction"": ""ltr""}}",[],[],216d8b94-a827-4c19-a422-4083c6066012,"{""en"": {""value"": ""19.000 g whole egg"", ""direction"": ""ltr""}}",[],[],e2127fd2-876e-4592-9705-99ceeefcd972,"{""en"": {""value"": ""linseed oil"", ""direction"": ""ltr""}}",[],[],[],591046bd-0cc6-4fae-9dee-5a3faa90b1c8,1.0,[],[],0a0d03fe-54af-4d55-8ff0-782b95275cb6,"{""en"": {""value"": ""whole egg"", ""direction"": ""ltr""}}",[],[],[],15bfdda5-65bb-4273-8ec8-c9c99299b7d7,19.0,[],[],,,,,,
3e377095-f8be-4369-962e-f19d1185135a,d4e956f7-9fad-4fd2-94e3-563a3b2c3585,a4ea5a7a-d7f0-11ef-a75a-0275dc2ded29,1,9a064776-e234-46f3-b575-9b6cc5fb9cd7,"{""en"": {""value"": ""1.000 g linseed oil"", ""direction"": ""ltr""}}",[],[],4b88a3ef-e817-4feb-8874-1ab58e44901e,"{""en"": {""value"": ""19.000 g whole egg"", ""direction"": ""ltr""}}",[],[],7b9d9a5d-7d95-41cf-9433-e0749ad48fb7,"{""en"": {""value"": ""linseed oil"", ""direction"": ""ltr""}}",[],[],[],26a07cc1-5845-4d29-ae33-a54bc6999b90,1.0,[],[],41e71377-c5e8-4838-a181-b0c075c83edb,"{""en"": {""value"": ""whole egg"", ""direction"": ""ltr""}}",[],[],[],73b8258e-4bac-4657-9da9-0dd472bb2f3d,19.0,[],[],,,,,,
15c1337c-e966-4d17-9417-57f422066717,d4e956f7-9fad-4fd2-94e3-563a3b2c3585,a4ea5a7a-d7f0-11ef-a75a-0275dc2ded29,1,384aa051-51b3-4e25-a121-080c1c15e2ec,"{""en"": {""value"": ""1.000 g linseed oil"", ""direction"": ""ltr""}}",[],[],1cbd4f7c-d7a6-47ee-95d7-128d64ffde2d,"{""en"": {""value"": ""19.000 g whole egg"", ""direction"": ""ltr""}}",[],[],573492da-f5ec-412f-8752-b3f911957afc,"{""en"": {""value"": ""linseed oil"", ""direction"": ""ltr""}}",[],[],[],307ecfc2-d42b-43a5-b041-4c84587546a8,1.0,[],[],2ff9b4a6-2b60-470a-9e06-304244a16120,"{""en"": {""value"": ""whole egg"", ""direction"": ""ltr""}}",[],[],[],5b6c289f-0e14-4600-9175-b8f93686a1fe,19.0,[],[],,,,,,
08b04cc1-2f55-4365-bee9-1cd0ce1d5067,d4e956f7-9fad-4fd2-94e3-563a3b2c3585,a4ea5a7a-d7f0-11ef-a75a-0275dc2ded29,1,3026bd56-e3fc-4204-919f-acbf09319df2,"{""en"": {""value"": ""1.000 g linseed oil"", ""direction"": ""ltr""}}",[],[],e83a2589-86f6-48c0-8cb2-b548bcd48106,"{""en"": {""value"": ""19.000 g whole egg"", ""direction"": ""ltr""}}",[],[],fac0ee04-fdf3-49ec-8c90-07f6d458e128,"{""en"": {""value"": ""linseed oil"", ""direction"": ""ltr""}}",[],[],[],88da4f48-2ac2-4c76-8fcf-57ea82db33a0,1.0,[],[],d1f6416d-a7c6-4112-86ae-27b8b68b3321,"{""en"": {""value"": ""whole egg"", ""direction"": ""ltr""}}",[],[],[],0741ab85-96fe-4d2d-b867-ea86f66fcb6a,19.0,[],[],,,,,,
aad99332-f3c1-4d9d-b91f-40d4d4d24e1e,d4e956f7-9fad-4fd2-94e3-563a3b2c3585,a4ea5a7a-d7f0-11ef-a75a-0275dc2ded29,1,544e6fd4-cc5f-4f71-b3ea-712991237f57,"{""en"": {""value"": ""4.001 g linseed oil"", ""direction"": ""ltr""}}",[],[],598d88ee-c623-4a64-90c9-abc8b438907d,"{""en"": {""value"": ""16.001 g whole egg"", ""direction"": ""ltr""}}",[],[],472f2372-1c6e-4f80-bcda-70e0b1356046,"{""en"": {""value"": ""linseed oil"", ""direction"": ""ltr""}}",[],[],[],3d6bfc0b-f2e8-4529-b5f6-526ae53453e8,4.001,[],[],8b13debc-2fd9-4924-a7bd-8261812c377a,"{""en"": {""value"": ""whole egg"", ""direction"": ""ltr""}}",[],[],[],e1211fcb-8320-49de-ada9-f2101da30f7d,16.001,[],[],,,,,,
5b499919-952b-44f5-a3c7-49c09ee187d0,d4e956f7-9fad-4fd2-94e3-563a3b2c3585,a4ea5a7a-d7f0-11ef-a75a-0275dc2ded29,1,d61adea7-d8c3-445a-8c77-659e222384e5,"{""en"": {""value"": ""4.001 g linseed oil"", ""direction"": ""ltr""}}",[],[],40d37a10-7ccc-4507-8539-53ab7b8044a3,"{""en"": {""value"": ""16.001 g whole egg"", ""direction"": ""ltr""}}",[],[],f034f93c-9948-4aed-bf8d-d25a3afe7e3a,"{""en"": {""value"": ""linseed oil"", ""direction"": ""ltr""}}",[],[],[],57fc0ac0-d73c-4de4-bacb-1412ddb1e0c5,4.001,[],[],090ca173-4372-465a-9a2d-37329127d4df,"{""en"": {""value"": ""whole egg"", ""direction"": ""ltr""}}",[],[],[],c7039788-64ad-42f0-b69c-ef71a4238dba,16.001,[],[],,,,,,
07f95f38-e712-481d-9825-c84ff90ef8e5,d4e956f7-9fad-4fd2-94e3-563a3b2c3585,a4ea5a7a-d7f0-11ef-a75a-0275dc2ded29,1,362fbf8a-5a63-453c-9e11-e97d5d266c26,"{""en"": {""value"": ""4.001 g linseed oil"", ""direction"": ""ltr""}}",[],[],ab455a0b-cfe8-468b-86d5-f19aaa961b28,"{""en"": {""value"": ""16.001 g whole egg"", ""direction"": ""ltr""}}",[],[],52727608-a556-4c07-be24-262041ae428a,"{""en"": {""value"": ""linseed oil"", ""direction"": ""ltr""}}",[],[],[],0ef23808-5bf7-4e8c-b1c1-039361fff7cc,4.001,[],[],28addf15-50f6-463f-8e7e-3aeb45c6831d,"{""en"": {""value"": ""whole egg"", ""direction"": ""ltr""}}",[],[],[],e044a32a-9ca1-4418-976a-7397e972d51f,16.001,[],[],,,,,,
a368ada7-c0bb-47da-a662-f1b3b5aacf1f,d4e956f7-9fad-4fd2-94e3-563a3b2c3585,a4ea5a7a-d7f0-11ef-a75a-0275dc2ded29,1,11d603e2-641f-4579-9734-89ce01ac1822,"{""en"": {""value"": ""4.001 g linseed oil"", ""direction"": ""ltr""}}",[],[],49c5252f-25d0-4b03-a0b6-7378a8ba9fdc,"{""en"": {""value"": ""16.001 g whole egg"", ""direction"": ""ltr""}}",[],[],35e0e854-b7a2-43b9-8d93-dc1c8b5e99ee,"{""en"": {""value"": ""linseed oil"", ""direction"": ""ltr""}}",[],[],[],fab7e4a5-d710-4bfd-a540-86dc5bd83467,4.001,[],[],0639a1b3-beea-4709-b170-40261aa688fd,"{""en"": {""value"": ""whole egg"", ""direction"": ""ltr""}}",[],[],[],f3ecbd5f-7961-4047-93d2-a38bf1183930,16.001,[],[],,,,,,
308e5fed-5790-4ca8-9c90-163b76b31007,d4e956f7-9fad-4fd2-94e3-563a3b2c3585,a4ea5a7a-d7f0-11ef-a75a-0275dc2ded29,1,f0112095-427b-4f6f-81b8-c47a4cd6e10c,"{""en"": {""value"": ""20.050 g linseed oil"", ""direction"": ""ltr""}}",[],[],55554338-89c2-4ba2-a81c-022b8a14f020,"{""en"": {""value"": ""20.050 g whole egg"", ""direction"": ""ltr""}}",[],[],b3f7310e-e469-457e-817e-6258dc55e19f,"{""en"": {""value"": ""linseed oil"", ""direction"": ""ltr""}}",[],[],[],71a4a879-ff4e-45ca-b130-a3afce48b6f4,20.05,[],[],d1a4c207-9500-4317-a45d-3c4cd57678c0,"{""en"": {""value"": ""whole egg"", ""direction"": ""ltr""}}",[],[],[],05dd445e-2841-4c3a-98d8-4de27f9a8eb5,20.05,[],[],,,,,,
df1b6548-35ad-4f9e-9e34-6b41565d0586,d4e956f7-9fad-4fd2-94e3-563a3b2c3585,a4ea5a7a-d7f0-11ef-a75a-0275dc2ded29,1,82d27d5e-6c93-4fb7-9ef9-ec46d5f62ea5,"{""en"": {""value"": ""20.050 g linseed oil"", ""direction"": ""ltr""}}",[],[],3d115dc0-7cb2-4f06-bbd5-4169fd67a304,"{""en"": {""value"": ""20.050 g whole egg"", ""direction"": ""ltr""}}",[],[],ab3bbe68-a4dd-4382-af11-40f7759147c9,"{""en"": {""value"": ""linseed oil"", ""direction"": ""ltr""}}",[],[],[],da5041db-a1c6-4f88-bdf8-336086fab148,20.05,[],[],6360cc1f-d951-42ba-a636-4cada6371262,"{""en"": {""value"": ""whole egg"", ""direction"": ""ltr""}}",[],[],[],78aa4f32-2f47-452d-8295-aac49ff85f7c,20.05,[],[],,,,,,
8822c854-f373-4865-aab7-3b7d71b17006,d4e956f7-9fad-4fd2-94e3-563a3b2c3585,a4ea5a7a-d7f0-11ef-a75a-0275dc2ded29,1,3da9912b-ff88-404e-a7a3-bd074607abed,"{""en"": {""value"": ""20.050 g linseed oil"", ""direction"": ""ltr""}}",[],[],f3dbf628-3ffc-4a58-a950-ea5828d18cd8,"{""en"": {""value"": ""20.050 g whole egg"", ""direction"": ""ltr""}}",[],[],a80069a2-9d92-48ac-8cb6-fb66d361291b,"{""en"": {""value"": ""linseed oil"", ""direction"": ""ltr""}}",[],[],[],a472ee31-0497-45e7-8ccd-c2c7486b501b,20.05,[],[],937a7e01-f418-439a-98e4-ab07eed9e65d,"{""en"": {""value"": ""whole egg"", ""direction"": ""ltr""}}",[],[],[],c2ffcbb1-ad6f-449c-9bbb-9b418fa1645b,20.05,[],[],,,,,,
fb674044-4caa-478b-99c2-f01813d47d0b,d4e956f7-9fad-4fd2-94e3-563a3b2c3585,a4ea5a7a-d7f0-11ef-a75a-0275dc2ded29,1,eeb7a5aa-d1bb-4134-b6be-662c160c8d1d,"{""en"": {""value"": ""20.050 g linseed oil"", ""direction"": ""ltr""}}",[],[],bc4b7e79-4d8a-4316-90ec-e39d6d0ecd0e,"{""en"": {""value"": ""20.050 g whole egg"", ""direction"": ""ltr""}}",[],[],7c167235-93dc-4e7f-aff3-33e688c29c09,"{""en"": {""value"": ""linseed oil"", ""direction"": ""ltr""}}",[],[],[],58f0f396-05cc-456b-a388-242ae6223242,20.05,[],[],6fcb5b37-5d57-4928-9b40-1cd174f9ba7a,"{""en"": {""value"": ""whole egg"", ""direction"": ""ltr""}}",[],[],[],f19a55f9-6a0e-484a-97c7-2cc8ca81b430,20.05,[],[],,,,,,
f7741b53-f59a-46f7-949c-84211dadd26a,d4e956f7-9fad-4fd2-94e3-563a3b2c3585,a4ea5a7a-d7f0-11ef-a75a-0275dc2ded29,1,9848266f-1f15-49a7-bca2-7926975f89eb,"{""en"": {""value"": ""16.001 g linseed oil"", ""direction"": ""ltr""}}",[],[],84c96aa9-a847-4c7c-9b08-34e370754e0f,"{""en"": {""value"": ""4.002 g whole egg"", ""direction"": ""ltr""}}",[],[],4eeaa0b4-ff6c-49e9-b53d-0d249ef11396,"{""en"": {""value"": ""linseed oil"", ""direction"": ""ltr""}}",[],[],[],d457fbf9-1ab1-4c26-932c-b8ad21ddb657,16.001,[],[],2e746d07-4a61-48e1-8e3b-6512ecf8248a,"{""en"": {""value"": ""whole egg"", ""direction"": ""ltr""}}",[],[],[],9b69ed92-2406-45f3-a6d3-2cba1f1cf716,4.002,[],[],,,,,,
4d29e195-3ff9-4160-bf2d-aa704d9b724f,d4e956f7-9fad-4fd2-94e3-563a3b2c3585,a4ea5a7a-d7f0-11ef-a75a-0275dc2ded29,1,b21051e4-c4a3-4551-bf05-8c24ddca7de5,"{""en"": {""value"": ""16.001 g linseed oil"", ""direction"": ""ltr""}}",[],[],8e1ad22f-533b-48ee-afab-1157e7dd3012,"{""en"": {""value"": ""4.002 g whole egg"", ""direction"": ""ltr""}}",[],[],d965945d-174f-42ac-9a3c-bbd52f504e4b,"{""en"": {""value"": ""linseed oil"", ""direction"": ""ltr""}}",[],[],[],138e8993-aa1b-40bf-a196-8d39cc734c9a,16.001,[],[],628ac36a-3f7b-4487-aed4-b5d01a8806d7,"{""en"": {""value"": ""whole egg"", ""direction"": ""ltr""}}",[],[],[],f4c4c6bf-fc9b-4fca-9bb7-639f8fdec082,4.002,[],[],,,,,,
533e2ebf-0115-40dd-ac9f-18fcb9624223,d4e956f7-9fad-4fd2-94e3-563a3b2c3585,a4ea5a7a-d7f0-11ef-a75a-0275dc2ded29,1,d8e89977-45f8-44a1-9596-c252b4530f4f,"{""en"": {""value"": ""16.001 g linseed oil"", ""direction"": ""ltr""}}",[],[],a3345e1c-367f-47db-ac35-35fdca06c367,"{""en"": {""value"": ""4.002 g whole egg"", ""direction"": ""ltr""}}",[],[],66309d6b-7a85-41f3-b5fe-ad90c78b1a54,"{""en"": {""value"": ""linseed oil"", ""direction"": ""ltr""}}",[],[],[],0531d7f9-3316-4b64-acfd-4859ad45d94b,16.001,[],[],f7a1acd5-3932-4ba5-a2c6-45f4d8355b7a,"{""en"": {""value"": ""whole egg"", ""direction"": ""ltr""}}",[],[],[],68042808-9ef9-4610-b7b2-d2980742b59d,4.002,[],[],,,,,,
3fc74b73-c47e-4c13-8300-56b42e579d4d,d4e956f7-9fad-4fd2-94e3-563a3b2c3585,a4ea5a7a-d7f0-11ef-a75a-0275dc2ded29,1,cbd65fb5-e9a0-4255-8cb1-044401fd75fd,"{""en"": {""value"": ""16.001 g linseed oil"", ""direction"": ""ltr""}}",[],[],41096e8c-fb54-4ade-80ff-55fc3c7ab5a9,"{""en"": {""value"": ""4.002 g whole egg"", ""direction"": ""ltr""}}",[],[],72f0f47f-691e-4abc-b9bc-5038dca61dca,"{""en"": {""value"": ""linseed oil"", ""direction"": ""ltr""}}",[],[],[],e29dbcdb-e9c9-4d34-9908-6020f9e08e4a,16.001,[],[],c937f51c-f860-4e2a-a5d2-a0e66e0ecb6d,"{""en"": {""value"": ""whole egg"", ""direction"": ""ltr""}}",[],[],[],ad3be764-098c-498d-bf9f-6cb7318fccb3,4.002,[],[],,,,,,
2e464ce5-f9a4-4cd1-aafb-937ee4a5758f,d4e956f7-9fad-4fd2-94e3-563a3b2c3585,a4ea5a7a-d7f0-11ef-a75a-0275dc2ded29,1,9543d446-1472-48e1-80e2-37beaf75e119,"{""en"": {""value"": ""19.001 g linseed oil"", ""direction"": ""ltr""}}",[],[],deedfe10-3b2f-49b8-864f-fb0600996960,"{""en"": {""value"": ""1.001 g whole egg"", ""direction"": ""ltr""}}",[],[],f94d20ce-8c9e-44a2-9234-87942c114577,"{""en"": {""value"": ""linseed oil"", ""direction"": ""ltr""}}",[],[],[],f1e3fae0-b2db-423f-a34b-e48cc18e28ae,19.001,[],[],87ae9179-476f-45b8-84c0-84c3a5df062b,"{""en"": {""value"": ""whole egg"", ""direction"": ""ltr""}}",[],[],[],0706294c-6be4-487d-9f94-66c051cc3ec2,1.001,[],[],,,,,,
dfc0151c-1def-4453-9cc5-d864e1fdae93,d4e956f7-9fad-4fd2-94e3-563a3b2c3585,a4ea5a7a-d7f0-11ef-a75a-0275dc2ded29,1,7f67be08-ec26-4430-8195-ebadfaf53f6d,"{""en"": {""value"": ""19.001 g linseed oil"", ""direction"": ""ltr""}}",[],[],db672314-0197-4c19-8537-8ec5b63d38d3,"{""en"": {""value"": ""1.001 g whole egg"", ""direction"": ""ltr""}}",[],[],e45ddca6-3ecf-42a4-8f56-6569556009b7,"{""en"": {""value"": ""linseed oil"", ""direction"": ""ltr""}}",[],[],[],2f7acb29-5593-4aeb-a9bc-3325ff66c0bb,19.001,[],[],ddb5ad8f-dafc-4620-8f5f-7788129993f0,"{""en"": {""value"": ""whole egg"", ""direction"": ""ltr""}}",[],[],[],5e9afcf9-0c3a-4a7f-89c4-68583cc73cbc,1.001,[],[],,,,,,
259e9aa1-9934-484d-9d72-83f0988965dd,d4e956f7-9fad-4fd2-94e3-563a3b2c3585,a4ea5a7a-d7f0-11ef-a75a-0275dc2ded29,1,0508e092-a76b-4939-8b09-e3e2beadd1db,"{""en"": {""value"": ""19.001 g linseed oil"", ""direction"": ""ltr""}}",[],[],37f50909-12b4-4b0d-ac31-fe84b0bbabd1,"{""en"": {""value"": ""1.001 g whole egg"", ""direction"": ""ltr""}}",[],[],c6e3a3e4-e6c0-4a18-af44-88fd359b915b,"{""en"": {""value"": ""linseed oil"", ""direction"": ""ltr""}}",[],[],[],cd3bea86-e585-4d4d-b202-a61482553f5c,19.001,[],[],c3036f80-140c-48a6-9662-4c4d89a1cb22,"{""en"": {""value"": ""whole egg"", ""direction"": ""ltr""}}",[],[],[],ca896aad-aac1-4296-9e72-3bae83b4751c,1.001,[],[],,,,,,
68f58a23-7010-410b-b7bd-36a51e81cb6f,d4e956f7-9fad-4fd2-94e3-563a3b2c3585,a4ea5a7a-d7f0-11ef-a75a-0275dc2ded29,1,9673edc0-1cdd-47d2-9c1b-fbab51f23edc,"{""en"": {""value"": ""19.001 g linseed oil"", ""direction"": ""ltr""}}",[],[],979afe03-f9ae-4c75-9966-7f03b7076175,"{""en"": {""value"": ""1.001 g whole egg"", ""direction"": ""ltr""}}",[],[],5de0b178-01a1-4908-b972-cdb6febbc107,"{""en"": {""value"": ""linseed oil"", ""direction"": ""ltr""}}",[],[],[],1dab323b-fbb7-4de7-958a-337b0b7dd184,19.001,[],[],eebb777f-f323-4912-b2ac-7b88684418ad,"{""en"": {""value"": ""whole egg"", ""direction"": ""ltr""}}",[],[],[],38343088-8931-453d-a6d1-251da73212db,1.001,[],[],,,,,,
8b2431a5-caeb-4687-bc64-5a84aadb3843,d4e956f7-9fad-4fd2-94e3-563a3b2c3585,a4ea5a7a-d7f0-11ef-a75a-0275dc2ded29,1,7f362d48-7230-4e13-9c43-03544ceb97de,"{""en"": {""value"": ""24.500 g linseed oil"", ""direction"": ""ltr""}}",[],[],9429ab05-c1d1-4a44-8b55-540a35aedc07,"{""en"": {""value"": ""0.500 g whole egg"", ""direction"": ""ltr""}}",[],[],dd008d74-aa15-4bc6-bdde-d69f1917a4a5,"{""en"": {""value"": ""linseed oil"", ""direction"": ""ltr""}}",[],[],[],9bef7e4b-41df-4164-8aeb-12768008e60e,24.5,[],[],72cdf634-9704-4111-9c92-48e3dbf80159,"{""en"": {""value"": ""whole egg"", ""direction"": ""ltr""}}",[],[],[],95709634-2cd9-442e-89c4-92ff14a61fbf,0.5,[],[],,,,,,
4c690942-89c5-4d2f-9c76-71e9530379a3,d4e956f7-9fad-4fd2-94e3-563a3b2c3585,a4ea5a7a-d7f0-11ef-a75a-0275dc2ded29,1,6b3079e0-eb40-47e1-840c-d2517d997447,"{""en"": {""value"": ""24.500 g linseed oil"", ""direction"": ""ltr""}}",[],[],9f559f64-41d8-48a7-aded-23f13716dec8,"{""en"": {""value"": ""0.500 g whole egg"", ""direction"": ""ltr""}}",[],[],4d62107b-037f-4f41-ba77-16c2dff53254,"{""en"": {""value"": ""linseed oil"", ""direction"": ""ltr""}}",[],[],[],08f2890d-f44c-46cd-a6e6-c05a69d7ed2d,24.5,[],[],ae9bbfd9-c82c-45b2-9179-b923293a2dea,"{""en"": {""value"": ""whole egg"", ""direction"": ""ltr""}}",[],[],[],73ae57eb-d966-43bc-93f2-5ee403a9eb4d,0.5,[],[],,,,,,
9e62142c-dac5-4fce-9764-a858c0cda0fa,d4e956f7-9fad-4fd2-94e3-563a3b2c3585,a4ea5a7a-d7f0-11ef-a75a-0275dc2ded29,1,d3372735-88a8-4ebd-a2ed-b576aa1e1ed0,"{""en"": {""value"": ""24.500 g linseed oil"", ""direction"": ""ltr""}}",[],[],d0098647-5af0-409b-953d-e412dc139144,"{""en"": {""value"": ""0.500 g whole egg"", ""direction"": ""ltr""}}",[],[],38df1ed6-3c82-47ca-b2e3-baf49f72a5a9,"{""en"": {""value"": ""linseed oil"", ""direction"": ""ltr""}}",[],[],[],575f24fa-9aa5-4b6c-841b-af3838c99ec3,24.5,[],[],1b5e910d-009f-49ad-ae54-d9d027b45e39,"{""en"": {""value"": ""whole egg"", ""direction"": ""ltr""}}",[],[],[],bc42f019-4ad8-4f05-841c-a98f3c44a71c,0.5,[],[],,,,,,
2d16ba22-63e2-4c54-a196-955894424db3,d4e956f7-9fad-4fd2-94e3-563a3b2c3585,a4ea5a7a-d7f0-11ef-a75a-0275dc2ded29,1,0700a5e6-c239-433e-be55-0b4d225bf6cd,"{""en"": {""value"": ""24.500 g linseed oil"", ""direction"": ""ltr""}}",[],[],cb3ebbab-5c8f-44de-b97e-62874274d0ef,"{""en"": {""value"": ""0.500 g whole egg"", ""direction"": ""ltr""}}",[],[],f1104192-6589-44fd-8488-0172347fe244,"{""en"": {""value"": ""linseed oil"", ""direction"": ""ltr""}}",[],[],[],7797acd7-f932-4ccf-a2c7-d6dfcf6ad3f6,24.5,[],[],664cd09a-25a2-4657-bc0a-73537595fc01,"{""en"": {""value"": ""whole egg"", ""direction"": ""ltr""}}",[],[],[],5d68a39b-6c9d-4e36-af63-e359c839fd4d,0.5,[],[],,,,,,
4a123fe7-4752-4d90-877e-8b96d59f7eaa,d4e956f7-9fad-4fd2-94e3-563a3b2c3585,a4ea5a7a-d7f0-11ef-a75a-0275dc2ded29,1,715a724a-c80b-4c85-b30a-8e499a11b716,"{""en"": {""value"": ""29.702 g linseed oil"", ""direction"": ""ltr""}}",[],[],3304e0c2-9358-44d4-be90-decb5ad371f6,"{""en"": {""value"": ""0.300 g whole egg"", ""direction"": ""ltr""}}",[],[],5b982365-9cad-4b46-9f13-a4aa8a687f59,"{""en"": {""value"": ""linseed oil"", ""direction"": ""ltr""}}",[],[],[],715d550f-6579-40a3-bb9b-ab54e8e9c7f5,29.702,[],[],fa5fb371-6743-4a55-a93b-791b7e6d5310,"{""en"": {""value"": ""whole egg"", ""direction"": ""ltr""}}",[],[],[],81bd1803-24b5-4f40-9ce9-e2d42016eb1a,0.3,[],[],,,,,,
4a6cee0e-3738-4420-8311-54bcd5c965b7,d4e956f7-9fad-4fd2-94e3-563a3b2c3585,a4ea5a7a-d7f0-11ef-a75a-0275dc2ded29,1,180aca46-a8d2-4efc-840c-64f93dacec57,"{""en"": {""value"": ""29.702 g linseed oil"", ""direction"": ""ltr""}}",[],[],14963787-a783-4454-999e-7c0ae166eed7,"{""en"": {""value"": ""0.300 g whole egg"", ""direction"": ""ltr""}}",[],[],1cd58b26-7be3-4ecc-abfd-3dc9c8834b36,"{""en"": {""value"": ""linseed oil"", ""direction"": ""ltr""}}",[],[],[],e53ff088-a160-4db5-bf21-6f57b57aa551,29.702,[],[],6e515802-09f6-4eb2-8471-516d9ef17473,"{""en"": {""value"": ""whole egg"", ""direction"": ""ltr""}}",[],[],[],31d1783a-74b4-47ef-974f-8fa7f5c6e70a,0.3,[],[],,,,,,
2b857114-4481-4746-819b-14eb543cef62,d4e956f7-9fad-4fd2-94e3-563a3b2c3585,a4ea5a7a-d7f0-11ef-a75a-0275dc2ded29,1,6020e840-dadf-4121-a998-7f18ee3f1916,"{""en"": {""value"": ""29.702 g linseed oil"", ""direction"": ""ltr""}}",[],[],ad1d906f-7c07-4c18-91e5-d0fa97c395f2,"{""en"": {""value"": ""0.300 g whole egg"", ""direction"": ""ltr""}}",[],[],9e614f02-2944-4b1d-80af-bf7a0dff6ba7,"{""en"": {""value"": ""linseed oil"", ""direction"": ""ltr""}}",[],[],[],6e42c049-3056-421f-91b7-578a3453eb0c,29.702,[],[],26035824-f641-4bb1-86fe-5cc654dfc6a7,"{""en"": {""value"": ""whole egg"", ""direction"": ""ltr""}}",[],[],[],4d042ee0-1117-45b6-be05-aa6ae8edeed9,0.3,[],[],,,,,,
37b7363a-ba94-4c11-9294-03c0768478c2,d4e956f7-9fad-4fd2-94e3-563a3b2c3585,a4ea5a7a-d7f0-11ef-a75a-0275dc2ded29,1,27a5f061-4419-4498-b4d4-eaf25cba0d9d,"{""en"": {""value"": ""29.702 g linseed oil"", ""direction"": ""ltr""}}",[],[],135a41f9-0ac7-48a8-987b-94bdb77e5142,"{""en"": {""value"": ""0.300 g whole egg"", ""direction"": ""ltr""}}",[],[],b0b627dd-ed89-450a-b389-a53275b0e746,"{""en"": {""value"": ""linseed oil"", ""direction"": ""ltr""}}",[],[],[],48578781-807a-433b-a146-02e9c5236198,29.702,[],[],b5b34d2d-2321-452a-a46e-7f4d0e6254db,"{""en"": {""value"": ""whole egg"", ""direction"": ""ltr""}}",[],[],[],50c579c7-48c9-4906-853c-187c8add660c,0.3,[],[],,,,,,
bc8d5131-62c8-4084-8c53-04ed7b5eb948,d4e956f7-9fad-4fd2-94e3-563a3b2c3585,a4ea5a7a-d7f0-11ef-a75a-0275dc2ded29,1,b1c4982e-f7ea-4ae9-bfa0-43bb96df0637,"{""en"": {""value"": ""34.931 g linseed oil"", ""direction"": ""ltr""}}",[],[],501aa608-ea71-462b-a8d7-8d0e7769c5e4,"{""en"": {""value"": ""0.070 g whole egg"", ""direction"": ""ltr""}}",[],[],ee8f407d-a0dc-4568-ad95-682ca24a79ae,"{""en"": {""value"": ""linseed oil"", ""direction"": ""ltr""}}",[],[],[],4673e707-336e-41d1-9098-3c3f85c2226f,34.931,[],[],4a9ae001-9ad0-4bc6-98e1-f362868a2310,"{""en"": {""value"": ""whole egg"", ""direction"": ""ltr""}}",[],[],[],34c54bbc-64df-4c27-86a2-99da50dc4bcb,0.07,[],[],,,,,,
a59b07cf-a035-421c-92a2-2808c92fbcd9,d4e956f7-9fad-4fd2-94e3-563a3b2c3585,a4ea5a7a-d7f0-11ef-a75a-0275dc2ded29,1,1efaf35e-1d2c-45ad-9291-22a380a14b10,"{""en"": {""value"": ""34.931 g linseed oil"", ""direction"": ""ltr""}}",[],[],39501b0b-8d30-4ace-a7fb-e15381aac32f,"{""en"": {""value"": ""0.070 g whole egg"", ""direction"": ""ltr""}}",[],[],9ea51a50-45d3-4116-a60f-242760655ae4,"{""en"": {""value"": ""linseed oil"", ""direction"": ""ltr""}}",[],[],[],25e89535-bd31-4ecc-bb58-282a9b1a4085,34.931,[],[],2554045c-5ec5-4c33-aa78-11aeb6702d66,"{""en"": {""value"": ""whole egg"", ""direction"": ""ltr""}}",[],[],[],f5db0cc0-6952-41b6-9bed-3bb8d7abaef6,0.07,[],[],,,,,,
423c017a-b593-47c5-99ec-04a5b3a5ad1b,d4e956f7-9fad-4fd2-94e3-563a3b2c3585,a4ea5a7a-d7f0-11ef-a75a-0275dc2ded29,1,4e2fddd4-a02b-45b8-96b6-fc10e1ce9472,"{""en"": {""value"": ""34.931 g linseed oil"", ""direction"": ""ltr""}}",[],[],7fe02d39-8b49-4c39-9591-5e297780402d,"{""en"": {""value"": ""0.070 g whole egg"", ""direction"": ""ltr""}}",[],[],31d61d66-460d-4175-a967-ad8ceb8653c2,"{""en"": {""value"": ""linseed oil"", ""direction"": ""ltr""}}",[],[],[],d661ca3c-8a34-40bd-8ede-c1b6e5f8b63d,34.931,[],[],f74f8a69-d230-41d0-a7ee-8f52e35734f6,"{""en"": {""value"": ""whole egg"", ""direction"": ""ltr""}}",[],[],[],c9508108-efae-44d1-b554-357a83fe515b,0.07,[],[],,,,,,
bc8dae24-8fcd-4b47-bc58-7616bda63de2,d4e956f7-9fad-4fd2-94e3-563a3b2c3585,a4ea5a7a-d7f0-11ef-a75a-0275dc2ded29,1,e70b4108-08e1-48fc-acbf-c803e4fccd8f,"{""en"": {""value"": ""34.931 g linseed oil"", ""direction"": ""ltr""}}",[],[],a04f6604-d67c-48ba-9664-f9b0875ab514,"{""en"": {""value"": ""0.070 g whole egg"", ""direction"": ""ltr""}}",[],[],8e4ac30f-ea76-40b3-a1fb-d405f6b59f6b,"{""en"": {""value"": ""linseed oil"", ""direction"": ""ltr""}}",[],[],[],12a2872d-7e48-4cf5-a983-7b0ddf1d7f01,34.931,[],[],3a58d0fe-5577-4838-ad9f-bc59a8881748,"{""en"": {""value"": ""whole egg"", ""direction"": ""ltr""}}",[],[],[],b96b5bc7-aeb7-463b-b64f-f07a342c6c81,0.07,[],[],,,,,,
e3cbe024-1cf7-48e5-b6d3-19094827a9c8,d4e956f7-9fad-4fd2-94e3-563a3b2c3585,a4ea5a7a-d7f0-11ef-a75a-0275dc2ded29,1,5acaaf8d-afee-48bd-9f23-8977ee0772b3,"{""en"": {""value"": ""39.960 g linseed oil"", ""direction"": ""ltr""}}",[],[],a00de7a3-9fe1-44bb-bd0c-fea4217664e5,"{""en"": {""value"": ""0.041 g whole egg"", ""direction"": ""ltr""}}",[],[],4fa5cc6a-09cc-47e9-b855-8d1e656c08c6,"{""en"": {""value"": ""linseed oil"", ""direction"": ""ltr""}}",[],[],[],8d51714a-db53-4bff-bb56-1557f2f388c1,39.96,[],[],2003a79c-f028-4536-b9fe-337718aafc3b,"{""en"": {""value"": ""whole egg"", ""direction"": ""ltr""}}",[],[],[],400c5e42-0fa7-46b2-87a7-74211f4fc10d,0.041,[],[],,,,,,
36b5daef-f52f-4869-91a2-59c8a2612e7f,d4e956f7-9fad-4fd2-94e3-563a3b2c3585,a4ea5a7a-d7f0-11ef-a75a-0275dc2ded29,1,6f0f7109-f21e-40f5-b264-87f7753b9b1f,"{""en"": {""value"": ""39.960 g linseed oil"", ""direction"": ""ltr""}}",[],[],6100ae0e-2ded-47a5-a9fd-451281629ccd,"{""en"": {""value"": ""0.041 g whole egg"", ""direction"": ""ltr""}}",[],[],73e9121a-cb48-40a5-9556-ccd527c63b04,"{""en"": {""value"": ""linseed oil"", ""direction"": ""ltr""}}",[],[],[],09492a63-7eeb-4821-876d-0cd68acd031c,39.96,[],[],0356e166-6046-4dc5-a24d-c456fcac0bf4,"{""en"": {""value"": ""whole egg"", ""direction"": ""ltr""}}",[],[],[],e298341c-e8bc-401a-9442-c4892c0ace7c,0.041,[],[],,,,,,
b5c8f833-ad91-44c6-955b-d5bcf9a7b442,d4e956f7-9fad-4fd2-94e3-563a3b2c3585,a4ea5a7a-d7f0-11ef-a75a-0275dc2ded29,1,a541936d-98eb-473a-a8d8-f15020a25d45,"{""en"": {""value"": ""39.960 g linseed oil"", ""direction"": ""ltr""}}",[],[],809b119d-2cb6-4c95-b9e6-d2a71790298f,"{""en"": {""value"": ""0.041 g whole egg"", ""direction"": ""ltr""}}",[],[],f80605e2-eba2-40dd-99ae-d674a5cfe6a3,"{""en"": {""value"": ""linseed oil"", ""direction"": ""ltr""}}",[],[],[],f11a9055-38f6-4f35-af5e-fbccc23bd837,39.96,[],[],412d5da2-4727-4372-b1a2-8bef3de7dc08,"{""en"": {""value"": ""whole egg"", ""direction"": ""ltr""}}",[],[],[],120c508a-61a7-43da-a0aa-ea32d2970aec,0.041,[],[],,,,,,
0973d0db-dd8e-4d98-84d8-0fb52d03af74,d4e956f7-9fad-4fd2-94e3-563a3b2c3585,a4ea5a7a-d7f0-11ef-a75a-0275dc2ded29,1,a5309bf3-1f82-4177-94fc-ae5b7a332d38,"{""en"": {""value"": ""39.960 g linseed oil"", ""direction"": ""ltr""}}",[],[],463a3b1a-184a-4f4b-b5d2-b3adafd7d734,"{""en"": {""value"": ""0.041 g whole egg"", ""direction"": ""ltr""}}",[],[],3b735bf0-2593-44e9-9fca-cd631a040185,"{""en"": {""value"": ""linseed oil"", ""direction"": ""ltr""}}",[],[],[],076f34bd-5849-4caf-a16d-838524ecae53,39.96,[],[],2f763ea6-bd61-43e0-9270-aab1137b1277,"{""en"": {""value"": ""whole egg"", ""direction"": ""ltr""}}",[],[],[],70b3715a-190d-4b7e-a3cb-b4e7583bf4db,0.041,[],[],,,,,,
5637b28b-484d-4ff3-aaf0-6eb4fe285663,d4e956f7-9fad-4fd2-94e3-563a3b2c3585,a4ea5a7a-d7f0-11ef-a75a-0275dc2ded29,1,90dca9af-84ff-4988-b6af-97bce5ca24a8,"{""en"": {""value"": ""0.043 g linseed oil"", ""direction"": ""ltr""}}",[],[],0c4ffcf1-5c3a-4dc6-a450-23f127635baa,"{""en"": {""value"": ""39.960 g beeswax"", ""direction"": ""ltr""}}",[],[],bf1dcfdd-cb2c-4ba7-9321-5798c74c9a97,"{""en"": {""value"": ""linseed oil"", ""direction"": ""ltr""}}",[],[],[],82fc9650-9cbf-4bab-bf75-af76ee8736e8,0.043,[],[],9fc51a0b-dee2-42dd-ba0f-5a418b53fc09,"{""en"": {""value"": ""beeswax"", ""direction"": ""ltr""}}",[],[],[],23f91c71-0dba-495b-809b-0fbb64f3377d,39.96,[],[],,,,,,
725f38e1-5c52-4776-bfe2-47d3cd27b3b9,d4e956f7-9fad-4fd2-94e3-563a3b2c3585,a4ea5a7a-d7f0-11ef-a75a-0275dc2ded29,1,1861cb9c-41f4-4784-8ed4-4dcc800aa683,"{""en"": {""value"": ""0.043 g linseed oil"", ""direction"": ""ltr""}}",[],[],6647c3da-4690-40de-a877-34428bc4e88c,"{""en"": {""value"": ""39.960 g beeswax"", ""direction"": ""ltr""}}",[],[],8f87860e-746c-442c-bcc6-b9f569e24a7d,"{""en"": {""value"": ""linseed oil"", ""direction"": ""ltr""}}",[],[],[],2a7cf6f5-e821-4381-821f-1134dd4db825,0.043,[],[],227aa7f2-859a-42b5-b79c-b9b442379592,"{""en"": {""value"": ""beeswax"", ""direction"": ""ltr""}}",[],[],[],ee5f421a-637f-499e-a805-0d71fac4601f,39.96,[],[],,,,,,
21b23ec8-149d-4d70-81f3-6665fd2b909d,d4e956f7-9fad-4fd2-94e3-563a3b2c3585,a4ea5a7a-d7f0-11ef-a75a-0275dc2ded29,1,742b56f3-128e-4f13-8519-06cccd80c92e,"{""en"": {""value"": ""0.043 g linseed oil"", ""direction"": ""ltr""}}",[],[],5033d849-1687-4acc-b8aa-fc959cf9c92e,"{""en"": {""value"": ""39.960 g beeswax"", ""direction"": ""ltr""}}",[],[],66dea587-aca9-4842-8c44-70c85d397c2d,"{""en"": {""value"": ""linseed oil"", ""direction"": ""ltr""}}",[],[],[],a9ee3b77-255d-4638-89e6-50fe4cef4958,0.043,[],[],8161562c-9714-4c6a-a5fa-5e917169e3f7,"{""en"": {""value"": ""beeswax"", ""direction"": ""ltr""}}",[],[],[],33c11a58-2759-4ccb-a42a-077f4c1380d1,39.96,[],[],,,,,,
c5e4c990-c3dd-401b-aa2d-29a355e2780d,d4e956f7-9fad-4fd2-94e3-563a3b2c3585,a4ea5a7a-d7f0-11ef-a75a-0275dc2ded29,1,050697c4-a51c-421e-aad9-fdae4612227e,"{""en"": {""value"": ""0.043 g linseed oil"", ""direction"": ""ltr""}}",[],[],a8ee38bf-a1ef-4e29-a159-56871be460a3,"{""en"": {""value"": ""39.960 g beeswax"", ""direction"": ""ltr""}}",[],[],5682c95f-1593-43d4-b576-1d8429d9cb08,"{""en"": {""value"": ""linseed oil"", ""direction"": ""ltr""}}",[],[],[],a904d3eb-3cfd-4a56-b8d3-b3dea536ba3c,0.043,[],[],89925921-e23a-4004-92d8-fb25f998228e,"{""en"": {""value"": ""beeswax"", ""direction"": ""ltr""}}",[],[],[],4a84719d-e3e6-4070-9294-089b00070fe8,39.96,[],[],,,,,,
55cea20a-f991-4c30-9b13-f78aaab43303,d4e956f7-9fad-4fd2-94e3-563a3b2c3585,a4ea5a7a-d7f0-11ef-a75a-0275dc2ded29,1,6e54e809-6db7-4e49-bec0-af0ee073e42a,"{""en"": {""value"": ""0.075 g linseed oil"", ""direction"": ""ltr""}}",[],[],8d75ab0d-85ec-401d-b675-bdb4a90349a2,"{""en"": {""value"": ""34.934 g beeswax"", ""direction"": ""ltr""}}",[],[],7ebf553f-55e2-440b-8519-f5a682678008,"{""en"": {""value"": ""linseed oil"", ""direction"": ""ltr""}}",[],[],[],36657e84-223d-46f4-bed5-2e5abfa42005,0.075,[],[],74abe42c-9787-42d0-8b24-646a071e41a7,"{""en"": {""value"": ""beeswax"", ""direction"": ""ltr""}}",[],[],[],d239e790-a8ae-4a4c-a991-caae5a90f71b,34.934,[],[],,,,,,
f7d7384f-de54-4af4-8a5b-857fc537139b,d4e956f7-9fad-4fd2-94e3-563a3b2c3585,a4ea5a7a-d7f0-11ef-a75a-0275dc2ded29,1,a79bbeb3-71e7-4377-9b0e-49f6f7cc88d7,"{""en"": {""value"": ""0.075 g linseed oil"", ""direction"": ""ltr""}}",[],[],a52971e3-f46a-471f-8ff8-c773050d44d4,"{""en"": {""value"": ""34.934 g beeswax"", ""direction"": ""ltr""}}",[],[],62b6f88a-5427-4257-983e-ab8052b42dd2,"{""en"": {""value"": ""linseed oil"", ""direction"": ""ltr""}}",[],[],[],8b4c462e-d879-49f9-8b81-bf4e5117d154,0.075,[],[],e19297d5-e184-4aa8-b913-9f33c5041c06,"{""en"": {""value"": ""beeswax"", ""direction"": ""ltr""}}",[],[],[],d2966a2e-d040-494a-b54f-ce7ffca3b1cb,34.934,[],[],,,,,,
06bc1301-699b-48c2-b90b-b72c4872b631,d4e956f7-9fad-4fd2-94e3-563a3b2c3585,a4ea5a7a-d7f0-11ef-a75a-0275dc2ded29,1,dc48f689-e1f9-463c-a09b-bbc441b37435,"{""en"": {""value"": ""0.075 g linseed oil"", ""direction"": ""ltr""}}",[],[],8ca82d4f-ff25-4eea-924d-cf099c30094f,"{""en"": {""value"": ""34.934 g beeswax"", ""direction"": ""ltr""}}",[],[],87deafd4-0ac5-49b6-b8c9-19aa93df3dba,"{""en"": {""value"": ""linseed oil"", ""direction"": ""ltr""}}",[],[],[],5ab74570-231e-4131-9d29-2f2d6885c2ea,0.075,[],[],ef05f97e-22ac-4134-8690-07952fca5a07,"{""en"": {""value"": ""beeswax"", ""direction"": ""ltr""}}",[],[],[],92d07a38-64f1-446a-aba5-b442c9763fd8,34.934,[],[],,,,,,
33ef74dd-4a79-42fd-b10c-07a0b3c815cd,d4e956f7-9fad-4fd2-94e3-563a3b2c3585,a4ea5a7a-d7f0-11ef-a75a-0275dc2ded29,1,07279d1d-5f2c-4048-b245-b86fe72cf8f1,"{""en"": {""value"": ""0.075 g linseed oil"", ""direction"": ""ltr""}}",[],[],5b54ef43-6706-41b0-b97c-dc809902b059,"{""en"": {""value"": ""34.934 g beeswax"", ""direction"": ""ltr""}}",[],[],4375b548-4a3f-4265-af59-0a3a061f72a5,"{""en"": {""value"": ""linseed oil"", ""direction"": ""ltr""}}",[],[],[],0d1f7f17-0007-409b-a5f9-bcd27c286f5f,0.075,[],[],f4f35016-9b43-4387-a41c-99a5496c0ce0,"{""en"": {""value"": ""beeswax"", ""direction"": ""ltr""}}",[],[],[],de5dcd4b-0f61-4960-b70e-963dfb19ec8b,34.934,[],[],,,,,,
fb8f6dd7-44fa-497f-86e1-5e8d0a07f293,d4e956f7-9fad-4fd2-94e3-563a3b2c3585,a4ea5a7a-d7f0-11ef-a75a-0275dc2ded29,1,64e79aa7-a7b8-4d1f-95b8-85eac860ada1,"{""en"": {""value"": ""0.305 g linseed oil"", ""direction"": ""ltr""}}",[],[],d1fe8820-157c-40bc-ad85-804151cdb909,"{""en"": {""value"": ""29.708 g beeswax"", ""direction"": ""ltr""}}",[],[],47b7db81-e2d2-4e18-88f5-9273ade9f4f3,"{""en"": {""value"": ""linseed oil"", ""direction"": ""ltr""}}",[],[],[],85dd62de-3ff0-4e9b-8374-63cf6a220c2e,0.305,[],[],149a8db4-c372-4d37-945c-9769d794d642,"{""en"": {""value"": ""beeswax"", ""direction"": ""ltr""}}",[],[],[],356bd870-4193-4c3e-88e1-b3352649d641,29.708,[],[],,,,,,
8a6c2b20-2a32-4a3d-bf67-aaebd89a32fb,d4e956f7-9fad-4fd2-94e3-563a3b2c3585,a4ea5a7a-d7f0-11ef-a75a-0275dc2ded29,1,e208090a-cf1c-489e-935f-04b9e5bd9294,"{""en"": {""value"": ""0.305 g linseed oil"", ""direction"": ""ltr""}}",[],[],116e6941-1edd-4fcb-b724-a8b17258a965,"{""en"": {""value"": ""29.708 g beeswax"", ""direction"": ""ltr""}}",[],[],ac47c4a6-d19b-45e0-9cfb-620d4c32b7eb,"{""en"": {""value"": ""linseed oil"", ""direction"": ""ltr""}}",[],[],[],b3d2a76a-f2a2-46ef-836e-1f547630a9ed,0.305,[],[],bbd81c32-858d-4fd3-9116-4fcf51e06549,"{""en"": {""value"": ""beeswax"", ""direction"": ""ltr""}}",[],[],[],278bcac4-f6a5-4cef-bda0-491f7eea6731,29.708,[],[],,,,,,
482664cf-ceda-4a04-85e7-a3beef9f8158,d4e956f7-9fad-4fd2-94e3-563a3b2c3585,a4ea5a7a-d7f0-11ef-a75a-0275dc2ded29,1,99718bfe-ecbc-41a9-afa4-11400291a588,"{""en"": {""value"": ""0.305 g linseed oil"", ""direction"": ""ltr""}}",[],[],a7a904e6-68e7-47c1-b484-b786b97c90e3,"{""en"": {""value"": ""29.708 g beeswax"", ""direction"": ""ltr""}}",[],[],cd7227d2-5303-42ac-8983-92ec9ddfa9e8,"{""en"": {""value"": ""linseed oil"", ""direction"": ""ltr""}}",[],[],[],6bcb2ccf-a9d5-4a20-a0a6-af811dfb8826,0.305,[],[],1a9ced34-a64a-4064-95b2-5a2c54ac3901,"{""en"": {""value"": ""beeswax"", ""direction"": ""ltr""}}",[],[],[],39fdb5fc-f9fa-4209-b082-273d1aca55d0,29.708,[],[],,,,,,
99b22fa3-6a84-40b4-ad8b-3519f445762b,d4e956f7-9fad-4fd2-94e3-563a3b2c3585,a4ea5a7a-d7f0-11ef-a75a-0275dc2ded29,1,7b8e8648-dc81-4cd6-ba1f-034f7e01ad8f,"{""en"": {""value"": ""0.305 g linseed oil"", ""direction"": ""ltr""}}",[],[],8aec0cab-5268-437d-98c3-adc3cca9c0dc,"{""en"": {""value"": ""29.708 g beeswax"", ""direction"": ""ltr""}}",[],[],cfafb565-56e9-488e-892e-e58fb17d40d6,"{""en"": {""value"": ""linseed oil"", ""direction"": ""ltr""}}",[],[],[],4c474225-1a43-4cdf-9e8f-d1248d2bc473,0.305,[],[],d467d357-2745-4077-b9c8-170c5ed1c8f3,"{""en"": {""value"": ""beeswax"", ""direction"": ""ltr""}}",[],[],[],ab91c68d-0f21-440d-b865-13ea601fa45c,29.708,[],[],,,,,,
2d90543b-2683-4361-9f5d-a953a3693a9e,d4e956f7-9fad-4fd2-94e3-563a3b2c3585,a4ea5a7a-d7f0-11ef-a75a-0275dc2ded29,1,926bdb50-2878-4451-bceb-3a1d1546231b,"{""en"": {""value"": ""0.507 g linseed oil"", ""direction"": ""ltr""}}",[],[],36354347-8059-4250-847d-6258037e6f08,"{""en"": {""value"": ""24.5033 g beeswax"", ""direction"": ""ltr""}}",[],[],535b3d3f-a569-4c79-a78b-11eadcb6bdb8,"{""en"": {""value"": ""linseed oil"", ""direction"": ""ltr""}}",[],[],[],d2395bb3-4d3d-4219-ae67-4d9e440e53c7,0.507,[],[],0f9bc728-6793-461e-9ebb-b46cfc9e9a62,"{""en"": {""value"": ""beeswax"", ""direction"": ""ltr""}}",[],[],[],82fb8d4e-300e-4dad-9ad6-dfb9f9ca9a6e,24.5033,[],[],,,,,,
e42617a1-960e-497f-9cd6-5028df1cdd2d,d4e956f7-9fad-4fd2-94e3-563a3b2c3585,a4ea5a7a-d7f0-11ef-a75a-0275dc2ded29,1,c0cd311e-112e-40e4-82c4-1905bb3fc403,"{""en"": {""value"": ""0.507 g linseed oil"", ""direction"": ""ltr""}}",[],[],12b7fb72-11ca-4664-bfd1-b9f742ea6f36,"{""en"": {""value"": ""24.5033 g beeswax"", ""direction"": ""ltr""}}",[],[],a5a864bc-42dd-402c-8e59-495025aa378a,"{""en"": {""value"": ""linseed oil"", ""direction"": ""ltr""}}",[],[],[],a8d2c0af-7411-47cb-8076-eae4f003802a,0.507,[],[],2abb7b84-439a-4d04-b0a9-b4e6fd2f93d9,"{""en"": {""value"": ""beeswax"", ""direction"": ""ltr""}}",[],[],[],7e5f8832-ce49-481c-9c64-633e58bce272,24.5033,[],[],,,,,,
1c4158ef-04cd-401e-8300-733d1dd52af0,d4e956f7-9fad-4fd2-94e3-563a3b2c3585,a4ea5a7a-d7f0-11ef-a75a-0275dc2ded29,1,3a1f4872-fcda-4013-b7ea-f7d1c6a5d589,"{""en"": {""value"": ""0.507 g linseed oil"", ""direction"": ""ltr""}}",[],[],0a1da0e6-d15f-44d8-b3f0-2f8eab37e5ff,"{""en"": {""value"": ""24.5033 g beeswax"", ""direction"": ""ltr""}}",[],[],cc0156c8-457f-4018-b73e-9e0a6fd8e81c,"{""en"": {""value"": ""linseed oil"", ""direction"": ""ltr""}}",[],[],[],46777828-8f13-4830-925c-6a34495b0eee,0.507,[],[],b93ad7f8-ab9a-4e87-8a08-1f6a3024cab4,"{""en"": {""value"": ""beeswax"", ""direction"": ""ltr""}}",[],[],[],6eea1e98-1410-4834-9d09-39a7bf7c1245,24.5033,[],[],,,,,,
cb11dc8b-0584-4525-a60d-d0e68145c7b0,d4e956f7-9fad-4fd2-94e3-563a3b2c3585,a4ea5a7a-d7f0-11ef-a75a-0275dc2ded29,1,a2e293f9-d4c8-4753-b74d-a2beaef8d57b,"{""en"": {""value"": ""0.507 g linseed oil"", ""direction"": ""ltr""}}",[],[],501766ba-f71b-4495-afdc-02ed8c1d0fe6,"{""en"": {""value"": ""24.5033 g beeswax"", ""direction"": ""ltr""}}",[],[],9104ce00-9174-45c3-9557-ed8161020650,"{""en"": {""value"": ""linseed oil"", ""direction"": ""ltr""}}",[],[],[],a920a9f0-26df-4a20-b2e2-67a11a5ef69a,0.507,[],[],2b1265e9-cc3e-4d9f-8d8e-c6187ac4dd65,"{""en"": {""value"": ""beeswax"", ""direction"": ""ltr""}}",[],[],[],afac06e9-8ffc-4417-b306-7abfb1a13747,24.5033,[],[],,,,,,
baca397a-7f00-4e2a-bdbc-2c9cca85a29f,d4e956f7-9fad-4fd2-94e3-563a3b2c3585,a4ea5a7a-d7f0-11ef-a75a-0275dc2ded29,1,666f9961-dc24-46db-9201-1fe01a77b565,"{""en"": {""value"": ""1.006 g linseed oil"", ""direction"": ""ltr""}}",[],[],caa9cf71-c573-4275-b045-5532a3b29c9e,"{""en"": {""value"": ""19.0008 g beeswax"", ""direction"": ""ltr""}}",[],[],abd8b3ad-35ac-4823-9868-4fa810cc4da1,"{""en"": {""value"": ""linseed oil"", ""direction"": ""ltr""}}",[],[],[],823ac56c-fe82-43e7-9ea0-1292409fbf9f,1.006,[],[],3987bf1b-83b4-4f04-b50c-eb8aa849b667,"{""en"": {""value"": ""beeswax"", ""direction"": ""ltr""}}",[],[],[],597e62c8-0f4a-42d0-a364-0da354b02aa3,19.0008,[],[],,,,,,
2182ab51-657f-4c11-81c7-b39fce395bd0,d4e956f7-9fad-4fd2-94e3-563a3b2c3585,a4ea5a7a-d7f0-11ef-a75a-0275dc2ded29,1,2957cc8f-4670-4426-ac9b-d638bf4f6fa4,"{""en"": {""value"": ""1.006 g linseed oil"", ""direction"": ""ltr""}}",[],[],79e42643-00f1-4304-a8f9-ad24ac098695,"{""en"": {""value"": ""19.0008 g beeswax"", ""direction"": ""ltr""}}",[],[],024c024b-7bc2-48cf-8de9-e7dc75e71576,"{""en"": {""value"": ""linseed oil"", ""direction"": ""ltr""}}",[],[],[],434a39ff-7752-42b6-bcef-905d069afed5,1.006,[],[],f436ebd0-ebf0-4695-9108-cd5eb1b1c33b,"{""en"": {""value"": ""beeswax"", ""direction"": ""ltr""}}",[],[],[],f9fe5d68-037e-409b-89a7-9f452b827017,19.0008,[],[],,,,,,
f956957b-42bb-4540-bd47-7836e91fc30a,d4e956f7-9fad-4fd2-94e3-563a3b2c3585,a4ea5a7a-d7f0-11ef-a75a-0275dc2ded29,1,ffb891db-6f51-4cfc-9492-bcb7b8f50802,"{""en"": {""value"": ""1.006 g linseed oil"", ""direction"": ""ltr""}}",[],[],210a3017-5de0-4bb3-b59c-2cc28b7aac02,"{""en"": {""value"": ""19.0008 g beeswax"", ""direction"": ""ltr""}}",[],[],e099e9ea-ad65-47fe-9fe3-314fead9ad1e,"{""en"": {""value"": ""linseed oil"", ""direction"": ""ltr""}}",[],[],[],b553c9f1-ca70-4be5-afff-636b75b766c6,1.006,[],[],ed30293f-97e3-44c4-8883-db822870e7d7,"{""en"": {""value"": ""beeswax"", ""direction"": ""ltr""}}",[],[],[],cb672cc7-24a1-4ff9-b01a-8da963cec453,19.0008,[],[],,,,,,
fbd939b2-d647-4ccf-9462-567c408fdfd3,d4e956f7-9fad-4fd2-94e3-563a3b2c3585,a4ea5a7a-d7f0-11ef-a75a-0275dc2ded29,1,0ce43630-aca8-4cda-bd8e-acc07eea0bec,"{""en"": {""value"": ""1.006 g linseed oil"", ""direction"": ""ltr""}}",[],[],5df50e54-3d8e-4742-941d-abc1373c165e,"{""en"": {""value"": ""19.0008 g beeswax"", ""direction"": ""ltr""}}",[],[],9890afb0-68c9-4b20-8480-14c820bfffa9,"{""en"": {""value"": ""linseed oil"", ""direction"": ""ltr""}}",[],[],[],31425fa6-2f82-40e8-b656-02d878835872,1.006,[],[],42aaacab-9b22-4315-9c7f-bef512a2d20c,"{""en"": {""value"": ""beeswax"", ""direction"": ""ltr""}}",[],[],[],433d7c61-0130-429a-9097-289c57b6b0a9,19.0008,[],[],,,,,,
41075140-8398-45c5-ad56-cc7a8be381b0,d4e956f7-9fad-4fd2-94e3-563a3b2c3585,a4ea5a7a-d7f0-11ef-a75a-0275dc2ded29,1,f2d90c5b-67a7-4495-84ec-bf8324c9757b,"{""en"": {""value"": ""4.003 g linseed oil"", ""direction"": ""ltr""}}",[],[],0d99e533-d179-41f3-9845-9c2ab8a80d9a,"{""en"": {""value"": ""15.9998 g beeswax"", ""direction"": ""ltr""}}",[],[],a43c1f7d-83ae-4365-bfe3-ac27f72c0265,"{""en"": {""value"": ""linseed oil"", ""direction"": ""ltr""}}",[],[],[],40df6366-1208-4a4f-9b56-b7b9b589ecb4,4.003,[],[],4369bff0-3921-48f4-94a5-875483e37e9b,"{""en"": {""value"": ""beeswax"", ""direction"": ""ltr""}}",[],[],[],b8cafe75-47ee-4a77-8219-d72d2fed273f,15.9998,[],[],,,,,,
febd5710-89df-4a1d-b2d1-f301e3d39220,d4e956f7-9fad-4fd2-94e3-563a3b2c3585,a4ea5a7a-d7f0-11ef-a75a-0275dc2ded29,1,88478d1f-f2c1-4252-8615-ad41db61dc17,"{""en"": {""value"": ""4.003 g linseed oil"", ""direction"": ""ltr""}}",[],[],74624f8d-72a1-4f51-8b84-6e08205ccb6a,"{""en"": {""value"": ""15.9998 g beeswax"", ""direction"": ""ltr""}}",[],[],c4902176-acf7-4538-92ed-7080eb1e6b1c,"{""en"": {""value"": ""linseed oil"", ""direction"": ""ltr""}}",[],[],[],855c8ea5-22c7-4875-8cb8-4e0da5ebbedb,4.003,[],[],3df82013-dc65-4c08-b052-f745eaa07b34,"{""en"": {""value"": ""beeswax"", ""direction"": ""ltr""}}",[],[],[],935f9e42-3125-4c60-8064-b4fecef5c89f,15.9998,[],[],,,,,,
140b1129-dc9a-42f3-847d-98adff98df34,d4e956f7-9fad-4fd2-94e3-563a3b2c3585,a4ea5a7a-d7f0-11ef-a75a-0275dc2ded29,1,e46d979a-5e93-4865-9abe-d060d660d817,"{""en"": {""value"": ""4.003 g linseed oil"", ""direction"": ""ltr""}}",[],[],1219ad18-bc98-4411-90a3-4a5cca29aef4,"{""en"": {""value"": ""15.9998 g beeswax"", ""direction"": ""ltr""}}",[],[],a226aa9b-2324-4fc2-9869-b6738bbea14f,"{""en"": {""value"": ""linseed oil"", ""direction"": ""ltr""}}",[],[],[],a33dc31b-976f-4632-aa51-ec2987eac508,4.003,[],[],6c769a1b-3653-4f08-a8bf-f7305d56d1d0,"{""en"": {""value"": ""beeswax"", ""direction"": ""ltr""}}",[],[],[],0cbd018b-7b88-40e5-b1a8-f383b9ec7b84,15.9998,[],[],,,,,,
938f25ec-1a8a-4403-8f8a-e80465a6a0fc,d4e956f7-9fad-4fd2-94e3-563a3b2c3585,a4ea5a7a-d7f0-11ef-a75a-0275dc2ded29,1,68a0829e-2f52-4639-a969-3c3c002bad58,"{""en"": {""value"": ""4.003 g linseed oil"", ""direction"": ""ltr""}}",[],[],530eda87-6733-461f-9e9a-bd3620f711e9,"{""en"": {""value"": ""15.9998 g beeswax"", ""direction"": ""ltr""}}",[],[],0fc66b5e-f25f-4f6d-88b2-cb276195e1bc,"{""en"": {""value"": ""linseed oil"", ""direction"": ""ltr""}}",[],[],[],66772ff5-586d-49c6-9074-250508bf92f4,4.003,[],[],c87b1b50-b4e2-4a1a-a72b-0de47f2e1edd,"{""en"": {""value"": ""beeswax"", ""direction"": ""ltr""}}",[],[],[],444e3da5-6a98-485f-bfbd-7a2bc82e675a,15.9998,[],[],,,,,,
ca499afd-e100-4f20-9248-c9295fb02307,d4e956f7-9fad-4fd2-94e3-563a3b2c3585,a4ea5a7a-d7f0-11ef-a75a-0275dc2ded29,1,ec1d39c0-e6c0-407a-b142-e90b671eb54c,"{""en"": {""value"": ""20.00 g linseed oil"", ""direction"": ""ltr""}}",[],[],33962c6f-462f-4a87-9b89-b91bfc543656,"{""en"": {""value"": ""20.00 g beeswax"", ""direction"": ""ltr""}}",[],[],5cd64f4a-7bbe-4eb3-b59d-49ac5fe9afa1,"{""en"": {""value"": ""linseed oil"", ""direction"": ""ltr""}}",[],[],[],5ca549bc-71ab-4127-82e4-bdc8de288640,20.0,[],[],1ef01b97-1b29-4a2b-9b30-90235cff7b5b,"{""en"": {""value"": ""beeswax"", ""direction"": ""ltr""}}",[],[],[],f222e895-1c6d-4c4f-b2dc-b769f294377a,20.0,[],[],,,,,,
e4c67725-9958-4911-8c25-bc9da874784b,d4e956f7-9fad-4fd2-94e3-563a3b2c3585,a4ea5a7a-d7f0-11ef-a75a-0275dc2ded29,1,422a1e74-c034-40e1-a33e-481637bb771e,"{""en"": {""value"": ""20.00 g linseed oil"", ""direction"": ""ltr""}}",[],[],a095f012-227f-424c-93a3-f0d77c9efd44,"{""en"": {""value"": ""20.00 g beeswax"", ""direction"": ""ltr""}}",[],[],809fb195-7247-425a-98c9-de997c8ec7ab,"{""en"": {""value"": ""linseed oil"", ""direction"": ""ltr""}}",[],[],[],cb7b4123-08cc-415d-a41a-acb05b5203eb,20.0,[],[],643a8dd6-4aad-47d5-b953-4e01c8a18c0d,"{""en"": {""value"": ""beeswax"", ""direction"": ""ltr""}}",[],[],[],47508328-3e46-4b2b-a995-4334bb53cd5c,20.0,[],[],,,,,,
9e3841fd-a478-4c58-a69e-795f98010628,d4e956f7-9fad-4fd2-94e3-563a3b2c3585,a4ea5a7a-d7f0-11ef-a75a-0275dc2ded29,1,23965cb9-05a3-48bb-93bc-c032bf3483ff,"{""en"": {""value"": ""20.00 g linseed oil"", ""direction"": ""ltr""}}",[],[],83998437-85ff-4c1f-98ef-8416d02768f4,"{""en"": {""value"": ""20.00 g beeswax"", ""direction"": ""ltr""}}",[],[],c01f0b43-1f65-467d-b55f-d40f66d48eff,"{""en"": {""value"": ""linseed oil"", ""direction"": ""ltr""}}",[],[],[],90935cee-78e0-4f20-9605-ba46872cf995,20.0,[],[],322d0b47-17fb-477d-9ed2-4960df5c19cf,"{""en"": {""value"": ""beeswax"", ""direction"": ""ltr""}}",[],[],[],06b49f07-d8e2-4090-a50f-89b8d9244d3e,20.0,[],[],,,,,,
0fd11940-92ff-4632-a5df-09cfb27c29de,d4e956f7-9fad-4fd2-94e3-563a3b2c3585,a4ea5a7a-d7f0-11ef-a75a-0275dc2ded29,1,f61efb21-4983-4814-8a11-a4d90f0765f2,"{""en"": {""value"": ""20.00 g linseed oil"", ""direction"": ""ltr""}}",[],[],4e3af266-cac5-4b68-835c-b7d469934ac2,"{""en"": {""value"": ""20.00 g beeswax"", ""direction"": ""ltr""}}",[],[],868f3557-35be-4077-ac38-41fbcfc41ed4,"{""en"": {""value"": ""linseed oil"", ""direction"": ""ltr""}}",[],[],[],5b46635e-adce-4bee-8875-eedeb4705017,20.0,[],[],40144ca5-710b-47c7-8d19-1687d0e80cfa,"{""en"": {""value"": ""beeswax"", ""direction"": ""ltr""}}",[],[],[],e9e44226-f95b-4c89-b253-bbb4b0abcd3d,20.0,[],[],,,,,,
de3834cc-f79d-4bc6-b7c9-854002026559,d4e956f7-9fad-4fd2-94e3-563a3b2c3585,a4ea5a7a-d7f0-11ef-a75a-0275dc2ded29,1,07b15405-89cc-4864-94c0-a551a36835fd,"{""en"": {""value"": ""16.00 g boiled linseed oil"", ""direction"": ""ltr""}}",[],[],370242b0-d089-472c-ba1b-9ad0c488a229,"{""en"": {""value"": ""4.00 g yellow  beeswax "", ""direction"": ""ltr""}}",[],[],4ace0671-2e5c-41f1-9c5b-a9c1d4bc3dfe,"{""en"": {""value"": ""boiled linseed oil"", ""direction"": ""ltr""}}",[],[],[],463dfc5e-6f2a-4da0-a671-7983440de2c1,16.0,[],[],046819a8-0d93-43a5-a5a8-4c96d47f9fc1,"{""en"": {""value"": ""yellow beeswax"", ""direction"": ""ltr""}}",[],[],[],ca35819c-0186-4a41-a25a-912af1e23117,4.0,[],[],,,,,,
1d0461b6-260a-41f4-83ee-921258bbd90d,d4e956f7-9fad-4fd2-94e3-563a3b2c3585,a4ea5a7a-d7f0-11ef-a75a-0275dc2ded29,1,4ffa9758-debb-48b0-8b1d-c597558de007,"{""en"": {""value"": ""16.00 g boiled linseed oil"", ""direction"": ""ltr""}}",[],[],9a258786-565f-4639-aeb7-f66a5e602ecd,"{""en"": {""value"": ""4.00 g yellow  beeswax "", ""direction"": ""ltr""}}",[],[],a4d47238-ab6a-4433-8a6b-c581a0a6a257,"{""en"": {""value"": ""boiled linseed oil"", ""direction"": ""ltr""}}",[],[],[],6c47eae7-d8e1-459c-9409-6601aa92907f,16.0,[],[],c3d0663b-742e-4155-948f-4a6760897e58,"{""en"": {""value"": ""yellow beeswax"", ""direction"": ""ltr""}}",[],[],[],a7cde051-5f62-4644-9a0d-f21499027a35,4.0,[],[],,,,,,
0405436d-8342-4c2d-9787-b5403e8c2c28,d4e956f7-9fad-4fd2-94e3-563a3b2c3585,a4ea5a7a-d7f0-11ef-a75a-0275dc2ded29,1,ac799af9-6de2-41a0-82be-d99903d27f2a,"{""en"": {""value"": ""16.00 g boiled linseed oil"", ""direction"": ""ltr""}}",[],[],8c316e1a-9c52-4a54-92be-9d49d6f02a37,"{""en"": {""value"": ""4.00 g yellow  beeswax "", ""direction"": ""ltr""}}",[],[],ffc08c19-e0ce-4635-8b85-56eee39d351a,"{""en"": {""value"": ""boiled linseed oil"", ""direction"": ""ltr""}}",[],[],[],28c7263b-54a5-49b7-8f7b-7a6960e724a6,16.0,[],[],89a7c307-b691-4fab-926b-a4cdf8bbaa29,"{""en"": {""value"": ""yellow beeswax"", ""direction"": ""ltr""}}",[],[],[],f8ee4ecf-f37f-4437-a60c-826f5ba3aee0,4.0,[],[],,,,,,
9a725e36-bb3a-4548-aad1-8466ed2e054f,d4e956f7-9fad-4fd2-94e3-563a3b2c3585,a4ea5a7a-d7f0-11ef-a75a-0275dc2ded29,1,fc52add9-c7f0-4749-93d2-b88d04ed97fe,"{""en"": {""value"": ""16.00 g linseed oil"", ""direction"": ""ltr""}}",[],[],8469c7aa-0df8-4625-b20f-6722b3bfd213,"{""en"": {""value"": ""4.00 g  beeswax "", ""direction"": ""ltr""}}",[],[],b8d9c227-86bb-41e7-a80d-c8acf04c3eb3,"{""en"": {""value"": ""linseed oil"", ""direction"": ""ltr""}}",[],[],[],073b6e22-acc4-40e9-9d25-c0e8aca999c9,16.0,[],[],4dcaa147-9011-4b9a-a4a7-e14f83f905af,"{""en"": {""value"": ""beeswax"", ""direction"": ""ltr""}}",[],[],[],a6fd249a-f15c-4e8f-be42-192c66cf4a90,4.0,[],[],,,,,,
ef400264-ae1e-4834-b1df-486637e3f139,d4e956f7-9fad-4fd2-94e3-563a3b2c3585,a4ea5a7a-d7f0-11ef-a75a-0275dc2ded29,1,f0e7830b-3c89-4c1d-b204-dc3b254d3b9a,"{""en"": {""value"": ""19.002 g linseed oil"", ""direction"": ""ltr""}}",[],[],0ef87450-d99c-4468-b223-5fe0ce735be2,"{""en"": {""value"": ""1.001 g beeswax"", ""direction"": ""ltr""}}",[],[],33ba0f2e-a199-42f1-9012-d111825d8b18,"{""en"": {""value"": ""linseed oil"", ""direction"": ""ltr""}}",[],[],[],9d735880-8782-4286-9126-664400684865,19.002,[],[],aadf2360-a8d5-4d35-917f-7940e9c5da09,"{""en"": {""value"": ""beeswax"", ""direction"": ""ltr""}}",[],[],[],55189294-ddf1-48f2-bf6d-5417fa05b121,1.001,[],[],,,,,,
102f37d2-8d86-4778-a202-761acaa62099,d4e956f7-9fad-4fd2-94e3-563a3b2c3585,a4ea5a7a-d7f0-11ef-a75a-0275dc2ded29,1,a146d64e-ba54-4800-93dc-9a90bb51c220,"{""en"": {""value"": ""19.002 g linseed oil"", ""direction"": ""ltr""}}",[],[],8815d875-ac67-47fd-89af-45298e53ec07,"{""en"": {""value"": ""1.001 g beeswax"", ""direction"": ""ltr""}}",[],[],f63499e5-4fdf-4853-9792-6c7f6a524752,"{""en"": {""value"": ""linseed oil"", ""direction"": ""ltr""}}",[],[],[],e681cbc1-d15c-4e8e-aeb7-7a074a404cf8,19.002,[],[],871d2cba-6261-4573-a0b4-607286c3ba22,"{""en"": {""value"": ""beeswax"", ""direction"": ""ltr""}}",[],[],[],69e1ae17-f35d-4402-8b7e-6a327fc09f1b,1.001,[],[],,,,,,
babecde5-155d-484e-8ffe-7b5482c3aa3d,d4e956f7-9fad-4fd2-94e3-563a3b2c3585,a4ea5a7a-d7f0-11ef-a75a-0275dc2ded29,1,fe2f091b-4d35-48d1-845f-439b2a78b1ac,"{""en"": {""value"": ""19.002 g linseed oil"", ""direction"": ""ltr""}}",[],[],a00db300-7b2e-4b00-951b-1f63c832707a,"{""en"": {""value"": ""1.001 g beeswax"", ""direction"": ""ltr""}}",[],[],7bd2578b-745c-4751-a59e-143cf511bf55,"{""en"": {""value"": ""linseed oil"", ""direction"": ""ltr""}}",[],[],[],f1188e3a-1cd2-4c84-b79d-6f59b1f7efdd,19.002,[],[],98a55295-3fa4-4858-8027-c5f84f7c251e,"{""en"": {""value"": ""beeswax"", ""direction"": ""ltr""}}",[],[],[],74f6eac0-d537-4e16-b5e9-01b049baf07b,1.001,[],[],,,,,,
73f9b14c-3491-4ab7-a7c1-11fcee43d258,d4e956f7-9fad-4fd2-94e3-563a3b2c3585,a4ea5a7a-d7f0-11ef-a75a-0275dc2ded29,1,5c514f5a-1274-4eb0-8b61-d130bcac7fd5,"{""en"": {""value"": ""19.002 g linseed oil"", ""direction"": ""ltr""}}",[],[],82c12c21-7306-43aa-9eb7-a1c45852f164,"{""en"": {""value"": ""1.001 g beeswax"", ""direction"": ""ltr""}}",[],[],2f34ecdf-dfad-44ff-887d-6b479a18d3ab,"{""en"": {""value"": ""linseed oil"", ""direction"": ""ltr""}}",[],[],[],dbc1a069-71b5-4221-a7d1-8dc0a6e192e6,19.002,[],[],8522d05f-124c-4c1b-adef-b5614e3c35e5,"{""en"": {""value"": ""beeswax"", ""direction"": ""ltr""}}",[],[],[],d2fd50f0-ece6-4f2b-8ca3-32cd59db4bee,1.001,[],[],,,,,,
38798590-77d5-4eb9-aee3-69e892e63361,d4e956f7-9fad-4fd2-94e3-563a3b2c3585,a4ea5a7a-d7f0-11ef-a75a-0275dc2ded29,1,6e28db4b-af8e-41fc-acdb-2294077a3900,"{""en"": {""value"": ""24.4980 g linseed oil"", ""direction"": ""ltr""}}",[],[],01d895e0-1ba4-4e86-9124-6b57c0d9627b,"{""en"": {""value"": ""0.5000 g beeswax"", ""direction"": ""ltr""}}",[],[],3f9f801c-6830-4cda-8e2d-fbda4233bc11,"{""en"": {""value"": ""linseed oil"", ""direction"": ""ltr""}}",[],[],[],0f441939-cab5-4cce-951c-cd8f24a4f3c0,24.498,[],[],4da762f4-adcf-4a0b-9dcd-c1cf265eca82,"{""en"": {""value"": ""beeswax"", ""direction"": ""ltr""}}",[],[],[],0d72af71-d25a-498d-8345-fad6da7790b2,0.5,[],[],,,,,,
95d9d3b5-626e-4727-99b1-c30c011a6616,d4e956f7-9fad-4fd2-94e3-563a3b2c3585,a4ea5a7a-d7f0-11ef-a75a-0275dc2ded29,1,2fef2ace-a1aa-4dbb-ae0a-e280e7043771,"{""en"": {""value"": ""24.4980 g linseed oil"", ""direction"": ""ltr""}}",[],[],fd822f02-092e-4844-824e-1c4943de0804,"{""en"": {""value"": ""0.5000 g beeswax"", ""direction"": ""ltr""}}",[],[],cfa5106c-9c6a-4e37-8694-1f5a9c9263af,"{""en"": {""value"": ""linseed oil"", ""direction"": ""ltr""}}",[],[],[],9a0dc901-bb2e-4af6-8da0-fadc39e2ae5f,24.498,[],[],e91de4d2-6850-4381-9cae-efb6945df444,"{""en"": {""value"": ""beeswax"", ""direction"": ""ltr""}}",[],[],[],aadf7183-5f83-4071-aa14-ffda217bea7f,0.5,[],[],,,,,,
45537d07-e3f6-4b88-b8d5-fbee165bae47,d4e956f7-9fad-4fd2-94e3-563a3b2c3585,a4ea5a7a-d7f0-11ef-a75a-0275dc2ded29,1,220421d7-555f-48ad-ac2b-e1a2c1f3f0dc,"{""en"": {""value"": ""24.4980 g linseed oil"", ""direction"": ""ltr""}}",[],[],69ea122e-c73e-4bf8-8de5-cb2d520d40d5,"{""en"": {""value"": ""0.5000 g beeswax"", ""direction"": ""ltr""}}",[],[],044ef2e3-0da7-4ff1-b700-1b8e5d32a3b7,"{""en"": {""value"": ""linseed oil"", ""direction"": ""ltr""}}",[],[],[],1c045ccf-286f-40f4-96d8-dbf04fb53627,24.498,[],[],6b302cea-1739-4548-bfbf-6b579463ba7f,"{""en"": {""value"": ""beeswax"", ""direction"": ""ltr""}}",[],[],[],b281d588-42ee-4b8c-a5dc-8f73024bbef1,0.5,[],[],,,,,,
35330b04-0066-4fb3-806e-fad2f2617d1a,d4e956f7-9fad-4fd2-94e3-563a3b2c3585,a4ea5a7a-d7f0-11ef-a75a-0275dc2ded29,1,1b069698-77cf-4def-9060-f9bda9d48215,"{""en"": {""value"": ""24.4980 g linseed oil"", ""direction"": ""ltr""}}",[],[],aff3882d-83fa-4c8c-a36d-159f806fcc09,"{""en"": {""value"": ""0.5000 g beeswax"", ""direction"": ""ltr""}}",[],[],a0aa3f97-c012-4d14-9a4a-91c9a9f37a47,"{""en"": {""value"": ""linseed oil"", ""direction"": ""ltr""}}",[],[],[],c68d973c-b0d6-4d01-8642-0fa454863a3c,24.498,[],[],57c01d8c-e8f2-4cc3-9e09-29bd4c1007c1,"{""en"": {""value"": ""beeswax"", ""direction"": ""ltr""}}",[],[],[],212a5c24-3f51-4745-a65c-8c6897e3ae44,0.5,[],[],,,,,,
b1523e40-c896-4c43-8f37-173c7bc67022,d4e956f7-9fad-4fd2-94e3-563a3b2c3585,a4ea5a7a-d7f0-11ef-a75a-0275dc2ded29,1,0b473b69-99ed-46dc-b474-165e8cfa09e4,"{""en"": {""value"": ""29.7030 g linseed oil"", ""direction"": ""ltr""}}",[],[],08a51478-edab-4504-ae4d-c842f28c1b94,"{""en"": {""value"": ""0.3013 g beeswax"", ""direction"": ""ltr""}}",[],[],aaffa150-62c8-4cea-856c-447df4be8db0,"{""en"": {""value"": ""linseed oil"", ""direction"": ""ltr""}}",[],[],[],9ee4e228-a37e-490a-901e-641f3ea72628,29.703,[],[],04eb50eb-0088-463a-993f-349e55794d45,"{""en"": {""value"": ""beeswax"", ""direction"": ""ltr""}}",[],[],[],ea53650c-f7f0-4d71-ba61-43230d204937,0.3013,[],[],,,,,,
4fe2a500-d2c6-4d43-a515-4419e92c2e68,d4e956f7-9fad-4fd2-94e3-563a3b2c3585,a4ea5a7a-d7f0-11ef-a75a-0275dc2ded29,1,5cb4c889-c306-48c8-beb8-54fdc6010af1,"{""en"": {""value"": ""29.7030 g linseed oil"", ""direction"": ""ltr""}}",[],[],4af42386-6765-4982-b4e9-c69de0b2b43f,"{""en"": {""value"": ""0.3013 g beeswax"", ""direction"": ""ltr""}}",[],[],431d6264-e8e8-4469-ad5f-b98c040da6e2,"{""en"": {""value"": ""linseed oil"", ""direction"": ""ltr""}}",[],[],[],b4e7d97f-f99e-4390-a45d-47dac991db50,29.703,[],[],664c0595-bd5c-48f2-ae62-cb07f8cd2fa0,"{""en"": {""value"": ""beeswax"", ""direction"": ""ltr""}}",[],[],[],83f02335-07cd-4f53-882d-5c93113fbfbf,0.3013,[],[],,,,,,
fd093baa-89d7-43d2-b870-30249b76f26d,d4e956f7-9fad-4fd2-94e3-563a3b2c3585,a4ea5a7a-d7f0-11ef-a75a-0275dc2ded29,1,5d423837-5115-4b9c-8428-ba84595a3a98,"{""en"": {""value"": ""29.7030 g linseed oil"", ""direction"": ""ltr""}}",[],[],a1cf9703-eec0-4802-bbb0-5131c9a96dc1,"{""en"": {""value"": ""0.3013 g beeswax"", ""direction"": ""ltr""}}",[],[],09411149-2826-43ca-939c-5283b241e323,"{""en"": {""value"": ""linseed oil"", ""direction"": ""ltr""}}",[],[],[],79d2c0f2-31e7-4744-8442-0b3906fabb8c,29.703,[],[],6b48bdfc-370f-4ed2-a611-fccc1550b0c4,"{""en"": {""value"": ""beeswax"", ""direction"": ""ltr""}}",[],[],[],997b42c7-f5d8-4de9-8362-9c59382855e6,0.3013,[],[],,,,,,
bb21baf4-e207-4ccf-bb49-d492db000479,d4e956f7-9fad-4fd2-94e3-563a3b2c3585,a4ea5a7a-d7f0-11ef-a75a-0275dc2ded29,1,dd310f61-ad33-4513-9b06-f254fd9ca60e,"{""en"": {""value"": ""29.7030 g linseed oil"", ""direction"": ""ltr""}}",[],[],4204be66-101a-4bfa-b796-b8b87e3ed6e1,"{""en"": {""value"": ""0.3013 g beeswax"", ""direction"": ""ltr""}}",[],[],29abafe4-e2e5-48e9-b2c5-f712ce9cc814,"{""en"": {""value"": ""linseed oil"", ""direction"": ""ltr""}}",[],[],[],60b9dc78-44b5-4cb5-ad49-f3f1c11dfbce,29.703,[],[],82039da0-4bc0-4425-8429-e20c89062f8d,"{""en"": {""value"": ""beeswax"", ""direction"": ""ltr""}}",[],[],[],2b63fbb4-2cc8-43e4-a26a-bf0e8283a0bc,0.3013,[],[],,,,,,
32fc818d-ec2e-49a4-a468-ff6b6e3c2b9c,d4e956f7-9fad-4fd2-94e3-563a3b2c3585,a4ea5a7a-d7f0-11ef-a75a-0275dc2ded29,1,29d2db0c-80f5-4ce4-bf6d-81ce3d1e81d7,"{""en"": {""value"": ""39.934 g linseed oil"", ""direction"": ""ltr""}}",[],[],e4318555-de89-4606-a9d9-79d23105c5b0,"{""en"": {""value"": ""0.070 g beeswax"", ""direction"": ""ltr""}}",[],[],7eab1caa-f2c2-44fa-acde-2c749864523e,"{""en"": {""value"": ""linseed oil"", ""direction"": ""ltr""}}",[],[],[],14965fd8-fa10-41c5-ab1a-a76e9f596a2a,39.934,[],[],96adc22b-80e8-4bee-bdce-27f475f9e2f7,"{""en"": {""value"": ""beeswax"", ""direction"": ""ltr""}}",[],[],[],d881cabe-4337-427d-994e-4b60e8a44249,0.07,[],[],,,,,,
ab022c73-662b-422c-870e-6a9b3d430098,d4e956f7-9fad-4fd2-94e3-563a3b2c3585,a4ea5a7a-d7f0-11ef-a75a-0275dc2ded29,1,7244d76a-e583-4c89-83d2-146d33de1a9d,"{""en"": {""value"": ""39.934 g linseed oil"", ""direction"": ""ltr""}}",[],[],c766c370-2fde-4f41-bac0-f8484264212a,"{""en"": {""value"": ""0.070 g beeswax"", ""direction"": ""ltr""}}",[],[],7092f157-ad71-4e51-84d1-51c3eba9e597,"{""en"": {""value"": ""linseed oil"", ""direction"": ""ltr""}}",[],[],[],2181ce9b-d7b0-49c7-ba6f-4596627b7fd5,39.934,[],[],09209fe1-ea3f-489e-8877-f2067cf2d703,"{""en"": {""value"": ""beeswax"", ""direction"": ""ltr""}}",[],[],[],f723f91e-4f1f-4d5a-9262-8014968cba28,0.07,[],[],,,,,,
c634ce5a-bfc7-4753-a42e-77c3940ddaa5,d4e956f7-9fad-4fd2-94e3-563a3b2c3585,a4ea5a7a-d7f0-11ef-a75a-0275dc2ded29,1,20e90e9a-6120-448a-aca2-a6b7e4097642,"{""en"": {""value"": ""39.934 g linseed oil"", ""direction"": ""ltr""}}",[],[],06c9bbcb-ada5-46bc-86b1-b3cac6a9fcd4,"{""en"": {""value"": ""0.070 g beeswax"", ""direction"": ""ltr""}}",[],[],45bc191e-eaec-4e5b-bc07-f708215a2438,"{""en"": {""value"": ""linseed oil"", ""direction"": ""ltr""}}",[],[],[],2c1444eb-ba1c-4c92-822a-ee24d533f208,39.934,[],[],ccd68e31-cfca-4db9-8c1c-2cb54f411c13,"{""en"": {""value"": ""beeswax"", ""direction"": ""ltr""}}",[],[],[],be17895e-b7a1-47e2-9080-9f7d3ea64e29,0.07,[],[],,,,,,
13d8cdb3-bb08-4941-8017-2f903fbd9cc1,d4e956f7-9fad-4fd2-94e3-563a3b2c3585,a4ea5a7a-d7f0-11ef-a75a-0275dc2ded29,1,a78f4c42-831d-4b0a-bd2b-95933238ae62,"{""en"": {""value"": ""39.934 g linseed oil"", ""direction"": ""ltr""}}",[],[],3ff76e24-ae55-4711-a1f6-2935a9812a1a,"{""en"": {""value"": ""0.070 g beeswax"", ""direction"": ""ltr""}}",[],[],123f9eea-7c3f-4f89-b4ba-3b17264f1ccf,"{""en"": {""value"": ""linseed oil"", ""direction"": ""ltr""}}",[],[],[],7bddd661-4fac-49fc-af38-1290c67aca78,39.934,[],[],fe24b4ce-335f-450b-a31d-f761e2e4ac2b,"{""en"": {""value"": ""beeswax"", ""direction"": ""ltr""}}",[],[],[],ec9e2c58-aa54-4336-b618-49978269ecfc,0.07,[],[],,,,,,
3ec63bb8-2395-4670-9d91-3e1cef4b1ca0,d4e956f7-9fad-4fd2-94e3-563a3b2c3585,a4ea5a7a-d7f0-11ef-a75a-0275dc2ded29,1,5a1bdb28-8a9d-4af0-9ac3-d6316f0f3102,"{""en"": {""value"": ""39.966 g linseed oil"", ""direction"": ""ltr""}}",[],[],1440614c-c1fc-49b4-bff7-67858fe0294a,"{""en"": {""value"": ""0.041 g beeswax"", ""direction"": ""ltr""}}",[],[],a5595e9b-a90b-4462-a98b-a858cae8cf73,"{""en"": {""value"": ""linseed oil"", ""direction"": ""ltr""}}",[],[],[],6ef89826-6122-4ff3-873e-4faf32983946,39.966,[],[],381275d1-1f9f-4253-adbd-49a03c925254,"{""en"": {""value"": ""beeswax"", ""direction"": ""ltr""}}",[],[],[],354034ba-4328-4dde-aea6-18d80cb17ac5,0.041,[],[],,,,,,
90f4149a-98d2-46dc-b380-7066645fd4b0,d4e956f7-9fad-4fd2-94e3-563a3b2c3585,a4ea5a7a-d7f0-11ef-a75a-0275dc2ded29,1,0a6666a1-c2de-4d66-b5c6-addacf02cf38,"{""en"": {""value"": ""39.966 g linseed oil"", ""direction"": ""ltr""}}",[],[],05c5fbdf-1cc7-467c-a939-b98a63448105,"{""en"": {""value"": ""0.041 g beeswax"", ""direction"": ""ltr""}}",[],[],9d8f105a-6582-429b-be3f-0adc5203f463,"{""en"": {""value"": ""linseed oil"", ""direction"": ""ltr""}}",[],[],[],f8c6c133-f4a7-427f-bb9a-0cce787fdac2,39.966,[],[],418dbead-4f4d-4163-ae1c-032c90d1feaf,"{""en"": {""value"": ""beeswax"", ""direction"": ""ltr""}}",[],[],[],5b8defc9-37b9-4737-be17-a7e8dc94e425,0.041,[],[],,,,,,
271346ad-1072-4598-8748-99cbbab10d93,d4e956f7-9fad-4fd2-94e3-563a3b2c3585,a4ea5a7a-d7f0-11ef-a75a-0275dc2ded29,1,41b23fe2-3063-465a-975d-3456c4a5b2f5,"{""en"": {""value"": ""39.966 g linseed oil"", ""direction"": ""ltr""}}",[],[],be2eb450-104a-476a-8ad0-0e20865d2085,"{""en"": {""value"": ""0.041 g beeswax"", ""direction"": ""ltr""}}",[],[],425fe7a8-4655-4e4e-aae1-b3e439576b0d,"{""en"": {""value"": ""linseed oil"", ""direction"": ""ltr""}}",[],[],[],d9419ca3-d47a-412c-ba69-faacc1617b37,39.966,[],[],fe19aca2-0e81-4dde-a7f5-565ec1c3f76d,"{""en"": {""value"": ""beeswax"", ""direction"": ""ltr""}}",[],[],[],e991ecd9-e830-4d98-ac5b-ce586ccc41f6,0.041,[],[],,,,,,
bfedd360-aeb5-4099-8413-164afa6eae0e,d4e956f7-9fad-4fd2-94e3-563a3b2c3585,a4ea5a7a-d7f0-11ef-a75a-0275dc2ded29,1,198995ea-4bb8-48b0-be4e-778d63bb1c09,"{""en"": {""value"": ""39.966 g linseed oil"", ""direction"": ""ltr""}}",[],[],0e3f507b-3126-4683-99e4-868e4ad5fafd,"{""en"": {""value"": ""0.041 g beeswax"", ""direction"": ""ltr""}}",[],[],96c620f4-b64d-4653-900e-9ec21f824ffe,"{""en"": {""value"": ""linseed oil"", ""direction"": ""ltr""}}",[],[],[],d49c4ad0-3dfe-428e-8208-b525ecf9e9b8,39.966,[],[],73572080-ff6c-4bea-b7e5-a669c324732a,"{""en"": {""value"": ""beeswax"", ""direction"": ""ltr""}}",[],[],[],3c0bac41-1a9b-4e50-a4c8-3dbf945560cc,0.041,[],[],,,,,,
788b00f4-8a67-4f30-934b-beba94bb200f,d4e956f7-9fad-4fd2-94e3-563a3b2c3585,a4ea5a7a-d7f0-11ef-a75a-0275dc2ded29,1,0947ebcc-b214-4aad-a41a-cbe8e61446c3,"{""en"": {""value"": ""0.05 g dammar resin"", ""direction"": ""ltr""}}",[],[],72f2e8e6-6fbb-40fe-b7f7-931f8122edbc,"{""en"": {""value"": ""50 g gum arabic"", ""direction"": ""ltr""}}",[],[],55bc3d0a-81b2-453e-b2ad-1b480544c5f5,"{""en"": {""value"": ""dammar resin"", ""direction"": ""ltr""}}",[],[],[],2e331512-3638-4770-a802-68f0af0ba80f,0.05,[],[],1f024271-7fed-4ade-ba8b-b51a97f878bf,"{""en"": {""value"": ""gum arabic"", ""direction"": ""ltr""}}",[],[],[],d127f674-9553-4ffc-bb7d-a9cdfcb8ab7c,50.0,[],[],,,,,,
31e4c6bf-1fb4-4c6e-88df-84ef041e8566,d4e956f7-9fad-4fd2-94e3-563a3b2c3585,a4ea5a7a-d7f0-11ef-a75a-0275dc2ded29,1,660edbb6-abb7-47f3-9964-502af47dad77,"{""en"": {""value"": ""0.05 g dammar resin"", ""direction"": ""ltr""}}",[],[],82c5d07f-07c8-4280-8d49-63a0211cbc37,"{""en"": {""value"": ""50 g gum arabic"", ""direction"": ""ltr""}}",[],[],0c71bd8c-15b4-4f85-ab73-7296c51bfc6e,"{""en"": {""value"": ""dammar resin"", ""direction"": ""ltr""}}",[],[],[],4ab4176d-74a2-4942-bf54-50ef7bc9ed02,0.05,[],[],da027f7c-b897-420d-a2d3-90d579f40d8a,"{""en"": {""value"": ""gum arabic"", ""direction"": ""ltr""}}",[],[],[],b9193476-140d-4430-8779-f61adefba54f,50.0,[],[],,,,,,
a59b577e-ef52-4c88-ba9f-4db7b4ac33d0,d4e956f7-9fad-4fd2-94e3-563a3b2c3585,a4ea5a7a-d7f0-11ef-a75a-0275dc2ded29,1,91d78b5e-da53-4b7a-b905-fbd66a271888,"{""en"": {""value"": ""0.05 g dammar resin"", ""direction"": ""ltr""}}",[],[],3b21292d-ae05-4dc2-9435-7bd16348dd0c,"{""en"": {""value"": ""50 g gum arabic"", ""direction"": ""ltr""}}",[],[],14ffc3be-dbba-4730-b075-ef3a1d78eeee,"{""en"": {""value"": ""dammar resin"", ""direction"": ""ltr""}}",[],[],[],57b6de67-e7ec-41c6-89de-a72c5f85bbc9,0.05,[],[],e666ed50-60bc-4c20-bc98-70fd5f41bc14,"{""en"": {""value"": ""gum arabic"", ""direction"": ""ltr""}}",[],[],[],efabe37b-c359-4608-83e6-cb5d546f2502,50.0,[],[],,,,,,
9b395cfb-05d0-4baa-88a0-7e2333ff9dcf,d4e956f7-9fad-4fd2-94e3-563a3b2c3585,a4ea5a7a-d7f0-11ef-a75a-0275dc2ded29,1,bd0bb33a-4dde-4d5d-937d-6bb5ac816ea7,"{""en"": {""value"": ""0.05 g dammar resin"", ""direction"": ""ltr""}}",[],[],246a2e71-c0d3-4679-b400-d0a2019fa47c,"{""en"": {""value"": ""50 g gum arabic"", ""direction"": ""ltr""}}",[],[],5c37429c-6d88-40b3-8cc1-633baead7dbc,"{""en"": {""value"": ""dammar resin"", ""direction"": ""ltr""}}",[],[],[],917603fe-539e-4c80-a800-09daed456035,0.05,[],[],b34cdca7-40bc-4733-ab17-c36c034aecc1,"{""en"": {""value"": ""gum arabic"", ""direction"": ""ltr""}}",[],[],[],2d8f6c7f-0bc7-41ae-a0b7-4e261b1a163c,50.0,[],[],,,,,,
fd951788-3306-4889-9d38-3dcba14c6906,d4e956f7-9fad-4fd2-94e3-563a3b2c3585,a4ea5a7a-d7f0-11ef-a75a-0275dc2ded29,1,8ea9001b-1db6-460f-bc74-2a626a589ceb,"{""en"": {""value"": ""0.1 g dammar resin"", ""direction"": ""ltr""}}",[],[],5aa5ad29-afa8-4750-9d48-245bd9d5a1a2,"{""en"": {""value"": ""50 g gum arabic"", ""direction"": ""ltr""}}",[],[],8fb2df1e-44e3-45d3-9b8c-ae7bab30998a,"{""en"": {""value"": ""dammar resin"", ""direction"": ""ltr""}}",[],[],[],f3b7b5ca-9d85-419c-9e2d-d61c8ceb1727,0.1,[],[],0b8ba238-408b-40ce-8bc5-73d9e79a4410,"{""en"": {""value"": ""gum arabic"", ""direction"": ""ltr""}}",[],[],[],baa0d179-608c-43d3-b801-c7f4c859c6a9,50.0,[],[],,,,,,
c79b32f8-b63e-46e7-a83f-55c44c2fbb0f,d4e956f7-9fad-4fd2-94e3-563a3b2c3585,a4ea5a7a-d7f0-11ef-a75a-0275dc2ded29,1,b34d562c-a67c-45ec-8d15-358f95b56793,"{""en"": {""value"": ""0.1 g dammar resin"", ""direction"": ""ltr""}}",[],[],a634b9ba-cd82-4635-9a71-cae156d0b208,"{""en"": {""value"": ""50 g gum arabic"", ""direction"": ""ltr""}}",[],[],997d7602-299a-4c6a-adbc-9a37a6d902d3,"{""en"": {""value"": ""dammar resin"", ""direction"": ""ltr""}}",[],[],[],31a172d3-de2d-405d-b667-ef3a9a928ae1,0.1,[],[],265db3bf-86b1-4b3d-bee0-f5bac7ae98e1,"{""en"": {""value"": ""gum arabic"", ""direction"": ""ltr""}}",[],[],[],f1f347bf-328a-41ad-bf60-6eb9ee283387,50.0,[],[],,,,,,
975a077f-3dbf-4db8-8488-41a4500065e2,d4e956f7-9fad-4fd2-94e3-563a3b2c3585,a4ea5a7a-d7f0-11ef-a75a-0275dc2ded29,1,f4fc625c-e595-446c-80a2-4cda46ce2463,"{""en"": {""value"": ""0.1 g dammar resin"", ""direction"": ""ltr""}}",[],[],12a9d829-4baf-4e5d-bd1f-31df7be64ec7,"{""en"": {""value"": ""50 g gum arabic"", ""direction"": ""ltr""}}",[],[],bca28071-394f-492e-b371-4d227a068c3c,"{""en"": {""value"": ""dammar resin"", ""direction"": ""ltr""}}",[],[],[],9033bad0-e03f-46c3-886c-736e15a0464a,0.1,[],[],e9144f97-8f5b-48c0-8e7f-427581d66f43,"{""en"": {""value"": ""gum arabic"", ""direction"": ""ltr""}}",[],[],[],36ffe3c2-c1ca-4ce4-90be-2679895e5618,50.0,[],[],,,,,,
ac1026b3-a1c1-4550-829f-4f8a820a08ea,d4e956f7-9fad-4fd2-94e3-563a3b2c3585,a4ea5a7a-d7f0-11ef-a75a-0275dc2ded29,1,30383ade-5603-4067-887d-80fc3af394fe,"{""en"": {""value"": ""0.1 g dammar resin"", ""direction"": ""ltr""}}",[],[],5780a22d-1379-4b29-9608-c30b1a5c0ea2,"{""en"": {""value"": ""50 g gum arabic"", ""direction"": ""ltr""}}",[],[],9f2ee795-03e7-44fe-8213-db4050d6c18f,"{""en"": {""value"": ""dammar resin"", ""direction"": ""ltr""}}",[],[],[],b98c6730-14ef-423d-aa2c-6945474c625b,0.1,[],[],78c240d4-d967-4898-8d3f-65cdc41dc665,"{""en"": {""value"": ""gum arabic"", ""direction"": ""ltr""}}",[],[],[],d1a3397c-eead-493a-a462-b47d9bd5c681,50.0,[],[],,,,,,
9c122ef0-8e4d-4f9d-b4f5-a68bd49fc036,d4e956f7-9fad-4fd2-94e3-563a3b2c3585,a4ea5a7a-d7f0-11ef-a75a-0275dc2ded29,1,7c999b7c-43c5-4be6-95b2-a6f2e333cf9f,"{""en"": {""value"": ""0.500 g dammar resin"", ""direction"": ""ltr""}}",[],[],471c7062-493f-41f3-95e1-6280f9fa19e8,"{""en"": {""value"": ""49.5 g gum arabic"", ""direction"": ""ltr""}}",[],[],49367291-b2c4-4e08-8007-1d97a0425f43,"{""en"": {""value"": ""dammar resin"", ""direction"": ""ltr""}}",[],[],[],eed72412-f16f-4b5f-8b30-c7949faab467,0.5,[],[],ae985f8e-3bd2-440f-adc2-1aefe5ce5350,"{""en"": {""value"": ""gum arabic"", ""direction"": ""ltr""}}",[],[],[],b69ae980-fa8c-459b-b21f-f89cdd92af8a,49.5,[],[],,,,,,
9467ab2f-2e53-4b20-9d41-1da8d02c77ea,d4e956f7-9fad-4fd2-94e3-563a3b2c3585,a4ea5a7a-d7f0-11ef-a75a-0275dc2ded29,1,dd6475c1-e63b-4a7e-9286-ad34a8d22460,"{""en"": {""value"": ""0.500 g dammar resin"", ""direction"": ""ltr""}}",[],[],60382296-a095-4897-b3c4-c9d965a297a3,"{""en"": {""value"": ""49.5 g gum arabic"", ""direction"": ""ltr""}}",[],[],ab2422f5-355c-4378-b819-96e3df2d744a,"{""en"": {""value"": ""dammar resin"", ""direction"": ""ltr""}}",[],[],[],26ce7d15-61fe-4b61-ba62-10ee3e7c9934,0.5,[],[],c527d6c7-c152-4997-8cbc-01c02774f1e9,"{""en"": {""value"": ""gum arabic"", ""direction"": ""ltr""}}",[],[],[],f16ee2bd-c52a-4755-a68b-1de74f18a69a,49.5,[],[],,,,,,
452b17f6-0a11-466a-8cf5-04aa08a4779b,d4e956f7-9fad-4fd2-94e3-563a3b2c3585,a4ea5a7a-d7f0-11ef-a75a-0275dc2ded29,1,15113d82-6f58-4778-8212-31b0497c5c5f,"{""en"": {""value"": ""0.500 g dammar resin"", ""direction"": ""ltr""}}",[],[],4fab33e4-fea4-4500-a947-7cbf0e39c5e3,"{""en"": {""value"": ""49.5 g gum arabic"", ""direction"": ""ltr""}}",[],[],98d12dca-929c-4a48-9552-264eeb103025,"{""en"": {""value"": ""dammar resin"", ""direction"": ""ltr""}}",[],[],[],c73e2c0a-06b7-4f09-875f-a471ddccd2cc,0.5,[],[],c5481776-87ab-417f-b497-e20fd5694eb2,"{""en"": {""value"": ""gum arabic"", ""direction"": ""ltr""}}",[],[],[],c411c51f-5e3a-4991-b0c7-a9144e4b9467,49.5,[],[],,,,,,
5c45a2b7-2e7d-47b1-b4b1-33570d06afeb,d4e956f7-9fad-4fd2-94e3-563a3b2c3585,a4ea5a7a-d7f0-11ef-a75a-0275dc2ded29,1,a0841d87-4842-4f7f-8517-e85ec2588acf,"{""en"": {""value"": ""0.500 g dammar resin"", ""direction"": ""ltr""}}",[],[],d8d0e8c5-419a-4b5d-8193-fd0ef3da072a,"{""en"": {""value"": ""49.5 g gum arabic"", ""direction"": ""ltr""}}",[],[],3d5fcdc6-a40e-4d69-b95b-51e9af3f48c0,"{""en"": {""value"": ""dammar resin"", ""direction"": ""ltr""}}",[],[],[],6dc980e2-1f88-433b-83ee-0d68d90b11f9,0.5,[],[],08dbae74-8137-41b7-bae6-55378e1d304d,"{""en"": {""value"": ""gum arabic"", ""direction"": ""ltr""}}",[],[],[],1e66e171-0bbb-477d-905a-15d2c2737dad,49.5,[],[],,,,,,
05f72a84-c464-4bba-8a04-3e89ea8f9005,d4e956f7-9fad-4fd2-94e3-563a3b2c3585,a4ea5a7a-d7f0-11ef-a75a-0275dc2ded29,1,e65e9b17-e5a1-426e-b761-db29db109a2c,"{""en"": {""value"": ""1.0 g dammar resin"", ""direction"": ""ltr""}}",[],[],25a97258-8080-47cb-8f7e-8dfd19f9199e,"{""en"": {""value"": ""49.0 g gum arabic"", ""direction"": ""ltr""}}",[],[],1be69db4-a718-4ca2-992f-a1280940bbaa,"{""en"": {""value"": ""dammar resin"", ""direction"": ""ltr""}}",[],[],[],63811273-e614-405c-ad07-b085d49d1374,1.0,[],[],70183b31-ce99-492c-953c-64ca7cd99f00,"{""en"": {""value"": ""gum arabic"", ""direction"": ""ltr""}}",[],[],[],55268305-00da-4b35-b45d-e1abc6d43cad,49.0,[],[],,,,,,
a552bfc2-933d-49a9-a3ea-dd2568020154,d4e956f7-9fad-4fd2-94e3-563a3b2c3585,a4ea5a7a-d7f0-11ef-a75a-0275dc2ded29,1,a8232946-3b75-46c0-9ae3-17793ee861ae,"{""en"": {""value"": ""1.0 g dammar resin"", ""direction"": ""ltr""}}",[],[],d6e74425-1a1b-454a-9a29-43bf61eae9f9,"{""en"": {""value"": ""49.0 g gum arabic"", ""direction"": ""ltr""}}",[],[],6beb641a-1b54-4402-ab74-1e51bec91f6e,"{""en"": {""value"": ""dammar resin"", ""direction"": ""ltr""}}",[],[],[],e992e277-ac2d-4d3c-b347-49075b874892,1.0,[],[],d9665508-501f-4232-b938-d377530f6f27,"{""en"": {""value"": ""gum arabic"", ""direction"": ""ltr""}}",[],[],[],8e1f5a20-365f-47aa-b395-3f19bf9a826c,49.0,[],[],,,,,,
8e37822f-3ff0-43c4-9c25-98a4f88a28de,d4e956f7-9fad-4fd2-94e3-563a3b2c3585,a4ea5a7a-d7f0-11ef-a75a-0275dc2ded29,1,f1cf0b41-e70a-42a5-bf6a-40a428151cb5,"{""en"": {""value"": ""1.0 g dammar resin"", ""direction"": ""ltr""}}",[],[],128ba9d3-8d41-400a-99e9-d37723a783d8,"{""en"": {""value"": ""49.0 g gum arabic"", ""direction"": ""ltr""}}",[],[],d3a940ec-04b7-46d6-8111-2778b2cb27f7,"{""en"": {""value"": ""dammar resin"", ""direction"": ""ltr""}}",[],[],[],2f6ce6c9-0100-4236-ae89-adfe143e5763,1.0,[],[],6aae450f-b3de-40da-aab4-6629ef79b4d0,"{""en"": {""value"": ""gum arabic"", ""direction"": ""ltr""}}",[],[],[],5037a73a-938b-46f2-ac77-c6cc7ef55b5f,49.0,[],[],,,,,,
dbae371f-0e08-470c-a9a0-bdb546d886f1,d4e956f7-9fad-4fd2-94e3-563a3b2c3585,a4ea5a7a-d7f0-11ef-a75a-0275dc2ded29,1,5bb75f3a-0078-42a0-a8f6-a0fe9e368bb3,"{""en"": {""value"": ""1.0 g dammar resin"", ""direction"": ""ltr""}}",[],[],89c153ae-5464-4ed9-9083-9079582b0dc2,"{""en"": {""value"": ""49.0 g gum arabic"", ""direction"": ""ltr""}}",[],[],2fbce12c-4a64-4a23-bdcb-7b04a10f8db7,"{""en"": {""value"": ""dammar resin"", ""direction"": ""ltr""}}",[],[],[],42083889-7488-4470-9d74-90096c933cc6,1.0,[],[],f2d4b885-0993-465e-b673-2547ac7f37b2,"{""en"": {""value"": ""gum arabic"", ""direction"": ""ltr""}}",[],[],[],10d55840-ad5f-40c5-a2f6-1c4a480751ba,49.0,[],[],,,,,,
39df1bc6-f344-4c4f-b3e6-49ccbb3a9499,d4e956f7-9fad-4fd2-94e3-563a3b2c3585,a4ea5a7a-d7f0-11ef-a75a-0275dc2ded29,1,f227910b-cd89-48de-9658-62091ce50709,"{""en"": {""value"": ""2.5 g dammar resin"", ""direction"": ""ltr""}}",[],[],e889e393-1324-402c-bbe2-5b2bc6a90202,"{""en"": {""value"": ""47.5 g gum arabic"", ""direction"": ""ltr""}}",[],[],41e99a5f-0ed0-46a1-baa4-f0efd799b2b0,"{""en"": {""value"": ""dammar resin"", ""direction"": ""ltr""}}",[],[],[],5c919f1b-0e78-4ac2-9680-cbbef7207eb4,2.5,[],[],01e9904b-dac8-43a8-af09-a4ad60195756,"{""en"": {""value"": ""gum arabic"", ""direction"": ""ltr""}}",[],[],[],3898313d-0f37-4bb3-bda7-cf359a8a626e,47.5,[],[],,,,,,
30c30673-14e7-4e0f-a3bc-a28e379da865,d4e956f7-9fad-4fd2-94e3-563a3b2c3585,a4ea5a7a-d7f0-11ef-a75a-0275dc2ded29,1,a63e349f-8975-46cc-a4ef-fa02bece7a60,"{""en"": {""value"": ""2.5 g dammar resin"", ""direction"": ""ltr""}}",[],[],9631889c-8ac8-4c1e-9809-e4b4c8321c72,"{""en"": {""value"": ""47.5 g gum arabic"", ""direction"": ""ltr""}}",[],[],993d327e-d579-4ed6-b9af-b0de6d1241a7,"{""en"": {""value"": ""dammar resin"", ""direction"": ""ltr""}}",[],[],[],24fd8854-cd7c-4737-b6d2-8f515d80f41e,2.5,[],[],1937eb5e-7599-4db0-876b-55dafdc2210c,"{""en"": {""value"": ""gum arabic"", ""direction"": ""ltr""}}",[],[],[],4e19baa8-d622-4a57-bac0-b52e4c4d7d80,47.5,[],[],,,,,,
54252498-b612-40c1-9228-e71f36e86ce7,d4e956f7-9fad-4fd2-94e3-563a3b2c3585,a4ea5a7a-d7f0-11ef-a75a-0275dc2ded29,1,e0f4fef9-a802-499b-bdda-6597e730a9ae,"{""en"": {""value"": ""2.5 g dammar resin"", ""direction"": ""ltr""}}",[],[],0e6307c6-3bed-456e-99d0-99ab2b66beb4,"{""en"": {""value"": ""47.5 g gum arabic"", ""direction"": ""ltr""}}",[],[],9467dc36-6af6-4b4e-a8ba-39012d075e94,"{""en"": {""value"": ""dammar resin"", ""direction"": ""ltr""}}",[],[],[],b50c7d03-f0b6-4ab9-8b8b-bcab57e00e95,2.5,[],[],5d72cd89-d3fe-4964-b19e-9ea6d86018b2,"{""en"": {""value"": ""gum arabic"", ""direction"": ""ltr""}}",[],[],[],6ab9abe5-ccc0-4f27-a444-821f4bb9e559,47.5,[],[],,,,,,
75d40abb-d2ec-49c1-8041-1ad56f3e63c7,d4e956f7-9fad-4fd2-94e3-563a3b2c3585,a4ea5a7a-d7f0-11ef-a75a-0275dc2ded29,1,1df45aaf-0c92-434c-9f11-08e65c5ceb8f,"{""en"": {""value"": ""2.5 g dammar resin"", ""direction"": ""ltr""}}",[],[],6f9cd93c-63f1-41ed-bb8d-852fcbca7235,"{""en"": {""value"": ""47.5 g gum arabic"", ""direction"": ""ltr""}}",[],[],29bdcb00-bf77-40e0-b035-e8b2d6ac8621,"{""en"": {""value"": ""dammar resin"", ""direction"": ""ltr""}}",[],[],[],a5ee7460-5ab9-4092-a769-bcc34a9c5984,2.5,[],[],1fa8031a-8d61-4c8f-9221-22d8dac7d09b,"{""en"": {""value"": ""gum arabic"", ""direction"": ""ltr""}}",[],[],[],48071e18-a20e-4727-a2c8-6b84692fe532,47.5,[],[],,,,,,
d8b48590-30cc-4cef-ab4d-4a718f9b3be5,d4e956f7-9fad-4fd2-94e3-563a3b2c3585,a4ea5a7a-d7f0-11ef-a75a-0275dc2ded29,1,b048a812-0bb8-48c7-bc40-dccd32afe1c2,"{""en"": {""value"": ""5 g dammar resin"", ""direction"": ""ltr""}}",[],[],69941f73-4486-4304-96c7-dc1fef806ca8,"{""en"": {""value"": ""20 g gum arabic"", ""direction"": ""ltr""}}",[],[],9f86ebbb-9c14-4e98-97cd-0bf886868b92,"{""en"": {""value"": ""dammar resin"", ""direction"": ""ltr""}}",[],[],[],9ff03526-38d3-4052-948b-06481c1ea9eb,5.0,[],[],f1d210bc-e291-42de-82cd-f703a90e7a61,"{""en"": {""value"": ""gum arabic"", ""direction"": ""ltr""}}",[],[],[],c9a99302-83ab-49e6-a49c-dff2ebc6cfdd,20.0,[],[],,,,,,
bf38e04d-4f53-4d3e-81c7-c1955eb992c4,d4e956f7-9fad-4fd2-94e3-563a3b2c3585,a4ea5a7a-d7f0-11ef-a75a-0275dc2ded29,1,7c03649d-ab48-479f-a0b3-38fd514c0cc0,"{""en"": {""value"": ""5 g dammar resin"", ""direction"": ""ltr""}}",[],[],b7cb2cbc-1c0f-4497-8109-bac4b7795512,"{""en"": {""value"": ""20 g gum arabic"", ""direction"": ""ltr""}}",[],[],19324927-56fb-40e9-800d-13929a4b352a,"{""en"": {""value"": ""dammar resin"", ""direction"": ""ltr""}}",[],[],[],8b57bc91-cbeb-45c7-8d85-d07cb841f58f,5.0,[],[],fcc2610f-e175-4f03-8b18-192133d3f24f,"{""en"": {""value"": ""gum arabic"", ""direction"": ""ltr""}}",[],[],[],76438283-1209-42ab-9ec5-eff3e9ba2a9f,20.0,[],[],,,,,,
6f4634e1-dfb2-4380-a9bb-f2703f6a4254,d4e956f7-9fad-4fd2-94e3-563a3b2c3585,a4ea5a7a-d7f0-11ef-a75a-0275dc2ded29,1,119a5970-05b4-41c5-8072-a0e58a8d6b58,"{""en"": {""value"": ""5 g dammar resin"", ""direction"": ""ltr""}}",[],[],cb12ad7f-ec38-4782-afcd-4970e99b1dd7,"{""en"": {""value"": ""20 g gum arabic"", ""direction"": ""ltr""}}",[],[],c3ddc8fa-1937-40c9-9294-52adf5261bec,"{""en"": {""value"": ""dammar resin"", ""direction"": ""ltr""}}",[],[],[],49915e46-f783-4724-bdeb-221cfdab278a,5.0,[],[],cb7563a7-ddde-4a33-947f-66fe5e08d5f5,"{""en"": {""value"": ""gum arabic"", ""direction"": ""ltr""}}",[],[],[],2a053427-be9a-4ac3-b11b-c4a7c040aa50,20.0,[],[],,,,,,
ead4249a-5e72-4e68-a458-52b8874ecd31,d4e956f7-9fad-4fd2-94e3-563a3b2c3585,a4ea5a7a-d7f0-11ef-a75a-0275dc2ded29,1,911b49a3-fc0f-42dd-a59f-0206c18e378c,"{""en"": {""value"": ""5 g dammar resin"", ""direction"": ""ltr""}}",[],[],1305fa48-1874-4ed7-b427-5b2eeed4c0fc,"{""en"": {""value"": ""20 g gum arabic"", ""direction"": ""ltr""}}",[],[],b530d297-97ad-499b-80ff-a022020bc711,"{""en"": {""value"": ""dammar resin"", ""direction"": ""ltr""}}",[],[],[],ae3e3100-aa5b-4f44-8626-b0669d868023,5.0,[],[],18b44303-dd38-47f2-bcd9-e619ff9ee722,"{""en"": {""value"": ""gum arabic"", ""direction"": ""ltr""}}",[],[],[],a7384239-c7c6-4ccd-a530-d0b72b6fca0f,20.0,[],[],,,,,,
bad59329-16bf-4d49-ac48-2762cd412d07,d4e956f7-9fad-4fd2-94e3-563a3b2c3585,a4ea5a7a-d7f0-11ef-a75a-0275dc2ded29,1,f7ac31b4-bfda-40db-a57f-1d90add6b6ef,"{""en"": {""value"": ""20 g dammar resin"", ""direction"": ""ltr""}}",[],[],a0a104a5-7073-441e-9685-1b391d8562fb,"{""en"": {""value"": ""20 g gum arabic"", ""direction"": ""ltr""}}",[],[],b1f9732d-af29-42ec-9028-30af7839ecbc,"{""en"": {""value"": ""dammar resin"", ""direction"": ""ltr""}}",[],[],[],2667b015-bd36-446a-b224-6bd190956b6d,20.0,[],[],90aa6a26-0a2c-41c9-97b3-57acb4d59d0a,"{""en"": {""value"": ""gum arabic"", ""direction"": ""ltr""}}",[],[],[],03c98380-007c-4045-a32c-eba30cb1a9e8,20.0,[],[],,,,,,
2b85aeaa-1a06-4753-83e7-821486e39382,d4e956f7-9fad-4fd2-94e3-563a3b2c3585,a4ea5a7a-d7f0-11ef-a75a-0275dc2ded29,1,b7b36828-1def-4a83-8a57-cd7fa5a1d895,"{""en"": {""value"": ""20 g dammar resin"", ""direction"": ""ltr""}}",[],[],471dec63-27b3-45a6-86d6-8c21a4293c0b,"{""en"": {""value"": ""20 g gum arabic"", ""direction"": ""ltr""}}",[],[],473fc960-5950-4ff2-a752-9cf503569003,"{""en"": {""value"": ""dammar resin"", ""direction"": ""ltr""}}",[],[],[],1af1d8d8-8d37-4d50-b7a1-79fd7fddbd68,20.0,[],[],4a40fbaa-db34-4ba4-908e-72d6622b5a1a,"{""en"": {""value"": ""gum arabic"", ""direction"": ""ltr""}}",[],[],[],f4f0f0fa-dcf5-435e-a4f0-5cc0e16c473a,20.0,[],[],,,,,,
440987d8-b960-4934-abce-c3c54ce47414,d4e956f7-9fad-4fd2-94e3-563a3b2c3585,a4ea5a7a-d7f0-11ef-a75a-0275dc2ded29,1,7ec0d3b8-e2c1-40af-b1b8-ae556734328d,"{""en"": {""value"": ""20 g dammar resin"", ""direction"": ""ltr""}}",[],[],24970699-5ef3-4ba9-a8ab-a586a48a7dc3,"{""en"": {""value"": ""20 g gum arabic"", ""direction"": ""ltr""}}",[],[],fecca92e-9183-4189-968c-25edfa171176,"{""en"": {""value"": ""dammar resin"", ""direction"": ""ltr""}}",[],[],[],7281fa21-eca0-4336-bb48-7ac2f162bab2,20.0,[],[],7d1b515e-6e06-4f76-8662-67c6b097668d,"{""en"": {""value"": ""gum arabic"", ""direction"": ""ltr""}}",[],[],[],08bb3e0c-27e4-42e2-aa0b-a803dd1b1dee,20.0,[],[],,,,,,
abf545e0-88bb-4a99-a1c3-38148436b16a,d4e956f7-9fad-4fd2-94e3-563a3b2c3585,a4ea5a7a-d7f0-11ef-a75a-0275dc2ded29,1,7ec89562-9880-457d-946a-62232498175c,"{""en"": {""value"": ""20 g dammar resin"", ""direction"": ""ltr""}}",[],[],2ed1527c-a60b-404e-a713-5c66d4fa709c,"{""en"": {""value"": ""20 g gum arabic"", ""direction"": ""ltr""}}",[],[],2df1a468-b9fa-4662-a989-5224e17a9149,"{""en"": {""value"": ""dammar resin"", ""direction"": ""ltr""}}",[],[],[],0b931fa4-6588-4a13-a1bc-b03a18f61dba,20.0,[],[],d7da7160-615d-4ebd-9ad7-10c455999ddb,"{""en"": {""value"": ""gum arabic"", ""direction"": ""ltr""}}",[],[],[],6450909e-ae88-48eb-9629-034cfac8c783,20.0,[],[],,,,,,
77be4faa-bf22-4dcf-91d7-4d70d546e6f8,d4e956f7-9fad-4fd2-94e3-563a3b2c3585,a4ea5a7a-d7f0-11ef-a75a-0275dc2ded29,1,ba226a80-5572-47e9-be32-691d01c5211d,"{""en"": {""value"": ""20 g dammar resin"", ""direction"": ""ltr""}}",[],[],7fb2eba7-bd42-44ac-8e42-03e9b44d9639,"{""en"": {""value"": ""5 g gum arabic"", ""direction"": ""ltr""}}",[],[],dca2e75b-7220-4fc5-9648-d40948c0ed0a,"{""en"": {""value"": ""dammar resin"", ""direction"": ""ltr""}}",[],[],[],7f11fa59-d66c-4b68-9dee-6a0751c1faa0,20.0,[],[],3a0e51c5-8a11-4a75-8f12-0231eced5a9b,"{""en"": {""value"": ""gum arabic"", ""direction"": ""ltr""}}",[],[],[],0cc7679b-68d8-4507-a344-520038cf37ae,5.0,[],[],,,,,,
a50d28e8-ac5b-4f76-b968-6d1da8fe94ab,d4e956f7-9fad-4fd2-94e3-563a3b2c3585,a4ea5a7a-d7f0-11ef-a75a-0275dc2ded29,1,4eb2645e-30ae-4fff-9b62-9f9a47cbc2d5,"{""en"": {""value"": ""20 g dammar resin"", ""direction"": ""ltr""}}",[],[],77884fed-156f-4fa6-915c-776f4fb0d6e2,"{""en"": {""value"": ""5 g gum arabic"", ""direction"": ""ltr""}}",[],[],65e2bfc7-ff1e-4a47-8085-a0b4598fdb32,"{""en"": {""value"": ""dammar resin"", ""direction"": ""ltr""}}",[],[],[],2b528477-6182-4a5e-a48c-3ff17df0aabb,20.0,[],[],d4b6ede0-eafc-4d8d-81cf-bc687125cc31,"{""en"": {""value"": ""gum arabic"", ""direction"": ""ltr""}}",[],[],[],5f8edbf7-a190-42b2-9a55-b7fe6d19f407,5.0,[],[],,,,,,
65bc9666-d76f-42c3-aedd-4daa4c02c774,d4e956f7-9fad-4fd2-94e3-563a3b2c3585,a4ea5a7a-d7f0-11ef-a75a-0275dc2ded29,1,a691effe-b6ab-417e-a31b-c6ea728f0aaa,"{""en"": {""value"": ""20 g dammar resin"", ""direction"": ""ltr""}}",[],[],4424c369-69c6-4e7e-a044-1697ba02e8b8,"{""en"": {""value"": ""5 g gum arabic"", ""direction"": ""ltr""}}",[],[],d042ab36-071d-4a5e-871f-583c05a2abfd,"{""en"": {""value"": ""dammar resin"", ""direction"": ""ltr""}}",[],[],[],3a36698e-d0b6-44c8-95a7-b936e784e295,20.0,[],[],6e3b8e12-9af0-4d5e-8f97-785f478a4c1c,"{""en"": {""value"": ""gum arabic"", ""direction"": ""ltr""}}",[],[],[],3bfe96a4-df07-4587-93ff-0098ceef843d,5.0,[],[],,,,,,
c8298a4e-a4f8-45fc-a6a6-f371e16e69a9,d4e956f7-9fad-4fd2-94e3-563a3b2c3585,a4ea5a7a-d7f0-11ef-a75a-0275dc2ded29,1,11b991a9-da8e-4ab0-8f4c-af1f23bfbc1e,"{""en"": {""value"": ""20 g dammar resin"", ""direction"": ""ltr""}}",[],[],e6737f8b-9bc3-4371-a6a6-291975bf3c9d,"{""en"": {""value"": ""5 g gum arabic"", ""direction"": ""ltr""}}",[],[],add13c18-1069-40ad-9027-da0b0eb4c84c,"{""en"": {""value"": ""dammar resin"", ""direction"": ""ltr""}}",[],[],[],0ad099a5-3375-4245-9118-03b7f87e62ad,20.0,[],[],0f4e3e11-d443-40b3-b406-4ef18c69ab1e,"{""en"": {""value"": ""gum arabic"", ""direction"": ""ltr""}}",[],[],[],01ea94fa-41ba-4e0c-9304-9a88be905a4c,5.0,[],[],,,,,,
ea231852-9362-406d-b8f8-68f009e0d179,d4e956f7-9fad-4fd2-94e3-563a3b2c3585,a4ea5a7a-d7f0-11ef-a75a-0275dc2ded29,1,31d7afc5-44b0-41e9-89fb-bdd50638de05,"{""en"": {""value"": ""47.5 g dammar resin"", ""direction"": ""ltr""}}",[],[],99e70c97-c443-4c38-8002-435c89e9d1de,"{""en"": {""value"": ""2.5 g gum arabic"", ""direction"": ""ltr""}}",[],[],fbeda9f1-dc5e-49bc-8eb3-313a70ccdd25,"{""en"": {""value"": ""dammar resin"", ""direction"": ""ltr""}}",[],[],[],43b5dcb2-378b-484a-83d2-15c1194db9c6,47.5,[],[],aa72c460-3722-4ee4-8303-7ad243c51ad0,"{""en"": {""value"": ""gum arabic"", ""direction"": ""ltr""}}",[],[],[],451a7ed1-c97d-4d41-a6e0-64e9f4b6014a,2.5,[],[],,,,,,
2de6475c-ccaa-4e6a-ad13-54ea638e4750,d4e956f7-9fad-4fd2-94e3-563a3b2c3585,a4ea5a7a-d7f0-11ef-a75a-0275dc2ded29,1,85b58da8-4aec-4ba6-bab6-04c3e9257479,"{""en"": {""value"": ""47.5 g dammar resin"", ""direction"": ""ltr""}}",[],[],1a13ea89-4729-4e96-8f2d-bafd5d25616f,"{""en"": {""value"": ""2.5 g gum arabic"", ""direction"": ""ltr""}}",[],[],ff6821ab-b4f5-4d2a-9104-a5991b83e688,"{""en"": {""value"": ""dammar resin"", ""direction"": ""ltr""}}",[],[],[],0f28d851-ba5c-4406-9410-f7ff41d0bbc0,47.5,[],[],253179b2-8571-49d7-9571-aea1705868e4,"{""en"": {""value"": ""gum arabic"", ""direction"": ""ltr""}}",[],[],[],045b5014-b048-4925-b869-b45b61e60c9c,2.5,[],[],,,,,,
016823d4-a752-4a93-96cd-4ef0b55ac2ac,d4e956f7-9fad-4fd2-94e3-563a3b2c3585,a4ea5a7a-d7f0-11ef-a75a-0275dc2ded29,1,a67977e2-a1f1-48c3-bdc5-66c70476d10f,"{""en"": {""value"": ""47.5 g dammar resin"", ""direction"": ""ltr""}}",[],[],605448b3-46e0-4ef3-bb41-bba2676d0484,"{""en"": {""value"": ""2.5 g gum arabic"", ""direction"": ""ltr""}}",[],[],d3fd37d9-6ca3-4f3d-bfad-3ce979fb9979,"{""en"": {""value"": ""dammar resin"", ""direction"": ""ltr""}}",[],[],[],8a7c3a61-2786-477b-8357-322c82b3c6b8,47.5,[],[],8d7d4a01-921e-4a05-bac0-da8a1b886e5e,"{""en"": {""value"": ""gum arabic"", ""direction"": ""ltr""}}",[],[],[],f535b567-4562-4e13-9410-94ce14b58fde,2.5,[],[],,,,,,
b88c7cbd-f51e-48b0-890c-498f4a539c5a,d4e956f7-9fad-4fd2-94e3-563a3b2c3585,a4ea5a7a-d7f0-11ef-a75a-0275dc2ded29,1,9fae18e7-3c5d-4aa0-801a-3bc0c3619cff,"{""en"": {""value"": ""47.5 g dammar resin"", ""direction"": ""ltr""}}",[],[],b228a84d-ae98-40a5-addb-ece405119e28,"{""en"": {""value"": ""2.5 g gum arabic"", ""direction"": ""ltr""}}",[],[],35aa4107-b910-4106-9c22-765b1b3c6761,"{""en"": {""value"": ""dammar resin"", ""direction"": ""ltr""}}",[],[],[],9575e7c6-f431-4c64-89f2-16ca717d998d,47.5,[],[],0ad4bd6b-54ef-4580-b2e1-f10b89010dfe,"{""en"": {""value"": ""gum arabic"", ""direction"": ""ltr""}}",[],[],[],99dcb957-979e-4f2a-b587-78c15c98f402,2.5,[],[],,,,,,
0d82f72d-ac64-4174-a2c7-e4530ef33ef3,d4e956f7-9fad-4fd2-94e3-563a3b2c3585,a4ea5a7a-d7f0-11ef-a75a-0275dc2ded29,1,0132d8d6-d563-4858-8c75-0d38f27b93b8,"{""en"": {""value"": ""49 g dammar resin"", ""direction"": ""ltr""}}",[],[],2cb9a5a6-bd77-418e-8995-fbc2e5d3b15e,"{""en"": {""value"": ""2 g gum arabic"", ""direction"": ""ltr""}}",[],[],eb80a6b3-c938-4693-a471-d11b192279a1,"{""en"": {""value"": ""dammar resin"", ""direction"": ""ltr""}}",[],[],[],b1be6ae8-2f2f-45ea-8a8b-281f9e21014e,49.0,[],[],e1455648-5745-49b5-b944-62049950bbe0,"{""en"": {""value"": ""gum arabic"", ""direction"": ""ltr""}}",[],[],[],2ecf130d-fea8-408b-9454-caad30b4511d,2.0,[],[],,,,,,
900e36af-f1c2-4e2f-ab1a-788033c2b351,d4e956f7-9fad-4fd2-94e3-563a3b2c3585,a4ea5a7a-d7f0-11ef-a75a-0275dc2ded29,1,018d7ba6-bc35-46fa-ac67-419b8fd7c64d,"{""en"": {""value"": ""49 g dammar resin"", ""direction"": ""ltr""}}",[],[],fac51f8c-ad0d-4501-b2c5-b23b2f865845,"{""en"": {""value"": ""2 g gum arabic"", ""direction"": ""ltr""}}",[],[],c94c86e3-7034-4bb1-96c8-9e9318ccb410,"{""en"": {""value"": ""dammar resin"", ""direction"": ""ltr""}}",[],[],[],5f5e84ba-23ae-48f2-b793-0ebce67644bb,49.0,[],[],6c4d5453-eb27-48b9-8c4e-3f207a567971,"{""en"": {""value"": ""gum arabic"", ""direction"": ""ltr""}}",[],[],[],2fa674cf-42a2-4433-bf77-9f2f870af704,2.0,[],[],,,,,,
f40bb5dd-53cc-4b0f-9919-ee71b9e34823,d4e956f7-9fad-4fd2-94e3-563a3b2c3585,a4ea5a7a-d7f0-11ef-a75a-0275dc2ded29,1,d11a0cb9-9a0a-439a-ad4a-f3a3151c5ee8,"{""en"": {""value"": ""49 g dammar resin"", ""direction"": ""ltr""}}",[],[],76643c26-4c22-4e56-806b-0092e522687a,"{""en"": {""value"": ""2 g gum arabic"", ""direction"": ""ltr""}}",[],[],dd0e6216-3492-4890-b8bd-4bdc3a8ada82,"{""en"": {""value"": ""dammar resin"", ""direction"": ""ltr""}}",[],[],[],ba967dd5-b6df-4356-9d16-95e54de7fda4,49.0,[],[],1c368491-9fac-4f86-b4f1-0d188eac791d,"{""en"": {""value"": ""gum arabic"", ""direction"": ""ltr""}}",[],[],[],3491e614-495b-4147-ad62-3316153435a1,2.0,[],[],,,,,,
00c31791-960b-47b4-bbdf-db55e0d04740,d4e956f7-9fad-4fd2-94e3-563a3b2c3585,a4ea5a7a-d7f0-11ef-a75a-0275dc2ded29,1,9ceadeba-f852-45da-9d0e-f3ce074e67de,"{""en"": {""value"": ""49 g dammar resin"", ""direction"": ""ltr""}}",[],[],d5b555ef-339b-4624-aa07-3d499733bada,"{""en"": {""value"": ""2 g gum arabic"", ""direction"": ""ltr""}}",[],[],765c29d8-11dc-40ab-aff8-6aa82b57550c,"{""en"": {""value"": ""dammar resin"", ""direction"": ""ltr""}}",[],[],[],19663400-4820-4bba-b59a-13f2a082f7b6,49.0,[],[],1c740251-65c9-45af-92b3-e5ba24a5b8df,"{""en"": {""value"": ""gum arabic"", ""direction"": ""ltr""}}",[],[],[],b934d7a0-5289-44e4-8957-8cd6e9599b1d,2.0,[],[],,,,,,
eb393025-29bf-4dc7-927d-d9c469a798bb,d4e956f7-9fad-4fd2-94e3-563a3b2c3585,a4ea5a7a-d7f0-11ef-a75a-0275dc2ded29,1,db575be1-49ff-4cd1-95c4-47f01ae3be92,"{""en"": {""value"": ""24.75 g dammar resin"", ""direction"": ""ltr""}}",[],[],be0159d3-27ee-4e3c-9fbf-b9ff46a90d75,"{""en"": {""value"": ""0.5 g gum arabic"", ""direction"": ""ltr""}}",[],[],2c4f8e91-7491-4403-ae89-7ec8eacddc0d,"{""en"": {""value"": ""dammar resin"", ""direction"": ""ltr""}}",[],[],[],e8f68d79-dc9a-4698-b826-14c73144fd80,24.75,[],[],94d62d16-94c3-4b55-bbd3-6ef2e0a8c314,"{""en"": {""value"": ""gum arabic"", ""direction"": ""ltr""}}",[],[],[],61dcd11e-4c74-4a1b-a069-84af85cc735d,0.5,[],[],,,,,,
2d4620d1-95fd-4e3d-851a-4849e0ac10f1,d4e956f7-9fad-4fd2-94e3-563a3b2c3585,a4ea5a7a-d7f0-11ef-a75a-0275dc2ded29,1,6764f6f6-3267-48bd-a64f-1d6c363a6edc,"{""en"": {""value"": ""24.75 g dammar resin"", ""direction"": ""ltr""}}",[],[],748230ad-b11b-4c57-bb89-1d17763b138a,"{""en"": {""value"": ""0.5 g gum arabic"", ""direction"": ""ltr""}}",[],[],b38ad463-3e2b-4f81-9740-b48a433538e1,"{""en"": {""value"": ""dammar resin"", ""direction"": ""ltr""}}",[],[],[],5439c857-82bc-4023-813b-f5da791e8dbf,24.75,[],[],411fc9c4-24aa-460b-a153-3cd26beb84b3,"{""en"": {""value"": ""gum arabic"", ""direction"": ""ltr""}}",[],[],[],b6c8b0e2-cfd4-4781-822d-eaaf164eadf7,0.5,[],[],,,,,,
8bf4a6df-077a-4945-8c71-afd6336287e0,d4e956f7-9fad-4fd2-94e3-563a3b2c3585,a4ea5a7a-d7f0-11ef-a75a-0275dc2ded29,1,75d27b2a-5944-4a03-95c9-5b0c1e14f6fe,"{""en"": {""value"": ""24.75 g dammar resin"", ""direction"": ""ltr""}}",[],[],e7e51fc4-628e-4e9b-9cf0-f72ab7ef2bca,"{""en"": {""value"": ""0.5 g gum arabic"", ""direction"": ""ltr""}}",[],[],b446e570-ea8a-424f-be15-1e7a4a597da5,"{""en"": {""value"": ""dammar resin"", ""direction"": ""ltr""}}",[],[],[],008b93db-c01e-482a-a20d-5f3a76204344,24.75,[],[],a0d14396-4596-491b-b696-a794d521f423,"{""en"": {""value"": ""gum arabic"", ""direction"": ""ltr""}}",[],[],[],2b93ada7-925f-4dbe-aa9c-237c84091fb1,0.5,[],[],,,,,,
5040c062-a7bf-4574-bf27-e3a339fb0d52,d4e956f7-9fad-4fd2-94e3-563a3b2c3585,a4ea5a7a-d7f0-11ef-a75a-0275dc2ded29,1,ca2e939f-df12-464b-9c62-0305a8279e0a,"{""en"": {""value"": ""24.75 g dammar resin"", ""direction"": ""ltr""}}",[],[],d56a8020-3036-4b47-9547-5b02d13906c0,"{""en"": {""value"": ""0.5 g gum arabic"", ""direction"": ""ltr""}}",[],[],e16e4b2c-e507-45f6-a9c5-0ecf69957aeb,"{""en"": {""value"": ""dammar resin"", ""direction"": ""ltr""}}",[],[],[],77225aa3-2953-451b-a249-34dbe05e9fee,24.75,[],[],131d8a56-af55-46c2-be46-669e435e5ff4,"{""en"": {""value"": ""gum arabic"", ""direction"": ""ltr""}}",[],[],[],703e8c7e-fd94-436d-bd76-9a4dc4397bf1,0.5,[],[],,,,,,
ebb9f048-2fcd-4449-90de-e31166e2bc25,d4e956f7-9fad-4fd2-94e3-563a3b2c3585,a4ea5a7a-d7f0-11ef-a75a-0275dc2ded29,1,1adc4783-436c-4830-be3d-bd87fae5c325,"{""en"": {""value"": ""24.95 g dammar resin"", ""direction"": ""ltr""}}",[],[],e11481d6-5e13-43a6-bd44-b9f245334dcf,"{""en"": {""value"": ""0.1 g gum arabic"", ""direction"": ""ltr""}}",[],[],0375f44c-f103-4a07-9afb-376f9421d425,"{""en"": {""value"": ""dammar resin"", ""direction"": ""ltr""}}",[],[],[],2462d7b6-5798-4a52-8d9c-f3464e4840bf,24.95,[],[],00c88756-8078-4f02-8fba-69fa6c4b7fd2,"{""en"": {""value"": ""gum arabic"", ""direction"": ""ltr""}}",[],[],[],e6f1638d-5363-4b49-93e9-077e387771fa,0.1,[],[],,,,,,
b5910578-dbfd-4e24-a64d-42506ba06997,d4e956f7-9fad-4fd2-94e3-563a3b2c3585,a4ea5a7a-d7f0-11ef-a75a-0275dc2ded29,1,6074595e-d4a3-4e12-8b87-e9c5d568d017,"{""en"": {""value"": ""24.95 g dammar resin"", ""direction"": ""ltr""}}",[],[],a6701baf-2bec-4c14-accb-872dc9edae6f,"{""en"": {""value"": ""0.1 g gum arabic"", ""direction"": ""ltr""}}",[],[],a2c6515e-67ca-442a-a794-7ca609c6cc3d,"{""en"": {""value"": ""dammar resin"", ""direction"": ""ltr""}}",[],[],[],58a33634-b0db-47ef-baff-82c0e088d330,24.95,[],[],9bfbc1c8-476c-4f63-9262-d2750e38cfaf,"{""en"": {""value"": ""gum arabic"", ""direction"": ""ltr""}}",[],[],[],67bb44f1-6508-41db-ae94-3708bf707ada,0.1,[],[],,,,,,
6d72cb5c-8280-4e5a-a698-4e4943d00979,d4e956f7-9fad-4fd2-94e3-563a3b2c3585,a4ea5a7a-d7f0-11ef-a75a-0275dc2ded29,1,d084336c-c578-4f8a-9189-61ed265d0cac,"{""en"": {""value"": ""24.95 g dammar resin"", ""direction"": ""ltr""}}",[],[],2dc90e6b-a0f0-4f09-b29e-e53df9460cf9,"{""en"": {""value"": ""0.1 g gum arabic"", ""direction"": ""ltr""}}",[],[],9b9b2a60-26f0-4cfa-aff4-8703ee5407df,"{""en"": {""value"": ""dammar resin"", ""direction"": ""ltr""}}",[],[],[],5763eb02-fbae-4c59-97a6-c82526191a59,24.95,[],[],25a0b8af-ceef-4720-bf69-7d7b3be4a505,"{""en"": {""value"": ""gum arabic"", ""direction"": ""ltr""}}",[],[],[],61f7ba97-0782-4d51-a070-e93f9fede229,0.1,[],[],,,,,,
35d9f1ac-441e-4a21-9fd8-05d0a38f24e2,d4e956f7-9fad-4fd2-94e3-563a3b2c3585,a4ea5a7a-d7f0-11ef-a75a-0275dc2ded29,1,1ac50182-2a15-4b61-91e9-2fa6f79bd5fd,"{""en"": {""value"": ""24.95 g dammar resin"", ""direction"": ""ltr""}}",[],[],8e2ae122-8ce4-4de0-bac9-066e9edd564a,"{""en"": {""value"": ""0.1 g gum arabic"", ""direction"": ""ltr""}}",[],[],e2220b7f-c850-40ba-932c-a4994415c0dd,"{""en"": {""value"": ""dammar resin"", ""direction"": ""ltr""}}",[],[],[],c6d69cd7-0ef1-4b80-98b2-2858f26445d3,24.95,[],[],1fde2bc6-f009-4446-90eb-cdded61e5e60,"{""en"": {""value"": ""gum arabic"", ""direction"": ""ltr""}}",[],[],[],7baf3174-5b26-4941-8d61-6178a5e3e2c9,0.1,[],[],,,,,,
8cd01d9e-4c0c-4e97-9742-1e9ef9c1d4a8,d4e956f7-9fad-4fd2-94e3-563a3b2c3585,a4ea5a7a-d7f0-11ef-a75a-0275dc2ded29,1,1ab18db6-03b6-4ed8-9d05-fb7226ef9e43,"{""en"": {""value"": ""49.5 g dammar resin"", ""direction"": ""ltr""}}",[],[],ae0c26ee-b27c-4738-83cf-e68cb636bd28,"{""en"": {""value"": ""0.1 g gum arabic"", ""direction"": ""ltr""}}",[],[],364e0485-e79c-43c4-b266-174e2e5d8c4d,"{""en"": {""value"": ""dammar resin"", ""direction"": ""ltr""}}",[],[],[],089454e0-8c4c-42e9-b4fb-bab0ce4bc037,49.5,[],[],b08f506f-60b8-459c-9955-934b6b5d263b,"{""en"": {""value"": ""gum arabic"", ""direction"": ""ltr""}}",[],[],[],2d8bdbf4-e9cb-4102-99a1-a068dcd1d3c4,0.1,[],[],,,,,,
578db862-6664-44aa-bd9b-7921af81eb1a,d4e956f7-9fad-4fd2-94e3-563a3b2c3585,a4ea5a7a-d7f0-11ef-a75a-0275dc2ded29,1,999ca780-b264-47ce-875d-0798dffa74f8,"{""en"": {""value"": ""49.5 g dammar resin"", ""direction"": ""ltr""}}",[],[],50ef33ba-e1c3-48a1-aea5-a8908494d1f7,"{""en"": {""value"": ""0.1 g gum arabic"", ""direction"": ""ltr""}}",[],[],45e7b61a-31c6-4402-b8b2-707555ce8589,"{""en"": {""value"": ""dammar resin"", ""direction"": ""ltr""}}",[],[],[],f684ff0d-ed5b-4dc2-9055-18335924188d,49.5,[],[],beb0118d-6d76-4f6c-9906-7c84f3f90b73,"{""en"": {""value"": ""gum arabic"", ""direction"": ""ltr""}}",[],[],[],b2eecea7-8c57-452a-881a-0f141bf949d7,0.1,[],[],,,,,,
195934ba-0c7e-4898-b115-fd6e2bcfd7ab,d4e956f7-9fad-4fd2-94e3-563a3b2c3585,a4ea5a7a-d7f0-11ef-a75a-0275dc2ded29,1,8f0e58de-bc05-4a67-8ffd-45d7821af881,"{""en"": {""value"": ""49.5 g dammar resin"", ""direction"": ""ltr""}}",[],[],736d63a0-68ed-4b96-b18d-03dfcb0b451a,"{""en"": {""value"": ""0.1 g gum arabic"", ""direction"": ""ltr""}}",[],[],739496a8-cfbc-4326-bfeb-1e780e7c59f3,"{""en"": {""value"": ""dammar resin"", ""direction"": ""ltr""}}",[],[],[],d5fe3d1a-7a3e-4ffb-86b3-36e614645307,49.5,[],[],ada22917-17d4-4b3c-a97c-198b0c4fc7fb,"{""en"": {""value"": ""gum arabic"", ""direction"": ""ltr""}}",[],[],[],90aa3507-d179-42da-8a40-63306ec2e986,0.1,[],[],,,,,,
fe24f4a1-382a-4ef0-a6bc-1108fcda5a3b,d4e956f7-9fad-4fd2-94e3-563a3b2c3585,a4ea5a7a-d7f0-11ef-a75a-0275dc2ded29,1,db094714-b546-42fb-8fec-fca920c2c25f,"{""en"": {""value"": ""49.5 g dammar resin"", ""direction"": ""ltr""}}",[],[],deb59bc9-85d1-4082-aee0-85ac9baf1d08,"{""en"": {""value"": ""0.1 g gum arabic"", ""direction"": ""ltr""}}",[],[],56ae33f3-02f1-47f3-a4e8-85695b76f750,"{""en"": {""value"": ""dammar resin"", ""direction"": ""ltr""}}",[],[],[],9d80e80f-b7fa-40b3-a75e-8b365aafa9a5,49.5,[],[],909e5b5d-4362-493f-8cab-71e67ee32382,"{""en"": {""value"": ""gum arabic"", ""direction"": ""ltr""}}",[],[],[],de154378-a8f6-4e07-99cb-42c21671be59,0.1,[],[],,,,,,
67153207-f449-40e1-a322-02b0839dad77,d4e956f7-9fad-4fd2-94e3-563a3b2c3585,a4ea5a7a-d7f0-11ef-a75a-0275dc2ded29,1,5ac1d260-eca3-4629-a6f7-48ebfc776e54,"{""en"": {""value"": ""0.023 g dammar resin"", ""direction"": ""ltr""}}",[],[],fe883f1e-e979-4cd0-8e90-4488959c8b1e,"{""en"": {""value"": ""20.002 g rabbit-skin glue"", ""direction"": ""ltr""}}",[],[],83b702c8-1487-4222-b0e5-600e365310a8,"{""en"": {""value"": ""dammar resin"", ""direction"": ""ltr""}}",[],[],[],0c64bb3d-4b33-4441-ab52-c94888f431f7,0.023,[],[],f5524c68-fa5d-4092-9119-0f52de5bd52e,"{""en"": {""value"": ""rabbit-skin glue"", ""direction"": ""ltr""}}",[],[],[],75d93b2a-0a80-46dc-b529-c676527bfa9e,20.002,[],[],,,,,,
99fb63a0-cb85-4681-a6b1-f5a137e01545,d4e956f7-9fad-4fd2-94e3-563a3b2c3585,a4ea5a7a-d7f0-11ef-a75a-0275dc2ded29,1,26f51e87-d552-4028-9438-908560e2bf48,"{""en"": {""value"": ""0.023 g dammar resin"", ""direction"": ""ltr""}}",[],[],f65e0ca5-77b0-406f-b47e-e8df39d92e9d,"{""en"": {""value"": ""20.002 g rabbit-skin glue"", ""direction"": ""ltr""}}",[],[],e8ccb111-a6f0-4d1a-8211-8c78a70f8520,"{""en"": {""value"": ""dammar resin"", ""direction"": ""ltr""}}",[],[],[],aedf281f-928e-449c-82d8-54dc89a8a60a,0.023,[],[],8c2109ec-70c0-452a-8cf4-1966dd83c1b5,"{""en"": {""value"": ""rabbit-skin glue"", ""direction"": ""ltr""}}",[],[],[],fdb38e6b-e611-40ad-98f2-8256088298de,20.002,[],[],,,,,,
8265c7fb-f2ce-49a8-8112-e6a4a66a0578,d4e956f7-9fad-4fd2-94e3-563a3b2c3585,a4ea5a7a-d7f0-11ef-a75a-0275dc2ded29,1,fe0abac2-9624-4e2c-bfa2-a6644ffac88d,"{""en"": {""value"": ""0.023 g dammar resin"", ""direction"": ""ltr""}}",[],[],755c8490-cabb-4506-98d7-c6edcc1ba2b4,"{""en"": {""value"": ""20.002 g rabbit-skin glue"", ""direction"": ""ltr""}}",[],[],f02b7faa-9f34-4a54-89d3-e602ebd35401,"{""en"": {""value"": ""dammar resin"", ""direction"": ""ltr""}}",[],[],[],c9276c57-f849-4969-9e1f-9a4038b84e30,0.023,[],[],e531f987-2d88-4fc4-9f3e-efbdb875052d,"{""en"": {""value"": ""rabbit-skin glue"", ""direction"": ""ltr""}}",[],[],[],fe4f9567-0d3f-475f-8cd8-0be51eacaee2,20.002,[],[],,,,,,
19ce8d77-5b6e-42ae-9a66-c5eaedb9a18b,d4e956f7-9fad-4fd2-94e3-563a3b2c3585,a4ea5a7a-d7f0-11ef-a75a-0275dc2ded29,1,c95ab8be-4018-4973-b5fc-1f200b36abe7,"{""en"": {""value"": ""0.023 g dammar resin"", ""direction"": ""ltr""}}",[],[],433db0e4-ab43-4ffc-a417-45e514ef1624,"{""en"": {""value"": ""20.002 g rabbit-skin glue"", ""direction"": ""ltr""}}",[],[],f8538b7d-cfe5-43d8-a6d0-a4106bc90e85,"{""en"": {""value"": ""dammar resin"", ""direction"": ""ltr""}}",[],[],[],cbe5d34c-fe5c-4f1c-b93f-7aa3e0c452f8,0.023,[],[],76b877be-394a-441c-aabe-a5656b0ee036,"{""en"": {""value"": ""rabbit-skin glue"", ""direction"": ""ltr""}}",[],[],[],ebb28a12-b4fe-4b51-a6d9-ab325d268651,20.002,[],[],,,,,,
24181309-d765-4782-ac71-9084707a2187,d4e956f7-9fad-4fd2-94e3-563a3b2c3585,a4ea5a7a-d7f0-11ef-a75a-0275dc2ded29,1,a1b4ec2b-fa37-4524-bd69-334d3df2f507,"{""en"": {""value"": ""0.032 g dammar resin"", ""direction"": ""ltr""}}",[],[],2ab271e1-2350-4a8c-bcda-8ff5ced4d402,"{""en"": {""value"": ""15.001 g rabbit-skin glue"", ""direction"": ""ltr""}}",[],[],5d4eac5d-677b-4b80-8606-acc25ed85e92,"{""en"": {""value"": ""dammar resin"", ""direction"": ""ltr""}}",[],[],[],88b22fc6-4df4-47ee-ae65-393c5aec83aa,0.032,[],[],0b75c72e-f320-40f7-84d4-77ec9f0ed833,"{""en"": {""value"": ""rabbit-skin glue"", ""direction"": ""ltr""}}",[],[],[],ac68f4c0-324d-45ee-a186-eb336e22a1db,15.001,[],[],,,,,,
4acc9a22-4834-42b2-b96c-8e10772216fa,d4e956f7-9fad-4fd2-94e3-563a3b2c3585,a4ea5a7a-d7f0-11ef-a75a-0275dc2ded29,1,979880ca-3a0a-417b-ae65-6c08367ee8ec,"{""en"": {""value"": ""0.032 g dammar resin"", ""direction"": ""ltr""}}",[],[],c9d436ed-0a71-41ae-a3ae-9bbeac8fc021,"{""en"": {""value"": ""15.001 g rabbit-skin glue"", ""direction"": ""ltr""}}",[],[],e7dedf50-a270-44ab-a2b8-c08ed0b84a4c,"{""en"": {""value"": ""dammar resin"", ""direction"": ""ltr""}}",[],[],[],3822ce8b-fe35-4b68-aafb-667bfbaf1e59,0.032,[],[],7df1d2ca-aac9-4ab6-a2ba-1d5d5631acaf,"{""en"": {""value"": ""rabbit-skin glue"", ""direction"": ""ltr""}}",[],[],[],b63bfbac-4907-4933-b47a-f051060b0e57,15.001,[],[],,,,,,
f7e990ab-21bc-4845-83d7-8447061cc3f6,d4e956f7-9fad-4fd2-94e3-563a3b2c3585,a4ea5a7a-d7f0-11ef-a75a-0275dc2ded29,1,07154564-d3d9-4632-a41c-c1b85a4b2346,"{""en"": {""value"": ""0.032 g dammar resin"", ""direction"": ""ltr""}}",[],[],305176b2-9acd-411b-a543-c3a46ef9b025,"{""en"": {""value"": ""15.001 g rabbit-skin glue"", ""direction"": ""ltr""}}",[],[],aeff3c51-aafe-465c-8800-16ac173030d1,"{""en"": {""value"": ""dammar resin"", ""direction"": ""ltr""}}",[],[],[],dee69a40-378d-4b62-99f1-00d51438c049,0.032,[],[],dae5770a-efa4-4602-8524-74fee05f16a2,"{""en"": {""value"": ""rabbit-skin glue"", ""direction"": ""ltr""}}",[],[],[],1776ed46-da58-44c7-884a-4c8434cfc465,15.001,[],[],,,,,,
0711db21-22fa-4b58-8a82-5653e6fba436,d4e956f7-9fad-4fd2-94e3-563a3b2c3585,a4ea5a7a-d7f0-11ef-a75a-0275dc2ded29,1,6a9f5b3d-5bb1-4f3f-ac7e-3e18f46d0c22,"{""en"": {""value"": ""0.032 g dammar resin"", ""direction"": ""ltr""}}",[],[],fb6764a7-6528-44ad-9094-2273ddf3424c,"{""en"": {""value"": ""15.001 g rabbit-skin glue"", ""direction"": ""ltr""}}",[],[],af180b64-ce85-4649-9055-1f9a6f4a8529,"{""en"": {""value"": ""dammar resin"", ""direction"": ""ltr""}}",[],[],[],cb7a75d2-744c-4a0b-b55f-059e69ef620d,0.032,[],[],a7d109be-d1e7-4c9c-a742-c415e599df7c,"{""en"": {""value"": ""rabbit-skin glue"", ""direction"": ""ltr""}}",[],[],[],8e5f9345-e49e-4a34-8b1c-612a77048606,15.001,[],[],,,,,,
259749f7-9c1a-477b-992a-0ceaa2f2cf14,d4e956f7-9fad-4fd2-94e3-563a3b2c3585,a4ea5a7a-d7f0-11ef-a75a-0275dc2ded29,1,38c1e870-aae9-42de-9966-13fb660087dd,"{""en"": {""value"": ""0.152 g dammar resin"", ""direction"": ""ltr""}}",[],[],f91cb3fc-bf63-440f-be2e-5a6f4fdc7a69,"{""en"": {""value"": ""15.002 g rabbit-skin glue"", ""direction"": ""ltr""}}",[],[],2e09b76f-19b4-4d15-bae4-79172b8bde4f,"{""en"": {""value"": ""dammar resin"", ""direction"": ""ltr""}}",[],[],[],6dfdcd10-203e-4dde-9318-b7bf0b5b0a4a,0.152,[],[],9a8bc931-7286-43b5-a522-288091476add,"{""en"": {""value"": ""rabbit-skin glue"", ""direction"": ""ltr""}}",[],[],[],1a7041eb-ebc6-4b3c-86c8-e4609ab41876,15.002,[],[],,,,,,
ea43d221-4da9-4ebb-9ff7-da603ec72f83,d4e956f7-9fad-4fd2-94e3-563a3b2c3585,a4ea5a7a-d7f0-11ef-a75a-0275dc2ded29,1,849d7895-462a-4d0f-be3e-2ac2fa19ed82,"{""en"": {""value"": ""0.152 g dammar resin"", ""direction"": ""ltr""}}",[],[],c4994ca7-a910-4803-8e86-2c70c1a4764d,"{""en"": {""value"": ""15.002 g rabbit-skin glue"", ""direction"": ""ltr""}}",[],[],d9683791-1a3e-4737-8a7a-4d3488aa2ef7,"{""en"": {""value"": ""dammar resin"", ""direction"": ""ltr""}}",[],[],[],48160596-b0b5-4539-8399-75da7a6177cc,0.152,[],[],cb3cb096-25c3-4962-a1c4-af0a5c17549f,"{""en"": {""value"": ""rabbit-skin glue"", ""direction"": ""ltr""}}",[],[],[],7c0438ec-f478-430c-bdf0-d29d4fd90d3f,15.002,[],[],,,,,,
9fc8b660-0718-4c39-be97-98d36553b1f1,d4e956f7-9fad-4fd2-94e3-563a3b2c3585,a4ea5a7a-d7f0-11ef-a75a-0275dc2ded29,1,293db242-0c20-4f78-9f26-1078db126764,"{""en"": {""value"": ""0.152 g dammar resin"", ""direction"": ""ltr""}}",[],[],53729825-ffc6-4670-8da3-7616b29ec166,"{""en"": {""value"": ""15.002 g rabbit-skin glue"", ""direction"": ""ltr""}}",[],[],d20edaef-dcdc-4d73-b80f-22882e8b65cb,"{""en"": {""value"": ""dammar resin"", ""direction"": ""ltr""}}",[],[],[],c8ccaab6-585a-4e6c-b89a-cdaa7f01c5eb,0.152,[],[],2d3b707b-8230-43b9-a2ce-cb99bed2ce05,"{""en"": {""value"": ""rabbit-skin glue"", ""direction"": ""ltr""}}",[],[],[],095e3bd0-e1f2-46f7-89fc-1accd833085e,15.002,[],[],,,,,,
067e12ca-f9da-4c25-b76d-0cf6bb077bee,d4e956f7-9fad-4fd2-94e3-563a3b2c3585,a4ea5a7a-d7f0-11ef-a75a-0275dc2ded29,1,fd039408-88b7-4657-87ce-e4d5876b1660,"{""en"": {""value"": ""0.152 g dammar resin"", ""direction"": ""ltr""}}",[],[],bf262cf3-6211-4dc2-8655-625904236212,"{""en"": {""value"": ""15.002 g rabbit-skin glue"", ""direction"": ""ltr""}}",[],[],936a8f7b-ccae-423a-b211-2783661ee30c,"{""en"": {""value"": ""dammar resin"", ""direction"": ""ltr""}}",[],[],[],6a1efbfd-4b76-4585-83a2-6208856f0aa6,0.152,[],[],fffc8580-d34b-4286-bb56-f4b225e03cb2,"{""en"": {""value"": ""rabbit-skin glue"", ""direction"": ""ltr""}}",[],[],[],a6323869-6202-41b5-b776-b959fb206084,15.002,[],[],,,,,,
042acd7f-eedc-45c4-a927-75e679435118,d4e956f7-9fad-4fd2-94e3-563a3b2c3585,a4ea5a7a-d7f0-11ef-a75a-0275dc2ded29,1,09ba7fa0-f25f-47a8-91e3-adca8cbc4242,"{""en"": {""value"": ""0.307 g dammar resin"", ""direction"": ""ltr""}}",[],[],c9b1a3e4-166e-4bdd-b971-3115f7454bb4,"{""en"": {""value"": ""15.002 g rabbit-skin glue"", ""direction"": ""ltr""}}",[],[],4564234b-29ea-4433-a0e1-36ed0b9e1fbe,"{""en"": {""value"": ""dammar resin"", ""direction"": ""ltr""}}",[],[],[],421d72ad-6f5d-45cc-b8be-2ec8096d8e84,0.307,[],[],b67278de-859e-40ec-a2f2-181e7a436d76,"{""en"": {""value"": ""rabbit-skin glue"", ""direction"": ""ltr""}}",[],[],[],0a90b07d-3eb7-4c76-b13c-387591dba492,15.002,[],[],,,,,,
09ebc8a1-2588-4c6f-a7ac-1107582f7881,d4e956f7-9fad-4fd2-94e3-563a3b2c3585,a4ea5a7a-d7f0-11ef-a75a-0275dc2ded29,1,bde714e1-181b-4e56-811f-1ac5c03ec5a9,"{""en"": {""value"": ""0.307 g dammar resin"", ""direction"": ""ltr""}}",[],[],42530c8e-6f47-464c-a094-b8c398da6382,"{""en"": {""value"": ""15.002 g rabbit-skin glue"", ""direction"": ""ltr""}}",[],[],154643c9-45bf-479f-9a15-9ff918a5d0b5,"{""en"": {""value"": ""dammar resin"", ""direction"": ""ltr""}}",[],[],[],6cf47559-28a6-4452-a56f-dfa38d218dc6,0.307,[],[],edbc8c92-34a4-49b4-aba5-53161c4451b5,"{""en"": {""value"": ""rabbit-skin glue"", ""direction"": ""ltr""}}",[],[],[],81d50bf7-cf43-4fae-ab83-0a4802b20372,15.002,[],[],,,,,,
0df45991-c3bc-4001-becd-bf6235cd5010,d4e956f7-9fad-4fd2-94e3-563a3b2c3585,a4ea5a7a-d7f0-11ef-a75a-0275dc2ded29,1,1d886edf-1858-4a7d-9e2b-4a1935595f61,"{""en"": {""value"": ""0.307 g dammar resin"", ""direction"": ""ltr""}}",[],[],625dc315-853c-4d7e-86a0-a83eee507b7c,"{""en"": {""value"": ""15.002 g rabbit-skin glue"", ""direction"": ""ltr""}}",[],[],7ed8a8f6-07ff-47fe-8d09-95551c73837f,"{""en"": {""value"": ""dammar resin"", ""direction"": ""ltr""}}",[],[],[],a3b46b15-c9a3-4f8b-b5d6-d46abc03e333,0.307,[],[],362233be-9676-4d6d-9311-840dc8c921ae,"{""en"": {""value"": ""rabbit-skin glue"", ""direction"": ""ltr""}}",[],[],[],c8c80442-3be7-42db-957e-89a55c717fc1,15.002,[],[],,,,,,
12ae8342-055e-41a6-a2e1-bc92fb063c94,d4e956f7-9fad-4fd2-94e3-563a3b2c3585,a4ea5a7a-d7f0-11ef-a75a-0275dc2ded29,1,2b9e1d7c-9328-4e8f-9285-4a71deb0f20d,"{""en"": {""value"": ""0.307 g dammar resin"", ""direction"": ""ltr""}}",[],[],f885e411-d6a9-4685-993d-d8af383988b0,"{""en"": {""value"": ""15.002 g rabbit-skin glue"", ""direction"": ""ltr""}}",[],[],b87c0b54-fab5-444c-9ebc-053ff53d25a2,"{""en"": {""value"": ""dammar resin"", ""direction"": ""ltr""}}",[],[],[],2858db4e-a10a-4f82-a4dd-f57a11a719ac,0.307,[],[],bc20dcfc-bef5-41ab-a2b7-0c27ee7f724e,"{""en"": {""value"": ""rabbit-skin glue"", ""direction"": ""ltr""}}",[],[],[],5345e8c4-fe68-4d89-856b-0f2bd50a12a6,15.002,[],[],,,,,,
d12a081e-dc3f-4b90-b704-81717cca1b49,d4e956f7-9fad-4fd2-94e3-563a3b2c3585,a4ea5a7a-d7f0-11ef-a75a-0275dc2ded29,1,4772d25d-710c-4614-aa77-6f10aaaab35d,"{""en"": {""value"": ""0.734 g dammar resin"", ""direction"": ""ltr""}}",[],[],c9865254-4ad7-48ed-bbe6-bfdb5b77ccb4,"{""en"": {""value"": ""14.000 g rabbit-skin glue"", ""direction"": ""ltr""}}",[],[],ed6c25db-e06f-42f6-a1d8-48dff2642cde,"{""en"": {""value"": ""dammar resin"", ""direction"": ""ltr""}}",[],[],[],c65a7316-e730-4e42-b265-c7280ed1551f,0.734,[],[],e46a3c98-17c1-49d7-9a1e-1191e91f827b,"{""en"": {""value"": ""rabbit-skin glue"", ""direction"": ""ltr""}}",[],[],[],bfab991d-0433-451f-a082-a397887c9814,14.0,[],[],,,,,,
29bfd11a-72f4-439a-b134-5cf849a75d0f,d4e956f7-9fad-4fd2-94e3-563a3b2c3585,a4ea5a7a-d7f0-11ef-a75a-0275dc2ded29,1,aa6bd346-8672-4262-9e45-5e5efc037531,"{""en"": {""value"": ""0.734 g dammar resin"", ""direction"": ""ltr""}}",[],[],5d4733fd-2e0b-4f33-83af-3a7d75fdc056,"{""en"": {""value"": ""14.000 g rabbit-skin glue"", ""direction"": ""ltr""}}",[],[],bb7d8512-db4d-423e-b824-d6e5cfe75b2b,"{""en"": {""value"": ""dammar resin"", ""direction"": ""ltr""}}",[],[],[],8196e335-c4cf-40e3-9133-892396db83a9,0.734,[],[],d66beece-bfe5-4a5b-abf1-b5dc02f6d785,"{""en"": {""value"": ""rabbit-skin glue"", ""direction"": ""ltr""}}",[],[],[],6c08f8cb-37e2-469d-9ce0-e92eee26bf18,14.0,[],[],,,,,,
4e80939f-e731-46ac-80e8-65b9546eeb56,d4e956f7-9fad-4fd2-94e3-563a3b2c3585,a4ea5a7a-d7f0-11ef-a75a-0275dc2ded29,1,70c0dbcd-91e4-4741-be1c-61200fd39d7e,"{""en"": {""value"": ""0.734 g dammar resin"", ""direction"": ""ltr""}}",[],[],2bb5c32a-62d1-4ba3-8509-be070f7e224d,"{""en"": {""value"": ""14.000 g rabbit-skin glue"", ""direction"": ""ltr""}}",[],[],27931906-a309-4c04-a6fa-1a7c02ba155a,"{""en"": {""value"": ""dammar resin"", ""direction"": ""ltr""}}",[],[],[],4435ec1d-f7ce-4859-aa29-12edceed9692,0.734,[],[],aab35af8-5c36-4f58-8593-3803ec613e02,"{""en"": {""value"": ""rabbit-skin glue"", ""direction"": ""ltr""}}",[],[],[],f1c8500c-7864-4aae-96de-0cf895d9e004,14.0,[],[],,,,,,
a38ec1c0-6821-4e75-b58c-fdbb22facdf9,d4e956f7-9fad-4fd2-94e3-563a3b2c3585,a4ea5a7a-d7f0-11ef-a75a-0275dc2ded29,1,b82a87ab-267b-4ff2-ae94-9e005419cdc3,"{""en"": {""value"": ""0.734 g dammar resin"", ""direction"": ""ltr""}}",[],[],46ab0129-2a4e-479d-98dd-cb41cb78e519,"{""en"": {""value"": ""14.000 g rabbit-skin glue"", ""direction"": ""ltr""}}",[],[],ed46a64a-fa5a-4413-a1a4-407a9fbab44b,"{""en"": {""value"": ""dammar resin"", ""direction"": ""ltr""}}",[],[],[],c61242bf-f896-48ae-be0c-cfc1939db974,0.734,[],[],1dcd0bfd-3458-4ecc-9512-499bd5afa305,"{""en"": {""value"": ""rabbit-skin glue"", ""direction"": ""ltr""}}",[],[],[],5d2130c7-f29a-4bed-a54f-ecc403ed445b,14.0,[],[],,,,,,
69691663-ac01-438f-8f47-e5e62a204818,d4e956f7-9fad-4fd2-94e3-563a3b2c3585,a4ea5a7a-d7f0-11ef-a75a-0275dc2ded29,1,39d473b4-76c1-42a5-a7b5-d14c7efb0560,"{""en"": {""value"": ""3.000 g dammar resin"", ""direction"": ""ltr""}}",[],[],e6d0ba1c-42df-4383-871a-a29a9992a550,"{""en"": {""value"": ""12.008 g rabbit-skin glue"", ""direction"": ""ltr""}}",[],[],732988bd-e3e1-402a-b78b-1a7e5e847145,"{""en"": {""value"": ""dammar resin"", ""direction"": ""ltr""}}",[],[],[],7a5b4190-a0d7-47e4-98f4-cc960b8829fc,3.0,[],[],b5e6e97f-c859-4c3f-978f-b4b95707c790,"{""en"": {""value"": ""rabbit-skin glue"", ""direction"": ""ltr""}}",[],[],[],b7913b9a-9ff5-4213-a310-6e302dd20d68,12.008,[],[],,,,,,
9f756c5b-e8d6-4726-8de6-94a08139c12f,d4e956f7-9fad-4fd2-94e3-563a3b2c3585,a4ea5a7a-d7f0-11ef-a75a-0275dc2ded29,1,8f2cd87e-1fb5-468d-a5bd-badc59c54a78,"{""en"": {""value"": ""3.000 g dammar resin"", ""direction"": ""ltr""}}",[],[],acdb8e0d-903e-4a42-8a14-ff8872302d51,"{""en"": {""value"": ""12.008 g rabbit-skin glue"", ""direction"": ""ltr""}}",[],[],85ae84c4-b1a7-43b8-b468-554385d81ab1,"{""en"": {""value"": ""dammar resin"", ""direction"": ""ltr""}}",[],[],[],af4c9ec1-fe19-4b9b-9851-1d596eb9f8a7,3.0,[],[],eca80442-afea-477a-8bcd-ea37f643edb1,"{""en"": {""value"": ""rabbit-skin glue"", ""direction"": ""ltr""}}",[],[],[],569f272e-7bba-464c-a51b-339b50f267f0,12.008,[],[],,,,,,
9108f0e1-4b18-4951-8e9c-c4ba7b0c2360,d4e956f7-9fad-4fd2-94e3-563a3b2c3585,a4ea5a7a-d7f0-11ef-a75a-0275dc2ded29,1,b002a7e3-b7f3-48cf-80d4-74e9fafdddaa,"{""en"": {""value"": ""3.000 g dammar resin"", ""direction"": ""ltr""}}",[],[],794a671d-a62e-40f3-b1f4-7c113121eb60,"{""en"": {""value"": ""12.008 g rabbit-skin glue"", ""direction"": ""ltr""}}",[],[],177e7152-dba3-4c3d-bdbc-269e60fc2cb7,"{""en"": {""value"": ""dammar resin"", ""direction"": ""ltr""}}",[],[],[],a8c1c33d-1496-47a8-bc8e-c399c333bfa0,3.0,[],[],157ac5c9-bbb3-44f4-9527-592931d56680,"{""en"": {""value"": ""rabbit-skin glue"", ""direction"": ""ltr""}}",[],[],[],ca30d4ae-a0a1-4c53-97c0-92fe00a242c1,12.008,[],[],,,,,,
d814fb9f-1450-44ce-9dac-0a1477dad5c1,d4e956f7-9fad-4fd2-94e3-563a3b2c3585,a4ea5a7a-d7f0-11ef-a75a-0275dc2ded29,1,cba5d9b1-332a-47a2-9de4-b55afc1ceb31,"{""en"": {""value"": ""3.000 g dammar resin"", ""direction"": ""ltr""}}",[],[],0f69ba7a-a790-4d0a-9b89-1ad8519f0077,"{""en"": {""value"": ""12.008 g rabbit-skin glue"", ""direction"": ""ltr""}}",[],[],1692773c-834e-471b-a7c2-7b846795dac2,"{""en"": {""value"": ""dammar resin"", ""direction"": ""ltr""}}",[],[],[],00a93ada-f700-4e62-8455-fd0023e09b2b,3.0,[],[],170c7f66-c983-4a49-bbb3-18a84c8afc7d,"{""en"": {""value"": ""rabbit-skin glue"", ""direction"": ""ltr""}}",[],[],[],f62ae8f6-6a51-4b41-b4a7-6aaba6bbf9e1,12.008,[],[],,,,,,
0081052e-b59d-4eef-938c-4e26c09292a2,d4e956f7-9fad-4fd2-94e3-563a3b2c3585,a4ea5a7a-d7f0-11ef-a75a-0275dc2ded29,1,a9ea616e-ed23-4451-b275-f1dc7c5da7b7,"{""en"": {""value"": ""10.005 g dammar resin"", ""direction"": ""ltr""}}",[],[],a8658072-71d0-4a09-843e-7da05737decb,"{""en"": {""value"": ""10.007 g rabbit-skin glue"", ""direction"": ""ltr""}}",[],[],7117ae3f-1622-4b8d-9fd1-ef398e23200c,"{""en"": {""value"": ""dammar resin"", ""direction"": ""ltr""}}",[],[],[],3aaea6b1-2759-41a4-bac4-3dc7f6595fea,10.005,[],[],7929a910-71e7-45f2-96f1-db7e4f4633cf,"{""en"": {""value"": ""rabbit-skin glue"", ""direction"": ""ltr""}}",[],[],[],8ffd6c7d-36b8-4be8-998e-a863ba1393cc,10.007,[],[],,,,,,
4d8e83d3-64a5-474d-a7ac-2caa2dfb80c6,d4e956f7-9fad-4fd2-94e3-563a3b2c3585,a4ea5a7a-d7f0-11ef-a75a-0275dc2ded29,1,a4b76c96-1442-488f-8e94-ed172aadffbe,"{""en"": {""value"": ""10.005 g dammar resin"", ""direction"": ""ltr""}}",[],[],97d092f7-1661-4f65-bea4-5a1a716c7839,"{""en"": {""value"": ""10.007 g rabbit-skin glue"", ""direction"": ""ltr""}}",[],[],579b9027-a630-439f-99b4-24808adf75fe,"{""en"": {""value"": ""dammar resin"", ""direction"": ""ltr""}}",[],[],[],033c0be2-1696-429f-b966-dd661da6a953,10.005,[],[],a13661b1-608d-4d36-a7a5-1910aff283f4,"{""en"": {""value"": ""rabbit-skin glue"", ""direction"": ""ltr""}}",[],[],[],53b01f45-4678-4447-b37f-11ac94328aee,10.007,[],[],,,,,,
badf8a00-7967-4f9e-88c9-cfd2f3dd21be,d4e956f7-9fad-4fd2-94e3-563a3b2c3585,a4ea5a7a-d7f0-11ef-a75a-0275dc2ded29,1,b79815e1-bffa-4091-987c-f57d9150fb4b,"{""en"": {""value"": ""10.005 g dammar resin"", ""direction"": ""ltr""}}",[],[],b5ec4103-105a-4e60-836f-c84d8d485f67,"{""en"": {""value"": ""10.007 g rabbit-skin glue"", ""direction"": ""ltr""}}",[],[],c33df1a8-ff5a-448c-bca5-c31a40a3d970,"{""en"": {""value"": ""dammar resin"", ""direction"": ""ltr""}}",[],[],[],dd4275c0-2354-4ec9-8b05-60f7718cc9f1,10.005,[],[],0f49476b-d496-4e23-81af-c063f6f8e356,"{""en"": {""value"": ""rabbit-skin glue"", ""direction"": ""ltr""}}",[],[],[],0aeac4ef-450c-4171-ad5f-093b3bd72dd3,10.007,[],[],,,,,,
b1745b43-3a90-43d5-8d75-dd1fb938d408,d4e956f7-9fad-4fd2-94e3-563a3b2c3585,a4ea5a7a-d7f0-11ef-a75a-0275dc2ded29,1,b05ac0a9-3272-4901-9140-24f54334a266,"{""en"": {""value"": ""10.005 g dammar resin"", ""direction"": ""ltr""}}",[],[],a536639f-caf0-44cd-8b56-94c41664b87f,"{""en"": {""value"": ""10.007 g rabbit-skin glue"", ""direction"": ""ltr""}}",[],[],70788138-3b0e-4af2-9d1f-5713b457183d,"{""en"": {""value"": ""dammar resin"", ""direction"": ""ltr""}}",[],[],[],8586db7a-0172-4325-ab8f-9cb3d40b2682,10.005,[],[],59def5c7-f0ca-453f-8732-9708a3df9aed,"{""en"": {""value"": ""rabbit-skin glue"", ""direction"": ""ltr""}}",[],[],[],93bfa36e-12b8-42cd-aa98-79e9864056d5,10.007,[],[],,,,,,
a1fad953-4065-4d35-89d1-6f9ff003d802,d4e956f7-9fad-4fd2-94e3-563a3b2c3585,a4ea5a7a-d7f0-11ef-a75a-0275dc2ded29,1,ee81596d-a9b8-4b23-a77f-3573a5aabccc,"{""en"": {""value"": ""12.003 g dammar resin"", ""direction"": ""ltr""}}",[],[],d1ed3650-0659-421f-84e1-85cd8abe511e,"{""en"": {""value"": ""3.003 g rabbit-skin glue"", ""direction"": ""ltr""}}",[],[],f3386b19-c30a-4446-a19e-5de17121e25b,"{""en"": {""value"": ""dammar resin"", ""direction"": ""ltr""}}",[],[],[],2a249bbd-619d-4044-8132-3c73134472e3,12.003,[],[],3341453c-f1b5-4347-b7e9-4269ae61ee62,"{""en"": {""value"": ""rabbit-skin glue"", ""direction"": ""ltr""}}",[],[],[],97b4703b-e84b-4d61-9477-990d4306a5a0,3.003,[],[],,,,,,
f806c968-600d-41b1-b30f-da0063a6dc8a,d4e956f7-9fad-4fd2-94e3-563a3b2c3585,a4ea5a7a-d7f0-11ef-a75a-0275dc2ded29,1,cc62c53e-3e55-4920-b3d8-fe48a87ca72c,"{""en"": {""value"": ""12.003 g dammar resin"", ""direction"": ""ltr""}}",[],[],a2110f75-6581-4079-b92f-33e01a1286e4,"{""en"": {""value"": ""3.003 g rabbit-skin glue"", ""direction"": ""ltr""}}",[],[],6f412aa1-9115-46de-948a-a7b2156c49f0,"{""en"": {""value"": ""dammar resin"", ""direction"": ""ltr""}}",[],[],[],aedd2b02-5b39-4aa9-9604-604e7ace390c,12.003,[],[],c1024c37-f985-49e5-90ca-5dfe7ac07b4e,"{""en"": {""value"": ""rabbit-skin glue"", ""direction"": ""ltr""}}",[],[],[],2f8cb0ed-923f-4ded-a4ce-6601abe5a779,3.003,[],[],,,,,,
4d7d1c63-c03e-415b-90c8-a7b466145f1f,d4e956f7-9fad-4fd2-94e3-563a3b2c3585,a4ea5a7a-d7f0-11ef-a75a-0275dc2ded29,1,21750b45-bebd-4978-89a4-f34b2dc4a2ea,"{""en"": {""value"": ""12.003 g dammar resin"", ""direction"": ""ltr""}}",[],[],67847992-bec8-464e-bc02-bd9b04a68ceb,"{""en"": {""value"": ""3.003 g rabbit-skin glue"", ""direction"": ""ltr""}}",[],[],0ea36652-4ce8-4bd7-81f4-5a42f304eb99,"{""en"": {""value"": ""dammar resin"", ""direction"": ""ltr""}}",[],[],[],e1b93e56-e87f-42c5-9213-6d4dd2dcb1e0,12.003,[],[],48f1747d-8d58-4d25-acfc-72e3475fc13c,"{""en"": {""value"": ""rabbit-skin glue"", ""direction"": ""ltr""}}",[],[],[],1e9d7d1a-0b50-4338-a91f-d7eb9ab4528a,3.003,[],[],,,,,,
1a235fbb-3ecd-49ea-af69-5fa1a9c005d6,d4e956f7-9fad-4fd2-94e3-563a3b2c3585,a4ea5a7a-d7f0-11ef-a75a-0275dc2ded29,1,9d5738f6-c269-46ad-b494-f4a396ab1ead,"{""en"": {""value"": ""12.003 g dammar resin"", ""direction"": ""ltr""}}",[],[],c0c89406-1f02-478a-88a8-4e5946f7f661,"{""en"": {""value"": ""3.003 g rabbit-skin glue"", ""direction"": ""ltr""}}",[],[],ec046bd5-f78d-4426-bcef-e8ad8c0101ed,"{""en"": {""value"": ""dammar resin"", ""direction"": ""ltr""}}",[],[],[],3d4d1f81-7193-4d91-b8d4-74fc17dabec9,12.003,[],[],f3b9edc7-f5b1-41de-951f-1f1d443b41fc,"{""en"": {""value"": ""rabbit-skin glue"", ""direction"": ""ltr""}}",[],[],[],f24fcc73-f6e4-4e3a-b7cc-446faaf47303,3.003,[],[],,,,,,
bdf10146-0478-4a55-a2d7-8e3b277b19ad,d4e956f7-9fad-4fd2-94e3-563a3b2c3585,a4ea5a7a-d7f0-11ef-a75a-0275dc2ded29,1,1995ca90-9001-4a6e-b033-67c8b1702b9b,"{""en"": {""value"": ""14.000 g dammar resin"", ""direction"": ""ltr""}}",[],[],ee43b9cf-4a60-47f2-934d-47b3d859f66a,"{""en"": {""value"": ""0.735 g rabbit-skin glue"", ""direction"": ""ltr""}}",[],[],277d795c-8969-46b4-bc43-e8d5f4986b72,"{""en"": {""value"": ""dammar resin"", ""direction"": ""ltr""}}",[],[],[],7d93ca8d-06ef-4b28-aa2a-861f97b85e52,14.0,[],[],e7e4a8cc-6834-493b-9683-aa81fd89cb41,"{""en"": {""value"": ""rabbit-skin glue"", ""direction"": ""ltr""}}",[],[],[],8f4b0542-5764-4038-9d71-19b26e9116d3,0.735,[],[],,,,,,
6426449b-8ee7-4e8a-a329-8669b42c2f77,d4e956f7-9fad-4fd2-94e3-563a3b2c3585,a4ea5a7a-d7f0-11ef-a75a-0275dc2ded29,1,819c05ea-484a-4134-9750-eda83f1da760,"{""en"": {""value"": ""14.000 g dammar resin"", ""direction"": ""ltr""}}",[],[],a122cfc6-e253-41a0-9713-7c844426a7a4,"{""en"": {""value"": ""0.735 g rabbit-skin glue"", ""direction"": ""ltr""}}",[],[],88617945-0b3b-40fb-a0a9-20cca13ea1e5,"{""en"": {""value"": ""dammar resin"", ""direction"": ""ltr""}}",[],[],[],113ecd91-affc-402b-858b-3f2a9620cbf8,14.0,[],[],6fabbef9-d3b9-4d31-8879-54f6d36541d0,"{""en"": {""value"": ""rabbit-skin glue"", ""direction"": ""ltr""}}",[],[],[],1d4bb664-bbb1-42c3-8706-8e4bcf8329de,0.735,[],[],,,,,,
554f5001-01e6-4bdb-843d-d816eae33006,d4e956f7-9fad-4fd2-94e3-563a3b2c3585,a4ea5a7a-d7f0-11ef-a75a-0275dc2ded29,1,8b6d2ea9-685e-4e8b-b411-b86ede1c04b3,"{""en"": {""value"": ""14.000 g dammar resin"", ""direction"": ""ltr""}}",[],[],03b199aa-5ba1-4e3f-88a1-92f2c99bbb4e,"{""en"": {""value"": ""0.735 g rabbit-skin glue"", ""direction"": ""ltr""}}",[],[],e39c004a-f7d9-4b50-b0bc-5f2acc7855c0,"{""en"": {""value"": ""dammar resin"", ""direction"": ""ltr""}}",[],[],[],e62fb0b2-37a9-4f40-ae11-fc332934d8c9,14.0,[],[],7f2bde37-b650-4f91-9832-cdecef7fcb61,"{""en"": {""value"": ""rabbit-skin glue"", ""direction"": ""ltr""}}",[],[],[],3f904e0d-7535-4db4-b2ce-a5399ffd6090,0.735,[],[],,,,,,
bad62835-0ed2-4aec-9e3a-8c584f816518,d4e956f7-9fad-4fd2-94e3-563a3b2c3585,a4ea5a7a-d7f0-11ef-a75a-0275dc2ded29,1,9cffc107-f02b-4cba-9c5c-9d2d1e6aca3e,"{""en"": {""value"": ""14.000 g dammar resin"", ""direction"": ""ltr""}}",[],[],6254ee7b-e952-4834-8ecc-ad786a029a2b,"{""en"": {""value"": ""0.735 g rabbit-skin glue"", ""direction"": ""ltr""}}",[],[],21bbf878-9300-462c-b002-6390ccb3616c,"{""en"": {""value"": ""dammar resin"", ""direction"": ""ltr""}}",[],[],[],2c306a63-371a-4a18-9480-cb70f7e807e6,14.0,[],[],4912bdfa-ff25-4d49-8f6c-8d79eb2e8511,"{""en"": {""value"": ""rabbit-skin glue"", ""direction"": ""ltr""}}",[],[],[],07111c8f-4f25-4eb0-8a66-2e73bcb4ad71,0.735,[],[],,,,,,
433eea13-7922-4819-8836-3dc0dba716b8,d4e956f7-9fad-4fd2-94e3-563a3b2c3585,a4ea5a7a-d7f0-11ef-a75a-0275dc2ded29,1,5dd7d515-93f5-4593-9326-5cf756aa0bed,"{""en"": {""value"": ""15.001 g dammar resin"", ""direction"": ""ltr""}}",[],[],caf01f68-582b-4b2d-a673-c9d468c44869,"{""en"": {""value"": ""0.309 g rabbit-skin glue"", ""direction"": ""ltr""}}",[],[],959be782-6f58-402d-89dd-ba45d99c31ea,"{""en"": {""value"": ""dammar resin"", ""direction"": ""ltr""}}",[],[],[],3e57326f-ceac-4f09-80ef-0ae6d47f3129,15.001,[],[],6846f62e-2f0c-4803-b032-28d18ef92161,"{""en"": {""value"": ""rabbit-skin glue"", ""direction"": ""ltr""}}",[],[],[],1bbbf6d7-3ef6-4f46-8cd4-25c1d174e318,0.309,[],[],,,,,,
69e3d326-9215-48b0-b135-576f3546736a,d4e956f7-9fad-4fd2-94e3-563a3b2c3585,a4ea5a7a-d7f0-11ef-a75a-0275dc2ded29,1,451016e7-7b63-4b72-b7ff-2a355c36a331,"{""en"": {""value"": ""15.001 g dammar resin"", ""direction"": ""ltr""}}",[],[],337daaad-2d42-4893-8233-d5cac2a225c1,"{""en"": {""value"": ""0.309 g rabbit-skin glue"", ""direction"": ""ltr""}}",[],[],7c20b47b-fe91-46cd-bc71-5f5a3d9ce3e0,"{""en"": {""value"": ""dammar resin"", ""direction"": ""ltr""}}",[],[],[],2d9949b8-172e-4070-83bc-1b2aea79e78e,15.001,[],[],6cd61b0b-4089-4c45-ac17-73b86566cfec,"{""en"": {""value"": ""rabbit-skin glue"", ""direction"": ""ltr""}}",[],[],[],59a64c9c-9be0-48c5-9e1d-d992a15466c8,0.309,[],[],,,,,,
e9bbf7e1-7b12-4dcc-b49c-1f11b2a29f52,d4e956f7-9fad-4fd2-94e3-563a3b2c3585,a4ea5a7a-d7f0-11ef-a75a-0275dc2ded29,1,bd27070f-eb72-4056-aa31-b63ecd45b7fa,"{""en"": {""value"": ""15.001 g dammar resin"", ""direction"": ""ltr""}}",[],[],b6411c17-15bb-45cf-ae32-b94f739068d1,"{""en"": {""value"": ""0.309 g rabbit-skin glue"", ""direction"": ""ltr""}}",[],[],fd381846-ce92-4209-a9f9-3e017f1621e0,"{""en"": {""value"": ""dammar resin"", ""direction"": ""ltr""}}",[],[],[],440d0707-1a08-420b-ac1f-2645391d1ac8,15.001,[],[],2bd717b0-1853-49ce-8451-1aaf33fe86dd,"{""en"": {""value"": ""rabbit-skin glue"", ""direction"": ""ltr""}}",[],[],[],d6debde1-aeaa-4576-b96a-0a6c2c777f23,0.309,[],[],,,,,,
9b32c3ce-55de-470c-af55-d9ff70be8e49,d4e956f7-9fad-4fd2-94e3-563a3b2c3585,a4ea5a7a-d7f0-11ef-a75a-0275dc2ded29,1,f7adc2d3-58b5-4e00-b029-31d978ba02fd,"{""en"": {""value"": ""15.001 g dammar resin"", ""direction"": ""ltr""}}",[],[],a8c488c1-2e12-4e7c-95d0-9e405ac163f4,"{""en"": {""value"": ""0.309 g rabbit-skin glue"", ""direction"": ""ltr""}}",[],[],4b5c71f4-ca64-4b40-9631-c25fae9769bc,"{""en"": {""value"": ""dammar resin"", ""direction"": ""ltr""}}",[],[],[],3c659261-9f0e-4d82-b9c8-2b0c10298ece,15.001,[],[],b75b1274-b889-4c3b-ba80-966dda921aab,"{""en"": {""value"": ""rabbit-skin glue"", ""direction"": ""ltr""}}",[],[],[],7e5158ac-d488-4a94-8292-34c09fd9a772,0.309,[],[],,,,,,
bbdbc2bd-8359-471f-b863-e11a906dcbed,d4e956f7-9fad-4fd2-94e3-563a3b2c3585,a4ea5a7a-d7f0-11ef-a75a-0275dc2ded29,1,5c634372-66c3-491a-959e-4e6fbcc19340,"{""en"": {""value"": ""15.001 g dammar resin"", ""direction"": ""ltr""}}",[],[],6127be66-1607-4245-98bc-0dd46321361c,"{""en"": {""value"": ""0.153 g rabbit-skin glue"", ""direction"": ""ltr""}}",[],[],02aac429-a2e2-47e6-a0b1-b300be247650,"{""en"": {""value"": ""dammar resin"", ""direction"": ""ltr""}}",[],[],[],4e5681c1-ebc4-4ed9-b353-e53d5cde28f8,15.001,[],[],7a55569d-2a26-4bbb-a8ec-0d4f41a7664a,"{""en"": {""value"": ""rabbit-skin glue"", ""direction"": ""ltr""}}",[],[],[],28a082ac-984a-49ea-be1d-358fe3118fd1,0.153,[],[],,,,,,
ba649f5b-f2ed-427a-b6ad-f464e6baf4a4,d4e956f7-9fad-4fd2-94e3-563a3b2c3585,a4ea5a7a-d7f0-11ef-a75a-0275dc2ded29,1,94a44ad0-2d78-4b92-9b64-f50a10bfc590,"{""en"": {""value"": ""15.001 g dammar resin"", ""direction"": ""ltr""}}",[],[],58ffd305-49dc-46b0-879f-14f2a1e1274c,"{""en"": {""value"": ""0.153 g rabbit-skin glue"", ""direction"": ""ltr""}}",[],[],355a3724-1cf4-4f1c-b163-061c9d6e5fd4,"{""en"": {""value"": ""dammar resin"", ""direction"": ""ltr""}}",[],[],[],2950413c-f1bf-434d-97da-3dce12ddeaf6,15.001,[],[],0009674a-0011-4393-9f74-6be58415375f,"{""en"": {""value"": ""rabbit-skin glue"", ""direction"": ""ltr""}}",[],[],[],4a7f9d4d-5b3a-47f0-9583-c7ea0ee01d65,0.153,[],[],,,,,,
1e52cc0f-a01b-4636-bbd3-1890678dc9af,d4e956f7-9fad-4fd2-94e3-563a3b2c3585,a4ea5a7a-d7f0-11ef-a75a-0275dc2ded29,1,b404bdc1-1f87-4cae-8a4a-ac20fb03496f,"{""en"": {""value"": ""15.001 g dammar resin"", ""direction"": ""ltr""}}",[],[],857ef93c-809c-40f0-b989-576e0b9a2974,"{""en"": {""value"": ""0.153 g rabbit-skin glue"", ""direction"": ""ltr""}}",[],[],d17727a2-57f9-4109-8e81-a2695bbd0ace,"{""en"": {""value"": ""dammar resin"", ""direction"": ""ltr""}}",[],[],[],3a6e85e4-3127-46cd-bdd7-3a2d4f01756a,15.001,[],[],1f28b75f-1f0b-45dc-bbcf-834dfa8f6fcc,"{""en"": {""value"": ""rabbit-skin glue"", ""direction"": ""ltr""}}",[],[],[],5ed66d27-1338-47db-9018-080bc9b1d75f,0.153,[],[],,,,,,
9b454a4a-c00f-428d-a298-9f296d886028,d4e956f7-9fad-4fd2-94e3-563a3b2c3585,a4ea5a7a-d7f0-11ef-a75a-0275dc2ded29,1,c5ba2536-33ab-4a00-831b-5965e8fd73a4,"{""en"": {""value"": ""15.001 g dammar resin"", ""direction"": ""ltr""}}",[],[],83a8d2f1-b1d1-45c0-afe4-69df27266ec0,"{""en"": {""value"": ""0.153 g rabbit-skin glue"", ""direction"": ""ltr""}}",[],[],f6776a7f-6dee-4ee5-9f34-f095e1da31e6,"{""en"": {""value"": ""dammar resin"", ""direction"": ""ltr""}}",[],[],[],c9ccbd49-47e2-457c-8e6d-295c758864aa,15.001,[],[],a94c44d6-ba4e-40e1-afad-e0d1605149b8,"{""en"": {""value"": ""rabbit-skin glue"", ""direction"": ""ltr""}}",[],[],[],13d89304-d3df-4f57-9a93-54e39c2d0a07,0.153,[],[],,,,,,
a3fd34b1-6d15-41bb-8063-308caf14e362,d4e956f7-9fad-4fd2-94e3-563a3b2c3585,a4ea5a7a-d7f0-11ef-a75a-0275dc2ded29,1,48b5f2b3-4f6d-427e-8ead-c1e6fc8be5ea,"{""en"": {""value"": ""15.001 g dammar resin"", ""direction"": ""ltr""}}",[],[],3a827e47-c9a3-47a3-85da-ef37fee36415,"{""en"": {""value"": ""0.031 g rabbit-skin glue"", ""direction"": ""ltr""}}",[],[],f97d435c-8311-4871-98f3-5017a783aeff,"{""en"": {""value"": ""dammar resin"", ""direction"": ""ltr""}}",[],[],[],0b5fbe97-f15a-45a1-9f11-f6aa26d2ddd2,15.001,[],[],7f4ac293-004f-41e5-969d-8759a4006c7e,"{""en"": {""value"": ""rabbit-skin glue"", ""direction"": ""ltr""}}",[],[],[],6561e8e2-4a5e-4e56-8047-df3b394e4ed3,0.031,[],[],,,,,,
30834177-1b58-4913-aa5c-6cba704b1563,d4e956f7-9fad-4fd2-94e3-563a3b2c3585,a4ea5a7a-d7f0-11ef-a75a-0275dc2ded29,1,10bf060d-303d-4a5d-8a84-7071978ea7d6,"{""en"": {""value"": ""15.001 g dammar resin"", ""direction"": ""ltr""}}",[],[],ccb4bd04-2e8e-4554-b51c-388c4d6ae030,"{""en"": {""value"": ""0.031 g rabbit-skin glue"", ""direction"": ""ltr""}}",[],[],f7ea2ccb-83eb-4e95-9ce6-6e705dbb4c61,"{""en"": {""value"": ""dammar resin"", ""direction"": ""ltr""}}",[],[],[],2bd6731a-eb8f-45db-b68d-a2ade6f8eed3,15.001,[],[],135e3ab3-ecc7-4b40-a5ff-76933a3d85b3,"{""en"": {""value"": ""rabbit-skin glue"", ""direction"": ""ltr""}}",[],[],[],45e19622-cb6f-4640-8eae-2ba92896dd7b,0.031,[],[],,,,,,
94922c21-3121-45a3-ab6b-b42be6224031,d4e956f7-9fad-4fd2-94e3-563a3b2c3585,a4ea5a7a-d7f0-11ef-a75a-0275dc2ded29,1,600804d0-b4c4-44ad-a13b-65a4d3a5c57f,"{""en"": {""value"": ""15.001 g dammar resin"", ""direction"": ""ltr""}}",[],[],1237a0c8-3ffb-4eda-97a7-fe13bb4cb7c8,"{""en"": {""value"": ""0.031 g rabbit-skin glue"", ""direction"": ""ltr""}}",[],[],b4575a3b-11d6-4f45-b67b-34d4385583db,"{""en"": {""value"": ""dammar resin"", ""direction"": ""ltr""}}",[],[],[],660e38aa-95e1-4063-82a3-120a8309e1b4,15.001,[],[],156d52c0-66ad-4937-a523-a9fef4b71813,"{""en"": {""value"": ""rabbit-skin glue"", ""direction"": ""ltr""}}",[],[],[],867703ae-d0ce-43cc-bf2f-957080cb6085,0.031,[],[],,,,,,
fdfce3bd-13aa-4393-bed7-cf8d43f1756d,d4e956f7-9fad-4fd2-94e3-563a3b2c3585,a4ea5a7a-d7f0-11ef-a75a-0275dc2ded29,1,2bdb957a-479a-4d0e-9c83-94feebb406a0,"{""en"": {""value"": ""15.001 g dammar resin"", ""direction"": ""ltr""}}",[],[],9c5dc65c-06da-4e5e-b55a-126b172fbba5,"{""en"": {""value"": ""0.031 g rabbit-skin glue"", ""direction"": ""ltr""}}",[],[],06c3e10a-774d-425e-a12d-7a65461b0330,"{""en"": {""value"": ""dammar resin"", ""direction"": ""ltr""}}",[],[],[],496bf9c2-d3d5-4707-8252-7ee68e37beec,15.001,[],[],921f5d7c-50d1-4e2b-9f13-3de9012a3cfb,"{""en"": {""value"": ""rabbit-skin glue"", ""direction"": ""ltr""}}",[],[],[],42a6d41e-c725-499d-baa9-8a52453be0a5,0.031,[],[],,,,,,
829d00e1-b1f2-42f3-bac8-72c87811b8e9,d4e956f7-9fad-4fd2-94e3-563a3b2c3585,a4ea5a7a-d7f0-11ef-a75a-0275dc2ded29,1,c1006192-967b-4e33-af35-749643486fb2,"{""en"": {""value"": ""20.000 g dammar resin"", ""direction"": ""ltr""}}",[],[],38a8acb8-b136-46a9-b67e-a03673e94769,"{""en"": {""value"": ""0.021 g rabbit-skin glue"", ""direction"": ""ltr""}}",[],[],ae11a04d-1c21-411b-b3ee-1d6f13af8fc6,"{""en"": {""value"": ""dammar resin"", ""direction"": ""ltr""}}",[],[],[],fe67c580-9fb1-4dd0-8ba3-0cdd1029e5bd,20.0,[],[],1445e68a-469a-4911-8385-86c2e49c97d5,"{""en"": {""value"": ""rabbit-skin glue"", ""direction"": ""ltr""}}",[],[],[],c019b837-32bd-4310-9f28-318b81acf108,0.021,[],[],,,,,,
30c6075d-cd6f-4163-a5c0-eac688f9fe37,d4e956f7-9fad-4fd2-94e3-563a3b2c3585,a4ea5a7a-d7f0-11ef-a75a-0275dc2ded29,1,8dd035c9-5e06-450c-a7e5-240ed57a5374,"{""en"": {""value"": ""20.000 g dammar resin"", ""direction"": ""ltr""}}",[],[],886d0a92-92ee-4262-a6ac-e66baf3dbef9,"{""en"": {""value"": ""0.021 g rabbit-skin glue"", ""direction"": ""ltr""}}",[],[],6a7381e8-d6c3-4158-b005-5512e09a6e5d,"{""en"": {""value"": ""dammar resin"", ""direction"": ""ltr""}}",[],[],[],9aec9eff-61e7-4a64-b1af-447025d13f20,20.0,[],[],b3998e6f-a75d-4461-a9ce-9f551c42d1e0,"{""en"": {""value"": ""rabbit-skin glue"", ""direction"": ""ltr""}}",[],[],[],0339be1a-72a7-4b74-8330-dcee6bad06ce,0.021,[],[],,,,,,
70ec692a-64a0-4bdb-a21f-dd0fbe1f9c38,d4e956f7-9fad-4fd2-94e3-563a3b2c3585,a4ea5a7a-d7f0-11ef-a75a-0275dc2ded29,1,9d191f8e-1871-4f34-a1c2-d11c96526355,"{""en"": {""value"": ""20.000 g dammar resin"", ""direction"": ""ltr""}}",[],[],7698cc02-edc2-4773-bc5b-4141b4eea799,"{""en"": {""value"": ""0.021 g rabbit-skin glue"", ""direction"": ""ltr""}}",[],[],81d6951a-4ec5-4ff6-9354-8b4a31090db5,"{""en"": {""value"": ""dammar resin"", ""direction"": ""ltr""}}",[],[],[],09ac1d73-93cd-48dc-ae97-77e0bda592d1,20.0,[],[],cfc07579-68c6-4b61-b1d2-2f20589e1bdb,"{""en"": {""value"": ""rabbit-skin glue"", ""direction"": ""ltr""}}",[],[],[],a7f52e85-f9d4-416a-85a3-5db95f90fc8d,0.021,[],[],,,,,,
9b614d7e-3754-4fa5-b874-0ad73961e178,d4e956f7-9fad-4fd2-94e3-563a3b2c3585,a4ea5a7a-d7f0-11ef-a75a-0275dc2ded29,1,812765bb-c3f2-41cf-af4f-52fb6c44a963,"{""en"": {""value"": ""20.000 g dammar resin"", ""direction"": ""ltr""}}",[],[],1fdf37f3-22df-46f1-b7a8-967f92dbc8b0,"{""en"": {""value"": ""0.021 g rabbit-skin glue"", ""direction"": ""ltr""}}",[],[],679d9c43-4698-4b16-820e-34b108b808dd,"{""en"": {""value"": ""dammar resin"", ""direction"": ""ltr""}}",[],[],[],bc954bf8-1aa6-40d8-9de9-ab82d1b3c37e,20.0,[],[],8a5f98c6-c426-4514-82b1-0c947440a4db,"{""en"": {""value"": ""rabbit-skin glue"", ""direction"": ""ltr""}}",[],[],[],c74b33cc-7967-4071-bb25-4d15ba271823,0.021,[],[],,,,,,
2f98f6da-737a-4ba0-a8cb-917f433fdbf1,d4e956f7-9fad-4fd2-94e3-563a3b2c3585,a4ea5a7a-d7f0-11ef-a75a-0275dc2ded29,1,dd898092-3790-48f7-94e1-415e7d469e4c,"{""en"": {""value"": ""0.0249 g dammar resin"", ""direction"": ""ltr""}}",[],[],915e7060-176e-4ea1-9b04-8277e34f800f,"{""en"": {""value"": ""25.254 g whole egg"", ""direction"": ""ltr""}}",[],[],a847b80b-ac49-43a7-b7e4-cbf20746015e,"{""en"": {""value"": ""dammar resin"", ""direction"": ""ltr""}}",[],[],[],ffb7db29-feaa-4091-b563-2e7bd7228c35,0.0249,[],[],1eecbf08-ddcf-4f82-ba94-58198ca6233c,"{""en"": {""value"": ""whole egg"", ""direction"": ""ltr""}}",[],[],[],8a326deb-11ec-4ac9-a1ee-d9afd70317e6,25.254,[],[],,,,,,
48e4fcc6-f4b4-430e-a579-60137c0c80e1,d4e956f7-9fad-4fd2-94e3-563a3b2c3585,a4ea5a7a-d7f0-11ef-a75a-0275dc2ded29,1,5d3fff7e-f09d-4cbe-b72d-b35411e018a3,"{""en"": {""value"": ""0.0249 g dammar resin"", ""direction"": ""ltr""}}",[],[],a6cf7813-e6c4-407a-bb4f-61ee9c1143c2,"{""en"": {""value"": ""25.254 g whole egg"", ""direction"": ""ltr""}}",[],[],1076e381-a436-4bd6-b1eb-68cef45e670a,"{""en"": {""value"": ""dammar resin"", ""direction"": ""ltr""}}",[],[],[],744575e6-fcb2-4ccd-8ea3-327d6b22bf4c,0.0249,[],[],cb3fb034-8c84-4653-b64c-619f571ff74e,"{""en"": {""value"": ""whole egg"", ""direction"": ""ltr""}}",[],[],[],34a2e047-f079-419e-87e3-379cf69eed2f,25.254,[],[],,,,,,
299fe4ab-d19f-47ee-b7df-92a52f8199e9,d4e956f7-9fad-4fd2-94e3-563a3b2c3585,a4ea5a7a-d7f0-11ef-a75a-0275dc2ded29,1,ee9b6ca7-b4a5-4ff4-847e-05d6db7c6bf9,"{""en"": {""value"": ""0.0249 g dammar resin"", ""direction"": ""ltr""}}",[],[],efa505ad-c09f-44f9-8fb3-2a1467dbd595,"{""en"": {""value"": ""25.254 g whole egg"", ""direction"": ""ltr""}}",[],[],c4065c39-2975-4375-a516-e75097c09494,"{""en"": {""value"": ""dammar resin"", ""direction"": ""ltr""}}",[],[],[],bcae7056-472c-4f05-a3f5-eebdd68119bb,0.0249,[],[],02524c57-cae8-4fd4-8a66-56451e9ae42d,"{""en"": {""value"": ""whole egg"", ""direction"": ""ltr""}}",[],[],[],21ed8797-f5cb-4f9c-93b8-2f17bb28adc3,25.254,[],[],,,,,,
85cfcfda-2518-4d16-bd5d-d7ce50139681,d4e956f7-9fad-4fd2-94e3-563a3b2c3585,a4ea5a7a-d7f0-11ef-a75a-0275dc2ded29,1,a64b3640-2031-423a-9493-eb705d095604,"{""en"": {""value"": ""0.0249 g damar resin"", ""direction"": ""ltr""}}",[],[],2c3037fa-77bb-4ebf-b6d3-d6a17e152245,"{""en"": {""value"": ""25.254 g whole egg"", ""direction"": ""ltr""}}",[],[],1d23ba36-bba5-4428-8f54-b14022598d13,"{""en"": {""value"": ""dammar resin"", ""direction"": ""ltr""}}",[],[],[],059ca38a-8be9-41f3-a4a8-3298c72e3f67,0.0249,[],[],22267263-558f-486c-b89c-895a2af1485c,"{""en"": {""value"": ""whole egg"", ""direction"": ""ltr""}}",[],[],[],725e03ff-1ad8-4a4f-8924-914e9db26fdf,25.254,[],[],,,,,,
8af58a06-62cb-438b-a1db-474b0cd3da99,d4e956f7-9fad-4fd2-94e3-563a3b2c3585,a4ea5a7a-d7f0-11ef-a75a-0275dc2ded29,1,68f70cd3-a970-4145-94c5-2535624a3a42,"{""en"": {""value"": ""0.060 g dammar resin"", ""direction"": ""ltr""}}",[],[],4c8be79d-42ab-44d0-bd03-900d06e76976,"{""en"": {""value"": ""30.010 g whole egg"", ""direction"": ""ltr""}}",[],[],86e63cc6-b67b-420e-9a4d-c7391985c34d,"{""en"": {""value"": ""dammar resin"", ""direction"": ""ltr""}}",[],[],[],4d116e8f-0ce4-47af-9d91-eade4ebb0a9e,0.06,[],[],56f6a760-1af5-4d9f-8853-0b50503d0355,"{""en"": {""value"": ""whole egg"", ""direction"": ""ltr""}}",[],[],[],f006e149-adc3-4bcb-aa18-7af086a62b93,30.01,[],[],,,,,,
3bf8cdff-ff35-43b4-b30f-f98781c44616,d4e956f7-9fad-4fd2-94e3-563a3b2c3585,a4ea5a7a-d7f0-11ef-a75a-0275dc2ded29,1,1f5693b7-63c0-4110-a243-a61e06d8241d,"{""en"": {""value"": ""0.060 g dammar resin"", ""direction"": ""ltr""}}",[],[],5867ab3f-bc01-4b8c-a6de-75b471c77b71,"{""en"": {""value"": ""30.010 g whole egg"", ""direction"": ""ltr""}}",[],[],b08f093e-fc65-4b2d-a3cb-002482f75f4f,"{""en"": {""value"": ""dammar resin"", ""direction"": ""ltr""}}",[],[],[],6a72216b-02d4-40c1-bbe8-b4044246232f,0.06,[],[],10a1cfcf-21fa-44e9-b81e-3d4d28cefc43,"{""en"": {""value"": ""whole egg"", ""direction"": ""ltr""}}",[],[],[],5cf4bc47-2f5c-42c4-850d-847c6f40b475,30.01,[],[],,,,,,
67d98e7e-8ab9-483b-b7b0-dce249ccbdda,d4e956f7-9fad-4fd2-94e3-563a3b2c3585,a4ea5a7a-d7f0-11ef-a75a-0275dc2ded29,1,7dd7a8da-effe-4f6c-9b2b-9b41a200a743,"{""en"": {""value"": ""0.060 g dammar resin"", ""direction"": ""ltr""}}",[],[],7bfc0036-5c91-4ce6-bd79-84f9df414515,"{""en"": {""value"": ""30.010 g whole egg"", ""direction"": ""ltr""}}",[],[],7c3390f6-797c-4ed1-945e-cde17aece85f,"{""en"": {""value"": ""dammar resin"", ""direction"": ""ltr""}}",[],[],[],cb1d75e2-4afa-4f71-ba5d-2ffad64649df,0.06,[],[],0f2c59f2-155c-46c4-8aa8-ea21ce333478,"{""en"": {""value"": ""whole egg"", ""direction"": ""ltr""}}",[],[],[],44cd95b0-5fa7-4656-8bba-2ace4ba72f12,30.01,[],[],,,,,,
b2cce6a8-a054-462f-a622-2228b0843cd5,d4e956f7-9fad-4fd2-94e3-563a3b2c3585,a4ea5a7a-d7f0-11ef-a75a-0275dc2ded29,1,72aa98be-b917-4aaa-84e9-a32cd90b6e79,"{""en"": {""value"": ""0.060 g dammar resin"", ""direction"": ""ltr""}}",[],[],51b1aef8-932b-46cc-ab49-e0e378177aad,"{""en"": {""value"": ""30.010 g whole egg"", ""direction"": ""ltr""}}",[],[],c4b12882-c173-47db-99e2-ea92d39e473b,"{""en"": {""value"": ""dammar resin"", ""direction"": ""ltr""}}",[],[],[],514571ad-a542-4592-b19a-f1e96222ce99,0.06,[],[],d7937e8f-c27b-417b-99d8-7aaea2571f8d,"{""en"": {""value"": ""whole egg"", ""direction"": ""ltr""}}",[],[],[],3e0d4388-2a68-4097-ae86-7f6c9603461d,30.01,[],[],,,,,,
638ae3e7-f1f1-44ed-a58a-3ad382cb7278,d4e956f7-9fad-4fd2-94e3-563a3b2c3585,a4ea5a7a-d7f0-11ef-a75a-0275dc2ded29,1,6836aec7-c094-4470-a1ee-78bd6bc865af,"{""en"": {""value"": ""0.231 g dammar resin"", ""direction"": ""ltr""}}",[],[],366b3ecd-7b53-4a35-be5f-194c7259169c,"{""en"": {""value"": ""32.985 g whole egg"", ""direction"": ""ltr""}}",[],[],78f3729e-4d0e-451a-b1e8-916e303c57cf,"{""en"": {""value"": ""dammar resin"", ""direction"": ""ltr""}}",[],[],[],07848fde-d33f-4275-8dc6-498bedbc635e,0.231,[],[],54981311-0ef7-4633-9f65-7fe4796c1550,"{""en"": {""value"": ""whole egg"", ""direction"": ""ltr""}}",[],[],[],238a004c-5eef-4131-abc1-7004d29e42a7,32.985,[],[],,,,,,
9ee7fa7a-7ad2-48c8-ae5f-d53c9faa4408,d4e956f7-9fad-4fd2-94e3-563a3b2c3585,a4ea5a7a-d7f0-11ef-a75a-0275dc2ded29,1,dd5cb279-c2ac-45b7-a5b7-4cc219f58d12,"{""en"": {""value"": ""0.231 g dammar resin"", ""direction"": ""ltr""}}",[],[],0bedac4c-f176-49f7-8feb-64a79a56723b,"{""en"": {""value"": ""32.985 g whole egg"", ""direction"": ""ltr""}}",[],[],ef246499-462a-43e3-812d-fa8610b15d28,"{""en"": {""value"": ""dammar resin"", ""direction"": ""ltr""}}",[],[],[],5f5f9018-c033-4353-b9d8-7a6b3f89eb55,0.231,[],[],d0f6fb2a-9242-4944-a3f4-73e458c8d42f,"{""en"": {""value"": ""whole egg"", ""direction"": ""ltr""}}",[],[],[],aec28ea8-04f7-4431-bafc-7b644b42aba8,32.985,[],[],,,,,,
5dcfe79d-b4f7-4b38-8017-2a56a013246a,d4e956f7-9fad-4fd2-94e3-563a3b2c3585,a4ea5a7a-d7f0-11ef-a75a-0275dc2ded29,1,46ec081c-5954-4e69-b8b9-fedd2aedba60,"{""en"": {""value"": ""0.231 g dammar resin"", ""direction"": ""ltr""}}",[],[],a4e089c1-a78a-4cbf-9fb0-75b3cd74b97f,"{""en"": {""value"": ""32.985 g whole egg"", ""direction"": ""ltr""}}",[],[],00d67e47-ee00-479b-b619-d685573e9a1e,"{""en"": {""value"": ""dammar resin"", ""direction"": ""ltr""}}",[],[],[],52122b58-b9b0-49a7-8969-e056c685690a,0.231,[],[],16868d33-d35b-4b55-89ed-bb9ca5f4924b,"{""en"": {""value"": ""whole egg"", ""direction"": ""ltr""}}",[],[],[],c23443e0-f6ec-4f30-9a4e-a0c9bfa7ba02,32.985,[],[],,,,,,
3c5feb0f-f4ba-4ed4-a878-6e5c11c5beb8,d4e956f7-9fad-4fd2-94e3-563a3b2c3585,a4ea5a7a-d7f0-11ef-a75a-0275dc2ded29,1,00598ed1-003d-42f5-8d8c-c238dbd2f7cc,"{""en"": {""value"": ""0.231 g dammar resin"", ""direction"": ""ltr""}}",[],[],e1ca17d2-7138-4bd2-845a-e740afa7dbb6,"{""en"": {""value"": ""32.985 g whole egg"", ""direction"": ""ltr""}}",[],[],4b56ebe6-7c95-4e32-8eeb-08abc5f196b8,"{""en"": {""value"": ""dammar resin"", ""direction"": ""ltr""}}",[],[],[],a5f65ca2-1e83-4fa7-aacb-0c1fe671e2a5,0.231,[],[],860de34e-91d9-4c04-ad05-c89d0d78d1bc,"{""en"": {""value"": ""whole egg"", ""direction"": ""ltr""}}",[],[],[],8cb4deeb-3954-44b0-93ff-b6c3043aa2de,32.985,[],[],,,,,,
1cf09557-6daf-4390-8c36-a622f01a258f,d4e956f7-9fad-4fd2-94e3-563a3b2c3585,a4ea5a7a-d7f0-11ef-a75a-0275dc2ded29,1,c140765a-5009-4ba1-b229-9a81b2018003,"{""en"": {""value"": ""0.418 g dammar resin"", ""direction"": ""ltr""}}",[],[],4297a700-f039-4230-8194-f23bf1eee46e,"{""en"": {""value"": ""20.918 g whole egg"", ""direction"": ""ltr""}}",[],[],91d5d988-69f5-4862-9f36-e3f7b8135c47,"{""en"": {""value"": ""dammar resin"", ""direction"": ""ltr""}}",[],[],[],36e0efb8-a96d-41ab-b575-f05674d8edf0,0.418,[],[],f1060314-06e8-40fe-b349-7f9d62d6f6b0,"{""en"": {""value"": ""whole egg"", ""direction"": ""ltr""}}",[],[],[],95256c29-75b5-4b16-b5f2-b344a1eb8157,20.918,[],[],,,,,,
834e3d1e-9c9d-4153-882a-cd97e27aa05e,d4e956f7-9fad-4fd2-94e3-563a3b2c3585,a4ea5a7a-d7f0-11ef-a75a-0275dc2ded29,1,569ea4de-5926-4a7a-9a56-5a14dfc15073,"{""en"": {""value"": ""0.418 g dammar resin"", ""direction"": ""ltr""}}",[],[],9a7a15c1-714f-48dd-b1e1-edcd654af3c9,"{""en"": {""value"": ""20.918 g whole egg"", ""direction"": ""ltr""}}",[],[],29c25a85-6bb1-4f78-a331-dd250eb2b650,"{""en"": {""value"": ""dammar resin"", ""direction"": ""ltr""}}",[],[],[],d82c570b-6160-418b-ad12-e4fdb9902196,0.418,[],[],a99840af-3731-479d-8b68-eed7e3de5d4e,"{""en"": {""value"": ""whole egg"", ""direction"": ""ltr""}}",[],[],[],d09f890d-18d9-444e-b650-ecaa58f7d3b7,20.918,[],[],,,,,,
1ff18b6a-6323-47f7-ba0f-063c8c70f49d,d4e956f7-9fad-4fd2-94e3-563a3b2c3585,a4ea5a7a-d7f0-11ef-a75a-0275dc2ded29,1,fe7d52bb-dd3c-4b27-8d9b-dc7eec3f125f,"{""en"": {""value"": ""0.418 g dammar resin"", ""direction"": ""ltr""}}",[],[],52f49603-240d-48d2-a7e9-6b2e597f2370,"{""en"": {""value"": ""20.918 g whole egg"", ""direction"": ""ltr""}}",[],[],1aabde2e-282c-49cb-8976-df5a77869796,"{""en"": {""value"": ""dammar resin"", ""direction"": ""ltr""}}",[],[],[],69f60e22-cd63-4a8e-b12b-f2b9b06d46c5,0.418,[],[],a342a434-7f5e-4ad5-b5ae-a0ee977d9056,"{""en"": {""value"": ""whole egg"", ""direction"": ""ltr""}}",[],[],[],1a823430-8c06-467d-896e-fdcd63dc6cb2,20.918,[],[],,,,,,
c83642e2-02f3-458d-af71-05ed1f6ec7ba,d4e956f7-9fad-4fd2-94e3-563a3b2c3585,a4ea5a7a-d7f0-11ef-a75a-0275dc2ded29,1,2e6b5fcb-2b8d-499e-b773-7e847d7cb73d,"{""en"": {""value"": ""0.418 g dammar resin"", ""direction"": ""ltr""}}",[],[],60c88415-f774-4622-8679-47223471100e,"{""en"": {""value"": ""20.918 g whole egg"", ""direction"": ""ltr""}}",[],[],ed3d701e-25b3-4326-b494-31b51dab440b,"{""en"": {""value"": ""dammar resin"", ""direction"": ""ltr""}}",[],[],[],1f12786a-d0c4-4711-bf44-ed65b2613d2c,0.418,[],[],a3d2290e-61d2-4074-91bd-970f8165858f,"{""en"": {""value"": ""whole egg"", ""direction"": ""ltr""}}",[],[],[],e95782c5-5025-462a-858f-10cab9a13b2f,20.918,[],[],,,,,,
eeeec4b4-5ae9-4013-b692-3b2d74e3d926,d4e956f7-9fad-4fd2-94e3-563a3b2c3585,a4ea5a7a-d7f0-11ef-a75a-0275dc2ded29,1,44b0e214-32c9-410b-9be9-8fefb6d7269b,"{""en"": {""value"": ""1.88 g dammar resin"", ""direction"": ""ltr""}}",[],[],e189f55c-e79b-4ea0-8e85-3d84ec8ffdec,"{""en"": {""value"": ""25.00 g whole egg"", ""direction"": ""ltr""}}",[],[],d8ea530e-1232-4df2-a6c3-034690d52eff,"{""en"": {""value"": ""dammar resin"", ""direction"": ""ltr""}}",[],[],[],8f732458-9604-495a-b3f2-b7eb3bb72d7d,1.88,[],[],7d677222-0f84-4de2-ba31-6274b8572b4f,"{""en"": {""value"": ""whole egg"", ""direction"": ""ltr""}}",[],[],[],26a6e7e5-d638-4a49-a32b-5254f9816019,25.0,[],[],,,,,,
9c8862c9-2acf-4bf7-8414-21b428311cf0,d4e956f7-9fad-4fd2-94e3-563a3b2c3585,a4ea5a7a-d7f0-11ef-a75a-0275dc2ded29,1,0f508715-41ac-4b8b-bd14-f9c90bd89ec3,"{""en"": {""value"": ""1.88 g dammar resin"", ""direction"": ""ltr""}}",[],[],553bc9e8-e68a-4ac4-a143-d5500b2d2bad,"{""en"": {""value"": ""25.00 g whole egg"", ""direction"": ""ltr""}}",[],[],f5fe5f29-9bbc-4a90-b921-53ae972cc43b,"{""en"": {""value"": ""dammar resin"", ""direction"": ""ltr""}}",[],[],[],646fb4cc-3b7a-4242-8820-5db1e40ee558,1.88,[],[],f3896f64-c898-47c3-85bf-cf2f8ea72a24,"{""en"": {""value"": ""whole egg"", ""direction"": ""ltr""}}",[],[],[],50168741-ec88-4a0c-b18f-93a8ca450ab2,25.0,[],[],,,,,,
a4d243c0-0251-40e1-b755-a323dbc2490d,d4e956f7-9fad-4fd2-94e3-563a3b2c3585,a4ea5a7a-d7f0-11ef-a75a-0275dc2ded29,1,feb6d4a8-9c09-4675-9edc-6be240f44265,"{""en"": {""value"": ""1.88 g dammar resin"", ""direction"": ""ltr""}}",[],[],16d52289-dcb9-4543-a212-1781521e403a,"{""en"": {""value"": ""25.00 g whole egg"", ""direction"": ""ltr""}}",[],[],ada92e4c-70af-402e-a4a7-5292494f933d,"{""en"": {""value"": ""dammar resin"", ""direction"": ""ltr""}}",[],[],[],f6fa07e4-24d4-403e-8689-407c9f3fce39,1.88,[],[],368036d6-253e-4123-9f9b-18e1e9f780c7,"{""en"": {""value"": ""whole egg"", ""direction"": ""ltr""}}",[],[],[],1faf4035-bbe9-49fe-bcb5-71923171657a,25.0,[],[],,,,,,
e75e32e7-41cc-4308-8cae-6ad69c9ef477,d4e956f7-9fad-4fd2-94e3-563a3b2c3585,a4ea5a7a-d7f0-11ef-a75a-0275dc2ded29,1,a982d70d-5fee-44ef-9881-6342b72c3f30,"{""en"": {""value"": ""1.88 g dammar resin"", ""direction"": ""ltr""}}",[],[],c533969d-2679-4416-8784-46e7015c06b5,"{""en"": {""value"": ""25.00 g whole egg"", ""direction"": ""ltr""}}",[],[],02379b6e-391c-4c53-b979-32a9635e6003,"{""en"": {""value"": ""dammar resin"", ""direction"": ""ltr""}}",[],[],[],0df0dbc1-340a-4dcc-b52d-857d872bd906,1.88,[],[],0fbeb7fc-074e-4349-b9de-60a8ab0c1ea5,"{""en"": {""value"": ""whole egg"", ""direction"": ""ltr""}}",[],[],[],d0cf3bea-55b9-42e7-aa65-928925e1292d,25.0,[],[],,,,,,
262f60b1-34b8-40cd-af59-4689a8538253,d4e956f7-9fad-4fd2-94e3-563a3b2c3585,a4ea5a7a-d7f0-11ef-a75a-0275dc2ded29,1,6e42cebd-c4d0-4d5a-9187-2162f10ce740,"{""en"": {""value"": ""4.51 g dammar resin"", ""direction"": ""ltr""}}",[],[],1db5eb4f-262b-49d6-b2a8-916c3eb63a50,"{""en"": {""value"": ""15.00 g whole egg"", ""direction"": ""ltr""}}",[],[],779f5b92-7a3a-4394-9279-28b6414cc4b8,"{""en"": {""value"": ""dammar resin"", ""direction"": ""ltr""}}",[],[],[],563f1848-71b7-4bb5-b5ff-6f9a0ed685ee,4.51,[],[],5f22dfe3-79e3-4779-ab59-4ad039a2cba7,"{""en"": {""value"": ""whole egg"", ""direction"": ""ltr""}}",[],[],[],532da434-6af0-4fa5-8618-e871f8706b31,15.0,[],[],,,,,,
07533ff9-a873-4043-bb9d-ec91a2eefaad,d4e956f7-9fad-4fd2-94e3-563a3b2c3585,a4ea5a7a-d7f0-11ef-a75a-0275dc2ded29,1,b4849d5f-92f4-49ff-8179-212310da0c5b,"{""en"": {""value"": ""4.51 g dammar resin"", ""direction"": ""ltr""}}",[],[],b4f50120-41af-48fb-bbfe-e754589f420a,"{""en"": {""value"": ""15.00 g whole egg"", ""direction"": ""ltr""}}",[],[],f8eb8769-7b67-4973-b034-199d23a97202,"{""en"": {""value"": ""dammar resin"", ""direction"": ""ltr""}}",[],[],[],e8f1dd01-44fd-4b5e-9224-1331dc16915a,4.51,[],[],92a08d3f-2481-44d3-93cb-77b2f28e0855,"{""en"": {""value"": ""whole egg"", ""direction"": ""ltr""}}",[],[],[],cb50fda3-e18a-46d8-b320-63e2552484e9,15.0,[],[],,,,,,
6fc5d3b2-3d72-41b3-80c7-7af5f13598b9,d4e956f7-9fad-4fd2-94e3-563a3b2c3585,a4ea5a7a-d7f0-11ef-a75a-0275dc2ded29,1,d1d5577b-a687-4790-b91d-6408c566ef10,"{""en"": {""value"": ""4.51 g dammar resin"", ""direction"": ""ltr""}}",[],[],29ed7736-da2a-41e6-a6b4-a9e2e8f2287f,"{""en"": {""value"": ""15.00 g whole egg"", ""direction"": ""ltr""}}",[],[],f0849258-9598-457e-be1b-3fc20577d8ae,"{""en"": {""value"": ""dammar resin"", ""direction"": ""ltr""}}",[],[],[],9d67dd86-3f8e-44f8-9a96-07950d6945ca,4.51,[],[],8f383c20-310b-47bd-800a-ac903990971b,"{""en"": {""value"": ""whole egg"", ""direction"": ""ltr""}}",[],[],[],f16c7390-2fa2-49c9-89e6-c60a73e03e2f,15.0,[],[],,,,,,
c4a2f2cc-5bf0-4ee5-8604-b9d9cc162abd,d4e956f7-9fad-4fd2-94e3-563a3b2c3585,a4ea5a7a-d7f0-11ef-a75a-0275dc2ded29,1,8fdd2c6e-90c2-43fb-b4f2-58c3c9d53747,"{""en"": {""value"": ""4.51 g dammar resin"", ""direction"": ""ltr""}}",[],[],96db57c5-b418-4c2e-8e2d-c0abbe248cac,"{""en"": {""value"": ""15.00 g whole egg"", ""direction"": ""ltr""}}",[],[],6b305397-586a-4199-830d-71adba0157e8,"{""en"": {""value"": ""dammar resin"", ""direction"": ""ltr""}}",[],[],[],d2ba1f85-1edf-4b13-8c7d-0b44430becea,4.51,[],[],0a80a6c8-f238-47da-826d-7bdc9cd110e8,"{""en"": {""value"": ""whole egg"", ""direction"": ""ltr""}}",[],[],[],002cfd4a-aa5f-4cc9-ad4a-3b43097dca9c,15.0,[],[],,,,,,
e0c1145c-af43-4020-85e5-967a3aca96aa,d4e956f7-9fad-4fd2-94e3-563a3b2c3585,a4ea5a7a-d7f0-11ef-a75a-0275dc2ded29,1,87dd32f5-aef7-451d-b343-8e74c7939e9d,"{""en"": {""value"": ""5.161 g dammar resin"", ""direction"": ""ltr""}}",[],[],f0d17a77-6301-439e-aba9-060905bb0b43,"{""en"": {""value"": ""5.161 g whole egg"", ""direction"": ""ltr""}}",[],[],94261152-9d35-4a79-8a46-decfe118203f,"{""en"": {""value"": ""dammar resin"", ""direction"": ""ltr""}}",[],[],[],f85043ff-b5b3-4992-acbc-7803c8c1c5f0,5.161,[],[],cd2d2559-7ed0-4b52-bfdc-4b4976d90a9f,"{""en"": {""value"": ""whole egg"", ""direction"": ""ltr""}}",[],[],[],4a623637-8685-47cb-a278-5afc1da95aaa,5.161,[],[],,,,,,
f4772762-2b8f-48ce-81b9-735fa31fb56b,d4e956f7-9fad-4fd2-94e3-563a3b2c3585,a4ea5a7a-d7f0-11ef-a75a-0275dc2ded29,1,64eed95f-cb3d-4145-9443-1e8c297e97b5,"{""en"": {""value"": ""5.161 g dammar resin"", ""direction"": ""ltr""}}",[],[],d8ae4137-fdc3-4eb8-8599-17dc77cab935,"{""en"": {""value"": ""5.161 g whole egg"", ""direction"": ""ltr""}}",[],[],8e57dbc8-b882-450d-888c-a3d06748f925,"{""en"": {""value"": ""dammar resin"", ""direction"": ""ltr""}}",[],[],[],a88f734a-a7e7-4400-9469-964e45886a39,5.161,[],[],fb74ef8f-4b7f-4ffd-9296-70fecec7c0e3,"{""en"": {""value"": ""whole egg"", ""direction"": ""ltr""}}",[],[],[],27ddf4d0-ad64-43dc-8bf1-d7e0da04f0ef,5.161,[],[],,,,,,
6377323c-560a-45df-9a81-1654eec55a34,d4e956f7-9fad-4fd2-94e3-563a3b2c3585,a4ea5a7a-d7f0-11ef-a75a-0275dc2ded29,1,53a49c54-9bdb-46eb-8230-6f7ed8940c06,"{""en"": {""value"": ""5.161 g dammar resin"", ""direction"": ""ltr""}}",[],[],a8e078bd-522b-4cf0-8a08-36c8efe85e56,"{""en"": {""value"": ""5.161 g whole egg"", ""direction"": ""ltr""}}",[],[],0ea54976-a426-4960-a4f8-3cf4e0d2b779,"{""en"": {""value"": ""dammar resin"", ""direction"": ""ltr""}}",[],[],[],a45be826-f4fd-4e24-8d2e-830248cfbce3,5.161,[],[],92b463fe-9a77-49ed-b0f5-7d9c5d97557f,"{""en"": {""value"": ""whole egg"", ""direction"": ""ltr""}}",[],[],[],ae14028c-075e-4a76-b966-93e08e509b4f,5.161,[],[],,,,,,
ff8dfd36-9e67-4cee-9f89-0b7b27126136,d4e956f7-9fad-4fd2-94e3-563a3b2c3585,a4ea5a7a-d7f0-11ef-a75a-0275dc2ded29,1,94510ccd-68dc-47df-8531-2e600b1a208f,"{""en"": {""value"": ""5.161 g dammar resin"", ""direction"": ""ltr""}}",[],[],094a28e6-3d44-4fa0-a22d-212a6068e536,"{""en"": {""value"": ""5.161 g whole egg"", ""direction"": ""ltr""}}",[],[],297e6833-ec0b-4585-a982-7bf64d0768b3,"{""en"": {""value"": ""dammar resin"", ""direction"": ""ltr""}}",[],[],[],977dced1-de32-40bd-88e7-9622b8f3a6f0,5.161,[],[],90365b81-e180-4318-8fcb-7e3206b80523,"{""en"": {""value"": ""whole egg"", ""direction"": ""ltr""}}",[],[],[],65775d97-02c1-4075-a8dd-5c7654ab7bd6,5.161,[],[],,,,,,
1fad0acf-f67e-499f-ace6-4b464eddde6f,d4e956f7-9fad-4fd2-94e3-563a3b2c3585,a4ea5a7a-d7f0-11ef-a75a-0275dc2ded29,1,ecc6a3be-5390-491d-99a3-d489ab0a188e,"{""en"": {""value"": ""11.43 g dammar resin"", ""direction"": ""ltr""}}",[],[],df75d8f3-ef28-443d-bf9c-35606f364863,"{""en"": {""value"": ""1.90 g whole egg"", ""direction"": ""ltr""}}",[],[],0540c6a9-fde7-446a-aff9-7766280c28c8,"{""en"": {""value"": ""dammar resin"", ""direction"": ""ltr""}}",[],[],[],2285ee89-f8c8-40f1-81d8-585e433ce9d9,11.43,[],[],08a04520-93fa-4131-ad4b-488516e89fac,"{""en"": {""value"": ""whole egg"", ""direction"": ""ltr""}}",[],[],[],bcc69345-59b6-46ff-964e-1aa30e0d3632,1.9,[],[],,,,,,
9a4d889d-69db-4dce-b1d0-b2ddfd2f142f,d4e956f7-9fad-4fd2-94e3-563a3b2c3585,a4ea5a7a-d7f0-11ef-a75a-0275dc2ded29,1,902d6693-d10b-42ff-bca7-eb2c81d559d0,"{""en"": {""value"": ""11.43 g dammar resin"", ""direction"": ""ltr""}}",[],[],4ca6536e-e54d-47e9-956f-ec3600aab002,"{""en"": {""value"": ""1.90 g whole egg"", ""direction"": ""ltr""}}",[],[],aa5ba6d6-2d44-40d7-bd08-69ad24d41de6,"{""en"": {""value"": ""dammar resin"", ""direction"": ""ltr""}}",[],[],[],5856b1d9-cd3f-4ce8-806f-23bf628b58a0,11.43,[],[],b0447536-7f99-41a4-8c2e-98b19f264580,"{""en"": {""value"": ""whole egg"", ""direction"": ""ltr""}}",[],[],[],8e92aa25-5ccc-4e3a-acfe-be997f03be25,1.9,[],[],,,,,,
bf890291-b970-4130-8ffe-9c08cd49c883,d4e956f7-9fad-4fd2-94e3-563a3b2c3585,a4ea5a7a-d7f0-11ef-a75a-0275dc2ded29,1,b79cad76-aab5-4a61-8ea3-272f82cf727a,"{""en"": {""value"": ""11.43 g dammar resin"", ""direction"": ""ltr""}}",[],[],0cf23f21-1190-4387-9adf-c9049c9e7578,"{""en"": {""value"": ""1.90 g whole egg"", ""direction"": ""ltr""}}",[],[],9c764711-d8a7-4565-98fa-ec6a66b7d735,"{""en"": {""value"": ""dammar resin"", ""direction"": ""ltr""}}",[],[],[],36fbe213-2da2-4891-b1c5-f7090c20c4dc,11.43,[],[],720d4bf4-2f15-4369-952c-5d0d14473173,"{""en"": {""value"": ""whole egg"", ""direction"": ""ltr""}}",[],[],[],b21e7ad8-3cf5-4a6b-981a-fd3970f0bb5d,1.9,[],[],,,,,,
b5590e53-a010-44d3-8e6d-f2320fc18425,d4e956f7-9fad-4fd2-94e3-563a3b2c3585,a4ea5a7a-d7f0-11ef-a75a-0275dc2ded29,1,96f944d4-c33c-429e-9457-e06fb6495d51,"{""en"": {""value"": ""11.43 g dammar resin"", ""direction"": ""ltr""}}",[],[],9a9f7224-7626-4a47-8d6c-9a85a5b60887,"{""en"": {""value"": ""1.90 g whole egg"", ""direction"": ""ltr""}}",[],[],994153c1-7a38-4784-a0d5-64ac1de31179,"{""en"": {""value"": ""dammar resin"", ""direction"": ""ltr""}}",[],[],[],abcff51e-c871-4a0b-9c3f-5ecde73929b3,11.43,[],[],bce983f1-beec-4170-886b-b50b75b1a534,"{""en"": {""value"": ""whole egg"", ""direction"": ""ltr""}}",[],[],[],1d1d3b95-e9c2-4012-aac1-4aa16f4090f2,1.9,[],[],,,,,,
cade094b-e11b-43ab-aef6-625315ea95a5,d4e956f7-9fad-4fd2-94e3-563a3b2c3585,a4ea5a7a-d7f0-11ef-a75a-0275dc2ded29,1,c13e89fe-0715-42a6-82d5-b364409551aa,"{""en"": {""value"": ""10.00 g dammar resin"", ""direction"": ""ltr""}}",[],[],028f45ac-2b78-4b48-bc5b-beab099fdd4c,"{""en"": {""value"": ""0.500 g whole egg"", ""direction"": ""ltr""}}",[],[],cacb4a40-adf9-4b27-8fd0-213c831ed2a4,"{""en"": {""value"": ""dammar resin"", ""direction"": ""ltr""}}",[],[],[],297f9f29-fc5a-4fa3-b829-2ed6586cadba,10.0,[],[],b559b2ed-f840-4385-9c37-6830e0263f8b,"{""en"": {""value"": ""whole egg"", ""direction"": ""ltr""}}",[],[],[],640526a8-cae3-4d6d-badf-94f65f61d6a4,0.5,[],[],,,,,,
54ea3772-c0bf-4ab1-808c-1245c2d59dc8,d4e956f7-9fad-4fd2-94e3-563a3b2c3585,a4ea5a7a-d7f0-11ef-a75a-0275dc2ded29,1,c4e1b3f4-005b-4b27-9e9f-fdc78a0cd836,"{""en"": {""value"": ""10.00 g dammar resin"", ""direction"": ""ltr""}}",[],[],05425ba3-ffc7-4631-865e-e5450f993220,"{""en"": {""value"": ""0.500 g whole egg"", ""direction"": ""ltr""}}",[],[],ae5cae71-8d4c-4321-963d-bcf15793931c,"{""en"": {""value"": ""dammar resin"", ""direction"": ""ltr""}}",[],[],[],d0c74182-56c6-472f-9e25-ae80ddbac8a7,10.0,[],[],3d046799-0160-40eb-9489-04d8e526e214,"{""en"": {""value"": ""whole egg"", ""direction"": ""ltr""}}",[],[],[],834ed305-af94-40f8-b3e4-7711542c91c6,0.5,[],[],,,,,,
54b94879-dcc5-401b-ad37-37dbcd2eb083,d4e956f7-9fad-4fd2-94e3-563a3b2c3585,a4ea5a7a-d7f0-11ef-a75a-0275dc2ded29,1,2c8420d7-fe93-4e4f-b068-298d42144731,"{""en"": {""value"": ""10.00 g dammar resin"", ""direction"": ""ltr""}}",[],[],6a5e6454-9ad6-4254-ad77-fc5850d893cd,"{""en"": {""value"": ""0.500 g whole egg"", ""direction"": ""ltr""}}",[],[],921e6555-bedd-4706-8d3e-bd2f152feb89,"{""en"": {""value"": ""dammar resin"", ""direction"": ""ltr""}}",[],[],[],5762f997-7e6a-4673-ad09-ef5323e7509f,10.0,[],[],05ebb32a-eeb6-43c2-a302-5428b884cc4e,"{""en"": {""value"": ""whole egg"", ""direction"": ""ltr""}}",[],[],[],c59a0b73-462e-4868-9223-72caf67f894b,0.5,[],[],,,,,,
321510c5-59bf-47d9-a2f9-79cf54c1879c,d4e956f7-9fad-4fd2-94e3-563a3b2c3585,a4ea5a7a-d7f0-11ef-a75a-0275dc2ded29,1,ad007f8e-6aef-488b-9af9-3fcea6777d6a,"{""en"": {""value"": ""10.00 g dammar resin"", ""direction"": ""ltr""}}",[],[],59d51dcb-3342-4648-af84-1544e93604e2,"{""en"": {""value"": ""0.500 g whole egg"", ""direction"": ""ltr""}}",[],[],ee4c4ff6-44f3-4014-99b9-2b561881b5df,"{""en"": {""value"": ""dammar resin"", ""direction"": ""ltr""}}",[],[],[],7b8b92b9-0e2e-4ae3-b9bf-883a0ebee925,10.0,[],[],0a317daa-c639-4057-ac3c-35b69c955a3c,"{""en"": {""value"": ""whole egg"", ""direction"": ""ltr""}}",[],[],[],90094a96-863f-4bb2-935d-b8761a22b8ca,0.5,[],[],,,,,,
9d4129b2-d77a-451a-9225-dce04003b8dc,d4e956f7-9fad-4fd2-94e3-563a3b2c3585,a4ea5a7a-d7f0-11ef-a75a-0275dc2ded29,1,e74d9d98-062c-41fe-af2e-d6faf1780f96,"{""en"": {""value"": ""15.667 g dammar resin"", ""direction"": ""ltr""}}",[],[],2c28c1ca-330e-4ab4-8736-932e52782eb4,"{""en"": {""value"": ""1.592 g whole egg"", ""direction"": ""ltr""}}",[],[],4e27419f-11ef-47ee-b85b-5c89f1a2546e,"{""en"": {""value"": ""dammar resin"", ""direction"": ""ltr""}}",[],[],[],fc1d2995-df69-437f-8223-570540341817,15.667,[],[],77226d42-52f9-4994-a8bb-f5a28457e1d5,"{""en"": {""value"": ""whole egg"", ""direction"": ""ltr""}}",[],[],[],e10f6ca6-1826-488d-b20c-73633f88cb5e,1.592,[],[],,,,,,
759e4d3b-17a8-4651-9853-4470e8e8d720,d4e956f7-9fad-4fd2-94e3-563a3b2c3585,a4ea5a7a-d7f0-11ef-a75a-0275dc2ded29,1,aac6ebf7-9447-4eff-85ef-2f9d2f14604b,"{""en"": {""value"": ""15.667 g dammar resin"", ""direction"": ""ltr""}}",[],[],51d44f95-09cd-4972-9db8-8cb1ae151054,"{""en"": {""value"": ""1.592 g whole egg"", ""direction"": ""ltr""}}",[],[],4d2478ff-6430-40be-a6ad-2ca8e47f3231,"{""en"": {""value"": ""dammar resin"", ""direction"": ""ltr""}}",[],[],[],401cda16-cb20-4d69-8307-5819658b040c,15.667,[],[],052aa9cc-13fa-4abf-8cb7-fd16cfea82d9,"{""en"": {""value"": ""whole egg"", ""direction"": ""ltr""}}",[],[],[],7e984526-420e-4779-ae58-90de738017f4,1.592,[],[],,,,,,
16e25355-30c4-47f1-897a-cf6c142cf3ee,d4e956f7-9fad-4fd2-94e3-563a3b2c3585,a4ea5a7a-d7f0-11ef-a75a-0275dc2ded29,1,17ac6d16-67d3-4bcd-8d91-835461c24e51,"{""en"": {""value"": ""15.667 g dammar resin"", ""direction"": ""ltr""}}",[],[],587b7e7c-0440-4fac-910f-c1f42880d1ae,"{""en"": {""value"": ""1.592 g whole egg"", ""direction"": ""ltr""}}",[],[],83b1ae5b-a95c-410e-85c2-b7cc83c0c85f,"{""en"": {""value"": ""dammar resin"", ""direction"": ""ltr""}}",[],[],[],cff5a669-75c2-484c-83d8-bfb4ec2043fe,15.667,[],[],6dcc6100-5b94-4a97-ac17-67f487fae28d,"{""en"": {""value"": ""whole egg"", ""direction"": ""ltr""}}",[],[],[],d9a7aa6c-4967-4239-b743-ccca49fb46cd,1.592,[],[],,,,,,
8d92107f-5d06-4cbc-8abf-edec4efa055a,d4e956f7-9fad-4fd2-94e3-563a3b2c3585,a4ea5a7a-d7f0-11ef-a75a-0275dc2ded29,1,46485835-0a81-4d4a-b369-85d41b887faa,"{""en"": {""value"": ""15.667 g dammar resin"", ""direction"": ""ltr""}}",[],[],c20beaca-30ca-4a1e-b363-aaefe06412ac,"{""en"": {""value"": ""1.592 g whole egg"", ""direction"": ""ltr""}}",[],[],baa17acd-7fb2-43b3-b795-def2936d9ccf,"{""en"": {""value"": ""dammar resin"", ""direction"": ""ltr""}}",[],[],[],97f8627c-0474-407f-b043-6276e077fe04,15.667,[],[],f8a091ee-212d-4a14-9557-fe8553b68187,"{""en"": {""value"": ""whole egg"", ""direction"": ""ltr""}}",[],[],[],9a242d1b-e855-40e1-99cb-3e93920b6277,1.592,[],[],,,,,,
c7b24636-c5d8-4495-a399-b3830f439ddc,d4e956f7-9fad-4fd2-94e3-563a3b2c3585,a4ea5a7a-d7f0-11ef-a75a-0275dc2ded29,1,50bf1714-f67b-4cdd-a0f4-e97235a69d90,"{""en"": {""value"": ""18.969 g dammar resin"", ""direction"": ""ltr""}}",[],[],c66290a2-66eb-4640-b246-48a8300813bc,"{""en"": {""value"": ""0.190 g whole egg"", ""direction"": ""ltr""}}",[],[],07fec269-5cde-4833-b739-a0e58cf4516b,"{""en"": {""value"": ""dammar resin"", ""direction"": ""ltr""}}",[],[],[],dbad4362-db38-4bb7-b93a-a8e85db157c0,18.969,[],[],158515a4-4f94-4d0d-a90a-214180c2e5d4,"{""en"": {""value"": ""whole egg"", ""direction"": ""ltr""}}",[],[],[],518e3ca0-7fb3-4e20-b7c8-2636e2fc9644,0.19,[],[],,,,,,
31fc56d9-ec85-4319-8a4e-721429fa9623,d4e956f7-9fad-4fd2-94e3-563a3b2c3585,a4ea5a7a-d7f0-11ef-a75a-0275dc2ded29,1,b0e062df-3c4b-45da-8239-5fe873e61e6e,"{""en"": {""value"": ""18.969 g dammar resin"", ""direction"": ""ltr""}}",[],[],06ff6d74-c9fb-45de-91bd-37688f86a8d2,"{""en"": {""value"": ""0.190 g whole egg"", ""direction"": ""ltr""}}",[],[],76aec9ff-c366-4160-b61c-764e25145974,"{""en"": {""value"": ""dammar resin"", ""direction"": ""ltr""}}",[],[],[],312a38a0-21ad-4f54-a6d3-1187666b8ab2,18.969,[],[],6576d737-b607-4d16-b640-21684a6ea28f,"{""en"": {""value"": ""whole egg"", ""direction"": ""ltr""}}",[],[],[],86cb3bf8-fd03-4173-9a3b-0384499d9a70,0.19,[],[],,,,,,
a0f609a0-1bab-4bda-b4d5-d97b2369c620,d4e956f7-9fad-4fd2-94e3-563a3b2c3585,a4ea5a7a-d7f0-11ef-a75a-0275dc2ded29,1,de253e5e-e1f0-415e-a5e7-2169a8758075,"{""en"": {""value"": ""18.969 g dammar resin"", ""direction"": ""ltr""}}",[],[],bba97123-6803-4454-b629-64eafe106c32,"{""en"": {""value"": ""0.190 g whole egg"", ""direction"": ""ltr""}}",[],[],a057e975-3d3f-4479-a5dd-e523331cd627,"{""en"": {""value"": ""dammar resin"", ""direction"": ""ltr""}}",[],[],[],4acd922b-de56-4a76-b311-f859c82b55ed,18.969,[],[],e460f470-d588-40b5-add9-8f8fc43ed7f7,"{""en"": {""value"": ""whole egg"", ""direction"": ""ltr""}}",[],[],[],9fcab323-4fb0-45e0-b8aa-5b89cba99d05,0.19,[],[],,,,,,
7a99809f-e5c1-4d0b-8199-fcc5501c89ca,d4e956f7-9fad-4fd2-94e3-563a3b2c3585,a4ea5a7a-d7f0-11ef-a75a-0275dc2ded29,1,226233a4-5c7f-4e82-a99b-e1543cb3ec72,"{""en"": {""value"": ""18.969 g dammar resin"", ""direction"": ""ltr""}}",[],[],4dbb74ec-dad7-4cec-96f7-247590faf382,"{""en"": {""value"": ""0.190 g whole egg"", ""direction"": ""ltr""}}",[],[],e8702aa6-9a3d-4f40-8b35-6fe949b0460c,"{""en"": {""value"": ""dammar resin"", ""direction"": ""ltr""}}",[],[],[],9d60ccec-b9ee-4985-a4e4-4b7fb8c65e4a,18.969,[],[],e1e26a02-0be4-421b-83aa-6c6f13ed4594,"{""en"": {""value"": ""whole egg"", ""direction"": ""ltr""}}",[],[],[],194835bd-db4e-4fe8-9141-fb08531cd5f2,0.19,[],[],,,,,,
9c27dfb9-befa-4e80-ab15-ea04cf2bc829,d4e956f7-9fad-4fd2-94e3-563a3b2c3585,a4ea5a7a-d7f0-11ef-a75a-0275dc2ded29,1,7f652398-157c-46d5-845d-07269f69ba28,"{""en"": {""value"": ""18.865 g dammar resin"", ""direction"": ""ltr""}}",[],[],4e0fb244-304e-4a20-bac1-68f1847ecc42,"{""en"": {""value"": ""0.038 g whole egg"", ""direction"": ""ltr""}}",[],[],006a116d-9dba-44b4-b392-9c89cabfc9f4,"{""en"": {""value"": ""dammar resin"", ""direction"": ""ltr""}}",[],[],[],100941c4-f93a-4e3e-b38d-b02ff237553e,18.865,[],[],8fa9e49a-e87b-4f64-b62f-ab9f2034419f,"{""en"": {""value"": ""whole egg"", ""direction"": ""ltr""}}",[],[],[],28be538d-10b4-4c35-aceb-dab472166b23,0.038,[],[],,,,,,
55508624-0272-483f-94ef-2d6013108359,d4e956f7-9fad-4fd2-94e3-563a3b2c3585,a4ea5a7a-d7f0-11ef-a75a-0275dc2ded29,1,592b3e23-51c2-4b28-8968-36a1eaf1ad56,"{""en"": {""value"": ""18.865 g dammar resin"", ""direction"": ""ltr""}}",[],[],00cc46ff-db14-467d-8e52-475c34f56ba3,"{""en"": {""value"": ""0.038 g whole egg"", ""direction"": ""ltr""}}",[],[],bc360f6a-7d11-4d84-b8f3-bd15b5ae25eb,"{""en"": {""value"": ""dammar resin"", ""direction"": ""ltr""}}",[],[],[],5b6adf11-17aa-4775-84d8-9cd1ce1ff821,18.865,[],[],4672fc92-3714-41fa-a93a-106d5e88ba83,"{""en"": {""value"": ""whole egg"", ""direction"": ""ltr""}}",[],[],[],0ea419bf-8abc-4813-a849-09df18e00fef,0.038,[],[],,,,,,
413ac6f7-be1d-4827-b428-f5dc744badc9,d4e956f7-9fad-4fd2-94e3-563a3b2c3585,a4ea5a7a-d7f0-11ef-a75a-0275dc2ded29,1,0ed08de6-8e84-47ee-946f-2e85e0c8d334,"{""en"": {""value"": ""18.865 g dammar resin"", ""direction"": ""ltr""}}",[],[],9b203065-3dda-4340-82c5-0282cb1c81e8,"{""en"": {""value"": ""0.038 g whole egg"", ""direction"": ""ltr""}}",[],[],05a0931d-809c-4842-a74c-881f9a4b784e,"{""en"": {""value"": ""dammar resin"", ""direction"": ""ltr""}}",[],[],[],7da18fcf-562d-4a0f-9ec2-06930ad715cd,18.865,[],[],c0879dbf-7ba4-4e65-8df4-0231c3d229bc,"{""en"": {""value"": ""whole egg"", ""direction"": ""ltr""}}",[],[],[],ffb5c8a6-a30f-4ce4-b153-add00e7c91ac,0.038,[],[],,,,,,
aca37bec-e6ce-4e20-b95b-384bf89cdacb,d4e956f7-9fad-4fd2-94e3-563a3b2c3585,a4ea5a7a-d7f0-11ef-a75a-0275dc2ded29,1,fec1041a-c00f-483e-a759-817919d35bfe,"{""en"": {""value"": ""18.865 g dammar resin"", ""direction"": ""ltr""}}",[],[],7bddf06b-c375-44f2-a933-d13c479a5cfc,"{""en"": {""value"": ""0.038 g whole egg"", ""direction"": ""ltr""}}",[],[],82f55042-7622-41ab-9101-45f5b76e4566,"{""en"": {""value"": ""dammar resin"", ""direction"": ""ltr""}}",[],[],[],159c381d-4ed2-431e-9865-60bb8819a78b,18.865,[],[],ca24248f-678b-4a8f-83ed-afe280da0f2d,"{""en"": {""value"": ""whole egg"", ""direction"": ""ltr""}}",[],[],[],9defb7e9-cefc-4a9a-ac40-9cd36a22f4a6,0.038,[],[],,,,,,
37afcc9d-59b8-4db7-b0ae-5ef42def6296,d4e956f7-9fad-4fd2-94e3-563a3b2c3585,a4ea5a7a-d7f0-11ef-a75a-0275dc2ded29,1,a343fccb-3891-45fe-b61a-f16840ffe815,"{""en"": {""value"": ""21.833 g dammar resin"", ""direction"": ""ltr""}}",[],[],59c672a5-9bbe-4426-8534-3c3ad7decfac,"{""en"": {""value"": ""0.022 g whole egg"", ""direction"": ""ltr""}}",[],[],9debeca4-e9ba-4b5c-b4c0-568ddd8836b4,"{""en"": {""value"": ""dammar resin"", ""direction"": ""ltr""}}",[],[],[],43800cf9-8d6d-476d-b012-9ead34ad8d4c,21.833,[],[],3843a0d4-81b8-41e9-a217-38f03abde339,"{""en"": {""value"": ""whole egg"", ""direction"": ""ltr""}}",[],[],[],0caaba60-6839-49e2-af56-73d696b9fe74,0.022,[],[],,,,,,
8689d6c5-0a50-4b5b-9254-9464ec7805e7,d4e956f7-9fad-4fd2-94e3-563a3b2c3585,a4ea5a7a-d7f0-11ef-a75a-0275dc2ded29,1,c17cff08-87d7-4d3f-adc7-9768b1d46d48,"{""en"": {""value"": ""21.833 g dammar resin"", ""direction"": ""ltr""}}",[],[],f425adb0-79ac-4b23-adf7-3a04fe1c9ade,"{""en"": {""value"": ""0.022 g whole egg"", ""direction"": ""ltr""}}",[],[],ab464563-30dd-4b86-aa42-70af68320a2e,"{""en"": {""value"": ""dammar resin"", ""direction"": ""ltr""}}",[],[],[],673dc9d5-468d-4d27-9d92-1945db8da2c8,21.833,[],[],8afe6435-c84a-4d48-ae1e-051aa9892b1b,"{""en"": {""value"": ""whole egg"", ""direction"": ""ltr""}}",[],[],[],fd94533a-4153-4e75-b410-9c51cc0ddda5,0.022,[],[],,,,,,
ff2a4f86-f4b4-45bf-be57-b3ed0c18b1b0,d4e956f7-9fad-4fd2-94e3-563a3b2c3585,a4ea5a7a-d7f0-11ef-a75a-0275dc2ded29,1,55877e7f-9929-45ff-8163-cbf5fa9e65f3,"{""en"": {""value"": ""21.833 g dammar resin"", ""direction"": ""ltr""}}",[],[],1051fb45-c435-4beb-8fc4-553f3b63ca0e,"{""en"": {""value"": ""0.022 g whole egg"", ""direction"": ""ltr""}}",[],[],d3ca9353-abb3-4ee2-a5ff-dd99fa507739,"{""en"": {""value"": ""dammar resin"", ""direction"": ""ltr""}}",[],[],[],803590fd-131e-40cb-a83b-3a77683a8895,21.833,[],[],3ced828b-c326-4777-a5c6-f00903ec4291,"{""en"": {""value"": ""whole egg"", ""direction"": ""ltr""}}",[],[],[],abababa8-bef0-4a8e-96dc-c1c04ebec041,0.022,[],[],,,,,,
78ba3b83-b321-4dd7-8e5f-c207c8647e2f,d4e956f7-9fad-4fd2-94e3-563a3b2c3585,a4ea5a7a-d7f0-11ef-a75a-0275dc2ded29,1,6bfb795c-aafa-4b18-b682-25005751e84f,"{""en"": {""value"": ""21.833 g dammar resin"", ""direction"": ""ltr""}}",[],[],de2f3559-56cd-4b29-8aa0-0fd3b20776e6,"{""en"": {""value"": ""0.022 g whole egg"", ""direction"": ""ltr""}}",[],[],b071278f-8c64-4bc9-8a1b-60b3283917b2,"{""en"": {""value"": ""dammar resin"", ""direction"": ""ltr""}}",[],[],[],51fc91aa-dfaa-4e44-86e1-1e45e316a1ac,21.833,[],[],f545998d-bb58-464e-9906-1d3cbc1644e1,"{""en"": {""value"": ""whole egg"", ""direction"": ""ltr""}}",[],[],[],463f5f49-bab2-4f35-82bf-096c6378bf75,0.022,[],[],,,,,,
e69631b2-61ba-46cf-ac4f-efbd32aae585,d4e956f7-9fad-4fd2-94e3-563a3b2c3585,a4ea5a7a-d7f0-11ef-a75a-0275dc2ded29,1,8947e3e4-b675-43fd-b352-26f024cc3d88,"{""en"": {""value"": ""0.025 g dammar resin"", ""direction"": ""ltr""}}",[],[],a51e5a51-b193-49c3-afd6-fc36247db80d,"{""en"": {""value"": ""24.975 g beeswax"", ""direction"": ""ltr""}}",[],[],2d7dc80c-8e22-441f-b8c3-68dfcf342dc3,"{""en"": {""value"": ""dammar resin"", ""direction"": ""ltr""}}",[],[],[],075c52a2-a67d-46bb-ba4a-3dd98271c775,0.025,[],[],a88883cd-6707-412f-bf56-cd90089c61d6,"{""en"": {""value"": ""beeswax"", ""direction"": ""ltr""}}",[],[],[],7c3045c8-29bf-4293-b9fc-0ab9970083a8,24.975,[],[],,,,,,
1f3070cd-0bb3-4055-8dd8-9fef0c3ff2d6,d4e956f7-9fad-4fd2-94e3-563a3b2c3585,a4ea5a7a-d7f0-11ef-a75a-0275dc2ded29,1,70bcdfda-6254-43b3-9dd1-6bb55b8188ba,"{""en"": {""value"": ""0.025 g dammar resin"", ""direction"": ""ltr""}}",[],[],a22538ac-b4f6-45ff-a5ab-1bdc44310c3e,"{""en"": {""value"": ""24.975 g beeswax"", ""direction"": ""ltr""}}",[],[],9c73ecfb-2503-4dfc-8d7c-addf4997aaeb,"{""en"": {""value"": ""dammar resin"", ""direction"": ""ltr""}}",[],[],[],f5ac942d-196e-4217-87df-5525ec1e0765,0.025,[],[],05426185-763f-49c7-9ad1-bc99259c1562,"{""en"": {""value"": ""beeswax"", ""direction"": ""ltr""}}",[],[],[],326f852d-44a8-48a6-b5cb-8a5c3ae31761,24.975,[],[],,,,,,
a00a6c48-5277-450b-bbcd-c0ac7965a1b9,d4e956f7-9fad-4fd2-94e3-563a3b2c3585,a4ea5a7a-d7f0-11ef-a75a-0275dc2ded29,1,641b7b9a-c30b-4889-98ee-dedaef4425d9,"{""en"": {""value"": ""0.025 g dammar resin"", ""direction"": ""ltr""}}",[],[],42a1dc9b-b240-4765-ba55-3df1a4fd8bd6,"{""en"": {""value"": ""24.975 g beeswax"", ""direction"": ""ltr""}}",[],[],da8e0f4d-60f8-43e0-aa98-5944f156c78c,"{""en"": {""value"": ""dammar resin"", ""direction"": ""ltr""}}",[],[],[],45737c3c-da22-4f0b-ae37-279cac95c0b2,0.025,[],[],2e4b1bcd-e326-4641-a834-a7eef83b4a3a,"{""en"": {""value"": ""beeswax"", ""direction"": ""ltr""}}",[],[],[],c07bf61b-f870-4216-a0b0-f2365ed6f236,24.975,[],[],,,,,,
4054a1b4-b8ee-4087-bd8e-a894fa13c8be,d4e956f7-9fad-4fd2-94e3-563a3b2c3585,a4ea5a7a-d7f0-11ef-a75a-0275dc2ded29,1,6f70c798-2434-46b3-94ce-4b7b1e78d199,"{""en"": {""value"": ""0.025 g dammar resin"", ""direction"": ""ltr""}}",[],[],b3a14ba0-47d2-4dd7-a8e0-fb929db68264,"{""en"": {""value"": ""24.975 g beeswax"", ""direction"": ""ltr""}}",[],[],474d4526-b335-4bbc-92a0-6911ca7bb2fd,"{""en"": {""value"": ""dammar resin"", ""direction"": ""ltr""}}",[],[],[],71343689-e4ff-4b01-9b3d-3103daee1826,0.025,[],[],2e187415-98c7-4a7f-9506-34755cdbcc1e,"{""en"": {""value"": ""beeswax"", ""direction"": ""ltr""}}",[],[],[],a6dad88c-ca9f-4bca-82eb-2539fd9cbb91,24.975,[],[],,,,,,
d00c6d7d-8292-4f13-91ef-ac7b74013c5f,d4e956f7-9fad-4fd2-94e3-563a3b2c3585,a4ea5a7a-d7f0-11ef-a75a-0275dc2ded29,1,d1f4af71-28c3-439b-a367-360808ff464b,"{""en"": {""value"": ""0.052 g dammar resin"", ""direction"": ""ltr""}}",[],[],ca9d4634-192f-407f-a63c-921f67c0c494,"{""en"": {""value"": ""24.950 g beeswax"", ""direction"": ""ltr""}}",[],[],5880c505-a93e-4f7b-96a0-22545ba06671,"{""en"": {""value"": ""dammar resin"", ""direction"": ""ltr""}}",[],[],[],93d3d26a-a9b4-4408-996a-62477d2d7500,0.052,[],[],f1f54012-aa92-4cec-9d49-fe96c807b334,"{""en"": {""value"": ""beeswax"", ""direction"": ""ltr""}}",[],[],[],c762f4e5-e9d4-4be1-9d4c-cdb1b4eec44b,24.95,[],[],,,,,,
8dcb41a5-15c8-4dd4-94d5-ea7ab81e6ddd,d4e956f7-9fad-4fd2-94e3-563a3b2c3585,a4ea5a7a-d7f0-11ef-a75a-0275dc2ded29,1,6062d2c9-5596-4aa7-b43a-1b306d393221,"{""en"": {""value"": ""0.052 g dammar resin"", ""direction"": ""ltr""}}",[],[],987c4869-0fa0-4b4a-80b4-c29de2cafc07,"{""en"": {""value"": ""24.950 g beeswax"", ""direction"": ""ltr""}}",[],[],4174aeda-2609-46ed-b369-e35c34d6baf1,"{""en"": {""value"": ""dammar resin"", ""direction"": ""ltr""}}",[],[],[],4752d336-ded0-4ada-9ea6-968f2a580824,0.052,[],[],1980d05a-44e0-491c-ad8e-9918ff471cd1,"{""en"": {""value"": ""beeswax"", ""direction"": ""ltr""}}",[],[],[],71735bb2-cceb-43fb-bb45-af6a3f29bd95,24.95,[],[],,,,,,
2f712eb2-50ff-4986-a20d-e733e841f5fb,d4e956f7-9fad-4fd2-94e3-563a3b2c3585,a4ea5a7a-d7f0-11ef-a75a-0275dc2ded29,1,5a4ce757-f612-4fbd-b409-76b65c59fb98,"{""en"": {""value"": ""0.052 g dammar resin"", ""direction"": ""ltr""}}",[],[],aeaac5d7-8366-48d8-a5c9-84008b4dbd74,"{""en"": {""value"": ""24.950 g beeswax"", ""direction"": ""ltr""}}",[],[],7f14b9f3-b814-443b-9885-2bee9603cd29,"{""en"": {""value"": ""dammar resin"", ""direction"": ""ltr""}}",[],[],[],7e120ff5-0331-44a2-b443-2eb25c84ac01,0.052,[],[],84e43249-df01-4a5f-b3fd-914c17b7044b,"{""en"": {""value"": ""beeswax"", ""direction"": ""ltr""}}",[],[],[],acd05f36-d571-437c-8cb3-2b737071315f,24.95,[],[],,,,,,
aabfde55-7b56-47ad-99a0-ce2ae7a1e608,d4e956f7-9fad-4fd2-94e3-563a3b2c3585,a4ea5a7a-d7f0-11ef-a75a-0275dc2ded29,1,e9bb1090-066c-4271-9cc5-501cdef75bce,"{""en"": {""value"": ""0.052 g dammar resin"", ""direction"": ""ltr""}}",[],[],e805ea5f-aaea-4d89-a37e-fd93b9796bfc,"{""en"": {""value"": ""24.950 g beeswax"", ""direction"": ""ltr""}}",[],[],88bf2576-01fb-4fb0-931f-a4ca54380b06,"{""en"": {""value"": ""dammar resin"", ""direction"": ""ltr""}}",[],[],[],828cc7c2-721e-4f35-811d-7eea6b3f64f5,0.052,[],[],3933fc33-ad28-4147-ac12-28541b269261,"{""en"": {""value"": ""beeswax"", ""direction"": ""ltr""}}",[],[],[],0df18769-2d8d-4856-9fdf-ca603de82537,24.95,[],[],,,,,,
48e8e27c-5a58-4423-8809-8d756c587b81,d4e956f7-9fad-4fd2-94e3-563a3b2c3585,a4ea5a7a-d7f0-11ef-a75a-0275dc2ded29,1,95211814-dc86-471d-b1fc-e4794e270804,"{""en"": {""value"": ""0.250 g dammar resin"", ""direction"": ""ltr""}}",[],[],c7791a02-4960-4a85-afa9-9dafe4ddbb7b,"{""en"": {""value"": ""24.750 g beeswax"", ""direction"": ""ltr""}}",[],[],45d7ff75-b6c0-4086-b04e-b1cfa1e1ce85,"{""en"": {""value"": ""dammar resin"", ""direction"": ""ltr""}}",[],[],[],165aa7d0-2ae6-48cf-a0c5-241f68e91745,0.25,[],[],9229e613-d4e6-4899-8e80-fed12edf671e,"{""en"": {""value"": ""beeswax"", ""direction"": ""ltr""}}",[],[],[],c9cf20cd-b86c-44ab-9848-983b7edf0722,24.75,[],[],,,,,,
94585904-e3e7-43ba-a014-85da96cc3dbd,d4e956f7-9fad-4fd2-94e3-563a3b2c3585,a4ea5a7a-d7f0-11ef-a75a-0275dc2ded29,1,33a80c55-9903-41ee-b4ff-300bfbb776b9,"{""en"": {""value"": ""0.250 g dammar resin"", ""direction"": ""ltr""}}",[],[],5d846c9f-917f-4c29-9f0f-cfbbf5ce1f86,"{""en"": {""value"": ""24.750 g beeswax"", ""direction"": ""ltr""}}",[],[],d0cd4801-41cc-4583-ba9a-5fdd1d686ba4,"{""en"": {""value"": ""dammar resin"", ""direction"": ""ltr""}}",[],[],[],7bfcbcf3-8e05-47e9-827b-1c8c072d0a02,0.25,[],[],0a5408ca-7edd-4be9-9aeb-df81e5ab2f9c,"{""en"": {""value"": ""beeswax"", ""direction"": ""ltr""}}",[],[],[],eb0e3b45-5872-4235-ab96-c79f6f8e6876,24.75,[],[],,,,,,
f8774851-6abb-416d-b489-51d8d1aae486,d4e956f7-9fad-4fd2-94e3-563a3b2c3585,a4ea5a7a-d7f0-11ef-a75a-0275dc2ded29,1,2b50584c-962d-4123-afd0-8d641e35dfb5,"{""en"": {""value"": ""0.250 g dammar resin"", ""direction"": ""ltr""}}",[],[],938f86f3-89ad-4a6d-a1d7-538e4833d716,"{""en"": {""value"": ""24.750 g beeswax"", ""direction"": ""ltr""}}",[],[],46f9d2fe-b414-41d8-a1e6-d1ccdfe4c98e,"{""en"": {""value"": ""dammar resin"", ""direction"": ""ltr""}}",[],[],[],52761d48-4b5a-41db-9e79-f5efb4452095,0.25,[],[],d77d22c1-8123-402f-b47d-9a8e6a738704,"{""en"": {""value"": ""beeswax"", ""direction"": ""ltr""}}",[],[],[],fb943f34-9989-4927-93dd-d500a31d0832,24.75,[],[],,,,,,
b9730b50-9956-4a76-95ae-4ada41c4d78f,d4e956f7-9fad-4fd2-94e3-563a3b2c3585,a4ea5a7a-d7f0-11ef-a75a-0275dc2ded29,1,9af0c870-6195-49db-a37e-f115c1c5c3e5,"{""en"": {""value"": ""0.250 g dammar resin"", ""direction"": ""ltr""}}",[],[],6008b75d-7d57-4e6c-ba98-b0ba60f79a7f,"{""en"": {""value"": ""24.750 g beeswax"", ""direction"": ""ltr""}}",[],[],aac744cd-7343-4459-833a-8d27114dd5f6,"{""en"": {""value"": ""dammar resin"", ""direction"": ""ltr""}}",[],[],[],e8f70061-1ede-4250-986c-d124bc8e2bec,0.25,[],[],6980d12a-4aef-4cb6-905f-994167919017,"{""en"": {""value"": ""beeswax"", ""direction"": ""ltr""}}",[],[],[],3e9f0307-9f04-40c7-8972-de246735c0d2,24.75,[],[],,,,,,
2dfc58bc-b857-4b49-a1cb-f85c3bb441fa,d4e956f7-9fad-4fd2-94e3-563a3b2c3585,a4ea5a7a-d7f0-11ef-a75a-0275dc2ded29,1,4b3982b5-e0db-4d80-b505-14276a23efab,"{""en"": {""value"": ""0.502 g dammar resin"", ""direction"": ""ltr""}}",[],[],4f787047-dcdb-45bd-a768-cb5e76913a22,"{""en"": {""value"": ""24.500 g beeswax"", ""direction"": ""ltr""}}",[],[],e8ef1a50-68af-46c7-9677-9dda71414263,"{""en"": {""value"": ""dammar resin"", ""direction"": ""ltr""}}",[],[],[],71567224-a423-41b7-8f06-895296222dcf,0.502,[],[],eb06bd09-bc4c-4586-ab27-d3d87035ed07,"{""en"": {""value"": ""beeswax"", ""direction"": ""ltr""}}",[],[],[],51291821-09f2-4af5-80d7-b3a66c7478bd,24.5,[],[],,,,,,
89bbecaf-4927-496d-8375-82c650b8b305,d4e956f7-9fad-4fd2-94e3-563a3b2c3585,a4ea5a7a-d7f0-11ef-a75a-0275dc2ded29,1,db056dc4-c46f-4e3b-839b-fe8a56d9db51,"{""en"": {""value"": ""0.502 g dammar resin"", ""direction"": ""ltr""}}",[],[],aa9a8e10-7fdf-4a0f-908c-d8b05a6db835,"{""en"": {""value"": ""24.500 g beeswax"", ""direction"": ""ltr""}}",[],[],064bdb59-5770-44f7-8b0a-c5472a13487c,"{""en"": {""value"": ""dammar resin"", ""direction"": ""ltr""}}",[],[],[],4693f09e-6131-40ff-9fe2-4ad99eb596c3,0.502,[],[],e43a041b-bb6b-4502-8f1f-7fe26fb5c9a9,"{""en"": {""value"": ""beeswax"", ""direction"": ""ltr""}}",[],[],[],0ef19b0b-a896-44b1-87e2-88529d0ad622,24.5,[],[],,,,,,
3066511a-075a-48e2-8038-9043e4fa6759,d4e956f7-9fad-4fd2-94e3-563a3b2c3585,a4ea5a7a-d7f0-11ef-a75a-0275dc2ded29,1,4fb91896-f367-40ba-8608-c5c7ecbe8eff,"{""en"": {""value"": ""0.502 g dammar resin"", ""direction"": ""ltr""}}",[],[],9b35a5e9-0c4e-415c-bea7-1cdec5caaf9b,"{""en"": {""value"": ""24.500 g beeswax"", ""direction"": ""ltr""}}",[],[],10a62ad9-aa97-42f6-bd3b-f158bb2df20a,"{""en"": {""value"": ""dammar resin"", ""direction"": ""ltr""}}",[],[],[],386c39a6-f156-4ba9-bde4-e811f1a64e76,0.502,[],[],d9abfa27-43f0-4cf1-a255-a0eece53adc5,"{""en"": {""value"": ""beeswax"", ""direction"": ""ltr""}}",[],[],[],d843ec82-2ef4-4e0d-a424-80a25ba2dd7c,24.5,[],[],,,,,,
73afb542-bd8a-49ec-8e79-d5b301f6bd1c,d4e956f7-9fad-4fd2-94e3-563a3b2c3585,a4ea5a7a-d7f0-11ef-a75a-0275dc2ded29,1,524f7617-a4fe-45ef-98bb-8df1c58b48e2,"{""en"": {""value"": ""0.502 g dammar resin"", ""direction"": ""ltr""}}",[],[],0a981801-6084-4b88-ba5a-9a6ae8c49c91,"{""en"": {""value"": ""24.500 g beeswax"", ""direction"": ""ltr""}}",[],[],0a97339e-52f7-435a-8b74-1a0401c1819a,"{""en"": {""value"": ""dammar resin"", ""direction"": ""ltr""}}",[],[],[],73fcdcf7-9fa0-4f58-a363-abb6ca370d87,0.502,[],[],93b3bd2d-f709-4756-8a1a-d6540d54fca9,"{""en"": {""value"": ""beeswax"", ""direction"": ""ltr""}}",[],[],[],f747c025-917e-492e-b778-030982b41813,24.5,[],[],,,,,,
bd70140f-9cc9-43da-87e6-4682855819be,d4e956f7-9fad-4fd2-94e3-563a3b2c3585,a4ea5a7a-d7f0-11ef-a75a-0275dc2ded29,1,aafbcd3d-9580-493e-aee9-eefe608b5c19,"{""en"": {""value"": ""1.249 g dammar resin"", ""direction"": ""ltr""}}",[],[],00a3f530-137a-47c5-8c23-575fe31137f9,"{""en"": {""value"": ""23.750 g beeswax"", ""direction"": ""ltr""}}",[],[],bc967a12-ee66-4996-a927-92ce7a363fd9,"{""en"": {""value"": ""dammar resin"", ""direction"": ""ltr""}}",[],[],[],971a8031-039b-4a27-bee5-ce7d276ce256,1.249,[],[],c7b2127b-e34d-4ddc-ac6b-8909a243b084,"{""en"": {""value"": ""beeswax"", ""direction"": ""ltr""}}",[],[],[],f59701fb-b739-4af2-967d-8c467dbd274d,23.75,[],[],,,,,,
e19df71d-fe71-4cd2-b3e7-f11bca47017b,d4e956f7-9fad-4fd2-94e3-563a3b2c3585,a4ea5a7a-d7f0-11ef-a75a-0275dc2ded29,1,7da9934e-c20f-41b4-8f48-4a3b7c957836,"{""en"": {""value"": ""1.249 g dammar resin"", ""direction"": ""ltr""}}",[],[],e2053873-ca50-43bc-a198-8f5d7a67dfc6,"{""en"": {""value"": ""23.750 g beeswax"", ""direction"": ""ltr""}}",[],[],6067d980-a2b0-4ac4-ad26-b886492d3217,"{""en"": {""value"": ""dammar resin"", ""direction"": ""ltr""}}",[],[],[],a127e48a-838a-4839-8fdf-ec3fed12c518,1.249,[],[],f7416900-9af7-446d-9060-a13a583a9ba6,"{""en"": {""value"": ""beeswax"", ""direction"": ""ltr""}}",[],[],[],9e8b4c5d-1f38-45ba-bbb0-079053bef64f,23.75,[],[],,,,,,
45f98a75-e5f8-4ed5-a6ea-c1c884896744,d4e956f7-9fad-4fd2-94e3-563a3b2c3585,a4ea5a7a-d7f0-11ef-a75a-0275dc2ded29,1,60cfea5d-19c2-4b45-9609-9d22e0614e22,"{""en"": {""value"": ""1.249 g dammar resin"", ""direction"": ""ltr""}}",[],[],1b7af47f-7293-4d92-b7bf-0955624f685b,"{""en"": {""value"": ""23.750 g beeswax"", ""direction"": ""ltr""}}",[],[],e23c8513-ba39-4de3-b661-05caecf76aea,"{""en"": {""value"": ""dammar resin"", ""direction"": ""ltr""}}",[],[],[],30fd330f-fab7-4b60-88f5-bc50d598db76,1.249,[],[],1483b562-d792-4111-bf99-327510eeeaaf,"{""en"": {""value"": ""beeswax"", ""direction"": ""ltr""}}",[],[],[],1a91073d-aa1d-44f1-926f-f0f0905ff52b,23.75,[],[],,,,,,
4b81ce23-e0e9-4102-876c-b4db06b31c40,d4e956f7-9fad-4fd2-94e3-563a3b2c3585,a4ea5a7a-d7f0-11ef-a75a-0275dc2ded29,1,94f69b4c-1406-4682-8bf6-06c037d4e228,"{""en"": {""value"": ""1.249 g dammar resin"", ""direction"": ""ltr""}}",[],[],01f7c972-c229-454a-a53f-dceba78b5aa1,"{""en"": {""value"": ""23.750 g beeswax"", ""direction"": ""ltr""}}",[],[],a77f3d05-63c0-4120-a8d2-a60ea344555b,"{""en"": {""value"": ""dammar resin"", ""direction"": ""ltr""}}",[],[],[],f26fc465-48fd-47dd-a663-9fa2fcc553f4,1.249,[],[],cf07da5f-7d01-45ed-8e39-0154923e0e38,"{""en"": {""value"": ""beeswax"", ""direction"": ""ltr""}}",[],[],[],32280912-fef9-405d-a7ba-0ccff9ed60be,23.75,[],[],,,,,,
b226782f-74e8-4fda-ac19-5932a546b5bc,d4e956f7-9fad-4fd2-94e3-563a3b2c3585,a4ea5a7a-d7f0-11ef-a75a-0275dc2ded29,1,8d97982f-62f3-4cca-9f09-b92d2e5c5aaf,"{""en"": {""value"": ""5.000 g dammar resin"", ""direction"": ""ltr""}}",[],[],f879ff78-7dbd-42d3-a3ec-9d7637f04526,"{""en"": {""value"": ""20.0 g beeswax"", ""direction"": ""ltr""}}",[],[],44c93a06-ae25-4d15-a567-a40ba07944e5,"{""en"": {""value"": ""dammar resin"", ""direction"": ""ltr""}}",[],[],[],5a9255ad-1701-4cab-b96a-a14bd0fb5d7f,5.0,[],[],85939da6-57db-485a-b871-f1dfcb2930d7,"{""en"": {""value"": ""beeswax"", ""direction"": ""ltr""}}",[],[],[],d4e82c74-31a3-45e3-8d6d-973aa2222d3e,20.0,[],[],,,,,,
9bf94429-ec95-4be4-94ad-9006aed918ac,d4e956f7-9fad-4fd2-94e3-563a3b2c3585,a4ea5a7a-d7f0-11ef-a75a-0275dc2ded29,1,5da910e2-5ed3-4dcd-bc6a-58d6890294e5,"{""en"": {""value"": ""5.000 g dammar resin"", ""direction"": ""ltr""}}",[],[],bfb16e7d-0838-4100-9f70-1de733ab46ad,"{""en"": {""value"": ""20.0 g beeswax"", ""direction"": ""ltr""}}",[],[],8b37a162-71fa-4533-8204-2ef256138a90,"{""en"": {""value"": ""dammar resin"", ""direction"": ""ltr""}}",[],[],[],3eb16642-3db0-4f48-84a7-d613d80c2612,5.0,[],[],46bc770d-037c-4960-b1e9-a10735076ec7,"{""en"": {""value"": ""beeswax"", ""direction"": ""ltr""}}",[],[],[],f5037e1b-59fc-4bef-9b44-e173d9472e85,20.0,[],[],,,,,,
8885b52a-ec9b-4fa4-b5fc-bfa3dd2a0748,d4e956f7-9fad-4fd2-94e3-563a3b2c3585,a4ea5a7a-d7f0-11ef-a75a-0275dc2ded29,1,ac75aa42-d53f-4119-956c-c5cbb027a9ed,"{""en"": {""value"": ""5.000 g dammar resin"", ""direction"": ""ltr""}}",[],[],947083e0-b3ac-429d-bdf8-07235c7cbc42,"{""en"": {""value"": ""20.0 g beeswax"", ""direction"": ""ltr""}}",[],[],7d152dd1-0607-4734-8ac6-4f93ac921458,"{""en"": {""value"": ""dammar resin"", ""direction"": ""ltr""}}",[],[],[],e0066cad-bd3b-46f0-8865-efaa01a95523,5.0,[],[],97b2b58c-e65a-4471-ad38-c96b45586af4,"{""en"": {""value"": ""beeswax"", ""direction"": ""ltr""}}",[],[],[],2e5682d3-747d-42bf-8d74-7899d9bc2418,20.0,[],[],,,,,,
1df027a5-1324-412d-85fc-6cbec5b24a2f,d4e956f7-9fad-4fd2-94e3-563a3b2c3585,a4ea5a7a-d7f0-11ef-a75a-0275dc2ded29,1,1307f884-2b08-4d66-86a5-b92d82e12a4c,"{""en"": {""value"": ""5.000 g dammar resin"", ""direction"": ""ltr""}}",[],[],c14ebd37-f4ef-401e-b18c-a917be556567,"{""en"": {""value"": ""20.0 g beeswax"", ""direction"": ""ltr""}}",[],[],b8847e3d-de6b-4a61-8ab5-bf8cdcf6df5d,"{""en"": {""value"": ""dammar resin"", ""direction"": ""ltr""}}",[],[],[],ade85d29-601e-4fb1-8a51-25888838d76b,5.0,[],[],2b6f24c9-c37a-4050-aed6-4637a5931bc5,"{""en"": {""value"": ""beeswax"", ""direction"": ""ltr""}}",[],[],[],ee17e7c5-e38a-413e-90f4-d7034e13031b,20.0,[],[],,,,,,
1c1e71cd-6be8-48e8-a293-20ab87eca971,d4e956f7-9fad-4fd2-94e3-563a3b2c3585,a4ea5a7a-d7f0-11ef-a75a-0275dc2ded29,1,e0ba2a98-99e0-487a-adcc-591d2b4f3be4,"{""en"": {""value"": ""12.500 g dammar resin"", ""direction"": ""ltr""}}",[],[],8f4a4183-2a1f-4426-9384-4198380998e1,"{""en"": {""value"": ""12.5 g beeswax"", ""direction"": ""ltr""}}",[],[],2733c839-d172-4904-88d2-ad22c01c00b1,"{""en"": {""value"": ""dammar resin"", ""direction"": ""ltr""}}",[],[],[],c889d829-0f6e-4fb0-b80d-84bd5aeb5c87,12.5,[],[],a13bbe40-03ea-4647-96e8-3c1413b4f1aa,"{""en"": {""value"": ""beeswax"", ""direction"": ""ltr""}}",[],[],[],9012381d-2e61-459d-b342-b21ce2e71a63,12.5,[],[],,,,,,
c1b2c87d-83e3-4f13-87c9-85a952c22fdc,d4e956f7-9fad-4fd2-94e3-563a3b2c3585,a4ea5a7a-d7f0-11ef-a75a-0275dc2ded29,1,a73015c2-11af-491d-8387-5525d9e7b970,"{""en"": {""value"": ""12.500 g dammar resin"", ""direction"": ""ltr""}}",[],[],74185a96-af4f-4e75-9c08-2670b1794317,"{""en"": {""value"": ""12.5 g beeswax"", ""direction"": ""ltr""}}",[],[],47ac7e9d-bad4-4f3b-8b1b-564da83859cb,"{""en"": {""value"": ""dammar resin"", ""direction"": ""ltr""}}",[],[],[],624c43c0-007b-4fce-89c3-c2388f7de48c,12.5,[],[],678b269c-a17e-4931-8472-b8ab5af57f0b,"{""en"": {""value"": ""beeswax"", ""direction"": ""ltr""}}",[],[],[],bff4da82-0bef-48ee-978c-29af2adbeb49,12.5,[],[],,,,,,
3d7a26c6-ce7a-4b2b-8652-c5d7c988f9e9,d4e956f7-9fad-4fd2-94e3-563a3b2c3585,a4ea5a7a-d7f0-11ef-a75a-0275dc2ded29,1,8689f5eb-94eb-4c7c-b833-82a6c04eb367,"{""en"": {""value"": ""12.500 g dammar resin"", ""direction"": ""ltr""}}",[],[],f44dae56-53fe-4a17-861d-63bd530560aa,"{""en"": {""value"": ""12.5 g beeswax"", ""direction"": ""ltr""}}",[],[],8fe38d6b-3ee4-4263-a8d2-59b96087a493,"{""en"": {""value"": ""dammar resin"", ""direction"": ""ltr""}}",[],[],[],a8cb9526-b1b2-4571-97b4-0ee16ef90999,12.5,[],[],18e30dcd-0ef3-4510-ae7a-0bab4263a959,"{""en"": {""value"": ""beeswax"", ""direction"": ""ltr""}}",[],[],[],5eab76a7-1ecf-408d-944d-d7a421bf5d7e,12.5,[],[],,,,,,
2ac97d96-2327-4d47-a280-e8aaf8ad1cca,d4e956f7-9fad-4fd2-94e3-563a3b2c3585,a4ea5a7a-d7f0-11ef-a75a-0275dc2ded29,1,44204140-4b75-4cad-95aa-459b091429b8,"{""en"": {""value"": ""12.500 g dammar resin"", ""direction"": ""ltr""}}",[],[],07149c3d-44f6-4510-a85e-9fdef3bb8a92,"{""en"": {""value"": ""12.5 g beeswax"", ""direction"": ""ltr""}}",[],[],82e0a064-ad4f-4be8-b63c-2532209a237b,"{""en"": {""value"": ""dammar resin"", ""direction"": ""ltr""}}",[],[],[],e0b2d6a1-4e8d-41f7-bcfa-403f83e441e1,12.5,[],[],cac6a8a7-ea87-49e9-a31a-782ae36faca5,"{""en"": {""value"": ""beeswax"", ""direction"": ""ltr""}}",[],[],[],f7ec4e3c-0a3c-4307-a197-d1e042ff595f,12.5,[],[],,,,,,
863c23ff-b5a5-4375-8224-13d49ea65201,d4e956f7-9fad-4fd2-94e3-563a3b2c3585,a4ea5a7a-d7f0-11ef-a75a-0275dc2ded29,1,5afd219d-f780-4665-9966-2f5528699d74,"{""en"": {""value"": ""20.002 g dammar resin"", ""direction"": ""ltr""}}",[],[],f6c9eaeb-bef3-4b55-b6bf-af8f469b238d,"{""en"": {""value"": ""5.00 g beeswax"", ""direction"": ""ltr""}}",[],[],a03aacb2-2559-40d4-ba1a-2f1fd068a33e,"{""en"": {""value"": ""dammar resin"", ""direction"": ""ltr""}}",[],[],[],21449e38-75f6-4c86-94ff-2f76e7927d06,20.002,[],[],b7f95f87-0623-4412-90f8-14cf89f2a58d,"{""en"": {""value"": ""beeswax"", ""direction"": ""ltr""}}",[],[],[],5dd4a2b7-24e0-41e8-b60b-9a5363330887,5.0,[],[],,,,,,
7073f2c1-aaaa-4b2d-a2aa-8bba1cb9a531,d4e956f7-9fad-4fd2-94e3-563a3b2c3585,a4ea5a7a-d7f0-11ef-a75a-0275dc2ded29,1,85f665e1-7440-438c-a0d1-6f899ea1a290,"{""en"": {""value"": ""20.002 g dammar resin"", ""direction"": ""ltr""}}",[],[],333185f0-f256-43e7-beab-31ba595c3f96,"{""en"": {""value"": ""5.00 g beeswax"", ""direction"": ""ltr""}}",[],[],03b1bfe7-6e3c-4f66-bed3-b1e2c067d5fb,"{""en"": {""value"": ""dammar resin"", ""direction"": ""ltr""}}",[],[],[],c3def40f-a516-40d1-90d8-ef09ff439e7b,20.002,[],[],1bbaffcf-b1e4-4a0c-ae0f-2051a78440a8,"{""en"": {""value"": ""beeswax"", ""direction"": ""ltr""}}",[],[],[],a3c84fbf-581e-4077-82d2-cf2d69b2d54b,5.0,[],[],,,,,,
e7728940-b3bd-4fa5-8cd4-a5a561d90f9c,d4e956f7-9fad-4fd2-94e3-563a3b2c3585,a4ea5a7a-d7f0-11ef-a75a-0275dc2ded29,1,5d34287d-ee4b-4560-a79c-8b9a054cc977,"{""en"": {""value"": ""20.002 g dammar resin"", ""direction"": ""ltr""}}",[],[],daa4a794-bf52-4a23-82ee-c57da96b4ed0,"{""en"": {""value"": ""5.00 g beeswax"", ""direction"": ""ltr""}}",[],[],c004e13a-4765-4c72-b9ea-26c96b30838c,"{""en"": {""value"": ""dammar resin"", ""direction"": ""ltr""}}",[],[],[],9bbd7eb6-66e1-4e47-892c-8b0db9ab3b05,20.002,[],[],f4c7cf2c-5229-4e2d-a00e-32865177ea3a,"{""en"": {""value"": ""beeswax"", ""direction"": ""ltr""}}",[],[],[],c4cbdde5-3e05-44b6-8dd6-c637fb1afd6c,5.0,[],[],,,,,,
5c675f1c-a757-4c3b-8642-338c9173e935,d4e956f7-9fad-4fd2-94e3-563a3b2c3585,a4ea5a7a-d7f0-11ef-a75a-0275dc2ded29,1,62b41840-4ee2-44c3-818f-b6b3719b2bf2,"{""en"": {""value"": ""20.002 g dammar resin"", ""direction"": ""ltr""}}",[],[],080e3b7b-e9d4-4eb0-9b57-a8459afa0736,"{""en"": {""value"": ""5.00 g beeswax"", ""direction"": ""ltr""}}",[],[],59b8f68b-661a-47f3-adc6-fc7227dcb101,"{""en"": {""value"": ""dammar resin"", ""direction"": ""ltr""}}",[],[],[],1510e700-9681-4cda-8fe0-b929c2f9532c,20.002,[],[],a70c5947-153e-47c7-9f3e-e42ab1bf53df,"{""en"": {""value"": ""beeswax"", ""direction"": ""ltr""}}",[],[],[],645e214c-505d-4d0d-a769-19f52e6dce6c,5.0,[],[],,,,,,
49f1e8cf-c39c-4e2d-9f53-57926a7f24be,d4e956f7-9fad-4fd2-94e3-563a3b2c3585,a4ea5a7a-d7f0-11ef-a75a-0275dc2ded29,1,9d40c2e7-0bd7-4fea-83bc-bf57e82294ab,"{""en"": {""value"": ""23.750 g dammar resin"", ""direction"": ""ltr""}}",[],[],45a4524e-b260-4cf6-910a-4961243baa5b,"{""en"": {""value"": ""1.250 g beeswax"", ""direction"": ""ltr""}}",[],[],961ef86c-fa0b-4940-9395-0236f8ecbe9f,"{""en"": {""value"": ""dammar resin"", ""direction"": ""ltr""}}",[],[],[],1da247cc-9d48-411a-9c1d-a07c9fc9a756,23.75,[],[],b9a6ada6-199d-4b3d-93d1-9d9c1ee01c1c,"{""en"": {""value"": ""beeswax"", ""direction"": ""ltr""}}",[],[],[],1db44c4f-648a-4297-8e33-8bf865516474,1.25,[],[],,,,,,
9cd9ec29-5508-4cdc-b899-0b16a16c8e3a,d4e956f7-9fad-4fd2-94e3-563a3b2c3585,a4ea5a7a-d7f0-11ef-a75a-0275dc2ded29,1,218986d7-faac-4a57-bdee-614f0b7f1aba,"{""en"": {""value"": ""23.750 g dammar resin"", ""direction"": ""ltr""}}",[],[],0a1a91c4-0d92-45a3-9d41-b8c512a055c2,"{""en"": {""value"": ""1.250 g beeswax"", ""direction"": ""ltr""}}",[],[],125d7c39-e206-4878-a3d1-c654cfa6a190,"{""en"": {""value"": ""dammar resin"", ""direction"": ""ltr""}}",[],[],[],3651cf9d-3e9f-4fc6-83e1-d0731effab6a,23.75,[],[],5fa9af79-5963-4e09-84cd-7cded23d5aec,"{""en"": {""value"": ""beeswax"", ""direction"": ""ltr""}}",[],[],[],f5ad93fe-4ef7-415d-8ac6-acfa8f218fbb,1.25,[],[],,,,,,
d8432eee-605e-40dd-a991-fffc5ec3aba2,d4e956f7-9fad-4fd2-94e3-563a3b2c3585,a4ea5a7a-d7f0-11ef-a75a-0275dc2ded29,1,e25b3360-f399-4335-b4f4-301f7988dee1,"{""en"": {""value"": ""23.750 g dammar resin"", ""direction"": ""ltr""}}",[],[],c39ac0f4-96cc-40f1-a142-f35147a4e8a6,"{""en"": {""value"": ""1.250 g beeswax"", ""direction"": ""ltr""}}",[],[],d23e234a-f924-4c97-94b8-ea13fd8c96c1,"{""en"": {""value"": ""dammar resin"", ""direction"": ""ltr""}}",[],[],[],728986ff-8aaa-401e-8101-9d43f1a234bf,23.75,[],[],63d7cabf-81ea-4ac4-b59b-f3584c0c1d06,"{""en"": {""value"": ""beeswax"", ""direction"": ""ltr""}}",[],[],[],79b31edb-ed88-4d65-8f0d-6813b499fa65,1.25,[],[],,,,,,
ee1d5314-b1f6-4b89-82c4-af75817638ad,d4e956f7-9fad-4fd2-94e3-563a3b2c3585,a4ea5a7a-d7f0-11ef-a75a-0275dc2ded29,1,b15d8956-94d8-4c8b-a3ab-c9194706de6d,"{""en"": {""value"": ""23.750 g dammar resin"", ""direction"": ""ltr""}}",[],[],af1f9927-34a5-49b4-bbc2-d2c520eddd0c,"{""en"": {""value"": ""1.250 g beeswax"", ""direction"": ""ltr""}}",[],[],37553b6a-f45e-45a9-a375-642606310468,"{""en"": {""value"": ""dammar resin"", ""direction"": ""ltr""}}",[],[],[],1260f26b-5d21-4bc6-bf26-12166ec3bdad,23.75,[],[],a4459632-d351-45ad-b7f6-9d698d5a5bbf,"{""en"": {""value"": ""beeswax"", ""direction"": ""ltr""}}",[],[],[],67af3aa9-dab0-481c-9b6c-b3c79ff0118e,1.25,[],[],,,,,,
4c43389a-8bea-4967-899a-504e8330c986,d4e956f7-9fad-4fd2-94e3-563a3b2c3585,a4ea5a7a-d7f0-11ef-a75a-0275dc2ded29,1,4f53cf60-f478-49db-bd4b-88f1a3b0c4bf,"{""en"": {""value"": ""24.500 g dammar resin"", ""direction"": ""ltr""}}",[],[],5e6eb5f6-b0f6-436a-8032-5f27e6476a5a,"{""en"": {""value"": ""0.500 g beeswax"", ""direction"": ""ltr""}}",[],[],d80a349b-6f60-4a83-b42c-ff739a031362,"{""en"": {""value"": ""dammar resin"", ""direction"": ""ltr""}}",[],[],[],d89b5bea-8c19-4af0-8cc7-1f84b8ed99bb,24.5,[],[],4d4429e7-43b3-418d-b727-54760566d4af,"{""en"": {""value"": ""beeswax"", ""direction"": ""ltr""}}",[],[],[],8c6f5dc9-29a4-4892-83ee-ce71e836dfe1,0.5,[],[],,,,,,
f678a0b2-6309-4469-afce-e12ac6392ba9,d4e956f7-9fad-4fd2-94e3-563a3b2c3585,a4ea5a7a-d7f0-11ef-a75a-0275dc2ded29,1,834bbd75-43b1-485e-8a42-78e877212d56,"{""en"": {""value"": ""24.500 g dammar resin"", ""direction"": ""ltr""}}",[],[],1a19c5ba-faa8-4b1f-8219-a1ed3480e734,"{""en"": {""value"": ""0.500 g beeswax"", ""direction"": ""ltr""}}",[],[],9c35b353-d8e5-403a-aa95-3987b0f6f570,"{""en"": {""value"": ""dammar resin"", ""direction"": ""ltr""}}",[],[],[],ad4f6693-9c97-45d2-a94b-7f6b26bc769d,24.5,[],[],df931198-ae1c-4d70-bf94-2fe1b9b3802c,"{""en"": {""value"": ""beeswax"", ""direction"": ""ltr""}}",[],[],[],808692f3-193b-4a21-ba5c-505bcf8eeccb,0.5,[],[],,,,,,
c259f467-0aa2-472b-95bf-f0e30a7de108,d4e956f7-9fad-4fd2-94e3-563a3b2c3585,a4ea5a7a-d7f0-11ef-a75a-0275dc2ded29,1,c7249efb-9b6a-471f-9fb5-d373ddaf3a34,"{""en"": {""value"": ""24.500 g dammar resin"", ""direction"": ""ltr""}}",[],[],320f88e2-d9a8-48e6-a05d-9a26c88983d1,"{""en"": {""value"": ""0.500 g beeswax"", ""direction"": ""ltr""}}",[],[],5f2254c2-1251-4c90-a73a-31bef755013f,"{""en"": {""value"": ""dammar resin"", ""direction"": ""ltr""}}",[],[],[],7d50cd62-a7aa-4cde-8cc7-3ffbc7a152a4,24.5,[],[],1b0450e2-41d1-4f07-aca9-1c7d4abb133f,"{""en"": {""value"": ""beeswax"", ""direction"": ""ltr""}}",[],[],[],7eeff3fe-ed74-49d3-8874-3d14e2aceced,0.5,[],[],,,,,,
4b07d84d-5b1d-47c8-a14d-4e1685c75c0d,d4e956f7-9fad-4fd2-94e3-563a3b2c3585,a4ea5a7a-d7f0-11ef-a75a-0275dc2ded29,1,e67ce8f6-df26-4cd6-94af-cf490534dc00,"{""en"": {""value"": ""24.500 g dammar resin"", ""direction"": ""ltr""}}",[],[],dc45c30b-2d3c-4a33-b396-4c2e6ad96c0b,"{""en"": {""value"": ""0.500 g beeswax"", ""direction"": ""ltr""}}",[],[],9632907e-7036-4a3f-a9a2-48c4cb050de1,"{""en"": {""value"": ""dammar resin"", ""direction"": ""ltr""}}",[],[],[],e2d8a915-ba2a-48a5-8a2a-e6b6c16fd94d,24.5,[],[],4203cba0-94ac-49be-8c7c-3bb36688e844,"{""en"": {""value"": ""beeswax"", ""direction"": ""ltr""}}",[],[],[],dd8312b4-d099-41d6-86ee-4ff450af6d12,0.5,[],[],,,,,,
87a4f800-7036-4d20-b096-1cd3af2aa78b,d4e956f7-9fad-4fd2-94e3-563a3b2c3585,a4ea5a7a-d7f0-11ef-a75a-0275dc2ded29,1,6ac2a2f4-515f-4000-975b-d1ea1307d095,"{""en"": {""value"": ""24.750 g dammar resin"", ""direction"": ""ltr""}}",[],[],7c8f4978-af38-467c-8ccb-ffea0932e212,"{""en"": {""value"": ""0.250 g beeswax"", ""direction"": ""ltr""}}",[],[],1f32b509-f0ad-4bd8-b013-f6b9cf9034bf,"{""en"": {""value"": ""dammar resin"", ""direction"": ""ltr""}}",[],[],[],f309058b-0458-45da-9f16-d81bf961d265,24.75,[],[],96c5a9ab-159e-45d1-9c77-793ead8e185d,"{""en"": {""value"": ""beeswax"", ""direction"": ""ltr""}}",[],[],[],2622a38e-7b7c-4d92-b59e-a0850b96ef11,0.25,[],[],,,,,,
5cd2e8d5-c99b-407a-9426-4f19276a2e25,d4e956f7-9fad-4fd2-94e3-563a3b2c3585,a4ea5a7a-d7f0-11ef-a75a-0275dc2ded29,1,d313630a-3d94-4f33-baf3-c586b174db72,"{""en"": {""value"": ""24.750 g dammar resin"", ""direction"": ""ltr""}}",[],[],693730c8-c33b-419f-848a-a8442869c9fd,"{""en"": {""value"": ""0.250 g beeswax"", ""direction"": ""ltr""}}",[],[],cfde52c4-995f-4878-afba-c3a11a57bf84,"{""en"": {""value"": ""dammar resin"", ""direction"": ""ltr""}}",[],[],[],049137ab-9429-44ac-ac54-6c65daa87f9f,24.75,[],[],728c3bcf-edd4-485c-ac17-815130d61968,"{""en"": {""value"": ""beeswax"", ""direction"": ""ltr""}}",[],[],[],1e8dc1a3-f1c5-4dcc-bcd1-44928ba94b87,0.25,[],[],,,,,,
b78687a5-94e7-4115-bb70-bb3e4e469d3a,d4e956f7-9fad-4fd2-94e3-563a3b2c3585,a4ea5a7a-d7f0-11ef-a75a-0275dc2ded29,1,ad7529f3-35dd-45c8-a44f-44372f42baf7,"{""en"": {""value"": ""24.750 g dammar resin"", ""direction"": ""ltr""}}",[],[],0cb4fb09-b4f5-4e50-bc05-14902573edca,"{""en"": {""value"": ""0.250 g beeswax"", ""direction"": ""ltr""}}",[],[],e89de6fc-7b20-4b3c-8914-e939453f11b9,"{""en"": {""value"": ""dammar resin"", ""direction"": ""ltr""}}",[],[],[],14a55b1a-ce3d-4cec-92a1-a1d1355cf776,24.75,[],[],f389eac8-9484-4b1c-a177-7984b273b8fc,"{""en"": {""value"": ""beeswax"", ""direction"": ""ltr""}}",[],[],[],bf6d3c39-1bb4-4b3d-9048-1d09115cae2f,0.25,[],[],,,,,,
c5f325fa-1733-4c4a-b1fa-27a4243a33df,d4e956f7-9fad-4fd2-94e3-563a3b2c3585,a4ea5a7a-d7f0-11ef-a75a-0275dc2ded29,1,b096d48d-1cc0-4d48-8821-751b2b636d34,"{""en"": {""value"": ""24.750 g dammar resin"", ""direction"": ""ltr""}}",[],[],65846cad-a50e-4c91-a9e9-9a2ffd759113,"{""en"": {""value"": ""0.250 g beeswax"", ""direction"": ""ltr""}}",[],[],9d099509-e44c-401f-9f28-f78f2df3f2d4,"{""en"": {""value"": ""dammar resin"", ""direction"": ""ltr""}}",[],[],[],d6a6f5c5-63b5-4cd2-a372-5f5ed8f5b22a,24.75,[],[],23d140d6-bb3f-4b4d-9d25-5f106e32c85c,"{""en"": {""value"": ""beeswax"", ""direction"": ""ltr""}}",[],[],[],8e38ca25-ee9f-4bbc-8920-e1d54fce241f,0.25,[],[],,,,,,
7fa7567a-0061-4723-829e-69a40277b565,d4e956f7-9fad-4fd2-94e3-563a3b2c3585,a4ea5a7a-d7f0-11ef-a75a-0275dc2ded29,1,b1283daf-60fc-4e04-885c-eb8fe2eef93f,"{""en"": {""value"": ""24.950 g dammar resin"", ""direction"": ""ltr""}}",[],[],6fe6c1e7-8d42-4015-90c1-344cf036679e,"{""en"": {""value"": ""0.050 g beeswax"", ""direction"": ""ltr""}}",[],[],11fc3e69-c710-4164-962e-1ee273e6c5d7,"{""en"": {""value"": ""dammar resin"", ""direction"": ""ltr""}}",[],[],[],514b8fc1-dddf-4ffb-a416-c60621eecc6c,24.95,[],[],64e5f9bb-eb55-4bcf-9755-62ab91944725,"{""en"": {""value"": ""beeswax"", ""direction"": ""ltr""}}",[],[],[],085aef5d-ec0c-484d-b37d-6b60e3c1088f,0.05,[],[],,,,,,
e240e59b-be93-49d3-a861-63b1753493af,d4e956f7-9fad-4fd2-94e3-563a3b2c3585,a4ea5a7a-d7f0-11ef-a75a-0275dc2ded29,1,affab888-121c-46ff-871e-7f1668dd3a92,"{""en"": {""value"": ""24.950 g dammar resin"", ""direction"": ""ltr""}}",[],[],a21317d1-a13a-4841-9caf-96801e33ec96,"{""en"": {""value"": ""0.050 g beeswax"", ""direction"": ""ltr""}}",[],[],85ed4f07-ba35-481e-be71-c1769fa35604,"{""en"": {""value"": ""dammar resin"", ""direction"": ""ltr""}}",[],[],[],4d7beae5-912f-40b1-9abd-1ded56d42800,24.95,[],[],f3560725-bbbe-4d5b-9d78-25b381de0835,"{""en"": {""value"": ""beeswax"", ""direction"": ""ltr""}}",[],[],[],fa9bc1e5-1e10-4d00-bf3e-2d9e0399d35b,0.05,[],[],,,,,,
1e723f47-15a4-4dc6-83ed-71c0957df025,d4e956f7-9fad-4fd2-94e3-563a3b2c3585,a4ea5a7a-d7f0-11ef-a75a-0275dc2ded29,1,da78ef7d-5bbe-45d9-87f2-4964031f24d8,"{""en"": {""value"": ""24.950 g dammar resin"", ""direction"": ""ltr""}}",[],[],a6cf32d6-91e6-4bda-98cc-d07fc2332c54,"{""en"": {""value"": ""0.050 g beeswax"", ""direction"": ""ltr""}}",[],[],cebb7940-caf8-4807-8869-c07b82df112b,"{""en"": {""value"": ""dammar resin"", ""direction"": ""ltr""}}",[],[],[],4ba72850-20b3-48e6-8b1c-c08877464940,24.95,[],[],ebaf19af-a964-4463-946d-17d11934564e,"{""en"": {""value"": ""beeswax"", ""direction"": ""ltr""}}",[],[],[],fb0519ad-71bc-4fdc-9c21-a48044bab1a9,0.05,[],[],,,,,,
e0a334c5-3deb-4332-bf5b-d8b9a3e6b863,d4e956f7-9fad-4fd2-94e3-563a3b2c3585,a4ea5a7a-d7f0-11ef-a75a-0275dc2ded29,1,86a105c6-8de4-41ae-9d0f-3aad8bdd86e4,"{""en"": {""value"": ""24.950 g dammar resin"", ""direction"": ""ltr""}}",[],[],947488c9-437c-45f2-a988-5bf157a2d648,"{""en"": {""value"": ""0.050 g beeswax"", ""direction"": ""ltr""}}",[],[],0d64364f-0a92-4140-94e9-da374d37d7dd,"{""en"": {""value"": ""dammar resin"", ""direction"": ""ltr""}}",[],[],[],6bca27cd-1b4e-4705-bc6a-b783aea22cc4,24.95,[],[],1745feb5-5dc8-491f-ab14-b291a90d0241,"{""en"": {""value"": ""beeswax"", ""direction"": ""ltr""}}",[],[],[],6eba1734-3657-4cd6-a76d-1d7cc9fd2477,0.05,[],[],,,,,,
4d72f139-2987-4c20-b5d0-633efada2711,d4e956f7-9fad-4fd2-94e3-563a3b2c3585,a4ea5a7a-d7f0-11ef-a75a-0275dc2ded29,1,a62af650-e1de-4045-9594-e6f4ec6353d5,"{""en"": {""value"": ""24.975 g dammar resin"", ""direction"": ""ltr""}}",[],[],b8ff3baf-8a0d-455b-9330-3c62061c0d52,"{""en"": {""value"": ""0.025 g beeswax"", ""direction"": ""ltr""}}",[],[],09aa16c4-a8cc-4574-b225-a4e9e133dda2,"{""en"": {""value"": ""dammar resin"", ""direction"": ""ltr""}}",[],[],[],bebb50e0-3289-46ea-b64c-ee840d8ba507,24.975,[],[],9f3cb69a-4a92-4a3d-b89b-8de595583f40,"{""en"": {""value"": ""beeswax"", ""direction"": ""ltr""}}",[],[],[],b96717db-01bf-4243-b243-3c36828c5dab,0.025,[],[],,,,,,
e29ea09c-985a-43c4-9a09-4d54a0957266,d4e956f7-9fad-4fd2-94e3-563a3b2c3585,a4ea5a7a-d7f0-11ef-a75a-0275dc2ded29,1,3a5ec923-b4f1-441b-9048-6c40ce16a021,"{""en"": {""value"": ""24.975 g dammar resin"", ""direction"": ""ltr""}}",[],[],0e858929-2a9f-412f-8525-d81b56cf7daf,"{""en"": {""value"": ""0.025 g beeswax"", ""direction"": ""ltr""}}",[],[],87b14724-623d-49e8-82c4-7940c91fd86e,"{""en"": {""value"": ""dammar resin"", ""direction"": ""ltr""}}",[],[],[],daa846bd-44ef-4093-b305-9b3ec2896392,24.975,[],[],1329e1ea-47e1-49da-a752-a4fbf720fa94,"{""en"": {""value"": ""beeswax"", ""direction"": ""ltr""}}",[],[],[],16f028c8-d17f-4b40-a20e-5451b0be3d92,0.025,[],[],,,,,,
7aa1e60f-04f5-462e-8807-9cd18566d3a0,d4e956f7-9fad-4fd2-94e3-563a3b2c3585,a4ea5a7a-d7f0-11ef-a75a-0275dc2ded29,1,d128fafc-3393-4efd-9469-2f2a2688f504,"{""en"": {""value"": ""24.975 g dammar resin"", ""direction"": ""ltr""}}",[],[],faee658b-8c6d-4798-8ed2-6f958ee8f77a,"{""en"": {""value"": ""0.025 g beeswax"", ""direction"": ""ltr""}}",[],[],300a0f67-a084-4231-8721-baaa489df052,"{""en"": {""value"": ""dammar resin"", ""direction"": ""ltr""}}",[],[],[],b749389a-f8c2-4920-ade8-c4f9c1f44689,24.975,[],[],ed88bce1-c984-4112-b208-f92076d0c453,"{""en"": {""value"": ""beeswax"", ""direction"": ""ltr""}}",[],[],[],eff52b89-5372-40ef-8b2e-5af6ca06b4aa,0.025,[],[],,,,,,
eae8d58c-74d1-4ef3-b240-cf3f7ab11540,d4e956f7-9fad-4fd2-94e3-563a3b2c3585,a4ea5a7a-d7f0-11ef-a75a-0275dc2ded29,1,5e3aa6f3-99d4-4573-85a0-eea4f0643617,"{""en"": {""value"": ""24.975 g dammar resin"", ""direction"": ""ltr""}}",[],[],8bfdebe9-a08e-4ff0-89e9-f4a085afadbc,"{""en"": {""value"": ""0.025 g beeswax"", ""direction"": ""ltr""}}",[],[],24665ebd-c7da-4a0f-a802-1a92c6404a77,"{""en"": {""value"": ""dammar resin"", ""direction"": ""ltr""}}",[],[],[],8b9a111f-e275-4fdb-8315-e94931da95a8,24.975,[],[],d7987c3f-8aa4-4054-bc3a-bcfb9e9b4f9f,"{""en"": {""value"": ""beeswax"", ""direction"": ""ltr""}}",[],[],[],f09258ab-9623-403f-8cba-f0bc59d546f3,0.025,[],[],,,,,,
81896616-ccb4-43ff-8f8b-7321fc90ec14,d4e956f7-9fad-4fd2-94e3-563a3b2c3585,a4ea5a7a-d7f0-11ef-a75a-0275dc2ded29,1,5ddcea50-6c72-422e-96d0-f563b1af878d,"{""en"": {""value"": ""0.1 g gum arabic"", ""direction"": ""ltr""}}",[],[],65537500-4cf1-40b3-9143-afefbd0204ce,"{""en"": {""value"": ""99.9 g rabbit-skin glue"", ""direction"": ""ltr""}}",[],[],21573bdd-20c0-4f4c-8571-2b165c1bbbcf,"{""en"": {""value"": ""gum arabic"", ""direction"": ""ltr""}}",[],[],[],8eb82794-6dc7-4477-bc23-75f0183d5187,0.1,[],[],e18f19c2-8246-45c8-9ad8-2ecdd4d6335c,"{""en"": {""value"": ""rabbit-skin glue"", ""direction"": ""ltr""}}",[],[],[],d7a68978-5412-47dd-90ff-2cca432bb39e,99.9,[],[],,,,,,
8c1b9381-2ad8-4b68-922d-ea4d077d7d5f,d4e956f7-9fad-4fd2-94e3-563a3b2c3585,a4ea5a7a-d7f0-11ef-a75a-0275dc2ded29,1,260b5892-744b-4d30-9ffc-1df1972a4bb5,"{""en"": {""value"": ""0.1 g gum arabic"", ""direction"": ""ltr""}}",[],[],db575194-9b93-4feb-819b-f511b1411672,"{""en"": {""value"": ""99.9 g rabbit-skin glue"", ""direction"": ""ltr""}}",[],[],64e9d1d7-9e8e-4bb1-9f6e-1746a1c5b474,"{""en"": {""value"": ""gum arabic"", ""direction"": ""ltr""}}",[],[],[],42228343-3619-4d1a-8dbd-3eeba99b60e1,0.1,[],[],060951d3-b11f-42e4-87d9-14dad9596e9b,"{""en"": {""value"": ""rabbit-skin glue"", ""direction"": ""ltr""}}",[],[],[],b4cb5c79-94d2-4fc7-b44f-5b3bff7d7e11,99.9,[],[],,,,,,
b2ceeaa3-7492-44fb-ad48-3789d5002eaf,d4e956f7-9fad-4fd2-94e3-563a3b2c3585,a4ea5a7a-d7f0-11ef-a75a-0275dc2ded29,1,ae8cfe94-b196-4cc5-bd60-ce841d003783,"{""en"": {""value"": ""0.1 g gum arabic"", ""direction"": ""ltr""}}",[],[],6bb1a07a-1dc7-43cb-9089-87e011d4b082,"{""en"": {""value"": ""99.9 g rabbit-skin glue"", ""direction"": ""ltr""}}",[],[],c5fa68c2-a2bc-4128-9589-7b9698547d85,"{""en"": {""value"": ""gum arabic"", ""direction"": ""ltr""}}",[],[],[],11d9e4b7-b6bd-4f47-b27d-0e889082a9be,0.1,[],[],eba020bb-9c94-4cc7-8bb4-79ab724c48b5,"{""en"": {""value"": ""rabbit-skin glue"", ""direction"": ""ltr""}}",[],[],[],865f5e45-fb79-4661-8d62-68bc6b98e7cb,99.9,[],[],,,,,,
a45c568a-0507-4397-a167-4f3c49999f52,d4e956f7-9fad-4fd2-94e3-563a3b2c3585,a4ea5a7a-d7f0-11ef-a75a-0275dc2ded29,1,b9ff8c88-c07e-4f82-9fa0-f4a13f3b23d0,"{""en"": {""value"": ""0.1 g gum arabic"", ""direction"": ""ltr""}}",[],[],70691979-bd48-4bca-a378-82af61561365,"{""en"": {""value"": ""99.9 g rabbit-skin glue"", ""direction"": ""ltr""}}",[],[],0447411b-8a19-41ce-8749-86d1d9465e64,"{""en"": {""value"": ""gum arabic"", ""direction"": ""ltr""}}",[],[],[],37e288bf-a0fc-4377-97e7-36d9261f204d,0.1,[],[],042995dc-3149-4567-8e5e-ca4972ce30d5,"{""en"": {""value"": ""rabbit-skin glue"", ""direction"": ""ltr""}}",[],[],[],6959835e-ed9a-41db-81fb-0080a1aa20a2,99.9,[],[],,,,,,
26a46256-a679-40d9-8c7d-f02b2999ca07,d4e956f7-9fad-4fd2-94e3-563a3b2c3585,a4ea5a7a-d7f0-11ef-a75a-0275dc2ded29,1,c3e2d31e-2061-455f-af00-3c94a8baf22b,"{""en"": {""value"": ""0.1 g gum arabic"", ""direction"": ""ltr""}}",[],[],e0aa67de-2f90-4325-a806-461f4a35a8da,"{""en"": {""value"": ""50 g rabbit-skin glue"", ""direction"": ""ltr""}}",[],[],69984f05-92cf-456b-8b16-119632baf09a,"{""en"": {""value"": ""gum arabic"", ""direction"": ""ltr""}}",[],[],[],463c8aba-120d-4454-88cb-3e8ef88625dd,0.1,[],[],2dd00152-0b63-416d-86af-8182ce10e47d,"{""en"": {""value"": ""rabbit-skin glue"", ""direction"": ""ltr""}}",[],[],[],a6d54247-9ff9-4639-8ec8-9962fcd4e486,50.0,[],[],,,,,,
4ac4f656-5a81-49ae-945b-39bc3c2e491d,d4e956f7-9fad-4fd2-94e3-563a3b2c3585,a4ea5a7a-d7f0-11ef-a75a-0275dc2ded29,1,31abde4f-1a5b-44fe-aff0-75e9aed4dcf4,"{""en"": {""value"": ""0.1 g gum arabic"", ""direction"": ""ltr""}}",[],[],cd721adb-0759-42a7-b9ed-d2bd325f0838,"{""en"": {""value"": ""50 g rabbit-skin glue"", ""direction"": ""ltr""}}",[],[],c803de46-5531-40ad-898c-b1fc8ae6200f,"{""en"": {""value"": ""gum arabic"", ""direction"": ""ltr""}}",[],[],[],33cc01f5-788a-4d37-ac92-115973875bf9,0.1,[],[],3572d4ae-8e23-4b10-a6cc-7d9aa7d3f1e6,"{""en"": {""value"": ""rabbit-skin glue"", ""direction"": ""ltr""}}",[],[],[],816ffd9e-d5b9-44fa-9660-e6a9e4a8ea40,50.0,[],[],,,,,,
b8d08163-c528-46ef-831b-b0c323709f61,d4e956f7-9fad-4fd2-94e3-563a3b2c3585,a4ea5a7a-d7f0-11ef-a75a-0275dc2ded29,1,dd001ce3-6496-49cf-a2f7-e0b0f20368bb,"{""en"": {""value"": ""0.1 g gum arabic"", ""direction"": ""ltr""}}",[],[],e6bfdb51-2b06-4ec4-8f8f-6e2381cf099e,"{""en"": {""value"": ""50 g rabbit-skin glue"", ""direction"": ""ltr""}}",[],[],83709b2c-c3eb-4b47-81f2-badcd3f7ca1d,"{""en"": {""value"": ""gum arabic"", ""direction"": ""ltr""}}",[],[],[],a2981455-e342-4f27-8ec7-8bc40cb94529,0.1,[],[],650676de-a8c5-4f24-a8b0-6b8c7794eb2f,"{""en"": {""value"": ""rabbit-skin glue"", ""direction"": ""ltr""}}",[],[],[],0f0c3e99-d105-4726-935d-790c090904e9,50.0,[],[],,,,,,
3c7dea4d-7cd7-49f7-aa25-4527aec7abce,d4e956f7-9fad-4fd2-94e3-563a3b2c3585,a4ea5a7a-d7f0-11ef-a75a-0275dc2ded29,1,7b629c0b-75bb-494d-be0e-4e5f76dd5974,"{""en"": {""value"": ""0.1 g gum arabic"", ""direction"": ""ltr""}}",[],[],969b2e6a-d8b5-46f4-8b6c-0dde30ba342f,"{""en"": {""value"": ""50 g rabbit-skin glue"", ""direction"": ""ltr""}}",[],[],75e70184-e841-4721-b78b-901a8fa7c836,"{""en"": {""value"": ""gum arabic"", ""direction"": ""ltr""}}",[],[],[],b21e3cfb-0f56-4c24-9493-228fd83b878c,0.1,[],[],12bde71e-905e-4dec-9948-e7ce2759eb92,"{""en"": {""value"": ""rabbit-skin glue"", ""direction"": ""ltr""}}",[],[],[],b38dd0c2-4ccd-4923-90df-f8dc01084f90,50.0,[],[],,,,,,
de589211-eee0-4818-8602-59a2c614320d,d4e956f7-9fad-4fd2-94e3-563a3b2c3585,a4ea5a7a-d7f0-11ef-a75a-0275dc2ded29,1,d1f3c060-999a-4eee-b949-df6127c0494b,"{""en"": {""value"": ""0.500 g gum arabic"", ""direction"": ""ltr""}}",[],[],35e01bbe-ea08-43ae-b336-27b93dd26802,"{""en"": {""value"": ""49.5 g rabbit-skin glue"", ""direction"": ""ltr""}}",[],[],1178c52b-ec23-4375-8f0b-c048db0707df,"{""en"": {""value"": ""gum arabic"", ""direction"": ""ltr""}}",[],[],[],2458ff71-dc1d-4c44-9305-720dbb902822,0.5,[],[],59f55cfe-8c79-4194-af46-582db3d5c122,"{""en"": {""value"": ""rabbit-skin glue"", ""direction"": ""ltr""}}",[],[],[],dee2d13d-194c-40f8-8c15-51e16c78e36d,49.5,[],[],,,,,,
89dc1f0c-26f1-4aed-bb97-00781ebb25df,d4e956f7-9fad-4fd2-94e3-563a3b2c3585,a4ea5a7a-d7f0-11ef-a75a-0275dc2ded29,1,d8006b7e-8809-4f73-bbd1-e180d6f47321,"{""en"": {""value"": ""0.500 g gum arabic"", ""direction"": ""ltr""}}",[],[],75efadea-e899-4393-b39d-f6ae6b2ec3ed,"{""en"": {""value"": ""49.5 g rabbit-skin glue"", ""direction"": ""ltr""}}",[],[],e31e4bd3-3163-4394-9665-aa72fa49b5c5,"{""en"": {""value"": ""gum arabic"", ""direction"": ""ltr""}}",[],[],[],3994297d-0f74-4c0e-a8bf-ca380eccb7d9,0.5,[],[],82ed0ae5-d14b-433f-9cdf-c3c865b4ed40,"{""en"": {""value"": ""rabbit-skin glue"", ""direction"": ""ltr""}}",[],[],[],774acb8f-0e05-4e84-a718-1e4084d5b77c,49.5,[],[],,,,,,
bc45288f-8aca-4684-8bc5-18335a986e7b,d4e956f7-9fad-4fd2-94e3-563a3b2c3585,a4ea5a7a-d7f0-11ef-a75a-0275dc2ded29,1,c926d988-51e1-4269-82b0-d5fd860deddc,"{""en"": {""value"": ""0.500 g gum arabic"", ""direction"": ""ltr""}}",[],[],98a227e5-05dd-4d02-9f12-3785d1c8abc3,"{""en"": {""value"": ""49.5 g rabbit-skin glue"", ""direction"": ""ltr""}}",[],[],eea29de7-1598-4266-81c2-e42ec06fa11c,"{""en"": {""value"": ""gum arabic"", ""direction"": ""ltr""}}",[],[],[],463a75c8-a7e5-4d4e-a5e7-8736f2c62f0d,0.5,[],[],863ca67d-714b-4927-a57b-044dd1f6ced7,"{""en"": {""value"": ""rabbit-skin glue"", ""direction"": ""ltr""}}",[],[],[],da7eaee7-a166-4c29-bb6d-eed5f2234a98,49.5,[],[],,,,,,
af777dc0-307c-4213-92d7-9aaa6ccc913a,d4e956f7-9fad-4fd2-94e3-563a3b2c3585,a4ea5a7a-d7f0-11ef-a75a-0275dc2ded29,1,adfc32b7-8983-4fd2-9fa0-801cbe9df097,"{""en"": {""value"": ""0.500 g gum arabic"", ""direction"": ""ltr""}}",[],[],8ed7fd87-565f-4c2b-83af-7e70e3539e84,"{""en"": {""value"": ""49.5 g rabbit-skin glue"", ""direction"": ""ltr""}}",[],[],be4dd642-27cf-4c7f-83c2-5fc346d28b79,"{""en"": {""value"": ""gum arabic"", ""direction"": ""ltr""}}",[],[],[],c4220acb-4a40-41a5-aa35-99fe4fcfe3b7,0.5,[],[],f29ec248-f49f-47a9-b895-c16201b5698f,"{""en"": {""value"": ""rabbit-skin glue"", ""direction"": ""ltr""}}",[],[],[],3def7dfe-be2d-4b0b-a048-baef5038177a,49.5,[],[],,,,,,
2dd2c100-1116-43fc-ad4c-f3764ae25810,d4e956f7-9fad-4fd2-94e3-563a3b2c3585,a4ea5a7a-d7f0-11ef-a75a-0275dc2ded29,1,c541bb24-4c81-4294-8b45-528af7d7bbf9,"{""en"": {""value"": ""1.0 g gum arabic"", ""direction"": ""ltr""}}",[],[],d4b5a1b3-1cbb-435b-b49e-76986395598f,"{""en"": {""value"": ""49.0 g rabbit-skin glue"", ""direction"": ""ltr""}}",[],[],3ca01b0b-2e17-4cb6-85a2-1197c283ee02,"{""en"": {""value"": ""gum arabic"", ""direction"": ""ltr""}}",[],[],[],a09592d3-37ea-4455-a256-26f26b60e24f,1.0,[],[],1ada55bb-6a37-4a88-b4e8-c78dc30a7571,"{""en"": {""value"": ""rabbit-skin glue"", ""direction"": ""ltr""}}",[],[],[],addf418b-3383-433f-aa0d-2a0ba52de1ef,49.0,[],[],,,,,,
bb4dcbf8-e856-408a-8ead-58878f84a482,d4e956f7-9fad-4fd2-94e3-563a3b2c3585,a4ea5a7a-d7f0-11ef-a75a-0275dc2ded29,1,f73a08b5-ccc0-4594-8416-b6c72722f2ec,"{""en"": {""value"": ""1.0 g gum arabic"", ""direction"": ""ltr""}}",[],[],b682d729-5a45-442b-af51-9f144caaa676,"{""en"": {""value"": ""49.0 g rabbit-skin glue"", ""direction"": ""ltr""}}",[],[],ae69726e-8d5b-43c3-b82f-3530800854f0,"{""en"": {""value"": ""gum arabic"", ""direction"": ""ltr""}}",[],[],[],6b75739d-5050-4c1e-9f06-23f6c77118c7,1.0,[],[],9a89c774-f81e-40fa-94f8-29fd1b840198,"{""en"": {""value"": ""rabbit-skin glue"", ""direction"": ""ltr""}}",[],[],[],4a32a773-65a4-4358-9e6f-6fb68407bcd6,49.0,[],[],,,,,,
a6d58eef-9502-43dc-b972-f37e30129c9f,d4e956f7-9fad-4fd2-94e3-563a3b2c3585,a4ea5a7a-d7f0-11ef-a75a-0275dc2ded29,1,6096dba4-246a-48b1-943f-5673fa0f2811,"{""en"": {""value"": ""1.0 g gum arabic"", ""direction"": ""ltr""}}",[],[],87c8159a-ee52-4732-ba4b-6ceb8616ef61,"{""en"": {""value"": ""49.0 g rabbit-skin glue"", ""direction"": ""ltr""}}",[],[],6d3ab313-66c4-4c10-bf26-c5ccd4a1642c,"{""en"": {""value"": ""gum arabic"", ""direction"": ""ltr""}}",[],[],[],6d6de6fa-4a38-4da9-9a8b-d1c0c70254a1,1.0,[],[],c1eb8ea9-f46a-4c17-9246-cbb0c0b1ccd4,"{""en"": {""value"": ""rabbit-skin glue"", ""direction"": ""ltr""}}",[],[],[],e268b2e0-a70b-4609-9bdd-5bb39f276c75,49.0,[],[],,,,,,
c3a4ddd2-6403-4f5d-8eeb-429e3464fca4,d4e956f7-9fad-4fd2-94e3-563a3b2c3585,a4ea5a7a-d7f0-11ef-a75a-0275dc2ded29,1,941706fb-fb95-4434-aaad-721484978bef,"{""en"": {""value"": ""1.0 g gum arabic"", ""direction"": ""ltr""}}",[],[],c212a822-55ba-4e7f-b9de-aa975888be7b,"{""en"": {""value"": ""49.0 g rabbit-skin glue"", ""direction"": ""ltr""}}",[],[],23a9d7d9-caad-440a-8b04-c84146f2ba97,"{""en"": {""value"": ""gum arabic"", ""direction"": ""ltr""}}",[],[],[],e958153e-a877-4c0a-b4cd-407f9e3057f9,1.0,[],[],284ecf83-1b2b-48b5-9812-f6e03311a74c,"{""en"": {""value"": ""rabbit-skin glue"", ""direction"": ""ltr""}}",[],[],[],662fad0c-1e3c-4eec-ad1c-de303301f435,49.0,[],[],,,,,,
fbeb9595-cfc3-4b98-aed1-71663c513c5e,d4e956f7-9fad-4fd2-94e3-563a3b2c3585,a4ea5a7a-d7f0-11ef-a75a-0275dc2ded29,1,9f9ae90a-eecc-49b2-9553-2c59c429cb8a,"{""en"": {""value"": ""2.5 g gum arabic"", ""direction"": ""ltr""}}",[],[],26243dbe-9ef0-4e3d-a583-2ad7524442b6,"{""en"": {""value"": ""47.5 g rabbit-skin glue"", ""direction"": ""ltr""}}",[],[],0d4e0411-176e-4982-bd7a-6d51a233dede,"{""en"": {""value"": ""gum arabic"", ""direction"": ""ltr""}}",[],[],[],4f4a31f5-73cc-4397-b4fd-68aeda76e01c,2.5,[],[],a31bf4e8-c05d-44ff-997b-a5adf7efbc93,"{""en"": {""value"": ""rabbit-skin glue"", ""direction"": ""ltr""}}",[],[],[],f9733afd-c18a-4efe-b889-5c003f79bfe2,47.5,[],[],,,,,,
f3c1ef4d-98bf-4633-930e-d4e28ace5c6d,d4e956f7-9fad-4fd2-94e3-563a3b2c3585,a4ea5a7a-d7f0-11ef-a75a-0275dc2ded29,1,164711ba-0621-40fd-9961-4a220a754b22,"{""en"": {""value"": ""2.5 g gum arabic"", ""direction"": ""ltr""}}",[],[],df96563d-c825-48ed-93d4-da38a131d534,"{""en"": {""value"": ""47.5 g rabbit-skin glue"", ""direction"": ""ltr""}}",[],[],da2a87cb-c0a7-4950-9b78-ae4c1b7ebbe8,"{""en"": {""value"": ""gum arabic"", ""direction"": ""ltr""}}",[],[],[],dcc6b943-769e-4240-879f-674b40bbcc1b,2.5,[],[],61c18611-96bd-40ed-9a37-3e3211b27404,"{""en"": {""value"": ""rabbit-skin glue"", ""direction"": ""ltr""}}",[],[],[],78b00225-fea5-450d-a6d9-93b08ae1d155,47.5,[],[],,,,,,
6a536a91-e187-4869-823d-5b0cada77992,d4e956f7-9fad-4fd2-94e3-563a3b2c3585,a4ea5a7a-d7f0-11ef-a75a-0275dc2ded29,1,ed5c8d42-2be4-40e2-a8e7-ff26ae9910e6,"{""en"": {""value"": ""2.5 g gum arabic"", ""direction"": ""ltr""}}",[],[],7d85edea-9371-437a-90ac-fc5ba84ab04f,"{""en"": {""value"": ""47.5 g rabbit-skin glue"", ""direction"": ""ltr""}}",[],[],eb444631-a545-4169-a4e6-63da99e09871,"{""en"": {""value"": ""gum arabic"", ""direction"": ""ltr""}}",[],[],[],a7fcfe36-c865-43b0-a3ab-579b45a6234a,2.5,[],[],1570a32c-6761-4491-91d1-d0127905d36a,"{""en"": {""value"": ""rabbit-skin glue"", ""direction"": ""ltr""}}",[],[],[],3d33d7a4-cf38-4d7e-a8a3-c10b3a7ce74a,47.5,[],[],,,,,,
5bbfc01f-1c84-4ef4-b5c6-f07c8851420a,d4e956f7-9fad-4fd2-94e3-563a3b2c3585,a4ea5a7a-d7f0-11ef-a75a-0275dc2ded29,1,0d80d5b3-ab93-4beb-8908-e9948f327b53,"{""en"": {""value"": ""2.5 g gum arabic"", ""direction"": ""ltr""}}",[],[],007d0d90-5a07-4601-ba26-8796345eabe5,"{""en"": {""value"": ""47.5 g rabbit-skin glue"", ""direction"": ""ltr""}}",[],[],c16d0379-b86a-40a0-bf9d-c6d1d518d63e,"{""en"": {""value"": ""gum arabic"", ""direction"": ""ltr""}}",[],[],[],cfcdc017-88bb-4931-b719-4fd6a5cb012a,2.5,[],[],8a06152f-ad2c-4006-ac16-ccb33f2428d6,"{""en"": {""value"": ""rabbit-skin glue"", ""direction"": ""ltr""}}",[],[],[],16955f22-4f5d-4c58-bbc8-eee0544c0809,47.5,[],[],,,,,,
a6ea1f28-0648-40ce-9554-6f03b714fb5d,d4e956f7-9fad-4fd2-94e3-563a3b2c3585,a4ea5a7a-d7f0-11ef-a75a-0275dc2ded29,1,fa783290-d15e-42a5-a31c-f803fee2ad07,"{""en"": {""value"": ""10.0 g gum arabic"", ""direction"": ""ltr""}}",[],[],8a6c396d-fe87-4e50-b067-5d1f7974c4c2,"{""en"": {""value"": ""40 g rabbit-skin glue"", ""direction"": ""ltr""}}",[],[],f7209e80-0c42-4b0b-add4-1aca43ad32ae,"{""en"": {""value"": ""gum arabic"", ""direction"": ""ltr""}}",[],[],[],1454fdca-c0aa-4fa8-907d-cd1715a71f03,10.0,[],[],f9b5b52e-06fe-44e4-b3a7-e57f2fff6389,"{""en"": {""value"": ""rabbit-skin glue"", ""direction"": ""ltr""}}",[],[],[],d81a1c09-9594-42b4-9748-f8531537ca67,40.0,[],[],,,,,,
61938278-5fbe-4b36-854c-341891b7bb1d,d4e956f7-9fad-4fd2-94e3-563a3b2c3585,a4ea5a7a-d7f0-11ef-a75a-0275dc2ded29,1,7fd3f5f1-924b-45ca-93d4-a03abc077778,"{""en"": {""value"": ""10.0 g gum arabic"", ""direction"": ""ltr""}}",[],[],a0f9cb78-d4c5-4769-92b9-1df5d533cf13,"{""en"": {""value"": ""40 g rabbit-skin glue"", ""direction"": ""ltr""}}",[],[],52c18452-5142-44ed-8cf7-0b73b6d11ab9,"{""en"": {""value"": ""gum arabic"", ""direction"": ""ltr""}}",[],[],[],6f36aeea-c117-41c1-abe2-0eae1a0c4e27,10.0,[],[],3d3d4c10-81ca-4f13-b2a7-9349dcfaea1f,"{""en"": {""value"": ""rabbit-skin glue"", ""direction"": ""ltr""}}",[],[],[],bb8c936b-d7ed-475f-871c-8d0a294cea6a,40.0,[],[],,,,,,
b9246255-7834-44fe-8e83-3e2ad3ec9a7e,d4e956f7-9fad-4fd2-94e3-563a3b2c3585,a4ea5a7a-d7f0-11ef-a75a-0275dc2ded29,1,55b32c7f-57c9-418e-8faa-de7a79eebc39,"{""en"": {""value"": ""10.0 g gum arabic"", ""direction"": ""ltr""}}",[],[],cf15c73f-56ab-409c-ae0d-b78010590482,"{""en"": {""value"": ""40 g rabbit-skin glue"", ""direction"": ""ltr""}}",[],[],312a7c2e-82c3-4586-bcf2-42b57f0919da,"{""en"": {""value"": ""gum arabic"", ""direction"": ""ltr""}}",[],[],[],2f4a6546-c3e9-4c29-87d1-59cd0256abd5,10.0,[],[],9fc022e2-a88c-4419-9974-4adf3c6914a7,"{""en"": {""value"": ""rabbit-skin glue"", ""direction"": ""ltr""}}",[],[],[],7eb077a4-393d-41ac-b929-811169cccaf6,40.0,[],[],,,,,,
e1b96c8b-4cf5-4699-a616-0f95c239885b,d4e956f7-9fad-4fd2-94e3-563a3b2c3585,a4ea5a7a-d7f0-11ef-a75a-0275dc2ded29,1,9d6a4acb-8cef-4f57-a855-1bc761388576,"{""en"": {""value"": ""10.0 g gum arabic"", ""direction"": ""ltr""}}",[],[],b39837a6-02bb-4fa0-a4bb-313d2ffe03e2,"{""en"": {""value"": ""40 g rabbit-skin glue"", ""direction"": ""ltr""}}",[],[],6edc6b88-6c07-40f9-a9d8-7d99cefa4ad6,"{""en"": {""value"": ""gum arabic"", ""direction"": ""ltr""}}",[],[],[],dc9e0b5f-0212-42c5-b1d6-15e62cfed050,10.0,[],[],c8e701c4-8261-417e-9010-50611f6da01b,"{""en"": {""value"": ""rabbit-skin glue"", ""direction"": ""ltr""}}",[],[],[],48a986a3-911a-43fe-9049-5ea834f496d8,40.0,[],[],,,,,,
735515f3-afd3-4dd5-a79b-2d584b819b82,d4e956f7-9fad-4fd2-94e3-563a3b2c3585,a4ea5a7a-d7f0-11ef-a75a-0275dc2ded29,1,dac26f99-e09a-4f1e-a5d9-b2925d611479,"{""en"": {""value"": ""25 g gum arabic"", ""direction"": ""ltr""}}",[],[],1c4558fb-f83a-46e9-b2d7-60264a38dee8,"{""en"": {""value"": ""25 g rabbit-skin glue"", ""direction"": ""ltr""}}",[],[],0f28045f-4ba7-4159-b68f-1b01dab02762,"{""en"": {""value"": ""gum arabic"", ""direction"": ""ltr""}}",[],[],[],f296317c-d62d-4ade-a46f-bac87777ca57,25.0,[],[],07853c27-1418-4b5b-90f6-6fedeb419f97,"{""en"": {""value"": ""rabbit-skin glue"", ""direction"": ""ltr""}}",[],[],[],9920f679-c854-4d42-aed2-8c81e9e8e542,25.0,[],[],,,,,,
91e5fbb3-1f8c-481e-9b08-18fe8a6aad16,d4e956f7-9fad-4fd2-94e3-563a3b2c3585,a4ea5a7a-d7f0-11ef-a75a-0275dc2ded29,1,e9eb9317-440c-481a-8b83-c5d2c126ce41,"{""en"": {""value"": ""25 g gum arabic"", ""direction"": ""ltr""}}",[],[],1e062492-0109-4e0b-95b5-2b105bfe8f3e,"{""en"": {""value"": ""25 g rabbit-skin glue"", ""direction"": ""ltr""}}",[],[],dcf2aa6a-b8b1-4ca0-8651-62ac825180e6,"{""en"": {""value"": ""gum arabic"", ""direction"": ""ltr""}}",[],[],[],c2b349e5-01d0-442f-ae5c-6218967011a8,25.0,[],[],b9bd9fc3-5db6-494f-9aa1-86c0452faf49,"{""en"": {""value"": ""rabbit-skin glue"", ""direction"": ""ltr""}}",[],[],[],4586d661-14f1-4a62-97d4-62d17b97b602,25.0,[],[],,,,,,
67441d40-6e91-442d-b0bb-4ca64206dc44,d4e956f7-9fad-4fd2-94e3-563a3b2c3585,a4ea5a7a-d7f0-11ef-a75a-0275dc2ded29,1,21dd6432-2635-42e0-bdbb-9234566df7b8,"{""en"": {""value"": ""25 g gum arabic"", ""direction"": ""ltr""}}",[],[],36a38fd3-49d8-4cec-bb96-b6b33c5979cd,"{""en"": {""value"": ""25 g rabbit-skin glue"", ""direction"": ""ltr""}}",[],[],4c526ef0-1655-440a-9acf-ca7755bcb3dd,"{""en"": {""value"": ""gum arabic"", ""direction"": ""ltr""}}",[],[],[],0920a8d3-8a2f-4442-a611-a89ae389730f,25.0,[],[],dcd59fc8-e3b1-45c7-9c0d-23f4fa7f8c49,"{""en"": {""value"": ""rabbit-skin glue"", ""direction"": ""ltr""}}",[],[],[],1601ad72-9198-43bc-94ec-f175b0e7ee7a,25.0,[],[],,,,,,
8d6b6812-a8af-459c-8d4c-517a795f0122,d4e956f7-9fad-4fd2-94e3-563a3b2c3585,a4ea5a7a-d7f0-11ef-a75a-0275dc2ded29,1,d4b46da8-b603-4dbd-a20e-b229d255c261,"{""en"": {""value"": ""25 g gum arabic"", ""direction"": ""ltr""}}",[],[],86f38b59-2f19-464b-8ad6-641a20f3e46b,"{""en"": {""value"": ""25 g rabbit-skin glue"", ""direction"": ""ltr""}}",[],[],f970cf56-2cab-47f5-931b-f92600050898,"{""en"": {""value"": ""gum arabic"", ""direction"": ""ltr""}}",[],[],[],466f8aab-238e-421c-8253-a2a33606e11e,25.0,[],[],f3619f33-d4db-4d95-9c1a-7a533dc735b8,"{""en"": {""value"": ""rabbit-skin glue"", ""direction"": ""ltr""}}",[],[],[],638586e3-4fb8-4f89-bf31-0bf9b41f30b0,25.0,[],[],,,,,,
8cd68278-c4ce-4912-955e-f7d030fee3c5,d4e956f7-9fad-4fd2-94e3-563a3b2c3585,a4ea5a7a-d7f0-11ef-a75a-0275dc2ded29,1,89429b57-abf8-49cc-9eea-ba1536b3b84d,"{""en"": {""value"": ""40 g gum arabic"", ""direction"": ""ltr""}}",[],[],4451e529-5c9e-417f-bb92-9f30fbcbc40b,"{""en"": {""value"": ""10 g rabbit-skin glue"", ""direction"": ""ltr""}}",[],[],5f768435-848c-4e1e-8d10-7377b28fb519,"{""en"": {""value"": ""gum arabic"", ""direction"": ""ltr""}}",[],[],[],f3ed14a4-d9a8-4205-b9de-6edbaf087d5a,40.0,[],[],f8118dab-24ed-4fc6-a256-94b573fc689c,"{""en"": {""value"": ""rabbit-skin glue"", ""direction"": ""ltr""}}",[],[],[],1cea7b39-514a-4969-9161-3efadcaf2f54,10.0,[],[],,,,,,
7f2adaa6-b499-42a8-a086-705d6f85886f,d4e956f7-9fad-4fd2-94e3-563a3b2c3585,a4ea5a7a-d7f0-11ef-a75a-0275dc2ded29,1,ee4c5a1d-ff71-418b-b8eb-9c4db601b11f,"{""en"": {""value"": ""40 g gum arabic"", ""direction"": ""ltr""}}",[],[],e682dd66-de2d-498b-a60b-3916044b278a,"{""en"": {""value"": ""10 g rabbit-skin glue"", ""direction"": ""ltr""}}",[],[],e03cdb94-5949-4abd-9106-f17e4d9a9bb2,"{""en"": {""value"": ""gum arabic"", ""direction"": ""ltr""}}",[],[],[],e9c677e6-56f1-4633-9b63-6396a6c62eba,40.0,[],[],e8c7043d-96c1-4f99-9544-a72d5f6e953c,"{""en"": {""value"": ""rabbit-skin glue"", ""direction"": ""ltr""}}",[],[],[],70584d6b-1158-4def-8eb3-d4014bb21e68,10.0,[],[],,,,,,
88dbcecb-265a-4c17-b43b-c31a8fcc37f3,d4e956f7-9fad-4fd2-94e3-563a3b2c3585,a4ea5a7a-d7f0-11ef-a75a-0275dc2ded29,1,b2a6b3c5-c554-4f30-84a1-552ca85835c5,"{""en"": {""value"": ""40 g gum arabic"", ""direction"": ""ltr""}}",[],[],439d9637-0762-4314-9c18-b23d23bb19f7,"{""en"": {""value"": ""10 g rabbit-skin glue"", ""direction"": ""ltr""}}",[],[],405a0992-eae4-4053-a30c-2ea55be90e09,"{""en"": {""value"": ""gum arabic"", ""direction"": ""ltr""}}",[],[],[],ab3a152a-562a-4f54-90a2-5e1b87442679,40.0,[],[],c7721ef6-bfcd-4f80-be00-0f46bd7bef01,"{""en"": {""value"": ""rabbit-skin glue"", ""direction"": ""ltr""}}",[],[],[],4116c330-a2d7-4451-a0a2-02edb832d228,10.0,[],[],,,,,,
89de0605-c7e1-43b7-9a31-64ee3aa04be9,d4e956f7-9fad-4fd2-94e3-563a3b2c3585,a4ea5a7a-d7f0-11ef-a75a-0275dc2ded29,1,ca7c6134-6f8f-49a8-92e7-fb46a82de901,"{""en"": {""value"": ""40 g gum arabic"", ""direction"": ""ltr""}}",[],[],9aed4da4-9670-4062-b6fb-99bb156f0472,"{""en"": {""value"": ""10 g rabbit-skin glue"", ""direction"": ""ltr""}}",[],[],dc37ec3b-cb28-422b-b985-9805ff9e5294,"{""en"": {""value"": ""gum arabic"", ""direction"": ""ltr""}}",[],[],[],dce7c2e1-12cd-4bc0-87b9-08c532499b3d,40.0,[],[],6b632f5e-5488-4965-885f-d4c2e5b68a68,"{""en"": {""value"": ""rabbit-skin glue"", ""direction"": ""ltr""}}",[],[],[],289ba108-dad1-4524-9baa-b27fef74f075,10.0,[],[],,,,,,
7641f447-adaf-401f-9b55-9cdff1d6da0c,d4e956f7-9fad-4fd2-94e3-563a3b2c3585,a4ea5a7a-d7f0-11ef-a75a-0275dc2ded29,1,f9aed4af-3da1-4b96-a5a4-57eb95a41f1e,"{""en"": {""value"": ""47.5 g gum arabic"", ""direction"": ""ltr""}}",[],[],686fc1d6-a8cf-4874-a1d0-54fdd6a2c660,"{""en"": {""value"": ""2.5 g rabbit-skin glue"", ""direction"": ""ltr""}}",[],[],c3e72c94-6752-4a64-98fc-09285dfb166e,"{""en"": {""value"": ""gum arabic"", ""direction"": ""ltr""}}",[],[],[],937c93f0-a10e-404d-a2be-95de4fb8ffe2,47.5,[],[],d14a24e4-d1ff-4781-9683-26a3d1b21f45,"{""en"": {""value"": ""rabbit-skin glue"", ""direction"": ""ltr""}}",[],[],[],ad1bbdb5-bb14-4a61-9576-d96f2a36d639,2.5,[],[],,,,,,
173fe6c7-e4aa-4ac7-8b0f-017c74af22a2,d4e956f7-9fad-4fd2-94e3-563a3b2c3585,a4ea5a7a-d7f0-11ef-a75a-0275dc2ded29,1,a6bb0261-0360-4eb3-b9ad-2073bd660af4,"{""en"": {""value"": ""47.5 g gum arabic"", ""direction"": ""ltr""}}",[],[],7628f8b7-6dba-49bc-97d7-ecc295a4b945,"{""en"": {""value"": ""2.5 g rabbit-skin glue"", ""direction"": ""ltr""}}",[],[],db68535d-cc04-46eb-bec9-30befe37c47f,"{""en"": {""value"": ""gum arabic"", ""direction"": ""ltr""}}",[],[],[],56c7cb38-ec68-45e5-884a-031e465006da,47.5,[],[],e8140d21-6c21-4d58-84ee-76c2cb6b5402,"{""en"": {""value"": ""rabbit-skin glue"", ""direction"": ""ltr""}}",[],[],[],f15de3c0-fbfc-42bd-ba60-5e725cf83d5b,2.5,[],[],,,,,,
770a29e5-693a-4915-bb82-715c615138d8,d4e956f7-9fad-4fd2-94e3-563a3b2c3585,a4ea5a7a-d7f0-11ef-a75a-0275dc2ded29,1,8c8ecae2-759c-41a7-8a70-abc45cfadf82,"{""en"": {""value"": ""47.5 g gum arabic"", ""direction"": ""ltr""}}",[],[],de723660-6bb6-4a30-8c4b-aa040699f536,"{""en"": {""value"": ""2.5 g rabbit-skin glue"", ""direction"": ""ltr""}}",[],[],6f5eb0d1-bbf6-4227-b44c-ce112716178f,"{""en"": {""value"": ""gum arabic"", ""direction"": ""ltr""}}",[],[],[],4a62d03f-c8f5-4839-a041-0b606103377d,47.5,[],[],db5ecbab-ce22-4f0a-ad64-0218e7fba628,"{""en"": {""value"": ""rabbit-skin glue"", ""direction"": ""ltr""}}",[],[],[],d8367aaa-6bda-4968-b802-256751d4afcd,2.5,[],[],,,,,,
080f6618-25a6-49d9-ad29-486d326323be,d4e956f7-9fad-4fd2-94e3-563a3b2c3585,a4ea5a7a-d7f0-11ef-a75a-0275dc2ded29,1,d161f625-dfe3-4732-a4c3-bf69b068f5c1,"{""en"": {""value"": ""47.5 g gum arabic"", ""direction"": ""ltr""}}",[],[],3d1f7af3-6c01-4f0d-9832-9d9de3d9b7b3,"{""en"": {""value"": ""2.5 g rabbit-skin glue"", ""direction"": ""ltr""}}",[],[],95a9c1b4-6bb9-47b3-be17-425de070330d,"{""en"": {""value"": ""gum arabic"", ""direction"": ""ltr""}}",[],[],[],77c1f5a9-1a6d-459c-9c84-5e118c5228df,47.5,[],[],2005dfe9-bafc-4c29-bd33-81c49a0a4e31,"{""en"": {""value"": ""rabbit-skin glue"", ""direction"": ""ltr""}}",[],[],[],434c9f5a-cc18-4cfc-bc99-3ffc89afafd1,2.5,[],[],,,,,,
bbd992bb-9cf1-4a96-899a-a17edb5f2112,d4e956f7-9fad-4fd2-94e3-563a3b2c3585,a4ea5a7a-d7f0-11ef-a75a-0275dc2ded29,1,07115df5-be63-4f99-874d-373f06eaa52d,"{""en"": {""value"": ""98 g gum arbic"", ""direction"": ""ltr""}}",[],[],dcc8ad44-91ef-4a6d-a66c-d6d651add3cd,"{""en"": {""value"": ""2 g rabbit-skin glue"", ""direction"": ""ltr""}}",[],[],ccdeb284-72d8-45b0-8981-d03c22c73e88,"{""en"": {""value"": ""gum arabic"", ""direction"": ""ltr""}}",[],[],[],bf6257f3-6e6b-4d74-a4fb-147c3698b7f7,98.0,[],[],5ea295db-2aab-4ebc-8718-94302996f493,"{""en"": {""value"": ""rabbit-skin glue"", ""direction"": ""ltr""}}",[],[],[],5efe8a2d-e0c7-404b-bbce-005589e8f6cc,2.0,[],[],,,,,,
a0599090-5818-46ea-b04c-6b864cee7a24,d4e956f7-9fad-4fd2-94e3-563a3b2c3585,a4ea5a7a-d7f0-11ef-a75a-0275dc2ded29,1,6ff37f60-15d6-464a-91d1-ee9bc8de01b7,"{""en"": {""value"": ""98 g gum arbic"", ""direction"": ""ltr""}}",[],[],0fa9b512-d2ee-41b5-8f90-aea8d4997858,"{""en"": {""value"": ""2 g rabbit-skin glue"", ""direction"": ""ltr""}}",[],[],cb301198-5b4b-4d1b-a874-c295bfcde292,"{""en"": {""value"": ""gum arabic"", ""direction"": ""ltr""}}",[],[],[],89aabaa4-616c-4ca0-a343-76f5e92ef8ba,98.0,[],[],601a08da-d6ed-4f8a-9573-388c721ddca6,"{""en"": {""value"": ""rabbit-skin glue"", ""direction"": ""ltr""}}",[],[],[],0daf508c-280f-4350-adb9-c0cd9fb902ca,2.0,[],[],,,,,,
467ad2fc-01b9-4483-bc42-e89af63e4bc7,d4e956f7-9fad-4fd2-94e3-563a3b2c3585,a4ea5a7a-d7f0-11ef-a75a-0275dc2ded29,1,f232af55-3013-4120-8f53-82b0d19c4c73,"{""en"": {""value"": ""98 g gum arbic"", ""direction"": ""ltr""}}",[],[],b1c2ba4d-ed5c-40af-b81d-1e47d2d0379f,"{""en"": {""value"": ""2 g rabbit-skin glue"", ""direction"": ""ltr""}}",[],[],deb69779-d989-458b-983d-276439b6f0cf,"{""en"": {""value"": ""gum arabic"", ""direction"": ""ltr""}}",[],[],[],a0ae8552-1bd4-43b2-9ad8-25d0a26a9fc6,98.0,[],[],2b89fb2a-e539-4187-bab5-a63ae8a81f54,"{""en"": {""value"": ""rabbit-skin glue"", ""direction"": ""ltr""}}",[],[],[],88cbbba1-43d1-4888-bfbb-fd3374cd4b8f,2.0,[],[],,,,,,
c2aed65e-a9cf-4883-8b53-19cfc7344334,d4e956f7-9fad-4fd2-94e3-563a3b2c3585,a4ea5a7a-d7f0-11ef-a75a-0275dc2ded29,1,bca71c30-efb8-4654-b5d8-dafbb9c5d847,"{""en"": {""value"": ""98 g gum arbic"", ""direction"": ""ltr""}}",[],[],3621ecac-955d-4ae4-9393-f81b50724a3f,"{""en"": {""value"": ""2 g rabbit-skin glue"", ""direction"": ""ltr""}}",[],[],decb4cc3-1353-47f1-a531-61df9440315b,"{""en"": {""value"": ""gum arabic"", ""direction"": ""ltr""}}",[],[],[],059f42d6-e6d9-4711-9571-858f04574aa5,98.0,[],[],b0b9183b-6ab9-4d2b-a5b0-c0ec361dbaf9,"{""en"": {""value"": ""rabbit-skin glue"", ""direction"": ""ltr""}}",[],[],[],0a84b7da-3015-46fc-8786-4366bf73b87d,2.0,[],[],,,,,,
a4fb94be-a700-4119-b753-ab75aa719cc3,d4e956f7-9fad-4fd2-94e3-563a3b2c3585,a4ea5a7a-d7f0-11ef-a75a-0275dc2ded29,1,40ae47a7-ad5e-48de-86bf-b6ceca225ba5,"{""en"": {""value"": ""99 g gum arabic"", ""direction"": ""ltr""}}",[],[],f8643673-3831-4ef5-ba51-56ae391d638c,"{""en"": {""value"": ""1.0 g rabbit-skin glue"", ""direction"": ""ltr""}}",[],[],109bcc27-aa09-4565-bc8d-cd7feaec85cd,"{""en"": {""value"": ""gum arabic"", ""direction"": ""ltr""}}",[],[],[],29be77ae-bf7a-4df5-b6cc-a636283b1cbc,99.0,[],[],775d87f5-129c-41fb-ad76-1be37cbe1166,"{""en"": {""value"": ""rabbit-skin glue"", ""direction"": ""ltr""}}",[],[],[],a9e5d076-c771-40ff-ad83-6064b5f2c6df,1.0,[],[],,,,,,
105ea7f3-b695-47e3-9a30-110004dd1216,d4e956f7-9fad-4fd2-94e3-563a3b2c3585,a4ea5a7a-d7f0-11ef-a75a-0275dc2ded29,1,5242e6e1-e8d9-4f47-a394-bc8d012daa6b,"{""en"": {""value"": ""99 g gum arabic"", ""direction"": ""ltr""}}",[],[],35445071-1358-48b0-98f2-ac8f4806b860,"{""en"": {""value"": ""1.0 g rabbit-skin glue"", ""direction"": ""ltr""}}",[],[],779ae10b-e895-49bd-baf1-c88fd3a4f332,"{""en"": {""value"": ""gum arabic"", ""direction"": ""ltr""}}",[],[],[],bf55505b-94e2-4845-bd9e-0493f20daba3,99.0,[],[],a092347e-415e-43ac-869e-6ed8d71e1010,"{""en"": {""value"": ""rabbit-skin glue"", ""direction"": ""ltr""}}",[],[],[],a6778e45-229b-4022-ac5f-d70903c0c180,1.0,[],[],,,,,,
28a0eb94-5420-423d-9eff-ada26f0c3a36,d4e956f7-9fad-4fd2-94e3-563a3b2c3585,a4ea5a7a-d7f0-11ef-a75a-0275dc2ded29,1,e5f45fbe-1af9-4362-bb6b-5652a844cfc9,"{""en"": {""value"": ""99 g gum arabic"", ""direction"": ""ltr""}}",[],[],bb1e9e76-ea2c-4784-ba64-2f6f1a90b9be,"{""en"": {""value"": ""1.0 g rabbit-skin glue"", ""direction"": ""ltr""}}",[],[],43cdb9a6-7882-43ce-8e2b-9f2a3fce5d47,"{""en"": {""value"": ""gum arabic"", ""direction"": ""ltr""}}",[],[],[],db6741fb-7387-4dbe-aa98-ce39f8f6adb0,99.0,[],[],1e276f82-3787-4dfe-9c06-7285cce7d5fa,"{""en"": {""value"": ""rabbit-skin glue"", ""direction"": ""ltr""}}",[],[],[],610453b3-6d46-45c3-a52c-308e5df65305,1.0,[],[],,,,,,
4fd80b9e-1c41-4dc4-a729-2c4884da0936,d4e956f7-9fad-4fd2-94e3-563a3b2c3585,a4ea5a7a-d7f0-11ef-a75a-0275dc2ded29,1,32c74b4a-f866-40c6-a8d0-e4512d3451df,"{""en"": {""value"": ""99 g gum arabic"", ""direction"": ""ltr""}}",[],[],1e61dd2c-fc54-444b-ab8c-eca09637a475,"{""en"": {""value"": ""1.0 g rabbit-skin glue"", ""direction"": ""ltr""}}",[],[],c137efa8-7a96-4f83-8e21-61898ab0a083,"{""en"": {""value"": ""gum arabic"", ""direction"": ""ltr""}}",[],[],[],7c66af7b-3480-4f15-af99-abf4225cb42c,99.0,[],[],96a1c1df-7bcd-439d-a5cf-e6b8bf4e9a8b,"{""en"": {""value"": ""rabbit-skin glue"", ""direction"": ""ltr""}}",[],[],[],ed0179c7-58fd-430e-84ed-a7e00108e309,1.0,[],[],,,,,,
4472b4b5-ac28-49a9-8f88-b724e0766b91,d4e956f7-9fad-4fd2-94e3-563a3b2c3585,a4ea5a7a-d7f0-11ef-a75a-0275dc2ded29,1,3af556fa-bdc9-42d4-b7f9-1c5a80cd4e01,"{""en"": {""value"": ""Gum arabic"", ""direction"": ""ltr""}}",[],[],82ae0c71-54ec-4209-92b0-08d800881902,"{""en"": {""value"": ""Rabbit Skin Glue"", ""direction"": ""ltr""}}",[],[],,,,,,,,,,,,,,,,,,,,,,,,
6507ead5-e6d2-4297-ba8d-eba6296cb780,d4e956f7-9fad-4fd2-94e3-563a3b2c3585,a4ea5a7a-d7f0-11ef-a75a-0275dc2ded29,1,78c0a0f8-922b-4769-a1b2-52100072c7b0,"{""en"": {""value"": ""Gum arabic"", ""direction"": ""ltr""}}",[],[],fba8cda2-dcf0-4c7b-87a6-1d683f032ec9,"{""en"": {""value"": ""Rabbit Skin Glue"", ""direction"": ""ltr""}}",[],[],,,,,,,,,,,,,,,,,,,,,,,,
dba27f66-cccf-4e5e-a152-3fa7968b14dd,d4e956f7-9fad-4fd2-94e3-563a3b2c3585,a4ea5a7a-d7f0-11ef-a75a-0275dc2ded29,1,d2c6bcd2-075d-465a-a3a6-794d8c6dc3a6,"{""en"": {""value"": ""Gum arabic"", ""direction"": ""ltr""}}",[],[],89e8d967-c293-4bef-aed7-1a0bba059189,"{""en"": {""value"": ""Rabbit Skin Glue"", ""direction"": ""ltr""}}",[],[],,,,,,,,,,,,,,,,,,,,,,,,
bad62205-76c0-4614-a839-f42d4a1a242d,d4e956f7-9fad-4fd2-94e3-563a3b2c3585,a4ea5a7a-d7f0-11ef-a75a-0275dc2ded29,1,547f1cad-5c68-4f34-9f6a-a7c7fd69718a,"{""en"": {""value"": ""Gum arabic"", ""direction"": ""ltr""}}",[],[],79250b00-183d-4b64-b04d-957e2a8da6b3,"{""en"": {""value"": ""Rabbit Skin Glue"", ""direction"": ""ltr""}}",[],[],,,,,,,,,,,,,,,,,,,,,,,,
667a8379-efa2-4cb0-b64a-9ad9080539f5,d4e956f7-9fad-4fd2-94e3-563a3b2c3585,a4ea5a7a-d7f0-11ef-a75a-0275dc2ded29,1,34cdd586-545b-4e9c-ba9c-caad09e036d8,"{""en"": {""value"": ""Gum arabic"", ""direction"": ""ltr""}}",[],[],6d7071f8-145f-496f-b0a5-cb837fa823bf,"{""en"": {""value"": ""Rabbit Skin Glue"", ""direction"": ""ltr""}}",[],[],,,,,,,,,,,,,,,,,,,,,,,,
0abf2e17-e4eb-4b79-bce1-ec6c8a85a1ed,d4e956f7-9fad-4fd2-94e3-563a3b2c3585,a4ea5a7a-d7f0-11ef-a75a-0275dc2ded29,1,1d09f696-3de6-44c4-94f2-487b417b10b9,"{""en"": {""value"": ""Gum arabic"", ""direction"": ""ltr""}}",[],[],dc49f239-26a7-42e4-bfd4-5655ece666e4,"{""en"": {""value"": ""Rabbit Skin Glue"", ""direction"": ""ltr""}}",[],[],,,,,,,,,,,,,,,,,,,,,,,,
082136ff-cf70-4bbb-916b-f1f939da6450,d4e956f7-9fad-4fd2-94e3-563a3b2c3585,a4ea5a7a-d7f0-11ef-a75a-0275dc2ded29,1,c2ec409b-f82d-4430-8177-4f7cd07e45cc,"{""en"": {""value"": ""Gum arabic"", ""direction"": ""ltr""}}",[],[],0a5ac233-d435-438d-b0b2-c3f6b542f2fc,"{""en"": {""value"": ""Rabbit Skin Glue"", ""direction"": ""ltr""}}",[],[],,,,,,,,,,,,,,,,,,,,,,,,
b4ebc13e-0c82-45c3-8882-97e573c12fb7,d4e956f7-9fad-4fd2-94e3-563a3b2c3585,a4ea5a7a-d7f0-11ef-a75a-0275dc2ded29,1,10da9626-2564-4b04-8795-04a0b286c19c,"{""en"": {""value"": ""Gum arabic"", ""direction"": ""ltr""}}",[],[],31dc05ba-d9c3-4ce8-9782-f0e323cfec64,"{""en"": {""value"": ""Rabbit Skin Glue"", ""direction"": ""ltr""}}",[],[],,,,,,,,,,,,,,,,,,,,,,,,
2596ad73-f90c-486a-9a60-d7c5c771fa63,d4e956f7-9fad-4fd2-94e3-563a3b2c3585,a4ea5a7a-d7f0-11ef-a75a-0275dc2ded29,1,e463d305-c626-48fc-9bc1-a184c3193b7e,"{""en"": {""value"": ""0.055 g gum arabic"", ""direction"": ""ltr""}}",[],[],0d213b22-736e-4b32-831b-f40079fb5082,"{""en"": {""value"": ""45.602 g whole egg"", ""direction"": ""ltr""}}",[],[],603e2b7b-651f-44cf-bd6a-4f8ca904a208,"{""en"": {""value"": ""gum arabic"", ""direction"": ""ltr""}}",[],[],[],6b3c6da4-2713-4c07-93e7-9ae9a33548a3,0.055,[],[],7c3ef9d8-1212-416f-8ae8-036139faf2e4,"{""en"": {""value"": ""whole egg"", ""direction"": ""ltr""}}",[],[],[],39b7087e-5cbe-4b6f-b0ba-99902aa66660,45.602,[],[],,,,,,
9e80220b-5419-4e7c-86bd-3abb2370ad29,d4e956f7-9fad-4fd2-94e3-563a3b2c3585,a4ea5a7a-d7f0-11ef-a75a-0275dc2ded29,1,4380b44a-d533-4397-9179-8e41eabd8201,"{""en"": {""value"": ""0.055 g gum arabic"", ""direction"": ""ltr""}}",[],[],8c098a7a-1932-43a3-8b1a-81a34b886ad3,"{""en"": {""value"": ""45.602 g whole egg"", ""direction"": ""ltr""}}",[],[],d12da566-4127-4ada-af15-bc350f8db1f9,"{""en"": {""value"": ""gum arabic"", ""direction"": ""ltr""}}",[],[],[],78becd4c-34a9-4502-8d74-a1793a08a0b0,0.055,[],[],14f621dc-9ab3-4dc9-8822-1e95bc6eaacb,"{""en"": {""value"": ""whole egg"", ""direction"": ""ltr""}}",[],[],[],019a3bd4-143b-470f-b17b-c9293357e876,45.602,[],[],,,,,,
809b250d-1565-44eb-a0fc-7f04e8657f70,d4e956f7-9fad-4fd2-94e3-563a3b2c3585,a4ea5a7a-d7f0-11ef-a75a-0275dc2ded29,1,1d0fea16-3df8-4ce4-b8d0-33b1fe3e3d78,"{""en"": {""value"": ""0.056 g gum arabic"", ""direction"": ""ltr""}}",[],[],6927a900-43ef-48cc-9e96-3f0ef81f470d,"{""en"": {""value"": ""44.936 g whole egg"", ""direction"": ""ltr""}}",[],[],76104c9e-b12a-4ce7-bd34-827ddb1003ce,"{""en"": {""value"": ""gum arabic"", ""direction"": ""ltr""}}",[],[],[],97fdc7c1-65a5-4932-aa3c-a3cb44b70c30,0.056,[],[],f4845f75-fbc3-4964-b1c6-5e416e56ebc9,"{""en"": {""value"": ""whole egg"", ""direction"": ""ltr""}}",[],[],[],2ab2281b-4e7a-475b-854b-de9384771a40,44.936,[],[],,,,,,
2febd85e-305d-4907-b54a-aa97e21ccddc,d4e956f7-9fad-4fd2-94e3-563a3b2c3585,a4ea5a7a-d7f0-11ef-a75a-0275dc2ded29,1,70aeedd7-45b9-4999-8886-b77d6e142c8e,"{""en"": {""value"": ""0.062 g gum arabic"", ""direction"": ""ltr""}}",[],[],f91322f7-06f3-4136-b34f-c975972e2249,"{""en"": {""value"": ""45.288 g whole egg"", ""direction"": ""ltr""}}",[],[],470a163e-472d-4a94-8408-26b6796dafb6,"{""en"": {""value"": ""gum arabic"", ""direction"": ""ltr""}}",[],[],[],6d0b27d3-b1e8-40bf-9e17-991cfcaa9618,0.062,[],[],d116f559-8c1b-421a-b522-5de45baedb78,"{""en"": {""value"": ""whole egg"", ""direction"": ""ltr""}}",[],[],[],4dd9a425-fc8e-4c14-bffa-173110c9398c,45.288,[],[],,,,,,
842cd1e1-01bd-4c5a-8503-2cbfd3ad1199,d4e956f7-9fad-4fd2-94e3-563a3b2c3585,a4ea5a7a-d7f0-11ef-a75a-0275dc2ded29,1,9232001c-76ad-446a-8774-6ed07c944256,"{""en"": {""value"": ""0.050 g gum arabic"", ""direction"": ""ltr""}}",[],[],87122aa8-b6a4-4721-ad5f-9728bc850b6f,"{""en"": {""value"": ""24.888 g whole egg"", ""direction"": ""ltr""}}",[],[],76d7313d-b0d7-4510-bc44-0bedbf69e3a5,"{""en"": {""value"": ""gum arabic"", ""direction"": ""ltr""}}",[],[],[],f7e2e72e-9b11-40ac-9893-1f0c62cf385a,0.05,[],[],fe90e914-b3a3-40c4-a6de-7519f135ac15,"{""en"": {""value"": ""whole egg"", ""direction"": ""ltr""}}",[],[],[],b6485911-8546-449b-84f4-2c2159b2ff9d,24.888,[],[],,,,,,
c5cd73ff-6895-4933-a39a-49225682e114,d4e956f7-9fad-4fd2-94e3-563a3b2c3585,a4ea5a7a-d7f0-11ef-a75a-0275dc2ded29,1,a9641c4b-8b51-4755-aa2a-f68857c2497e,"{""en"": {""value"": ""0.050 g gum arabic"", ""direction"": ""ltr""}}",[],[],d610aee7-a5d9-4f9f-bbc9-747e46ce7e24,"{""en"": {""value"": ""24.886 g whole egg"", ""direction"": ""ltr""}}",[],[],875ab88c-9a1d-4e6d-b6c4-88f81b0b8738,"{""en"": {""value"": ""gum arabic"", ""direction"": ""ltr""}}",[],[],[],44322f86-f587-41f1-b3b9-230328e23afe,0.05,[],[],ca83df74-f666-40cb-bf79-5293aae5dfde,"{""en"": {""value"": ""whole egg"", ""direction"": ""ltr""}}",[],[],[],16d0fa0c-4a31-4252-92ff-46cc4b206fce,24.886,[],[],,,,,,
e0a84c20-3434-496d-8a3e-14acd492cfac,d4e956f7-9fad-4fd2-94e3-563a3b2c3585,a4ea5a7a-d7f0-11ef-a75a-0275dc2ded29,1,7b5a3ba8-c186-44c7-b7fc-60cbc7519056,"{""en"": {""value"": ""0.057 g gum arabic"", ""direction"": ""ltr""}}",[],[],bf7e7af0-28eb-4215-88f5-a8609fe6ae01,"{""en"": {""value"": ""24.904 g whole egg"", ""direction"": ""ltr""}}",[],[],d056700e-e42f-4a8c-a0a4-fd0bdf76e49e,"{""en"": {""value"": ""gum arabic"", ""direction"": ""ltr""}}",[],[],[],ab0ee24d-5458-4117-a76f-b9ec0839a39d,0.057,[],[],f13590a2-d787-4a63-929d-f35b06a63a7e,"{""en"": {""value"": ""whole egg"", ""direction"": ""ltr""}}",[],[],[],960467a3-4a71-4adb-bfd8-86b49a766282,24.904,[],[],,,,,,
438015aa-ef9c-420b-954e-b1a8d2cc7449,d4e956f7-9fad-4fd2-94e3-563a3b2c3585,a4ea5a7a-d7f0-11ef-a75a-0275dc2ded29,1,57fdb16a-0087-437e-9ead-748010567a78,"{""en"": {""value"": ""0.048 g gum arabic"", ""direction"": ""ltr""}}",[],[],b9e5be14-79fb-49d4-9794-3a34d8a20557,"{""en"": {""value"": ""25.443 g whole egg"", ""direction"": ""ltr""}}",[],[],b09e87f4-9815-4c98-b558-a19603c3fbcb,"{""en"": {""value"": ""gum arabic"", ""direction"": ""ltr""}}",[],[],[],9922af62-f486-48ce-87cc-137b179ba654,0.048,[],[],dd9cb2ae-dc1f-45b5-aea9-e509ad3551a9,"{""en"": {""value"": ""whole egg"", ""direction"": ""ltr""}}",[],[],[],358091e3-42fa-4b13-aba2-4e184f23b791,25.443,[],[],,,,,,
d8cd2b66-f4dd-4f82-b2ef-603f41858a50,d4e956f7-9fad-4fd2-94e3-563a3b2c3585,a4ea5a7a-d7f0-11ef-a75a-0275dc2ded29,1,609f9be3-a37c-42a3-87fe-2921b71a89b1,"{""en"": {""value"": ""0.214 g gum arabic"", ""direction"": ""ltr""}}",[],[],c9e8a102-80f1-494c-9319-a8987b34885f,"{""en"": {""value"": ""18.881 g whole egg"", ""direction"": ""ltr""}}",[],[],bf7dfdff-bf69-4e5d-8068-15ad7ff06b8a,"{""en"": {""value"": ""gum arabic"", ""direction"": ""ltr""}}",[],[],[],824e4413-b12a-458d-99d1-b070dab08830,0.214,[],[],efe4358e-3f5b-4ab3-9f76-aa9dfc911cf3,"{""en"": {""value"": ""whole egg"", ""direction"": ""ltr""}}",[],[],[],bc28b0df-95e5-4c4e-bf62-026f206e73c8,18.881,[],[],,,,,,
23beca11-262b-4d22-b10f-41815b968b38,d4e956f7-9fad-4fd2-94e3-563a3b2c3585,a4ea5a7a-d7f0-11ef-a75a-0275dc2ded29,1,1a6812f8-eb0d-4352-bb39-2e8b7ecdc302,"{""en"": {""value"": ""0.214 g gum arabic"", ""direction"": ""ltr""}}",[],[],903e7d54-5812-4754-a314-76969f05f1c0,"{""en"": {""value"": ""18.881 g whole egg"", ""direction"": ""ltr""}}",[],[],925a72a3-f0dd-4737-be0e-f536eb2a857f,"{""en"": {""value"": ""gum arabic"", ""direction"": ""ltr""}}",[],[],[],1309b5bd-045a-4dc4-b6bf-4b73e4b10f03,0.214,[],[],0482df15-5676-47c5-b4f9-d05bfd997918,"{""en"": {""value"": ""whole egg"", ""direction"": ""ltr""}}",[],[],[],b87b417a-401a-4b25-a556-618e32290c8d,18.881,[],[],,,,,,
864a91cb-3eba-4289-a844-7b2fea0dc387,d4e956f7-9fad-4fd2-94e3-563a3b2c3585,a4ea5a7a-d7f0-11ef-a75a-0275dc2ded29,1,fa2403ae-a48a-410c-a515-3321905f6496,"{""en"": {""value"": ""0.205 g gum arabic"", ""direction"": ""ltr""}}",[],[],86fa4ab7-bd0a-4855-9d17-4bb7eb2d7620,"{""en"": {""value"": ""18.982 g whole egg"", ""direction"": ""ltr""}}",[],[],b14f30d2-e20a-4b3f-8469-42c96da1e109,"{""en"": {""value"": ""gum arabic"", ""direction"": ""ltr""}}",[],[],[],dff38590-6a99-4e2b-b259-1dcdaa4cbae5,0.205,[],[],d3882268-9108-4724-bd03-d11692b63287,"{""en"": {""value"": ""whole egg"", ""direction"": ""ltr""}}",[],[],[],701cb8a1-7135-462e-91f0-6c2d6ccee8ca,18.982,[],[],,,,,,
b4434519-cace-43c2-8b0b-d9c11a9f185e,d4e956f7-9fad-4fd2-94e3-563a3b2c3585,a4ea5a7a-d7f0-11ef-a75a-0275dc2ded29,1,a2858c2d-fe78-4828-a34f-496ac3aa30d8,"{""en"": {""value"": ""0.200 g gum arabic"", ""direction"": ""ltr""}}",[],[],345758e1-1de2-4101-89f6-6ab0da44361f,"{""en"": {""value"": ""19.065 g whole egg"", ""direction"": ""ltr""}}",[],[],15c8a4dc-7048-46d3-960c-b2f32bd067ca,"{""en"": {""value"": ""gum arabic"", ""direction"": ""ltr""}}",[],[],[],02a1ec0f-6489-4a84-acbf-20b713d32fd4,0.2,[],[],0867ffd9-cfe1-4e6e-b7e4-e463f6c048ef,"{""en"": {""value"": ""whole egg"", ""direction"": ""ltr""}}",[],[],[],d3943c51-6caa-4382-ad67-1ccd17429603,19.065,[],[],,,,,,
14a08171-d26d-459a-82eb-14f9bbb98ea9,d4e956f7-9fad-4fd2-94e3-563a3b2c3585,a4ea5a7a-d7f0-11ef-a75a-0275dc2ded29,1,56297030-534c-43ee-a244-9b1039bddb56,"{""en"": {""value"": ""0.505 g gum arabic"", ""direction"": ""ltr""}}",[],[],3ff06727-cb1b-4cbb-9698-f9b718dd460a,"{""en"": {""value"": ""25.946 g whole egg"", ""direction"": ""ltr""}}",[],[],f8bcb288-7aa9-42dc-9c8e-3016ea9c17a7,"{""en"": {""value"": ""gum arabic"", ""direction"": ""ltr""}}",[],[],[],acbc3145-c926-4776-abc1-13e7fb264e96,0.505,[],[],5ad1faf6-2378-45fc-881e-db0982ddb365,"{""en"": {""value"": ""whole egg"", ""direction"": ""ltr""}}",[],[],[],ac381db0-0f8b-470f-9711-57f4ce36f6c4,25.946,[],[],,,,,,
34218b33-2fc9-4d6e-bc96-f0290410f2d7,d4e956f7-9fad-4fd2-94e3-563a3b2c3585,a4ea5a7a-d7f0-11ef-a75a-0275dc2ded29,1,4b7b5066-aa97-453c-985c-106361918bb1,"{""en"": {""value"": ""0.505 g gum arabic"", ""direction"": ""ltr""}}",[],[],d6eb4b49-8306-46d6-a12f-f7fc3b0815d8,"{""en"": {""value"": ""25.946 g whole egg"", ""direction"": ""ltr""}}",[],[],bef09ce7-4403-478f-a338-199927ecb36d,"{""en"": {""value"": ""gum arabic"", ""direction"": ""ltr""}}",[],[],[],a6fc7838-32fc-44fb-90dc-e82cd1cbc8d5,0.505,[],[],18fe6ea8-f226-46a5-b2c3-e2838a4abb68,"{""en"": {""value"": ""whole egg"", ""direction"": ""ltr""}}",[],[],[],a32e7eaf-f9e7-48d7-8462-30ff9b3e61d7,25.946,[],[],,,,,,
b81e2843-8d16-4f1a-bd97-1827772be94c,d4e956f7-9fad-4fd2-94e3-563a3b2c3585,a4ea5a7a-d7f0-11ef-a75a-0275dc2ded29,1,5065ade3-bee7-4964-9a8b-98fd97f4df62,"{""en"": {""value"": ""0.503 g gum arabic"", ""direction"": ""ltr""}}",[],[],3d5532cc-6807-4af3-ba1d-7b2d3696dd16,"{""en"": {""value"": ""25.295 g whole egg"", ""direction"": ""ltr""}}",[],[],d5869cc8-e4f8-45b5-8adb-fdb97dc28b2a,"{""en"": {""value"": ""gum arabic"", ""direction"": ""ltr""}}",[],[],[],bfaa0dff-a489-4cca-9f88-527b268cb44f,0.503,[],[],c78d8aae-3860-4f76-a375-638a1032cbfc,"{""en"": {""value"": ""whole egg"", ""direction"": ""ltr""}}",[],[],[],cad8b30b-c071-4c74-9854-5e6b93db386e,25.295,[],[],,,,,,
d401e0fa-2562-45cb-9e14-c89906859d2c,d4e956f7-9fad-4fd2-94e3-563a3b2c3585,a4ea5a7a-d7f0-11ef-a75a-0275dc2ded29,1,3b3f79e5-5794-4b56-8e49-fc69144b233b,"{""en"": {""value"": ""0.501 g gum arabic"", ""direction"": ""ltr""}}",[],[],f55a6734-0f1a-4b97-8d7e-9fa0d48c1982,"{""en"": {""value"": ""25.345 g whole egg"", ""direction"": ""ltr""}}",[],[],49e37eb0-7eee-4699-b34d-cf6bdf14dcaf,"{""en"": {""value"": ""gum arabic"", ""direction"": ""ltr""}}",[],[],[],7a195230-c4ed-4577-908c-098f427e5a99,0.501,[],[],5df5c313-0a02-4ef6-82bb-f74240fe94a9,"{""en"": {""value"": ""whole egg"", ""direction"": ""ltr""}}",[],[],[],9661e0ca-e5e2-40a5-b3ba-639a69af685c,25.345,[],[],,,,,,
f1e34cb2-0c33-4bcf-8d79-1221d5f8f5b2,d4e956f7-9fad-4fd2-94e3-563a3b2c3585,a4ea5a7a-d7f0-11ef-a75a-0275dc2ded29,1,58bc5d5a-399e-42e7-924c-f02bd544b590,"{""en"": {""value"": ""0.265 g gum arabic"", ""direction"": ""ltr""}}",[],[],e85fd6c4-30d5-44c6-95df-78cada31ebbf,"{""en"": {""value"": ""4.868 g whole egg"", ""direction"": ""ltr""}}",[],[],5a8a619e-58f0-4239-9d6e-9d787016bfe1,"{""en"": {""value"": ""gum arabic"", ""direction"": ""ltr""}}",[],[],[],913e7246-80c1-41a4-8ccd-eaa2ef5f4445,0.265,[],[],43e73a9f-ebb2-40ac-a470-cf4442eef173,"{""en"": {""value"": ""whole egg"", ""direction"": ""ltr""}}",[],[],[],231c319b-6673-46d7-b4fc-855114a333fd,4.868,[],[],,,,,,
f92936db-9f5f-4e80-bf6a-a1742ed58419,d4e956f7-9fad-4fd2-94e3-563a3b2c3585,a4ea5a7a-d7f0-11ef-a75a-0275dc2ded29,1,43d5a376-523a-4120-91d5-30f03c62c257,"{""en"": {""value"": ""0.265 g gum arabic"", ""direction"": ""ltr""}}",[],[],04bbdfee-0a20-45a3-b36a-0528077d4571,"{""en"": {""value"": ""4.868 g whole egg"", ""direction"": ""ltr""}}",[],[],70ac19a4-4a14-4dbb-b416-84617370e3b7,"{""en"": {""value"": ""gum arabic"", ""direction"": ""ltr""}}",[],[],[],218d46be-bfa7-4a45-9ae2-680d32f050b2,0.265,[],[],0427135e-2735-4ace-919f-ebc280441e4d,"{""en"": {""value"": ""whole egg"", ""direction"": ""ltr""}}",[],[],[],188041f2-3b3f-403c-ab9c-e482e1fcc7dd,4.868,[],[],,,,,,
d3cfe76f-9bb7-449d-b273-f5a9d8d03250,d4e956f7-9fad-4fd2-94e3-563a3b2c3585,a4ea5a7a-d7f0-11ef-a75a-0275dc2ded29,1,635e0716-72ee-4522-9958-13725df0f1d7,"{""en"": {""value"": ""0.256 g gum arabic"", ""direction"": ""ltr""}}",[],[],90e48fa0-74ae-43a6-b03a-a1ab9fd15c48,"{""en"": {""value"": ""4.965 g whole egg"", ""direction"": ""ltr""}}",[],[],c9954656-5176-4225-af1f-179acd294343,"{""en"": {""value"": ""gum arabic"", ""direction"": ""ltr""}}",[],[],[],4782a7e9-90c9-4ebe-b847-dcd75ee45fb7,0.256,[],[],750570a6-15b2-48e8-a687-2f1aebe9169a,"{""en"": {""value"": ""whole egg"", ""direction"": ""ltr""}}",[],[],[],362580dc-1341-4e17-bcde-a392f501e7f5,4.965,[],[],,,,,,
a7cdd532-6111-4fcf-9157-2e4f7b0f7c9b,d4e956f7-9fad-4fd2-94e3-563a3b2c3585,a4ea5a7a-d7f0-11ef-a75a-0275dc2ded29,1,41d702ea-7c46-4cf0-895a-60ea834d638b,"{""en"": {""value"": ""0.252 g gum arabic"", ""direction"": ""ltr""}}",[],[],8b96a168-d2ca-43c9-b0a1-04791345e9b7,"{""en"": {""value"": ""5.009 g whole egg"", ""direction"": ""ltr""}}",[],[],387b2d9a-918b-49dc-8ba5-3ea9389cebc2,"{""en"": {""value"": ""gum arabic"", ""direction"": ""ltr""}}",[],[],[],c2238498-f6fd-4676-95d4-634d9ed58340,0.252,[],[],75d9dd84-aae6-442c-af9c-aa3317fc5f20,"{""en"": {""value"": ""whole egg"", ""direction"": ""ltr""}}",[],[],[],c07e0fbb-bb1d-4726-881a-890516ff19a4,5.009,[],[],,,,,,
76a5b119-6560-429d-bfab-723d7e2a13e0,d4e956f7-9fad-4fd2-94e3-563a3b2c3585,a4ea5a7a-d7f0-11ef-a75a-0275dc2ded29,1,07d6a52a-e301-49c3-a73d-094cb43e574d,"{""en"": {""value"": ""2.017 g gum arabic"", ""direction"": ""ltr""}}",[],[],2f5c917c-9c91-491c-98a6-51577f64600a,"{""en"": {""value"": ""10.073 g whole egg"", ""direction"": ""ltr""}}",[],[],59aedb24-4923-4443-bc9e-31e45d114c4f,"{""en"": {""value"": ""gum arabic"", ""direction"": ""ltr""}}",[],[],[],6ae3f537-4c56-40b8-9c20-eb888b7aee8e,2.017,[],[],b9fb9d96-b45c-4374-862b-d6558533387b,"{""en"": {""value"": ""whole egg"", ""direction"": ""ltr""}}",[],[],[],80e88de3-fda0-406f-936e-c53cf0b7616e,10.073,[],[],,,,,,
bd68743e-c08b-40f3-8f61-e3c799c091a8,d4e956f7-9fad-4fd2-94e3-563a3b2c3585,a4ea5a7a-d7f0-11ef-a75a-0275dc2ded29,1,6ffe31bb-41be-46d1-a123-b301e14a82e1,"{""en"": {""value"": ""2.017 g gum arabic"", ""direction"": ""ltr""}}",[],[],a88bb2a0-0f7d-482f-a092-d50cf9e5e4cb,"{""en"": {""value"": ""10.073 g whole egg"", ""direction"": ""ltr""}}",[],[],2bf3097b-7e52-4d9e-b104-ba00bf3c29fe,"{""en"": {""value"": ""gum arabic"", ""direction"": ""ltr""}}",[],[],[],93bc7370-3819-46e6-8ddb-8cb4e1f5b4c2,2.017,[],[],d517a108-0756-46e4-b13d-10cd1718dace,"{""en"": {""value"": ""whole egg"", ""direction"": ""ltr""}}",[],[],[],19b834e9-fcc2-4297-80d1-b514d2c737fd,10.073,[],[],,,,,,
2a914df6-053c-4557-80ae-3f4865e57d8b,d4e956f7-9fad-4fd2-94e3-563a3b2c3585,a4ea5a7a-d7f0-11ef-a75a-0275dc2ded29,1,cb75d158-892c-4af9-b0b4-e558ceabf9d5,"{""en"": {""value"": ""2.009 g gum arabic"", ""direction"": ""ltr""}}",[],[],20faf8f9-d865-44bb-a585-360c1dc6723a,"{""en"": {""value"": ""10.682 g whole egg"", ""direction"": ""ltr""}}",[],[],35619d56-17ab-4693-8611-70e0d0037e51,"{""en"": {""value"": ""gum arabic"", ""direction"": ""ltr""}}",[],[],[],5c04b26f-c85d-4cdf-91d2-f822d370baca,2.009,[],[],13999dd3-ace0-4545-af82-33b073da47ac,"{""en"": {""value"": ""whole egg"", ""direction"": ""ltr""}}",[],[],[],68b9283e-b4cd-4bcb-8cf7-e103bd4e99cd,10.682,[],[],,,,,,
4fd96bfa-a64c-499c-a843-c2c485d90bd4,d4e956f7-9fad-4fd2-94e3-563a3b2c3585,a4ea5a7a-d7f0-11ef-a75a-0275dc2ded29,1,39e0525c-1c3d-433d-88c5-af018c427752,"{""en"": {""value"": ""2.008 g gum arabic"", ""direction"": ""ltr""}}",[],[],d4e771c2-7e0f-4589-b58d-0f092766d2ef,"{""en"": {""value"": ""10.149 g whole egg"", ""direction"": ""ltr""}}",[],[],279e3fad-aac0-4168-927c-164f7901eab4,"{""en"": {""value"": ""gum arabic"", ""direction"": ""ltr""}}",[],[],[],1472467d-af36-4989-a6fb-91dae714a9c3,2.008,[],[],2c478ad1-8be9-42dc-9cd0-29b1ab282e84,"{""en"": {""value"": ""whole egg"", ""direction"": ""ltr""}}",[],[],[],1508ea3a-6a9e-4ad3-88d4-479702deb630,10.149,[],[],,,,,,
cef601ca-3f09-4438-88ec-339d7b70c5e7,d4e956f7-9fad-4fd2-94e3-563a3b2c3585,a4ea5a7a-d7f0-11ef-a75a-0275dc2ded29,1,3343fe93-4e60-4554-83bd-fc7c318c0261,"{""en"": {""value"": ""1.972 g gum arabic"", ""direction"": ""ltr""}}",[],[],f230a565-a014-42bd-b263-24a9f51274b4,"{""en"": {""value"": ""2.014 g whole egg"", ""direction"": ""ltr""}}",[],[],ba388ad4-7ce0-4f02-801c-93ef317e154a,"{""en"": {""value"": ""gum arabic"", ""direction"": ""ltr""}}",[],[],[],18d90c14-76a8-4ced-a0d4-a93a0712f509,1.972,[],[],b55d5d62-918e-4b82-8276-714984037ece,"{""en"": {""value"": ""whole egg"", ""direction"": ""ltr""}}",[],[],[],adf7ddec-2288-4d71-88e8-8c1ba2d73bde,2.014,[],[],,,,,,
dc0eed18-2fe8-448f-b5d9-036f1693c5e7,d4e956f7-9fad-4fd2-94e3-563a3b2c3585,a4ea5a7a-d7f0-11ef-a75a-0275dc2ded29,1,ffc88005-ab1f-4bab-ad7a-26f38d8f3f94,"{""en"": {""value"": ""1.972 g gum arabic"", ""direction"": ""ltr""}}",[],[],55fd0a4d-66c9-44a9-89d7-58fceac95323,"{""en"": {""value"": ""2.014 g whole egg"", ""direction"": ""ltr""}}",[],[],1ec5c700-fbeb-46b5-8a5f-f125373035ac,"{""en"": {""value"": ""gum arabic"", ""direction"": ""ltr""}}",[],[],[],ae82f24b-2c33-40ad-a9f8-a3d81c13b691,1.972,[],[],3e7067df-3ea4-4816-83c7-c85f0e482e4c,"{""en"": {""value"": ""whole egg"", ""direction"": ""ltr""}}",[],[],[],aa67c854-1072-4866-899a-3e69079609cb,2.014,[],[],,,,,,
72ae7fc5-5750-46a5-8fd2-dcd656b2bfd3,d4e956f7-9fad-4fd2-94e3-563a3b2c3585,a4ea5a7a-d7f0-11ef-a75a-0275dc2ded29,1,38b78153-dbf7-4cb4-bf3d-76ea9507bf51,"{""en"": {""value"": ""2.036 g gum arabic"", ""direction"": ""ltr""}}",[],[],d3d6fcea-df12-4cf0-a70a-1a95ec678279,"{""en"": {""value"": ""2.032 g whole egg"", ""direction"": ""ltr""}}",[],[],f7e0d708-7b8e-4bb1-88e1-a47a84016dba,"{""en"": {""value"": ""gum arabic"", ""direction"": ""ltr""}}",[],[],[],1ad4c955-dc44-4bd2-b21a-998712bc7b1d,2.036,[],[],e76e39bf-c40b-4b43-aae1-40629b518b22,"{""en"": {""value"": ""whole egg"", ""direction"": ""ltr""}}",[],[],[],3f078a11-2b5f-432c-80f8-b9fe1f0897cc,2.032,[],[],,,,,,
fc59f71f-8961-4ebd-b04e-10127ac3fab6,d4e956f7-9fad-4fd2-94e3-563a3b2c3585,a4ea5a7a-d7f0-11ef-a75a-0275dc2ded29,1,f2cf245a-a1ed-4562-9702-229a8073d17b,"{""en"": {""value"": ""2.057 g gum arabic"", ""direction"": ""ltr""}}",[],[],17fb6883-32cc-457d-b88e-c4f49b3f5f10,"{""en"": {""value"": ""2.064 g whole egg"", ""direction"": ""ltr""}}",[],[],111d83f3-e93b-4de8-9c70-3fbee095a7f0,"{""en"": {""value"": ""gum arabic"", ""direction"": ""ltr""}}",[],[],[],dd6bd182-642c-4800-a827-726689542c73,2.057,[],[],eff998d2-3658-44a8-af9e-4b55d0afc713,"{""en"": {""value"": ""whole egg"", ""direction"": ""ltr""}}",[],[],[],0ab71d62-d8e2-4b97-8694-ff1670370f7f,2.064,[],[],,,,,,
9d46ea65-c685-4d89-8b60-d90e2f5dc946,d4e956f7-9fad-4fd2-94e3-563a3b2c3585,a4ea5a7a-d7f0-11ef-a75a-0275dc2ded29,1,43653efa-d763-4969-9096-b3be4cbda394,"{""en"": {""value"": ""2.024 g gum arabic"", ""direction"": ""ltr""}}",[],[],9c9c4e2b-7a80-4d45-ac32-490ab7cad181,"{""en"": {""value"": ""0.560 g whole egg"", ""direction"": ""ltr""}}",[],[],33742363-bed4-4860-8954-2260c3d68abb,"{""en"": {""value"": ""gum arabic"", ""direction"": ""ltr""}}",[],[],[],c03eff90-662a-49ef-99bd-49aa58f295c3,2.024,[],[],c46bd3a7-9d0f-4a11-95fc-f8fd06a09572,"{""en"": {""value"": ""whole egg"", ""direction"": ""ltr""}}",[],[],[],e771b1ac-6117-447b-9810-75f0860d20f2,0.56,[],[],,,,,,
a70e99ac-0fea-41b7-b299-2f541f9e741e,d4e956f7-9fad-4fd2-94e3-563a3b2c3585,a4ea5a7a-d7f0-11ef-a75a-0275dc2ded29,1,0963f01f-a8de-4028-8087-1d7cbf640a30,"{""en"": {""value"": ""2.024 g gum arabic"", ""direction"": ""ltr""}}",[],[],730dbc69-e767-4447-8770-46187139e6fe,"{""en"": {""value"": ""0.560 g whole egg"", ""direction"": ""ltr""}}",[],[],ae3abe9e-432b-4872-9898-bedb3c869b57,"{""en"": {""value"": ""gum arabic"", ""direction"": ""ltr""}}",[],[],[],45891aa9-680b-47b1-a3d2-a41388825f83,2.024,[],[],0f07c584-a1d1-430f-991d-b808d6a74704,"{""en"": {""value"": ""whole egg"", ""direction"": ""ltr""}}",[],[],[],c29d2dee-9d94-440f-8c52-3ca81518a5b6,0.56,[],[],,,,,,
a37078e1-2837-4215-bf95-536f4e4f49ad,d4e956f7-9fad-4fd2-94e3-563a3b2c3585,a4ea5a7a-d7f0-11ef-a75a-0275dc2ded29,1,9252d201-4830-4713-bbcc-f014eff5b8ab,"{""en"": {""value"": ""1.994 g gum arabic"", ""direction"": ""ltr""}}",[],[],b0df3cd5-4b01-4c13-9dff-c9efb17a6437,"{""en"": {""value"": ""0.565 g whole egg"", ""direction"": ""ltr""}}",[],[],c6fae42a-1dc1-4a5b-83e3-8f215d60f45b,"{""en"": {""value"": ""gum arabic"", ""direction"": ""ltr""}}",[],[],[],70302546-fa4b-42f1-80a4-b1d43805acf3,1.994,[],[],fb7c36d5-96f3-43bf-b9f0-a81f8ab95416,"{""en"": {""value"": ""whole egg"", ""direction"": ""ltr""}}",[],[],[],5bf7d288-0a95-4de9-836c-6c01d39ecce3,0.565,[],[],,,,,,
ed5556c3-50ca-4051-8ac2-ff3e16b5e917,d4e956f7-9fad-4fd2-94e3-563a3b2c3585,a4ea5a7a-d7f0-11ef-a75a-0275dc2ded29,1,951f70fe-97e6-49ca-8fb4-df60351f40d0,"{""en"": {""value"": ""1.940 g gum arabic"", ""direction"": ""ltr""}}",[],[],08c795ba-cfad-402c-9f07-e9aaf2965435,"{""en"": {""value"": ""0.454 g whole egg"", ""direction"": ""ltr""}}",[],[],f15b8e53-a753-4352-86b4-eb2cba1c3c5a,"{""en"": {""value"": ""gum arabic"", ""direction"": ""ltr""}}",[],[],[],8c6b3e25-af1b-4a4b-8c3d-0d73d64ad4ba,1.94,[],[],beac8dbd-3df8-4f7b-a2ba-9ba52a99657e,"{""en"": {""value"": ""whole egg"", ""direction"": ""ltr""}}",[],[],[],d3c3bea6-ac9e-4c12-8734-c07bcb9a49c3,0.454,[],[],,,,,,
dff3cd1e-6bfb-497d-973b-a41e78671524,d4e956f7-9fad-4fd2-94e3-563a3b2c3585,a4ea5a7a-d7f0-11ef-a75a-0275dc2ded29,1,cd62482c-b2f4-4ba4-b8f3-3787cffce8ea,"{""en"": {""value"": ""4.612 g gum arabic"", ""direction"": ""ltr""}}",[],[],de6d4e89-fa7e-41c6-8592-15dea04870a5,"{""en"": {""value"": ""0.300 g whole egg"", ""direction"": ""ltr""}}",[],[],14faa484-1814-4ad7-953a-f3d2ee2c2b68,"{""en"": {""value"": ""gum arabic"", ""direction"": ""ltr""}}",[],[],[],18f1a29e-ce4c-484b-a15c-f20a1fd7c31e,4.612,[],[],f38b1b14-38e8-4f3d-b303-4f72b5786767,"{""en"": {""value"": ""whole egg"", ""direction"": ""ltr""}}",[],[],[],ab52af23-ce6c-4498-8fb3-88fdf5c11f39,0.3,[],[],,,,,,
b21ac30e-4ed0-4bc0-9c63-022c94158f8f,d4e956f7-9fad-4fd2-94e3-563a3b2c3585,a4ea5a7a-d7f0-11ef-a75a-0275dc2ded29,1,999e9a02-bd18-4788-bec3-50ee6fb71dab,"{""en"": {""value"": ""4.612 g gum arabic"", ""direction"": ""ltr""}}",[],[],490e8d92-b678-4a95-90ba-bc1acc5b71ca,"{""en"": {""value"": ""0.300 g whole egg"", ""direction"": ""ltr""}}",[],[],b2b34f82-b982-4a63-988e-4be9ae0ecc11,"{""en"": {""value"": ""gum arabic"", ""direction"": ""ltr""}}",[],[],[],ce674825-908c-43d1-afdd-f0c4feda2c84,4.612,[],[],fbb17d47-6686-4b76-8198-dff9e6156ce2,"{""en"": {""value"": ""whole egg"", ""direction"": ""ltr""}}",[],[],[],9789fd99-134f-454e-9a86-20a1a94f8930,0.3,[],[],,,,,,
d5331006-cc8f-4f50-ae7f-5029a7488757,d4e956f7-9fad-4fd2-94e3-563a3b2c3585,a4ea5a7a-d7f0-11ef-a75a-0275dc2ded29,1,0caea307-7326-453b-86aa-9f33c2295466,"{""en"": {""value"": ""4.533 g gum arabic"", ""direction"": ""ltr""}}",[],[],790526b9-7c21-498d-bf9b-a3d2afeb91ba,"{""en"": {""value"": ""0.277 g whole egg"", ""direction"": ""ltr""}}",[],[],eab28dcc-cf25-4a75-8b0c-04c5adf0ec3b,"{""en"": {""value"": ""gum arabic"", ""direction"": ""ltr""}}",[],[],[],b8fd0a09-e9d9-4a98-b1e9-0b80b74c9fd0,4.533,[],[],01168593-e489-4424-96d5-217920ea868d,"{""en"": {""value"": ""whole egg"", ""direction"": ""ltr""}}",[],[],[],01af7c15-d0f8-46b3-a25a-12e6fbd326c1,0.277,[],[],,,,,,
4f41ac64-900c-4a0d-a0d6-c31588f8bbd7,d4e956f7-9fad-4fd2-94e3-563a3b2c3585,a4ea5a7a-d7f0-11ef-a75a-0275dc2ded29,1,57a91eda-d81a-441b-aa85-13e236433c62,"{""en"": {""value"": ""4.511 g gum arabic"", ""direction"": ""ltr""}}",[],[],10e55d6f-c51f-4956-aa73-01a86fe122db,"{""en"": {""value"": ""0.235 g whole egg"", ""direction"": ""ltr""}}",[],[],881b2f62-addb-4269-85f7-1325c2e28631,"{""en"": {""value"": ""gum arabic"", ""direction"": ""ltr""}}",[],[],[],a327386a-abaa-4d0a-916d-927720bd2eed,4.511,[],[],3afec69d-0f48-4653-b920-e616cdf9fd5a,"{""en"": {""value"": ""whole egg"", ""direction"": ""ltr""}}",[],[],[],e02e766e-ecce-4f9b-a3a9-0753b1c151de,0.235,[],[],,,,,,
a96bf256-4de1-4ba0-ac75-70ea50352bb5,d4e956f7-9fad-4fd2-94e3-563a3b2c3585,a4ea5a7a-d7f0-11ef-a75a-0275dc2ded29,1,e09453dd-e337-4e11-9f99-7308ca80c889,"{""en"": {""value"": ""14.894 g gum arabic"", ""direction"": ""ltr""}}",[],[],37dce72c-3f3c-4a85-be5f-7d4fca3b22e9,"{""en"": {""value"": ""0.321 g whole egg"", ""direction"": ""ltr""}}",[],[],79c5cd90-100f-403e-8644-c2be300a0bf5,"{""en"": {""value"": ""gum arabic"", ""direction"": ""ltr""}}",[],[],[],5cbc9634-b480-4358-9453-a2fce7451440,14.894,[],[],3c612d86-c18e-41f1-ac45-7c9a7fc2b0f1,"{""en"": {""value"": ""whole egg"", ""direction"": ""ltr""}}",[],[],[],e5bc319b-52d2-406f-82fa-e571a347d6e2,0.321,[],[],,,,,,
a4350e5f-f686-4df6-8ef0-cd062e9b5b1a,d4e956f7-9fad-4fd2-94e3-563a3b2c3585,a4ea5a7a-d7f0-11ef-a75a-0275dc2ded29,1,c0af6553-6f98-4ba1-b405-9297d078a8f6,"{""en"": {""value"": ""14.894 g gum arabic"", ""direction"": ""ltr""}}",[],[],31da2d7b-414f-431f-8b87-0e29e6e474fa,"{""en"": {""value"": ""0.321 g whole egg"", ""direction"": ""ltr""}}",[],[],64740a94-a873-4115-bc3b-b93c3182a53c,"{""en"": {""value"": ""gum arabic"", ""direction"": ""ltr""}}",[],[],[],79be5f47-5b5f-4199-a8df-819cafc5efa9,14.894,[],[],7e592ad6-cd75-4e98-b1f9-7cc98a12fe5c,"{""en"": {""value"": ""whole egg"", ""direction"": ""ltr""}}",[],[],[],505ea5bf-8013-4292-8877-de3e2aba2ce7,0.321,[],[],,,,,,
e3e7b287-2ca5-4945-9c58-acbecc418991,d4e956f7-9fad-4fd2-94e3-563a3b2c3585,a4ea5a7a-d7f0-11ef-a75a-0275dc2ded29,1,26b8102e-1002-414c-9976-459bffd88cf6,"{""en"": {""value"": ""14.904 g gum arabic"", ""direction"": ""ltr""}}",[],[],89df3c9a-e62b-4f83-89b4-b547684de8f3,"{""en"": {""value"": ""0.318 g whole egg"", ""direction"": ""ltr""}}",[],[],e3fdcdcb-b425-4fba-840d-6c6706501969,"{""en"": {""value"": ""gum arabic"", ""direction"": ""ltr""}}",[],[],[],bf5ea0ac-a9fe-4b29-9c70-1eb9bc902419,14.904,[],[],486096bb-b073-40e7-a185-ca5af16ebfe0,"{""en"": {""value"": ""whole egg"", ""direction"": ""ltr""}}",[],[],[],b0056fba-f75e-48ce-9dcd-46c8b9846abb,0.318,[],[],,,,,,
8294e72a-fcb2-4711-85bc-ffe989b85636,d4e956f7-9fad-4fd2-94e3-563a3b2c3585,a4ea5a7a-d7f0-11ef-a75a-0275dc2ded29,1,a2e65bf2-bd54-468c-8360-0e1f63b41cdf,"{""en"": {""value"": ""14.892 g gum arabic"", ""direction"": ""ltr""}}",[],[],7d59a520-99ed-4023-807a-f8071d04e3a8,"{""en"": {""value"": ""0.302 g whole egg"", ""direction"": ""ltr""}}",[],[],e24ce422-69d8-4370-a676-c1fbe099d76f,"{""en"": {""value"": ""gum arabic"", ""direction"": ""ltr""}}",[],[],[],76eacef5-f8ea-42ee-9ec8-9b67003a51f0,14.892,[],[],7d6439d5-ee82-469e-8461-a43c45b893d9,"{""en"": {""value"": ""whole egg"", ""direction"": ""ltr""}}",[],[],[],6dcfe9bb-83b8-4731-9feb-0e4c7bea0c29,0.302,[],[],,,,,,
206fa09b-42aa-4119-8aa7-57c237094d78,d4e956f7-9fad-4fd2-94e3-563a3b2c3585,a4ea5a7a-d7f0-11ef-a75a-0275dc2ded29,1,bc3ec02d-3dd4-498f-839b-104bd06051ff,"{""en"": {""value"": ""18.801 g gum arabic"", ""direction"": ""ltr""}}",[],[],60a5562a-b1af-429b-a906-a3a74086603d,"{""en"": {""value"": ""0.197 g whole egg"", ""direction"": ""ltr""}}",[],[],fc92c825-0454-4473-bb6e-fd2be1b68f08,"{""en"": {""value"": ""gum arabic"", ""direction"": ""ltr""}}",[],[],[],10b0bc33-f32c-441e-a770-581e7f4370cd,18.801,[],[],343ca05b-962f-47b9-b688-f7f7c9c3921b,"{""en"": {""value"": ""whole egg"", ""direction"": ""ltr""}}",[],[],[],52dadb7a-4820-4f92-9640-098f8240e08f,0.197,[],[],,,,,,
bc2340db-9ad9-4a44-ba63-4bcd608cf7a2,d4e956f7-9fad-4fd2-94e3-563a3b2c3585,a4ea5a7a-d7f0-11ef-a75a-0275dc2ded29,1,cc1eaf90-c1bc-4b3e-81d8-e24eaae71921,"{""en"": {""value"": ""18.801 g gum arabic"", ""direction"": ""ltr""}}",[],[],c9d85e4e-9b17-41e6-b6b8-cf3846147b62,"{""en"": {""value"": ""0.197 g whole egg"", ""direction"": ""ltr""}}",[],[],d20f37eb-e592-4fa8-bbee-3bcb125a815b,"{""en"": {""value"": ""gum arabic"", ""direction"": ""ltr""}}",[],[],[],adbde5ab-3721-4d79-a5c7-d455379432e9,18.801,[],[],2952a074-d789-49ac-9080-d2f3b2a4fd51,"{""en"": {""value"": ""whole egg"", ""direction"": ""ltr""}}",[],[],[],9544ce86-2883-4118-aff5-8388277c8f76,0.197,[],[],,,,,,
f0e03fdb-9e32-4415-9cf7-bc19915934b8,d4e956f7-9fad-4fd2-94e3-563a3b2c3585,a4ea5a7a-d7f0-11ef-a75a-0275dc2ded29,1,48e20efe-58f6-4974-8203-f7ee24590b7e,"{""en"": {""value"": ""18.800 g gum arabic"", ""direction"": ""ltr""}}",[],[],594f2cb6-9ca6-4433-b8a8-73d2d25b678a,"{""en"": {""value"": ""0.196 g whole egg"", ""direction"": ""ltr""}}",[],[],cae986dd-11d7-457c-bce8-e23c51aac849,"{""en"": {""value"": ""gum arabic"", ""direction"": ""ltr""}}",[],[],[],fb9cf98f-a54e-449e-892d-0a9c4aa4fe90,18.8,[],[],b5f3dd47-8225-49de-989e-632d6202ccb5,"{""en"": {""value"": ""whole egg"", ""direction"": ""ltr""}}",[],[],[],4ac0a3cb-27ba-41fb-b7ae-855ccff252dd,0.196,[],[],,,,,,
d9703b4f-cbcb-4863-aa88-b3320a7fa680,d4e956f7-9fad-4fd2-94e3-563a3b2c3585,a4ea5a7a-d7f0-11ef-a75a-0275dc2ded29,1,64b2709b-79a6-45a2-b745-7b00fec49802,"{""en"": {""value"": ""18.786 g gum arabic"", ""direction"": ""ltr""}}",[],[],f0e64609-c1bd-43f7-8d0c-ad79dbc5fd1d,"{""en"": {""value"": ""0.204 g whole egg"", ""direction"": ""ltr""}}",[],[],b184f215-1360-4849-8ec2-f1931518fe72,"{""en"": {""value"": ""gum arabic"", ""direction"": ""ltr""}}",[],[],[],3422636f-8a6b-4dd8-a044-aae50aafe157,18.786,[],[],8b4e4e7d-4241-42cd-923d-36117af21cee,"{""en"": {""value"": ""whole egg"", ""direction"": ""ltr""}}",[],[],[],cacf8873-054d-4f37-977c-b73f0b8f8172,0.204,[],[],,,,,,
a873730e-4b9c-4fc3-ae6f-01fc1f6de3ff,d4e956f7-9fad-4fd2-94e3-563a3b2c3585,a4ea5a7a-d7f0-11ef-a75a-0275dc2ded29,1,f538ac04-5f06-4f3c-b8ee-6f375b6cfd4d,"{""en"": {""value"": ""25.004 g gum arabic"", ""direction"": ""ltr""}}",[],[],93fabc36-7c84-4888-8990-e4a8abdfc7ad,"{""en"": {""value"": ""0.058 g whole egg"", ""direction"": ""ltr""}}",[],[],8b384ed1-13ed-4823-ad6a-76e91ddf4868,"{""en"": {""value"": ""gum arabic"", ""direction"": ""ltr""}}",[],[],[],a8ebef7c-7d73-4531-af8d-c0b035f350d1,25.004,[],[],5a97e653-a684-4dc2-9c98-bdef12299844,"{""en"": {""value"": ""whole egg"", ""direction"": ""ltr""}}",[],[],[],1ea01aaf-3afb-4b3a-a4b1-fef0a5f2f896,0.058,[],[],,,,,,
e1640fb1-6e41-4cae-bca2-55a0487b8a9b,d4e956f7-9fad-4fd2-94e3-563a3b2c3585,a4ea5a7a-d7f0-11ef-a75a-0275dc2ded29,1,c1ccb5db-deb9-45ce-995b-a5f57a5cb82c,"{""en"": {""value"": ""25.004 g gum arabic"", ""direction"": ""ltr""}}",[],[],e6031dd5-853b-4a1a-952f-e3448d2db3a7,"{""en"": {""value"": ""0.058 g whole egg"", ""direction"": ""ltr""}}",[],[],eeabb43d-6f7e-4b04-a772-731aa6ac80bf,"{""en"": {""value"": ""gum arabic"", ""direction"": ""ltr""}}",[],[],[],8ffae442-4dbb-49b7-baad-25876f2d9fcc,25.004,[],[],31871611-d650-41b9-ae3c-c8cf53d2b0f3,"{""en"": {""value"": ""whole egg"", ""direction"": ""ltr""}}",[],[],[],ecb8532d-c6fe-4833-92bf-14f3bf92d695,0.058,[],[],,,,,,
2c5999fa-0337-49f0-8290-cf240b9d4e61,d4e956f7-9fad-4fd2-94e3-563a3b2c3585,a4ea5a7a-d7f0-11ef-a75a-0275dc2ded29,1,65d2f50a-d10c-4983-9b73-986181cc8685,"{""en"": {""value"": ""25.004 g gum arabic"", ""direction"": ""ltr""}}",[],[],ad887458-78c6-435c-962f-6096c887dd57,"{""en"": {""value"": ""0.058 g whole egg"", ""direction"": ""ltr""}}",[],[],908f8f47-0c0b-45d3-b5c2-978ed7cb6173,"{""en"": {""value"": ""gum arabic"", ""direction"": ""ltr""}}",[],[],[],310a1bb9-4c11-4977-9ff6-85f2874dfdc6,25.004,[],[],f188db7f-4ab1-4d0f-8948-215471779886,"{""en"": {""value"": ""whole egg"", ""direction"": ""ltr""}}",[],[],[],4e0b70a9-385a-4040-80fc-c03e616b7bce,0.058,[],[],,,,,,
ca9ce226-f70b-4c48-96cb-b5465b7f60ae,d4e956f7-9fad-4fd2-94e3-563a3b2c3585,a4ea5a7a-d7f0-11ef-a75a-0275dc2ded29,1,a366b617-cdf8-4a06-a4a5-172e840ba48b,"{""en"": {""value"": ""25.004 g gum arabic"", ""direction"": ""ltr""}}",[],[],f47f0b9d-d06d-4cf5-b8ac-5d50e52fc6cc,"{""en"": {""value"": ""0.058 g whole egg"", ""direction"": ""ltr""}}",[],[],9d0d0abe-dd2b-4321-9132-6f431e2e1c32,"{""en"": {""value"": ""gum arabic"", ""direction"": ""ltr""}}",[],[],[],b9fe9da8-2db6-491b-a461-278e039ebfa4,25.004,[],[],07e57733-00a0-42e0-9ec6-dafd75476c2a,"{""en"": {""value"": ""whole egg"", ""direction"": ""ltr""}}",[],[],[],0201fded-28a7-4db2-bd7f-cbf148f87d2f,0.058,[],[],,,,,,
4137a1d3-42e1-4805-bf47-ae721dedbfd5,d4e956f7-9fad-4fd2-94e3-563a3b2c3585,a4ea5a7a-d7f0-11ef-a75a-0275dc2ded29,1,52413b90-b504-4fe8-80fc-a7ab11c3a02e,"{""en"": {""value"": ""45.505 g gum arabic"", ""direction"": ""ltr""}}",[],[],e3249dd8-ffe0-46f7-ae54-b938fbd61b75,"{""en"": {""value"": ""0.050 g whole egg"", ""direction"": ""ltr""}}",[],[],a9a6328d-1d8f-49df-ac16-9c25814348b8,"{""en"": {""value"": ""gum arabic"", ""direction"": ""ltr""}}",[],[],[],4f0e3c34-9f99-4ce5-abd7-67f1091f166d,45.505,[],[],c470b50a-a548-485b-a2f7-63017bac5947,"{""en"": {""value"": ""whole egg"", ""direction"": ""ltr""}}",[],[],[],763175c5-80ae-42b2-88b5-c2239315e75c,0.05,[],[],,,,,,
bb9629c2-dbee-4a09-b2f1-4553825ddb39,d4e956f7-9fad-4fd2-94e3-563a3b2c3585,a4ea5a7a-d7f0-11ef-a75a-0275dc2ded29,1,f93280c8-1528-4b85-8a63-71ef6b3f3269,"{""en"": {""value"": ""45.505 g gum arabic"", ""direction"": ""ltr""}}",[],[],aa0c3b6e-7321-49f1-b14e-ad69f8b4f142,"{""en"": {""value"": ""0.050 g whole egg"", ""direction"": ""ltr""}}",[],[],b015666e-f54d-4e40-8a28-c07a47c465f6,"{""en"": {""value"": ""gum arabic"", ""direction"": ""ltr""}}",[],[],[],8e1300fd-9930-46eb-bfb5-6944bf6f4f8c,45.505,[],[],af8be7ac-d801-4f7e-b852-0668f9f001a4,"{""en"": {""value"": ""whole egg"", ""direction"": ""ltr""}}",[],[],[],12f0ac65-8b8e-4adf-a122-224b1135db06,0.05,[],[],,,,,,
ed0d43ac-66d7-46cf-9bcc-4c4cacaba594,d4e956f7-9fad-4fd2-94e3-563a3b2c3585,a4ea5a7a-d7f0-11ef-a75a-0275dc2ded29,1,205daefa-371f-48ec-9992-c1282f3584c2,"{""en"": {""value"": ""45.505 g gum arabic"", ""direction"": ""ltr""}}",[],[],c3d91192-d545-4b20-a4be-d5c866852b4c,"{""en"": {""value"": ""0.050 g whole egg"", ""direction"": ""ltr""}}",[],[],8e1f0270-4ef5-4032-8e82-3048433480ed,"{""en"": {""value"": ""gum arabic"", ""direction"": ""ltr""}}",[],[],[],0fa7fba2-78f6-4b2f-9a4f-852a31fc0adf,45.505,[],[],5c5c1161-2cf0-45c2-b724-e1569683a139,"{""en"": {""value"": ""whole egg"", ""direction"": ""ltr""}}",[],[],[],33ed8bf9-5a77-4f35-b172-5ff7aae68457,0.05,[],[],,,,,,
f1d48c4a-42ac-42db-858f-118076eda14b,d4e956f7-9fad-4fd2-94e3-563a3b2c3585,a4ea5a7a-d7f0-11ef-a75a-0275dc2ded29,1,d108bdd1-0316-4cd1-860a-8133851fe555,"{""en"": {""value"": ""45.505 g gum arabic"", ""direction"": ""ltr""}}",[],[],cd6eb86a-c8ee-461a-b8ea-de7ab4dbee04,"{""en"": {""value"": ""0.050 g whole egg"", ""direction"": ""ltr""}}",[],[],f63dee81-0f3a-4f58-a327-152b2e4d14a3,"{""en"": {""value"": ""gum arabic"", ""direction"": ""ltr""}}",[],[],[],8b430105-4a16-43f3-8c1a-c37c81533dde,45.505,[],[],18fa8533-1a2d-4e0c-88b9-b7253d916fcc,"{""en"": {""value"": ""whole egg"", ""direction"": ""ltr""}}",[],[],[],d302fe2e-7e78-42d5-8e19-a2fa814ddbaf,0.05,[],[],,,,,,
d283808f-4d70-4464-b126-4b4de542ca1c,d4e956f7-9fad-4fd2-94e3-563a3b2c3585,a4ea5a7a-d7f0-11ef-a75a-0275dc2ded29,1,497ec3b8-b6e7-4b58-93ce-88d54b3a61c6,"{""en"": {""value"": ""0.025 g gum arabic"", ""direction"": ""ltr""}}",[],[],7c773926-65b2-48b8-a8a5-6e145b35adb4,"{""en"": {""value"": ""24.975 g beeswax"", ""direction"": ""ltr""}}",[],[],564d4c0d-0dcf-47a1-803c-3ae64cfaa8c3,"{""en"": {""value"": ""gum arabic"", ""direction"": ""ltr""}}",[],[],[],fcd0cb17-2d3f-4009-886e-671e4730e11f,0.025,[],[],5c12d689-3232-450d-ba05-ccc83a40bd5a,"{""en"": {""value"": ""beeswax"", ""direction"": ""ltr""}}",[],[],[],2c1cd561-5921-44c4-b132-24848a90832c,24.975,[],[],,,,,,
2428090c-f77e-40ef-8460-2f79af57d7aa,d4e956f7-9fad-4fd2-94e3-563a3b2c3585,a4ea5a7a-d7f0-11ef-a75a-0275dc2ded29,1,6734d3a3-f31a-4bf4-be93-eeade51151bc,"{""en"": {""value"": ""0.025 g gum arabic"", ""direction"": ""ltr""}}",[],[],dd698cbc-2590-4a6e-ae06-116bee113279,"{""en"": {""value"": ""24.975 g beeswax"", ""direction"": ""ltr""}}",[],[],f31c8dfe-e51f-4626-87cd-d1424984a010,"{""en"": {""value"": ""gum arabic"", ""direction"": ""ltr""}}",[],[],[],577ef125-ac40-4071-9998-a8fb2714b9a6,0.025,[],[],fda4c6b3-c590-4635-8fec-5ea8e4243dc3,"{""en"": {""value"": ""beeswax"", ""direction"": ""ltr""}}",[],[],[],f3893746-1a76-4dfb-a116-44710d0844fa,24.975,[],[],,,,,,
f2d4b920-7c43-43c0-928a-55377ba0b1d2,d4e956f7-9fad-4fd2-94e3-563a3b2c3585,a4ea5a7a-d7f0-11ef-a75a-0275dc2ded29,1,e2b8d530-4b33-41e2-b26f-498bb65255ed,"{""en"": {""value"": ""0.025 g gum arabic"", ""direction"": ""ltr""}}",[],[],f986324a-b86f-4cd0-9c40-1a19b7be5d63,"{""en"": {""value"": ""24.975 g beeswax"", ""direction"": ""ltr""}}",[],[],818bb188-59a9-4f3d-a0e3-5606fdcc460f,"{""en"": {""value"": ""gum arabic"", ""direction"": ""ltr""}}",[],[],[],245d7adb-62ef-4454-8c20-fa29b271850f,0.025,[],[],2883edc3-30da-40cd-abcc-584e247fe0c8,"{""en"": {""value"": ""beeswax"", ""direction"": ""ltr""}}",[],[],[],7b0a5e4b-c80f-4c61-b8e4-508e2eaa6c53,24.975,[],[],,,,,,
1e575dd8-d295-49b5-965d-97e049007b67,d4e956f7-9fad-4fd2-94e3-563a3b2c3585,a4ea5a7a-d7f0-11ef-a75a-0275dc2ded29,1,80218be4-c52b-439d-87e0-3253337fbc96,"{""en"": {""value"": ""0.025 g gum arabic"", ""direction"": ""ltr""}}",[],[],2bdb37dd-b2df-41e7-8095-a28232612a90,"{""en"": {""value"": ""24.975 g beeswax"", ""direction"": ""ltr""}}",[],[],e0854726-34fb-4b6e-9b69-9fd21e7824ec,"{""en"": {""value"": ""gum arabic"", ""direction"": ""ltr""}}",[],[],[],ee94cdcb-8225-4ca6-8c6d-2b4d9d8fc167,0.025,[],[],51485181-176c-43c6-8e84-e1ea9ded5a8b,"{""en"": {""value"": ""beeswax"", ""direction"": ""ltr""}}",[],[],[],25681f12-834b-4aaa-acf9-020040f2aa89,24.975,[],[],,,,,,
833bf28c-497b-40d0-b248-3269a4440662,d4e956f7-9fad-4fd2-94e3-563a3b2c3585,a4ea5a7a-d7f0-11ef-a75a-0275dc2ded29,1,26ed296d-7467-4aff-b361-b5c46249e043,"{""en"": {""value"": ""0.050 g gum arabic"", ""direction"": ""ltr""}}",[],[],99df7acb-4e6d-45f4-88d5-f5b96666d43e,"{""en"": {""value"": ""24.950 g beeswax"", ""direction"": ""ltr""}}",[],[],6bdedd8a-de8d-4ba3-bd3e-347e5b08ff33,"{""en"": {""value"": ""gum arabic"", ""direction"": ""ltr""}}",[],[],[],0c2588f9-eb37-4ade-a202-1d81690b1213,0.05,[],[],0d430f6e-c58b-407e-8455-6e842bef8810,"{""en"": {""value"": ""beeswax"", ""direction"": ""ltr""}}",[],[],[],fb61d445-1f26-4901-ae82-321968272ec6,24.95,[],[],,,,,,
7a86dcbe-c5fd-47d0-a70e-c0ba2292e79d,d4e956f7-9fad-4fd2-94e3-563a3b2c3585,a4ea5a7a-d7f0-11ef-a75a-0275dc2ded29,1,68600136-1167-4006-b63c-d689f22cf64d,"{""en"": {""value"": ""0.050 g gum arabic"", ""direction"": ""ltr""}}",[],[],29ca2bf5-bf09-4cf2-8a46-6b1bc2bac996,"{""en"": {""value"": ""24.950 g beeswax"", ""direction"": ""ltr""}}",[],[],591df852-d115-4450-9011-276ded440464,"{""en"": {""value"": ""gum arabic"", ""direction"": ""ltr""}}",[],[],[],218ee2ac-a754-4cde-bf67-941e9911d048,0.05,[],[],e54d21ae-74ac-4b9b-b951-8b01c15b4c83,"{""en"": {""value"": ""beeswax"", ""direction"": ""ltr""}}",[],[],[],2843b57c-479c-48b8-b729-4697b8fdf72e,24.95,[],[],,,,,,
ca8ecb1a-8dc3-4984-bf96-2509df960945,d4e956f7-9fad-4fd2-94e3-563a3b2c3585,a4ea5a7a-d7f0-11ef-a75a-0275dc2ded29,1,5d32a358-f2a9-441b-9fb6-4c7eceed21e0,"{""en"": {""value"": ""0.050 g gum arabic"", ""direction"": ""ltr""}}",[],[],ae9e1401-a7be-467f-8c56-85a034e4c496,"{""en"": {""value"": ""24.950 g beeswax"", ""direction"": ""ltr""}}",[],[],79cf25c8-87d1-4a63-8be2-6a79bbf6b8ce,"{""en"": {""value"": ""gum arabic"", ""direction"": ""ltr""}}",[],[],[],3de0c356-b520-4620-9b7b-46f444a9551a,0.05,[],[],75af7e2d-fd15-486f-94d6-231c02f1584c,"{""en"": {""value"": ""beeswax"", ""direction"": ""ltr""}}",[],[],[],0ddfa9ec-a84e-4ac5-80b6-702804a803de,24.95,[],[],,,,,,
fc5e6c7a-2ade-4c75-8f2c-ef5761106b85,d4e956f7-9fad-4fd2-94e3-563a3b2c3585,a4ea5a7a-d7f0-11ef-a75a-0275dc2ded29,1,1e2c4e26-3b7b-4da3-940b-6b2d49fc8fdf,"{""en"": {""value"": ""0.050 g gum arabic"", ""direction"": ""ltr""}}",[],[],a2f25c12-218b-4f74-9c07-7c652cc46a46,"{""en"": {""value"": ""24.950 g beeswax"", ""direction"": ""ltr""}}",[],[],bc03443f-1f5a-47e3-8c34-2728dc5267a6,"{""en"": {""value"": ""gum arabic"", ""direction"": ""ltr""}}",[],[],[],d839e089-6399-4671-b23e-60fc128efa5c,0.05,[],[],692292e7-91ff-42f9-bb07-1ea720535642,"{""en"": {""value"": ""beeswax"", ""direction"": ""ltr""}}",[],[],[],68a502c2-ec2e-46b6-b791-abb383326d03,24.95,[],[],,,,,,
cbfa906a-e2c5-410c-b5d4-301d98d2c2eb,d4e956f7-9fad-4fd2-94e3-563a3b2c3585,a4ea5a7a-d7f0-11ef-a75a-0275dc2ded29,1,bad2e3ab-036c-4c55-a9e2-0846b7049ad8,"{""en"": {""value"": ""0.250 g gum arabic"", ""direction"": ""ltr""}}",[],[],cd628e65-4a76-4c6e-a7c0-24c3636d2edd,"{""en"": {""value"": ""Weight of beeswax not listed"", ""direction"": ""ltr""}}",[],[],162d3f52-8260-47f6-b653-5bb8e63a24f8,"{""en"": {""value"": ""gum arabic"", ""direction"": ""ltr""}}",[],[],[],3a0f1dd3-e59f-4223-b490-d5a2d8ab80a7,0.25,[],[],,,,,,,,,,,,,,,
46590f01-b2fe-46be-ae08-782aceb20ccb,d4e956f7-9fad-4fd2-94e3-563a3b2c3585,a4ea5a7a-d7f0-11ef-a75a-0275dc2ded29,1,857f0a33-5358-4b50-9996-fdbaafb0f9cb,"{""en"": {""value"": ""0.250 g gum arabic"", ""direction"": ""ltr""}}",[],[],9ae26728-7928-4a7d-9d30-df6d63bcf578,"{""en"": {""value"": ""Weight of beeswax not listed"", ""direction"": ""ltr""}}",[],[],7ff7b205-4bff-4679-bea2-6234655e0d48,"{""en"": {""value"": ""gum arabic"", ""direction"": ""ltr""}}",[],[],[],cc6dcbe3-d662-44d5-95fe-7913d2249a16,0.25,[],[],,,,,,,,,,,,,,,
0249e54b-6824-48b8-aa1d-ca167ba8b5f2,d4e956f7-9fad-4fd2-94e3-563a3b2c3585,a4ea5a7a-d7f0-11ef-a75a-0275dc2ded29,1,1ac14172-5d2a-4226-8ee1-12657853d087,"{""en"": {""value"": ""0.250 g gum arabic"", ""direction"": ""ltr""}}",[],[],0f7219d2-66cf-4b6c-b144-e30d190df3ca,"{""en"": {""value"": ""Weight of beeswax not listed"", ""direction"": ""ltr""}}",[],[],e2e2c572-dae5-49d1-8cd4-2a2f4b48f8eb,"{""en"": {""value"": ""gum arabic"", ""direction"": ""ltr""}}",[],[],[],21db1911-4750-46fb-a072-01ec7aa5b41a,0.25,[],[],,,,,,,,,,,,,,,
3c5afef9-0baf-4847-a920-6f7282f0c82b,d4e956f7-9fad-4fd2-94e3-563a3b2c3585,a4ea5a7a-d7f0-11ef-a75a-0275dc2ded29,1,eff5037c-4be2-4540-8a40-a4ce513cac43,"{""en"": {""value"": ""0.250 g gum arabic"", ""direction"": ""ltr""}}",[],[],17b92e90-7998-49cf-b293-dac8dad8e9cb,"{""en"": {""value"": ""Weight of beeswax not listed"", ""direction"": ""ltr""}}",[],[],b6a6d304-5e3c-4ecc-ac03-f82c4af13a0b,"{""en"": {""value"": ""gum arabic"", ""direction"": ""ltr""}}",[],[],[],ab3e23d5-2958-4eeb-8281-4d8973ab0d4e,0.25,[],[],,,,,,,,,,,,,,,
da8d79fa-d33d-443d-8b3b-7f27a1d9dc2e,d4e956f7-9fad-4fd2-94e3-563a3b2c3585,a4ea5a7a-d7f0-11ef-a75a-0275dc2ded29,1,ee791b31-b537-4847-b324-5296b2773344,"{""en"": {""value"": ""0.503 g gum arabic"", ""direction"": ""ltr""}}",[],[],ca0bc699-ed0a-4acf-905f-d32bbaba4233,"{""en"": {""value"": ""24.505 g beeswax"", ""direction"": ""ltr""}}",[],[],06d6e4de-e83f-4a0e-95e2-87b2a5d579f5,"{""en"": {""value"": ""gum arabic"", ""direction"": ""ltr""}}",[],[],[],5e23e04d-e52b-4d08-9287-1f70f1084479,0.503,[],[],da57e81e-3a79-43d9-bf5e-fbad0e76ad21,"{""en"": {""value"": ""beeswax"", ""direction"": ""ltr""}}",[],[],[],69eb5cf6-128d-4a54-a8cc-228ab546fef6,24.505,[],[],,,,,,
67fa7881-5d0a-4e58-a2e6-4b5d5ada8d9d,d4e956f7-9fad-4fd2-94e3-563a3b2c3585,a4ea5a7a-d7f0-11ef-a75a-0275dc2ded29,1,e3f425f4-41d9-4bf1-b047-32cd5e505462,"{""en"": {""value"": ""0.503 g gum arabic"", ""direction"": ""ltr""}}",[],[],f4258929-f83e-4ff2-baf0-fc74fb2d854e,"{""en"": {""value"": ""24.505 g beeswax"", ""direction"": ""ltr""}}",[],[],5ce125f5-28cd-449b-9105-717685563143,"{""en"": {""value"": ""gum arabic"", ""direction"": ""ltr""}}",[],[],[],4dc18d7b-842e-45bb-a709-090897f89dfd,0.503,[],[],1a541c3e-02f4-438c-900d-7c3a4ef01d0a,"{""en"": {""value"": ""beeswax"", ""direction"": ""ltr""}}",[],[],[],8950824e-cd36-4ff4-b84e-afe9a6ee301d,24.505,[],[],,,,,,
cb8a9e16-e8b6-41b2-9e93-66c9436f9c71,d4e956f7-9fad-4fd2-94e3-563a3b2c3585,a4ea5a7a-d7f0-11ef-a75a-0275dc2ded29,1,806d6579-3475-4207-9463-fdc087e15e24,"{""en"": {""value"": ""0.503 g gum arabic"", ""direction"": ""ltr""}}",[],[],20faf1d9-9e80-44f7-9643-0ef9eb905dac,"{""en"": {""value"": ""24.505 g beeswax"", ""direction"": ""ltr""}}",[],[],2206be40-0083-4e03-b870-1d00166ba37a,"{""en"": {""value"": ""gum arabic"", ""direction"": ""ltr""}}",[],[],[],a38ddb55-fb13-4171-ae5a-9a682eec4824,0.503,[],[],4891e78e-8a83-49df-8aa8-5e31cbea2d48,"{""en"": {""value"": ""beeswax"", ""direction"": ""ltr""}}",[],[],[],aa0fb508-5422-4fcf-821c-0b0e5381fb41,24.505,[],[],,,,,,
cc3469d7-5155-4907-a322-445740163258,d4e956f7-9fad-4fd2-94e3-563a3b2c3585,a4ea5a7a-d7f0-11ef-a75a-0275dc2ded29,1,cb2e327b-f917-4325-8722-cea9ac122905,"{""en"": {""value"": ""0.503 g gum arabic"", ""direction"": ""ltr""}}",[],[],f1d6880d-68fe-41a9-81b6-8bf9ba336db9,"{""en"": {""value"": ""24.505 g beeswax"", ""direction"": ""ltr""}}",[],[],29c170d0-cc3c-478b-a8e2-220fea9cc9f0,"{""en"": {""value"": ""gum arabic"", ""direction"": ""ltr""}}",[],[],[],5739bc58-91a1-428e-a22b-29582ad0e763,0.503,[],[],f49ccbe3-3645-40d0-9b77-326a6458c1ed,"{""en"": {""value"": ""beeswax"", ""direction"": ""ltr""}}",[],[],[],ce84fe9f-3f5e-4ed9-8047-20bdcfc2fcf9,24.505,[],[],,,,,,
156c124f-162d-4c8d-bdda-35ce07fefd15,d4e956f7-9fad-4fd2-94e3-563a3b2c3585,a4ea5a7a-d7f0-11ef-a75a-0275dc2ded29,1,e6dc8852-f9fe-42e0-93a7-66e52ebe4f02,"{""en"": {""value"": ""1.253 g gum arabic"", ""direction"": ""ltr""}}",[],[],0b6c52aa-14ee-45f3-8a07-00b1e6e74ccd,"{""en"": {""value"": ""23.751 g beeswax"", ""direction"": ""ltr""}}",[],[],7cb5b6e5-0665-4a18-bfc0-c684eac26bb9,"{""en"": {""value"": ""gum arabic"", ""direction"": ""ltr""}}",[],[],[],1e38f9c8-d470-4390-8f16-43eb074baeb6,1.253,[],[],72ec3fdf-f671-4b59-90d0-0c96d7ae21e4,"{""en"": {""value"": ""beeswax"", ""direction"": ""ltr""}}",[],[],[],16edaa59-cc66-4fb3-ab65-c795e024e864,23.751,[],[],,,,,,
9943daca-fc2c-4ee4-b865-0e9b96011db4,d4e956f7-9fad-4fd2-94e3-563a3b2c3585,a4ea5a7a-d7f0-11ef-a75a-0275dc2ded29,1,fc0059ae-8daf-457a-a0d5-6326d8ded1dc,"{""en"": {""value"": ""1.253 g gum arabic"", ""direction"": ""ltr""}}",[],[],ed7da18a-fa8b-4d71-ab91-1933ea913ede,"{""en"": {""value"": ""23.751 g beeswax"", ""direction"": ""ltr""}}",[],[],077cf530-6956-449b-b3aa-33a091ddad2e,"{""en"": {""value"": ""gum arabic"", ""direction"": ""ltr""}}",[],[],[],cbbd9c7d-f976-4f2b-96ef-ae23edfe5670,1.253,[],[],010ed200-67ab-42d4-ad9e-74f231731a62,"{""en"": {""value"": ""beeswax"", ""direction"": ""ltr""}}",[],[],[],0c12a3b3-ace6-4214-be44-fd0253e7a36e,23.751,[],[],,,,,,
fca6ee2c-4282-47e0-a0da-143844869270,d4e956f7-9fad-4fd2-94e3-563a3b2c3585,a4ea5a7a-d7f0-11ef-a75a-0275dc2ded29,1,5e216b41-ff02-4a42-b1e2-583770898545,"{""en"": {""value"": ""1.253 g gum arabic"", ""direction"": ""ltr""}}",[],[],f40ae353-7ac8-4190-8dff-73419220efde,"{""en"": {""value"": ""23.751 g beeswax"", ""direction"": ""ltr""}}",[],[],3a03551c-09e9-4736-a7ed-7a89d625a89a,"{""en"": {""value"": ""gum arabic"", ""direction"": ""ltr""}}",[],[],[],3d92fcd1-1437-4518-955b-7fd4f6f3f306,1.253,[],[],d0a9681b-654f-4e75-8ff9-b39ce8fd4955,"{""en"": {""value"": ""beeswax"", ""direction"": ""ltr""}}",[],[],[],6ac586fd-bd9d-40b8-bb04-458c2854644e,23.751,[],[],,,,,,
09f4fa8c-b8ea-41ed-b4b0-066a90185719,d4e956f7-9fad-4fd2-94e3-563a3b2c3585,a4ea5a7a-d7f0-11ef-a75a-0275dc2ded29,1,53dadbb1-2f8a-409c-b4c9-74ddeb565205,"{""en"": {""value"": ""1.253 g gum arabic"", ""direction"": ""ltr""}}",[],[],d2deb9ff-732a-49a8-bfcb-55d775f4d337,"{""en"": {""value"": ""23.751 g beeswax"", ""direction"": ""ltr""}}",[],[],1719298c-f9f1-4d16-823b-e3decba9b4b0,"{""en"": {""value"": ""gum arabic"", ""direction"": ""ltr""}}",[],[],[],e7d57cad-6248-4457-a222-891fd886f2d5,1.253,[],[],177ea16b-020e-4a7b-8689-76ad02dd659d,"{""en"": {""value"": ""beeswax"", ""direction"": ""ltr""}}",[],[],[],daf284f6-fa87-4afe-9bd3-18dcd2a2da43,23.751,[],[],,,,,,
f8b45d37-0ceb-4a2e-99c2-42a36a3515da,d4e956f7-9fad-4fd2-94e3-563a3b2c3585,a4ea5a7a-d7f0-11ef-a75a-0275dc2ded29,1,044f5ea5-27ff-4240-be0e-7c9829d1f776,"{""en"": {""value"": ""5.004 g gum arabic"", ""direction"": ""ltr""}}",[],[],67e18a6e-d30a-4b07-a9cc-19e7e55d3685,"{""en"": {""value"": ""20.003 g beeswax"", ""direction"": ""ltr""}}",[],[],1618942c-5a98-4a39-a08a-30ee201604d3,"{""en"": {""value"": ""gum arabic"", ""direction"": ""ltr""}}",[],[],[],01adf6c7-9e9b-4265-ace0-7e9d84679454,5.004,[],[],ad478e83-4ff4-4d46-bf05-17e5fd3ade6e,"{""en"": {""value"": ""beeswax"", ""direction"": ""ltr""}}",[],[],[],eac4ecff-54bb-4fce-b7d3-e6ff0f967560,20.003,[],[],,,,,,
9cdda489-f124-47f1-b7c9-80072bd285ed,d4e956f7-9fad-4fd2-94e3-563a3b2c3585,a4ea5a7a-d7f0-11ef-a75a-0275dc2ded29,1,27c26341-9a16-4e35-9844-6ee7a73c25ab,"{""en"": {""value"": ""5.004 g gum arabic"", ""direction"": ""ltr""}}",[],[],b02e400b-f6cc-4c00-bc26-bbfe70a653b1,"{""en"": {""value"": ""20.003 g beeswax"", ""direction"": ""ltr""}}",[],[],91199204-19b0-40f4-ac12-ca02092950cf,"{""en"": {""value"": ""gum arabic"", ""direction"": ""ltr""}}",[],[],[],f7397a83-beae-4a37-aeaa-fe19cceffd18,5.004,[],[],09a06236-65e5-407a-98f8-434802cec178,"{""en"": {""value"": ""beeswax"", ""direction"": ""ltr""}}",[],[],[],20c4ae2a-b565-43f9-b932-b82690aa123a,20.003,[],[],,,,,,
c50dbc5c-8aa1-4804-8649-cfb776b99818,d4e956f7-9fad-4fd2-94e3-563a3b2c3585,a4ea5a7a-d7f0-11ef-a75a-0275dc2ded29,1,b15cde81-3841-4d91-91e3-04ac738143c7,"{""en"": {""value"": ""5.004 g gum arabic"", ""direction"": ""ltr""}}",[],[],2a6a2f38-30b4-49df-9709-672392be4422,"{""en"": {""value"": ""20.003 g beeswax"", ""direction"": ""ltr""}}",[],[],376041f0-6977-47d1-87e2-7e3998d18e0b,"{""en"": {""value"": ""gum arabic"", ""direction"": ""ltr""}}",[],[],[],de04535a-8984-4b5e-91bf-b95b21d031f2,5.004,[],[],560e6015-9a8b-4513-8fa6-bb609dc16bde,"{""en"": {""value"": ""beeswax"", ""direction"": ""ltr""}}",[],[],[],cb3ef79c-f9bc-4b04-a0b2-4c5ebb290ee3,20.003,[],[],,,,,,
c10a88b3-c18d-432a-9aea-614b82308cab,d4e956f7-9fad-4fd2-94e3-563a3b2c3585,a4ea5a7a-d7f0-11ef-a75a-0275dc2ded29,1,c059184a-f524-4e90-a5fb-5fcc02ed025a,"{""en"": {""value"": ""5.004 g gum arabic"", ""direction"": ""ltr""}}",[],[],32f3c750-a3e6-4ef8-b7bf-ead4ce7cb121,"{""en"": {""value"": ""20.003 g beeswax"", ""direction"": ""ltr""}}",[],[],6406ef08-a9c6-4554-8464-797512dd6aa8,"{""en"": {""value"": ""gum arabic"", ""direction"": ""ltr""}}",[],[],[],61662f3b-d1d3-4fd2-bf0e-98f545f74da7,5.004,[],[],67d47c88-10c6-40e9-aa3f-4488d81ace60,"{""en"": {""value"": ""beeswax"", ""direction"": ""ltr""}}",[],[],[],e69f3fdd-77e0-4276-9e46-29e44b5183d7,20.003,[],[],,,,,,
0e635cac-6ab5-46cd-b8fe-4dfe7394a54a,d4e956f7-9fad-4fd2-94e3-563a3b2c3585,a4ea5a7a-d7f0-11ef-a75a-0275dc2ded29,1,a136c054-d700-4571-a1dd-e565dc66b897,"{""en"": {""value"": ""20.005 g gum arabic"", ""direction"": ""ltr""}}",[],[],59b353ce-28f4-4be2-91ea-0071d01bde46,"{""en"": {""value"": ""20.001 g beeswax"", ""direction"": ""ltr""}}",[],[],dec13a9e-378c-49c9-88bb-8db11fa33174,"{""en"": {""value"": ""gum arabic"", ""direction"": ""ltr""}}",[],[],[],0b833c4e-bcea-4e5a-91e3-d7b42fda84f7,20.005,[],[],53ec0888-6bcc-4166-84e8-7f852de045b9,"{""en"": {""value"": ""beeswax"", ""direction"": ""ltr""}}",[],[],[],641b0efa-c0d2-4430-83c3-074985826c1a,20.001,[],[],,,,,,
2577e09d-5031-41dd-b85b-c92de93ac33e,d4e956f7-9fad-4fd2-94e3-563a3b2c3585,a4ea5a7a-d7f0-11ef-a75a-0275dc2ded29,1,01fa3aae-a377-4146-934c-f04f1bd16e77,"{""en"": {""value"": ""40.052 g gum arabic"", ""direction"": ""ltr""}}",[],[],fc3d0745-5a35-47e1-a5bf-3afe3807fc28,"{""en"": {""value"": ""10.037 g beeswax"", ""direction"": ""ltr""}}",[],[],6905c825-3df3-4960-b4a1-17162740c6b8,"{""en"": {""value"": ""gum arabic"", ""direction"": ""ltr""}}",[],[],[],a91c84ed-bea0-4c53-8dfe-34d42725338f,40.052,[],[],3b6b9348-c6bc-4ebd-9931-310ca67a4672,"{""en"": {""value"": ""beeswax"", ""direction"": ""ltr""}}",[],[],[],dc00dc38-2478-4b4e-b2e4-06ec91b105aa,10.037,[],[],,,,,,
0440e347-3abf-42a2-b7fb-6f77aa6d3593,d4e956f7-9fad-4fd2-94e3-563a3b2c3585,a4ea5a7a-d7f0-11ef-a75a-0275dc2ded29,1,89bfc984-9e02-4e04-be73-dbd49aca4fcc,"{""en"": {""value"": ""40.052 g gum arabic"", ""direction"": ""ltr""}}",[],[],4f138320-3212-40ac-97f3-be2af876b315,"{""en"": {""value"": ""10.037 g beeswax"", ""direction"": ""ltr""}}",[],[],7ef32255-736a-41de-b314-b2882a971113,"{""en"": {""value"": ""gum arabic"", ""direction"": ""ltr""}}",[],[],[],e0d30dbd-e569-4fce-ad68-dac9619c5e3e,40.052,[],[],e06a57f0-b8f6-4358-9e15-a60eecf6ac71,"{""en"": {""value"": ""beeswax"", ""direction"": ""ltr""}}",[],[],[],3e9151cf-dc12-4409-b6b0-6287dc2fc2a3,10.037,[],[],,,,,,
6324956b-6d20-4127-9141-8659c1ccdd3a,d4e956f7-9fad-4fd2-94e3-563a3b2c3585,a4ea5a7a-d7f0-11ef-a75a-0275dc2ded29,1,6d2b4283-be04-4a2f-9f36-6d912d074d97,"{""en"": {""value"": ""40.052 g gum arabic"", ""direction"": ""ltr""}}",[],[],b9fedfcd-b5ea-40d8-b510-4450185ebdc8,"{""en"": {""value"": ""10.037 g beeswax"", ""direction"": ""ltr""}}",[],[],1ac391a5-42d4-4b45-acfd-2deedaf97ccf,"{""en"": {""value"": ""gum arabic"", ""direction"": ""ltr""}}",[],[],[],2ceb7056-b7d3-4e02-9894-212d9fd3961f,40.052,[],[],af428ce8-1967-4d7c-bf47-31468c612182,"{""en"": {""value"": ""beeswax"", ""direction"": ""ltr""}}",[],[],[],e21a8e7b-61c8-4ad6-aabc-e3deb3df9bb7,10.037,[],[],,,,,,
c5969738-ce32-40d0-8f9a-1d33311393c3,d4e956f7-9fad-4fd2-94e3-563a3b2c3585,a4ea5a7a-d7f0-11ef-a75a-0275dc2ded29,1,54447cd7-ec99-4be6-9350-e5e27c586765,"{""en"": {""value"": ""40.052 g gum arabic"", ""direction"": ""ltr""}}",[],[],7366ac50-302b-46a3-a158-668156d2efc5,"{""en"": {""value"": ""10.037 g beeswax"", ""direction"": ""ltr""}}",[],[],897f9c7e-bc90-462a-b9f9-330bacd0a6b2,"{""en"": {""value"": ""gum arabic"", ""direction"": ""ltr""}}",[],[],[],ff0d1780-2bfc-435a-9588-55c97f3239bf,40.052,[],[],121d3371-ad72-43a9-805d-8fe45ae91746,"{""en"": {""value"": ""beeswax"", ""direction"": ""ltr""}}",[],[],[],b3b05ea2-2e9d-49c8-9e09-4597672b2930,10.037,[],[],,,,,,
f58aa1d7-2bf2-43b1-b482-1dae620c915f,d4e956f7-9fad-4fd2-94e3-563a3b2c3585,a4ea5a7a-d7f0-11ef-a75a-0275dc2ded29,1,d92dbf85-6bd7-443e-9175-1413f1a4fc8d,"{""en"": {""value"": ""31.754 g gum arabic"", ""direction"": ""ltr""}}",[],[],a9b53e37-7945-4961-a7ee-97b70c524eae,"{""en"": {""value"": ""1.662 g beeswax"", ""direction"": ""ltr""}}",[],[],20f6fba9-c442-4229-8353-cb08f6a9c33b,"{""en"": {""value"": ""gum arabic"", ""direction"": ""ltr""}}",[],[],[],2b4cdb88-8ba4-43a6-9e1f-7b8f6d810e2e,31.754,[],[],105c2478-d107-43f9-9b7d-39d3ec2f50a3,"{""en"": {""value"": ""beeswax"", ""direction"": ""ltr""}}",[],[],[],9a718e5f-fe98-483e-9e9e-38d49127b9e6,1.662,[],[],,,,,,
0e044067-61b2-4868-b2a7-4483fa4b9e76,d4e956f7-9fad-4fd2-94e3-563a3b2c3585,a4ea5a7a-d7f0-11ef-a75a-0275dc2ded29,1,d6e63597-5f8c-4ff7-98b4-36243a98c384,"{""en"": {""value"": ""31.754 g gum arabic"", ""direction"": ""ltr""}}",[],[],7bcfa70b-2956-4af6-8e51-e1be133ef029,"{""en"": {""value"": ""1.662 g beeswax"", ""direction"": ""ltr""}}",[],[],bc9adb3c-91bc-4b69-ab80-4512aa9e42aa,"{""en"": {""value"": ""gum arabic"", ""direction"": ""ltr""}}",[],[],[],f412f4f4-7cb7-428a-b6c9-b1852616660d,31.754,[],[],13034e0a-35ac-4ee9-b6f1-244e31e988a4,"{""en"": {""value"": ""beeswax"", ""direction"": ""ltr""}}",[],[],[],fa0f4a94-00f8-4190-8603-d665a5a0919c,1.662,[],[],,,,,,
f0a97c56-de4b-4462-ab8c-192997c8ecb1,d4e956f7-9fad-4fd2-94e3-563a3b2c3585,a4ea5a7a-d7f0-11ef-a75a-0275dc2ded29,1,b002734b-337d-43be-b0a0-8d8e722b4a71,"{""en"": {""value"": ""31.754 g gum arabic"", ""direction"": ""ltr""}}",[],[],7ec45296-40ee-4350-bb5d-a5964d770119,"{""en"": {""value"": ""1.662 g beeswax"", ""direction"": ""ltr""}}",[],[],26631b30-2669-427a-b300-816e5cf8792c,"{""en"": {""value"": ""gum arabic"", ""direction"": ""ltr""}}",[],[],[],1c25bb8f-caac-4e68-8e0a-0d28a16f4d2c,31.754,[],[],93a8976f-0c23-4cad-81e1-c09638f6ea42,"{""en"": {""value"": ""beeswax"", ""direction"": ""ltr""}}",[],[],[],2381b8ff-1415-447a-be17-19513966940d,1.662,[],[],,,,,,
8391af3a-c9bc-40ce-9d2d-71ec5985c313,d4e956f7-9fad-4fd2-94e3-563a3b2c3585,a4ea5a7a-d7f0-11ef-a75a-0275dc2ded29,1,020ca657-9414-4b27-898d-fcb07c693817,"{""en"": {""value"": ""31.754 g gum arabic"", ""direction"": ""ltr""}}",[],[],c4703074-47e5-49d8-a1cd-e71bdb1a6372,"{""en"": {""value"": ""1.662 g beeswax"", ""direction"": ""ltr""}}",[],[],a76370c4-d274-4077-9cb7-a77afa6b6da4,"{""en"": {""value"": ""gum arabic"", ""direction"": ""ltr""}}",[],[],[],21519e37-a79e-48bb-a9e7-d9f69f13ec27,31.754,[],[],9f9fce15-dd86-44c9-a72b-6f01d0435274,"{""en"": {""value"": ""beeswax"", ""direction"": ""ltr""}}",[],[],[],1b196fd1-b24b-46dc-ba18-e15ed0e0c62b,1.662,[],[],,,,,,
ec755eac-d781-4420-a6bd-679d2b973b5b,d4e956f7-9fad-4fd2-94e3-563a3b2c3585,a4ea5a7a-d7f0-11ef-a75a-0275dc2ded29,1,0a73e285-a578-4165-ad85-50dbf6f7271a,"{""en"": {""value"": ""24.518 g gum arabic"", ""direction"": ""ltr""}}",[],[],09b94d14-8387-4de5-8c7a-3ebde53deed6,"{""en"": {""value"": ""0.504 g beeswax"", ""direction"": ""ltr""}}",[],[],a240947b-01cd-45d5-a810-2fc1e89ffb1d,"{""en"": {""value"": ""gum arabic"", ""direction"": ""ltr""}}",[],[],[],7e47471f-eea5-4fb2-aac9-14605a7766ae,24.518,[],[],5412800a-c06b-4511-b281-fd1d993e33b6,"{""en"": {""value"": ""beeswax"", ""direction"": ""ltr""}}",[],[],[],d462cbda-64f6-4f14-b11b-cadf5aaa7215,0.504,[],[],,,,,,
44ce0b0a-58e0-4dd3-a220-98f0de2be8c8,d4e956f7-9fad-4fd2-94e3-563a3b2c3585,a4ea5a7a-d7f0-11ef-a75a-0275dc2ded29,1,dc8a0eff-0dba-42f3-98e2-e426fefe8de1,"{""en"": {""value"": ""24.518 g gum arabic"", ""direction"": ""ltr""}}",[],[],ad836722-f80c-4f73-bc9e-c5c18abccd36,"{""en"": {""value"": ""0.504 g beeswax"", ""direction"": ""ltr""}}",[],[],fcc8ebfb-275c-497d-8211-22e2b436dfb3,"{""en"": {""value"": ""gum arabic"", ""direction"": ""ltr""}}",[],[],[],720a15b7-f6bd-4805-bd6e-26cdcdf0f15c,24.518,[],[],ea5597d0-b576-4217-b92b-06c70f29166c,"{""en"": {""value"": ""beeswax"", ""direction"": ""ltr""}}",[],[],[],3b833c67-1a77-4ad3-94b1-fc7ecdd30490,0.504,[],[],,,,,,
33c1d6b1-18af-4cda-8d39-3b0f8330711c,d4e956f7-9fad-4fd2-94e3-563a3b2c3585,a4ea5a7a-d7f0-11ef-a75a-0275dc2ded29,1,af8e975e-0507-40b7-83c4-556a9e134b46,"{""en"": {""value"": ""24.518 g gum arabic"", ""direction"": ""ltr""}}",[],[],27761b31-2c0a-4c82-8a9a-643bff2d470b,"{""en"": {""value"": ""0.504 g beeswax"", ""direction"": ""ltr""}}",[],[],4b03ba87-4858-469e-8731-854821700330,"{""en"": {""value"": ""gum arabic"", ""direction"": ""ltr""}}",[],[],[],34bf886b-4e23-40f0-bd03-178c096cef57,24.518,[],[],f27a2ee9-48ea-4bb1-8df6-8cc78c1300f4,"{""en"": {""value"": ""beeswax"", ""direction"": ""ltr""}}",[],[],[],4bba3742-ee12-4324-b442-9db4117627de,0.504,[],[],,,,,,
2d177591-ff2a-4afd-a81e-c3960eebd61d,d4e956f7-9fad-4fd2-94e3-563a3b2c3585,a4ea5a7a-d7f0-11ef-a75a-0275dc2ded29,1,4111d257-9a36-4023-9bc9-89ca2e5d19fd,"{""en"": {""value"": ""24.518 g gum arabic"", ""direction"": ""ltr""}}",[],[],7130eb36-5c8a-4882-a92e-68f96da87ab4,"{""en"": {""value"": ""0.504 g beeswax"", ""direction"": ""ltr""}}",[],[],80c6c3b8-a451-4346-a404-725ab8f49308,"{""en"": {""value"": ""gum arabic"", ""direction"": ""ltr""}}",[],[],[],6e807b00-5125-4376-ab05-deeaa077a1b9,24.518,[],[],58a35e11-40ad-4fbe-815f-01f582bf7df9,"{""en"": {""value"": ""beeswax"", ""direction"": ""ltr""}}",[],[],[],7457bb28-73bb-4cad-ba98-202f2faa6e20,0.504,[],[],,,,,,
1b4a3c42-3835-4c3c-a7fb-9dcbef140240,d4e956f7-9fad-4fd2-94e3-563a3b2c3585,a4ea5a7a-d7f0-11ef-a75a-0275dc2ded29,1,7b6e5e85-4f0d-4dae-926c-0f2b9b91866f,"{""en"": {""value"": ""24.752 g gum arabic"", ""direction"": ""ltr""}}",[],[],b53854a0-6511-4f4a-a76d-5f3a501706a4,"{""en"": {""value"": ""0.251 g beeswax"", ""direction"": ""ltr""}}",[],[],a78288f2-036e-4ccd-8163-a61216b9dcf5,"{""en"": {""value"": ""gum arabic"", ""direction"": ""ltr""}}",[],[],[],3be0453e-00e0-43ed-bbb8-0abd786fd6de,24.752,[],[],4a49a7f2-43d0-4f6d-90c9-55f09c0f6bcb,"{""en"": {""value"": ""beeswax"", ""direction"": ""ltr""}}",[],[],[],aa158606-43c6-42c7-8f25-eadff7a3540a,0.251,[],[],,,,,,
45b6c04c-26f2-4e71-a401-e5ff55ca1fc2,d4e956f7-9fad-4fd2-94e3-563a3b2c3585,a4ea5a7a-d7f0-11ef-a75a-0275dc2ded29,1,8499a478-9741-4888-9374-439e0d9b8189,"{""en"": {""value"": ""24.752 g gum arabic"", ""direction"": ""ltr""}}",[],[],9372b4a9-9103-4cb3-8da3-07ebd78b6049,"{""en"": {""value"": ""0.251 g beeswax"", ""direction"": ""ltr""}}",[],[],8f1e7dc5-2599-4132-bfe2-412614373083,"{""en"": {""value"": ""gum arabic"", ""direction"": ""ltr""}}",[],[],[],a771047d-9373-45c9-8dbe-3a1b4227d9a2,24.752,[],[],195819cd-cf08-4036-8baa-7350f13b1b30,"{""en"": {""value"": ""beeswax"", ""direction"": ""ltr""}}",[],[],[],3fa300c4-b38f-4b52-9f0a-c5acfbb80e44,0.251,[],[],,,,,,
e287f2d6-b14e-4000-afb1-8b58887027d1,d4e956f7-9fad-4fd2-94e3-563a3b2c3585,a4ea5a7a-d7f0-11ef-a75a-0275dc2ded29,1,2606fd2a-9fd0-4a65-84a6-53a6dda94688,"{""en"": {""value"": ""24.752 g gum arabic"", ""direction"": ""ltr""}}",[],[],76da210a-2958-47a7-be7a-e2955b501591,"{""en"": {""value"": ""0.251 g beeswax"", ""direction"": ""ltr""}}",[],[],7cb3316c-0675-4d12-9cc9-02bd3470075f,"{""en"": {""value"": ""gum arabic"", ""direction"": ""ltr""}}",[],[],[],4919fb95-69df-4eae-8b6f-b66c22db42f5,24.752,[],[],fecfecbf-3404-478a-a9ef-92c903b02cd9,"{""en"": {""value"": ""beeswax"", ""direction"": ""ltr""}}",[],[],[],e4f70689-ad9b-4f91-b4f9-35312711868b,0.251,[],[],,,,,,
6a6afa50-9764-48ae-b4f0-449084bb65cb,d4e956f7-9fad-4fd2-94e3-563a3b2c3585,a4ea5a7a-d7f0-11ef-a75a-0275dc2ded29,1,70e09dfd-c30a-413f-b16f-5d4d7a32e07d,"{""en"": {""value"": ""24.752 g gum arabic"", ""direction"": ""ltr""}}",[],[],3cebaf9c-7f80-4cb2-8f50-4f8941f05a2e,"{""en"": {""value"": ""0.251 g beeswax"", ""direction"": ""ltr""}}",[],[],37938914-9330-46a2-909f-906b7a0a854d,"{""en"": {""value"": ""gum arabic"", ""direction"": ""ltr""}}",[],[],[],995deab0-afdb-4390-be4d-9ec16094189d,24.752,[],[],49dfc90e-24fc-40af-8296-489de9267512,"{""en"": {""value"": ""beeswax"", ""direction"": ""ltr""}}",[],[],[],beb7b94f-aa0c-43bd-9f88-34adb2ab4222,0.251,[],[],,,,,,
e3603b9e-10df-48a1-aa56-ee10c0ffa7ab,d4e956f7-9fad-4fd2-94e3-563a3b2c3585,a4ea5a7a-d7f0-11ef-a75a-0275dc2ded29,1,7214eaf4-54fb-483d-8e2f-be907d56d73e,"{""en"": {""value"": ""24.950 g gum arabic"", ""direction"": ""ltr""}}",[],[],3709b581-bb85-4829-ad63-d34768a49a7f,"{""en"": {""value"": ""0.052 g beeswax"", ""direction"": ""ltr""}}",[],[],b127edb4-eee7-43a6-8c5a-73c1992be622,"{""en"": {""value"": ""gum arabic"", ""direction"": ""ltr""}}",[],[],[],48aca76e-5d6c-440d-a1e2-881faa59cda8,24.95,[],[],55e27f99-d249-49bf-ac72-377e0029e1ee,"{""en"": {""value"": ""beeswax"", ""direction"": ""ltr""}}",[],[],[],0f57356b-b9f0-4d53-b4bf-a3212c42da3a,0.052,[],[],,,,,,
8236b77b-59aa-49c1-b229-1711705bfff9,d4e956f7-9fad-4fd2-94e3-563a3b2c3585,a4ea5a7a-d7f0-11ef-a75a-0275dc2ded29,1,267b3053-500f-466e-9f64-01fc8cc7c4c3,"{""en"": {""value"": ""24.950 g gum arabic"", ""direction"": ""ltr""}}",[],[],01d26c3d-4558-4db3-817b-abbfa397b929,"{""en"": {""value"": ""0.052 g beeswax"", ""direction"": ""ltr""}}",[],[],17fb74a3-ee20-45a4-88dd-f0e7918d788c,"{""en"": {""value"": ""gum arabic"", ""direction"": ""ltr""}}",[],[],[],04e579a4-7881-4ab6-b4dd-90a8a2b95f9a,24.95,[],[],311bb41e-b0d3-4cd1-a491-92b5b26adfc7,"{""en"": {""value"": ""beeswax"", ""direction"": ""ltr""}}",[],[],[],0a49c0be-2372-4e73-a1c0-6ee70f7e31be,0.052,[],[],,,,,,
667a769f-a63a-417e-aa2e-dfa48741e195,d4e956f7-9fad-4fd2-94e3-563a3b2c3585,a4ea5a7a-d7f0-11ef-a75a-0275dc2ded29,1,84f15c1d-3364-4c4c-9cf5-7bea31cbc6c4,"{""en"": {""value"": ""24.950 g gum arabic"", ""direction"": ""ltr""}}",[],[],cd83906f-a94a-47b6-8794-5b87c2a0e79a,"{""en"": {""value"": ""0.052 g beeswax"", ""direction"": ""ltr""}}",[],[],a1fc4fe1-e262-4733-a322-478211389b6b,"{""en"": {""value"": ""gum arabic"", ""direction"": ""ltr""}}",[],[],[],2b8f24e9-c567-4798-8c41-a74203645bee,24.95,[],[],c51f1ad4-e226-4cc3-a520-6ef5b0aae8ac,"{""en"": {""value"": ""beeswax"", ""direction"": ""ltr""}}",[],[],[],5f2af8e6-fd70-43b5-bfbc-4a4f9948f98c,0.052,[],[],,,,,,
510dcdf8-d496-4e8c-b674-45ae10102688,d4e956f7-9fad-4fd2-94e3-563a3b2c3585,a4ea5a7a-d7f0-11ef-a75a-0275dc2ded29,1,cb2d14d2-db7b-4e96-a705-ece9c547d8b9,"{""en"": {""value"": ""24.950 g gum arabic"", ""direction"": ""ltr""}}",[],[],0a2ed221-c4ec-4af1-98cb-6bee41b217d7,"{""en"": {""value"": ""0.052 g beeswax"", ""direction"": ""ltr""}}",[],[],24d5904f-0e0f-45c6-b0fe-4fcf9c83e4ea,"{""en"": {""value"": ""gum arabic"", ""direction"": ""ltr""}}",[],[],[],6a061ae5-6618-43b0-916b-1bba5c9a5f29,24.95,[],[],d0b0f6cd-b009-4b4c-a237-96046e244ced,"{""en"": {""value"": ""beeswax"", ""direction"": ""ltr""}}",[],[],[],609350ca-ef69-4124-9a9a-64722ea1ca07,0.052,[],[],,,,,,
3442fffc-0ace-4056-81a6-a195ec475be8,d4e956f7-9fad-4fd2-94e3-563a3b2c3585,a4ea5a7a-d7f0-11ef-a75a-0275dc2ded29,1,e306dfc8-bb19-43ba-8be0-f8bd87119221,"{""en"": {""value"": ""24.975 g gum arabic"", ""direction"": ""ltr""}}",[],[],458702bc-2730-4518-85ca-d40043b0cfe9,"{""en"": {""value"": ""0.025 g beeswax"", ""direction"": ""ltr""}}",[],[],5802dd66-b349-4abe-a092-0acbdd0725e0,"{""en"": {""value"": ""gum arabic"", ""direction"": ""ltr""}}",[],[],[],a90fc7d3-365a-4026-b658-1e7b170c1a35,24.975,[],[],13b00b39-1371-44ff-b5ae-e515441b3aa1,"{""en"": {""value"": ""beeswax"", ""direction"": ""ltr""}}",[],[],[],f6ce19d6-32bc-4b28-8df0-9b5867d5681c,0.025,[],[],,,,,,
b404596d-4739-4c77-bcec-c6e4d7b4124a,d4e956f7-9fad-4fd2-94e3-563a3b2c3585,a4ea5a7a-d7f0-11ef-a75a-0275dc2ded29,1,9d8ad172-0071-412a-b9b6-b95de7e8adf9,"{""en"": {""value"": ""24.975 g gum arabic"", ""direction"": ""ltr""}}",[],[],ac40901d-3b07-4086-9c3e-b176738c026f,"{""en"": {""value"": ""0.025 g beeswax"", ""direction"": ""ltr""}}",[],[],075956bc-236e-45f8-91b2-eb817ad285f8,"{""en"": {""value"": ""gum arabic"", ""direction"": ""ltr""}}",[],[],[],6b30cb1b-2573-4128-a60e-721a2ad2f724,24.975,[],[],11826190-f914-4da4-951e-680edfc199b9,"{""en"": {""value"": ""beeswax"", ""direction"": ""ltr""}}",[],[],[],70c41670-8832-4b5c-b4ab-549161c658fa,0.025,[],[],,,,,,
61bc3256-abae-41fa-94d0-67b8ca69c37a,d4e956f7-9fad-4fd2-94e3-563a3b2c3585,a4ea5a7a-d7f0-11ef-a75a-0275dc2ded29,1,e465a90f-8fc1-4098-9f52-0aef7871b344,"{""en"": {""value"": ""24.975 g gum arabic"", ""direction"": ""ltr""}}",[],[],eba80f98-f48d-4a84-bc65-94d6ac19c2d4,"{""en"": {""value"": ""0.025 g beeswax"", ""direction"": ""ltr""}}",[],[],58530c80-df40-4342-8e23-2351d9cdde87,"{""en"": {""value"": ""gum arabic"", ""direction"": ""ltr""}}",[],[],[],f5fbac29-7456-46c7-bf88-fe0a19a280d4,24.975,[],[],c81caf40-3bd1-4c35-851e-c34292ab6ab8,"{""en"": {""value"": ""beeswax"", ""direction"": ""ltr""}}",[],[],[],c0747376-39af-43f5-b3e6-9fd89792d9c2,0.025,[],[],,,,,,
e56e9a62-282b-43e3-880d-b4b137ef737d,d4e956f7-9fad-4fd2-94e3-563a3b2c3585,a4ea5a7a-d7f0-11ef-a75a-0275dc2ded29,1,1b34e766-5c96-4642-87b7-711ce2caf2ac,"{""en"": {""value"": ""24.975 g gum arabic"", ""direction"": ""ltr""}}",[],[],696f3389-2061-49da-a303-7fead805914a,"{""en"": {""value"": ""0.025 g beeswax"", ""direction"": ""ltr""}}",[],[],af9ae9c6-8700-49ea-8a62-572ed50e99e5,"{""en"": {""value"": ""gum arabic"", ""direction"": ""ltr""}}",[],[],[],f472287d-dc5e-4448-a8b9-8f3cd5e0a911,24.975,[],[],08f4c281-0f76-4040-9f07-5c8816f8ad10,"{""en"": {""value"": ""beeswax"", ""direction"": ""ltr""}}",[],[],[],70c0a405-6c88-496c-810f-5154ba77ac86,0.025,[],[],,,,,,
533aec17-898b-4063-8f28-a617712f4026,d4e956f7-9fad-4fd2-94e3-563a3b2c3585,a4ea5a7a-d7f0-11ef-a75a-0275dc2ded29,1,a093125f-3982-4b06-8ea4-73334fdfa235,"{""en"": {""value"": ""0.050 g rabbit-skin glue"", ""direction"": ""ltr""}}",[],[],e6cf3b54-5b43-40e7-bbff-ec8596ee9fad,"{""en"": {""value"": ""49.950 g whole egg"", ""direction"": ""ltr""}}",[],[],29252125-ca77-4b01-ae2f-2b5895fd7c35,"{""en"": {""value"": ""rabbit-skin glue"", ""direction"": ""ltr""}}",[],[],[],585ec4fb-c2a9-4660-a1a6-ee3e61cb63f6,0.05,[],[],0a1bc402-a12c-4884-a29a-450bdb5ada21,"{""en"": {""value"": ""whole egg"", ""direction"": ""ltr""}}",[],[],[],e4a7c516-5d2c-47a8-a108-bd5d28421103,49.95,[],[],,,,,,
686d236f-e7f6-42f1-84a1-80bae00b3392,d4e956f7-9fad-4fd2-94e3-563a3b2c3585,a4ea5a7a-d7f0-11ef-a75a-0275dc2ded29,1,ed33bcf6-fec2-44f2-9f42-34d1857dc920,"{""en"": {""value"": ""0.050 g rabbit-skin glue"", ""direction"": ""ltr""}}",[],[],ef19baef-a4c6-4298-bc2d-2b3119e86df0,"{""en"": {""value"": ""49.950 g whole egg"", ""direction"": ""ltr""}}",[],[],9aee867a-ecc4-4075-9f62-cf62769d1006,"{""en"": {""value"": ""rabbit-skin glue"", ""direction"": ""ltr""}}",[],[],[],62f8efd9-44c1-4cf3-986b-11add974b09a,0.05,[],[],7a6d2b35-a3e4-4656-95c3-dee716926816,"{""en"": {""value"": ""whole egg"", ""direction"": ""ltr""}}",[],[],[],9e7bd364-4511-4bec-9576-14f2e60203d4,49.95,[],[],,,,,,
ed46ce44-1361-43d2-aa84-9287dad00a9d,d4e956f7-9fad-4fd2-94e3-563a3b2c3585,a4ea5a7a-d7f0-11ef-a75a-0275dc2ded29,1,c3e92c88-afc9-47fc-bec1-23ea50091434,"{""en"": {""value"": ""0.050 g rabbit-skin glue"", ""direction"": ""ltr""}}",[],[],6e0899e4-b4ed-4379-8e09-0a4e33fd2453,"{""en"": {""value"": ""49.950 g whole egg"", ""direction"": ""ltr""}}",[],[],baff753a-0a0f-41eb-a2cd-12b60e761723,"{""en"": {""value"": ""rabbit-skin glue"", ""direction"": ""ltr""}}",[],[],[],ab91b088-7761-41f8-96ba-4e7e22672fac,0.05,[],[],e762a040-0593-4b75-86a3-dd41efd21a79,"{""en"": {""value"": ""whole egg"", ""direction"": ""ltr""}}",[],[],[],bbfd9105-124a-4686-abf1-e5d9a18c383a,49.95,[],[],,,,,,
6715e7ff-7708-4ece-b6a3-869e3fe5f13c,d4e956f7-9fad-4fd2-94e3-563a3b2c3585,a4ea5a7a-d7f0-11ef-a75a-0275dc2ded29,1,d632f12f-2186-4428-9c28-7111b9180190,"{""en"": {""value"": ""0.050 g rabbit-skin glue"", ""direction"": ""ltr""}}",[],[],0be3113d-30f6-45f8-a2df-1dda299b3bbb,"{""en"": {""value"": ""49.950 g whole egg"", ""direction"": ""ltr""}}",[],[],92b1ad9d-6982-49f4-829f-aa7d65fef5ae,"{""en"": {""value"": ""rabbit-skin glue"", ""direction"": ""ltr""}}",[],[],[],23cdd2ee-dc02-4d39-9b1b-325046d2dcea,0.05,[],[],9369c97c-0782-4d79-ab10-77f525b69395,"{""en"": {""value"": ""whole egg"", ""direction"": ""ltr""}}",[],[],[],d69490c2-7ed9-45bf-b863-9bfd0641e966,49.95,[],[],,,,,,
f6c4c566-cc95-4d3c-b6a7-36fad8d938bb,d4e956f7-9fad-4fd2-94e3-563a3b2c3585,a4ea5a7a-d7f0-11ef-a75a-0275dc2ded29,1,4ad133a8-53dc-4e83-b553-c3da49166abe,"{""en"": {""value"": ""0.100 g rabbit-skin glue"", ""direction"": ""ltr""}}",[],[],5b849b38-bd7e-4268-9fcc-f13834d224bb,"{""en"": {""value"": ""Weight of whole egg not listed"", ""direction"": ""ltr""}}",[],[],8bc694e4-7152-43ef-a0e0-f551a8e90a29,"{""en"": {""value"": ""rabbit-skin glue"", ""direction"": ""ltr""}}",[],[],[],57fa4913-3e8a-4989-a791-be59f24f4534,0.1,[],[],,,,,,,,,,,,,,,
31335090-e081-438e-ab42-48f8310080ff,d4e956f7-9fad-4fd2-94e3-563a3b2c3585,a4ea5a7a-d7f0-11ef-a75a-0275dc2ded29,1,73a5032c-d57c-4bf4-95f0-5beffcdde10c,"{""en"": {""value"": ""0.100 g rabbit-skin glue"", ""direction"": ""ltr""}}",[],[],eb9b0e6f-9b23-4d35-979d-9c297e95ecd7,"{""en"": {""value"": ""Weight of whole egg not listed"", ""direction"": ""ltr""}}",[],[],e98f8b95-4632-42c9-bd25-d5184a2eb07d,"{""en"": {""value"": ""rabbit-skin glue"", ""direction"": ""ltr""}}",[],[],[],06abfe2e-6894-494f-b670-80d61b0611df,0.1,[],[],,,,,,,,,,,,,,,
85949d88-d7bb-48f5-90f4-4540d030a039,d4e956f7-9fad-4fd2-94e3-563a3b2c3585,a4ea5a7a-d7f0-11ef-a75a-0275dc2ded29,1,88328071-870c-4b6b-915d-b821d4353fcd,"{""en"": {""value"": ""0.100 g rabbit-skin glue"", ""direction"": ""ltr""}}",[],[],01db17ff-69cf-4953-957e-6f649d97dc3a,"{""en"": {""value"": ""Weight of whole egg not listed"", ""direction"": ""ltr""}}",[],[],27ca5966-ad2c-4b42-b4e5-e3687dd5daf6,"{""en"": {""value"": ""rabbit-skin glue"", ""direction"": ""ltr""}}",[],[],[],6079be85-0b15-4e5b-99c7-031d3192311f,0.1,[],[],,,,,,,,,,,,,,,
ccb8a35a-bb58-4684-b4ee-23397098ce25,d4e956f7-9fad-4fd2-94e3-563a3b2c3585,a4ea5a7a-d7f0-11ef-a75a-0275dc2ded29,1,4707e982-d124-4c38-86c3-5e8f0bd87319,"{""en"": {""value"": ""0.100 g rabbit-skin glue"", ""direction"": ""ltr""}}",[],[],f2a250cc-8bd9-48a9-b870-987d90d04a7b,"{""en"": {""value"": ""Weight of whole egg not listed"", ""direction"": ""ltr""}}",[],[],4686f269-eeee-46ee-83f1-31f2d66cee52,"{""en"": {""value"": ""rabbit-skin glue"", ""direction"": ""ltr""}}",[],[],[],f1148304-6a59-4e87-9ac3-ff6be1ed21c2,0.1,[],[],,,,,,,,,,,,,,,
83cae096-96ca-4643-9947-280581d5340e,d4e956f7-9fad-4fd2-94e3-563a3b2c3585,a4ea5a7a-d7f0-11ef-a75a-0275dc2ded29,1,417638c4-bbe2-4ebf-83f0-a0d17322994c,"{""en"": {""value"": ""0.500 g rabbit-skin glue"", ""direction"": ""ltr""}}",[],[],d7055287-21b9-46e1-89bb-f814e174f99e,"{""en"": {""value"": ""49.500 g whole egg"", ""direction"": ""ltr""}}",[],[],05a0b3ec-4b06-4bce-bec4-b46353f8de4d,"{""en"": {""value"": ""rabbit-skin glue"", ""direction"": ""ltr""}}",[],[],[],c2a9f54f-ffcf-494f-a2d9-d9e9d4613fc6,0.5,[],[],cf8de59f-9e17-40dc-90b4-bdbc76205732,"{""en"": {""value"": ""whole egg"", ""direction"": ""ltr""}}",[],[],[],a92fe253-a05f-4c96-a130-a17f6ef45065,49.5,[],[],,,,,,
5468f146-eb4d-402d-96f1-86f8dba9a234,d4e956f7-9fad-4fd2-94e3-563a3b2c3585,a4ea5a7a-d7f0-11ef-a75a-0275dc2ded29,1,4fbba48a-59f5-4b70-bbdb-3d9c4ff84923,"{""en"": {""value"": ""0.500 g rabbit-skin glue"", ""direction"": ""ltr""}}",[],[],36b9acb7-5af1-42ce-a48d-e85f873870ba,"{""en"": {""value"": ""49.500 g whole egg"", ""direction"": ""ltr""}}",[],[],7fc8d6e7-565f-44d5-861a-2b694bdcbee9,"{""en"": {""value"": ""rabbit-skin glue"", ""direction"": ""ltr""}}",[],[],[],dd33c725-cf13-4466-bfd0-fa21265b0657,0.5,[],[],b4df0fd9-5abd-402b-bc80-402aeffd2c2d,"{""en"": {""value"": ""whole egg"", ""direction"": ""ltr""}}",[],[],[],27f083c8-b348-456e-a66c-63da4752eb5f,49.5,[],[],,,,,,
06a0f0e8-5d63-43ac-a669-cfd21f5c24d4,d4e956f7-9fad-4fd2-94e3-563a3b2c3585,a4ea5a7a-d7f0-11ef-a75a-0275dc2ded29,1,a11687bb-a649-451d-b627-e8194c9487ea,"{""en"": {""value"": ""0.500 g rabbit-skin glue"", ""direction"": ""ltr""}}",[],[],e7ec3c32-75cd-41c8-8c59-2ee445c424f8,"{""en"": {""value"": ""49.500 g whole egg"", ""direction"": ""ltr""}}",[],[],10ba3bbd-ace9-4b25-8693-ae7151954b51,"{""en"": {""value"": ""rabbit-skin glue"", ""direction"": ""ltr""}}",[],[],[],58e31b25-bbe8-499d-a440-c11789d9890b,0.5,[],[],0e4cc101-93e5-40a5-bd42-9ed95f68f5d5,"{""en"": {""value"": ""whole egg"", ""direction"": ""ltr""}}",[],[],[],c9e8c05c-cea8-445a-bb5d-50dd24cc07cb,49.5,[],[],,,,,,
da388929-020f-4b40-9d98-72387b4dc7d6,d4e956f7-9fad-4fd2-94e3-563a3b2c3585,a4ea5a7a-d7f0-11ef-a75a-0275dc2ded29,1,93231415-54f9-4b7f-a4bf-7af38b98e96b,"{""en"": {""value"": ""0.500 g rabbit-skin glue"", ""direction"": ""ltr""}}",[],[],5e5b28bb-6e9d-418e-aec2-47af4d3f526e,"{""en"": {""value"": ""49.500 g whole egg"", ""direction"": ""ltr""}}",[],[],04ec54cd-0cb3-4478-9ed1-6329c01fee5a,"{""en"": {""value"": ""rabbit-skin glue"", ""direction"": ""ltr""}}",[],[],[],2accd7f8-3f6e-4941-ac12-cbafe3467be6,0.5,[],[],b45b9058-8cbc-4c70-a427-afcd412d14b0,"{""en"": {""value"": ""whole egg"", ""direction"": ""ltr""}}",[],[],[],346427f8-3252-42b6-9511-0ac49403f53b,49.5,[],[],,,,,,
e660d1ae-65ef-4706-ac8f-e89813b96c8d,d4e956f7-9fad-4fd2-94e3-563a3b2c3585,a4ea5a7a-d7f0-11ef-a75a-0275dc2ded29,1,4cdfc035-fead-43c3-866d-b74b638f5367,"{""en"": {""value"": ""0.750 g rabbit-skin glue"", ""direction"": ""ltr""}}",[],[],1b672316-daa9-4ee8-8685-ce50a2880970,"{""en"": {""value"": ""36.750 g whole egg"", ""direction"": ""ltr""}}",[],[],7e068d1c-47a0-4fac-87c1-6ae4751f5990,"{""en"": {""value"": ""rabbit-skin glue"", ""direction"": ""ltr""}}",[],[],[],64ce88b0-0736-4476-96be-3defeb6163fb,0.75,[],[],4d160971-c111-41cb-bffb-cd9fb266b5b8,"{""en"": {""value"": ""whole egg"", ""direction"": ""ltr""}}",[],[],[],a00be88f-16a9-4b2a-81a2-94a106a6ae5a,36.75,[],[],,,,,,
056edb10-1546-47bf-9753-c125e7cde483,d4e956f7-9fad-4fd2-94e3-563a3b2c3585,a4ea5a7a-d7f0-11ef-a75a-0275dc2ded29,1,7bff4825-922f-4b1a-9d62-0911b9c0f1f0,"{""en"": {""value"": ""0.750 g rabbit-skin glue"", ""direction"": ""ltr""}}",[],[],1e9c8bce-c1fe-4c4c-a97c-d4c9818170fd,"{""en"": {""value"": ""36.750 g whole egg"", ""direction"": ""ltr""}}",[],[],d1fe84d2-3d3c-41d3-a6ba-a27cccaee37d,"{""en"": {""value"": ""rabbit-skin glue"", ""direction"": ""ltr""}}",[],[],[],7610e1a8-b576-4865-8800-200ca7549122,0.75,[],[],059cb27a-9c5c-4753-a570-8b4c6a46fcb2,"{""en"": {""value"": ""whole egg"", ""direction"": ""ltr""}}",[],[],[],84e14e0e-89dd-4daa-aaae-94f2092782ad,36.75,[],[],,,,,,
05560ea1-2c78-4d2f-a977-43e8798dcfd6,d4e956f7-9fad-4fd2-94e3-563a3b2c3585,a4ea5a7a-d7f0-11ef-a75a-0275dc2ded29,1,0f238169-99b7-450d-8d03-67c10aaac48e,"{""en"": {""value"": ""0.750 g rabbit-skin glue"", ""direction"": ""ltr""}}",[],[],9e1b509a-c5ab-45bc-bef0-bc7825bf4943,"{""en"": {""value"": ""36.750 g whole egg"", ""direction"": ""ltr""}}",[],[],fe60e4bd-3d21-4c5f-8e71-1d6412d3a8ab,"{""en"": {""value"": ""rabbit-skin glue"", ""direction"": ""ltr""}}",[],[],[],210fb75e-6736-47e5-80d9-4b6534ca3e98,0.75,[],[],c63256d1-a766-462d-9bfb-bfa212d9227c,"{""en"": {""value"": ""whole egg"", ""direction"": ""ltr""}}",[],[],[],a0c5c936-826f-4a27-923e-9adb6f20311d,36.75,[],[],,,,,,
e2d35154-d1b8-4e28-ac5e-2e4b82fa450e,d4e956f7-9fad-4fd2-94e3-563a3b2c3585,a4ea5a7a-d7f0-11ef-a75a-0275dc2ded29,1,b6061ecf-fbdd-4c31-a6f1-2d7d1d931dcf,"{""en"": {""value"": ""0.750 g rabbit-skin glue"", ""direction"": ""ltr""}}",[],[],854177c3-69e1-4d1d-9910-d872e182a275,"{""en"": {""value"": ""36.750 g whole egg"", ""direction"": ""ltr""}}",[],[],912440dd-aa8a-4d0e-aa60-98bd311fb421,"{""en"": {""value"": ""rabbit-skin glue"", ""direction"": ""ltr""}}",[],[],[],75e56537-1a51-4fdf-8b92-81733a595f58,0.75,[],[],d7a2b247-0c34-4451-a94f-32f34f056b5d,"{""en"": {""value"": ""whole egg"", ""direction"": ""ltr""}}",[],[],[],2814cf52-2248-499c-8d0a-1e4813757299,36.75,[],[],,,,,,
53bd7831-9be6-43d6-9042-ea93d9901eb5,d4e956f7-9fad-4fd2-94e3-563a3b2c3585,a4ea5a7a-d7f0-11ef-a75a-0275dc2ded29,1,e4a0f4bc-8aad-4ff6-b946-6e890e2357f0,"{""en"": {""value"": ""1.250 g rabbit-skin glue"", ""direction"": ""ltr""}}",[],[],de90656f-3208-46b5-b863-c296773ca07d,"{""en"": {""value"": ""23.750 g whole egg"", ""direction"": ""ltr""}}",[],[],2db4a55b-3370-4027-9816-0afa768b63cd,"{""en"": {""value"": ""rabbit-skin glue"", ""direction"": ""ltr""}}",[],[],[],a32cffdb-5273-4593-9713-aa592d914677,1.25,[],[],38a7e3ab-1c21-465e-9fe5-0ff243f725ab,"{""en"": {""value"": ""whole egg"", ""direction"": ""ltr""}}",[],[],[],87970290-6cbb-4828-82b2-fd9817b06ec5,23.75,[],[],,,,,,
65df809e-ab5b-4b08-9c1f-876a556ff779,d4e956f7-9fad-4fd2-94e3-563a3b2c3585,a4ea5a7a-d7f0-11ef-a75a-0275dc2ded29,1,f0a9843b-5591-4ac7-adde-ba4ac98cfe02,"{""en"": {""value"": ""1.250 g rabbit-skin glue"", ""direction"": ""ltr""}}",[],[],86314531-ff57-40b7-bb30-21e80aaa345f,"{""en"": {""value"": ""23.750 g whole egg"", ""direction"": ""ltr""}}",[],[],3a7083d7-0e24-482d-9ffa-94672e24ddfd,"{""en"": {""value"": ""rabbit-skin glue"", ""direction"": ""ltr""}}",[],[],[],6e2b1298-9e14-42f1-933d-98eb15df7a65,1.25,[],[],c8a1ac2e-39e1-4ccb-a040-8a3f49bd9528,"{""en"": {""value"": ""whole egg"", ""direction"": ""ltr""}}",[],[],[],1def40db-a23d-4cd2-b763-4ab598f4752d,23.75,[],[],,,,,,
34723f48-be35-4bb9-9861-af771de70e03,d4e956f7-9fad-4fd2-94e3-563a3b2c3585,a4ea5a7a-d7f0-11ef-a75a-0275dc2ded29,1,0db254b1-5674-47f6-8bf2-1aa3f68a6df9,"{""en"": {""value"": ""1.250 g rabbit-skin glue"", ""direction"": ""ltr""}}",[],[],fdc602d0-80fa-41a2-9c38-0992c135bd51,"{""en"": {""value"": ""23.750 g whole egg"", ""direction"": ""ltr""}}",[],[],80579ce3-3040-4eb5-b0aa-5fdba06ef8ce,"{""en"": {""value"": ""rabbit-skin glue"", ""direction"": ""ltr""}}",[],[],[],0f5c050c-a8da-428d-afc7-af636dd89e4c,1.25,[],[],ebb20e79-3973-43f9-8918-8edcb81691cd,"{""en"": {""value"": ""whole egg"", ""direction"": ""ltr""}}",[],[],[],feda7065-9c51-4785-863a-cb1937aa321c,23.75,[],[],,,,,,
041208db-6884-44ed-882e-35059323f041,d4e956f7-9fad-4fd2-94e3-563a3b2c3585,a4ea5a7a-d7f0-11ef-a75a-0275dc2ded29,1,90e0e276-c92d-497b-9dda-1fb1afa9911b,"{""en"": {""value"": ""1.250 g rabbit-skin glue"", ""direction"": ""ltr""}}",[],[],b4695a21-917a-4a37-a855-eef08e5b0fcb,"{""en"": {""value"": ""23.750 g whole egg"", ""direction"": ""ltr""}}",[],[],1cd396d7-11bd-4668-85f2-d5373c4d3d0f,"{""en"": {""value"": ""rabbit-skin glue"", ""direction"": ""ltr""}}",[],[],[],76033a5e-6eba-4bf5-b948-32d7b82465de,1.25,[],[],2e4a2934-3ef6-4560-abdf-647d84cc7816,"{""en"": {""value"": ""whole egg"", ""direction"": ""ltr""}}",[],[],[],c203cbbf-0e62-4d47-bff5-b000d66d8b55,23.75,[],[],,,,,,
6dbdcf57-e988-42d7-af05-e95f0492c293,d4e956f7-9fad-4fd2-94e3-563a3b2c3585,a4ea5a7a-d7f0-11ef-a75a-0275dc2ded29,1,c4b6d2f6-dc6c-410a-852d-e4a1e9cab58e,"{""en"": {""value"": ""5 g rabbit-skin glue"", ""direction"": ""ltr""}}",[],[],02bba80c-8d72-4e4a-8efe-d7b0b4605c31,"{""en"": {""value"": ""20 g whole egg"", ""direction"": ""ltr""}}",[],[],fa725d87-1a3b-4fee-884e-c1410f441162,"{""en"": {""value"": ""rabbit-skin glue"", ""direction"": ""ltr""}}",[],[],[],e6700472-01e6-4e6b-9e34-232806f14357,5.0,[],[],e826cc5f-e7ba-4b5e-a7ce-6c1970563db8,"{""en"": {""value"": ""whole egg"", ""direction"": ""ltr""}}",[],[],[],f178d253-888d-41b2-9b9f-a329c8a75739,20.0,[],[],,,,,,
cde0b6f5-d74b-458e-86ae-3f93b64f7e4a,d4e956f7-9fad-4fd2-94e3-563a3b2c3585,a4ea5a7a-d7f0-11ef-a75a-0275dc2ded29,1,d9f79573-ea0d-4638-857d-b56762419523,"{""en"": {""value"": ""5 g rabbit-skin glue"", ""direction"": ""ltr""}}",[],[],b429a24c-a012-4fad-9bad-87552b5f24e0,"{""en"": {""value"": ""20 g whole egg"", ""direction"": ""ltr""}}",[],[],bd319a89-bca5-42ac-be80-ac6320689a8a,"{""en"": {""value"": ""rabbit-skin glue"", ""direction"": ""ltr""}}",[],[],[],c128b586-a941-41d1-8caf-7d5069f3c80c,5.0,[],[],41ea46bc-9a39-4558-9535-9ec3291dc610,"{""en"": {""value"": ""whole egg"", ""direction"": ""ltr""}}",[],[],[],32188072-78c8-40a2-9ef8-7e772bfbc91d,20.0,[],[],,,,,,
ba4f7b65-b340-40aa-b1ee-276c27350e93,d4e956f7-9fad-4fd2-94e3-563a3b2c3585,a4ea5a7a-d7f0-11ef-a75a-0275dc2ded29,1,8f451daf-2314-43ef-9b4a-8089295f2572,"{""en"": {""value"": ""5 g rabbit-skin glue"", ""direction"": ""ltr""}}",[],[],8c108f34-8b98-4be4-9e46-64284b7198f5,"{""en"": {""value"": ""20 g whole egg"", ""direction"": ""ltr""}}",[],[],664ffe56-37c4-478d-88e8-cd3386159e35,"{""en"": {""value"": ""rabbit-skin glue"", ""direction"": ""ltr""}}",[],[],[],d8bdf515-3640-4e95-a66d-825193b8d617,5.0,[],[],41beb16c-ade2-4ab8-b972-8a05e2ba6bb4,"{""en"": {""value"": ""whole egg"", ""direction"": ""ltr""}}",[],[],[],a6e6ffd3-cf7a-4eac-824c-ce00a10814a9,20.0,[],[],,,,,,
9c6bb44e-9b01-4660-b7b7-e6fcc90ab629,d4e956f7-9fad-4fd2-94e3-563a3b2c3585,a4ea5a7a-d7f0-11ef-a75a-0275dc2ded29,1,525a965c-92a2-4a15-b91b-7c843d926af0,"{""en"": {""value"": ""5 g rabbit-skin glue"", ""direction"": ""ltr""}}",[],[],e71ace67-2948-40ac-a890-1fd1ab40a37e,"{""en"": {""value"": ""20 g whole egg"", ""direction"": ""ltr""}}",[],[],44f7b1f3-b8a1-4ebf-b3b2-5e1374578066,"{""en"": {""value"": ""rabbit-skin glue"", ""direction"": ""ltr""}}",[],[],[],f2c1fe3a-0d13-4003-9d9a-000b1edfacfa,5.0,[],[],eb3a429c-5901-468e-93e7-71f586358886,"{""en"": {""value"": ""whole egg"", ""direction"": ""ltr""}}",[],[],[],5006d2e6-fd44-4ef9-a17f-125ffbf79c69,20.0,[],[],,,,,,
f78e0d55-a8b7-419c-9869-d722a25654ed,d4e956f7-9fad-4fd2-94e3-563a3b2c3585,a4ea5a7a-d7f0-11ef-a75a-0275dc2ded29,1,615ff875-43cd-4da3-9890-98c92af7a4ff,"{""en"": {""value"": ""15 g rabbit-skin glue"", ""direction"": ""ltr""}}",[],[],ddca5660-ca12-42cb-8a81-a6b10985fbe5,"{""en"": {""value"": ""15 g whole egg"", ""direction"": ""ltr""}}",[],[],85de6fa2-b706-4743-8ace-1366fe35b663,"{""en"": {""value"": ""rabbit-skin glue"", ""direction"": ""ltr""}}",[],[],[],0eca01d6-464c-4276-92a7-9b27a2d3baa2,15.0,[],[],b917da71-1d13-44bf-bd59-81b8197fc409,"{""en"": {""value"": ""whole egg"", ""direction"": ""ltr""}}",[],[],[],06907a19-1a06-48f3-9baa-5c8eee72ecde,15.0,[],[],,,,,,
7a510833-3d87-4a7d-aeda-4cfda063cbbb,d4e956f7-9fad-4fd2-94e3-563a3b2c3585,a4ea5a7a-d7f0-11ef-a75a-0275dc2ded29,1,4fcd035a-0fac-4129-8d28-664992b82a72,"{""en"": {""value"": ""15 g rabbit-skin glue"", ""direction"": ""ltr""}}",[],[],5dcd4c7c-1ea1-424c-b0e4-196c92d86386,"{""en"": {""value"": ""15 g whole egg"", ""direction"": ""ltr""}}",[],[],b489855b-dd30-4812-a809-c021e2f54bd2,"{""en"": {""value"": ""rabbit-skin glue"", ""direction"": ""ltr""}}",[],[],[],6569fe63-7dfd-477b-adc9-75e3b8e5c5ff,15.0,[],[],1fc02322-8c50-43d2-85e2-459728d67f4d,"{""en"": {""value"": ""whole egg"", ""direction"": ""ltr""}}",[],[],[],6fb0a29a-23fc-4fbb-b345-f5d9a7bea885,15.0,[],[],,,,,,
047231e3-1ff8-432b-9a8b-412d8915c019,d4e956f7-9fad-4fd2-94e3-563a3b2c3585,a4ea5a7a-d7f0-11ef-a75a-0275dc2ded29,1,3a3c4cfb-eb4d-492a-878a-6bdaf93ba617,"{""en"": {""value"": ""15 g rabbit-skin glue"", ""direction"": ""ltr""}}",[],[],34d4d36e-503d-4f5a-82a9-7d4730f6f08d,"{""en"": {""value"": ""15 g whole egg"", ""direction"": ""ltr""}}",[],[],0c9c465d-f32b-41d1-a558-e304aad71de4,"{""en"": {""value"": ""rabbit-skin glue"", ""direction"": ""ltr""}}",[],[],[],7e82e391-1838-4086-8f1e-6d4e339f6a22,15.0,[],[],1816fd36-9991-435c-9d97-f57c84a60500,"{""en"": {""value"": ""whole egg"", ""direction"": ""ltr""}}",[],[],[],eec2da3e-3ad3-4446-bbbb-1e6ac5a4d28f,15.0,[],[],,,,,,
1e1012f7-82c8-4315-8afc-e66b43f020c6,d4e956f7-9fad-4fd2-94e3-563a3b2c3585,a4ea5a7a-d7f0-11ef-a75a-0275dc2ded29,1,ec4d51df-c260-48b0-9308-7e249b5a9018,"{""en"": {""value"": ""15 g rabbit-skin glue"", ""direction"": ""ltr""}}",[],[],06d1e06b-de3b-4008-9592-6a9439c02c58,"{""en"": {""value"": ""15 g whole egg"", ""direction"": ""ltr""}}",[],[],ea6bbd17-a298-41d3-9ee2-29312a067822,"{""en"": {""value"": ""rabbit-skin glue"", ""direction"": ""ltr""}}",[],[],[],0ab13052-fe3b-4f32-a6cf-f68e2d795f37,15.0,[],[],5c2343f0-316c-472d-b4da-8759bc4b69c3,"{""en"": {""value"": ""whole egg"", ""direction"": ""ltr""}}",[],[],[],0fc76b4d-db19-4d10-ab07-3387f962e2f2,15.0,[],[],,,,,,
2a98ac04-7f68-4d6a-9cff-306b0d1563a3,d4e956f7-9fad-4fd2-94e3-563a3b2c3585,a4ea5a7a-d7f0-11ef-a75a-0275dc2ded29,1,616d6678-982a-4a88-8c30-0d7ca57f6304,"{""en"": {""value"": ""5 g rabbit-skin glue"", ""direction"": ""ltr""}}",[],[],73bb4b65-69ed-489a-91a1-6bf75955251d,"{""en"": {""value"": ""1.250 g whole egg"", ""direction"": ""ltr""}}",[],[],0b43d572-a49c-4e0b-a4a6-3d657a3de0de,"{""en"": {""value"": ""rabbit-skin glue"", ""direction"": ""ltr""}}",[],[],[],86fcb261-4235-40ff-8907-024ea79c72c9,5.0,[],[],e2e9794c-c421-430f-bdc8-f3e6e78f5715,"{""en"": {""value"": ""whole egg"", ""direction"": ""ltr""}}",[],[],[],e93c289d-7cd0-45a9-9590-12ea67a692de,1.25,[],[],,,,,,
f6f8d3ee-4b94-4b0f-9e09-30df66370cbb,d4e956f7-9fad-4fd2-94e3-563a3b2c3585,a4ea5a7a-d7f0-11ef-a75a-0275dc2ded29,1,bcd023e0-a63f-4c2a-b3cf-0d9b746df3b2,"{""en"": {""value"": ""5 g rabbit-skin glue"", ""direction"": ""ltr""}}",[],[],ea1deaa0-0f1a-4046-9b7f-00bc1eff60ca,"{""en"": {""value"": ""1.250 g whole egg"", ""direction"": ""ltr""}}",[],[],e1f2fd7b-7c0c-4960-9688-0e414f1efa43,"{""en"": {""value"": ""rabbit-skin glue"", ""direction"": ""ltr""}}",[],[],[],725a540a-8102-4ba3-8a2b-5074013a7ab2,5.0,[],[],3f4eacd9-fe2f-47bc-b4f9-5059fea32b6c,"{""en"": {""value"": ""whole egg"", ""direction"": ""ltr""}}",[],[],[],bba62cb7-d9da-4b07-a00a-2475ee88565c,1.25,[],[],,,,,,
2fed154b-2447-4429-ba98-5bcc41fb06c8,d4e956f7-9fad-4fd2-94e3-563a3b2c3585,a4ea5a7a-d7f0-11ef-a75a-0275dc2ded29,1,4b5abf80-b64b-4610-9075-73b147b26055,"{""en"": {""value"": ""5 g rabbit-skin glue"", ""direction"": ""ltr""}}",[],[],99fabd74-03c5-4197-9aec-16ebe9131b9f,"{""en"": {""value"": ""1.250 g whole egg"", ""direction"": ""ltr""}}",[],[],58caa303-0154-49a0-9f7a-568458be60d9,"{""en"": {""value"": ""rabbit-skin glue"", ""direction"": ""ltr""}}",[],[],[],a8081ca3-7ff7-4441-b81c-da9b3e5b9bd2,5.0,[],[],6335f7eb-a1dd-4d45-ac22-e161fa3973de,"{""en"": {""value"": ""whole egg"", ""direction"": ""ltr""}}",[],[],[],4ff1cd88-123f-4cef-8d57-6561f04c0303,1.25,[],[],,,,,,
c32640a3-5a3c-46b4-83ea-5e1cae39658b,d4e956f7-9fad-4fd2-94e3-563a3b2c3585,a4ea5a7a-d7f0-11ef-a75a-0275dc2ded29,1,f6180e45-5a21-4515-b752-f7bb24bba0bb,"{""en"": {""value"": ""5 g rabbit-skin glue"", ""direction"": ""ltr""}}",[],[],8dd015ba-c000-4af9-bcef-447899ecff61,"{""en"": {""value"": ""1.250 g whole egg"", ""direction"": ""ltr""}}",[],[],2a6dbb8d-25b4-465a-be10-5c0dda601628,"{""en"": {""value"": ""rabbit-skin glue"", ""direction"": ""ltr""}}",[],[],[],aae78649-93e3-410a-9a35-e9c3ae0bc94d,5.0,[],[],c7ed8e1e-daa5-41c6-8e6c-7964ba3ae614,"{""en"": {""value"": ""whole egg"", ""direction"": ""ltr""}}",[],[],[],52e497ab-2db7-489f-b33e-00c1248f6837,1.25,[],[],,,,,,
b0066565-bac5-4e5c-9282-f96205a2e832,d4e956f7-9fad-4fd2-94e3-563a3b2c3585,a4ea5a7a-d7f0-11ef-a75a-0275dc2ded29,1,6d631118-4a45-468c-b27f-8bc2600e398c,"{""en"": {""value"": ""9.5 g rabbit-skin glue "", ""direction"": ""ltr""}}",[],[],bf98f41e-bec8-46dc-8840-86dd382eff97,"{""en"": {""value"": ""0.500 g whole egg"", ""direction"": ""ltr""}}",[],[],fd82685e-18bd-46c0-8b16-f606f8ef540b,"{""en"": {""value"": ""rabbit-skin glue"", ""direction"": ""ltr""}}",[],[],[],3d5bb16e-7c82-4595-a910-e82ad10b0f99,9.5,[],[],5a19638a-fa5f-492d-aef8-68ec368e653c,"{""en"": {""value"": ""whole egg"", ""direction"": ""ltr""}}",[],[],[],b78a571d-d475-44f2-af09-832bc12ad809,0.5,[],[],,,,,,
e74c5bbf-a137-499f-9313-95500a622813,d4e956f7-9fad-4fd2-94e3-563a3b2c3585,a4ea5a7a-d7f0-11ef-a75a-0275dc2ded29,1,bc030a9a-48ec-4a5f-88ad-16d023d91e04,"{""en"": {""value"": ""9.5 g rabbit-skin glue "", ""direction"": ""ltr""}}",[],[],f0296d87-bc37-4b64-a1ba-a37bebffd325,"{""en"": {""value"": ""0.500 g whole egg"", ""direction"": ""ltr""}}",[],[],31817245-ad2d-4b5a-97bf-9cd7f97f73f6,"{""en"": {""value"": ""rabbit-skin glue"", ""direction"": ""ltr""}}",[],[],[],dad8fe9a-6790-4c6c-913e-c0a47ad3475f,9.5,[],[],e78779fa-9b61-412f-9b2a-7fc02b556a0b,"{""en"": {""value"": ""whole egg"", ""direction"": ""ltr""}}",[],[],[],fd1cdd97-5c7a-483e-b373-31ea5c8f6a76,0.5,[],[],,,,,,
73b7f6e9-5721-4edc-af06-c8ff0ec70d60,d4e956f7-9fad-4fd2-94e3-563a3b2c3585,a4ea5a7a-d7f0-11ef-a75a-0275dc2ded29,1,5a812900-4d55-4e6d-9cc1-4c839fdf48d7,"{""en"": {""value"": ""9.5 g rabbit-skin glue "", ""direction"": ""ltr""}}",[],[],9d2c49d8-fcc1-4c27-8ae2-bccbf36daecb,"{""en"": {""value"": ""0.500 g whole egg"", ""direction"": ""ltr""}}",[],[],40fc6aa4-73d2-4ff4-a8bb-0f017e89f77b,"{""en"": {""value"": ""rabbit-skin glue"", ""direction"": ""ltr""}}",[],[],[],ff5dae5e-01dc-4892-9796-1ba3fd3549c4,9.5,[],[],67b04787-2e40-4c0f-a36e-2639ced8f63b,"{""en"": {""value"": ""whole egg"", ""direction"": ""ltr""}}",[],[],[],987c6480-c85c-4758-8a65-dc776008669e,0.5,[],[],,,,,,
73079fa8-2e20-4be1-9afa-af4cf019628c,d4e956f7-9fad-4fd2-94e3-563a3b2c3585,a4ea5a7a-d7f0-11ef-a75a-0275dc2ded29,1,df07da17-492e-4a57-863e-c4743a2430f7,"{""en"": {""value"": ""9.5 g rabbit-skin glue "", ""direction"": ""ltr""}}",[],[],00a0233d-293f-4855-8ba4-961a16006ac7,"{""en"": {""value"": ""0.500 g whole egg"", ""direction"": ""ltr""}}",[],[],56ef49d6-292f-41d9-b02c-3bff1229046e,"{""en"": {""value"": ""rabbit-skin glue"", ""direction"": ""ltr""}}",[],[],[],b70cf334-4c94-4dff-984b-5c6747fde7fe,9.5,[],[],ccea9841-f534-4485-8cf5-452484abb39e,"{""en"": {""value"": ""whole egg"", ""direction"": ""ltr""}}",[],[],[],1612ac65-0f2f-4df8-8e0e-f6201a4a30ca,0.5,[],[],,,,,,
78919214-0523-42f3-9c02-68ecb173ff9e,d4e956f7-9fad-4fd2-94e3-563a3b2c3585,a4ea5a7a-d7f0-11ef-a75a-0275dc2ded29,1,8dfa8e02-c6e8-4e0a-9daa-2fcae97251e0,"{""en"": {""value"": ""9.8 g rabbit-skin glue "", ""direction"": ""ltr""}}",[],[],0dc6169e-9aa2-4d64-acfb-b10655e96dc1,"{""en"": {""value"": ""0.200 g whole egg"", ""direction"": ""ltr""}}",[],[],1ccea021-1430-4c6d-86e4-bf5d9f3b4fba,"{""en"": {""value"": ""rabbit-skin glue"", ""direction"": ""ltr""}}",[],[],[],34e6ae10-d2f2-4b5e-8cb5-f96bafcb2136,9.8,[],[],549f7e49-d6bd-4b42-8c70-6b66f724bda1,"{""en"": {""value"": ""whole egg"", ""direction"": ""ltr""}}",[],[],[],1788840d-7ffa-411d-bafb-26a31e6771f1,0.2,[],[],,,,,,
4f0fe723-17a7-4ac0-8e79-c621920e4334,d4e956f7-9fad-4fd2-94e3-563a3b2c3585,a4ea5a7a-d7f0-11ef-a75a-0275dc2ded29,1,2281ac99-b20e-45a5-b123-5679c31da346,"{""en"": {""value"": ""9.8 g rabbit-skin glue "", ""direction"": ""ltr""}}",[],[],251daa36-4b4e-4875-bee0-1a3352bf93fe,"{""en"": {""value"": ""0.200 g whole egg"", ""direction"": ""ltr""}}",[],[],25cbae12-4034-4edf-aace-21f9c592d000,"{""en"": {""value"": ""rabbit-skin glue"", ""direction"": ""ltr""}}",[],[],[],be3e6da6-8dc8-48db-a8b9-72c66b138ff3,9.8,[],[],fad62578-7f4b-4b72-bde6-d2f68e4b4191,"{""en"": {""value"": ""whole egg"", ""direction"": ""ltr""}}",[],[],[],123ea0d1-1272-460b-a6b8-7b32ebd31375,0.2,[],[],,,,,,
b2f35b88-3854-4e4f-b191-0df6dd350a60,d4e956f7-9fad-4fd2-94e3-563a3b2c3585,a4ea5a7a-d7f0-11ef-a75a-0275dc2ded29,1,1ea8e7e0-f512-47f6-beb4-83362dfa3f40,"{""en"": {""value"": ""9.8 g rabbit-skin glue "", ""direction"": ""ltr""}}",[],[],92ec9be6-ada2-4a8f-9c83-eaaea321add6,"{""en"": {""value"": ""0.200 g whole egg"", ""direction"": ""ltr""}}",[],[],aa42619b-c4a4-4578-b0e8-78b76abf9299,"{""en"": {""value"": ""rabbit-skin glue"", ""direction"": ""ltr""}}",[],[],[],420d3152-95ce-43fc-a328-ded7166fcac9,9.8,[],[],541e0352-507e-41f2-9817-5ec2e39a9511,"{""en"": {""value"": ""whole egg"", ""direction"": ""ltr""}}",[],[],[],ad40317a-a0b2-4312-85da-f75afff1a500,0.2,[],[],,,,,,
aca83c41-4373-465f-9f37-d36ab6f97b16,d4e956f7-9fad-4fd2-94e3-563a3b2c3585,a4ea5a7a-d7f0-11ef-a75a-0275dc2ded29,1,420a4369-6e62-4220-8d90-e0fffaef6855,"{""en"": {""value"": ""9.8 g rabbit-skin glue "", ""direction"": ""ltr""}}",[],[],906b8fd6-f28b-462f-9df2-e24f390b6bd3,"{""en"": {""value"": ""0.200 g whole egg"", ""direction"": ""ltr""}}",[],[],1da8ae10-603f-4cab-915d-938888364cd8,"{""en"": {""value"": ""rabbit-skin glue"", ""direction"": ""ltr""}}",[],[],[],ddc4edd4-14de-49e6-a241-6a6479dca42c,9.8,[],[],31d7e2f1-0084-4e11-a5a9-662294cbd97e,"{""en"": {""value"": ""whole egg"", ""direction"": ""ltr""}}",[],[],[],736632a1-7511-40fd-877f-2692e6d1b003,0.2,[],[],,,,,,
f35f5a7d-0a39-4320-bb58-2d2dd5512c4e,d4e956f7-9fad-4fd2-94e3-563a3b2c3585,a4ea5a7a-d7f0-11ef-a75a-0275dc2ded29,1,9f522a2a-d0df-45de-b1c7-5002771ab685,"{""en"": {""value"": ""9.9 g rabbit-skin glue"", ""direction"": ""ltr""}}",[],[],e4a612a4-611c-45b9-845b-2ebe500d1779,"{""en"": {""value"": ""0.100 g whole egg"", ""direction"": ""ltr""}}",[],[],6e9efeb4-03fb-4f69-99a1-a04cc68c225b,"{""en"": {""value"": ""rabbit-skin glue"", ""direction"": ""ltr""}}",[],[],[],60f691c0-4c8e-44a7-a2f1-1a0a26738ec1,9.9,[],[],1ca36c78-52e5-4472-b493-b99da15bbb05,"{""en"": {""value"": ""whole egg"", ""direction"": ""ltr""}}",[],[],[],2f172c57-b14c-4532-8c87-8e5aed2df761,0.1,[],[],,,,,,
0c0bfa3c-29db-4df4-981c-860f16ba9042,d4e956f7-9fad-4fd2-94e3-563a3b2c3585,a4ea5a7a-d7f0-11ef-a75a-0275dc2ded29,1,deb4a5f9-ea3f-46ea-8175-7841263bc5fd,"{""en"": {""value"": ""9.9 g rabbit-skin glue"", ""direction"": ""ltr""}}",[],[],f1a80ad2-92de-4f20-b6f6-60cbfa5a2e38,"{""en"": {""value"": ""0.100 g whole egg"", ""direction"": ""ltr""}}",[],[],9508efb3-8042-4afa-8f26-cb00e443ea83,"{""en"": {""value"": ""rabbit-skin glue"", ""direction"": ""ltr""}}",[],[],[],dd4716a8-1027-4e3e-b000-d076521ccbb9,9.9,[],[],5c9a4844-e380-4c5a-87f6-3893001cd734,"{""en"": {""value"": ""whole egg"", ""direction"": ""ltr""}}",[],[],[],30223e9a-1aba-46d4-9e4f-ab55a16709b8,0.1,[],[],,,,,,
2fff448f-a8b0-45fc-a4f2-30127a5a4c8b,d4e956f7-9fad-4fd2-94e3-563a3b2c3585,a4ea5a7a-d7f0-11ef-a75a-0275dc2ded29,1,13eea278-81d4-4ad0-863d-fb08df7f2829,"{""en"": {""value"": ""9.9 g rabbit-skin glue"", ""direction"": ""ltr""}}",[],[],2b5f575a-3e84-48cf-bf32-d6f9ff68e638,"{""en"": {""value"": ""0.100 g whole egg"", ""direction"": ""ltr""}}",[],[],c8d8e23c-ae8a-4944-a30f-0747701c6367,"{""en"": {""value"": ""rabbit-skin glue"", ""direction"": ""ltr""}}",[],[],[],6e2ab2cf-b776-45ec-8491-1ead0908ab29,9.9,[],[],2d8b982e-14b4-4d46-8b3a-c8a3c9d4a698,"{""en"": {""value"": ""whole egg"", ""direction"": ""ltr""}}",[],[],[],476c01fe-60ba-4339-9a6e-a74e8e655f4c,0.1,[],[],,,,,,
456ee04a-a0a8-400d-9d20-a74eb9721d06,d4e956f7-9fad-4fd2-94e3-563a3b2c3585,a4ea5a7a-d7f0-11ef-a75a-0275dc2ded29,1,0c2fb2fc-6b80-42bc-a4e7-49da4b8da4fe,"{""en"": {""value"": ""9.9 g rabbit-skin glue"", ""direction"": ""ltr""}}",[],[],171f72f6-3bfb-4e0a-b4c3-6f3e4cc720ad,"{""en"": {""value"": ""0.100 g whole egg"", ""direction"": ""ltr""}}",[],[],67a798a8-3615-48c6-8978-2664388cc255,"{""en"": {""value"": ""rabbit-skin glue"", ""direction"": ""ltr""}}",[],[],[],48f38a65-e9d5-4729-9763-ff1a3e13c256,9.9,[],[],f988bd09-5333-4ddf-88c9-ac8e11b6bf55,"{""en"": {""value"": ""whole egg"", ""direction"": ""ltr""}}",[],[],[],02bea4cd-7061-4fe9-867e-a7c8a9a9eeeb,0.1,[],[],,,,,,
e57f9403-77db-404f-8e3f-3d1ded5cdcd8,d4e956f7-9fad-4fd2-94e3-563a3b2c3585,a4ea5a7a-d7f0-11ef-a75a-0275dc2ded29,1,ff66d637-ccdf-4377-8d69-7ab7e0c2806d,"{""en"": {""value"": ""19.96 g rabbit-skin glue"", ""direction"": ""ltr""}}",[],[],477cd7c1-de41-4b22-ae64-152667ef2310,"{""en"": {""value"": ""0.040 g whole egg"", ""direction"": ""ltr""}}",[],[],41f15b65-244d-4914-9d47-f379b4e98276,"{""en"": {""value"": ""rabbit-skin glue"", ""direction"": ""ltr""}}",[],[],[],98ace967-1c0e-47a7-b295-bb7d55d3e4c9,19.96,[],[],74123603-550a-4ede-b6be-4a7535b6c759,"{""en"": {""value"": ""whole egg"", ""direction"": ""ltr""}}",[],[],[],441dfeeb-15f0-467f-8d9c-3c92ea18041d,0.04,[],[],,,,,,
0f2f09f9-450d-438a-9d63-bb05d6df8644,d4e956f7-9fad-4fd2-94e3-563a3b2c3585,a4ea5a7a-d7f0-11ef-a75a-0275dc2ded29,1,9d8bee7c-f079-46be-836c-ae4671450d9c,"{""en"": {""value"": ""19.96 g rabbit-skin glue"", ""direction"": ""ltr""}}",[],[],38e3cf1e-27ef-4dfe-ac77-224f467b2e74,"{""en"": {""value"": ""0.040 g whole egg"", ""direction"": ""ltr""}}",[],[],33170835-b3a2-4fd8-8473-ddcb25938313,"{""en"": {""value"": ""rabbit-skin glue"", ""direction"": ""ltr""}}",[],[],[],6ac87b7b-f310-40cc-bdbf-fcb2f823c2f4,19.96,[],[],406f0b24-e183-4e74-9a2a-345358a4c59c,"{""en"": {""value"": ""whole egg"", ""direction"": ""ltr""}}",[],[],[],b0ab1321-8341-4ba5-b043-94f689d1a0ac,0.04,[],[],,,,,,
4c6aac04-f022-4b24-8123-5cc31c6a834d,d4e956f7-9fad-4fd2-94e3-563a3b2c3585,a4ea5a7a-d7f0-11ef-a75a-0275dc2ded29,1,24ea7b31-ecea-4620-b3ac-08829e44c3fe,"{""en"": {""value"": ""19.96 g rabbit-skin glue"", ""direction"": ""ltr""}}",[],[],fed5a313-bf74-4255-8bc7-89750d54bb5c,"{""en"": {""value"": ""0.040 g whole egg"", ""direction"": ""ltr""}}",[],[],b70fe092-853f-459b-96db-da134d73e52b,"{""en"": {""value"": ""rabbit-skin glue"", ""direction"": ""ltr""}}",[],[],[],96f6d8ba-3766-4192-b241-6b00f971a979,19.96,[],[],69e85577-c30a-40e6-b7c3-9ff33caa06ba,"{""en"": {""value"": ""whole egg"", ""direction"": ""ltr""}}",[],[],[],922b14a4-d585-4365-8a06-ac747aa2c053,0.04,[],[],,,,,,
0a638baf-c70d-4d31-bf3e-4f878549872b,d4e956f7-9fad-4fd2-94e3-563a3b2c3585,a4ea5a7a-d7f0-11ef-a75a-0275dc2ded29,1,f9887ad4-647c-4123-a716-989518d65318,"{""en"": {""value"": ""19.96 g rabbit-skin glue"", ""direction"": ""ltr""}}",[],[],0d9efb9a-3a63-4067-b63d-d660fd36bfef,"{""en"": {""value"": ""0.040 g whole egg"", ""direction"": ""ltr""}}",[],[],4b357da4-b2ac-4cef-80ad-ca7261fbf505,"{""en"": {""value"": ""rabbit-skin glue"", ""direction"": ""ltr""}}",[],[],[],2d10015e-fe68-4c69-9d20-7eb40ccd08ac,19.96,[],[],6b8527bd-2afc-4c0a-aafc-105418bd160f,"{""en"": {""value"": ""whole egg"", ""direction"": ""ltr""}}",[],[],[],86b64f89-00dd-43b8-9caa-c6bd5a4b114a,0.04,[],[],,,,,,
7e6e9fcc-9b3b-4646-93ea-e2bdb4241242,d4e956f7-9fad-4fd2-94e3-563a3b2c3585,a4ea5a7a-d7f0-11ef-a75a-0275dc2ded29,1,f6dc9793-0360-4c75-a79e-611986cc5827,"{""en"": {""value"": ""19.98 g rabbit-skin glue"", ""direction"": ""ltr""}}",[],[],863e9f72-7de7-41db-9c21-595d60fde805,"{""en"": {""value"": ""0.020 g whole egg"", ""direction"": ""ltr""}}",[],[],99a04739-2d8a-44df-8397-e1692548e4e7,"{""en"": {""value"": ""rabbit-skin glue"", ""direction"": ""ltr""}}",[],[],[],f0387667-3743-42c1-b5aa-0f6ec0a38bd4,19.98,[],[],24fd1cd9-6696-45e9-bd93-41a0edb66842,"{""en"": {""value"": ""whole egg"", ""direction"": ""ltr""}}",[],[],[],ba9b219a-52fa-468b-8abf-f9897437bdd2,0.02,[],[],,,,,,
f392057c-1ff2-4dc7-90fe-60bf28779a9f,d4e956f7-9fad-4fd2-94e3-563a3b2c3585,a4ea5a7a-d7f0-11ef-a75a-0275dc2ded29,1,3d365873-73b3-477d-b4d3-5d721a418626,"{""en"": {""value"": ""19.98 g rabbit-skin glue"", ""direction"": ""ltr""}}",[],[],fbb9fb50-ef79-41fb-a5b7-3d48facf8c43,"{""en"": {""value"": ""0.020 g whole egg"", ""direction"": ""ltr""}}",[],[],f3b58d0c-be16-4d82-8162-9fb66fc32ebe,"{""en"": {""value"": ""rabbit-skin glue"", ""direction"": ""ltr""}}",[],[],[],38e70a95-87e1-4395-a9ad-cf0b0594ac60,19.98,[],[],7cfd2c4e-9694-468f-b4bc-e08a8c12719d,"{""en"": {""value"": ""whole egg"", ""direction"": ""ltr""}}",[],[],[],ceffb67a-0bb8-4174-9636-7ea02bab920a,0.02,[],[],,,,,,
67db0fa3-fb4c-426a-aa3e-1903ded59d96,d4e956f7-9fad-4fd2-94e3-563a3b2c3585,a4ea5a7a-d7f0-11ef-a75a-0275dc2ded29,1,4f32b675-79b2-41b1-846b-c31ed23f860b,"{""en"": {""value"": ""19.98 g rabbit-skin glue"", ""direction"": ""ltr""}}",[],[],3acc006a-3dcd-4e97-a7fa-ecb7d34bb790,"{""en"": {""value"": ""0.020 g whole egg"", ""direction"": ""ltr""}}",[],[],a274addd-7eff-4eb1-b626-2f460723f94a,"{""en"": {""value"": ""rabbit-skin glue"", ""direction"": ""ltr""}}",[],[],[],99f24f42-0f92-48b7-9ad3-878f14b24938,19.98,[],[],dfceff8d-2724-4bce-b783-3f81590bc4ca,"{""en"": {""value"": ""whole egg"", ""direction"": ""ltr""}}",[],[],[],74e3471e-fbeb-4f3b-9bd4-112cc32d9a99,0.02,[],[],,,,,,
288af23b-eec2-4340-a701-af7cb8fc9444,d4e956f7-9fad-4fd2-94e3-563a3b2c3585,a4ea5a7a-d7f0-11ef-a75a-0275dc2ded29,1,3f708ebe-cbbf-4e96-bf46-fc048453f377,"{""en"": {""value"": ""19.98 g rabbit-skin glue"", ""direction"": ""ltr""}}",[],[],3e16e02d-20e7-43ee-b1b4-cee106e42dce,"{""en"": {""value"": ""0.020 g whole egg"", ""direction"": ""ltr""}}",[],[],673dac4b-b362-42ef-ba6d-b1f6255025e8,"{""en"": {""value"": ""rabbit-skin glue"", ""direction"": ""ltr""}}",[],[],[],b29a57d9-4e0c-4394-ae37-7a83beac0211,19.98,[],[],a3f70960-eb90-42ad-b4f9-a1bb914893a3,"{""en"": {""value"": ""whole egg"", ""direction"": ""ltr""}}",[],[],[],92440394-b2bb-4283-bfac-22c9a8664590,0.02,[],[],,,,,,
d60a2d24-e636-4c75-af73-498dfe8ce195,d4e956f7-9fad-4fd2-94e3-563a3b2c3585,a4ea5a7a-d7f0-11ef-a75a-0275dc2ded29,1,0c4bd94a-18ca-46b2-a791-341f2aa062ca,"{""en"": {""value"": ""0.025 g rabbit-skin glue"", ""direction"": ""ltr""}}",[],[],160b12bf-d23f-4112-b9b7-237a867977ce,"{""en"": {""value"": ""24.975 g beeswax "", ""direction"": ""ltr""}}",[],[],8b22deda-9802-4a3f-a389-3bdd5121ad02,"{""en"": {""value"": ""rabbit-skin glue"", ""direction"": ""ltr""}}",[],[],[],bed19f01-84de-4d9b-a0fe-563db6505ac7,0.025,[],[],1e5b6f88-b70a-468f-b2a5-ef11c1d25e59,"{""en"": {""value"": ""beeswax"", ""direction"": ""ltr""}}",[],[],[],7ef8a6cc-ba27-4905-bb6e-4f69f764743f,24.975,[],[],,,,,,
0bf3f321-ad50-46c6-99a4-a7b8b5c324c4,d4e956f7-9fad-4fd2-94e3-563a3b2c3585,a4ea5a7a-d7f0-11ef-a75a-0275dc2ded29,1,8f4a2c0a-dd04-469d-a2bf-468e265856b1,"{""en"": {""value"": ""0.025 g rabbit-skin glue"", ""direction"": ""ltr""}}",[],[],3f1088c7-693b-4046-a701-ec9e8b1fb823,"{""en"": {""value"": ""24.975 g beeswax "", ""direction"": ""ltr""}}",[],[],36369b28-729f-40e0-97a6-0b7917ef0824,"{""en"": {""value"": ""rabbit-skin glue"", ""direction"": ""ltr""}}",[],[],[],987183f2-a88f-4524-a428-ee57cf9949cf,0.025,[],[],112ae73e-10d8-47fe-9868-3d488645622f,"{""en"": {""value"": ""beeswax"", ""direction"": ""ltr""}}",[],[],[],63dad984-2934-4ed3-ab75-8582b875b94a,24.975,[],[],,,,,,
71fe6a18-7932-4526-a609-916d63062473,d4e956f7-9fad-4fd2-94e3-563a3b2c3585,a4ea5a7a-d7f0-11ef-a75a-0275dc2ded29,1,d8826ed9-4771-4ca1-8918-48b0bae9bc50,"{""en"": {""value"": ""0.025 g rabbit-skin glue"", ""direction"": ""ltr""}}",[],[],1b13a7c6-9fd7-46fc-9e27-4c402a92fd76,"{""en"": {""value"": ""24.975 g beeswax "", ""direction"": ""ltr""}}",[],[],e659b9cf-9292-4176-b0df-3ba602ed3360,"{""en"": {""value"": ""rabbit-skin glue"", ""direction"": ""ltr""}}",[],[],[],8255fd4c-2049-4b2d-8097-2bdc250a6b4d,0.025,[],[],5d113db9-007f-4931-b113-b170bc9d0fe6,"{""en"": {""value"": ""beeswax"", ""direction"": ""ltr""}}",[],[],[],27248372-a80a-4f61-bccf-bb1641e7b343,24.975,[],[],,,,,,
e9591296-56a5-4606-afff-f517344bbe55,d4e956f7-9fad-4fd2-94e3-563a3b2c3585,a4ea5a7a-d7f0-11ef-a75a-0275dc2ded29,1,50a85dd5-16c3-4346-aa8e-1e6e3ec80157,"{""en"": {""value"": ""0.025 g rabbit-skin glue"", ""direction"": ""ltr""}}",[],[],d6826144-76c6-4b9e-88db-adcb04c6b8a9,"{""en"": {""value"": ""24.975 g beeswax "", ""direction"": ""ltr""}}",[],[],40557960-4843-4853-8c96-dbf31f84755c,"{""en"": {""value"": ""rabbit-skin glue"", ""direction"": ""ltr""}}",[],[],[],32f36d2e-4852-4599-9c2c-5e44358aa2b3,0.025,[],[],5627bafc-852c-466c-981c-d0fd20a75b61,"{""en"": {""value"": ""beeswax"", ""direction"": ""ltr""}}",[],[],[],972b8984-c428-4cc4-8dfd-0c3983d98bde,24.975,[],[],,,,,,
5ffe15df-e32c-4997-8f77-f5e7a61829f9,d4e956f7-9fad-4fd2-94e3-563a3b2c3585,a4ea5a7a-d7f0-11ef-a75a-0275dc2ded29,1,30b850e6-485b-471e-99db-aed1a21ea56d,"{""en"": {""value"": ""0.050 g rabbit-skin glue"", ""direction"": ""ltr""}}",[],[],09bdbe5d-2fb5-4b30-8bec-e39bad2a4d1f,"{""en"": {""value"": ""24.950 g beeswax"", ""direction"": ""ltr""}}",[],[],8e588d76-c42f-4bf7-9820-8546c4fcad1f,"{""en"": {""value"": ""rabbit-skin glue"", ""direction"": ""ltr""}}",[],[],[],768ed073-aebf-4e8a-b61b-12adda7e55a5,0.05,[],[],e1c2b79e-3779-4b1f-9564-91e4e291a6f9,"{""en"": {""value"": ""beeswax"", ""direction"": ""ltr""}}",[],[],[],3941467b-6ebc-48c1-87ba-fdc7ac2e0882,24.95,[],[],,,,,,
de03419c-2445-4d97-b5a1-ad47b1a488ae,d4e956f7-9fad-4fd2-94e3-563a3b2c3585,a4ea5a7a-d7f0-11ef-a75a-0275dc2ded29,1,105db57c-181d-4ba9-aafe-c76abc3720f6,"{""en"": {""value"": ""0.050 g rabbit-skin glue"", ""direction"": ""ltr""}}",[],[],37b5ea2f-5aa0-4e4b-b31d-592e7219f667,"{""en"": {""value"": ""24.950 g beeswax"", ""direction"": ""ltr""}}",[],[],cce3d774-a0b2-4fc2-a3d3-1f300c184b93,"{""en"": {""value"": ""rabbit-skin glue"", ""direction"": ""ltr""}}",[],[],[],c04624f7-47a4-4df5-bad9-3ccdca0e2bcf,0.05,[],[],1b82d8d9-54e0-499a-ada8-ec55fd7d1c85,"{""en"": {""value"": ""beeswax"", ""direction"": ""ltr""}}",[],[],[],ae1864fd-936b-4e85-a015-d726f3405e1e,24.95,[],[],,,,,,
b2604b81-c24d-4ff5-841a-a76cb9765201,d4e956f7-9fad-4fd2-94e3-563a3b2c3585,a4ea5a7a-d7f0-11ef-a75a-0275dc2ded29,1,8900364e-24df-4c29-93f0-e777ff6bcdb0,"{""en"": {""value"": ""0.050 g rabbit-skin glue"", ""direction"": ""ltr""}}",[],[],48ed076a-29ba-40dc-ab2a-4da9d3687f60,"{""en"": {""value"": ""24.950 g beeswax"", ""direction"": ""ltr""}}",[],[],2ab400af-b4b2-424c-9bfd-43fc72a1c3a8,"{""en"": {""value"": ""rabbit-skin glue"", ""direction"": ""ltr""}}",[],[],[],9eaa2b4f-b453-4ad6-add4-281cad348544,0.05,[],[],2155a296-432a-4be1-a6fb-a51bd7599bf2,"{""en"": {""value"": ""beeswax"", ""direction"": ""ltr""}}",[],[],[],6bc2811a-d8d3-444a-9022-a229996725ff,24.95,[],[],,,,,,
fbf729dc-b552-4528-b35e-e4a5eca807e6,d4e956f7-9fad-4fd2-94e3-563a3b2c3585,a4ea5a7a-d7f0-11ef-a75a-0275dc2ded29,1,877f8727-f523-4bac-989d-1cdd784492d4,"{""en"": {""value"": ""0.050 g rabbit-skin glue"", ""direction"": ""ltr""}}",[],[],58bd4bb6-2926-4ae8-b76a-f3f6b0ab4396,"{""en"": {""value"": ""24.950 g beeswax"", ""direction"": ""ltr""}}",[],[],94d6643d-5f41-461f-bf18-8d99983d3e41,"{""en"": {""value"": ""rabbit-skin glue"", ""direction"": ""ltr""}}",[],[],[],de185251-c8a3-4d41-87ba-e467ca7938be,0.05,[],[],560fb8cd-a871-4464-97af-f77695cd482d,"{""en"": {""value"": ""beeswax"", ""direction"": ""ltr""}}",[],[],[],a804dca3-85a2-4aff-bfcb-39422aad2519,24.95,[],[],,,,,,
7fb40ed6-ee57-412b-b753-d0d993198779,d4e956f7-9fad-4fd2-94e3-563a3b2c3585,a4ea5a7a-d7f0-11ef-a75a-0275dc2ded29,1,3e3e59d8-bf13-4e25-bc8f-1f22da52b317,"{""en"": {""value"": ""0.250 g rabbit-skin glue"", ""direction"": ""ltr""}}",[],[],62de6b57-03a5-4120-91b5-56db41b72516,"{""en"": {""value"": ""24.750 g beeswax"", ""direction"": ""ltr""}}",[],[],8cbeca29-5be3-4db7-9654-57057881ec2f,"{""en"": {""value"": ""rabbit-skin glue"", ""direction"": ""ltr""}}",[],[],[],7e49e24c-013b-4845-a9de-6bea9bccc734,0.25,[],[],5bf45e1a-eba5-4b77-be3e-0188e3be48e9,"{""en"": {""value"": ""beeswax"", ""direction"": ""ltr""}}",[],[],[],c3fc9cdd-cc7c-40ab-a10c-ff0055fa35f7,24.75,[],[],,,,,,
7cd52b93-af3a-4fd0-a702-a97b78097327,d4e956f7-9fad-4fd2-94e3-563a3b2c3585,a4ea5a7a-d7f0-11ef-a75a-0275dc2ded29,1,0b5204f8-344c-4d42-afb3-87d47b6b8d84,"{""en"": {""value"": ""0.250 g rabbit-skin glue"", ""direction"": ""ltr""}}",[],[],3817c72e-5ca3-4893-a027-27233d7c65f8,"{""en"": {""value"": ""24.750 g beeswax"", ""direction"": ""ltr""}}",[],[],e6004a99-abc5-42d6-8a35-72ae7a009a13,"{""en"": {""value"": ""rabbit-skin glue"", ""direction"": ""ltr""}}",[],[],[],485c4f72-4b50-4e8c-9886-830b1415d315,0.25,[],[],d82eb969-2b3c-4978-b1f4-22c0fe5e6c0e,"{""en"": {""value"": ""beeswax"", ""direction"": ""ltr""}}",[],[],[],5a28a775-eacc-4bae-9ce7-54d89c5acfe2,24.75,[],[],,,,,,
a07dc45a-3e35-43cb-9e88-ddbd7478587c,d4e956f7-9fad-4fd2-94e3-563a3b2c3585,a4ea5a7a-d7f0-11ef-a75a-0275dc2ded29,1,c7702f8e-ac0f-423d-9de4-921987943272,"{""en"": {""value"": ""0.250 g rabbit-skin glue"", ""direction"": ""ltr""}}",[],[],8a576179-a3bc-4e36-bb99-155c8fe8f84b,"{""en"": {""value"": ""24.750 g beeswax"", ""direction"": ""ltr""}}",[],[],76a0b12e-086d-4fe5-9335-00e6a677af33,"{""en"": {""value"": ""rabbit-skin glue"", ""direction"": ""ltr""}}",[],[],[],8a2e97ad-ff60-4010-ad4c-82491ee86b03,0.25,[],[],96efdad5-46c0-423b-a7f5-7a5737720a90,"{""en"": {""value"": ""beeswax"", ""direction"": ""ltr""}}",[],[],[],92fa698d-55dc-4085-a8f9-060714101ec6,24.75,[],[],,,,,,
1b0153ad-30df-4819-af89-165513c87d36,d4e956f7-9fad-4fd2-94e3-563a3b2c3585,a4ea5a7a-d7f0-11ef-a75a-0275dc2ded29,1,bd4c96d9-0e9b-45c0-9a62-3123ae142a25,"{""en"": {""value"": ""0.250 g rabbit-skin glue"", ""direction"": ""ltr""}}",[],[],1f173fe3-70b5-41c3-962a-cd40540db987,"{""en"": {""value"": ""24.750 g beeswax"", ""direction"": ""ltr""}}",[],[],5d0910bc-35d2-4681-a5dd-46f5850164ab,"{""en"": {""value"": ""rabbit-skin glue"", ""direction"": ""ltr""}}",[],[],[],838069c8-0176-48c4-978b-b3288282d6c5,0.25,[],[],00f894d7-48fe-4299-8e02-0b742eb43b0b,"{""en"": {""value"": ""beeswax"", ""direction"": ""ltr""}}",[],[],[],8044a327-6885-40f1-8b71-a762f132a3d6,24.75,[],[],,,,,,
4ee19915-6724-4baf-9a6b-96880ca9c1d8,d4e956f7-9fad-4fd2-94e3-563a3b2c3585,a4ea5a7a-d7f0-11ef-a75a-0275dc2ded29,1,407dc8c8-a1a4-45bc-9f19-c52eeeafec10,"{""en"": {""value"": ""0.750 g rabbit-skin glue"", ""direction"": ""ltr""}}",[],[],0775628f-62ae-4270-b5c6-161d0d2573b7,"{""en"": {""value"": ""36.749 g beeswax"", ""direction"": ""ltr""}}",[],[],277b9b71-a084-4039-bc34-6813d6720041,"{""en"": {""value"": ""rabbit-skin glue"", ""direction"": ""ltr""}}",[],[],[],8fabd23c-c872-41bd-ad43-f44db85ab999,0.75,[],[],c55ef755-5cd5-45cc-9d98-36241be98ac2,"{""en"": {""value"": ""beeswax"", ""direction"": ""ltr""}}",[],[],[],c9b72943-aa39-4417-a031-602d6a0b1c29,36.749,[],[],,,,,,
8f314c58-2f15-47f9-aa41-d0886ec766e4,d4e956f7-9fad-4fd2-94e3-563a3b2c3585,a4ea5a7a-d7f0-11ef-a75a-0275dc2ded29,1,13728460-ca6b-43d8-83b8-6fa242dc11cf,"{""en"": {""value"": ""0.750 g rabbit-skin glue"", ""direction"": ""ltr""}}",[],[],9ecd1c0f-9d2e-46c7-8161-96d96d1e2712,"{""en"": {""value"": ""36.749 g beeswax"", ""direction"": ""ltr""}}",[],[],39bd2c37-d04a-43a5-9bb8-690c41b613db,"{""en"": {""value"": ""rabbit-skin glue"", ""direction"": ""ltr""}}",[],[],[],0779d685-ea20-46bc-9f68-dd59040be4bb,0.75,[],[],f5ff956f-903f-47fc-9a71-2af390994b47,"{""en"": {""value"": ""beeswax"", ""direction"": ""ltr""}}",[],[],[],4a1e1456-1045-4080-97f6-f2979a71f702,36.749,[],[],,,,,,
1feffc2e-4bc4-493b-8f44-37785853e5be,d4e956f7-9fad-4fd2-94e3-563a3b2c3585,a4ea5a7a-d7f0-11ef-a75a-0275dc2ded29,1,22ffebf2-ad86-45c6-8142-638ea872a247,"{""en"": {""value"": ""0.750 g rabbit-skin glue"", ""direction"": ""ltr""}}",[],[],35c9f1c1-506d-486c-8227-54f151ceec4b,"{""en"": {""value"": ""36.749 g beeswax"", ""direction"": ""ltr""}}",[],[],87972d94-f6ea-430b-9274-4cd115211df0,"{""en"": {""value"": ""rabbit-skin glue"", ""direction"": ""ltr""}}",[],[],[],1d49c229-52b2-48d8-acd0-84b64226f15a,0.75,[],[],4b622fcd-112c-4c23-a830-1c8680e665eb,"{""en"": {""value"": ""beeswax"", ""direction"": ""ltr""}}",[],[],[],0a155d42-9d1d-4449-a47a-340d02a658d3,36.749,[],[],,,,,,
343d50a7-0076-4d66-b4f7-3602f75a333b,d4e956f7-9fad-4fd2-94e3-563a3b2c3585,a4ea5a7a-d7f0-11ef-a75a-0275dc2ded29,1,8a802d4c-1bc9-476b-a256-6fd9f5a5e321,"{""en"": {""value"": ""0.750 g rabbit-skin glue"", ""direction"": ""ltr""}}",[],[],6c85c10a-a851-41b7-ad76-8d3721585624,"{""en"": {""value"": ""36.749 g beeswax"", ""direction"": ""ltr""}}",[],[],55afe181-bcc6-4ec1-996c-fff656c7e9fb,"{""en"": {""value"": ""rabbit-skin glue"", ""direction"": ""ltr""}}",[],[],[],5efec45b-2cbc-409c-ac68-b44d5c39dcba,0.75,[],[],4c823565-bbdb-49c2-a923-eb1b2a1e7adb,"{""en"": {""value"": ""beeswax"", ""direction"": ""ltr""}}",[],[],[],ab0e81f6-1f70-4a3d-9017-6a4d667b921e,36.749,[],[],,,,,,
53c99c92-feb8-4a62-8a0a-bd5749539965,d4e956f7-9fad-4fd2-94e3-563a3b2c3585,a4ea5a7a-d7f0-11ef-a75a-0275dc2ded29,1,3e15728a-ca8c-45ac-bb72-debe3abaa683,"{""en"": {""value"": ""1.250 g rabbit-skin glue"", ""direction"": ""ltr""}}",[],[],acfc3fc6-893d-4e0a-bf99-e9968557f36c,"{""en"": {""value"": ""23.75 g beeswax"", ""direction"": ""ltr""}}",[],[],e5a7c210-2af4-46a2-ad4b-710966230576,"{""en"": {""value"": ""rabbit-skin glue"", ""direction"": ""ltr""}}",[],[],[],43f0cfd2-4d81-48cb-9641-4853c957c4b4,1.25,[],[],7f73987e-e0d1-421a-9a87-731c83b7003b,"{""en"": {""value"": ""beeswax"", ""direction"": ""ltr""}}",[],[],[],5c9f7433-f320-48d1-b6a5-5af004a3def2,23.75,[],[],,,,,,
2704f2bf-7098-4997-941f-7f9cc07fba8c,d4e956f7-9fad-4fd2-94e3-563a3b2c3585,a4ea5a7a-d7f0-11ef-a75a-0275dc2ded29,1,aa56d3a4-ef39-474f-8532-a68b5850f99b,"{""en"": {""value"": ""1.250 g rabbit-skin glue"", ""direction"": ""ltr""}}",[],[],6f81c899-26cc-488e-9fe3-13b9c114a10d,"{""en"": {""value"": ""23.75 g beeswax"", ""direction"": ""ltr""}}",[],[],6152c64c-273e-475d-8b74-a792501c8b95,"{""en"": {""value"": ""rabbit-skin glue"", ""direction"": ""ltr""}}",[],[],[],a0923531-d571-4646-aa02-afe5b213ed7d,1.25,[],[],d811976f-f3d9-4c94-8492-543d835e266c,"{""en"": {""value"": ""beeswax"", ""direction"": ""ltr""}}",[],[],[],e612d82f-51de-4fa9-b1eb-5e060648237b,23.75,[],[],,,,,,
e44d43c0-8e11-45e7-a56d-0f3f79ff7fdf,d4e956f7-9fad-4fd2-94e3-563a3b2c3585,a4ea5a7a-d7f0-11ef-a75a-0275dc2ded29,1,f8141918-43c7-48a4-adfa-2530975b1aed,"{""en"": {""value"": ""1.250 g rabbit-skin glue"", ""direction"": ""ltr""}}",[],[],96dba36d-668c-4856-ab70-f3990a579860,"{""en"": {""value"": ""23.75 g beeswax"", ""direction"": ""ltr""}}",[],[],91037c63-949c-4786-84e6-afde9c516a02,"{""en"": {""value"": ""rabbit-skin glue"", ""direction"": ""ltr""}}",[],[],[],fe10eb03-1d56-4e3d-9934-708eb53b157f,1.25,[],[],5bb6cefc-b3d8-42dd-b138-76707578e349,"{""en"": {""value"": ""beeswax"", ""direction"": ""ltr""}}",[],[],[],08381d35-92e1-48e0-81a4-0ee2235cf271,23.75,[],[],,,,,,
d090e1a9-5935-40a1-be16-39252e342d44,d4e956f7-9fad-4fd2-94e3-563a3b2c3585,a4ea5a7a-d7f0-11ef-a75a-0275dc2ded29,1,49d3ad0f-0af9-45bb-a5dd-5fe8ea870bd9,"{""en"": {""value"": ""1.250 g rabbit-skin glue"", ""direction"": ""ltr""}}",[],[],0fbd49ce-9a03-4d7e-b3e3-0dfb957d33e5,"{""en"": {""value"": ""23.75 g beeswax"", ""direction"": ""ltr""}}",[],[],5382b594-c878-4519-a3e1-b71ac71dfec4,"{""en"": {""value"": ""rabbit-skin glue"", ""direction"": ""ltr""}}",[],[],[],675a872f-8369-4026-978d-711d57375ceb,1.25,[],[],95edf0ed-da32-446c-99a8-6573c51d049b,"{""en"": {""value"": ""beeswax"", ""direction"": ""ltr""}}",[],[],[],03411058-8786-4e72-bc32-eea2c6a333dc,23.75,[],[],,,,,,
5db3735b-20aa-4e13-9a07-d6ea168209bc,d4e956f7-9fad-4fd2-94e3-563a3b2c3585,a4ea5a7a-d7f0-11ef-a75a-0275dc2ded29,1,a24a97e5-215e-4fea-953c-041d8306306d,"{""en"": {""value"": ""5.002 g rabbit-skin glue"", ""direction"": ""ltr""}}",[],[],824f0da6-e880-49b8-8f44-1278f5301a28,"{""en"": {""value"": ""20.001 g beeswax"", ""direction"": ""ltr""}}",[],[],324465e4-86b6-4bd4-b000-6ff1a5782575,"{""en"": {""value"": ""rabbit-skin glue"", ""direction"": ""ltr""}}",[],[],[],c5a4c808-e0cd-48f0-be88-44567b390d1e,5.002,[],[],fa757a15-4c34-4dbc-beee-e16dae1dc1da,"{""en"": {""value"": ""beeswax"", ""direction"": ""ltr""}}",[],[],[],40e1a669-5565-461d-b888-6d9b508bc647,20.001,[],[],,,,,,
b4aec691-26c2-4e72-9e8e-f691d90cbfac,d4e956f7-9fad-4fd2-94e3-563a3b2c3585,a4ea5a7a-d7f0-11ef-a75a-0275dc2ded29,1,6efdc46e-17a0-4697-96bd-8923f2c74cd8,"{""en"": {""value"": ""5.002 g rabbit-skin glue"", ""direction"": ""ltr""}}",[],[],d3676c1e-fa98-4e02-af86-ffc9673ccb35,"{""en"": {""value"": ""20.001 g beeswax"", ""direction"": ""ltr""}}",[],[],65041b58-47ab-4029-9702-5eda1829175d,"{""en"": {""value"": ""rabbit-skin glue"", ""direction"": ""ltr""}}",[],[],[],1c38ef87-5f2e-4ac3-b78e-0e6732775d9c,5.002,[],[],51ad6d42-f6b6-4c74-a62c-f65c1f6002ed,"{""en"": {""value"": ""beeswax"", ""direction"": ""ltr""}}",[],[],[],5ef088aa-b983-4cae-a6ea-d9fc76ece9ea,20.001,[],[],,,,,,
234d5634-9428-41a3-bfda-d2134834d68c,d4e956f7-9fad-4fd2-94e3-563a3b2c3585,a4ea5a7a-d7f0-11ef-a75a-0275dc2ded29,1,820ee9ed-c3a9-4782-a437-6efbc7cace6c,"{""en"": {""value"": ""5.002 g rabbit-skin glue"", ""direction"": ""ltr""}}",[],[],75ed74ad-d7ac-4854-a713-d00b350694bc,"{""en"": {""value"": ""20.001 g beeswax"", ""direction"": ""ltr""}}",[],[],c7a2197f-df06-4466-9f59-54f214152865,"{""en"": {""value"": ""rabbit-skin glue"", ""direction"": ""ltr""}}",[],[],[],a834d6cf-79c8-42e2-8743-6325a5557166,5.002,[],[],5568bfbd-fbe5-418b-bfd5-69626ad4ec43,"{""en"": {""value"": ""beeswax"", ""direction"": ""ltr""}}",[],[],[],e13bce93-1f6d-4e6a-8695-681193fdacd2,20.001,[],[],,,,,,
42ea4118-3d65-4c3b-83db-bd5e2b1fe409,d4e956f7-9fad-4fd2-94e3-563a3b2c3585,a4ea5a7a-d7f0-11ef-a75a-0275dc2ded29,1,2972404e-b3b8-44cf-bdaf-0215e1d1a9d8,"{""en"": {""value"": ""5.002 g rabbit-skin glue"", ""direction"": ""ltr""}}",[],[],715c773f-7ae7-4a38-bc28-3f381e3e875e,"{""en"": {""value"": ""20.001 g beeswax"", ""direction"": ""ltr""}}",[],[],88a9efa3-7b76-4919-b4b0-d653325d3c85,"{""en"": {""value"": ""rabbit-skin glue"", ""direction"": ""ltr""}}",[],[],[],60d2395b-f29a-4812-a0d0-34109727b3bc,5.002,[],[],457fcc6d-1372-42ed-a4de-c20218587e55,"{""en"": {""value"": ""beeswax"", ""direction"": ""ltr""}}",[],[],[],d2fda886-91e0-459a-8612-7d02798c209a,20.001,[],[],,,,,,
c5f39919-54a9-4c6d-a40a-6803fd90e320,d4e956f7-9fad-4fd2-94e3-563a3b2c3585,a4ea5a7a-d7f0-11ef-a75a-0275dc2ded29,1,c8891a51-a1aa-4825-b842-ffffc62fe60b,"{""en"": {""value"": ""15.005 g rabbit-skin glue"", ""direction"": ""ltr""}}",[],[],d279eb66-e60e-4ba9-afad-c010b02f8b4b,"{""en"": {""value"": ""15.005 g beeswax"", ""direction"": ""ltr""}}",[],[],d508dc8f-778c-4cc1-af8c-867e896cbd22,"{""en"": {""value"": ""rabbit-skin glue"", ""direction"": ""ltr""}}",[],[],[],22911ef2-5af6-43fb-a084-152ffbde439e,15.005,[],[],f78f649a-caae-42e6-b532-b97af4ae0e96,"{""en"": {""value"": ""beeswax"", ""direction"": ""ltr""}}",[],[],[],14aa4390-5d94-4eb0-b149-bd464e9700b8,15.005,[],[],,,,,,
d596b9a1-eeab-490e-8e93-74cc364b1258,d4e956f7-9fad-4fd2-94e3-563a3b2c3585,a4ea5a7a-d7f0-11ef-a75a-0275dc2ded29,1,a75f13b8-ee79-4ead-8b28-c2d1341fa382,"{""en"": {""value"": ""15.005 g rabbit-skin glue"", ""direction"": ""ltr""}}",[],[],43541ad7-b1d8-41e9-a088-f3249125e014,"{""en"": {""value"": ""15.005 g beeswax"", ""direction"": ""ltr""}}",[],[],11fc188f-1777-4745-aae2-201a21ddb812,"{""en"": {""value"": ""rabbit-skin glue"", ""direction"": ""ltr""}}",[],[],[],ce94eb2c-ce9e-4145-b2da-181d26d65669,15.005,[],[],79435ea1-5403-4f40-918b-b8812a4bc29f,"{""en"": {""value"": ""beeswax"", ""direction"": ""ltr""}}",[],[],[],244e5db5-03f3-421a-9f6c-c467a7dc54ed,15.005,[],[],,,,,,
1d219b94-3d09-4917-9b1c-c102a6b1e01e,d4e956f7-9fad-4fd2-94e3-563a3b2c3585,a4ea5a7a-d7f0-11ef-a75a-0275dc2ded29,1,24d4b3b4-6ee1-43ae-86e3-ef9d69f47b0b,"{""en"": {""value"": ""15.005 g rabbit-skin glue"", ""direction"": ""ltr""}}",[],[],24978700-ea90-4347-adbd-010a9834dc28,"{""en"": {""value"": ""15.005 g beeswax"", ""direction"": ""ltr""}}",[],[],7e33c3c6-19bf-4bc5-97b9-636a82977bd7,"{""en"": {""value"": ""rabbit-skin glue"", ""direction"": ""ltr""}}",[],[],[],314cad53-07e4-479f-8c7a-e046ea731751,15.005,[],[],6bb4e483-903e-4914-b638-f00d150558e3,"{""en"": {""value"": ""beeswax"", ""direction"": ""ltr""}}",[],[],[],8483e837-bccc-438e-ad6f-e2860f103211,15.005,[],[],,,,,,
d8a8efd7-3b13-43c3-b790-08f0815f7d43,d4e956f7-9fad-4fd2-94e3-563a3b2c3585,a4ea5a7a-d7f0-11ef-a75a-0275dc2ded29,1,78e5cd9e-d064-4960-877d-cde7f8521238,"{""en"": {""value"": ""15.005 g rabbit-skin glue"", ""direction"": ""ltr""}}",[],[],4a2b927c-b51f-4f79-a90d-e0c76e265ac2,"{""en"": {""value"": ""15.005 g beeswax"", ""direction"": ""ltr""}}",[],[],e167f493-c088-4640-84da-6b577cf9213d,"{""en"": {""value"": ""rabbit-skin glue"", ""direction"": ""ltr""}}",[],[],[],876a508c-7160-4087-ab9a-23b39d4bb87b,15.005,[],[],40a4fc70-7b7b-4bda-8d2c-2c0dd82f8a64,"{""en"": {""value"": ""beeswax"", ""direction"": ""ltr""}}",[],[],[],5da7d6b5-78a3-43c5-b27d-89bda55dd6e6,15.005,[],[],,,,,,
d5da9cc3-f9d4-4592-9b67-843c5750813a,d4e956f7-9fad-4fd2-94e3-563a3b2c3585,a4ea5a7a-d7f0-11ef-a75a-0275dc2ded29,1,ffa6b13c-4de0-40b0-9582-7f37293f8efb,"{""en"": {""value"": ""20.005 g rabbit-skin glue"", ""direction"": ""ltr""}}",[],[],45788abd-4433-4dcf-8559-728ce1f7d8db,"{""en"": {""value"": ""5.000 g beeswax"", ""direction"": ""ltr""}}",[],[],d2db3870-ebfd-4e4d-8e49-fcaf4de6ff92,"{""en"": {""value"": ""rabbit-skin glue"", ""direction"": ""ltr""}}",[],[],[],ba479f9d-5488-4278-9e4f-d0ed4a9e181b,20.005,[],[],087242bd-4963-48d6-8892-a51d539e7602,"{""en"": {""value"": ""beeswax"", ""direction"": ""ltr""}}",[],[],[],ac6269e8-2ba6-4a8f-a8f4-7b9234be396d,5.0,[],[],,,,,,
02b9d300-583d-42dc-8f08-93a1fd6167cd,d4e956f7-9fad-4fd2-94e3-563a3b2c3585,a4ea5a7a-d7f0-11ef-a75a-0275dc2ded29,1,a44ec29e-3095-40dc-a321-93e2fb2f613e,"{""en"": {""value"": ""20.005 g rabbit-skin glue"", ""direction"": ""ltr""}}",[],[],0489c6db-345c-46d8-b044-290ffbd72143,"{""en"": {""value"": ""5.000 g beeswax"", ""direction"": ""ltr""}}",[],[],e76599c6-9e7b-4df4-a98f-325fa6d73a74,"{""en"": {""value"": ""rabbit-skin glue"", ""direction"": ""ltr""}}",[],[],[],535cadd5-3039-47ea-ba26-6d776839652b,20.005,[],[],5bac0613-3498-4971-8f22-8ec151402c60,"{""en"": {""value"": ""beeswax"", ""direction"": ""ltr""}}",[],[],[],bf59aae6-28b8-4c24-b4ec-208762577e0f,5.0,[],[],,,,,,
28c6dbbf-e203-4837-85ee-c8dcbea77c85,d4e956f7-9fad-4fd2-94e3-563a3b2c3585,a4ea5a7a-d7f0-11ef-a75a-0275dc2ded29,1,952bc93d-d219-433c-ac10-9f7ce6e670d8,"{""en"": {""value"": ""20.005 g rabbit-skin glue"", ""direction"": ""ltr""}}",[],[],1ccd5d48-7099-4c8e-ba4e-e8e19b32032b,"{""en"": {""value"": ""5.000 g beeswax"", ""direction"": ""ltr""}}",[],[],855c83f7-b8d2-49a5-b5fe-772a66371c82,"{""en"": {""value"": ""rabbit-skin glue"", ""direction"": ""ltr""}}",[],[],[],41193765-b073-4f06-b636-4f49cb5cec00,20.005,[],[],e83eca82-d9a9-4f69-905d-ab70b06c3f37,"{""en"": {""value"": ""beeswax"", ""direction"": ""ltr""}}",[],[],[],a5ac9ea1-76b5-4840-8e42-0baf2a3cb7ed,5.0,[],[],,,,,,
815e1696-e8b6-41bd-bd4e-e549ae933a6c,d4e956f7-9fad-4fd2-94e3-563a3b2c3585,a4ea5a7a-d7f0-11ef-a75a-0275dc2ded29,1,4165ee10-c98a-444c-a3fe-7229070f0150,"{""en"": {""value"": ""20.005 g rabbit-skin glue"", ""direction"": ""ltr""}}",[],[],0282133e-3a75-408b-b1e6-dbc246f69708,"{""en"": {""value"": ""5.000 g beeswax"", ""direction"": ""ltr""}}",[],[],cf06542f-e48c-4563-af23-95ebad5d2c67,"{""en"": {""value"": ""rabbit-skin glue"", ""direction"": ""ltr""}}",[],[],[],e3590e92-9e03-4041-8af6-7b7087824775,20.005,[],[],358e78d7-22cd-40fa-b730-3583079dd310,"{""en"": {""value"": ""beeswax"", ""direction"": ""ltr""}}",[],[],[],505c642c-6384-44aa-8819-dafe5286fc54,5.0,[],[],,,,,,
b333e093-5d4c-4338-a7c3-14f363c0b8df,d4e956f7-9fad-4fd2-94e3-563a3b2c3585,a4ea5a7a-d7f0-11ef-a75a-0275dc2ded29,1,296ed783-4e3d-47ad-8a3c-05bb1869792f,"{""en"": {""value"": ""23.750 g rabbit-skin glue"", ""direction"": ""ltr""}}",[],[],d8663093-ed03-4a0a-bda5-6ed89e8a436f,"{""en"": {""value"": ""1.250 g beeswax"", ""direction"": ""ltr""}}",[],[],4913a7a2-842c-40d0-84c1-229a2ae52593,"{""en"": {""value"": ""rabbit-skin glue"", ""direction"": ""ltr""}}",[],[],[],ea76b6ef-27a6-4fc3-b497-f54bf12d9a63,23.75,[],[],abccb34e-296f-4892-a9bd-66f05a2000c8,"{""en"": {""value"": ""beeswax"", ""direction"": ""ltr""}}",[],[],[],2c6c7491-b3da-45d9-bf99-ae7c16735f17,1.25,[],[],,,,,,
4b9b855a-2629-4098-bced-d9ea559e68e0,d4e956f7-9fad-4fd2-94e3-563a3b2c3585,a4ea5a7a-d7f0-11ef-a75a-0275dc2ded29,1,a9eddf2a-7b75-4161-8f0e-765dd2e16936,"{""en"": {""value"": ""23.750 g rabbit-skin glue"", ""direction"": ""ltr""}}",[],[],b5de01f8-0e46-4eaf-b845-4b19d347f1f2,"{""en"": {""value"": ""1.250 g beeswax"", ""direction"": ""ltr""}}",[],[],a1808676-aa23-4835-9712-c86574541e80,"{""en"": {""value"": ""rabbit-skin glue"", ""direction"": ""ltr""}}",[],[],[],86cbe9d0-cb66-4932-992d-438b29628e93,23.75,[],[],e6d482f7-22d3-4d36-aca4-bc8ea70dad7b,"{""en"": {""value"": ""beeswax"", ""direction"": ""ltr""}}",[],[],[],e8752c57-d441-491e-aa7b-d72fe297adf7,1.25,[],[],,,,,,
7cf4e25e-fe4d-43ae-a260-dc85f52fcce7,d4e956f7-9fad-4fd2-94e3-563a3b2c3585,a4ea5a7a-d7f0-11ef-a75a-0275dc2ded29,1,17e453dd-6659-4508-97a7-2400c8a13e27,"{""en"": {""value"": ""23.750 g rabbit-skin glue"", ""direction"": ""ltr""}}",[],[],4cc30269-3d1b-4dba-bbd9-25a4625c4b83,"{""en"": {""value"": ""1.250 g beeswax"", ""direction"": ""ltr""}}",[],[],47ab6d2f-e76b-4694-addc-7a119797662c,"{""en"": {""value"": ""rabbit-skin glue"", ""direction"": ""ltr""}}",[],[],[],b02b22a8-c31f-4511-9881-efe913268a14,23.75,[],[],e5c6ab19-af49-449f-b992-66d66717a36f,"{""en"": {""value"": ""beeswax"", ""direction"": ""ltr""}}",[],[],[],f1e0d62f-8dc2-49dd-a4d9-82c079e63052,1.25,[],[],,,,,,
5c8abec3-5d18-4bab-be65-afe3f85f2678,d4e956f7-9fad-4fd2-94e3-563a3b2c3585,a4ea5a7a-d7f0-11ef-a75a-0275dc2ded29,1,f09a6877-4dae-4d4c-bbc5-9d5389cf2270,"{""en"": {""value"": ""23.750 g rabbit-skin glue"", ""direction"": ""ltr""}}",[],[],47cb57c1-fb8a-477a-8e3b-5061872f7f8e,"{""en"": {""value"": ""1.250 g beeswax"", ""direction"": ""ltr""}}",[],[],d9428462-20e7-4a86-b1e2-b44bb260ecc4,"{""en"": {""value"": ""rabbit-skin glue"", ""direction"": ""ltr""}}",[],[],[],c4fcc740-9765-4c88-8ce8-f0af5765c0c6,23.75,[],[],37170217-4a6a-4547-85eb-ff0c62aad101,"{""en"": {""value"": ""beeswax"", ""direction"": ""ltr""}}",[],[],[],db571590-81ee-48ee-ae6b-cb983455ce3c,1.25,[],[],,,,,,
9e43432d-e43f-4707-b33e-21da4f059372,d4e956f7-9fad-4fd2-94e3-563a3b2c3585,a4ea5a7a-d7f0-11ef-a75a-0275dc2ded29,1,6d31fdfa-0dfb-4fa3-813e-cfa8c7c17bfb,"{""en"": {""value"": ""24.500 g rabbit-skin glue"", ""direction"": ""ltr""}}",[],[],f432b71d-a982-4406-a90d-6d919429d4a0,"{""en"": {""value"": ""0.500 g beeswax"", ""direction"": ""ltr""}}",[],[],6c1320d1-3e00-4f34-a5fb-4e67f5957e5b,"{""en"": {""value"": ""rabbit-skin glue"", ""direction"": ""ltr""}}",[],[],[],0bbe77d4-c081-4fbe-b260-5725ee4dc367,24.5,[],[],289ff1d4-c35a-4b78-a972-ed68ec4cf66d,"{""en"": {""value"": ""beeswax"", ""direction"": ""ltr""}}",[],[],[],2489fbd8-cace-47c4-aa58-01df77f847e0,0.5,[],[],,,,,,
ee56fa52-1753-469d-828c-33854b25312e,d4e956f7-9fad-4fd2-94e3-563a3b2c3585,a4ea5a7a-d7f0-11ef-a75a-0275dc2ded29,1,8865b59d-41b3-4908-815a-6dc80104d6be,"{""en"": {""value"": ""24.500 g rabbit-skin glue"", ""direction"": ""ltr""}}",[],[],0e4c266c-3774-4719-ae91-c6d542b192b7,"{""en"": {""value"": ""0.500 g beeswax"", ""direction"": ""ltr""}}",[],[],80930744-20b9-4fe4-b1dd-d631094d3b4d,"{""en"": {""value"": ""rabbit-skin glue"", ""direction"": ""ltr""}}",[],[],[],a9345ead-6499-43ac-b60f-9be7706b988a,24.5,[],[],451d3d2d-cb3c-47c6-9ba2-bec4d8ece197,"{""en"": {""value"": ""beeswax"", ""direction"": ""ltr""}}",[],[],[],c3955a5c-3e46-41d4-a3f0-092f79dc59f8,0.5,[],[],,,,,,
139b0e31-0439-407d-bbe8-0789778a64a1,d4e956f7-9fad-4fd2-94e3-563a3b2c3585,a4ea5a7a-d7f0-11ef-a75a-0275dc2ded29,1,3cfd69c6-86e0-4434-acf7-3b7b66cce82f,"{""en"": {""value"": ""24.500 g rabbit-skin glue"", ""direction"": ""ltr""}}",[],[],368a25d0-8233-4c2d-b13c-d7110952b9a2,"{""en"": {""value"": ""0.500 g beeswax"", ""direction"": ""ltr""}}",[],[],51591d02-d80d-47b1-972c-a15b6b3e56a6,"{""en"": {""value"": ""rabbit-skin glue"", ""direction"": ""ltr""}}",[],[],[],26e47015-7ed6-4b5c-90d5-ee2f393e86c7,24.5,[],[],a30dafcf-a406-4304-bc51-9a7d9757cc02,"{""en"": {""value"": ""beeswax"", ""direction"": ""ltr""}}",[],[],[],979deb5c-3926-4049-ae8a-354e27452aa5,0.5,[],[],,,,,,
1af4f5a9-125a-4a4e-a611-2f486bcbfcb8,d4e956f7-9fad-4fd2-94e3-563a3b2c3585,a4ea5a7a-d7f0-11ef-a75a-0275dc2ded29,1,e0b3b220-f4dd-4fa5-ab41-4046430c0074,"{""en"": {""value"": ""24.500 g rabbit-skin glue"", ""direction"": ""ltr""}}",[],[],dbe34367-42f2-46bc-bc7f-6d034a072547,"{""en"": {""value"": ""0.500 g beeswax"", ""direction"": ""ltr""}}",[],[],a85c3479-ba28-440f-8bf3-0aca5d75c995,"{""en"": {""value"": ""rabbit-skin glue"", ""direction"": ""ltr""}}",[],[],[],55856d78-7747-427e-9df2-5783bb331112,24.5,[],[],a360d242-7cb4-44df-8b85-dd4dbf3bcbb9,"{""en"": {""value"": ""beeswax"", ""direction"": ""ltr""}}",[],[],[],d1c8ee0f-5dd1-4ffa-bb66-801f29427be2,0.5,[],[],,,,,,
389c96bb-31c4-4e18-b869-1338f00c45e5,d4e956f7-9fad-4fd2-94e3-563a3b2c3585,a4ea5a7a-d7f0-11ef-a75a-0275dc2ded29,1,37e76703-ced6-427f-8784-24c93f425745,"{""en"": {""value"": ""24.750 g rabbit-skin glue"", ""direction"": ""ltr""}}",[],[],188100bd-214f-4a46-9039-da3722fcbc1f,"{""en"": {""value"": ""wt. of beeswax not listed"", ""direction"": ""ltr""}}",[],[],7cb4e175-2ed4-449b-acfa-ca9519ad10c8,"{""en"": {""value"": ""rabbit-skin glue"", ""direction"": ""ltr""}}",[],[],[],cb851364-ae04-4a7f-8b7b-9041fe245585,24.75,[],[],,,,,,,,,,,,,,,
b7c8da4b-6d8c-405f-965d-a1154b05f627,d4e956f7-9fad-4fd2-94e3-563a3b2c3585,a4ea5a7a-d7f0-11ef-a75a-0275dc2ded29,1,0a55917c-f8da-4830-a144-f176e6cf5d87,"{""en"": {""value"": ""24.750 g rabbit-skin glue"", ""direction"": ""ltr""}}",[],[],ed80d7f9-6fba-4e53-95d8-33291f171836,"{""en"": {""value"": ""wt. of beeswax not listed"", ""direction"": ""ltr""}}",[],[],a4ba0946-74b8-4e35-ba0b-025e16535d81,"{""en"": {""value"": ""rabbit-skin glue"", ""direction"": ""ltr""}}",[],[],[],4e5efd22-92b5-4b23-a723-a1bf0f4fef0f,24.75,[],[],,,,,,,,,,,,,,,
9647405b-05d8-4234-b3d5-3f1f8d8deb59,d4e956f7-9fad-4fd2-94e3-563a3b2c3585,a4ea5a7a-d7f0-11ef-a75a-0275dc2ded29,1,18ac1d87-de61-4e51-aa95-3faee19cd712,"{""en"": {""value"": ""24.750 g rabbit-skin glue"", ""direction"": ""ltr""}}",[],[],dd3d0761-f0f1-4ba8-9af4-e5201571fe56,"{""en"": {""value"": ""wt. of beeswax not listed"", ""direction"": ""ltr""}}",[],[],d0486fcc-3009-425b-8df6-b7b579987ea6,"{""en"": {""value"": ""rabbit-skin glue"", ""direction"": ""ltr""}}",[],[],[],25d71eb9-921b-4e74-af29-c263cc17bdf3,24.75,[],[],,,,,,,,,,,,,,,
a1ea0fcc-f6a0-4925-a68d-f0b81605999d,d4e956f7-9fad-4fd2-94e3-563a3b2c3585,a4ea5a7a-d7f0-11ef-a75a-0275dc2ded29,1,9cdf746f-e616-43a6-b848-7cd58179ca2b,"{""en"": {""value"": ""24.750 g rabbit-skin glue"", ""direction"": ""ltr""}}",[],[],f41cb016-696d-4d0c-a9c8-f9f0bb79ca96,"{""en"": {""value"": ""wt. of beeswax not listed"", ""direction"": ""ltr""}}",[],[],f80e7c82-4c87-4d15-9884-5dd01a641b03,"{""en"": {""value"": ""rabbit-skin glue"", ""direction"": ""ltr""}}",[],[],[],97db24fc-e665-4eda-a505-2b6c1b7cb5ef,24.75,[],[],,,,,,,,,,,,,,,
7fac3d78-0f93-423b-83a2-77e0959ec691,d4e956f7-9fad-4fd2-94e3-563a3b2c3585,a4ea5a7a-d7f0-11ef-a75a-0275dc2ded29,1,57c426ef-cce8-4ae7-bc77-effa37fdab73,"{""en"": {""value"": ""24.950 g rabbit-skin glue"", ""direction"": ""ltr""}}",[],[],27b95041-8659-4b73-a4a3-93bab3ac386d,"{""en"": {""value"": ""0.050 g beeswax"", ""direction"": ""ltr""}}",[],[],09ff79d6-5a42-455f-833f-af94e1bb1917,"{""en"": {""value"": ""rabbit-skin glue"", ""direction"": ""ltr""}}",[],[],[],0b3bcc75-bc94-4928-b1b3-37a616cc4db8,24.95,[],[],59fc9538-5adf-4129-bc33-c25717fdba5a,"{""en"": {""value"": ""beeswax"", ""direction"": ""ltr""}}",[],[],[],3e579e87-247f-4977-bbf8-e3a36f47ee73,0.05,[],[],,,,,,
0ab344c6-7235-49e7-9468-709549855b96,d4e956f7-9fad-4fd2-94e3-563a3b2c3585,a4ea5a7a-d7f0-11ef-a75a-0275dc2ded29,1,02f54868-79e3-40af-bd02-845643b0de37,"{""en"": {""value"": ""24.950 g rabbit-skin glue"", ""direction"": ""ltr""}}",[],[],7e384119-678c-4a33-b788-e85b40fef587,"{""en"": {""value"": ""0.050 g beeswax"", ""direction"": ""ltr""}}",[],[],1d2cec3a-4f6d-433b-9f6f-9702f0309051,"{""en"": {""value"": ""rabbit-skin glue"", ""direction"": ""ltr""}}",[],[],[],832b00fc-8945-48bc-a6fd-d25df7110524,24.95,[],[],17de0bc4-3bf6-4860-b642-80a2cec09833,"{""en"": {""value"": ""beeswax"", ""direction"": ""ltr""}}",[],[],[],fc62b0ec-b8a1-4aa6-a5e1-0e48131e5ba9,0.05,[],[],,,,,,
a77fc37d-5e33-45b8-92a8-cf65d9616a4e,d4e956f7-9fad-4fd2-94e3-563a3b2c3585,a4ea5a7a-d7f0-11ef-a75a-0275dc2ded29,1,eafadd28-58e6-492a-9259-4e5e755656e0,"{""en"": {""value"": ""24.950 g rabbit-skin glue"", ""direction"": ""ltr""}}",[],[],63ede819-0dee-41fd-be86-20a31d7a0028,"{""en"": {""value"": ""0.050 g beeswax"", ""direction"": ""ltr""}}",[],[],ffa4f84b-f987-4e5b-9d84-985d0bde43b0,"{""en"": {""value"": ""rabbit-skin glue"", ""direction"": ""ltr""}}",[],[],[],21514769-baba-4137-940e-e4d1f741fa68,24.95,[],[],5650bda1-7485-49e3-a00d-542b829df88a,"{""en"": {""value"": ""beeswax"", ""direction"": ""ltr""}}",[],[],[],4d2de612-b5c3-40af-b4b8-696282ef2446,0.05,[],[],,,,,,
a44e1fc8-9ca2-437b-9c8e-a6a08dc64dc3,d4e956f7-9fad-4fd2-94e3-563a3b2c3585,a4ea5a7a-d7f0-11ef-a75a-0275dc2ded29,1,172cde52-06ba-4ba4-a31d-55964a65bfc7,"{""en"": {""value"": ""24.950 g rabbit-skin glue"", ""direction"": ""ltr""}}",[],[],f7d54013-663f-4307-bced-d301eaf8d700,"{""en"": {""value"": ""0.050 g beeswax"", ""direction"": ""ltr""}}",[],[],0113d532-a0a3-4621-8a6a-6d3cf6b0b8b0,"{""en"": {""value"": ""rabbit-skin glue"", ""direction"": ""ltr""}}",[],[],[],36632c29-2de9-46b2-9e64-28496897ed8e,24.95,[],[],96f386a2-c4fb-4ab9-85b9-3d611313c0fb,"{""en"": {""value"": ""beeswax"", ""direction"": ""ltr""}}",[],[],[],cf5a0559-3de0-4f3e-9cc1-d7d3694417ad,0.05,[],[],,,,,,
eb5edd7c-4254-4b37-8f94-d368b9739f9e,d4e956f7-9fad-4fd2-94e3-563a3b2c3585,a4ea5a7a-d7f0-11ef-a75a-0275dc2ded29,1,0c51b24f-d7c3-4c20-b7af-f6c24c426635,"{""en"": {""value"": ""24.975 g rabbit-skin glue"", ""direction"": ""ltr""}}",[],[],ae0798b1-9bf6-4fd5-aa8a-5de3bf163c41,"{""en"": {""value"": ""0.025 g beeswax"", ""direction"": ""ltr""}}",[],[],efe22369-2d2f-42a1-9bb8-93c3fc37da06,"{""en"": {""value"": ""rabbit-skin glue"", ""direction"": ""ltr""}}",[],[],[],9cf42c53-e967-489b-a780-792a16e2aec4,24.975,[],[],1c0ab0d6-8ea5-4911-837c-f3fc7227b762,"{""en"": {""value"": ""beeswax"", ""direction"": ""ltr""}}",[],[],[],cf3417e6-7086-4148-9589-57cc7719a906,0.025,[],[],,,,,,
ecaff020-a24b-484d-8db0-6a04ff034732,d4e956f7-9fad-4fd2-94e3-563a3b2c3585,a4ea5a7a-d7f0-11ef-a75a-0275dc2ded29,1,fc53e7cf-69dc-41a3-84cf-0890dc200021,"{""en"": {""value"": ""24.975 g rabbit-skin glue"", ""direction"": ""ltr""}}",[],[],dd0f14cc-b8bd-484b-85c6-df7a6427b1b0,"{""en"": {""value"": ""0.025 g beeswax"", ""direction"": ""ltr""}}",[],[],94bd5b22-3acf-4b55-9291-b3a00d09d438,"{""en"": {""value"": ""rabbit-skin glue"", ""direction"": ""ltr""}}",[],[],[],b19cb755-a035-4432-ba98-bb00dbcddbfc,24.975,[],[],7f1dd912-7519-4d57-89ad-f80e3a73b503,"{""en"": {""value"": ""beeswax"", ""direction"": ""ltr""}}",[],[],[],5b1208cc-c47d-4726-91cf-5a17419f0653,0.025,[],[],,,,,,
a6ad37fe-6ba3-4a05-aa29-015f271197c8,d4e956f7-9fad-4fd2-94e3-563a3b2c3585,a4ea5a7a-d7f0-11ef-a75a-0275dc2ded29,1,4fbc7e1b-fea3-4d9c-99e9-1550f00638bd,"{""en"": {""value"": ""24.975 g rabbit-skin glue"", ""direction"": ""ltr""}}",[],[],8604ce7e-6819-4d38-9de8-d2e32ab6bb2f,"{""en"": {""value"": ""0.025 g beeswax"", ""direction"": ""ltr""}}",[],[],3ac49078-2f46-45cf-ad29-e4291bee16a4,"{""en"": {""value"": ""rabbit-skin glue"", ""direction"": ""ltr""}}",[],[],[],d2e90c01-b4bf-411a-9aea-b7024951845b,24.975,[],[],ada47650-2430-4e28-a063-e6756c4f24b6,"{""en"": {""value"": ""beeswax"", ""direction"": ""ltr""}}",[],[],[],6a596ea7-39c8-4aa9-9ef0-dc8680a81c02,0.025,[],[],,,,,,
e53e32f9-c480-48e7-a058-28e3b9530300,d4e956f7-9fad-4fd2-94e3-563a3b2c3585,a4ea5a7a-d7f0-11ef-a75a-0275dc2ded29,1,c39448ae-2d2e-475a-8c8e-79c09349c97c,"{""en"": {""value"": ""24.975 g rabbit-skin glue"", ""direction"": ""ltr""}}",[],[],7ad2bb05-cc83-4a62-86e3-7b3d9bd09600,"{""en"": {""value"": ""0.025 g beeswax"", ""direction"": ""ltr""}}",[],[],ebd57e29-475f-4c67-a705-41031d50d8e6,"{""en"": {""value"": ""rabbit-skin glue"", ""direction"": ""ltr""}}",[],[],[],520c9f0b-841b-4455-befc-240d48b7a979,24.975,[],[],e8eceee6-28b2-4bdc-a893-fb8b0550c69f,"{""en"": {""value"": ""beeswax"", ""direction"": ""ltr""}}",[],[],[],52e77ab4-acfd-4332-834f-b8bb09794ef8,0.025,[],[],,,,,,
b73638e4-a422-4f8b-9a43-b23b0076854a,d4e956f7-9fad-4fd2-94e3-563a3b2c3585,a4ea5a7a-d7f0-11ef-a75a-0275dc2ded29,1,00abbc9c-2560-46e5-8492-bc222aa80e80,"{""en"": {""value"": ""0.043 g whole egg"", ""direction"": ""ltr""}}",[],[],3c953f97-8882-49bd-b12a-f76bdfa8e11f,"{""en"": {""value"": ""39.961 g beeswax"", ""direction"": ""ltr""}}",[],[],5d926d9d-ba0a-4b31-b1de-b5db4dcb7952,"{""en"": {""value"": ""whole egg"", ""direction"": ""ltr""}}",[],[],[],cc812ddb-f90f-4d15-83c1-0f7fd565349d,0.043,[],[],cbf75939-152f-45e2-8564-006cc2a6e4c5,"{""en"": {""value"": ""beeswax"", ""direction"": ""ltr""}}",[],[],[],03408d03-4549-49f2-b288-124bb2dbd1a1,39.961,[],[],,,,,,
ad75b1e9-fe43-4e23-90a6-0f22807c1e1a,d4e956f7-9fad-4fd2-94e3-563a3b2c3585,a4ea5a7a-d7f0-11ef-a75a-0275dc2ded29,1,599e57b2-5651-4a4a-92fa-079a68cdf6b8,"{""en"": {""value"": ""0.043 g whole egg"", ""direction"": ""ltr""}}",[],[],13342e37-a6cd-42a0-94cf-e51c0ee532b9,"{""en"": {""value"": ""39.961 g beeswax"", ""direction"": ""ltr""}}",[],[],39d43a56-a005-41fd-93f8-3ae59ac13ab5,"{""en"": {""value"": ""whole egg"", ""direction"": ""ltr""}}",[],[],[],bca8adde-d1fa-44e8-8157-f77933900af9,0.043,[],[],bd82d9ce-f6ef-4f29-937c-90d814b8f9b0,"{""en"": {""value"": ""beeswax"", ""direction"": ""ltr""}}",[],[],[],df2979ff-67a5-41fe-99d1-1fb17b67d512,39.961,[],[],,,,,,
8df4e3b8-584f-4a1e-a143-2670269551fb,d4e956f7-9fad-4fd2-94e3-563a3b2c3585,a4ea5a7a-d7f0-11ef-a75a-0275dc2ded29,1,5c1e6623-66d0-4594-99c5-0442ef2a2b05,"{""en"": {""value"": ""0.043 g whole egg"", ""direction"": ""ltr""}}",[],[],1058b863-a481-4d16-8403-d0e23a784497,"{""en"": {""value"": ""39.961 g beeswax"", ""direction"": ""ltr""}}",[],[],11965ab5-f617-40d3-b91f-ef6b2d06e1db,"{""en"": {""value"": ""whole egg"", ""direction"": ""ltr""}}",[],[],[],ccd4acdc-7ee2-42bd-bdb8-f4aaccbdb2ed,0.043,[],[],5ee6f1d7-bdf3-4ed1-a9c5-50dba0570da4,"{""en"": {""value"": ""beeswax"", ""direction"": ""ltr""}}",[],[],[],8e9e42e3-77b9-476d-8127-608686297d7c,39.961,[],[],,,,,,
625bc90a-49ec-4d5f-bdbf-f809c51612e7,d4e956f7-9fad-4fd2-94e3-563a3b2c3585,a4ea5a7a-d7f0-11ef-a75a-0275dc2ded29,1,b200b9ae-d40c-4aa6-b0b1-7b64d321af15,"{""en"": {""value"": ""0.043 g whole egg"", ""direction"": ""ltr""}}",[],[],e546495a-5343-4f89-acbb-cb7bdf213cd4,"{""en"": {""value"": ""39.961 g beeswax"", ""direction"": ""ltr""}}",[],[],d96d8224-02eb-40fc-ac36-84e72337871b,"{""en"": {""value"": ""whole egg"", ""direction"": ""ltr""}}",[],[],[],c53000c4-8be5-464c-9e4d-405f009ccf79,0.043,[],[],76dd4052-9f13-4f9a-a4f4-a83a0bd0baf0,"{""en"": {""value"": ""beeswax"", ""direction"": ""ltr""}}",[],[],[],3600e58f-499b-44e4-a857-478a172718ff,39.961,[],[],,,,,,
0dd04573-19e0-433b-aa7e-8062303f0d5f,d4e956f7-9fad-4fd2-94e3-563a3b2c3585,a4ea5a7a-d7f0-11ef-a75a-0275dc2ded29,1,7b4d7b10-951d-4946-9eae-57a6a43a8dcd,"{""en"": {""value"": ""0.071 g whole egg"", ""direction"": ""ltr""}}",[],[],059a9752-01c7-44ed-82bc-d0c0623d9740,"{""en"": {""value"": ""34.931 g beeswax"", ""direction"": ""ltr""}}",[],[],9b3e5c86-f70a-4828-89ce-0966e02fa935,"{""en"": {""value"": ""whole egg"", ""direction"": ""ltr""}}",[],[],[],4eccea93-d7b0-46ee-89e9-bf8206bb7a0f,0.071,[],[],76b9c857-a0e8-4078-82ce-9a33fa15fa08,"{""en"": {""value"": ""beeswax"", ""direction"": ""ltr""}}",[],[],[],ca3a1104-b258-4515-99dd-3102ec311a5b,34.931,[],[],,,,,,
77dbea97-c488-4f1d-b4be-fcbe104a7673,d4e956f7-9fad-4fd2-94e3-563a3b2c3585,a4ea5a7a-d7f0-11ef-a75a-0275dc2ded29,1,61468466-2883-44a5-98be-73ba724a9090,"{""en"": {""value"": ""0.071 g whole egg"", ""direction"": ""ltr""}}",[],[],f1af31f2-ee65-4000-9aeb-fce2016d5080,"{""en"": {""value"": ""34.931 g beeswax"", ""direction"": ""ltr""}}",[],[],845140e5-2470-4cbc-b63a-4b14beca8389,"{""en"": {""value"": ""whole egg"", ""direction"": ""ltr""}}",[],[],[],4b96888b-6d57-4052-9581-af0a2561effe,0.071,[],[],c72216bf-e931-445f-a51d-65c6cc253d0f,"{""en"": {""value"": ""beeswax"", ""direction"": ""ltr""}}",[],[],[],f1f85b8c-c07e-46a0-80cd-94b456cc08d5,34.931,[],[],,,,,,
f6e4354c-3a55-4931-97c3-db65013d2755,d4e956f7-9fad-4fd2-94e3-563a3b2c3585,a4ea5a7a-d7f0-11ef-a75a-0275dc2ded29,1,31930f37-aa1a-437c-9734-6e75d3e5849c,"{""en"": {""value"": ""0.071 g whole egg"", ""direction"": ""ltr""}}",[],[],217b48be-9763-4b5c-b442-230c95ceaff2,"{""en"": {""value"": ""34.931 g beeswax"", ""direction"": ""ltr""}}",[],[],5071dd3b-5134-4ba4-939d-f5d76a6065e7,"{""en"": {""value"": ""whole egg"", ""direction"": ""ltr""}}",[],[],[],3f674a57-37c6-42ad-97b5-7a66b6c83c5b,0.071,[],[],8667de8f-d66a-4b45-8005-eb4419075c55,"{""en"": {""value"": ""beeswax"", ""direction"": ""ltr""}}",[],[],[],98337213-243c-4636-8297-fb376c1b94f5,34.931,[],[],,,,,,
0618c1b9-97eb-4d2d-8cc8-456423fcc964,d4e956f7-9fad-4fd2-94e3-563a3b2c3585,a4ea5a7a-d7f0-11ef-a75a-0275dc2ded29,1,f6c8cd63-b973-4e66-a92b-8a2696da5bec,"{""en"": {""value"": ""0.071 g whole egg"", ""direction"": ""ltr""}}",[],[],0732cf56-e1be-4bf2-9f7a-87a661387dc1,"{""en"": {""value"": ""34.931 g beeswax"", ""direction"": ""ltr""}}",[],[],0992773c-283c-4471-883a-f1f1fb3ba15e,"{""en"": {""value"": ""whole egg"", ""direction"": ""ltr""}}",[],[],[],6ce07469-7ae1-4539-be84-208678340126,0.071,[],[],75efa49a-cbdf-45de-9024-31cf50c0d3b0,"{""en"": {""value"": ""beeswax"", ""direction"": ""ltr""}}",[],[],[],b7aed5b4-3c39-4e1c-b3a8-b5b11c2f1f52,34.931,[],[],,,,,,
6988742f-d4e2-4ddc-be7a-5134264bcefe,d4e956f7-9fad-4fd2-94e3-563a3b2c3585,a4ea5a7a-d7f0-11ef-a75a-0275dc2ded29,1,9c085fb3-54f4-42a0-8641-26adeeac2313,"{""en"": {""value"": ""0.304 g whole egg"", ""direction"": ""ltr""}}",[],[],20b6e5b0-093a-4617-a063-5b17f5f86bff,"{""en"": {""value"": ""29.701 g beeswax"", ""direction"": ""ltr""}}",[],[],1c9621ff-6bba-4d62-9ad6-0e0ebe54b8a9,"{""en"": {""value"": ""whole egg"", ""direction"": ""ltr""}}",[],[],[],61e7ece5-3525-4e22-9c5e-40c2d1096d6c,0.304,[],[],e6234b93-495a-4e9b-b546-ec2da5b5c7e4,"{""en"": {""value"": ""beeswax"", ""direction"": ""ltr""}}",[],[],[],3c5e6747-7fdb-4fdc-8846-dc1eef4d19ef,29.701,[],[],,,,,,
38ed3a76-3430-45a6-92e5-0b0ea0fc9a0b,d4e956f7-9fad-4fd2-94e3-563a3b2c3585,a4ea5a7a-d7f0-11ef-a75a-0275dc2ded29,1,8a95c814-75b9-47f9-86f5-b2f135539f91,"{""en"": {""value"": ""0.304 g whole egg"", ""direction"": ""ltr""}}",[],[],9e2dd734-a341-40c0-a252-b2359d1bdc73,"{""en"": {""value"": ""29.701 g beeswax"", ""direction"": ""ltr""}}",[],[],4f81d7c4-39be-483c-b706-a8a7afb7c900,"{""en"": {""value"": ""whole egg"", ""direction"": ""ltr""}}",[],[],[],93406778-d74f-4b51-aa08-f5a97b524f7b,0.304,[],[],d433792f-88d9-4567-a2fc-51f9a5d0de42,"{""en"": {""value"": ""beeswax"", ""direction"": ""ltr""}}",[],[],[],d239c26e-edd0-4f38-ba1d-0bff7ebb8a7e,29.701,[],[],,,,,,
7207005b-5716-4cfb-99cb-b689909ba60a,d4e956f7-9fad-4fd2-94e3-563a3b2c3585,a4ea5a7a-d7f0-11ef-a75a-0275dc2ded29,1,7b2dc65f-a185-445a-b5d7-a598e217bd10,"{""en"": {""value"": ""0.304 g whole egg"", ""direction"": ""ltr""}}",[],[],57254be3-6c29-4548-bfe5-cba72d986fac,"{""en"": {""value"": ""29.701 g beeswax"", ""direction"": ""ltr""}}",[],[],d536aae9-d34f-40e3-a7a0-dea5781e4e33,"{""en"": {""value"": ""whole egg"", ""direction"": ""ltr""}}",[],[],[],68ac7aa7-c987-4d49-8aaf-96031d94d988,0.304,[],[],04804f64-eddb-441c-942c-7ecad0dd9329,"{""en"": {""value"": ""beeswax"", ""direction"": ""ltr""}}",[],[],[],745df753-74a8-4ab9-b5a5-c99f6caa52ec,29.701,[],[],,,,,,
13df47a0-642b-4078-8bc8-bd862c5d7c3e,d4e956f7-9fad-4fd2-94e3-563a3b2c3585,a4ea5a7a-d7f0-11ef-a75a-0275dc2ded29,1,4fe9da34-b953-4036-89d3-623fc032cd6f,"{""en"": {""value"": ""0.304 g whole egg"", ""direction"": ""ltr""}}",[],[],47912dae-1fc9-402b-b0f3-8e875f69d2fc,"{""en"": {""value"": ""29.701 g beeswax"", ""direction"": ""ltr""}}",[],[],ea4a3d24-56db-4548-9c84-0a7ac9b3132e,"{""en"": {""value"": ""whole egg"", ""direction"": ""ltr""}}",[],[],[],29920a13-df33-4af7-980d-582f9e78cf6e,0.304,[],[],b6edc2d5-3b0e-4f94-9aa7-6342eae593b5,"{""en"": {""value"": ""beeswax"", ""direction"": ""ltr""}}",[],[],[],237b482b-9380-42e9-b56a-5d7f52038a5b,29.701,[],[],,,,,,
285fed5c-b6e6-49a5-beaa-c56b146242fa,d4e956f7-9fad-4fd2-94e3-563a3b2c3585,a4ea5a7a-d7f0-11ef-a75a-0275dc2ded29,1,cd7ea8c1-2c28-4f4f-af85-2613de58ea25,"{""en"": {""value"": ""0.502 g whole egg"", ""direction"": ""ltr""}}",[],[],dafb165b-3db5-4752-a16c-bcc84ebc9a35,"{""en"": {""value"": ""24.500 g beeswax"", ""direction"": ""ltr""}}",[],[],0e85518c-19ee-471a-9c5e-a4c9b31ab0b9,"{""en"": {""value"": ""whole egg"", ""direction"": ""ltr""}}",[],[],[],099f9d02-3ae2-408d-b38c-b29c3a346d73,0.502,[],[],d50cc1ff-85ad-49b6-911f-4c348c3d5388,"{""en"": {""value"": ""beeswax"", ""direction"": ""ltr""}}",[],[],[],4a74ea97-9604-44df-9f7f-ecae67350364,24.5,[],[],,,,,,
040fecc4-1401-42bd-8c38-a2d8fcf2b1d6,d4e956f7-9fad-4fd2-94e3-563a3b2c3585,a4ea5a7a-d7f0-11ef-a75a-0275dc2ded29,1,f637babe-a39c-41c0-946b-c91a2f3daabe,"{""en"": {""value"": ""0.502 g whole egg"", ""direction"": ""ltr""}}",[],[],939c5ced-7eb8-498c-b8ee-7828a8c0e0fe,"{""en"": {""value"": ""24.500 g beeswax"", ""direction"": ""ltr""}}",[],[],c79ff691-20e7-4449-a702-d7d619211ecb,"{""en"": {""value"": ""whole egg"", ""direction"": ""ltr""}}",[],[],[],dc7b5a09-810c-47ea-af0a-9a4082ae2f28,0.502,[],[],c053a8c9-1541-42c8-8383-bbaef9b9164e,"{""en"": {""value"": ""beeswax"", ""direction"": ""ltr""}}",[],[],[],4bacc53f-9689-48e1-9893-d16a56379631,24.5,[],[],,,,,,
4b4efc11-0f0f-4e41-9f4a-4c223e247c76,d4e956f7-9fad-4fd2-94e3-563a3b2c3585,a4ea5a7a-d7f0-11ef-a75a-0275dc2ded29,1,5a28d1e4-1c43-43d1-b30d-e7755f810262,"{""en"": {""value"": ""0.502 g whole egg"", ""direction"": ""ltr""}}",[],[],08140023-5b36-46a0-a25c-12836edf26c1,"{""en"": {""value"": ""24.500 g beeswax"", ""direction"": ""ltr""}}",[],[],89a134fd-e388-4203-97ba-de372808c573,"{""en"": {""value"": ""whole egg"", ""direction"": ""ltr""}}",[],[],[],a1e85c22-1fd5-4779-a3d3-b39bd22084ce,0.502,[],[],09f8e8df-aaa8-404a-8fa4-447523f44f28,"{""en"": {""value"": ""beeswax"", ""direction"": ""ltr""}}",[],[],[],8264c5bd-6d56-4378-ab38-5976b6c7647e,24.5,[],[],,,,,,
e0f142d4-f5d0-40e0-b31b-cf1ff59c9fc6,d4e956f7-9fad-4fd2-94e3-563a3b2c3585,a4ea5a7a-d7f0-11ef-a75a-0275dc2ded29,1,caf2e19a-a35e-434f-8df7-1f2be84557f9,"{""en"": {""value"": ""0.502 g whole egg"", ""direction"": ""ltr""}}",[],[],42127780-d90a-4a49-8410-607fe8897f18,"{""en"": {""value"": ""24.500 g beeswax"", ""direction"": ""ltr""}}",[],[],fe98130e-2b3f-460b-89d7-1dc4d279d799,"{""en"": {""value"": ""whole egg"", ""direction"": ""ltr""}}",[],[],[],ddd51064-4605-4216-b81a-89d4c8ca0424,0.502,[],[],cc7c947f-7244-4647-b284-9a8935fa8894,"{""en"": {""value"": ""beeswax"", ""direction"": ""ltr""}}",[],[],[],fca1a51a-5810-494f-8696-4de2812f18c1,24.5,[],[],,,,,,
cebc8daa-b909-4619-a610-2f2477239017,d4e956f7-9fad-4fd2-94e3-563a3b2c3585,a4ea5a7a-d7f0-11ef-a75a-0275dc2ded29,1,641ed307-e361-4abe-acbe-ea9d5e10751c,"{""en"": {""value"": ""1.366 g whole egg"", ""direction"": ""ltr""}}",[],[],5a9be4f7-3e87-4783-a1a3-4767ccefc17a,"{""en"": {""value"": ""27.320 g beeswax"", ""direction"": ""ltr""}}",[],[],95934bf8-7278-4042-ba21-94ff52b78773,"{""en"": {""value"": ""whole egg"", ""direction"": ""ltr""}}",[],[],[],685ec477-afbd-4247-8bd7-aca0bd271663,1.366,[],[],a6420ba4-1340-41d2-bf82-c52995a3e908,"{""en"": {""value"": ""beeswax"", ""direction"": ""ltr""}}",[],[],[],47aa1b51-e76c-474b-8984-c920f031dddd,27.32,[],[],,,,,,
ded1a1ad-e7da-4413-b446-4c89488a874a,d4e956f7-9fad-4fd2-94e3-563a3b2c3585,a4ea5a7a-d7f0-11ef-a75a-0275dc2ded29,1,b494cb3c-ca97-4e00-bc4d-82673ea8cdc4,"{""en"": {""value"": ""1.366 g whole egg"", ""direction"": ""ltr""}}",[],[],cbd30eec-ce21-4419-9156-a904833f1aaf,"{""en"": {""value"": ""27.320 g beeswax"", ""direction"": ""ltr""}}",[],[],7f0d8c1e-9ef4-47b7-b57f-e5928c5d70e7,"{""en"": {""value"": ""whole egg"", ""direction"": ""ltr""}}",[],[],[],35a29bd5-b2e1-41b8-ada6-cd82eb1ec40a,1.366,[],[],2073ad01-d446-4240-8db9-58fd91c8f47b,"{""en"": {""value"": ""beeswax"", ""direction"": ""ltr""}}",[],[],[],36784205-0180-41b2-a74f-afec9debfd0d,27.32,[],[],,,,,,
6f111c2c-3fca-4151-89b1-8eb22a0d01ba,d4e956f7-9fad-4fd2-94e3-563a3b2c3585,a4ea5a7a-d7f0-11ef-a75a-0275dc2ded29,1,4be08d05-b738-4fda-bd9b-cfd880481ca4,"{""en"": {""value"": ""1.366 g whole egg"", ""direction"": ""ltr""}}",[],[],a6cb8f0e-aa9d-4b43-8ca3-17b7f644b157,"{""en"": {""value"": ""27.320 g beeswax"", ""direction"": ""ltr""}}",[],[],0777ac0a-3e01-47cc-9893-aa0b93d272de,"{""en"": {""value"": ""whole egg"", ""direction"": ""ltr""}}",[],[],[],63efaf6d-37a6-48b0-a194-7dd9c8cbb291,1.366,[],[],4d948d29-b3bb-47ce-943e-21ec935588c1,"{""en"": {""value"": ""beeswax"", ""direction"": ""ltr""}}",[],[],[],5136258d-a982-4b12-8a16-6574bdefdde5,27.32,[],[],,,,,,
71eb08ad-164b-45a0-b25a-4e3c29f9cf19,d4e956f7-9fad-4fd2-94e3-563a3b2c3585,a4ea5a7a-d7f0-11ef-a75a-0275dc2ded29,1,cc3f8cce-4cb7-4751-a5e2-dbe14da76dfa,"{""en"": {""value"": ""1.366 g whole egg"", ""direction"": ""ltr""}}",[],[],a9c3798d-b8c9-4374-8ab9-703ca2963b7e,"{""en"": {""value"": ""27.320 g beeswax"", ""direction"": ""ltr""}}",[],[],3e9fc0bc-6b4e-44de-9f06-826a719ffdee,"{""en"": {""value"": ""whole egg"", ""direction"": ""ltr""}}",[],[],[],4a65b56e-f2cc-494b-9fc7-29727a0f22e0,1.366,[],[],1f70e19d-a07c-4f9b-9a4e-7fcb72bc51a5,"{""en"": {""value"": ""beeswax"", ""direction"": ""ltr""}}",[],[],[],61feebf1-5bed-4013-94e0-b81a04693aa7,27.32,[],[],,,,,,
a0f3e27d-f7d9-42dd-a99d-3b4c25312cd9,d4e956f7-9fad-4fd2-94e3-563a3b2c3585,a4ea5a7a-d7f0-11ef-a75a-0275dc2ded29,1,a780c71c-d76e-4522-8008-d89c77c23b31,"{""en"": {""value"": ""4.000 g whole egg "", ""direction"": ""ltr""}}",[],[],b80e0256-277a-4fc3-bf7b-863c65601876,"{""en"": {""value"": ""16.000 g beeswax"", ""direction"": ""ltr""}}",[],[],839c7a1a-06f4-481f-aea2-0635bede5629,"{""en"": {""value"": ""whole egg"", ""direction"": ""ltr""}}",[],[],[],636611da-c624-4c35-9cc6-d4d44e1ef2f5,4.0,[],[],22896ee4-1e35-4936-8f6c-2edd7501243c,"{""en"": {""value"": ""beeswax"", ""direction"": ""ltr""}}",[],[],[],09d1452f-b5b1-4068-8c90-8d4f3ea8f3da,16.0,[],[],,,,,,
070a7a8e-f27d-4bbb-b7c4-cb50e2ad0ee8,d4e956f7-9fad-4fd2-94e3-563a3b2c3585,a4ea5a7a-d7f0-11ef-a75a-0275dc2ded29,1,d420f6b2-e97d-4a2a-a2fa-37b068a03043,"{""en"": {""value"": ""4.000 g whole egg "", ""direction"": ""ltr""}}",[],[],57e7496a-4158-4395-83f4-75afc2d3fa8e,"{""en"": {""value"": ""16.000 g beeswax"", ""direction"": ""ltr""}}",[],[],2ca21564-aa0c-42c6-acfa-aca7541c43a4,"{""en"": {""value"": ""whole egg"", ""direction"": ""ltr""}}",[],[],[],20d33a34-6b48-4646-8c0e-680aaa72c9c1,4.0,[],[],d645542f-c4c9-465f-a28b-b7c7fb62466b,"{""en"": {""value"": ""beeswax"", ""direction"": ""ltr""}}",[],[],[],79011898-0c35-4968-a25d-e87088d46d82,16.0,[],[],,,,,,
06337056-ef67-4759-a8a8-867e75cd5050,d4e956f7-9fad-4fd2-94e3-563a3b2c3585,a4ea5a7a-d7f0-11ef-a75a-0275dc2ded29,1,0ba6556f-0130-40cd-ac16-c7b90a90d7d0,"{""en"": {""value"": ""4.000 g whole egg "", ""direction"": ""ltr""}}",[],[],dba1db0a-01a8-4c5f-b272-48c7be8fdffe,"{""en"": {""value"": ""16.000 g beeswax"", ""direction"": ""ltr""}}",[],[],73807692-6993-4cf6-94f1-d2f9e966b921,"{""en"": {""value"": ""whole egg"", ""direction"": ""ltr""}}",[],[],[],3c57d9cd-1341-43ce-b308-e25fba5dd773,4.0,[],[],605b01fa-12aa-44b2-9434-0bc66f1f0d7e,"{""en"": {""value"": ""beeswax"", ""direction"": ""ltr""}}",[],[],[],a6e6eddb-a7cc-48b6-88a3-b1088fcd4734,16.0,[],[],,,,,,
270d2f73-4221-4c92-b452-b977a57d8c88,d4e956f7-9fad-4fd2-94e3-563a3b2c3585,a4ea5a7a-d7f0-11ef-a75a-0275dc2ded29,1,812d6e32-432c-4cb1-8c6f-d2c4175bb7c2,"{""en"": {""value"": ""4.000 g whole egg "", ""direction"": ""ltr""}}",[],[],94d47c55-78d4-477f-80b0-b1699b9e2700,"{""en"": {""value"": ""16.000 g beeswax"", ""direction"": ""ltr""}}",[],[],850c6c89-8aea-4ca1-a21d-b25a4445d711,"{""en"": {""value"": ""whole egg"", ""direction"": ""ltr""}}",[],[],[],0e329559-8751-4aad-8d5b-7dae77ca67c5,4.0,[],[],b936ecb7-2f06-4b8c-8ecc-73b8c56f11c0,"{""en"": {""value"": ""beeswax"", ""direction"": ""ltr""}}",[],[],[],06159906-e94c-4402-858c-5e437351e2e1,16.0,[],[],,,,,,
1df7bde9-0bbd-46d9-9b35-44539125d74c,d4e956f7-9fad-4fd2-94e3-563a3b2c3585,a4ea5a7a-d7f0-11ef-a75a-0275dc2ded29,1,4919465a-80d4-4c77-9ef0-0ec221682150,"{""en"": {""value"": ""20.002 g whole egg"", ""direction"": ""ltr""}}",[],[],c08f8d4a-6d2b-4eb4-a773-3e7755ab253c,"{""en"": {""value"": ""20.001 g beeswax"", ""direction"": ""ltr""}}",[],[],38cc6845-4579-49ee-bf3d-df21344eb4ff,"{""en"": {""value"": ""whole egg"", ""direction"": ""ltr""}}",[],[],[],4c43c739-d32e-453f-90d6-406f73cdff11,20.002,[],[],2f4b8a2a-2129-4923-8bc4-15752a1f80c3,"{""en"": {""value"": ""beeswax"", ""direction"": ""ltr""}}",[],[],[],5a422fc9-f08e-4994-97c4-6fa14080bcc4,20.001,[],[],,,,,,
ca3eae07-7622-4579-b23c-9d935058512a,d4e956f7-9fad-4fd2-94e3-563a3b2c3585,a4ea5a7a-d7f0-11ef-a75a-0275dc2ded29,1,59512f64-eb1a-4214-aae0-5152c8077f44,"{""en"": {""value"": ""20.002 g whole egg"", ""direction"": ""ltr""}}",[],[],c51de7bc-fec9-4e19-8763-845a0dc26f98,"{""en"": {""value"": ""20.001 g beeswax"", ""direction"": ""ltr""}}",[],[],a3900ff6-2f69-40c4-b987-1e7c7495a1f0,"{""en"": {""value"": ""whole egg"", ""direction"": ""ltr""}}",[],[],[],cc15d712-5104-4d16-b9bf-2006986a42e4,20.002,[],[],7e923d1f-0a03-4f5d-9ddd-b05ebe0f4d5d,"{""en"": {""value"": ""beeswax"", ""direction"": ""ltr""}}",[],[],[],db282f54-a004-4e89-a4a2-1cb896374ae2,20.001,[],[],,,,,,
c5c4c2e8-d731-40a4-a2a9-874ac8b3fee9,d4e956f7-9fad-4fd2-94e3-563a3b2c3585,a4ea5a7a-d7f0-11ef-a75a-0275dc2ded29,1,1176455b-3ec0-4267-9881-d4eefdd93eff,"{""en"": {""value"": ""20.002 g whole egg"", ""direction"": ""ltr""}}",[],[],e8b4a004-240d-4187-a31d-669291301af1,"{""en"": {""value"": ""20.001 g beeswax"", ""direction"": ""ltr""}}",[],[],e2908e10-8908-4daa-9d54-fd2813b4a8ec,"{""en"": {""value"": ""whole egg"", ""direction"": ""ltr""}}",[],[],[],d05ae909-fa85-4226-91b3-033b3dc2a628,20.002,[],[],1fde276c-5036-4b39-b996-5f2582f5afdc,"{""en"": {""value"": ""beeswax"", ""direction"": ""ltr""}}",[],[],[],9a6db943-15d0-4c1d-949f-ae2c8035698f,20.001,[],[],,,,,,
5bc38463-33c3-4676-af45-d0df47a900ed,d4e956f7-9fad-4fd2-94e3-563a3b2c3585,a4ea5a7a-d7f0-11ef-a75a-0275dc2ded29,1,b3fddf1d-b411-43a6-93b9-7e4b13b9ce60,"{""en"": {""value"": ""20.002 g whole egg"", ""direction"": ""ltr""}}",[],[],f28922fb-b5ff-4741-af79-b588661efb6e,"{""en"": {""value"": ""20.001 g beeswax"", ""direction"": ""ltr""}}",[],[],f9b71967-6c83-4f29-95ad-bff57960c8de,"{""en"": {""value"": ""whole egg"", ""direction"": ""ltr""}}",[],[],[],af6cb9da-03ca-46b6-b510-aec1993cc2d5,20.002,[],[],092a57f0-fff3-468c-ab71-37cc3a55b9bf,"{""en"": {""value"": ""beeswax"", ""direction"": ""ltr""}}",[],[],[],e7518550-0c06-4d01-bbef-7d1172873df7,20.001,[],[],,,,,,
25885cfe-60db-4ed8-ad96-b2a37d48afb6,d4e956f7-9fad-4fd2-94e3-563a3b2c3585,a4ea5a7a-d7f0-11ef-a75a-0275dc2ded29,1,dcce104b-4172-4c40-843c-33b9def566ea,"{""en"": {""value"": ""16.000 g whole egg"", ""direction"": ""ltr""}}",[],[],a04942ee-7c1b-49e0-8869-a353e0c35f6b,"{""en"": {""value"": ""4.000 g beeswax"", ""direction"": ""ltr""}}",[],[],0dcb7ad3-6dd4-493f-b7e2-c580365e83e7,"{""en"": {""value"": ""whole egg"", ""direction"": ""ltr""}}",[],[],[],6988d3eb-fa7b-473b-a427-6281d164d3e5,16.0,[],[],453bc3aa-d041-4c25-9bf3-794b83a70d4a,"{""en"": {""value"": ""beeswax"", ""direction"": ""ltr""}}",[],[],[],74f68fa1-7af3-417a-a30f-1c65d3d6fbc1,4.0,[],[],,,,,,
f1a5ae93-25bd-49d4-9d7a-d1f60949b99c,d4e956f7-9fad-4fd2-94e3-563a3b2c3585,a4ea5a7a-d7f0-11ef-a75a-0275dc2ded29,1,ce21e61d-102d-4328-9c0b-012826860d9e,"{""en"": {""value"": ""16.000 g whole egg"", ""direction"": ""ltr""}}",[],[],26b418f6-4efb-424f-a6a5-61c046e12863,"{""en"": {""value"": ""4.000 g beeswax"", ""direction"": ""ltr""}}",[],[],14fba90e-0c8f-48de-b875-32e92f66860e,"{""en"": {""value"": ""whole egg"", ""direction"": ""ltr""}}",[],[],[],fef31bb2-8a7a-4566-af04-6fcd22f78eec,16.0,[],[],3bd0f0c4-3ff6-476f-8dab-1ff509f8e317,"{""en"": {""value"": ""beeswax"", ""direction"": ""ltr""}}",[],[],[],d9b17736-59ae-449c-8011-e2d5cebb1cb6,4.0,[],[],,,,,,
ab26245c-3942-47e1-a321-6ed7642cac06,d4e956f7-9fad-4fd2-94e3-563a3b2c3585,a4ea5a7a-d7f0-11ef-a75a-0275dc2ded29,1,81c50489-3075-4e29-b0ff-26c8f8fbb6c8,"{""en"": {""value"": ""16.000 g whole egg"", ""direction"": ""ltr""}}",[],[],2d33cdce-cc81-46f4-8432-a3b1fe71caf4,"{""en"": {""value"": ""4.000 g beeswax"", ""direction"": ""ltr""}}",[],[],d9e4b9f1-bfef-4dfa-b62b-be08ddb6b6f7,"{""en"": {""value"": ""whole egg"", ""direction"": ""ltr""}}",[],[],[],d330ef55-1b78-4a77-8a86-175058eaf6ce,16.0,[],[],8ed5ffb8-e1bb-4adf-afc4-af6bae0211c0,"{""en"": {""value"": ""beeswax"", ""direction"": ""ltr""}}",[],[],[],854e1525-5b7a-44ae-8498-5fd7c986060d,4.0,[],[],,,,,,
ca5131c4-74a5-4199-96ab-74e1d622a731,d4e956f7-9fad-4fd2-94e3-563a3b2c3585,a4ea5a7a-d7f0-11ef-a75a-0275dc2ded29,1,78e3a370-9e92-452c-bd5e-4995503c608a,"{""en"": {""value"": ""16.000 g whole egg"", ""direction"": ""ltr""}}",[],[],3900806f-14fb-4cb0-b35f-d4f79994d458,"{""en"": {""value"": ""4.000 g beeswax"", ""direction"": ""ltr""}}",[],[],ec48c507-c030-4746-af77-a8c6d65907c9,"{""en"": {""value"": ""whole egg"", ""direction"": ""ltr""}}",[],[],[],c4d84bba-3594-45f7-a7d7-320528eba6a9,16.0,[],[],a594e94d-8b65-43b5-afab-d0e372d4bfdf,"{""en"": {""value"": ""beeswax"", ""direction"": ""ltr""}}",[],[],[],99adc01e-1581-4644-b9a2-956f0f8e901f,4.0,[],[],,,,,,
80759247-4f91-496f-94e1-66ccab745e37,d4e956f7-9fad-4fd2-94e3-563a3b2c3585,a4ea5a7a-d7f0-11ef-a75a-0275dc2ded29,1,86633e53-2954-4816-bb23-228856a25a56,"{""en"": {""value"": ""19.004 g whole egg"", ""direction"": ""ltr""}}",[],[],b6894921-2b29-45f5-b142-f808a320b6e9,"{""en"": {""value"": ""1.002 g beeswax"", ""direction"": ""ltr""}}",[],[],62325fe1-9144-42a4-a59f-62789326002f,"{""en"": {""value"": ""whole egg"", ""direction"": ""ltr""}}",[],[],[],03e7241f-f3d9-499b-af64-763c6501c862,19.004,[],[],f0b7364a-1dcb-4a59-a234-24ee2842c5e4,"{""en"": {""value"": ""beeswax"", ""direction"": ""ltr""}}",[],[],[],f43828c9-c2ca-4af2-a46d-edce722c6cdb,1.002,[],[],,,,,,
289b5792-963c-4c0a-987f-44054cc073e6,d4e956f7-9fad-4fd2-94e3-563a3b2c3585,a4ea5a7a-d7f0-11ef-a75a-0275dc2ded29,1,52c6892d-190c-4c59-83da-c8cb94571e70,"{""en"": {""value"": ""19.004 g whole egg"", ""direction"": ""ltr""}}",[],[],1257725e-4e28-4424-9e95-37740d4350d4,"{""en"": {""value"": ""1.002 g beeswax"", ""direction"": ""ltr""}}",[],[],16b53b25-04af-4e5f-a55b-8ff585c674aa,"{""en"": {""value"": ""whole egg"", ""direction"": ""ltr""}}",[],[],[],c8c7213d-ce6e-4d68-95a5-62b0621dddd0,19.004,[],[],47019836-ccb6-4b99-9ce5-6dee919fbb91,"{""en"": {""value"": ""beeswax"", ""direction"": ""ltr""}}",[],[],[],7cc0979b-16e3-4e6c-acdf-a3d5e6c3a9cd,1.002,[],[],,,,,,
da2a0a24-62e7-4025-b2b3-8aebdafe292d,d4e956f7-9fad-4fd2-94e3-563a3b2c3585,a4ea5a7a-d7f0-11ef-a75a-0275dc2ded29,1,15e21566-f55b-4bb4-97ee-a936ba052b77,"{""en"": {""value"": ""19.004 g whole egg"", ""direction"": ""ltr""}}",[],[],71fd0e8c-f13a-4acf-b269-29bacaca90c8,"{""en"": {""value"": ""1.002 g beeswax"", ""direction"": ""ltr""}}",[],[],65055dfd-0ff8-4cd8-88c7-26da0498d060,"{""en"": {""value"": ""whole egg"", ""direction"": ""ltr""}}",[],[],[],c80a3e4e-902e-404f-bc2f-1522f05537ef,19.004,[],[],8c0815ea-9e82-470f-89fc-37eff2152c47,"{""en"": {""value"": ""beeswax"", ""direction"": ""ltr""}}",[],[],[],ccb31220-2f3a-42f9-b468-a37dc8970804,1.002,[],[],,,,,,
7385a7e3-edc9-4186-8d0f-5815991842ca,d4e956f7-9fad-4fd2-94e3-563a3b2c3585,a4ea5a7a-d7f0-11ef-a75a-0275dc2ded29,1,0b48825c-c741-4c12-906b-f691813be068,"{""en"": {""value"": ""19.004 g whole egg"", ""direction"": ""ltr""}}",[],[],9f8d07e2-1afe-416b-a6b6-f879a13748eb,"{""en"": {""value"": ""1.002 g beeswax"", ""direction"": ""ltr""}}",[],[],97d7bc4b-e60d-4185-ba59-e7da089f5400,"{""en"": {""value"": ""whole egg"", ""direction"": ""ltr""}}",[],[],[],e5f068d8-4612-4c1b-92b3-bd5ce737a38f,19.004,[],[],4b565b95-7faa-4808-b86e-17736a50b75f,"{""en"": {""value"": ""beeswax"", ""direction"": ""ltr""}}",[],[],[],0c6d4b48-d15e-4722-9866-963490f22b49,1.002,[],[],,,,,,
dcd2b3fb-35d1-4935-ac33-14fa7c940159,d4e956f7-9fad-4fd2-94e3-563a3b2c3585,a4ea5a7a-d7f0-11ef-a75a-0275dc2ded29,1,4aede311-e34f-486e-a7b9-226e74dd5805,"{""en"": {""value"": ""24.500 g whole egg"", ""direction"": ""ltr""}}",[],[],db66e336-4b33-444a-ba3b-0fa30f4014fc,"{""en"": {""value"": ""0.501 g beeswax"", ""direction"": ""ltr""}}",[],[],a80c565c-f840-4f78-88eb-21c64fd6645d,"{""en"": {""value"": ""whole egg"", ""direction"": ""ltr""}}",[],[],[],f8a030f2-2980-4422-baa7-6f922b0706c4,24.5,[],[],202aa957-72ea-4777-803c-ce194472a9d3,"{""en"": {""value"": ""beeswax"", ""direction"": ""ltr""}}",[],[],[],2b7d12d9-8096-4449-88b2-d7d6f7c79e98,0.501,[],[],,,,,,
01bab1e7-1d77-4198-b0ea-afc9108aaf89,d4e956f7-9fad-4fd2-94e3-563a3b2c3585,a4ea5a7a-d7f0-11ef-a75a-0275dc2ded29,1,f9a63551-34b9-46fa-8021-ded0e4f03b20,"{""en"": {""value"": ""24.500 g whole egg"", ""direction"": ""ltr""}}",[],[],c377b754-7703-4421-86d7-1dc720f9a7fc,"{""en"": {""value"": ""0.501 g beeswax"", ""direction"": ""ltr""}}",[],[],be71b7e8-1067-4bba-af06-d280162f8f28,"{""en"": {""value"": ""whole egg"", ""direction"": ""ltr""}}",[],[],[],1fbbd1f6-60a8-4bc4-aa3e-2a0a4fa0173e,24.5,[],[],b456c744-cf17-46a0-b3c2-4ac501f7d612,"{""en"": {""value"": ""beeswax"", ""direction"": ""ltr""}}",[],[],[],b3e324a1-3e34-4280-986e-fe342fbbad34,0.501,[],[],,,,,,
9c6ba663-9711-42e1-938d-d1f28c307653,d4e956f7-9fad-4fd2-94e3-563a3b2c3585,a4ea5a7a-d7f0-11ef-a75a-0275dc2ded29,1,6ddc9f9c-35d8-4b3e-a323-8583ce633b7a,"{""en"": {""value"": ""24.500 g whole egg"", ""direction"": ""ltr""}}",[],[],3a46960c-9747-4596-b6fa-3c9c9d5c8bfd,"{""en"": {""value"": ""0.501 g beeswax"", ""direction"": ""ltr""}}",[],[],94f0cde0-af15-4d99-8668-79f8cbbdd828,"{""en"": {""value"": ""whole egg"", ""direction"": ""ltr""}}",[],[],[],0b2d8128-ce98-436b-b788-868561fd8154,24.5,[],[],1627b582-a5a2-4ab9-a1f4-6ac1f566335b,"{""en"": {""value"": ""beeswax"", ""direction"": ""ltr""}}",[],[],[],b6d06ee0-c524-4d89-a71a-bcd9fffe1993,0.501,[],[],,,,,,
965e8ae6-eda4-4fd2-aa49-e2aad7986e25,d4e956f7-9fad-4fd2-94e3-563a3b2c3585,a4ea5a7a-d7f0-11ef-a75a-0275dc2ded29,1,c4c04bc1-6f66-4aea-8823-9ca2b827a750,"{""en"": {""value"": ""24.500 g whole egg"", ""direction"": ""ltr""}}",[],[],3bccfda3-b494-4b2c-a615-344fdf435c9f,"{""en"": {""value"": ""0.501 g beeswax"", ""direction"": ""ltr""}}",[],[],0d1d6471-4705-494b-a0e6-ae83cf24d5dd,"{""en"": {""value"": ""whole egg"", ""direction"": ""ltr""}}",[],[],[],766413d5-65c7-4f75-a87c-b72d6ec2b94d,24.5,[],[],04ea481e-4789-4951-87ea-b14897cff337,"{""en"": {""value"": ""beeswax"", ""direction"": ""ltr""}}",[],[],[],70585aab-72c4-4a6b-9f5b-40e58e23a94c,0.501,[],[],,,,,,
cc489f48-7e36-4521-8d66-67ced2d72a27,d4e956f7-9fad-4fd2-94e3-563a3b2c3585,a4ea5a7a-d7f0-11ef-a75a-0275dc2ded29,1,f5794ba3-a92e-4aab-9263-fb199bb12c9e,"{""en"": {""value"": ""29.701 g whole egg"", ""direction"": ""ltr""}}",[],[],0d6da67b-9ec6-4b9d-befd-f811404804a8,"{""en"": {""value"": ""0.300 g beeswax"", ""direction"": ""ltr""}}",[],[],f886c66c-80e0-4eb0-bd87-2e4c18502a11,"{""en"": {""value"": ""whole egg"", ""direction"": ""ltr""}}",[],[],[],6c7facb9-bca5-4d12-a3c8-a44ef0ac4e35,29.701,[],[],8d8def43-2977-42dc-8e2c-08d08a544e6a,"{""en"": {""value"": ""beeswax"", ""direction"": ""ltr""}}",[],[],[],f870056c-7be0-4e22-89a8-1b151d8cac51,0.3,[],[],,,,,,
96ada400-9bed-432a-ad3d-b04240753596,d4e956f7-9fad-4fd2-94e3-563a3b2c3585,a4ea5a7a-d7f0-11ef-a75a-0275dc2ded29,1,01091711-683b-4f6d-97ee-d5b3b2d9a198,"{""en"": {""value"": ""29.701 g whole egg"", ""direction"": ""ltr""}}",[],[],0f9a62ff-e01d-410e-a502-aeaed14cc526,"{""en"": {""value"": ""0.300 g beeswax"", ""direction"": ""ltr""}}",[],[],b3d33dba-beba-4956-9ca7-9eb1569e7e1b,"{""en"": {""value"": ""whole egg"", ""direction"": ""ltr""}}",[],[],[],c0ab2c63-8c6a-4139-8eb3-0b9f1254e3be,29.701,[],[],d295e150-82be-4c47-95e4-b5d20fdd2604,"{""en"": {""value"": ""beeswax"", ""direction"": ""ltr""}}",[],[],[],02a1f570-cd36-4aed-965c-2423629cca0f,0.3,[],[],,,,,,
845e6a88-cdad-43a7-bd6f-2a30c2d450c7,d4e956f7-9fad-4fd2-94e3-563a3b2c3585,a4ea5a7a-d7f0-11ef-a75a-0275dc2ded29,1,17ee44f7-9129-4260-b0f4-1d92683f6e64,"{""en"": {""value"": ""29.701 g whole egg"", ""direction"": ""ltr""}}",[],[],9227a6b9-9333-49b4-a50a-842defc7c921,"{""en"": {""value"": ""0.300 g beeswax"", ""direction"": ""ltr""}}",[],[],853debc1-62f9-4011-bebd-ddccaa256b6f,"{""en"": {""value"": ""whole egg"", ""direction"": ""ltr""}}",[],[],[],0ea3a3d9-b7f7-4dcf-a5cb-52a644beac78,29.701,[],[],4383583c-36d8-469d-896d-c73bcb374e6e,"{""en"": {""value"": ""beeswax"", ""direction"": ""ltr""}}",[],[],[],36551f70-be77-4228-b7b5-309bdcee9eec,0.3,[],[],,,,,,
c4d960fb-eb26-49fb-9dd1-6c64c6ffcba7,d4e956f7-9fad-4fd2-94e3-563a3b2c3585,a4ea5a7a-d7f0-11ef-a75a-0275dc2ded29,1,12f60b73-3632-44bc-88de-123b4b0afc99,"{""en"": {""value"": ""29.701 g whole egg"", ""direction"": ""ltr""}}",[],[],adee9ac6-89f1-4789-8e99-fb117c69e9fd,"{""en"": {""value"": ""0.300 g beeswax"", ""direction"": ""ltr""}}",[],[],a870fcfd-2746-4034-8e3b-9f5e7e8b2247,"{""en"": {""value"": ""whole egg"", ""direction"": ""ltr""}}",[],[],[],1e6b993f-cbe5-4eff-b358-a85081ceb644,29.701,[],[],91c0e663-c23b-4729-b05b-2f5755ff2d7e,"{""en"": {""value"": ""beeswax"", ""direction"": ""ltr""}}",[],[],[],154daa7e-1cd7-415c-81b3-3e6a62a339d5,0.3,[],[],,,,,,
4418723e-7d7e-4682-a242-06c818640771,d4e956f7-9fad-4fd2-94e3-563a3b2c3585,a4ea5a7a-d7f0-11ef-a75a-0275dc2ded29,1,c1b1a0c5-f397-45f5-aa7a-75eefd372834,"{""en"": {""value"": ""34.933 g whole egg"", ""direction"": ""ltr""}}",[],[],d4f9d7ac-8514-4bc2-9c0a-292261be93c0,"{""en"": {""value"": ""0.071 g beeswax"", ""direction"": ""ltr""}}",[],[],b5836ae3-92c6-4c6c-86d3-fe6c987af073,"{""en"": {""value"": ""whole egg"", ""direction"": ""ltr""}}",[],[],[],bb333e0b-5fc2-4786-8978-2ff321eaa269,34.933,[],[],2c8b8691-0bf1-4b9a-9e7f-5dbda3764619,"{""en"": {""value"": ""beeswax"", ""direction"": ""ltr""}}",[],[],[],fde144fb-f826-46db-87ec-53027d60e570,0.071,[],[],,,,,,
b74324cb-10eb-4749-b9f2-72396032f228,d4e956f7-9fad-4fd2-94e3-563a3b2c3585,a4ea5a7a-d7f0-11ef-a75a-0275dc2ded29,1,9e5592ee-cf3b-45bc-b900-4090976a0647,"{""en"": {""value"": ""34.933 g whole egg"", ""direction"": ""ltr""}}",[],[],a77fa8d0-6cf1-4b31-9189-53090fabdd49,"{""en"": {""value"": ""0.071 g beeswax"", ""direction"": ""ltr""}}",[],[],946ee228-6646-4bf5-849a-277bf2030c6a,"{""en"": {""value"": ""whole egg"", ""direction"": ""ltr""}}",[],[],[],3ef06ebb-56b4-49b0-8310-ef501a1b9bc3,34.933,[],[],af635e94-bcd0-4b51-8273-5df71df8fc35,"{""en"": {""value"": ""beeswax"", ""direction"": ""ltr""}}",[],[],[],1779f4d7-63a7-492f-b796-853656148451,0.071,[],[],,,,,,
d968b5f8-8a8f-47fd-8bcf-3b8dabb06585,d4e956f7-9fad-4fd2-94e3-563a3b2c3585,a4ea5a7a-d7f0-11ef-a75a-0275dc2ded29,1,f4fde14a-ced0-4e0c-8652-c0133cacab8b,"{""en"": {""value"": ""34.933 g whole egg"", ""direction"": ""ltr""}}",[],[],ec780f04-9ba7-4acc-af70-b739e7704ff1,"{""en"": {""value"": ""0.071 g beeswax"", ""direction"": ""ltr""}}",[],[],05566153-7c35-4e5f-b2a3-35d6b784cc31,"{""en"": {""value"": ""whole egg"", ""direction"": ""ltr""}}",[],[],[],d28f87c9-6053-4790-a65f-7c9d9c422c02,34.933,[],[],862d6c66-95ed-459a-8593-e6dc5f5211a8,"{""en"": {""value"": ""beeswax"", ""direction"": ""ltr""}}",[],[],[],3a1a00c8-6c70-4be5-a2a9-15ae9ff43ba0,0.071,[],[],,,,,,
f8fee392-3496-4313-bb2a-3f97c0f21cf6,d4e956f7-9fad-4fd2-94e3-563a3b2c3585,a4ea5a7a-d7f0-11ef-a75a-0275dc2ded29,1,fceda86e-1a10-4576-ad46-2b1f84b04762,"{""en"": {""value"": ""34.933 g whole egg"", ""direction"": ""ltr""}}",[],[],8cb0f292-e97b-484a-af29-e42aa44c2c68,"{""en"": {""value"": ""0.071 g beeswax"", ""direction"": ""ltr""}}",[],[],5daab4e9-988b-4478-9e29-93a0a1bc5145,"{""en"": {""value"": ""whole egg"", ""direction"": ""ltr""}}",[],[],[],723baa13-ac76-4693-93ad-f758febe7c60,34.933,[],[],1ebf3946-b18a-4fc1-86e4-2e5704d5325c,"{""en"": {""value"": ""beeswax"", ""direction"": ""ltr""}}",[],[],[],65e534d8-1e7a-4ab9-b42f-fdce76e3f543,0.071,[],[],,,,,,
15df8687-8b23-4588-b16f-b6f74851446a,d4e956f7-9fad-4fd2-94e3-563a3b2c3585,a4ea5a7a-d7f0-11ef-a75a-0275dc2ded29,1,7fa0fb02-6633-444d-b5fc-e57a51269ba3,"{""en"": {""value"": ""39.965 g whole egg"", ""direction"": ""ltr""}}",[],[],cffd2c90-d076-4130-a487-8ad0aa33b18c,"{""en"": {""value"": ""0.041 g beeswax"", ""direction"": ""ltr""}}",[],[],bdf3dcf1-0f8a-4ed2-aac6-30772b569788,"{""en"": {""value"": ""whole egg"", ""direction"": ""ltr""}}",[],[],[],94395588-5a1f-4f0d-a262-b3b33768aeaa,39.965,[],[],374db841-bed7-4bf0-8427-c5aef46719cb,"{""en"": {""value"": ""beeswax"", ""direction"": ""ltr""}}",[],[],[],12ef946a-73b4-45e5-a859-ba60501ae16d,0.041,[],[],,,,,,
a9c72062-8901-4c89-8477-de1ea9aacab7,d4e956f7-9fad-4fd2-94e3-563a3b2c3585,a4ea5a7a-d7f0-11ef-a75a-0275dc2ded29,1,cbece5aa-4e89-41fb-bdef-8a3fa890c437,"{""en"": {""value"": ""39.965 g whole egg"", ""direction"": ""ltr""}}",[],[],7c4fd43e-f698-40e0-aa52-3be0e01507ac,"{""en"": {""value"": ""0.041 g beeswax"", ""direction"": ""ltr""}}",[],[],880a9920-1373-4be3-bc47-aa1be977d094,"{""en"": {""value"": ""whole egg"", ""direction"": ""ltr""}}",[],[],[],2eafc0bf-ffe5-4af1-9e06-6f7ac183d275,39.965,[],[],23f5935b-11cf-44d7-bfff-914a359a8cdb,"{""en"": {""value"": ""beeswax"", ""direction"": ""ltr""}}",[],[],[],87ea415b-4784-40c2-9124-047701f18010,0.041,[],[],,,,,,
f67dfd37-d3c0-454e-9382-7342fb7c15b1,d4e956f7-9fad-4fd2-94e3-563a3b2c3585,a4ea5a7a-d7f0-11ef-a75a-0275dc2ded29,1,7e53e05d-c3fc-4368-a770-a7371c553e27,"{""en"": {""value"": ""39.965 g whole egg"", ""direction"": ""ltr""}}",[],[],fd6e40fb-5165-4737-be17-23c32c5def41,"{""en"": {""value"": ""0.041 g beeswax"", ""direction"": ""ltr""}}",[],[],97a11a5d-df5a-4440-8d5d-abf1984a008e,"{""en"": {""value"": ""whole egg"", ""direction"": ""ltr""}}",[],[],[],462a81a6-bfc7-4010-9618-799efb7a4168,39.965,[],[],f406437f-28d7-4d70-a467-77cb17a8bc9a,"{""en"": {""value"": ""beeswax"", ""direction"": ""ltr""}}",[],[],[],c029faf4-a247-47ff-b84a-1ff24e4ae14e,0.041,[],[],,,,,,
23c58477-f17a-4bef-9394-0335d22a9eec,d4e956f7-9fad-4fd2-94e3-563a3b2c3585,a4ea5a7a-d7f0-11ef-a75a-0275dc2ded29,1,07bebe11-c2d8-41b6-b5da-c55d3370c5bb,"{""en"": {""value"": ""39.965 g whole egg"", ""direction"": ""ltr""}}",[],[],8467fb49-a0d8-4b4d-a47c-34cb40918be7,"{""en"": {""value"": ""0.041 g beeswax"", ""direction"": ""ltr""}}",[],[],edcc32e3-4d67-4bba-a4e7-96c9c86fe755,"{""en"": {""value"": ""whole egg"", ""direction"": ""ltr""}}",[],[],[],bc77e9f5-1fa3-4dcf-990f-3ee20fe0ec6f,39.965,[],[],7e9c878b-e3bd-4639-9ae5-50d2ab1a124f,"{""en"": {""value"": ""beeswax"", ""direction"": ""ltr""}}",[],[],[],6e43a1ab-bc86-46e6-9b29-464668a204d3,0.041,[],[],,,,,,
88f09e7f-5d06-4979-8d0f-25ae54c14e88,d4e956f7-9fad-4fd2-94e3-563a3b2c3585,a4ea5a7a-d7f0-11ef-a75a-0275dc2ded29,1,9e82f737-3927-4e5d-a87c-5d346e4d0a7f,"{""en"": {""value"": ""Triodia sp.  resin"", ""direction"": ""ltr""}}",[],[],c7ed2da7-922d-4bb6-acdc-906eb8788166,"{""en"": {""value"": ""beeswax"", ""direction"": ""ltr""}}",[],[],,,,,,,,,,,,,,,,,,,,,,,,
9e7c2118-4018-418b-ba26-500103bc89ce,d4e956f7-9fad-4fd2-94e3-563a3b2c3585,a4ea5a7a-d7f0-11ef-a75a-0275dc2ded29,1,1bbf78e4-f6f1-43b7-8f14-1c1b98a47b11,"{""en"": {""value"": ""Gum tragacanth"", ""direction"": ""ltr""}}",[],[],b1079642-a21c-4c10-b050-8028646e056f,"{""en"": {""value"": ""water"", ""direction"": ""ltr""}}",[],[],,,,,,,,,,,,,,,,,,,,,,,,
08c0ab47-731a-406f-9565-a93195df832b,d4e956f7-9fad-4fd2-94e3-563a3b2c3585,a4ea5a7a-d7f0-11ef-a75a-0275dc2ded29,1,b968378c-329f-4f4e-90b7-60c6bbac20a9,"{""en"": {""value"": ""Beeswax"", ""direction"": ""ltr""}}",[],[],aa21c194-af2d-4603-aa33-00fe2bccfe55,"{""en"": {""value"": ""Turpentine"", ""direction"": ""ltr""}}",[],[],,,,,,,,,,,,,,,,,,,,,,,,
6bf05657-dd7a-4092-93a4-929160192a1d,d4e956f7-9fad-4fd2-94e3-563a3b2c3585,a4ea5a7a-d7f0-11ef-a75a-0275dc2ded29,1,94e033f7-f5e5-4191-ba86-4fd6b85a5b5e,"{""en"": {""value"": ""Beeswax"", ""direction"": ""ltr""}}",[],[],0ee5b121-784b-4580-9f87-c3426138ac05,"{""en"": {""value"": ""Water"", ""direction"": ""ltr""}}",[],[],,,,,,,,,,,,,,,,,,,c043081f-437f-40ca-a296-5aa448502375,[],1443b31a-346e-499e-bb19-84e0a4eaf538,"{""en"": {""value"": ""Ammonium Carbonate"", ""direction"": ""ltr""}}",[],[]
965629a9-8979-41e0-8be7-a1effc3ce7b1,d4e956f7-9fad-4fd2-94e3-563a3b2c3585,a4ea5a7a-d7f0-11ef-a75a-0275dc2ded29,1,b77ac27d-5995-4224-bc29-8e05844b382e,"{""en"": {""value"": ""Gum tragacanth"", ""direction"": ""ltr""}}",[],[],7acec733-91a4-426a-8d6c-5f97efc3efbd,"{""en"": {""value"": ""Water"", ""direction"": ""ltr""}}",[],[],,,,,,,,,,,,,,,,,,,4c45226e-5895-488b-9ee3-535292d984df,[],9b272249-67e0-4134-89ee-4ba8a2842cca,"{""en"": {""value"": ""Alcohol"", ""direction"": ""ltr""}}",[],[]
044c29e6-3997-4e14-8089-8dc1bf7cedb6,d4e956f7-9fad-4fd2-94e3-563a3b2c3585,a4ea5a7a-d7f0-11ef-a75a-0275dc2ded29,1,c42fdeff-3558-431b-bd12-ae17a49ef417,"{""en"": {""value"": ""Copal Lumps"", ""direction"": ""ltr""}}",[],[],9eafaa8c-c4d9-4086-bbf8-27bc3695e311,"{""en"": {""value"": ""Raw Linseed Oil"", ""direction"": ""ltr""}}",[],[],,,,,,,,,,,,,,,,,,,,,,,,
5d9e009e-e0d9-4e18-9988-9009eab73aba,d4e956f7-9fad-4fd2-94e3-563a3b2c3585,a4ea5a7a-d7f0-11ef-a75a-0275dc2ded29,1,a0f907cf-de2c-4a10-ad52-f25a50f6fa07,"{""en"": {""value"": ""Casein Powder"", ""direction"": ""ltr""}}",[],[],7bf35549-422c-4845-8e6b-71e2c4a7b893,"{""en"": {""value"": ""Water"", ""direction"": ""ltr""}}",[],[],,,,,,,,,,,,,,,,,,,6098e3a9-7404-44d2-8414-ae76d11d81d5,[],4db6d172-5a9f-499f-bf83-7705953a7526,"{""en"": {""value"": ""Ammonium Carbonate"", ""direction"": ""ltr""}}",[],[]
22035290-4370-411c-b875-a643dc65c18c,d4e956f7-9fad-4fd2-94e3-563a3b2c3585,a4ea5a7a-d7f0-11ef-a75a-0275dc2ded29,1,9275bc49-b293-4847-9245-a140b867d022,"{""en"": {""value"": ""Knox Gelatine"", ""direction"": ""ltr""}}",[],[],ada45451-e533-4bd3-b946-e5bb325dbef6,"{""en"": {""value"": ""Water"", ""direction"": ""ltr""}}",[],[],,,,,,,,,,,,,,,,,,,,,,,,
36de6dfb-d8a1-4e4a-b326-44eda272b6fb,d4e956f7-9fad-4fd2-94e3-563a3b2c3585,a4ea5a7a-d7f0-11ef-a75a-0275dc2ded29,1,dbc32cf9-5b3e-4c26-b544-24df9f09ca4b,"{""en"": {""value"": ""Mastic"", ""direction"": ""ltr""}}",[],[],334d0ddc-a195-4357-a2c3-a01e0d55a504,"{""en"": {""value"": ""Turpentine"", ""direction"": ""ltr""}}",[],[],,,,,,,,,,,,,,,,,,,,,,,,
a0b8c1ef-1c05-4c39-b2f4-25dea31e3e4d,d4e956f7-9fad-4fd2-94e3-563a3b2c3585,a4ea5a7a-d7f0-11ef-a75a-0275dc2ded29,1,068a22ae-872e-47b0-9b08-3f92cdc4c167,"{""en"": {""value"": ""Acrylic powder"", ""direction"": ""ltr""}}",[],[],acf4f72a-bb1f-49b4-93a0-cff621ba6430,"{""en"": {""value"": ""Toluene"", ""direction"": ""ltr""}}",[],[],,,,,,,,,,,,,,,,,,,,,,,,
fdb05508-541f-4419-9ef9-c3b9424373cd,d4e956f7-9fad-4fd2-94e3-563a3b2c3585,a4ea5a7a-d7f0-11ef-a75a-0275dc2ded29,1,d07655fe-e2ad-443a-ae32-58d87267cf5e,"{""en"": {""value"": ""Oil"", ""direction"": ""ltr""}}",[],[],710cb1f6-0e66-470d-8891-090577a4210e,"{""en"": {""value"": ""Gum"", ""direction"": ""ltr""}}",[],[],,,,,,,,,,,,,,,,,,,,,,,,
9fc541b2-4a75-4ef3-8201-23acd68dbb7f,d4e956f7-9fad-4fd2-94e3-563a3b2c3585,a4ea5a7a-d7f0-11ef-a75a-0275dc2ded29,1,79b36391-2ec9-46c9-9837-f85d5a142dad,"{""en"": {""value"": ""Oil"", ""direction"": ""ltr""}}",[],[],d59154e6-c2d2-469d-a20a-2720374b7790,"{""en"": {""value"": ""Glue"", ""direction"": ""ltr""}}",[],[],,,,,,,,,,,,,,,,,,,,,,,,
82a6572f-53c3-4a95-bebc-7087fa43dbf7,d4e956f7-9fad-4fd2-94e3-563a3b2c3585,a4ea5a7a-d7f0-11ef-a75a-0275dc2ded29,1,8ea3ae07-e050-44d4-bc66-eeeb633cc126,"{""en"": {""value"": ""Egg"", ""direction"": ""ltr""}}",[],[],3bc167f4-ce72-4763-9d0c-4f251ee19cc9,"{""en"": {""value"": ""Oil"", ""direction"": ""ltr""}}",[],[],,,,,,,,,,,,,,,,,,,c5af7ed1-bec1-4677-a18e-179c19b67b3b,[],3243cfda-e7a3-4d34-8be9-334f0f6f3f36,"{""en"": {""value"": ""Water"", ""direction"": ""ltr""}}",[],[]
0de5687a-779c-40f8-8cb3-171c979a9b87,d4e956f7-9fad-4fd2-94e3-563a3b2c3585,a4ea5a7a-d7f0-11ef-a75a-0275dc2ded29,1,bf771b13-a6e4-478b-b156-17083dd857d0,"{""en"": {""value"": ""Glycerin"", ""direction"": ""ltr""}}",[],[],0eb9bf68-6813-44a0-85fa-d577fa813142,"{""en"": {""value"": ""Gum Arabic"", ""direction"": ""ltr""}}",[],[],,,,,,,,,,,,,,,,,,,6e20221e-aa52-4bca-a36f-b2d8e6810321,[],3caaa297-2aeb-4156-a45e-8a7e54fb7e24,"{""en"": {""value"": ""Water"", ""direction"": ""ltr""}}",[],[]
25653d5c-5dbd-4b42-923a-8aa84f3fe3a2,d4e956f7-9fad-4fd2-94e3-563a3b2c3585,a4ea5a7a-d7f0-11ef-a75a-0275dc2ded29,1,d028b1dc-493b-4510-be77-d159576b8817,"{""en"": {""value"": ""Paraffin wax"", ""direction"": ""ltr""}}",[],[],90d3d970-6f98-4126-a4c1-7e385f137d5b,"{""en"": {""value"": ""Xylenes"", ""direction"": ""ltr""}}",[],[],,,,,,,,,,,,,,,,,,,,,,,,
a13b4945-8518-4cb6-b196-b047eb339880,d4e956f7-9fad-4fd2-94e3-563a3b2c3585,a4ea5a7a-d7f0-11ef-a75a-0275dc2ded29,1,c2d04a8b-b61c-48dc-a4a7-f5ba59b8f62f,"{""en"": {""value"": ""White beeswax"", ""direction"": ""ltr""}}",[],[],8280a2ac-e4d2-47c2-9a55-ebfd303f7c44,"{""en"": {""value"": ""Xylenes"", ""direction"": ""ltr""}}",[],[],,,,,,,,,,,,,,,,,,,,,,,,
da635a4f-a182-4929-80ac-289baf1267d7,d4e956f7-9fad-4fd2-94e3-563a3b2c3585,a4ea5a7a-d7f0-11ef-a75a-0275dc2ded29,1,29faaf3c-afd5-41a9-870e-f4f944fc9ed2,"{""en"": {""value"": ""Crude beeswax"", ""direction"": ""ltr""}}",[],[],837057c7-81fb-4e0d-8deb-62152dec3964,"{""en"": {""value"": ""Xylenes"", ""direction"": ""ltr""}}",[],[],,,,,,,,,,,,,,,,,,,,,,,,
d3e8c235-1a23-4bd7-aa13-afb4ecf9acda,d4e956f7-9fad-4fd2-94e3-563a3b2c3585,a4ea5a7a-d7f0-11ef-a75a-0275dc2ded29,1,f4c8be7a-85f3-4c26-802f-6625606438bb,"{""en"": {""value"": ""Linseed Oil (OIL10711)"", ""direction"": ""ltr""}}",[],[],,,,,,,,,,,,,,,,,,,,,,,,,,,,
68605614-c507-4df2-a7b0-760573fa435b,d4e956f7-9fad-4fd2-94e3-563a3b2c3585,a4ea5a7a-d7f0-11ef-a75a-0275dc2ded29,1,940bac87-65e3-40a8-bf39-5e3fbd29a665,"{""en"": {""value"": ""Linseed Oil (OIL10711)"", ""direction"": ""ltr""}}",[],[],,,,,,,,,,,,,,,,,,,,,,,,,,,,
a5cf2c11-0783-480f-a3f8-778f2d96e1e3,d4e956f7-9fad-4fd2-94e3-563a3b2c3585,a4ea5a7a-d7f0-11ef-a75a-0275dc2ded29,1,107f0d3f-0de2-45d8-b15d-75907c05e632,"{""en"": {""value"": ""Linseed Oil (OIL10711)"", ""direction"": ""ltr""}}",[],[],,,,,,,,,,,,,,,,,,,,,,,,,,,,
c6148c09-a699-4918-8b55-5c8ee7bd84af,d4e956f7-9fad-4fd2-94e3-563a3b2c3585,a4ea5a7a-d7f0-11ef-a75a-0275dc2ded29,1,08f83621-1f3e-492a-b1a6-847aaf1a0b90,"{""en"": {""value"": ""Linseed Oil (OIL10711)"", ""direction"": ""ltr""}}",[],[],,,,,,,,,,,,,,,,,,,,,,,,,,,,
13bc2693-9645-49a8-afdd-61c63eb749a1,d4e956f7-9fad-4fd2-94e3-563a3b2c3585,a4ea5a7a-d7f0-11ef-a75a-0275dc2ded29,1,a78a7d90-4945-4eeb-9625-2979c03d771b,"{""en"": {""value"": ""Linseed Oil (OIL10711)"", ""direction"": ""ltr""}}",[],[],,,,,,,,,,,,,,,,,,,,,,,,,,,,
8e693287-7138-4714-86e7-5155a67bc0fe,d4e956f7-9fad-4fd2-94e3-563a3b2c3585,a4ea5a7a-d7f0-11ef-a75a-0275dc2ded29,1,4b585700-1b1d-4161-a685-445e6fb7d7fd,"{""en"": {""value"": ""Linseed Oil (OIL10711)"", ""direction"": ""ltr""}}",[],[],,,,,,,,,,,,,,,,,,,,,,,,,,,,
e400ad9d-c371-4280-99e2-3466694be174,d4e956f7-9fad-4fd2-94e3-563a3b2c3585,a4ea5a7a-d7f0-11ef-a75a-0275dc2ded29,1,2aedb75b-3d25-47d0-924e-38a1ca0d3a98,"{""en"": {""value"": ""Linseed Oil (OIL10711)"", ""direction"": ""ltr""}}",[],[],,,,,,,,,,,,,,,,,,,,,,,,,,,,
36f59177-a5f5-41e5-829a-d9b2d0cdb1e0,d4e956f7-9fad-4fd2-94e3-563a3b2c3585,a4ea5a7a-d7f0-11ef-a75a-0275dc2ded29,1,5eaf58b9-528b-4c50-a7b2-9bba7775403b,"{""en"": {""value"": ""Linseed Oil (OIL10711)"", ""direction"": ""ltr""}}",[],[],,,,,,,,,,,,,,,,,,,,,,,,,,,,
d6ef96ab-a520-4cd3-8bc9-1e2e6581a0d7,d4e956f7-9fad-4fd2-94e3-563a3b2c3585,a4ea5a7a-d7f0-11ef-a75a-0275dc2ded29,1,65a8092b-3f9f-4a18-92a3-b48c93c593e4,"{""en"": {""value"": ""Linseed Oil (OIL10711)"", ""direction"": ""ltr""}}",[],[],,,,,,,,,,,,,,,,,,,,,,,,,,,,
7790a8e0-83d6-4c76-9fcf-441e94c7e0c0,d4e956f7-9fad-4fd2-94e3-563a3b2c3585,a4ea5a7a-d7f0-11ef-a75a-0275dc2ded29,1,b0870dcc-864d-45a8-835b-23f2e20e4252,"{""en"": {""value"": ""Linseed Oil (OIL10711)"", ""direction"": ""ltr""}}",[],[],,,,,,,,,,,,,,,,,,,,,,,,,,,,
a578bf46-efe9-443a-979c-54949e937471,d4e956f7-9fad-4fd2-94e3-563a3b2c3585,a4ea5a7a-d7f0-11ef-a75a-0275dc2ded29,1,adca864e-8dea-4147-82ac-23c934573f27,"{""en"": {""value"": ""Linseed Oil (OIL10711)"", ""direction"": ""ltr""}}",[],[],,,,,,,,,,,,,,,,,,,,,,,,,,,,
8c803092-2c38-4c4b-a501-02287c62a34f,d4e956f7-9fad-4fd2-94e3-563a3b2c3585,a4ea5a7a-d7f0-11ef-a75a-0275dc2ded29,1,a26b9a34-431c-4692-b7a5-4dccf66bdcd9,"{""en"": {""value"": ""Linseed Oil (OIL10711)"", ""direction"": ""ltr""}}",[],[],,,,,,,,,,,,,,,,,,,,,,,,,,,,
5a0e4b4d-fefd-4f2b-a1e6-eaebd8e580a7,d4e956f7-9fad-4fd2-94e3-563a3b2c3585,a4ea5a7a-d7f0-11ef-a75a-0275dc2ded29,1,20a68ee9-2ea5-44ba-b5ef-c0ea8c2da205,"{""en"": {""value"": ""Linseed Oil (OIL10711)"", ""direction"": ""ltr""}}",[],[],,,,,,,,,,,,,,,,,,,,,,,,,,,,
9ad0526f-8049-4c6a-b604-232501aca98e,d4e956f7-9fad-4fd2-94e3-563a3b2c3585,a4ea5a7a-d7f0-11ef-a75a-0275dc2ded29,1,928ab874-6fae-4076-9b1e-103a13ff2a5c,"{""en"": {""value"": ""Linseed Oil (OIL10711)"", ""direction"": ""ltr""}}",[],[],,,,,,,,,,,,,,,,,,,,,,,,,,,,
6571c462-bdcc-4b04-95a0-64ce88273f80,d4e956f7-9fad-4fd2-94e3-563a3b2c3585,a4ea5a7a-d7f0-11ef-a75a-0275dc2ded29,1,4cf1a980-487f-443d-a4a6-168ccb13016a,"{""en"": {""value"": ""Linseed Oil (OIL10681)"", ""direction"": ""ltr""}}",[],[],,,,,,,,,,,,,,,,,,,,,,,,,,,,
0cf260ed-e994-4021-b025-a3a336b1e5fa,d4e956f7-9fad-4fd2-94e3-563a3b2c3585,a4ea5a7a-d7f0-11ef-a75a-0275dc2ded29,1,179fb279-94c5-4473-847e-2a87aa5ea4be,"{""en"": {""value"": ""Linseed Oil (OIL10681)"", ""direction"": ""ltr""}}",[],[],,,,,,,,,,,,,,,,,,,,,,,,,,,,
e4bb6286-2773-4309-a538-95fbc981ba65,d4e956f7-9fad-4fd2-94e3-563a3b2c3585,a4ea5a7a-d7f0-11ef-a75a-0275dc2ded29,1,b7723391-0908-4f9e-85ff-fbbcdba7ead2,"{""en"": {""value"": ""Linseed Oil (OIL10681)"", ""direction"": ""ltr""}}",[],[],,,,,,,,,,,,,,,,,,,,,,,,,,,,
945f5138-3e67-416b-8abb-b195d91772bf,d4e956f7-9fad-4fd2-94e3-563a3b2c3585,a4ea5a7a-d7f0-11ef-a75a-0275dc2ded29,1,d3e1a38f-2f0f-4bde-9430-8bc5c52e14ab,"{""en"": {""value"": ""Linseed Oil (OIL10681)"", ""direction"": ""ltr""}}",[],[],,,,,,,,,,,,,,,,,,,,,,,,,,,,
e9eef1c9-90de-44ab-886e-c0cb0cacbc73,d4e956f7-9fad-4fd2-94e3-563a3b2c3585,a4ea5a7a-d7f0-11ef-a75a-0275dc2ded29,1,5d9b0971-bbd2-457e-8d54-3aa5d6b68d39,"{""en"": {""value"": ""Linseed Oil (OIL10681)"", ""direction"": ""ltr""}}",[],[],,,,,,,,,,,,,,,,,,,,,,,,,,,,
acf7427c-038a-40bd-b47c-f3df403c20ed,d4e956f7-9fad-4fd2-94e3-563a3b2c3585,a4ea5a7a-d7f0-11ef-a75a-0275dc2ded29,1,862fabf9-7745-48ca-a5db-d7315c178b2f,"{""en"": {""value"": ""Linseed Oil (OIL10681)"", ""direction"": ""ltr""}}",[],[],,,,,,,,,,,,,,,,,,,,,,,,,,,,
9dff3818-367f-465f-b866-d8a07917264e,d4e956f7-9fad-4fd2-94e3-563a3b2c3585,a4ea5a7a-d7f0-11ef-a75a-0275dc2ded29,1,0957ffeb-4a9e-4d18-9d7e-05ddb33f7f90,"{""en"": {""value"": ""Linseed Oil (OIL10681)"", ""direction"": ""ltr""}}",[],[],,,,,,,,,,,,,,,,,,,,,,,,,,,,
61bafe42-d646-4130-8a0d-b6db3a29b520,d4e956f7-9fad-4fd2-94e3-563a3b2c3585,a4ea5a7a-d7f0-11ef-a75a-0275dc2ded29,1,33b3ec43-85f7-4752-b5b6-a390dcf7d33b,"{""en"": {""value"": ""Linseed Oil (OIL10681)"", ""direction"": ""ltr""}}",[],[],,,,,,,,,,,,,,,,,,,,,,,,,,,,
8affb293-f839-43ea-b9ee-448805ca3553,d4e956f7-9fad-4fd2-94e3-563a3b2c3585,a4ea5a7a-d7f0-11ef-a75a-0275dc2ded29,1,2d07132b-7244-48f4-bd75-b6ba784fc0fe,"{""en"": {""value"": ""Linseed Oil (OIL10681)"", ""direction"": ""ltr""}}",[],[],,,,,,,,,,,,,,,,,,,,,,,,,,,,
cd8f32ed-8fcc-4f50-838b-5c0b630b842f,d4e956f7-9fad-4fd2-94e3-563a3b2c3585,a4ea5a7a-d7f0-11ef-a75a-0275dc2ded29,1,b838fc09-231a-400a-b2d2-159db80a4534,"{""en"": {""value"": ""Linseed Oil (OIL10681)"", ""direction"": ""ltr""}}",[],[],,,,,,,,,,,,,,,,,,,,,,,,,,,,
540ebf0a-ce57-4777-a206-530b1b941efd,d4e956f7-9fad-4fd2-94e3-563a3b2c3585,a4ea5a7a-d7f0-11ef-a75a-0275dc2ded29,1,578643cc-61b0-4ec7-906e-d1c00c02085e,"{""en"": {""value"": ""Linseed Oil (OIL10681)"", ""direction"": ""ltr""}}",[],[],,,,,,,,,,,,,,,,,,,,,,,,,,,,
cdc3e473-ad95-43c4-bb15-46f09bd67942,d4e956f7-9fad-4fd2-94e3-563a3b2c3585,a4ea5a7a-d7f0-11ef-a75a-0275dc2ded29,1,115906a0-162b-4a74-9537-a169ae68cb25,"{""en"": {""value"": ""Linseed Oil (OIL10681)"", ""direction"": ""ltr""}}",[],[],,,,,,,,,,,,,,,,,,,,,,,,,,,,
013c409d-eb74-4708-959a-18864b4857af,d4e956f7-9fad-4fd2-94e3-563a3b2c3585,a4ea5a7a-d7f0-11ef-a75a-0275dc2ded29,1,e5f3e3b0-7643-4a68-b87f-da534b75ab9a,"{""en"": {""value"": ""Linseed Oil (OIL10681)"", ""direction"": ""ltr""}}",[],[],,,,,,,,,,,,,,,,,,,,,,,,,,,,
45092633-9a0b-4aa6-8835-01e4b941647a,d4e956f7-9fad-4fd2-94e3-563a3b2c3585,a4ea5a7a-d7f0-11ef-a75a-0275dc2ded29,1,3d221570-f96a-42a2-9ded-9f4fd432de70,"{""en"": {""value"": ""Linseed Oil (OIL10681)"", ""direction"": ""ltr""}}",[],[],,,,,,,,,,,,,,,,,,,,,,,,,,,,
34a98b3a-676b-4bf3-8a45-3c6ce5a35ab7,d4e956f7-9fad-4fd2-94e3-563a3b2c3585,a4ea5a7a-d7f0-11ef-a75a-0275dc2ded29,1,17b8d654-01c3-4586-9383-50200eff7499,"{""en"": {""value"": ""Walnut Oil (OIL10714)"", ""direction"": ""ltr""}}",[],[],,,,,,,,,,,,,,,,,,,,,,,,,,,,
683a4059-fcdf-4649-9e77-7d962679ff67,d4e956f7-9fad-4fd2-94e3-563a3b2c3585,a4ea5a7a-d7f0-11ef-a75a-0275dc2ded29,1,a633e8ed-ef79-4b2d-a7a1-c13e533e7d0f,"{""en"": {""value"": ""Walnut Oil (OIL10714)"", ""direction"": ""ltr""}}",[],[],,,,,,,,,,,,,,,,,,,,,,,,,,,,
29379057-40e0-447e-a35d-762177c0cb21,d4e956f7-9fad-4fd2-94e3-563a3b2c3585,a4ea5a7a-d7f0-11ef-a75a-0275dc2ded29,1,5c500f22-c28f-4190-8230-18f7ef203b8b,"{""en"": {""value"": ""Walnut Oil (OIL10714)"", ""direction"": ""ltr""}}",[],[],,,,,,,,,,,,,,,,,,,,,,,,,,,,
6f2ae1b4-423b-44d9-803e-46a43faa0e7f,d4e956f7-9fad-4fd2-94e3-563a3b2c3585,a4ea5a7a-d7f0-11ef-a75a-0275dc2ded29,1,d80fa637-64f6-4964-9473-601457ae3e7f,"{""en"": {""value"": ""Walnut Oil (OIL10714)"", ""direction"": ""ltr""}}",[],[],,,,,,,,,,,,,,,,,,,,,,,,,,,,
6b603d93-67ab-494a-9c58-4e3bacf206ff,d4e956f7-9fad-4fd2-94e3-563a3b2c3585,a4ea5a7a-d7f0-11ef-a75a-0275dc2ded29,1,8cc8ad12-9abd-4234-8a97-1ac2c6662531,"{""en"": {""value"": ""Walnut Oil (OIL10714)"", ""direction"": ""ltr""}}",[],[],,,,,,,,,,,,,,,,,,,,,,,,,,,,
cd7fb7c8-b31b-40f9-99d9-501ed8959d7e,d4e956f7-9fad-4fd2-94e3-563a3b2c3585,a4ea5a7a-d7f0-11ef-a75a-0275dc2ded29,1,6eb374df-8e99-4ab7-b6b2-ab5a647a1093,"{""en"": {""value"": ""Walnut Oil (OIL10714)"", ""direction"": ""ltr""}}",[],[],,,,,,,,,,,,,,,,,,,,,,,,,,,,
f2427b56-7c11-4c9b-8ae1-51c911b55b1b,d4e956f7-9fad-4fd2-94e3-563a3b2c3585,a4ea5a7a-d7f0-11ef-a75a-0275dc2ded29,1,6ae07502-85e9-49ee-9911-c46e47781eb1,"{""en"": {""value"": ""Walnut Oil (OIL10714)"", ""direction"": ""ltr""}}",[],[],,,,,,,,,,,,,,,,,,,,,,,,,,,,
9e591e06-16f9-49ff-9529-a3f9c758fadf,d4e956f7-9fad-4fd2-94e3-563a3b2c3585,a4ea5a7a-d7f0-11ef-a75a-0275dc2ded29,1,95cd2838-0f75-4dd6-8057-577f778394ce,"{""en"": {""value"": ""Walnut Oil (OIL10714)"", ""direction"": ""ltr""}}",[],[],,,,,,,,,,,,,,,,,,,,,,,,,,,,
6496508c-c390-4d5d-b63c-70ff30331b86,d4e956f7-9fad-4fd2-94e3-563a3b2c3585,a4ea5a7a-d7f0-11ef-a75a-0275dc2ded29,1,fcc890eb-267b-459d-a570-cc01f6255115,"{""en"": {""value"": ""Walnut Oil (OIL10714)"", ""direction"": ""ltr""}}",[],[],,,,,,,,,,,,,,,,,,,,,,,,,,,,
ca54da49-c975-458a-adaf-a94313d2fc2a,d4e956f7-9fad-4fd2-94e3-563a3b2c3585,a4ea5a7a-d7f0-11ef-a75a-0275dc2ded29,1,671d510f-b3c7-460a-85db-e14118774eb4,"{""en"": {""value"": ""Walnut Oil (OIL10714)"", ""direction"": ""ltr""}}",[],[],,,,,,,,,,,,,,,,,,,,,,,,,,,,
2203df18-1bb6-4722-b2ef-4eb700b8c57c,d4e956f7-9fad-4fd2-94e3-563a3b2c3585,a4ea5a7a-d7f0-11ef-a75a-0275dc2ded29,1,aff94066-5459-4765-ba20-75619aeb4b0b,"{""en"": {""value"": ""Walnut Oil (OIL10714)"", ""direction"": ""ltr""}}",[],[],,,,,,,,,,,,,,,,,,,,,,,,,,,,
d829aa6d-88e9-4856-9272-ad9fdbf23d80,d4e956f7-9fad-4fd2-94e3-563a3b2c3585,a4ea5a7a-d7f0-11ef-a75a-0275dc2ded29,1,2d3776bb-8a82-4549-b40c-6987c64bb16a,"{""en"": {""value"": ""Walnut Oil (OIL10714)"", ""direction"": ""ltr""}}",[],[],,,,,,,,,,,,,,,,,,,,,,,,,,,,
e1db534a-6544-4ef7-a176-bbfe343ba526,d4e956f7-9fad-4fd2-94e3-563a3b2c3585,a4ea5a7a-d7f0-11ef-a75a-0275dc2ded29,1,b898a8f3-ca55-417c-9b7a-8e610a777ef8,"{""en"": {""value"": ""Walnut Oil (OIL10714)"", ""direction"": ""ltr""}}",[],[],,,,,,,,,,,,,,,,,,,,,,,,,,,,
488dcdf7-b956-4fad-9bf7-8d3ed235c489,d4e956f7-9fad-4fd2-94e3-563a3b2c3585,a4ea5a7a-d7f0-11ef-a75a-0275dc2ded29,1,fbd3b0c3-e2ee-4207-be97-fec0f0c3f68c,"{""en"": {""value"": ""Walnut Oil (OIL10714)"", ""direction"": ""ltr""}}",[],[],,,,,,,,,,,,,,,,,,,,,,,,,,,,
1b76c935-22ff-42f6-ae15-d627af1efe6f,d4e956f7-9fad-4fd2-94e3-563a3b2c3585,a4ea5a7a-d7f0-11ef-a75a-0275dc2ded29,1,613555bf-8a7b-408b-b846-fa154a54e122,"{""en"": {""value"": ""Linseed Oil (OIL10711)"", ""direction"": ""ltr""}}",[],[],9be6fa1e-5a8a-407d-884b-ee4e7a49400c,"{""en"": {""value"": ""Turpentine"", ""direction"": ""ltr""}}",[],[],,,,,,,,,,,,,,,,,,,,,,,,
dd2cd3a5-7e98-4d15-a042-2607f378384f,d4e956f7-9fad-4fd2-94e3-563a3b2c3585,a4ea5a7a-d7f0-11ef-a75a-0275dc2ded29,1,9fbed2df-d518-445d-8b1b-b44d27b140d9,"{""en"": {""value"": ""Linseed Oil (OIL10711)"", ""direction"": ""ltr""}}",[],[],86616b6f-232b-4c2e-9ed0-9c23fa326762,"{""en"": {""value"": ""Turpentine"", ""direction"": ""ltr""}}",[],[],,,,,,,,,,,,,,,,,,,,,,,,
611feeda-f6f7-4388-8d63-b4f52be66476,d4e956f7-9fad-4fd2-94e3-563a3b2c3585,a4ea5a7a-d7f0-11ef-a75a-0275dc2ded29,1,0cdc8268-869f-4d0b-a0b5-0351edaef0a5,"{""en"": {""value"": ""Linseed Oil (OIL10711)"", ""direction"": ""ltr""}}",[],[],e6f2d1e4-4357-491e-8b4c-0c8a9be185bd,"{""en"": {""value"": ""Turpentine"", ""direction"": ""ltr""}}",[],[],,,,,,,,,,,,,,,,,,,,,,,,
d0b2551b-c476-41f4-82ff-477e30a7afed,d4e956f7-9fad-4fd2-94e3-563a3b2c3585,a4ea5a7a-d7f0-11ef-a75a-0275dc2ded29,1,861fa9bd-b5a3-47e6-8d25-7fa4b1c22048,"{""en"": {""value"": ""Linseed Oil (OIL10711)"", ""direction"": ""ltr""}}",[],[],561dcf12-1930-4958-9e18-9ad2fdeb7567,"{""en"": {""value"": ""Turpentine"", ""direction"": ""ltr""}}",[],[],,,,,,,,,,,,,,,,,,,,,,,,
14ae8f4e-a63e-476e-9d75-c4bdb47cb0d3,d4e956f7-9fad-4fd2-94e3-563a3b2c3585,a4ea5a7a-d7f0-11ef-a75a-0275dc2ded29,1,fc9743da-ea8d-40c4-9d04-08b76403d3a9,"{""en"": {""value"": ""Linseed Oil (OIL10711)"", ""direction"": ""ltr""}}",[],[],5261ad3d-30cf-4d2d-ab18-a91997077e95,"{""en"": {""value"": ""Turpentine"", ""direction"": ""ltr""}}",[],[],,,,,,,,,,,,,,,,,,,,,,,,
7db3dd9e-a04f-4bc1-89a4-dd90b0b4d206,d4e956f7-9fad-4fd2-94e3-563a3b2c3585,a4ea5a7a-d7f0-11ef-a75a-0275dc2ded29,1,6de2854f-3bcd-475d-968f-fb02489d976d,"{""en"": {""value"": ""Linseed Oil (OIL10711)"", ""direction"": ""ltr""}}",[],[],8aea9b90-a8e8-40f5-9fb0-b138270b0bbc,"{""en"": {""value"": ""Turpentine"", ""direction"": ""ltr""}}",[],[],,,,,,,,,,,,,,,,,,,,,,,,
26c174d8-a878-4010-912b-df4ebf563421,d4e956f7-9fad-4fd2-94e3-563a3b2c3585,a4ea5a7a-d7f0-11ef-a75a-0275dc2ded29,1,35357276-30d3-4aa8-83e0-08f2ccfaca54,"{""en"": {""value"": ""Linseed Oil (OIL10711)"", ""direction"": ""ltr""}}",[],[],3bf44450-54f4-4ff9-8548-716730075dee,"{""en"": {""value"": ""Turpentine"", ""direction"": ""ltr""}}",[],[],,,,,,,,,,,,,,,,,,,,,,,,
5659bd32-10db-4bb3-8123-6638ab39acc6,d4e956f7-9fad-4fd2-94e3-563a3b2c3585,a4ea5a7a-d7f0-11ef-a75a-0275dc2ded29,1,8ad55414-9817-4033-8d5f-36d13d68bb30,"{""en"": {""value"": ""Linseed Oil (OIL10711)"", ""direction"": ""ltr""}}",[],[],81009a6d-5dbb-4f8b-81c4-e2cbae69afaa,"{""en"": {""value"": ""Turpentine"", ""direction"": ""ltr""}}",[],[],,,,,,,,,,,,,,,,,,,,,,,,
bd908333-3d4b-422e-ad69-adb24a88dfb4,d4e956f7-9fad-4fd2-94e3-563a3b2c3585,a4ea5a7a-d7f0-11ef-a75a-0275dc2ded29,1,a1b0181f-3a36-4956-b3eb-3ee89b87819e,"{""en"": {""value"": ""Linseed Oil (OIL10711)"", ""direction"": ""ltr""}}",[],[],ca957bd4-eaca-40e8-a575-d82b8dd407c9,"{""en"": {""value"": ""Turpentine"", ""direction"": ""ltr""}}",[],[],,,,,,,,,,,,,,,,,,,,,,,,
730eba2b-dfc4-47ce-8b0c-180aa7a38a56,d4e956f7-9fad-4fd2-94e3-563a3b2c3585,a4ea5a7a-d7f0-11ef-a75a-0275dc2ded29,1,ed9dd0fd-d12b-498b-bd1e-9961b8c2be8d,"{""en"": {""value"": ""Linseed Oil (OIL10711)"", ""direction"": ""ltr""}}",[],[],cf098a7f-2108-45cd-94b2-14e57d7e1543,"{""en"": {""value"": ""Turpentine"", ""direction"": ""ltr""}}",[],[],,,,,,,,,,,,,,,,,,,,,,,,
14a1c3f0-4f24-4441-89d1-590738ee12de,d4e956f7-9fad-4fd2-94e3-563a3b2c3585,a4ea5a7a-d7f0-11ef-a75a-0275dc2ded29,1,09b1b6b6-0c30-494c-8f2c-9921f6376b7d,"{""en"": {""value"": ""Linseed Oil (OIL10711)"", ""direction"": ""ltr""}}",[],[],682d75a8-f5df-4763-934a-473baad871fa,"{""en"": {""value"": ""Turpentine"", ""direction"": ""ltr""}}",[],[],,,,,,,,,,,,,,,,,,,,,,,,
12912ae9-5a7d-4596-912a-37e33e44a3ca,d4e956f7-9fad-4fd2-94e3-563a3b2c3585,a4ea5a7a-d7f0-11ef-a75a-0275dc2ded29,1,fa67ca71-0417-4923-9b91-6ffe59d504aa,"{""en"": {""value"": ""Linseed Oil (OIL10681)"", ""direction"": ""ltr""}}",[],[],a0054018-8f31-45db-a9d7-21dda2e1bd20,"{""en"": {""value"": ""Turpentine"", ""direction"": ""ltr""}}",[],[],,,,,,,,,,,,,,,,,,,,,,,,
45399a0c-7d90-4f6c-bf52-05705ee3d77c,d4e956f7-9fad-4fd2-94e3-563a3b2c3585,a4ea5a7a-d7f0-11ef-a75a-0275dc2ded29,1,889421a8-8b23-4a4e-9372-3be039fde9e0,"{""en"": {""value"": ""Linseed Oil (OIL10711)"", ""direction"": ""ltr""}}",[],[],3a77d095-0656-41ea-9211-731e49572b3d,"{""en"": {""value"": ""Turpentine"", ""direction"": ""ltr""}}",[],[],,,,,,,,,,,,,,,,,,,,,,,,
3112d8b0-cd67-4f09-bd0f-d43b3cb92edd,d4e956f7-9fad-4fd2-94e3-563a3b2c3585,a4ea5a7a-d7f0-11ef-a75a-0275dc2ded29,1,aa1a2286-36f1-4092-8d55-48ab14bad59f,"{""en"": {""value"": ""Linseed Oil (OIL10681)"", ""direction"": ""ltr""}}",[],[],a1a9426c-a369-469e-8117-b797f61a80ad,"{""en"": {""value"": ""Turpentine"", ""direction"": ""ltr""}}",[],[],,,,,,,,,,,,,,,,,,,,,,,,
ae7e737c-fd7d-4e81-ba27-ba7fc32fce80,d4e956f7-9fad-4fd2-94e3-563a3b2c3585,a4ea5a7a-d7f0-11ef-a75a-0275dc2ded29,1,8431e838-6d6e-4462-9523-86e3e17d8c9c,"{""en"": {""value"": ""Linseed Oil (OIL10711)"", ""direction"": ""ltr""}}",[],[],861c08f1-44ff-48a4-83ab-570e87a160c5,"{""en"": {""value"": ""Turpentine"", ""direction"": ""ltr""}}",[],[],,,,,,,,,,,,,,,,,,,,,,,,
f07b593f-5740-4b09-9100-2b7494d05ce1,d4e956f7-9fad-4fd2-94e3-563a3b2c3585,a4ea5a7a-d7f0-11ef-a75a-0275dc2ded29,1,9461fee4-7799-4253-9839-f69cb95495ad,"{""en"": {""value"": ""Linseed Oil (OIL10711)"", ""direction"": ""ltr""}}",[],[],fa0a5385-aeef-4364-a50f-87dd9efac131,"{""en"": {""value"": ""Turpentine"", ""direction"": ""ltr""}}",[],[],,,,,,,,,,,,,,,,,,,,,,,,
f522567f-9d5e-48e2-b161-07754be514a0,d4e956f7-9fad-4fd2-94e3-563a3b2c3585,a4ea5a7a-d7f0-11ef-a75a-0275dc2ded29,1,2e8cd175-7a97-4078-a62a-43dca707ad71,"{""en"": {""value"": ""Linseed Oil (OIL10681)"", ""direction"": ""ltr""}}",[],[],c3c76d98-ccd7-4d8d-bbbd-fbf07e1c3ca1,"{""en"": {""value"": ""Turpentine"", ""direction"": ""ltr""}}",[],[],,,,,,,,,,,,,,,,,,,,,,,,
6143b50e-0678-4757-85f9-045b7a768fab,d4e956f7-9fad-4fd2-94e3-563a3b2c3585,a4ea5a7a-d7f0-11ef-a75a-0275dc2ded29,1,9b43ae78-2428-4a6e-a781-dc91b9823358,"{""en"": {""value"": ""Linseed Oil (OIL10681)"", ""direction"": ""ltr""}}",[],[],b10013eb-0963-41ba-9bbb-fc3671b790ed,"{""en"": {""value"": ""Turpentine"", ""direction"": ""ltr""}}",[],[],,,,,,,,,,,,,,,,,,,,,,,,
482f9dab-15b9-426a-8584-d61c08523b12,d4e956f7-9fad-4fd2-94e3-563a3b2c3585,a4ea5a7a-d7f0-11ef-a75a-0275dc2ded29,1,01c4acb0-7325-4b0a-90cb-edb1aba99156,"{""en"": {""value"": ""Linseed Oil (OIL10681)"", ""direction"": ""ltr""}}",[],[],bc8437f3-26f5-44e5-8553-0960331b21d7,"{""en"": {""value"": ""Turpentine"", ""direction"": ""ltr""}}",[],[],,,,,,,,,,,,,,,,,,,,,,,,
e5980438-39ec-4d57-bc55-600dc7b9bc96,d4e956f7-9fad-4fd2-94e3-563a3b2c3585,a4ea5a7a-d7f0-11ef-a75a-0275dc2ded29,1,c2309611-8912-4add-a668-0af26757615d,"{""en"": {""value"": ""Linseed Oil (OIL10681)"", ""direction"": ""ltr""}}",[],[],28905bd8-565f-449f-84ef-bb62cfd11ff8,"{""en"": {""value"": ""Turpentine"", ""direction"": ""ltr""}}",[],[],,,,,,,,,,,,,,,,,,,,,,,,
dc455b21-dc09-4071-828c-263f00877fdc,d4e956f7-9fad-4fd2-94e3-563a3b2c3585,a4ea5a7a-d7f0-11ef-a75a-0275dc2ded29,1,ff781a35-9ffe-4290-917d-0e6e1876dcdb,"{""en"": {""value"": ""Linseed Oil (OIL10681)"", ""direction"": ""ltr""}}",[],[],31ff2f57-e3e2-4b48-9d18-23927417e44e,"{""en"": {""value"": ""Turpentine"", ""direction"": ""ltr""}}",[],[],,,,,,,,,,,,,,,,,,,,,,,,
fddf60f8-cb01-4a52-8e7e-57e715aa7933,d4e956f7-9fad-4fd2-94e3-563a3b2c3585,a4ea5a7a-d7f0-11ef-a75a-0275dc2ded29,1,2044072b-f075-4cb5-8128-81e7fe3a824c,"{""en"": {""value"": ""Linseed Oil (OIL10681)"", ""direction"": ""ltr""}}",[],[],77a094d3-4372-487f-b3b2-1e1124435926,"{""en"": {""value"": ""Turpentine"", ""direction"": ""ltr""}}",[],[],,,,,,,,,,,,,,,,,,,,,,,,
3abc5bd9-8992-4bdb-8eeb-9662a3c3fb23,d4e956f7-9fad-4fd2-94e3-563a3b2c3585,a4ea5a7a-d7f0-11ef-a75a-0275dc2ded29,1,3f5eccb8-fb2f-4d64-8816-cec28e231cb0,"{""en"": {""value"": ""Linseed Oil (OIL10681)"", ""direction"": ""ltr""}}",[],[],4f5175b2-b8a9-43ce-9c5b-088a8e017855,"{""en"": {""value"": ""Turpentine"", ""direction"": ""ltr""}}",[],[],,,,,,,,,,,,,,,,,,,,,,,,
6f614462-2f16-4f92-87f1-206a4d169bc8,d4e956f7-9fad-4fd2-94e3-563a3b2c3585,a4ea5a7a-d7f0-11ef-a75a-0275dc2ded29,1,784f33d1-c94a-4d8e-b806-2a19708833e5,"{""en"": {""value"": ""Linseed Oil (OIL10681)"", ""direction"": ""ltr""}}",[],[],3139c537-42c9-4e25-b214-e9562bf86fb9,"{""en"": {""value"": ""Turpentine"", ""direction"": ""ltr""}}",[],[],,,,,,,,,,,,,,,,,,,,,,,,
1630e836-3bd8-42ef-b2e1-3b5be92df1d6,d4e956f7-9fad-4fd2-94e3-563a3b2c3585,a4ea5a7a-d7f0-11ef-a75a-0275dc2ded29,1,b0db3320-5e5b-4914-b51a-0896ef16590d,"{""en"": {""value"": ""Walnut Oil (OIL10714)"", ""direction"": ""ltr""}}",[],[],79c9e60a-fd47-4e3c-a63c-71cb75c57727,"{""en"": {""value"": ""Turpentine"", ""direction"": ""ltr""}}",[],[],,,,,,,,,,,,,,,,,,,,,,,,
dd5703b0-2b3b-41f5-9f4a-4b9aac8250c5,d4e956f7-9fad-4fd2-94e3-563a3b2c3585,a4ea5a7a-d7f0-11ef-a75a-0275dc2ded29,1,450c9fb5-b0d6-4b7c-9d96-a595de2e93b6,"{""en"": {""value"": ""Walnut Oil (OIL10714)"", ""direction"": ""ltr""}}",[],[],ded074a8-c4d3-4bab-a03b-7fb98fb7a078,"{""en"": {""value"": ""Turpentine"", ""direction"": ""ltr""}}",[],[],,,,,,,,,,,,,,,,,,,,,,,,
0fbbef1d-3288-4b8e-aa8d-41d17300e1f4,d4e956f7-9fad-4fd2-94e3-563a3b2c3585,a4ea5a7a-d7f0-11ef-a75a-0275dc2ded29,1,8ecb0383-74db-4ccb-93da-4d92be30052d,"{""en"": {""value"": ""Walnut Oil (OIL10714)"", ""direction"": ""ltr""}}",[],[],32c18d6f-4b28-4a04-af71-d4fd15154bd8,"{""en"": {""value"": ""Turpentine"", ""direction"": ""ltr""}}",[],[],,,,,,,,,,,,,,,,,,,,,,,,
62cf02f7-b746-4be1-9480-c8149f4c63a1,d4e956f7-9fad-4fd2-94e3-563a3b2c3585,a4ea5a7a-d7f0-11ef-a75a-0275dc2ded29,1,5e246046-1687-46d4-8c1b-4810b0d3774d,"{""en"": {""value"": ""Walnut Oil (OIL10714)"", ""direction"": ""ltr""}}",[],[],f3368c0f-5890-4787-aa8a-3a9d2475a57c,"{""en"": {""value"": ""Turpentine"", ""direction"": ""ltr""}}",[],[],,,,,,,,,,,,,,,,,,,,,,,,
deb1562f-d1a1-4c29-955e-eace1a0b671a,d4e956f7-9fad-4fd2-94e3-563a3b2c3585,a4ea5a7a-d7f0-11ef-a75a-0275dc2ded29,1,9ad8facb-9e67-4172-8e20-581ffc863c13,"{""en"": {""value"": ""Walnut Oil (OIL10714)"", ""direction"": ""ltr""}}",[],[],e772e376-5f55-4d5d-a3f5-edeb6cfbd6a3,"{""en"": {""value"": ""Turpentine"", ""direction"": ""ltr""}}",[],[],,,,,,,,,,,,,,,,,,,,,,,,
2920040b-a12d-429a-8318-56fa38d6bccb,d4e956f7-9fad-4fd2-94e3-563a3b2c3585,a4ea5a7a-d7f0-11ef-a75a-0275dc2ded29,1,2ed16211-ac36-486c-bb7a-902927587cc1,"{""en"": {""value"": ""Walnut Oil (OIL10714)"", ""direction"": ""ltr""}}",[],[],74406956-4b4c-4f14-aeb7-daab627a167e,"{""en"": {""value"": ""Turpentine"", ""direction"": ""ltr""}}",[],[],,,,,,,,,,,,,,,,,,,,,,,,
6222cfb3-2f4d-41b0-b018-08c4b2cb2b7c,d4e956f7-9fad-4fd2-94e3-563a3b2c3585,a4ea5a7a-d7f0-11ef-a75a-0275dc2ded29,1,a9fd4a19-8eab-4502-98c5-6962cf4f3ef6,"{""en"": {""value"": ""Walnut Oil (OIL10714)"", ""direction"": ""ltr""}}",[],[],85131c50-dc12-49ee-9c79-e74156c40edd,"{""en"": {""value"": ""Turpentine"", ""direction"": ""ltr""}}",[],[],,,,,,,,,,,,,,,,,,,,,,,,
c845e0b1-3b56-4cc6-a523-0cc78ffd819f,d4e956f7-9fad-4fd2-94e3-563a3b2c3585,a4ea5a7a-d7f0-11ef-a75a-0275dc2ded29,1,27d2f767-9ce2-465a-9de9-68b16b583830,"{""en"": {""value"": ""Walnut Oil (OIL10714)"", ""direction"": ""ltr""}}",[],[],292ed2f8-97d5-4bbb-af14-4b7b7fd2163f,"{""en"": {""value"": ""Turpentine"", ""direction"": ""ltr""}}",[],[],,,,,,,,,,,,,,,,,,,,,,,,
bb2b1183-4692-49c2-987b-5c3d24099411,d4e956f7-9fad-4fd2-94e3-563a3b2c3585,a4ea5a7a-d7f0-11ef-a75a-0275dc2ded29,1,f8d621e1-c5e3-4f21-bed4-203c5eff6414,"{""en"": {""value"": ""Walnut Oil (OIL10714)"", ""direction"": ""ltr""}}",[],[],b1ee7183-f08a-4e3d-84ab-c92925c8aa4c,"{""en"": {""value"": ""Turpentine"", ""direction"": ""ltr""}}",[],[],,,,,,,,,,,,,,,,,,,,,,,,
33ff594f-f131-4015-838a-d029d303515e,d4e956f7-9fad-4fd2-94e3-563a3b2c3585,a4ea5a7a-d7f0-11ef-a75a-0275dc2ded29,1,5119bb52-9c4c-424a-a29c-8d53d03c0736,"{""en"": {""value"": ""Walnut Oil (OIL10714)"", ""direction"": ""ltr""}}",[],[],2be12ad9-a92b-411a-9838-a9df3db0e5e1,"{""en"": {""value"": ""Turpentine"", ""direction"": ""ltr""}}",[],[],,,,,,,,,,,,,,,,,,,,,,,,
8e1c1524-2e50-45f3-9093-e664f88cc9b5,d4e956f7-9fad-4fd2-94e3-563a3b2c3585,a4ea5a7a-d7f0-11ef-a75a-0275dc2ded29,1,438dd760-db58-4042-97ff-4f7019978da3,"{""en"": {""value"": ""Walnut Oil (OIL10714)"", ""direction"": ""ltr""}}",[],[],846c2a43-d333-41fb-92ed-ff405909bee4,"{""en"": {""value"": ""Turpentine"", ""direction"": ""ltr""}}",[],[],,,,,,,,,,,,,,,,,,,,,,,,
569c82bb-c0db-420c-a863-b154f27fe237,d4e956f7-9fad-4fd2-94e3-563a3b2c3585,a4ea5a7a-d7f0-11ef-a75a-0275dc2ded29,1,80e3e16e-9673-4ae0-a385-14e0ebf893c6,"{""en"": {""value"": ""Walnut Oil (OIL10714)"", ""direction"": ""ltr""}}",[],[],d4d4635b-d6ca-48d4-ab33-3866a3659e43,"{""en"": {""value"": ""Turpentine"", ""direction"": ""ltr""}}",[],[],,,,,,,,,,,,,,,,,,,,,,,,
10abd128-581e-487e-b67f-7ec8091d9095,d4e956f7-9fad-4fd2-94e3-563a3b2c3585,a4ea5a7a-d7f0-11ef-a75a-0275dc2ded29,1,27495448-607a-48cf-9efb-9ca466386c72,"{""en"": {""value"": ""Walnut Oil (OIL10714)"", ""direction"": ""ltr""}}",[],[],268fd5f3-a30f-4fd1-b0e7-e2de0d263343,"{""en"": {""value"": ""Turpentine"", ""direction"": ""ltr""}}",[],[],,,,,,,,,,,,,,,,,,,,,,,,
e21d6317-d0a9-48e3-baaa-4ee814683b2c,d4e956f7-9fad-4fd2-94e3-563a3b2c3585,a4ea5a7a-d7f0-11ef-a75a-0275dc2ded29,1,d6cbb594-9d2a-494a-9eb3-8ea6a17fbe9f,"{""en"": {""value"": ""OIL10714 (cold-pressed walnut)"", ""direction"": ""ltr""}}",[],[],fedb306d-680d-429e-810d-64aeaae80eb0,"{""en"": {""value"": ""Gypsum ground"", ""direction"": ""ltr""}}",[],[],,,,,,,,,,,,,,,,,,,,,,,,
d5c7a16e-334f-4655-ae22-0cfe8c41605e,d4e956f7-9fad-4fd2-94e3-563a3b2c3585,a4ea5a7a-d7f0-11ef-a75a-0275dc2ded29,1,d56ba6f5-41a7-4fc5-8996-92bfa59f3eae,"{""en"": {""value"": ""OIL10681 (sun-thickened linseed)"", ""direction"": ""ltr""}}",[],[],57e3df9d-4772-46c2-a04f-a690ce69eaab,"{""en"": {""value"": ""Gypsum / rabbit skin glue ground"", ""direction"": ""ltr""}}",[],[],,,,,,,,,,,,,,,,,,,,,,,,
cf3e7f59-90ab-416e-a12b-b2ae94a89f3b,d4e956f7-9fad-4fd2-94e3-563a3b2c3585,a4ea5a7a-d7f0-11ef-a75a-0275dc2ded29,1,10c13f80-db08-4c34-9c21-45ddf2d53cac,"{""en"": {""value"": ""OIL10711 (cold-pressed linseed)"", ""direction"": ""ltr""}}",[],[],1fddb075-bfaa-4ac2-8bdf-a24187682dea,"{""en"": {""value"": ""Gypsum / rabbit skin glue ground"", ""direction"": ""ltr""}}",[],[],,,,,,,,,,,,,,,,,,,,,,,,
15041c44-2999-4e6b-be2f-0357675c48d5,d4e956f7-9fad-4fd2-94e3-563a3b2c3585,a4ea5a7a-d7f0-11ef-a75a-0275dc2ded29,1,3eaec431-dacc-4233-b1ab-2a3c5c387980,"{""en"": {""value"": ""Blood"", ""direction"": ""ltr""}}",[],[],,,,,,,,,,,,,,,,,,,,,,,,,,,,
52892aa9-5bed-4204-8619-74510a130b4c,d4e956f7-9fad-4fd2-94e3-563a3b2c3585,a4ea5a7a-d7f0-11ef-a75a-0275dc2ded29,1,e01841a5-f9cd-4fb6-9968-18088106990c,"{""en"": {""value"": ""Blood"", ""direction"": ""ltr""}}",[],[],,,,,,,,,,,,,,,,,,,,,,,,,,,,
f1a861c9-4acc-4fc4-8105-a0c8f10fd95d,d4e956f7-9fad-4fd2-94e3-563a3b2c3585,a4ea5a7a-d7f0-11ef-a75a-0275dc2ded29,1,79e4293a-de66-450a-9551-401a03d57da1,"{""en"": {""value"": ""Blood"", ""direction"": ""ltr""}}",[],[],,,,,,,,,,,,,,,,,,,,,,,,,,,,
bbebdbb5-fef0-4224-86ad-f88310624a46,d4e956f7-9fad-4fd2-94e3-563a3b2c3585,a4ea5a7a-d7f0-11ef-a75a-0275dc2ded29,1,4d4b721b-9921-4d4a-bc12-40de2f0cf5f6,"{""en"": {""value"": ""Blood"", ""direction"": ""ltr""}}",[],[],,,,,,,,,,,,,,,,,,,,,,,,,,,,
a36c1e99-5ac7-4523-ba84-1aaa92d8b245,d4e956f7-9fad-4fd2-94e3-563a3b2c3585,a4ea5a7a-d7f0-11ef-a75a-0275dc2ded29,1,1df117a4-7e64-4dda-a5a7-93a4b6a92772,"{""en"": {""value"": ""Blood"", ""direction"": ""ltr""}}",[],[],,,,,,,,,,,,,,,,,,,,,,,,,,,,
1ded1488-7e00-4144-a142-23927094d2ef,d4e956f7-9fad-4fd2-94e3-563a3b2c3585,a4ea5a7a-d7f0-11ef-a75a-0275dc2ded29,1,beacd45a-43ba-4815-9910-4494474b8bd2,"{""en"": {""value"": ""Casein"", ""direction"": ""ltr""}}",[],[],,,,,,,,,,,,,,,,,,,,,,,,,,,,
17c9072b-ffa0-4ddd-8481-3ca62ea60539,d4e956f7-9fad-4fd2-94e3-563a3b2c3585,a4ea5a7a-d7f0-11ef-a75a-0275dc2ded29,1,c2811573-8544-4c34-9fdd-d19270f1b284,"{""en"": {""value"": ""Casein"", ""direction"": ""ltr""}}",[],[],,,,,,,,,,,,,,,,,,,,,,,,,,,,
1603fd4d-38f9-482b-8872-2fefcf0d8750,d4e956f7-9fad-4fd2-94e3-563a3b2c3585,a4ea5a7a-d7f0-11ef-a75a-0275dc2ded29,1,e6d6dbf2-c863-42e8-bfa3-3034c87137b4,"{""en"": {""value"": ""Casein"", ""direction"": ""ltr""}}",[],[],,,,,,,,,,,,,,,,,,,,,,,,,,,,
f049d287-855d-4b4e-a86c-52bdfa4fd28c,d4e956f7-9fad-4fd2-94e3-563a3b2c3585,a4ea5a7a-d7f0-11ef-a75a-0275dc2ded29,1,bd604e4d-1d9d-4796-845d-a5bd833f7fcc,"{""en"": {""value"": ""Casein"", ""direction"": ""ltr""}}",[],[],,,,,,,,,,,,,,,,,,,,,,,,,,,,
59943f9a-e9a9-4514-8639-bbadba912874,d4e956f7-9fad-4fd2-94e3-563a3b2c3585,a4ea5a7a-d7f0-11ef-a75a-0275dc2ded29,1,e3974b6e-cb28-4f98-a613-6cd473a02a25,"{""en"": {""value"": ""Casein"", ""direction"": ""ltr""}}",[],[],,,,,,,,,,,,,,,,,,,,,,,,,,,,
26464e87-f81a-4b18-b2c3-6d240ab5c34a,d4e956f7-9fad-4fd2-94e3-563a3b2c3585,a4ea5a7a-d7f0-11ef-a75a-0275dc2ded29,1,0e707bc4-84c8-47cc-99af-9f4dd07c64be,"{""en"": {""value"": ""Casein"", ""direction"": ""ltr""}}",[],[],,,,,,,,,,,,,,,,,,,,,,,,,,,,
d26340e8-e780-46f6-bae0-fc4cfbb5aac0,d4e956f7-9fad-4fd2-94e3-563a3b2c3585,a4ea5a7a-d7f0-11ef-a75a-0275dc2ded29,1,4eec46ab-bf2d-4dab-a357-4bb45625b0b7,"{""en"": {""value"": ""Honey"", ""direction"": ""ltr""}}",[],[],,,,,,,,,,,,,,,,,,,,,,,,,,,,
f28f4627-6c1e-4ff5-a0f8-8219a8501a9d,d4e956f7-9fad-4fd2-94e3-563a3b2c3585,a4ea5a7a-d7f0-11ef-a75a-0275dc2ded29,1,61e63cf9-3fc6-49a9-8f0c-9bbc355cd6be,"{""en"": {""value"": ""Honey"", ""direction"": ""ltr""}}",[],[],,,,,,,,,,,,,,,,,,,,,,,,,,,,
bf79d303-30c0-4106-beee-317d493ec996,d4e956f7-9fad-4fd2-94e3-563a3b2c3585,a4ea5a7a-d7f0-11ef-a75a-0275dc2ded29,1,c50f1af1-138f-4513-af6c-30d545d9e26d,"{""en"": {""value"": ""Honey"", ""direction"": ""ltr""}}",[],[],,,,,,,,,,,,,,,,,,,,,,,,,,,,
34f99480-a9c9-4ea8-8970-2f5abbad0ed7,d4e956f7-9fad-4fd2-94e3-563a3b2c3585,a4ea5a7a-d7f0-11ef-a75a-0275dc2ded29,1,1e0deba6-e7ee-4361-b4e7-2fbed9244ec2,"{""en"": {""value"": ""Honey"", ""direction"": ""ltr""}}",[],[],,,,,,,,,,,,,,,,,,,,,,,,,,,,
23fa3fa5-a6b2-4010-903b-640e6df020e1,d4e956f7-9fad-4fd2-94e3-563a3b2c3585,a4ea5a7a-d7f0-11ef-a75a-0275dc2ded29,1,e92789c5-5070-4b57-90c4-e2afcbad1664,"{""en"": {""value"": ""Honey"", ""direction"": ""ltr""}}",[],[],,,,,,,,,,,,,,,,,,,,,,,,,,,,
51d7fdd7-bbcb-4718-986a-9cb30caf2740,d4e956f7-9fad-4fd2-94e3-563a3b2c3585,a4ea5a7a-d7f0-11ef-a75a-0275dc2ded29,1,71616357-14bf-46c6-9362-14f59f62a2ba,"{""en"": {""value"": ""Honey"", ""direction"": ""ltr""}}",[],[],,,,,,,,,,,,,,,,,,,,,,,,,,,,
c5fd81eb-cc92-4ef5-9240-8f342fed3001,d4e956f7-9fad-4fd2-94e3-563a3b2c3585,a4ea5a7a-d7f0-11ef-a75a-0275dc2ded29,1,207ea241-7788-46a4-8d41-be58f8eceb32,"{""en"": {""value"": ""Gum arabic"", ""direction"": ""ltr""}}",[],[],,,,,,,,,,,,,,,,,,,,,,,,,,,,
17b85ff2-2288-496f-aa87-95d0e878180c,d4e956f7-9fad-4fd2-94e3-563a3b2c3585,a4ea5a7a-d7f0-11ef-a75a-0275dc2ded29,1,7fee8f92-40cd-4a04-a8e5-b01633d4bb60,"{""en"": {""value"": ""Gum arabic"", ""direction"": ""ltr""}}",[],[],,,,,,,,,,,,,,,,,,,,,,,,,,,,
ee6f8974-6f9d-4331-816c-8b4692f0cdc6,d4e956f7-9fad-4fd2-94e3-563a3b2c3585,a4ea5a7a-d7f0-11ef-a75a-0275dc2ded29,1,e5b87b31-6a73-4b81-bce5-c2a8a8a147d0,"{""en"": {""value"": ""Gum arabic"", ""direction"": ""ltr""}}",[],[],,,,,,,,,,,,,,,,,,,,,,,,,,,,
bc178516-8577-44ad-8236-3d364c6bfbe3,d4e956f7-9fad-4fd2-94e3-563a3b2c3585,a4ea5a7a-d7f0-11ef-a75a-0275dc2ded29,1,8ef98e4a-2317-4681-8279-87a283756623,"{""en"": {""value"": ""Gum arabic"", ""direction"": ""ltr""}}",[],[],,,,,,,,,,,,,,,,,,,,,,,,,,,,
229b654e-edc4-472e-83e6-1e5a54a50d84,d4e956f7-9fad-4fd2-94e3-563a3b2c3585,a4ea5a7a-d7f0-11ef-a75a-0275dc2ded29,1,51ea7181-6fc9-40d1-90fe-e8355d3c464c,"{""en"": {""value"": ""Gum arabic"", ""direction"": ""ltr""}}",[],[],,,,,,,,,,,,,,,,,,,,,,,,,,,,
f2b0b2f1-ab9c-4e59-b475-863751d8357e,d4e956f7-9fad-4fd2-94e3-563a3b2c3585,a4ea5a7a-d7f0-11ef-a75a-0275dc2ded29,1,5bbbf5bd-2bed-4dd6-b9e4-f7189031da29,"{""en"": {""value"": ""Gum arabic"", ""direction"": ""ltr""}}",[],[],,,,,,,,,,,,,,,,,,,,,,,,,,,,
fa058df9-fd60-4f40-af27-97adf7a32091,d4e956f7-9fad-4fd2-94e3-563a3b2c3585,a4ea5a7a-d7f0-11ef-a75a-0275dc2ded29,1,88354981-cceb-42ea-913b-40e668dc41de,"{""en"": {""value"": ""Gum arabic"", ""direction"": ""ltr""}}",[],[],,,,,,,,,,,,,,,,,,,,,,,,,,,,
c3b51138-bf2c-40fe-a058-bddd69834db3,d4e956f7-9fad-4fd2-94e3-563a3b2c3585,a4ea5a7a-d7f0-11ef-a75a-0275dc2ded29,1,d1ccab77-6608-4ab9-9888-c5b28cbcc16f,"{""en"": {""value"": ""Hide glue"", ""direction"": ""ltr""}}",[],[],,,,,,,,,,,,,,,,,,,,,,,,,,,,
be9cbaf5-877f-4610-83ff-12493d37b192,d4e956f7-9fad-4fd2-94e3-563a3b2c3585,a4ea5a7a-d7f0-11ef-a75a-0275dc2ded29,1,94c179a3-ce32-450c-bf9e-6c67b4400aae,"{""en"": {""value"": ""Hide glue"", ""direction"": ""ltr""}}",[],[],,,,,,,,,,,,,,,,,,,,,,,,,,,,
beec5768-c2e2-4256-950c-f5ca35e2071e,d4e956f7-9fad-4fd2-94e3-563a3b2c3585,a4ea5a7a-d7f0-11ef-a75a-0275dc2ded29,1,e9244c25-95e4-4288-9ba7-e048e26aed0d,"{""en"": {""value"": ""Hide glue"", ""direction"": ""ltr""}}",[],[],,,,,,,,,,,,,,,,,,,,,,,,,,,,
8d4dbf2f-4cf8-4c4f-a7fc-2417c8545f8a,d4e956f7-9fad-4fd2-94e3-563a3b2c3585,a4ea5a7a-d7f0-11ef-a75a-0275dc2ded29,1,c11cbf80-7d32-4fd8-b8bd-9218fac52ed6,"{""en"": {""value"": ""Hide glue"", ""direction"": ""ltr""}}",[],[],,,,,,,,,,,,,,,,,,,,,,,,,,,,
ba556a41-a875-4eb6-9bad-893a240e4f5b,d4e956f7-9fad-4fd2-94e3-563a3b2c3585,a4ea5a7a-d7f0-11ef-a75a-0275dc2ded29,1,1365871e-9ff7-40c8-9663-b62691c44c2f,"{""en"": {""value"": ""Hide glue"", ""direction"": ""ltr""}}",[],[],,,,,,,,,,,,,,,,,,,,,,,,,,,,
3c73532d-4564-4731-8ec5-8671373f6a81,d4e956f7-9fad-4fd2-94e3-563a3b2c3585,a4ea5a7a-d7f0-11ef-a75a-0275dc2ded29,1,b81aeac3-5281-469f-96f1-00039aaafc80,"{""en"": {""value"": ""Hide glue"", ""direction"": ""ltr""}}",[],[],,,,,,,,,,,,,,,,,,,,,,,,,,,,
472e836b-1140-4d1a-9af6-a3a5e4dc4b28,d4e956f7-9fad-4fd2-94e3-563a3b2c3585,a4ea5a7a-d7f0-11ef-a75a-0275dc2ded29,1,1951f663-373e-48a4-944a-584f4f25545a,"{""en"": {""value"": ""Hide glue"", ""direction"": ""ltr""}}",[],[],,,,,,,,,,,,,,,,,,,,,,,,,,,,
1da18e15-8581-4483-97cc-e6b129f8451e,d4e956f7-9fad-4fd2-94e3-563a3b2c3585,a4ea5a7a-d7f0-11ef-a75a-0275dc2ded29,1,cf2f4086-9e3c-4e14-a406-bdf5fefce4cc,"{""en"": {""value"": ""Honey"", ""direction"": ""ltr""}}",[],[],,,,,,,,,,,,,,,,,,,,,,,,,,,,
42881af7-8961-4312-a94a-ef02e9c6f25c,d4e956f7-9fad-4fd2-94e3-563a3b2c3585,a4ea5a7a-d7f0-11ef-a75a-0275dc2ded29,1,576635e4-0808-4d2a-98fe-547147ed1ee8,"{""en"": {""value"": ""Honey"", ""direction"": ""ltr""}}",[],[],,,,,,,,,,,,,,,,,,,,,,,,,,,,
ed6b3525-c7c1-4eaf-a49e-1b51f86e9402,d4e956f7-9fad-4fd2-94e3-563a3b2c3585,a4ea5a7a-d7f0-11ef-a75a-0275dc2ded29,1,9e946b86-16bd-4141-8285-07a7df4c8662,"{""en"": {""value"": ""Blood"", ""direction"": ""ltr""}}",[],[],,,,,,,,,,,,,,,,,,,,,,,,,,,,
932f3102-0a91-4c7c-b77d-d252d78c32d2,d4e956f7-9fad-4fd2-94e3-563a3b2c3585,a4ea5a7a-d7f0-11ef-a75a-0275dc2ded29,1,9a0eb88d-7b7b-4a28-9484-e27dd222cf06,"{""en"": {""value"": ""Gum arabic"", ""direction"": ""ltr""}}",[],[],,,,,,,,,,,,,,,,,,,,,,,,,,,,
dc4fdd24-6082-4429-9d24-9249dabbf152,d4e956f7-9fad-4fd2-94e3-563a3b2c3585,a4ea5a7a-d7f0-11ef-a75a-0275dc2ded29,1,7dd2cd14-1d34-429f-88a9-6d8d78dd5f8d,"{""en"": {""value"": ""Hide glue"", ""direction"": ""ltr""}}",[],[],,,,,,,,,,,,,,,,,,,,,,,,,,,,
2b217418-a5a3-4af0-afe1-a3cdb258afcd,d4e956f7-9fad-4fd2-94e3-563a3b2c3585,a4ea5a7a-d7f0-11ef-a75a-0275dc2ded29,1,b80e4348-8699-48ef-899b-c0d150563899,"{""en"": {""value"": ""Hide glue"", ""direction"": ""ltr""}}",[],[],,,,,,,,,,,,,,,,,,,,,,,,,,,,
48e3287e-35e6-436e-957b-04a98f52db8f,d4e956f7-9fad-4fd2-94e3-563a3b2c3585,a4ea5a7a-d7f0-11ef-a75a-0275dc2ded29,1,59cfa6a4-43ba-481e-a321-877fd9bc5cc8,"{""en"": {""value"": ""Lard"", ""direction"": ""ltr""}}",[],[],,,,,,,,,,,,,,,,,,,,,,,,,,,,
15a5327e-223f-42c8-bd4f-de355d00ad0f,d4e956f7-9fad-4fd2-94e3-563a3b2c3585,a4ea5a7a-d7f0-11ef-a75a-0275dc2ded29,1,cdce215f-535c-4ac3-b1e6-c41b044a9a3d,"{""en"": {""value"": ""Lard"", ""direction"": ""ltr""}}",[],[],,,,,,,,,,,,,,,,,,,,,,,,,,,,
a830933f-4528-415c-805d-06bdf48025db,d4e956f7-9fad-4fd2-94e3-563a3b2c3585,a4ea5a7a-d7f0-11ef-a75a-0275dc2ded29,1,8ea207d1-b6fa-4c67-87c0-05391e75ddab,"{""en"": {""value"": ""Lard"", ""direction"": ""ltr""}}",[],[],,,,,,,,,,,,,,,,,,,,,,,,,,,,
fd8f74a1-4526-44b1-9cc3-3f3d0e375ff7,d4e956f7-9fad-4fd2-94e3-563a3b2c3585,a4ea5a7a-d7f0-11ef-a75a-0275dc2ded29,1,a18e03ad-7653-464c-af9a-1524569bc08a,"{""en"": {""value"": ""Lard"", ""direction"": ""ltr""}}",[],[],,,,,,,,,,,,,,,,,,,,,,,,,,,,
ab970a77-5db3-4e8c-94b5-622f80c7859e,d4e956f7-9fad-4fd2-94e3-563a3b2c3585,a4ea5a7a-d7f0-11ef-a75a-0275dc2ded29,1,52f883e0-5971-4f47-94b2-173bb5802635,"{""en"": {""value"": ""Lard"", ""direction"": ""ltr""}}",[],[],,,,,,,,,,,,,,,,,,,,,,,,,,,,
5f001a0b-5445-4fe0-980c-9736d99f4f9d,d4e956f7-9fad-4fd2-94e3-563a3b2c3585,a4ea5a7a-d7f0-11ef-a75a-0275dc2ded29,1,01107a96-d819-4637-8b03-98be49f49881,"{""en"": {""value"": ""Lard"", ""direction"": ""ltr""}}",[],[],,,,,,,,,,,,,,,,,,,,,,,,,,,,
d3709c62-6dc4-440a-9753-32d0da8f857e,d4e956f7-9fad-4fd2-94e3-563a3b2c3585,a4ea5a7a-d7f0-11ef-a75a-0275dc2ded29,1,7279eb85-f2f8-4d4c-9df3-9e94aaa99390,"{""en"": {""value"": ""Lard"", ""direction"": ""ltr""}}",[],[],,,,,,,,,,,,,,,,,,,,,,,,,,,,
d8494f1d-81a8-4ec8-a8d0-3a8372e1d73d,d4e956f7-9fad-4fd2-94e3-563a3b2c3585,a4ea5a7a-d7f0-11ef-a75a-0275dc2ded29,1,eead669c-5c4e-4acb-9803-efcb4cb79e7c,"{""en"": {""value"": ""Linseed oil"", ""direction"": ""ltr""}}",[],[],,,,,,,,,,,,,,,,,,,,,,,,,,,,
80b0d602-f380-4d3b-b973-2b35673fc602,d4e956f7-9fad-4fd2-94e3-563a3b2c3585,a4ea5a7a-d7f0-11ef-a75a-0275dc2ded29,1,b8125cd4-8993-445b-9944-6a0e53585ba1,"{""en"": {""value"": ""Linseed oil"", ""direction"": ""ltr""}}",[],[],,,,,,,,,,,,,,,,,,,,,,,,,,,,
e1a53f1f-d1b8-41fe-b5b7-a72efd8e602b,d4e956f7-9fad-4fd2-94e3-563a3b2c3585,a4ea5a7a-d7f0-11ef-a75a-0275dc2ded29,1,75424f55-bad9-495b-b5b1-ccecd6c0699f,"{""en"": {""value"": ""Linseed oil"", ""direction"": ""ltr""}}",[],[],,,,,,,,,,,,,,,,,,,,,,,,,,,,
abf71822-5cec-4731-b0a0-788afeea4b7d,d4e956f7-9fad-4fd2-94e3-563a3b2c3585,a4ea5a7a-d7f0-11ef-a75a-0275dc2ded29,1,4b69b417-57e7-42d3-b193-7cb13cd0abb1,"{""en"": {""value"": ""Linseed oil"", ""direction"": ""ltr""}}",[],[],,,,,,,,,,,,,,,,,,,,,,,,,,,,
c0517995-a105-4cfe-b4b1-f335166fbacf,d4e956f7-9fad-4fd2-94e3-563a3b2c3585,a4ea5a7a-d7f0-11ef-a75a-0275dc2ded29,1,7d8fe48e-9c9c-40ea-888f-d16aaba4b2df,"{""en"": {""value"": ""Linseed oil"", ""direction"": ""ltr""}}",[],[],,,,,,,,,,,,,,,,,,,,,,,,,,,,
34f830ce-daf6-42fb-913f-83ac3a21662d,d4e956f7-9fad-4fd2-94e3-563a3b2c3585,a4ea5a7a-d7f0-11ef-a75a-0275dc2ded29,1,cc4e2859-43df-406d-9f15-c6502063e5a3,"{""en"": {""value"": ""Linseed oil"", ""direction"": ""ltr""}}",[],[],,,,,,,,,,,,,,,,,,,,,,,,,,,,
e59640ec-5372-470c-a9bf-7708f4fc434d,d4e956f7-9fad-4fd2-94e3-563a3b2c3585,a4ea5a7a-d7f0-11ef-a75a-0275dc2ded29,1,5c9d6b8b-75cd-4406-9b46-29e53597afa0,"{""en"": {""value"": ""Linseed oil"", ""direction"": ""ltr""}}",[],[],,,,,,,,,,,,,,,,,,,,,,,,,,,,
1f952201-3921-4166-b3c4-4593b588085b,d4e956f7-9fad-4fd2-94e3-563a3b2c3585,a4ea5a7a-d7f0-11ef-a75a-0275dc2ded29,1,63ddaa36-f285-4d0d-9780-7a919b28db92,"{""en"": {""value"": ""Wheat starch"", ""direction"": ""ltr""}}",[],[],,,,,,,,,,,,,,,,,,,,,,,,,,,,
bdc75ba8-df2c-4359-9f10-efc4a951f01c,d4e956f7-9fad-4fd2-94e3-563a3b2c3585,a4ea5a7a-d7f0-11ef-a75a-0275dc2ded29,1,a688027a-c44b-4abd-a4b4-dc9ce0ebfa7c,"{""en"": {""value"": ""Wheat starch"", ""direction"": ""ltr""}}",[],[],,,,,,,,,,,,,,,,,,,,,,,,,,,,
a16e32da-eeec-4b54-b8a0-bd0bc227033b,d4e956f7-9fad-4fd2-94e3-563a3b2c3585,a4ea5a7a-d7f0-11ef-a75a-0275dc2ded29,1,ccaba38f-64b5-4859-bb1e-aafa23935313,"{""en"": {""value"": ""Wheat starch"", ""direction"": ""ltr""}}",[],[],,,,,,,,,,,,,,,,,,,,,,,,,,,,
f83e6fa0-c86f-4e54-8644-ba43f2dcf6e5,d4e956f7-9fad-4fd2-94e3-563a3b2c3585,a4ea5a7a-d7f0-11ef-a75a-0275dc2ded29,1,81ea912f-730d-4a17-a641-d5a33354b38f,"{""en"": {""value"": ""Wheat starch"", ""direction"": ""ltr""}}",[],[],,,,,,,,,,,,,,,,,,,,,,,,,,,,
9a6db2d8-4073-4491-8f0f-338450b124e5,d4e956f7-9fad-4fd2-94e3-563a3b2c3585,a4ea5a7a-d7f0-11ef-a75a-0275dc2ded29,1,ff01eb05-6fff-499b-a485-38da41cbb315,"{""en"": {""value"": ""Wheat starch"", ""direction"": ""ltr""}}",[],[],,,,,,,,,,,,,,,,,,,,,,,,,,,,
f4d5f838-75ed-4521-a7b4-1b145f566952,d4e956f7-9fad-4fd2-94e3-563a3b2c3585,a4ea5a7a-d7f0-11ef-a75a-0275dc2ded29,1,0022d0c1-a811-4b03-966b-0a127bc7b7c1,"{""en"": {""value"": ""Wheat starch"", ""direction"": ""ltr""}}",[],[],,,,,,,,,,,,,,,,,,,,,,,,,,,,
7e899363-bc3c-469b-884c-732d6c0546df,d4e956f7-9fad-4fd2-94e3-563a3b2c3585,a4ea5a7a-d7f0-11ef-a75a-0275dc2ded29,1,be8ef74c-1147-401e-b5cc-17ddf24c8492,"{""en"": {""value"": ""Egg"", ""direction"": ""ltr""}}",[],[],,,,,,,,,,,,,,,,,,,,,,,,,,,,
80cd51a6-c438-4868-8b7d-bbda8c56cf08,d4e956f7-9fad-4fd2-94e3-563a3b2c3585,a4ea5a7a-d7f0-11ef-a75a-0275dc2ded29,1,d4c16057-9394-4d13-9761-3fc5863c4516,"{""en"": {""value"": ""Egg"", ""direction"": ""ltr""}}",[],[],,,,,,,,,,,,,,,,,,,,,,,,,,,,
1ea9734a-6d73-417b-81d2-68a60113dfd1,d4e956f7-9fad-4fd2-94e3-563a3b2c3585,a4ea5a7a-d7f0-11ef-a75a-0275dc2ded29,1,e9ae055a-a9bf-4058-8127-f5cb2f233a6b,"{""en"": {""value"": ""Egg"", ""direction"": ""ltr""}}",[],[],,,,,,,,,,,,,,,,,,,,,,,,,,,,
9a0e9cb4-0d68-4fd4-bc68-75e9ef7914fc,d4e956f7-9fad-4fd2-94e3-563a3b2c3585,a4ea5a7a-d7f0-11ef-a75a-0275dc2ded29,1,0f09b87b-1bfb-4826-a799-5b9e93efab57,"{""en"": {""value"": ""Egg"", ""direction"": ""ltr""}}",[],[],,,,,,,,,,,,,,,,,,,,,,,,,,,,
289216cd-dedf-4f5e-875c-cb795c7ad6d9,d4e956f7-9fad-4fd2-94e3-563a3b2c3585,a4ea5a7a-d7f0-11ef-a75a-0275dc2ded29,1,66f2c695-55ff-485a-8a9d-74224a4fed77,"{""en"": {""value"": ""Egg"", ""direction"": ""ltr""}}",[],[],,,,,,,,,,,,,,,,,,,,,,,,,,,,
7e51f92c-9589-4e59-8e57-4ff13f2adf40,d4e956f7-9fad-4fd2-94e3-563a3b2c3585,a4ea5a7a-d7f0-11ef-a75a-0275dc2ded29,1,22feb250-cacb-4757-afff-f99294dd6ff1,"{""en"": {""value"": ""Egg"", ""direction"": ""ltr""}}",[],[],,,,,,,,,,,,,,,,,,,,,,,,,,,,
135ab2a7-f7ae-4dd5-a356-de16fb49e179,d4e956f7-9fad-4fd2-94e3-563a3b2c3585,a4ea5a7a-d7f0-11ef-a75a-0275dc2ded29,1,eb99f5a5-a73e-4f3c-8430-fdc75657ebfe,"{""en"": {""value"": ""Egg"", ""direction"": ""ltr""}}",[],[],,,,,,,,,,,,,,,,,,,,,,,,,,,,
b6e78e14-7cfe-4e8e-a900-1d8b0722b0be,d4e956f7-9fad-4fd2-94e3-563a3b2c3585,a4ea5a7a-d7f0-11ef-a75a-0275dc2ded29,1,306852a6-bea6-47f4-9c13-6612dd230ccc,"{""en"": {""value"": ""Egg"", ""direction"": ""ltr""}}",[],[],,,,,,,,,,,,,,,,,,,,,,,,,,,,
0d419831-77a0-49cb-8d52-1c37dbd1cc91,d4e956f7-9fad-4fd2-94e3-563a3b2c3585,a4ea5a7a-d7f0-11ef-a75a-0275dc2ded29,1,632eba54-d1fb-4688-b39d-cd4377ff76e4,"{""en"": {""value"": ""Egg"", ""direction"": ""ltr""}}",[],[],,,,,,,,,,,,,,,,,,,,,,,,,,,,
95423283-9b7a-4113-b7bc-f528b0cac39d,d4e956f7-9fad-4fd2-94e3-563a3b2c3585,a4ea5a7a-d7f0-11ef-a75a-0275dc2ded29,1,fc766cef-f5ea-416f-8496-2d3569ca282d,"{""en"": {""value"": ""Egg"", ""direction"": ""ltr""}}",[],[],,,,,,,,,,,,,,,,,,,,,,,,,,,,
c881412a-6ac6-4a65-ad63-879a368d5fc9,d4e956f7-9fad-4fd2-94e3-563a3b2c3585,a4ea5a7a-d7f0-11ef-a75a-0275dc2ded29,1,df868dbe-8d54-4c7f-9f8d-0e94e2ffdca0,"{""en"": {""value"": ""Wheat starch"", ""direction"": ""ltr""}}",[],[],,,,,,,,,,,,,,,,,,,,,,,,,,,,
330f0b98-ce5d-4805-a281-a54b89dfa2fd,d4e956f7-9fad-4fd2-94e3-563a3b2c3585,a4ea5a7a-d7f0-11ef-a75a-0275dc2ded29,1,b46a0d79-29ad-45d9-9c65-11e3218e30bc,"{""en"": {""value"": ""Whole egg"", ""direction"": ""ltr""}}",[],[],,,,,,,,,,,,,,,,,,,,,,,,,,,,
66cff23d-afb8-44d3-9888-539a5df6f310,d4e956f7-9fad-4fd2-94e3-563a3b2c3585,a4ea5a7a-d7f0-11ef-a75a-0275dc2ded29,1,7f4936eb-b16a-4e56-bb39-03605c8db0f0,"{""en"": {""value"": ""Egg yolk"", ""direction"": ""ltr""}}",[],[],,,,,,,,,,,,,,,,,,,,,,,,,,,,
bb500573-5fa3-4ec4-b5c5-07e9f5a3253a,d4e956f7-9fad-4fd2-94e3-563a3b2c3585,a4ea5a7a-d7f0-11ef-a75a-0275dc2ded29,1,980141bf-e347-4cfb-bacc-3d948d962c24,"{""en"": {""value"": ""Egg white"", ""direction"": ""ltr""}}",[],[],,,,,,,,,,,,,,,,,,,,,,,,,,,,
873c857e-8676-45db-8163-5714bbb27812,d4e956f7-9fad-4fd2-94e3-563a3b2c3585,a4ea5a7a-d7f0-11ef-a75a-0275dc2ded29,1,a0fd9536-52bf-4dc6-b40d-86146f039257,"{""en"": {""value"": ""Rabbit skin glue"", ""direction"": ""ltr""}}",[],[],,,,,,,,,,,,,,,,,,,,,,,,,,,,
4d8b61e6-29cb-42f8-9719-4a25b4b0dfeb,d4e956f7-9fad-4fd2-94e3-563a3b2c3585,a4ea5a7a-d7f0-11ef-a75a-0275dc2ded29,1,02a7fb8d-32e6-45f8-b8a6-c93381f73b9e,"{""en"": {""value"": ""Rabbit skin glue"", ""direction"": ""ltr""}}",[],[],87b5e92e-e99e-4568-b62f-4a6da04e09a5,"{""en"": {""value"": ""Egg yolk"", ""direction"": ""ltr""}}",[],[],,,,,,,,,,,,,,,,,,,,,,,,
ae9774b2-91dd-4287-b3ad-f37904c5c739,d4e956f7-9fad-4fd2-94e3-563a3b2c3585,a4ea5a7a-d7f0-11ef-a75a-0275dc2ded29,1,544b5bdd-2c74-4cfa-9361-3c1cc672966e,"{""en"": {""value"": ""Rabbit skin glue"", ""direction"": ""ltr""}}",[],[],1bccd25f-dc3b-4230-b7a4-e4d130da841d,"{""en"": {""value"": ""Egg yolk"", ""direction"": ""ltr""}}",[],[],,,,,,,,,,,,,,,,,,,,,,,,
9710dfad-c173-44ff-a061-aeae2dedf1f9,d4e956f7-9fad-4fd2-94e3-563a3b2c3585,a4ea5a7a-d7f0-11ef-a75a-0275dc2ded29,1,6ea2eff5-52d2-4d20-9108-6653dd3ca936,"{""en"": {""value"": ""Rabbit skin glue"", ""direction"": ""ltr""}}",[],[],17eb0623-b01b-4692-b1b1-0ab567fc1581,"{""en"": {""value"": ""Oil"", ""direction"": ""ltr""}}",[],[],,,,,,,,,,,,,,,,,,,,,,,,
c5fd2a27-dc9f-4ed1-88f6-cf54c1f4a7b2,d4e956f7-9fad-4fd2-94e3-563a3b2c3585,a4ea5a7a-d7f0-11ef-a75a-0275dc2ded29,1,b35670f0-f79e-4dd5-b560-629545cb0494,"{""en"": {""value"": ""Rabbit skin glue"", ""direction"": ""ltr""}}",[],[],14b3ba5a-fb88-4993-b317-424bac9999ad,"{""en"": {""value"": ""Oil"", ""direction"": ""ltr""}}",[],[],,,,,,,,,,,,,,,,,,,,,,,,
5aed37e4-6301-4aa8-a0c0-80f10403faa9,d4e956f7-9fad-4fd2-94e3-563a3b2c3585,a4ea5a7a-d7f0-11ef-a75a-0275dc2ded29,1,ae8c928f-d7e4-40f4-8096-4b1e919b59f9,"{""en"": {""value"": ""Rabbit skin glue"", ""direction"": ""ltr""}}",[],[],920496b0-5cb8-48e4-b5c1-e2d552de55e1,"{""en"": {""value"": ""Egg yolk"", ""direction"": ""ltr""}}",[],[],,,,,,,,,,,,,,,,,,,,,,,,
2e8db0fe-57e1-44c0-9d9e-d9dc6a7a19b1,d4e956f7-9fad-4fd2-94e3-563a3b2c3585,a4ea5a7a-d7f0-11ef-a75a-0275dc2ded29,1,3558e82c-2cec-4c5d-85cd-4825e70918f0,"{""en"": {""value"": ""Rabbit skin glue"", ""direction"": ""ltr""}}",[],[],e27304c4-4870-4ecb-bb94-1fa26dedf3b6,"{""en"": {""value"": ""Egg yolk"", ""direction"": ""ltr""}}",[],[],,,,,,,,,,,,,,,,,,,,,,,,
7825e123-e214-4655-89f3-cfc38de4a9ca,d4e956f7-9fad-4fd2-94e3-563a3b2c3585,a4ea5a7a-d7f0-11ef-a75a-0275dc2ded29,1,31ca8792-d404-4274-a5b9-609dc3fd8059,"{""en"": {""value"": ""Rabbit skin glue"", ""direction"": ""ltr""}}",[],[],b174f493-9944-437f-bed1-327292471711,"{""en"": {""value"": ""Oil"", ""direction"": ""ltr""}}",[],[],,,,,,,,,,,,,,,,,,,,,,,,
24783224-139f-450d-acd6-4af5eaffa374,d4e956f7-9fad-4fd2-94e3-563a3b2c3585,a4ea5a7a-d7f0-11ef-a75a-0275dc2ded29,1,4067541e-4d14-45fa-abbb-f45341e73fda,"{""en"": {""value"": ""Rabbit skin glue"", ""direction"": ""ltr""}}",[],[],a4eb29d8-2b8c-4b96-967b-e7e93803bb27,"{""en"": {""value"": ""Oil"", ""direction"": ""ltr""}}",[],[],,,,,,,,,,,,,,,,,,,,,,,,
220cbb3f-efd3-4165-8bf0-f0525cf879a3,d4e956f7-9fad-4fd2-94e3-563a3b2c3585,a4ea5a7a-d7f0-11ef-a75a-0275dc2ded29,1,1ee12801-c88b-44da-9be0-de1b25c642ec,"{""en"": {""value"": ""Rabbit skin glue"", ""direction"": ""ltr""}}",[],[],27a08352-b245-4b09-a3eb-2609b6192bca,"{""en"": {""value"": ""Egg yolk"", ""direction"": ""ltr""}}",[],[],,,,,,,,,,,,,,,,,,,,,,,,
4198ee60-a4d7-459d-8756-1ca5ce519c78,d4e956f7-9fad-4fd2-94e3-563a3b2c3585,a4ea5a7a-d7f0-11ef-a75a-0275dc2ded29,1,d257e8a0-e294-4b4b-8e5a-016721a7837e,"{""en"": {""value"": ""Rabbit skin glue"", ""direction"": ""ltr""}}",[],[],4266236c-3e35-412f-89ed-fe2c3b6c456a,"{""en"": {""value"": ""Egg yolk"", ""direction"": ""ltr""}}",[],[],,,,,,,,,,,,,,,,,,,,,,,,
ff4d5911-901f-45a3-a34b-afe294b56356,d4e956f7-9fad-4fd2-94e3-563a3b2c3585,a4ea5a7a-d7f0-11ef-a75a-0275dc2ded29,1,1ab8d2d7-013f-48d7-802a-e3b4372320c3,"{""en"": {""value"": ""Rabbit skin glue"", ""direction"": ""ltr""}}",[],[],0be27851-8ca4-4742-94a7-a97157228c14,"{""en"": {""value"": ""Oil"", ""direction"": ""ltr""}}",[],[],,,,,,,,,,,,,,,,,,,,,,,,
c119d132-9b0d-4b8f-a0c3-d4007a27eac6,d4e956f7-9fad-4fd2-94e3-563a3b2c3585,a4ea5a7a-d7f0-11ef-a75a-0275dc2ded29,1,169c1cba-8b59-4323-b3d4-6d8dac2b375c,"{""en"": {""value"": ""Rabbit skin glue"", ""direction"": ""ltr""}}",[],[],41cd5032-6170-4472-bdc4-387bfcaa2d98,"{""en"": {""value"": ""Oil"", ""direction"": ""ltr""}}",[],[],,,,,,,,,,,,,,,,,,,,,,,,
09557d0b-8a1b-4d92-a668-a053b096357f,d4e956f7-9fad-4fd2-94e3-563a3b2c3585,a4ea5a7a-d7f0-11ef-a75a-0275dc2ded29,1,394ddac4-ff0d-4121-b9c5-d37b6f3ea3ae,"{""en"": {""value"": ""Rabbit skin glue"", ""direction"": ""ltr""}}",[],[],fc5734a1-ec7a-4bb1-9957-db24a12ad8f7,"{""en"": {""value"": ""Oil"", ""direction"": ""ltr""}}",[],[],,,,,,,,,,,,,,,,,,,,,,,,
8b8d5b8f-ce8e-4c0a-af5d-891fef621e86,d4e956f7-9fad-4fd2-94e3-563a3b2c3585,a4ea5a7a-d7f0-11ef-a75a-0275dc2ded29,1,637d13c7-8093-4941-a261-149124ca230d,"{""en"": {""value"": ""Rabbit skin glue"", ""direction"": ""ltr""}}",[],[],8eb2e9d6-8ba1-4bfd-a077-2fbc6c5a0422,"{""en"": {""value"": ""Oil"", ""direction"": ""ltr""}}",[],[],,,,,,,,,,,,,,,,,,,,,,,,
5f40c50e-fcc7-4b36-8018-b0c92f45d43a,d4e956f7-9fad-4fd2-94e3-563a3b2c3585,a4ea5a7a-d7f0-11ef-a75a-0275dc2ded29,1,52097680-804b-4ce2-b066-83f9c90f2dce,"{""en"": {""value"": ""Rabbit skin glue"", ""direction"": ""ltr""}}",[],[],1425702a-e93e-4fe1-838e-46b37912dba9,"{""en"": {""value"": ""Oil"", ""direction"": ""ltr""}}",[],[],,,,,,,,,,,,,,,,,,,,,,,,
fffa3d15-37eb-4a74-b242-b231093cb616,d4e956f7-9fad-4fd2-94e3-563a3b2c3585,a4ea5a7a-d7f0-11ef-a75a-0275dc2ded29,1,e6f2380b-d00c-4920-bde6-4ef59b63c528,"{""en"": {""value"": ""Rabbit skin glue"", ""direction"": ""ltr""}}",[],[],5d724237-937d-47ca-96b2-061f5d3b7864,"{""en"": {""value"": ""Oil"", ""direction"": ""ltr""}}",[],[],,,,,,,,,,,,,,,,,,,,,,,,
f25f3aeb-bf6e-40e7-888a-0242c9ef005b,d4e956f7-9fad-4fd2-94e3-563a3b2c3585,a4ea5a7a-d7f0-11ef-a75a-0275dc2ded29,1,4de7075c-6c49-43b0-a2a0-09b6772b3b19,"{""en"": {""value"": ""Rabbit skin glue (Kremer 6302)"", ""direction"": ""ltr""}}",[],[],,,,,,,,,,,,,,,,,,,,,,,,,,,,
026abf15-a1e8-4e0a-93f1-89dec81a3ce3,d4e956f7-9fad-4fd2-94e3-563a3b2c3585,a4ea5a7a-d7f0-11ef-a75a-0275dc2ded29,1,9704291e-7bc4-4df6-830b-9e4dfac4361d,"{""en"": {""value"": ""Rabbit skin glue (Kremer 6302)"", ""direction"": ""ltr""}}",[],[],,,,,,,,,,,,,,,,,,,,,,,,,,,,
c01f4c55-0586-486b-8386-5bcb2e3e31bc,d4e956f7-9fad-4fd2-94e3-563a3b2c3585,a4ea5a7a-d7f0-11ef-a75a-0275dc2ded29,1,2444a361-f36d-4660-8d5d-a65ab6c1aeca,"{""en"": {""value"": ""Gum Arabic (Kremer 6330)"", ""direction"": ""ltr""}}",[],[],,,,,,,,,,,,,,,,,,,,,,,,,,,,
1bb73581-8a79-4055-b4d3-577501064edc,d4e956f7-9fad-4fd2-94e3-563a3b2c3585,a4ea5a7a-d7f0-11ef-a75a-0275dc2ded29,1,60eee4fe-f8df-4cbd-a2a0-a2a728942583,"{""en"": {""value"": ""Gum Arabic (Kremer 6330)"", ""direction"": ""ltr""}}",[],[],,,,,,,,,,,,,,,,,,,,,,,,,,,,
ae7cf53b-060b-494f-af9b-9371893b2b02,d4e956f7-9fad-4fd2-94e3-563a3b2c3585,a4ea5a7a-d7f0-11ef-a75a-0275dc2ded29,1,625d6358-2208-4a13-8847-09d51d415ef1,"{""en"": {""value"": ""Gum Arabic (Kremer 6330)"", ""direction"": ""ltr""}}",[],[],,,,,,,,,,,,,,,,,,,,,,,,,,,,
91b543a2-f458-4bfc-bc48-11ff97731447,d4e956f7-9fad-4fd2-94e3-563a3b2c3585,a4ea5a7a-d7f0-11ef-a75a-0275dc2ded29,1,76289c63-39b9-40e7-995b-603efdafe135,"{""en"": {""value"": ""Whole egg (PRO12331)"", ""direction"": ""ltr""}}",[],[],,,,,,,,,,,,,,,,,,,,,,,,,,,,
ecca7d8d-2623-440e-b23c-8f4a0a1d2c31,d4e956f7-9fad-4fd2-94e3-563a3b2c3585,a4ea5a7a-d7f0-11ef-a75a-0275dc2ded29,1,888ea6c7-920c-4148-bc1f-cdf656d6058e,"{""en"": {""value"": ""Whole egg (PRO12331)"", ""direction"": ""ltr""}}",[],[],,,,,,,,,,,,,,,,,,,,,,,,,,,,
61a82612-a90d-4a30-aba6-dda00ec112db,d4e956f7-9fad-4fd2-94e3-563a3b2c3585,a4ea5a7a-d7f0-11ef-a75a-0275dc2ded29,1,f588eaee-60ec-4d43-9119-c3aaa9826604,"{""en"": {""value"": ""Whole egg (PRO12331)"", ""direction"": ""ltr""}}",[],[],,,,,,,,,,,,,,,,,,,,,,,,,,,,
1c279fb1-b652-452a-b6ce-6a610d25640f,d4e956f7-9fad-4fd2-94e3-563a3b2c3585,a4ea5a7a-d7f0-11ef-a75a-0275dc2ded29,1,0ce0605b-d144-4344-bdbf-16d9b8af6a5e,"{""en"": {""value"": ""Gum arabic"", ""direction"": ""ltr""}}",[],[],715fb444-f28e-48c6-addd-e4ab96408140,"{""en"": {""value"": ""Honey (Superior - GUM12730)"", ""direction"": ""ltr""}}",[],[],,,,,,,,,,,,,,,,,,,,,,,,
02671d4c-a367-4047-9e82-1e5a5fe8664f,d4e956f7-9fad-4fd2-94e3-563a3b2c3585,a4ea5a7a-d7f0-11ef-a75a-0275dc2ded29,1,e6a8941e-f8ff-4843-b9f6-74c92f942725,"{""en"": {""value"": ""Gum arabic"", ""direction"": ""ltr""}}",[],[],16366457-b9d1-411f-b4d6-a188d21bd285,"{""en"": {""value"": ""Honey (Superior - GUM12730)"", ""direction"": ""ltr""}}",[],[],,,,,,,,,,,,,,,,,,,,,,,,
8c97cb29-153c-401a-b9e1-30943bca9085,d4e956f7-9fad-4fd2-94e3-563a3b2c3585,a4ea5a7a-d7f0-11ef-a75a-0275dc2ded29,1,31cf5942-083e-4277-8409-0499006631d8,"{""en"": {""value"": ""Gum arabic"", ""direction"": ""ltr""}}",[],[],4e4e1aa7-9166-4550-bdf9-909ba3d73f66,"{""en"": {""value"": ""Honey (Superior - GUM12730)"", ""direction"": ""ltr""}}",[],[],,,,,,,,,,,,,,,,,,,,,,,,
609bd9ea-d3c6-4cbb-97dc-d74234fae3a5,d4e956f7-9fad-4fd2-94e3-563a3b2c3585,a4ea5a7a-d7f0-11ef-a75a-0275dc2ded29,1,3c808b5c-590e-40e6-ab00-93ee010449f5,"{""en"": {""value"": ""Gum arabic"", ""direction"": ""ltr""}}",[],[],305ee4dc-dd9b-410c-aeec-2ac69618f659,"{""en"": {""value"": ""Honey (Superior - GUM12730)"", ""direction"": ""ltr""}}",[],[],,,,,,,,,,,,,,,,,,,,,,,,
a86f9d50-7856-4050-9ae0-62d29c8771c6,d4e956f7-9fad-4fd2-94e3-563a3b2c3585,a4ea5a7a-d7f0-11ef-a75a-0275dc2ded29,1,32965952-22db-4377-852f-3ea7d20fa5e1,"{""en"": {""value"": ""Gum arabic"", ""direction"": ""ltr""}}",[],[],028c4552-d8a2-44b3-bc55-a8054289bc6a,"{""en"": {""value"": ""Honey (Superior - GUM12730)"", ""direction"": ""ltr""}}",[],[],,,,,,,,,,,,,,,,,,,,,,,,
5481c06c-622b-41a8-82b4-4b35124b8a82,d4e956f7-9fad-4fd2-94e3-563a3b2c3585,a4ea5a7a-d7f0-11ef-a75a-0275dc2ded29,1,10c4761e-d307-413f-8bfd-fa84763567ad,"{""en"": {""value"": ""Gum arabic"", ""direction"": ""ltr""}}",[],[],625a7f7a-efab-470b-a26f-a2da15b83feb,"{""en"": {""value"": ""Honey (Superior - GUM12730)"", ""direction"": ""ltr""}}",[],[],,,,,,,,,,,,,,,,,,,,,,,,
ca97a76e-1485-4c09-9ebe-538bf9369715,d4e956f7-9fad-4fd2-94e3-563a3b2c3585,a4ea5a7a-d7f0-11ef-a75a-0275dc2ded29,1,a3dbfc08-4146-4e85-9dbe-ceedc50e57b4,"{""en"": {""value"": ""Gum arabic"", ""direction"": ""ltr""}}",[],[],2bf8b6c2-ec40-465e-afb1-da200b4a3aee,"{""en"": {""value"": ""Honey (Superior - GUM12730)"", ""direction"": ""ltr""}}",[],[],,,,,,,,,,,,,,,,,,,,,,,,
d69e099f-569c-40bd-8e1e-c7650f2f31b5,d4e956f7-9fad-4fd2-94e3-563a3b2c3585,a4ea5a7a-d7f0-11ef-a75a-0275dc2ded29,1,679e082c-b5ab-4c41-813d-15827749b956,"{""en"": {""value"": ""Gum arabic"", ""direction"": ""ltr""}}",[],[],40752844-4454-4034-9c77-a2b6bbe2e9d7,"{""en"": {""value"": ""Honey (Superior - GUM12730)"", ""direction"": ""ltr""}}",[],[],,,,,,,,,,,,,,,,,,,,,,,,
a4d0a6d4-f686-4849-8d55-454aa9247d39,d4e956f7-9fad-4fd2-94e3-563a3b2c3585,a4ea5a7a-d7f0-11ef-a75a-0275dc2ded29,1,a20d0537-3e9d-45fb-91eb-e10e01775b0c,"{""en"": {""value"": ""Gum arabic"", ""direction"": ""ltr""}}",[],[],3472ba50-65e5-43c2-9960-c3a33d1fa4b9,"{""en"": {""value"": ""Honey (Superior - GUM12730)"", ""direction"": ""ltr""}}",[],[],,,,,,,,,,,,,,,,,,,,,,,,
94321527-2ec3-475f-a8b8-7b537f17eae1,d4e956f7-9fad-4fd2-94e3-563a3b2c3585,a4ea5a7a-d7f0-11ef-a75a-0275dc2ded29,1,386b6803-bb7e-4ece-8cf8-cb2338ca1461,"{""en"": {""value"": ""Gum arabic"", ""direction"": ""ltr""}}",[],[],b93cdce0-2d39-4d6a-a40d-d94c3dc3edd1,"{""en"": {""value"": ""Honey (Superior - GUM12730)"", ""direction"": ""ltr""}}",[],[],,,,,,,,,,,,,,,,,,,,,,,,
41bb2746-e1e9-4c9e-b995-41c49c1a26db,d4e956f7-9fad-4fd2-94e3-563a3b2c3585,a4ea5a7a-d7f0-11ef-a75a-0275dc2ded29,1,41df6e52-84b1-41f0-b6fc-4b92734cd5ad,"{""en"": {""value"": ""Gum arabic"", ""direction"": ""ltr""}}",[],[],3053a272-8baa-4cf6-bb4e-cc636796a091,"{""en"": {""value"": ""Honey (Superior - GUM12730)"", ""direction"": ""ltr""}}",[],[],,,,,,,,,,,,,,,,,,,,,,,,
19a7175c-f6e3-43fa-ba52-ff048133da13,d4e956f7-9fad-4fd2-94e3-563a3b2c3585,a4ea5a7a-d7f0-11ef-a75a-0275dc2ded29,1,8664723a-2a5c-4f27-8dad-0228b1ec5a3a,"{""en"": {""value"": ""Gum arabic"", ""direction"": ""ltr""}}",[],[],,,,,,,,,,,,,,,,,,,,,,,,,,,,
220435a4-d57c-45a6-9337-e1d5b6220778,d4e956f7-9fad-4fd2-94e3-563a3b2c3585,a4ea5a7a-d7f0-11ef-a75a-0275dc2ded29,1,6531c250-2adc-4f34-805b-0569e23a52a7,"{""en"": {""value"": ""Gum arabic"", ""direction"": ""ltr""}}",[],[],,,,,,,,,,,,,,,,,,,,,,,,,,,,
e7250a73-d44b-41cb-9518-3de7740d0062,d4e956f7-9fad-4fd2-94e3-563a3b2c3585,a4ea5a7a-d7f0-11ef-a75a-0275dc2ded29,1,50a934d3-091a-4255-a489-7d4773395ea4,"{""en"": {""value"": ""Gum arabic"", ""direction"": ""ltr""}}",[],[],,,,,,,,,,,,,,,,,,,,,,,,,,,,
17fb4a9f-3164-45cf-9396-17bab177eb5d,d4e956f7-9fad-4fd2-94e3-563a3b2c3585,a4ea5a7a-d7f0-11ef-a75a-0275dc2ded29,1,31302f6e-7fb7-4357-a2f8-b0ad492ce269,"{""en"": {""value"": ""Gum arabic"", ""direction"": ""ltr""}}",[],[],,,,,,,,,,,,,,,,,,,,,,,,,,,,
1233bbda-9a7e-4045-a923-5095abfbba5f,d4e956f7-9fad-4fd2-94e3-563a3b2c3585,a4ea5a7a-d7f0-11ef-a75a-0275dc2ded29,1,d7613919-ebc6-4bd8-92ad-8734d30d6d15,"{""en"": {""value"": ""Gum arabic"", ""direction"": ""ltr""}}",[],[],,,,,,,,,,,,,,,,,,,,,,,,,,,,
369fd46d-6a33-42a8-bd73-0bf078ad1f4c,d4e956f7-9fad-4fd2-94e3-563a3b2c3585,a4ea5a7a-d7f0-11ef-a75a-0275dc2ded29,1,eec43109-6032-4b56-bfb6-e0c0d2f05418,"{""en"": {""value"": ""Gum arabic"", ""direction"": ""ltr""}}",[],[],,,,,,,,,,,,,,,,,,,,,,,,,,,,
5cacf011-172f-47ab-9802-312f4722e410,d4e956f7-9fad-4fd2-94e3-563a3b2c3585,a4ea5a7a-d7f0-11ef-a75a-0275dc2ded29,1,eefc82a2-0530-4a0e-9783-6d14aa05e49e,"{""en"": {""value"": ""Gum arabic"", ""direction"": ""ltr""}}",[],[],,,,,,,,,,,,,,,,,,,,,,,,,,,,
bf29de6b-af93-4e43-a6da-6bac3a74b8a3,d4e956f7-9fad-4fd2-94e3-563a3b2c3585,a4ea5a7a-d7f0-11ef-a75a-0275dc2ded29,1,c2294ea3-dc67-4636-a457-25b198d41700,"{""en"": {""value"": ""Gum arabic"", ""direction"": ""ltr""}}",[],[],,,,,,,,,,,,,,,,,,,,,,,,,,,,
2cd2299e-aca6-4878-aa8f-29acc2bd30ae,d4e956f7-9fad-4fd2-94e3-563a3b2c3585,a4ea5a7a-d7f0-11ef-a75a-0275dc2ded29,1,d08ca174-adc2-4b82-9dcf-5721c14f4ab9,"{""en"": {""value"": ""Gum arabic"", ""direction"": ""ltr""}}",[],[],,,,,,,,,,,,,,,,,,,,,,,,,,,,
34b1103e-b411-4ac5-bff9-f49de2fcdb9d,d4e956f7-9fad-4fd2-94e3-563a3b2c3585,a4ea5a7a-d7f0-11ef-a75a-0275dc2ded29,1,7ee47d09-e926-420f-91a1-3e3c5264696e,"{""en"": {""value"": ""Gum tragacanth"", ""direction"": ""ltr""}}",[],[],,,,,,,,,,,,,,,,,,,,,,,,,,,,
ab04873e-ee55-4f53-905f-154012881172,d4e956f7-9fad-4fd2-94e3-563a3b2c3585,a4ea5a7a-d7f0-11ef-a75a-0275dc2ded29,1,40ea14f2-69b1-45cb-930f-4f7b769e73dc,"{""en"": {""value"": ""Gum tragacanth"", ""direction"": ""ltr""}}",[],[],,,,,,,,,,,,,,,,,,,,,,,,,,,,
cf7ca050-d5ec-4aef-9811-35bc78ffe8aa,d4e956f7-9fad-4fd2-94e3-563a3b2c3585,a4ea5a7a-d7f0-11ef-a75a-0275dc2ded29,1,b328f6cd-53fa-44ff-a4a1-a281506acbb3,"{""en"": {""value"": ""Gum tragacanth"", ""direction"": ""ltr""}}",[],[],,,,,,,,,,,,,,,,,,,,,,,,,,,,
2df79aaf-67a4-4053-a6e7-472a8d2ec2e5,d4e956f7-9fad-4fd2-94e3-563a3b2c3585,a4ea5a7a-d7f0-11ef-a75a-0275dc2ded29,1,4be03e27-bbc1-4880-9d1c-302bf2ab41ec,"{""en"": {""value"": ""Gum tragacanth"", ""direction"": ""ltr""}}",[],[],,,,,,,,,,,,,,,,,,,,,,,,,,,,
78910084-1f9c-4fea-95d1-8862ec358a0f,d4e956f7-9fad-4fd2-94e3-563a3b2c3585,a4ea5a7a-d7f0-11ef-a75a-0275dc2ded29,1,536e3234-09ee-4c52-a1f9-409e36255ffd,"{""en"": {""value"": ""Gum tragacanth"", ""direction"": ""ltr""}}",[],[],,,,,,,,,,,,,,,,,,,,,,,,,,,,
85fbb3dc-c7b2-4a99-8f1f-ecabc0ea4c81,d4e956f7-9fad-4fd2-94e3-563a3b2c3585,a4ea5a7a-d7f0-11ef-a75a-0275dc2ded29,1,f4f7668d-3567-4ba2-90e7-0b3a6e22fcc5,"{""en"": {""value"": ""Gum tragacanth"", ""direction"": ""ltr""}}",[],[],,,,,,,,,,,,,,,,,,,,,,,,,,,,
ddb45ca8-3c32-4687-aa01-49e4df873844,d4e956f7-9fad-4fd2-94e3-563a3b2c3585,a4ea5a7a-d7f0-11ef-a75a-0275dc2ded29,1,71b5f469-8302-47af-95c2-050b26507ae4,"{""en"": {""value"": ""Gum tragacanth"", ""direction"": ""ltr""}}",[],[],,,,,,,,,,,,,,,,,,,,,,,,,,,,
2839e4b5-1cf5-4aaa-b43d-e82c0aef455a,d4e956f7-9fad-4fd2-94e3-563a3b2c3585,a4ea5a7a-d7f0-11ef-a75a-0275dc2ded29,1,6101cc48-b9ae-40c8-bee6-7ab5e2df5fc8,"{""en"": {""value"": ""Gum tragacanth"", ""direction"": ""ltr""}}",[],[],,,,,,,,,,,,,,,,,,,,,,,,,,,,
670ed54e-97aa-4fe0-bcfd-aa106a13cd77,d4e956f7-9fad-4fd2-94e3-563a3b2c3585,a4ea5a7a-d7f0-11ef-a75a-0275dc2ded29,1,a868e017-20a8-4520-92c5-4a217a88f38f,"{""en"": {""value"": ""Gum tragacanth"", ""direction"": ""ltr""}}",[],[],,,,,,,,,,,,,,,,,,,,,,,,,,,,
965c7e54-b6a5-42a4-8f08-72061f24bd00,d4e956f7-9fad-4fd2-94e3-563a3b2c3585,a4ea5a7a-d7f0-11ef-a75a-0275dc2ded29,1,825fed02-fd1c-42bf-ab62-6dbafeae53f3,"{""en"": {""value"": ""Gum tragacanth"", ""direction"": ""ltr""}}",[],[],,,,,,,,,,,,,,,,,,,,,,,,,,,,
14b306c9-ca72-4330-b113-7c4bfb44a706,d4e956f7-9fad-4fd2-94e3-563a3b2c3585,a4ea5a7a-d7f0-11ef-a75a-0275dc2ded29,1,b1f7a07f-8872-4f7e-8d31-7660fcfc6c8c,"{""en"": {""value"": ""Gum tragacanth"", ""direction"": ""ltr""}}",[],[],,,,,,,,,,,,,,,,,,,,,,,,,,,,
486089a1-c9f9-4c8b-acb6-57f9a92d9167,d4e956f7-9fad-4fd2-94e3-563a3b2c3585,a4ea5a7a-d7f0-11ef-a75a-0275dc2ded29,1,4ca13ad9-6eae-44fe-8c07-53a7cefa734d,"{""en"": {""value"": ""Gum tragacanth"", ""direction"": ""ltr""}}",[],[],,,,,,,,,,,,,,,,,,,,,,,,,,,,
9c893954-01e4-4f84-9d73-82d058fce06a,d4e956f7-9fad-4fd2-94e3-563a3b2c3585,a4ea5a7a-d7f0-11ef-a75a-0275dc2ded29,1,69667ed9-ff5c-4b63-9799-cc3d0e8612d2,"{""en"": {""value"": ""Gum tragacanth"", ""direction"": ""ltr""}}",[],[],,,,,,,,,,,,,,,,,,,,,,,,,,,,
fd279716-f95a-4239-808f-2985ec33651d,d4e956f7-9fad-4fd2-94e3-563a3b2c3585,a4ea5a7a-d7f0-11ef-a75a-0275dc2ded29,1,d43fc0a9-ceac-4808-8ceb-d4c27949c39e,"{""en"": {""value"": ""Gum tragacanth"", ""direction"": ""ltr""}}",[],[],,,,,,,,,,,,,,,,,,,,,,,,,,,,
78f6c6f3-02d7-4d97-b9b1-f42a70f8f2d0,d4e956f7-9fad-4fd2-94e3-563a3b2c3585,a4ea5a7a-d7f0-11ef-a75a-0275dc2ded29,1,d90a24a2-32ef-4103-a43b-86d11813724e,"{""en"": {""value"": ""Gum tragacanth"", ""direction"": ""ltr""}}",[],[],,,,,,,,,,,,,,,,,,,,,,,,,,,,
024f3c45-9a51-46ba-aed4-78f4a7bdebc8,d4e956f7-9fad-4fd2-94e3-563a3b2c3585,a4ea5a7a-d7f0-11ef-a75a-0275dc2ded29,1,14f236f4-4fc8-4387-a0c1-df68e17905d1,"{""en"": {""value"": ""Gum tragacanth"", ""direction"": ""ltr""}}",[],[],,,,,,,,,,,,,,,,,,,,,,,,,,,,
444544f3-4a15-4e77-8fe8-7bd8d2a031a5,d4e956f7-9fad-4fd2-94e3-563a3b2c3585,a4ea5a7a-d7f0-11ef-a75a-0275dc2ded29,1,d53ed9db-d4a5-4bbf-abb0-accd3c27ec00,"{""en"": {""value"": ""Gum tragacanth"", ""direction"": ""ltr""}}",[],[],,,,,,,,,,,,,,,,,,,,,,,,,,,,
8235efb1-e475-4bea-ab09-176cd4fcfcd6,d4e956f7-9fad-4fd2-94e3-563a3b2c3585,a4ea5a7a-d7f0-11ef-a75a-0275dc2ded29,1,e88b9550-e908-4380-8c27-f62d67fcb051,"{""en"": {""value"": ""Gum tragacanth"", ""direction"": ""ltr""}}",[],[],,,,,,,,,,,,,,,,,,,,,,,,,,,,
d31a989e-181b-4e1e-8421-4702cbca47cc,d4e956f7-9fad-4fd2-94e3-563a3b2c3585,a4ea5a7a-d7f0-11ef-a75a-0275dc2ded29,1,4426d5dc-90b2-4366-a897-9ab6c5dde8b7,"{""en"": {""value"": ""Cherry gum (Kremer - GUM15183)"", ""direction"": ""ltr""}}",[],[],,,,,,,,,,,,,,,,,,,,,,,,,,,,
ad0d00c2-e7b2-4f00-a8fa-274e03ea36ae,d4e956f7-9fad-4fd2-94e3-563a3b2c3585,a4ea5a7a-d7f0-11ef-a75a-0275dc2ded29,1,3ff0c370-a363-4af4-820c-4810f9e622d3,"{""en"": {""value"": ""Cherry gum (Kremer - GUM15183)"", ""direction"": ""ltr""}}",[],[],,,,,,,,,,,,,,,,,,,,,,,,,,,,
e6994773-98ab-4895-aa77-92657fbbfd1c,d4e956f7-9fad-4fd2-94e3-563a3b2c3585,a4ea5a7a-d7f0-11ef-a75a-0275dc2ded29,1,77dd3328-078d-4741-8035-044249579b25,"{""en"": {""value"": ""Cherry gum (Kremer - GUM15183)"", ""direction"": ""ltr""}}",[],[],,,,,,,,,,,,,,,,,,,,,,,,,,,,
9405d605-b801-4fa0-a8b4-472bfcd3da52,d4e956f7-9fad-4fd2-94e3-563a3b2c3585,a4ea5a7a-d7f0-11ef-a75a-0275dc2ded29,1,fec72c7e-2d57-468f-9e43-4c072bbe43cd,"{""en"": {""value"": ""Cherry gum (Kremer - GUM15183)"", ""direction"": ""ltr""}}",[],[],,,,,,,,,,,,,,,,,,,,,,,,,,,,
08200078-1095-4f97-932d-92287f1f9421,d4e956f7-9fad-4fd2-94e3-563a3b2c3585,a4ea5a7a-d7f0-11ef-a75a-0275dc2ded29,1,8f6eed92-c222-4f93-9f57-04642f432894,"{""en"": {""value"": ""Cherry gum (Kremer - GUM15183)"", ""direction"": ""ltr""}}",[],[],,,,,,,,,,,,,,,,,,,,,,,,,,,,
1008a9c9-42d7-49e2-afe5-cd4d2b50c524,d4e956f7-9fad-4fd2-94e3-563a3b2c3585,a4ea5a7a-d7f0-11ef-a75a-0275dc2ded29,1,ac7c9b72-5034-4c0b-b7d8-0f994f188ccc,"{""en"": {""value"": ""Cherry gum (Kremer - GUM15183)"", ""direction"": ""ltr""}}",[],[],,,,,,,,,,,,,,,,,,,,,,,,,,,,
422d9c90-7a2b-4068-9657-8c6d951f8917,d4e956f7-9fad-4fd2-94e3-563a3b2c3585,a4ea5a7a-d7f0-11ef-a75a-0275dc2ded29,1,4cfa2817-7129-4cda-b107-9f84b2396a85,"{""en"": {""value"": ""Cherry gum (Kremer - GUM15183)"", ""direction"": ""ltr""}}",[],[],,,,,,,,,,,,,,,,,,,,,,,,,,,,
e2d1c6cb-0622-42c8-9033-9b0001c6260b,d4e956f7-9fad-4fd2-94e3-563a3b2c3585,a4ea5a7a-d7f0-11ef-a75a-0275dc2ded29,1,44af9468-fa24-4e0e-8cc1-5acd1d6fd055,"{""en"": {""value"": ""Cherry gum (Kremer - GUM15183)"", ""direction"": ""ltr""}}",[],[],,,,,,,,,,,,,,,,,,,,,,,,,,,,
ab32785b-bcaa-4220-85a6-641aa14e2e05,d4e956f7-9fad-4fd2-94e3-563a3b2c3585,a4ea5a7a-d7f0-11ef-a75a-0275dc2ded29,1,2632dd08-2152-42d6-8c29-b12f9ce5ec4e,"{""en"": {""value"": ""Cherry gum (Kremer - GUM15183)"", ""direction"": ""ltr""}}",[],[],,,,,,,,,,,,,,,,,,,,,,,,,,,,
4f68057e-011e-4ae9-930d-d027f6966d69,d4e956f7-9fad-4fd2-94e3-563a3b2c3585,a4ea5a7a-d7f0-11ef-a75a-0275dc2ded29,1,6aa1e34e-2743-4b06-8183-5c37ff2fd1c5,"{""en"": {""value"": ""Cherry gum (Kremer - GUM15183)"", ""direction"": ""ltr""}}",[],[],,,,,,,,,,,,,,,,,,,,,,,,,,,,
5c52834a-8617-4a52-b251-2515d29d7439,d4e956f7-9fad-4fd2-94e3-563a3b2c3585,a4ea5a7a-d7f0-11ef-a75a-0275dc2ded29,1,89b6a0ae-463c-4e2a-adee-569f9157b922,"{""en"": {""value"": ""Cherry gum (Kremer - GUM15183)"", ""direction"": ""ltr""}}",[],[],,,,,,,,,,,,,,,,,,,,,,,,,,,,
b7055623-26c8-4987-883b-432ac7e1b8e5,d4e956f7-9fad-4fd2-94e3-563a3b2c3585,a4ea5a7a-d7f0-11ef-a75a-0275dc2ded29,1,2a118b86-9bda-4b5c-8eb9-e152970e4f90,"{""en"": {""value"": ""Cherry gum (Kremer - GUM15183)"", ""direction"": ""ltr""}}",[],[],,,,,,,,,,,,,,,,,,,,,,,,,,,,
0b4eef9a-d645-4a18-8215-d4d4d6ed8980,d4e956f7-9fad-4fd2-94e3-563a3b2c3585,a4ea5a7a-d7f0-11ef-a75a-0275dc2ded29,1,e6d6def4-904c-4465-9527-7ef093a2ed6b,"{""en"": {""value"": ""Cherry gum (Kremer - GUM15183)"", ""direction"": ""ltr""}}",[],[],,,,,,,,,,,,,,,,,,,,,,,,,,,,
5af14290-2e83-4b1a-a35f-7ab714a50072,d4e956f7-9fad-4fd2-94e3-563a3b2c3585,a4ea5a7a-d7f0-11ef-a75a-0275dc2ded29,1,8e2c8866-b95f-41da-8811-8bac0a47c453,"{""en"": {""value"": ""Cherry gum (Kremer - GUM15183)"", ""direction"": ""ltr""}}",[],[],,,,,,,,,,,,,,,,,,,,,,,,,,,,
9f7b36c1-943c-40c9-990f-015495ec2cce,d4e956f7-9fad-4fd2-94e3-563a3b2c3585,a4ea5a7a-d7f0-11ef-a75a-0275dc2ded29,1,70cbe18b-9df7-4929-99aa-7eee39dc1e9e,"{""en"": {""value"": ""Cherry gum (Kremer - GUM15183)"", ""direction"": ""ltr""}}",[],[],,,,,,,,,,,,,,,,,,,,,,,,,,,,
10318104-7b1f-4f73-8c48-9efcf2cb933a,d4e956f7-9fad-4fd2-94e3-563a3b2c3585,a4ea5a7a-d7f0-11ef-a75a-0275dc2ded29,1,0e73e5b0-a472-45cf-b8f5-4adb946d6a2b,"{""en"": {""value"": ""Cherry gum (Kremer - GUM15183)"", ""direction"": ""ltr""}}",[],[],,,,,,,,,,,,,,,,,,,,,,,,,,,,
b72ea2fc-fa9f-462b-ad86-d241ca1a6e08,d4e956f7-9fad-4fd2-94e3-563a3b2c3585,a4ea5a7a-d7f0-11ef-a75a-0275dc2ded29,1,68ade2c1-799d-4c01-9ffd-3fbc9e10e1a8,"{""en"": {""value"": ""Cherry gum (Kremer - GUM15183)"", ""direction"": ""ltr""}}",[],[],,,,,,,,,,,,,,,,,,,,,,,,,,,,
3507ffb6-edc1-4a3f-b841-cafe0fe34dcb,d4e956f7-9fad-4fd2-94e3-563a3b2c3585,a4ea5a7a-d7f0-11ef-a75a-0275dc2ded29,1,3bb45157-6585-49b9-a8b8-40ba203a192e,"{""en"": {""value"": ""Cherry gum (Kremer - GUM15183)"", ""direction"": ""ltr""}}",[],[],,,,,,,,,,,,,,,,,,,,,,,,,,,,
2bce804d-7844-4496-ad8e-337199d9fde4,d4e956f7-9fad-4fd2-94e3-563a3b2c3585,a4ea5a7a-d7f0-11ef-a75a-0275dc2ded29,1,ec32ded6-fd79-49ae-8b4b-475726a877d1,"{""en"": {""value"": ""Gum / glue"", ""direction"": ""ltr""}}",[],[],,,,,,,,,,,,,,,,,,,,,,,,,,,,
5708a867-dfb5-4325-bf50-05df25378db6,d4e956f7-9fad-4fd2-94e3-563a3b2c3585,a4ea5a7a-d7f0-11ef-a75a-0275dc2ded29,1,f8002651-82a9-445a-8af0-e4e59e489c8c,"{""en"": {""value"": ""0.26 g dammar resin"", ""direction"": ""ltr""}}",[],[],,,,,343ce4b9-4fc6-4e55-9bef-17ea8894c0a4,"{""en"": {""value"": ""dammar resin"", ""direction"": ""ltr""}}",[],[],[],6e61bcf0-b2ff-4442-9939-791a2e953290,0.26,[],[],,,,,,,,,,,,,,,
a7cf0400-6bef-44bb-8ef6-1d487fb518a1,d4e956f7-9fad-4fd2-94e3-563a3b2c3585,a4ea5a7a-d7f0-11ef-a75a-0275dc2ded29,1,f468fa0f-290b-47bf-8de5-51613ccf5ccf,"{""en"": {""value"": ""0.57 g dammar resin"", ""direction"": ""ltr""}}",[],[],,,,,aca3d0bf-77b4-47c6-b194-b970f810b29d,"{""en"": {""value"": ""dammar resin"", ""direction"": ""ltr""}}",[],[],[],d29165e1-2467-4ded-a4ba-f63797c982f3,0.57,[],[],,,,,,,,,,,,,,,
8d70e609-86ea-44a8-879d-34eb3efc84f3,d4e956f7-9fad-4fd2-94e3-563a3b2c3585,a4ea5a7a-d7f0-11ef-a75a-0275dc2ded29,1,b3e17ec6-c478-47f7-86dd-88eaf3ba7fc6,"{""en"": {""value"": ""0.47 g dammar resin"", ""direction"": ""ltr""}}",[],[],,,,,b74c5287-47c2-4d83-b933-d6bc515f9cce,"{""en"": {""value"": ""dammar resin"", ""direction"": ""ltr""}}",[],[],[],f9b4d1bc-c185-4975-bcb2-a08f04e010fd,0.47,[],[],,,,,,,,,,,,,,,
78c9897b-9072-418c-ab06-54cc183b051e,d4e956f7-9fad-4fd2-94e3-563a3b2c3585,a4ea5a7a-d7f0-11ef-a75a-0275dc2ded29,1,9e821974-a711-40ac-a231-d199a6ed21d7,"{""en"": {""value"": ""0.38 g copal resin"", ""direction"": ""ltr""}}",[],[],,,,,38ec308d-5e9a-4570-840d-ec7cd219dd42,"{""en"": {""value"": ""copal resin"", ""direction"": ""ltr""}}",[],[],[],1c808689-4044-4d01-9338-0aabf65b6715,0.38,[],[],,,,,,,,,,,,,,,
2e78d3a9-1ae1-48c7-84c8-a6348247e417,d4e956f7-9fad-4fd2-94e3-563a3b2c3585,a4ea5a7a-d7f0-11ef-a75a-0275dc2ded29,1,b997c15b-20c0-4879-8895-267d1a3e51b5,"{""en"": {""value"": ""0.68 g copal resin"", ""direction"": ""ltr""}}",[],[],,,,,58aac693-fda8-43b3-aa19-95cae6b54d8d,"{""en"": {""value"": ""copal resin"", ""direction"": ""ltr""}}",[],[],[],7a34fce1-239c-409d-abf7-03b204b2597e,0.68,[],[],,,,,,,,,,,,,,,
1afcc44d-2b9c-45e0-adc1-08a911a381d5,d4e956f7-9fad-4fd2-94e3-563a3b2c3585,a4ea5a7a-d7f0-11ef-a75a-0275dc2ded29,1,01f35dc7-6d9d-466b-8145-26537a81f632,"{""en"": {""value"": ""0.54 g copal resin"", ""direction"": ""ltr""}}",[],[],,,,,2f5768fb-e24d-49e4-9b12-543b9f242ca5,"{""en"": {""value"": ""copal resin"", ""direction"": ""ltr""}}",[],[],[],23c04ca6-455e-4884-b1b3-982820d4f5ff,0.54,[],[],,,,,,,,,,,,,,,
850ad7cd-ff65-409a-9772-004745aca028,d4e956f7-9fad-4fd2-94e3-563a3b2c3585,a4ea5a7a-d7f0-11ef-a75a-0275dc2ded29,1,74a5f63f-ddf9-4003-9a96-d8dd0d6ec63a,"{""en"": {""value"": ""0.32 g mastic resin"", ""direction"": ""ltr""}}",[],[],,,,,3c4bbcfd-b9ed-4aec-a10d-483f7040b6f1,"{""en"": {""value"": ""mastic resin"", ""direction"": ""ltr""}}",[],[],[],d9b6bc0c-e5fd-4c15-b2e8-3cdc5d58c5b7,0.32,[],[],,,,,,,,,,,,,,,
ccb3933d-a965-4ebb-88bd-85b33bf205f6,d4e956f7-9fad-4fd2-94e3-563a3b2c3585,a4ea5a7a-d7f0-11ef-a75a-0275dc2ded29,1,d163b8b1-45fc-4d75-a482-1e9e2adf773c,"{""en"": {""value"": ""0.66 g mastic resin"", ""direction"": ""ltr""}}",[],[],,,,,ec4f1d94-48fb-4535-bfb3-3127d7f55d18,"{""en"": {""value"": ""mastic resin"", ""direction"": ""ltr""}}",[],[],[],3c3c54b7-f905-4518-b34e-58446e3edec1,0.66,[],[],,,,,,,,,,,,,,,
b4b2b2ea-95b2-44a1-9ae6-5737b7579875,d4e956f7-9fad-4fd2-94e3-563a3b2c3585,a4ea5a7a-d7f0-11ef-a75a-0275dc2ded29,1,a8d70e29-7c66-41eb-8eac-0c71a62a4fe3,"{""en"": {""value"": ""0.79 g mastic resin"", ""direction"": ""ltr""}}",[],[],,,,,a48a3f01-e41a-41b0-8a3a-6a67c98d85ba,"{""en"": {""value"": ""mastic resin"", ""direction"": ""ltr""}}",[],[],[],a3b634de-23d1-4107-b013-51543470f933,0.79,[],[],,,,,,,,,,,,,,,
7145d75d-e42a-4cb3-98d5-fb53ac9e8d19,d4e956f7-9fad-4fd2-94e3-563a3b2c3585,a4ea5a7a-d7f0-11ef-a75a-0275dc2ded29,1,732df60a-2e21-4609-aea2-e8c5ff7b8503,"{""en"": {""value"": ""0.38 g gum arabic"", ""direction"": ""ltr""}}",[],[],,,,,adc618c7-9486-4913-a718-505048f8cc23,"{""en"": {""value"": ""gum arabic"", ""direction"": ""ltr""}}",[],[],[],d48d92be-764f-4545-8582-80e657f4df71,0.38,[],[],,,,,,,,,,,,,,,
47a17e42-65b2-49ba-9bb2-85bc44f827d0,d4e956f7-9fad-4fd2-94e3-563a3b2c3585,a4ea5a7a-d7f0-11ef-a75a-0275dc2ded29,1,db293203-0c6f-4f7b-9578-2bea2ef35a88,"{""en"": {""value"": ""0.46 g gum arabic"", ""direction"": ""ltr""}}",[],[],,,,,4a138c84-a5ec-4088-acbe-c20e3d7f8e3c,"{""en"": {""value"": ""gum arabic"", ""direction"": ""ltr""}}",[],[],[],d833dc88-21b2-4d19-82bf-d1393b3f529e,0.46,[],[],,,,,,,,,,,,,,,
9c6d0cf2-5e3f-4964-8a31-7a5f32e49b04,d4e956f7-9fad-4fd2-94e3-563a3b2c3585,a4ea5a7a-d7f0-11ef-a75a-0275dc2ded29,1,58a7d31f-7bb3-4a99-a379-afadfd8566e9,"{""en"": {""value"": ""0.34 g gum arabic"", ""direction"": ""ltr""}}",[],[],,,,,fa9c9133-8a4d-4e63-a679-0d4755c94877,"{""en"": {""value"": ""gum arabic"", ""direction"": ""ltr""}}",[],[],[],f4aade49-a87e-4abe-af04-71c05210a5f7,0.34,[],[],,,,,,,,,,,,,,,
ee7bd934-be15-43c0-a740-342677b6dac3,d4e956f7-9fad-4fd2-94e3-563a3b2c3585,a4ea5a7a-d7f0-11ef-a75a-0275dc2ded29,1,eae02297-1509-4618-8568-6872e7a25136,"{""en"": {""value"": ""8.62 g egg yolk"", ""direction"": ""ltr""}}",[],[],,,,,f2f69d33-dc11-447a-899a-0b6baa5e358b,"{""en"": {""value"": ""egg yolk"", ""direction"": ""ltr""}}",[],[],[],2911d914-e112-4866-80f2-56491bf1fcff,8.62,[],[],,,,,,,,,,,,,,,
db2caefe-b812-464f-93d6-203ce4090f85,d4e956f7-9fad-4fd2-94e3-563a3b2c3585,a4ea5a7a-d7f0-11ef-a75a-0275dc2ded29,1,e407bd98-9015-4472-b245-d2a934be4433,"{""en"": {""value"": ""5.11 g egg yolk"", ""direction"": ""ltr""}}",[],[],,,,,465a1253-1d3a-46c9-914b-71c9dd3a19e7,"{""en"": {""value"": ""egg yolk"", ""direction"": ""ltr""}}",[],[],[],0f43658a-25bd-4895-a5c3-fe5be762fdad,5.11,[],[],,,,,,,,,,,,,,,
95658cd9-3876-4d54-9f92-4d6956d86d60,d4e956f7-9fad-4fd2-94e3-563a3b2c3585,a4ea5a7a-d7f0-11ef-a75a-0275dc2ded29,1,eaf5ae28-6a3e-4e12-a2cd-c45c3e1cf611,"{""en"": {""value"": ""4.94 g egg yolk"", ""direction"": ""ltr""}}",[],[],,,,,62520ade-9e5f-429b-aaa1-76c9f5cec369,"{""en"": {""value"": ""egg yolk"", ""direction"": ""ltr""}}",[],[],[],6edff53a-9726-4962-8925-cbe7ce3fd9ac,4.94,[],[],,,,,,,,,,,,,,,
f774be65-fad8-4feb-a8ef-213a36b81356,d4e956f7-9fad-4fd2-94e3-563a3b2c3585,a4ea5a7a-d7f0-11ef-a75a-0275dc2ded29,1,f0d4ec76-56c5-4788-8de2-5c7d54378f34,"{""en"": {""value"": ""0.26 g dammar resin"", ""direction"": ""ltr""}}",[],[],,,,,8b4919a3-8e53-4df5-9e78-7777e04ef5e0,"{""en"": {""value"": ""dammar resin"", ""direction"": ""ltr""}}",[],[],[],bfc4cd66-2b51-4a73-b364-af6df306b99b,0.26,[],[],,,,,,,,,,,,,,,
55be9532-6fa5-407d-9da8-0aa24749ab95,d4e956f7-9fad-4fd2-94e3-563a3b2c3585,a4ea5a7a-d7f0-11ef-a75a-0275dc2ded29,1,8d8f8407-cd79-42fc-b06f-cc0a4ec77d33,"{""en"": {""value"": ""0.26 g dammar resin"", ""direction"": ""ltr""}}",[],[],,,,,f69ed01a-51ca-428b-ae7e-b9d99816f621,"{""en"": {""value"": ""dammar resin"", ""direction"": ""ltr""}}",[],[],[],00fbcbf9-1048-4899-98f4-4dd0497ace44,0.26,[],[],,,,,,,,,,,,,,,
610a5a29-cd35-4ee5-bcee-05cd51e0527a,d4e956f7-9fad-4fd2-94e3-563a3b2c3585,a4ea5a7a-d7f0-11ef-a75a-0275dc2ded29,1,53c72078-adfe-4457-99f7-57c72766ebd7,"{""en"": {""value"": ""0.57 g dammar resin"", ""direction"": ""ltr""}}",[],[],,,,,373e76f6-9c06-4c68-a2df-e57bddbd1ecb,"{""en"": {""value"": ""dammar resin"", ""direction"": ""ltr""}}",[],[],[],25857336-aa6f-45c0-93ce-7759dc46c478,0.57,[],[],,,,,,,,,,,,,,,
656ca666-247b-4931-b6ba-7bcf34be93e8,d4e956f7-9fad-4fd2-94e3-563a3b2c3585,a4ea5a7a-d7f0-11ef-a75a-0275dc2ded29,1,122e449e-c0b9-4734-ae6c-a860bfe1896c,"{""en"": {""value"": ""0.57 g dammar resin"", ""direction"": ""ltr""}}",[],[],,,,,d257f018-afcc-40ee-9fb4-0416185bc790,"{""en"": {""value"": ""dammar resin"", ""direction"": ""ltr""}}",[],[],[],a5e144d2-1e3f-4c43-8774-394b598c76bb,0.57,[],[],,,,,,,,,,,,,,,
9f13bb7a-bcd8-427f-8dfc-4e7b76829c25,d4e956f7-9fad-4fd2-94e3-563a3b2c3585,a4ea5a7a-d7f0-11ef-a75a-0275dc2ded29,1,163c08fc-5d7b-42c8-ac24-1636a6f7d6f9,"{""en"": {""value"": ""0.47 g dammar resin"", ""direction"": ""ltr""}}",[],[],,,,,e761bbd8-3b40-43c5-a2d1-93f42d43b50e,"{""en"": {""value"": ""dammar resin"", ""direction"": ""ltr""}}",[],[],[],284c9705-9915-4c57-b7f0-c49fd97d2737,0.47,[],[],,,,,,,,,,,,,,,
7929c521-dc05-4c5f-a3b7-f9c6e08f6f97,d4e956f7-9fad-4fd2-94e3-563a3b2c3585,a4ea5a7a-d7f0-11ef-a75a-0275dc2ded29,1,5bb94fbb-13d2-4045-a059-5d9ea9fb3175,"{""en"": {""value"": ""0.47 g dammar resin"", ""direction"": ""ltr""}}",[],[],,,,,7e736764-c3c0-444f-a5d0-cde48dc0a912,"{""en"": {""value"": ""dammar resin"", ""direction"": ""ltr""}}",[],[],[],680c14d8-0020-4e0d-a7da-df910d0989aa,0.47,[],[],,,,,,,,,,,,,,,
76842068-c6b4-4a9b-b4d7-74f5a7107412,d4e956f7-9fad-4fd2-94e3-563a3b2c3585,a4ea5a7a-d7f0-11ef-a75a-0275dc2ded29,1,f226e91e-b102-4cac-ad4a-2b1553038ff4,"{""en"": {""value"": ""0.38 g copal resin"", ""direction"": ""ltr""}}",[],[],,,,,8aa93e03-b8e2-4ff1-8b0e-b63507f7a1db,"{""en"": {""value"": ""copal resin"", ""direction"": ""ltr""}}",[],[],[],3a96a9a1-64fc-4ece-81a9-9ffc44f37ad9,0.38,[],[],,,,,,,,,,,,,,,
60038dfb-ce85-4e93-91b5-bf08319fb977,d4e956f7-9fad-4fd2-94e3-563a3b2c3585,a4ea5a7a-d7f0-11ef-a75a-0275dc2ded29,1,0168466e-d4a9-4468-8b8d-2317a475d757,"{""en"": {""value"": ""0.38 g copal resin"", ""direction"": ""ltr""}}",[],[],,,,,f83fee43-901d-418f-90c4-19080c86db53,"{""en"": {""value"": ""copal resin"", ""direction"": ""ltr""}}",[],[],[],b1895a78-9432-43d8-9727-9f5510693775,0.38,[],[],,,,,,,,,,,,,,,
86775e37-266f-43c1-b003-6de86279a7da,d4e956f7-9fad-4fd2-94e3-563a3b2c3585,a4ea5a7a-d7f0-11ef-a75a-0275dc2ded29,1,6767a0bf-bcbd-4f7e-9a90-5a379795da7d,"{""en"": {""value"": ""0.68 g copal resin"", ""direction"": ""ltr""}}",[],[],,,,,cdf1fb1a-2d6d-4341-89bf-6e6be67c25cb,"{""en"": {""value"": ""copal resin"", ""direction"": ""ltr""}}",[],[],[],fc74a078-4977-430f-bae9-1e1bd95a2576,0.68,[],[],,,,,,,,,,,,,,,
d8224c71-ae52-4a59-9df3-9883aa2c2d24,d4e956f7-9fad-4fd2-94e3-563a3b2c3585,a4ea5a7a-d7f0-11ef-a75a-0275dc2ded29,1,9ec7017a-3a71-4c3a-bd04-458f4d924861,"{""en"": {""value"": ""0.68 g copal resin"", ""direction"": ""ltr""}}",[],[],,,,,96cbe5e3-e7e1-499b-91d4-1ae9269c4d8b,"{""en"": {""value"": ""copal resin"", ""direction"": ""ltr""}}",[],[],[],df0f9721-5f99-45b6-b978-aaa26243029d,0.68,[],[],,,,,,,,,,,,,,,
3c8d8de3-3140-400f-a393-e77aa06efb50,d4e956f7-9fad-4fd2-94e3-563a3b2c3585,a4ea5a7a-d7f0-11ef-a75a-0275dc2ded29,1,ccce6b8e-da49-48de-8f8f-d8d37d9dc91d,"{""en"": {""value"": ""0.54 g copal resin"", ""direction"": ""ltr""}}",[],[],,,,,2b6a240b-e465-49e4-b2c5-c4354d6b8cd3,"{""en"": {""value"": ""copal resin"", ""direction"": ""ltr""}}",[],[],[],0b33cf79-45f8-465b-b8c4-80ff49071410,0.54,[],[],,,,,,,,,,,,,,,
f834868a-c1bd-4876-b766-a05693f34cdb,d4e956f7-9fad-4fd2-94e3-563a3b2c3585,a4ea5a7a-d7f0-11ef-a75a-0275dc2ded29,1,b40477f1-4f37-4f6b-be13-ed03ac982ad5,"{""en"": {""value"": ""0.54 g copal resin"", ""direction"": ""ltr""}}",[],[],,,,,d7b5b457-069a-4982-b864-896267124243,"{""en"": {""value"": ""copal resin"", ""direction"": ""ltr""}}",[],[],[],ddadf883-1407-4e96-8a59-a4b5a95db89d,0.54,[],[],,,,,,,,,,,,,,,
450cdd04-ea6d-4f0a-a91c-46ae3cd8ff6b,d4e956f7-9fad-4fd2-94e3-563a3b2c3585,a4ea5a7a-d7f0-11ef-a75a-0275dc2ded29,1,e3ca6f23-7d89-4cda-a13f-8e878647ff4a,"{""en"": {""value"": ""0.32 g mastic resin"", ""direction"": ""ltr""}}",[],[],,,,,aa6d68f1-05d2-4eba-b0b5-26a1b04f952d,"{""en"": {""value"": ""mastic resin"", ""direction"": ""ltr""}}",[],[],[],79f35ba1-38fe-4f18-bf8d-38dd73050985,0.32,[],[],,,,,,,,,,,,,,,
72b231d3-5e87-4113-b599-f16f19cb0d67,d4e956f7-9fad-4fd2-94e3-563a3b2c3585,a4ea5a7a-d7f0-11ef-a75a-0275dc2ded29,1,92e45b21-b0e5-483d-9814-2781e7cc283e,"{""en"": {""value"": ""0.32 g mastic resin"", ""direction"": ""ltr""}}",[],[],,,,,72329437-28e5-48b0-a513-527229bf81bb,"{""en"": {""value"": ""mastic resin"", ""direction"": ""ltr""}}",[],[],[],2f34c840-f8e2-48aa-bd17-e0abc27b6708,0.32,[],[],,,,,,,,,,,,,,,
0023af95-edcd-4481-a404-14f4ec704a7b,d4e956f7-9fad-4fd2-94e3-563a3b2c3585,a4ea5a7a-d7f0-11ef-a75a-0275dc2ded29,1,11e33862-7b87-4a72-8201-b7117705b71e,"{""en"": {""value"": ""0.66 g mastic resin"", ""direction"": ""ltr""}}",[],[],,,,,f47ec2ef-703b-444d-b194-9992468a81d5,"{""en"": {""value"": ""mastic resin"", ""direction"": ""ltr""}}",[],[],[],c8f63a39-a98f-4c29-85d0-5c0a2db60bbb,0.66,[],[],,,,,,,,,,,,,,,
238fa49d-1ae0-4ca5-9c3a-f820a9a4d5d7,d4e956f7-9fad-4fd2-94e3-563a3b2c3585,a4ea5a7a-d7f0-11ef-a75a-0275dc2ded29,1,5e09a8f8-362f-40ea-90a0-3eb04b1597ee,"{""en"": {""value"": ""0.66 g mastic resin"", ""direction"": ""ltr""}}",[],[],,,,,0697f87a-069d-4cd4-a2f6-ae2a816fe894,"{""en"": {""value"": ""mastic resin"", ""direction"": ""ltr""}}",[],[],[],17727898-9762-441b-84a3-eaba7f8e36d6,0.66,[],[],,,,,,,,,,,,,,,
875e67f7-bfa7-4823-906c-01a62d643b48,d4e956f7-9fad-4fd2-94e3-563a3b2c3585,a4ea5a7a-d7f0-11ef-a75a-0275dc2ded29,1,889d9144-1400-43d7-a168-8f0133b31763,"{""en"": {""value"": ""0.79 g mastic resin"", ""direction"": ""ltr""}}",[],[],,,,,80bb1d34-e064-47c7-b14b-d34a5058016e,"{""en"": {""value"": ""mastic resin"", ""direction"": ""ltr""}}",[],[],[],8d877f6a-a3f8-45d9-8b95-204850cc3b42,0.79,[],[],,,,,,,,,,,,,,,
0e04a4ad-a3b1-4790-acd7-b8cdb18e801c,d4e956f7-9fad-4fd2-94e3-563a3b2c3585,a4ea5a7a-d7f0-11ef-a75a-0275dc2ded29,1,168a1edf-6288-480b-a15f-5caf496fa581,"{""en"": {""value"": ""0.79 g mastic resin"", ""direction"": ""ltr""}}",[],[],,,,,5eaa85da-80ef-45c2-b675-9a2760763272,"{""en"": {""value"": ""mastic resin"", ""direction"": ""ltr""}}",[],[],[],85f315c0-b8c4-4225-88a8-1e34da405860,0.79,[],[],,,,,,,,,,,,,,,
7427aacb-85cc-4483-b98d-139367cb1f0e,d4e956f7-9fad-4fd2-94e3-563a3b2c3585,a4ea5a7a-d7f0-11ef-a75a-0275dc2ded29,1,5cfa24bf-02d7-4484-87af-ce78842f9136,"{""en"": {""value"": ""0.38 g gum arabic"", ""direction"": ""ltr""}}",[],[],,,,,21883252-83e6-4aa2-b97b-2fdfc61a7a4e,"{""en"": {""value"": ""gum arabic"", ""direction"": ""ltr""}}",[],[],[],d192ddaa-8bd3-48f8-988d-e9fef3e82605,0.38,[],[],,,,,,,,,,,,,,,
2a5f8534-095f-48c5-a10e-c45b9d6727c1,d4e956f7-9fad-4fd2-94e3-563a3b2c3585,a4ea5a7a-d7f0-11ef-a75a-0275dc2ded29,1,dab0b0cb-8069-448a-831d-4126f5560202,"{""en"": {""value"": ""0.38 g gum arabic"", ""direction"": ""ltr""}}",[],[],,,,,88f05c5a-ce19-4582-b801-8d0c8367fa42,"{""en"": {""value"": ""gum arabic"", ""direction"": ""ltr""}}",[],[],[],292da141-a9f6-42b5-b40b-9b8e89136175,0.38,[],[],,,,,,,,,,,,,,,
eab831e1-34c3-4d5e-91c8-1082af50f6ec,d4e956f7-9fad-4fd2-94e3-563a3b2c3585,a4ea5a7a-d7f0-11ef-a75a-0275dc2ded29,1,fe491d87-d2f3-48a5-9657-dce5f866af1e,"{""en"": {""value"": ""0.46 g gum arabic"", ""direction"": ""ltr""}}",[],[],,,,,579614b1-17ea-41b2-b78f-39ffa7047a2f,"{""en"": {""value"": ""gum arabic"", ""direction"": ""ltr""}}",[],[],[],b96f367a-2ed5-4724-9b14-caa97d82e8a7,0.46,[],[],,,,,,,,,,,,,,,
c5a5d3c8-886d-414f-b5fe-f7ef115ce0b3,d4e956f7-9fad-4fd2-94e3-563a3b2c3585,a4ea5a7a-d7f0-11ef-a75a-0275dc2ded29,1,7ffc9dc5-c31b-4578-a7a7-ddb352687901,"{""en"": {""value"": ""0.46 g gum arabic"", ""direction"": ""ltr""}}",[],[],,,,,9b7d72ee-d413-49a8-8bde-3f8afdf1cea2,"{""en"": {""value"": ""gum arabic"", ""direction"": ""ltr""}}",[],[],[],9873f4b9-721b-4a12-be28-e0ad156b8834,0.46,[],[],,,,,,,,,,,,,,,
937dc9e5-e1f2-4b5a-b60e-1f4b97cca2dd,d4e956f7-9fad-4fd2-94e3-563a3b2c3585,a4ea5a7a-d7f0-11ef-a75a-0275dc2ded29,1,5d1f6fc7-17dc-4671-90a0-8f5a50a84440,"{""en"": {""value"": ""0.34 g gum arabic"", ""direction"": ""ltr""}}",[],[],,,,,6b4d920b-3318-40ff-883d-7b2814e28ef5,"{""en"": {""value"": ""gum arabic"", ""direction"": ""ltr""}}",[],[],[],48d63b8d-fb63-4cd1-b8ce-6a50709ec5e6,0.34,[],[],,,,,,,,,,,,,,,
80a5d9e8-0dc3-4e28-9e38-2e2e403266af,d4e956f7-9fad-4fd2-94e3-563a3b2c3585,a4ea5a7a-d7f0-11ef-a75a-0275dc2ded29,1,5edf8fe0-ad85-46df-b312-73bb1566bea8,"{""en"": {""value"": ""0.34 g gum arabic"", ""direction"": ""ltr""}}",[],[],,,,,b3b4cda7-3f1a-478a-806a-1dd63cdbb065,"{""en"": {""value"": ""gum arabic"", ""direction"": ""ltr""}}",[],[],[],1703ab44-0bf6-465f-94be-f2d4db357132,0.34,[],[],,,,,,,,,,,,,,,
b56a5ccc-16a5-4be7-b201-3c0cbf846c15,d4e956f7-9fad-4fd2-94e3-563a3b2c3585,a4ea5a7a-d7f0-11ef-a75a-0275dc2ded29,1,eef9f406-9776-4b94-a0ba-4df9f0fefff6,"{""en"": {""value"": ""8.62 g egg yolk"", ""direction"": ""ltr""}}",[],[],,,,,7ef278fd-aca4-407a-998d-a528827f68c5,"{""en"": {""value"": ""egg yolk"", ""direction"": ""ltr""}}",[],[],[],5e5ac969-e9af-4fbc-8070-2850241c064f,8.62,[],[],,,,,,,,,,,,,,,
08de3ada-9e70-41b3-b22d-e5b163957882,d4e956f7-9fad-4fd2-94e3-563a3b2c3585,a4ea5a7a-d7f0-11ef-a75a-0275dc2ded29,1,4245ec72-ce6b-4ab0-bbc8-1801660a4f2e,"{""en"": {""value"": ""8.62 g egg yolk"", ""direction"": ""ltr""}}",[],[],,,,,b6551fe7-2b6a-4735-b843-09c89265185b,"{""en"": {""value"": ""egg yolk"", ""direction"": ""ltr""}}",[],[],[],1396a411-24a7-4cda-869f-89aab2f5285a,8.62,[],[],,,,,,,,,,,,,,,
dc63e6f4-8542-4974-b84e-54270c1dfddd,d4e956f7-9fad-4fd2-94e3-563a3b2c3585,a4ea5a7a-d7f0-11ef-a75a-0275dc2ded29,1,0c1f6806-cd5c-4a71-bbf2-0683202348ec,"{""en"": {""value"": ""5.11 g egg yolk"", ""direction"": ""ltr""}}",[],[],,,,,e3fb0528-d2a3-48d3-bd11-e087a443a61b,"{""en"": {""value"": ""egg yolk"", ""direction"": ""ltr""}}",[],[],[],f63c994e-04e1-4029-ad6e-3322baf4c55c,5.11,[],[],,,,,,,,,,,,,,,
e9108c5d-1631-4e0b-a8dd-29a61ad056fd,d4e956f7-9fad-4fd2-94e3-563a3b2c3585,a4ea5a7a-d7f0-11ef-a75a-0275dc2ded29,1,a90f2af0-4b3d-43d2-8b30-428757c2b943,"{""en"": {""value"": ""5.11 g egg yolk"", ""direction"": ""ltr""}}",[],[],,,,,f32099bf-5d9c-432c-b764-67ced3346b19,"{""en"": {""value"": ""egg yolk"", ""direction"": ""ltr""}}",[],[],[],6ebde4cc-9261-4988-8527-e55b933fe897,5.11,[],[],,,,,,,,,,,,,,,
294bf493-061d-4002-8cc1-26cbf45e7b21,d4e956f7-9fad-4fd2-94e3-563a3b2c3585,a4ea5a7a-d7f0-11ef-a75a-0275dc2ded29,1,5e1525a5-6f8e-42e4-aab9-9bd347c4249a,"{""en"": {""value"": ""4.94 g egg yolk"", ""direction"": ""ltr""}}",[],[],,,,,ebc358d4-75f8-4c03-b1d2-7d668373de40,"{""en"": {""value"": ""egg yolk"", ""direction"": ""ltr""}}",[],[],[],609bd80c-a667-43cf-8b0b-ef70cf791f47,4.94,[],[],,,,,,,,,,,,,,,
3f4e1887-c2d1-4660-97aa-bba505778141,d4e956f7-9fad-4fd2-94e3-563a3b2c3585,a4ea5a7a-d7f0-11ef-a75a-0275dc2ded29,1,cd3a6101-4587-4cc8-8aef-df1e723ebd56,"{""en"": {""value"": ""4.94 g egg yolk"", ""direction"": ""ltr""}}",[],[],,,,,142e955d-4a3f-4969-97e6-3068762a2562,"{""en"": {""value"": ""egg yolk"", ""direction"": ""ltr""}}",[],[],[],0096b3c7-6191-46c2-94d3-1cd80b0aa793,4.94,[],[],,,,,,,,,,,,,,,
15cc9cd9-9fe6-4358-b468-9f35a3668ea3,d4e956f7-9fad-4fd2-94e3-563a3b2c3585,a4ea5a7a-d7f0-11ef-a75a-0275dc2ded29,1,b41d0f30-0953-4f0a-9c5a-1338d8355a46,"{""en"": {""value"": ""8.06 g egg yolk"", ""direction"": ""ltr""}}",[],[],,,,,f4e1b21e-5248-4546-83a5-004e28026d92,"{""en"": {""value"": ""egg yolk"", ""direction"": ""ltr""}}",[],[],[],0596a211-74ec-4584-96be-4b986438e76f,8.06,[],[],,,,,,,,,,,,,,,
46dca31d-1eb3-42b0-8dbd-7ccf886e87bd,d4e956f7-9fad-4fd2-94e3-563a3b2c3585,a4ea5a7a-d7f0-11ef-a75a-0275dc2ded29,1,2d87ddbf-0f99-4599-830e-0323a05be28f,"{""en"": {""value"": ""8.06 g egg yolk"", ""direction"": ""ltr""}}",[],[],,,,,b8ddaf89-fef7-461f-a578-84aa489c10e8,"{""en"": {""value"": ""egg yolk"", ""direction"": ""ltr""}}",[],[],[],c8be08b9-ac57-489c-94cb-5d44c26b49c2,8.06,[],[],,,,,,,,,,,,,,,
3cea2677-912d-4669-8dcd-9eba79204be4,d4e956f7-9fad-4fd2-94e3-563a3b2c3585,a4ea5a7a-d7f0-11ef-a75a-0275dc2ded29,1,d89577c3-af24-45c2-9801-82fd7d48628b,"{""en"": {""value"": ""8.06 g egg yolk"", ""direction"": ""ltr""}}",[],[],,,,,e69cf1ca-000a-4b7c-9674-49913464da50,"{""en"": {""value"": ""egg yolk"", ""direction"": ""ltr""}}",[],[],[],dbf4d82b-0b1e-410c-b06b-c0cdf4ac7a7e,8.06,[],[],,,,,,,,,,,,,,,
fc331e98-27c3-4bd5-ad7a-e41e17714429,d4e956f7-9fad-4fd2-94e3-563a3b2c3585,a4ea5a7a-d7f0-11ef-a75a-0275dc2ded29,1,c64734c5-0b98-46d1-90b8-31fee81eca37,"{""en"": {""value"": ""7.05 g egg yolk"", ""direction"": ""ltr""}}",[],[],,,,,c0288100-2eb9-40b5-8a04-004a9f5ac045,"{""en"": {""value"": ""egg yolk"", ""direction"": ""ltr""}}",[],[],[],4257234e-cff7-491f-a08a-ae0cee7e1182,7.05,[],[],,,,,,,,,,,,,,,
5a634b4f-53d3-4cc2-bd91-73380d1a4368,d4e956f7-9fad-4fd2-94e3-563a3b2c3585,a4ea5a7a-d7f0-11ef-a75a-0275dc2ded29,1,ffbf085d-54f2-4f3e-9bac-81f113cfe90f,"{""en"": {""value"": ""7.05 g egg yolk"", ""direction"": ""ltr""}}",[],[],,,,,caf0d85a-7a9f-429c-ae90-fbd5b6dcc0ff,"{""en"": {""value"": ""egg yolk"", ""direction"": ""ltr""}}",[],[],[],7ec920ef-ecd7-4ad4-ace6-72f182ae6371,7.05,[],[],,,,,,,,,,,,,,,
08b8319a-b6bc-4e90-bb46-e5d42926f816,d4e956f7-9fad-4fd2-94e3-563a3b2c3585,a4ea5a7a-d7f0-11ef-a75a-0275dc2ded29,1,621fda0c-8327-413f-a676-2f9f3ba3dc95,"{""en"": {""value"": ""7.05 g egg yolk"", ""direction"": ""ltr""}}",[],[],,,,,a940769a-1740-42b4-a643-30c7f9ae3d81,"{""en"": {""value"": ""egg yolk"", ""direction"": ""ltr""}}",[],[],[],73aca2c7-9393-4344-85a2-9f04f38a295b,7.05,[],[],,,,,,,,,,,,,,,
48178a8e-5ccd-43d2-b3fe-3ea3910e4352,d4e956f7-9fad-4fd2-94e3-563a3b2c3585,a4ea5a7a-d7f0-11ef-a75a-0275dc2ded29,1,c52af306-8a07-466d-bed9-eb81da2e49af,"{""en"": {""value"": ""0.33 g rabbit skin glue"", ""direction"": ""ltr""}}",[],[],,,,,a51d7e4d-b58e-470b-85ed-5984fea5d69a,"{""en"": {""value"": ""rabbit-skin glue"", ""direction"": ""ltr""}}",[],[],[],d4f8bcba-c0ab-413c-8148-51b8521bdf55,0.33,[],[],,,,,,,,,,,,,,,
47bf9715-6669-4950-9e34-fad2ee0d338f,d4e956f7-9fad-4fd2-94e3-563a3b2c3585,a4ea5a7a-d7f0-11ef-a75a-0275dc2ded29,1,33fc5799-4d11-43ad-8072-3ce7f786de96,"{""en"": {""value"": ""0.33 g rabbit skin glue"", ""direction"": ""ltr""}}",[],[],,,,,da0b2e69-4b69-48d6-ac12-ea50c408e2e5,"{""en"": {""value"": ""rabbit-skin glue"", ""direction"": ""ltr""}}",[],[],[],73dcff44-b9e4-4ac4-b57b-b254163fc81c,0.33,[],[],,,,,,,,,,,,,,,
1b00b512-e5ba-490c-8246-8e101aea8368,d4e956f7-9fad-4fd2-94e3-563a3b2c3585,a4ea5a7a-d7f0-11ef-a75a-0275dc2ded29,1,fb6c9d24-a2d5-4979-a67c-fdf73f517f95,"{""en"": {""value"": ""0.33 g rabbit skin glue"", ""direction"": ""ltr""}}",[],[],,,,,0270cc71-400b-4692-9c2f-43df25d85e4d,"{""en"": {""value"": ""rabbit-skin glue"", ""direction"": ""ltr""}}",[],[],[],b4855c8d-50e7-4549-9a55-cc834d04f062,0.33,[],[],,,,,,,,,,,,,,,
44b16af3-7b15-453f-bb15-ffe85c1b7e34,d4e956f7-9fad-4fd2-94e3-563a3b2c3585,a4ea5a7a-d7f0-11ef-a75a-0275dc2ded29,1,fce53663-7396-4453-84af-3bbaa23c5f26,"{""en"": {""value"": ""0.47 g rabbit skin glue"", ""direction"": ""ltr""}}",[],[],,,,,5f4839e6-b950-48a9-a3c3-bda4d30264a8,"{""en"": {""value"": ""rabbit-skin glue"", ""direction"": ""ltr""}}",[],[],[],9b34e76a-754b-488d-ad21-ddd71f53344a,0.47,[],[],,,,,,,,,,,,,,,
a8e57a47-edfb-4430-968e-469bf7bfc9b8,d4e956f7-9fad-4fd2-94e3-563a3b2c3585,a4ea5a7a-d7f0-11ef-a75a-0275dc2ded29,1,fed1a7ed-8f8f-4c61-bd53-161a141c6587,"{""en"": {""value"": ""0.47 g rabbit skin glue"", ""direction"": ""ltr""}}",[],[],,,,,c8e166f9-95ca-4d74-86df-d24460190b90,"{""en"": {""value"": ""rabbit-skin glue"", ""direction"": ""ltr""}}",[],[],[],2ef8e0f5-6b7a-480b-80f4-2f7fdeea7598,0.47,[],[],,,,,,,,,,,,,,,
724c9f7a-a37b-4a7e-bd33-e0d8b42c4827,d4e956f7-9fad-4fd2-94e3-563a3b2c3585,a4ea5a7a-d7f0-11ef-a75a-0275dc2ded29,1,dcd9d8a8-74eb-4632-ac95-f61ae1843cc5,"{""en"": {""value"": ""0.47 g rabbit skin glue"", ""direction"": ""ltr""}}",[],[],,,,,907dcb2e-0656-4165-8be8-ed46d3082b9b,"{""en"": {""value"": ""rabbit-skin glue"", ""direction"": ""ltr""}}",[],[],[],60e38263-bc09-4f25-8cdf-9e65a0a9945e,0.47,[],[],,,,,,,,,,,,,,,
3aa96cdd-8bf1-4141-87d9-0a67a1b2713f,d4e956f7-9fad-4fd2-94e3-563a3b2c3585,a4ea5a7a-d7f0-11ef-a75a-0275dc2ded29,1,1f254028-8d9f-4aa9-8f47-61c2c0a32185,"{""en"": {""value"": ""0.62 g rabbit skin glue"", ""direction"": ""ltr""}}",[],[],,,,,b00c3592-c07a-4b90-92d9-9d920e00101a,"{""en"": {""value"": ""rabbit-skin glue"", ""direction"": ""ltr""}}",[],[],[],94d9c30e-56fe-4e83-b84c-68c4fa0afc06,0.62,[],[],,,,,,,,,,,,,,,
75b2dd75-a50a-404a-b2f3-e1d3c81ebf3e,d4e956f7-9fad-4fd2-94e3-563a3b2c3585,a4ea5a7a-d7f0-11ef-a75a-0275dc2ded29,1,907e513e-41ad-4e06-a6a3-f5d97d095817,"{""en"": {""value"": ""0.62 g rabbit skin glue"", ""direction"": ""ltr""}}",[],[],,,,,45ac62b7-33c0-4501-be83-a5acdd3ac869,"{""en"": {""value"": ""rabbit-skin glue"", ""direction"": ""ltr""}}",[],[],[],b0d613e3-a535-4d76-944e-ac7749ce764e,0.62,[],[],,,,,,,,,,,,,,,
c0ce57d6-ae71-4cbd-b10f-78049606eed7,d4e956f7-9fad-4fd2-94e3-563a3b2c3585,a4ea5a7a-d7f0-11ef-a75a-0275dc2ded29,1,0213c8c8-8f38-4fee-a4c8-9f285b203a37,"{""en"": {""value"": ""0.62 g rabbit skin glue"", ""direction"": ""ltr""}}",[],[],,,,,0765a224-e592-4241-b187-d1fce931ce11,"{""en"": {""value"": ""rabbit-skin glue"", ""direction"": ""ltr""}}",[],[],[],0a99bc9d-18e3-4e9d-889a-929d55d83c95,0.62,[],[],,,,,,,,,,,,,,,
4c5f407d-541d-4a5e-bf20-0c2c8abafa66,d4e956f7-9fad-4fd2-94e3-563a3b2c3585,a4ea5a7a-d7f0-11ef-a75a-0275dc2ded29,1,80964757-4cb3-47f3-9dae-521f5e2c0665,"{""en"": {""value"": ""7.611 g natural beeswax"", ""direction"": ""ltr""}}",[],[],,,,,9e739881-957c-4713-8664-8237fb46514c,"{""en"": {""value"": ""natural beeswax"", ""direction"": ""ltr""}}",[],[],[],b3780b21-1032-4509-a243-28398d2d6a42,7.611,[],[],,,,,,,,,,,,,,,
24fbe8d6-29db-4e01-8b2e-927495f69f28,d4e956f7-9fad-4fd2-94e3-563a3b2c3585,a4ea5a7a-d7f0-11ef-a75a-0275dc2ded29,1,a53e1564-e237-474d-9a29-bfd4b5ff91ad,"{""en"": {""value"": ""7.611 g natural beeswax"", ""direction"": ""ltr""}}",[],[],,,,,7a674a2e-e0db-45d0-85f0-684986258324,"{""en"": {""value"": ""natural beeswax"", ""direction"": ""ltr""}}",[],[],[],32c7c3bb-67c3-4eb5-ad05-2185716e4e54,7.611,[],[],,,,,,,,,,,,,,,
000ff811-8e63-4226-ac6a-250fa796a206,d4e956f7-9fad-4fd2-94e3-563a3b2c3585,a4ea5a7a-d7f0-11ef-a75a-0275dc2ded29,1,b7c03dae-1560-482a-9b79-d558249858cc,"{""en"": {""value"": ""7.611 g natural beeswax"", ""direction"": ""ltr""}}",[],[],,,,,20d78d1e-2bce-480f-9b24-a90dd9586a9b,"{""en"": {""value"": ""natural beeswax"", ""direction"": ""ltr""}}",[],[],[],e21e6a7d-0151-4ac8-abb6-dffe5759386a,7.611,[],[],,,,,,,,,,,,,,,
946880e4-aa9b-4b17-85a7-959a642c5744,d4e956f7-9fad-4fd2-94e3-563a3b2c3585,a4ea5a7a-d7f0-11ef-a75a-0275dc2ded29,1,354dd89e-46c2-4417-af73-5914113faf5a,"{""en"": {""value"": ""3.657 g natural beeswax"", ""direction"": ""ltr""}}",[],[],,,,,32d2d173-df01-42c3-9d0c-a06bcfc100dd,"{""en"": {""value"": ""natural beeswax"", ""direction"": ""ltr""}}",[],[],[],7feb4318-b0b7-4c20-8ad7-1071d7082d1c,3.657,[],[],,,,,,,,,,,,,,,
56b7682c-9a01-4c4c-a893-4ee4c0d0af42,d4e956f7-9fad-4fd2-94e3-563a3b2c3585,a4ea5a7a-d7f0-11ef-a75a-0275dc2ded29,1,9263f97a-cd6d-497e-ae25-98f537d433e6,"{""en"": {""value"": ""3.657 g natural beeswax"", ""direction"": ""ltr""}}",[],[],,,,,bbd4a910-cc8a-4da4-ade2-ddf5244872b4,"{""en"": {""value"": ""natural beeswax"", ""direction"": ""ltr""}}",[],[],[],9603845f-3472-4e11-b6ff-1531819475f9,3.657,[],[],,,,,,,,,,,,,,,
cc6bfef3-61cf-40fa-8485-293f637e0c61,d4e956f7-9fad-4fd2-94e3-563a3b2c3585,a4ea5a7a-d7f0-11ef-a75a-0275dc2ded29,1,022676b7-e61e-4823-b24a-abba91a17e8f,"{""en"": {""value"": ""3.657 g natural beeswax"", ""direction"": ""ltr""}}",[],[],,,,,6f237131-0ce0-4cb6-a00a-87f2cd3b72c7,"{""en"": {""value"": ""natural beeswax"", ""direction"": ""ltr""}}",[],[],[],7a65525c-77ad-41d4-9605-8d7cd20c0ec9,3.657,[],[],,,,,,,,,,,,,,,
598183d2-8e96-4cf4-a20b-4f09d12bf6d3,d4e956f7-9fad-4fd2-94e3-563a3b2c3585,a4ea5a7a-d7f0-11ef-a75a-0275dc2ded29,1,1d023703-2d58-429d-a4d9-78d04a88e94a,"{""en"": {""value"": ""8.343 g natural beeswax"", ""direction"": ""ltr""}}",[],[],,,,,b423d672-0247-4aa3-87c7-9e065941d15d,"{""en"": {""value"": ""natural beeswax"", ""direction"": ""ltr""}}",[],[],[],13c26618-b8a6-4253-aa87-f2524bb6e0f6,8.343,[],[],,,,,,,,,,,,,,,
2551d60f-fe67-42be-a883-83ed8402129e,d4e956f7-9fad-4fd2-94e3-563a3b2c3585,a4ea5a7a-d7f0-11ef-a75a-0275dc2ded29,1,d49816dc-4a1a-44be-8223-5c2a228e5629,"{""en"": {""value"": ""8.343 g natural beeswax"", ""direction"": ""ltr""}}",[],[],,,,,ccf039bc-a62c-4998-8894-96f326c414c6,"{""en"": {""value"": ""natural beeswax"", ""direction"": ""ltr""}}",[],[],[],fd701f48-1c84-4668-8729-8743ae7c464a,8.343,[],[],,,,,,,,,,,,,,,
6f8fe10d-8c87-4845-abfe-c91d97eb648f,d4e956f7-9fad-4fd2-94e3-563a3b2c3585,a4ea5a7a-d7f0-11ef-a75a-0275dc2ded29,1,1ddb4c55-6c13-48ea-8eee-2dd8af38443b,"{""en"": {""value"": ""8.343 g natural beeswax"", ""direction"": ""ltr""}}",[],[],,,,,c9742e0a-af94-4394-97db-bc32a8a58e84,"{""en"": {""value"": ""natural beeswax"", ""direction"": ""ltr""}}",[],[],[],0dc20ac9-71b0-4386-9677-dd71ca50dde2,8.343,[],[],,,,,,,,,,,,,,,
40c47caf-bbfa-461c-a4b4-56db2120ad19,d4e956f7-9fad-4fd2-94e3-563a3b2c3585,a4ea5a7a-d7f0-11ef-a75a-0275dc2ded29,1,edd0bf43-a025-4a7d-b890-3019b16561b9,"{""en"": {""value"": ""Cold-pressed linseed oil"", ""direction"": ""ltr""}}",[],[],,,,,,,,,,,,,,,,,,,,,,,,,,,,
730856d8-db61-4737-964f-937237b37f39,d4e956f7-9fad-4fd2-94e3-563a3b2c3585,a4ea5a7a-d7f0-11ef-a75a-0275dc2ded29,1,4512ea7a-b644-460f-a15a-ef92c639050e,"{""en"": {""value"": ""Cold-pressed linseed oil"", ""direction"": ""ltr""}}",[],[],,,,,,,,,,,,,,,,,,,,,,,,,,,,
598d21b2-8cd6-4d69-9ddb-35546834bab6,d4e956f7-9fad-4fd2-94e3-563a3b2c3585,a4ea5a7a-d7f0-11ef-a75a-0275dc2ded29,1,6a41c1b7-4da2-4e17-9716-e723382229cb,"{""en"": {""value"": ""Cold-pressed linseed oil"", ""direction"": ""ltr""}}",[],[],,,,,,,,,,,,,,,,,,,,,,,,,,,,
99477e0e-e7d6-403c-bff7-5a2d04c032ec,d4e956f7-9fad-4fd2-94e3-563a3b2c3585,a4ea5a7a-d7f0-11ef-a75a-0275dc2ded29,1,767cdeff-9384-4dee-868a-373e8a337871,"{""en"": {""value"": ""Cold-pressed linseed oil"", ""direction"": ""ltr""}}",[],[],,,,,,,,,,,,,,,,,,,,,,,,,,,,
92a54f05-159a-4b78-9c1d-692a94ea6f73,d4e956f7-9fad-4fd2-94e3-563a3b2c3585,a4ea5a7a-d7f0-11ef-a75a-0275dc2ded29,1,2d218d57-791b-473d-bc7e-ac21035e4c81,"{""en"": {""value"": ""Cold-pressed linseed oil"", ""direction"": ""ltr""}}",[],[],,,,,,,,,,,,,,,,,,,,,,,,,,,,
e6f9add3-f60d-49a0-b5c7-edf31106ebc9,d4e956f7-9fad-4fd2-94e3-563a3b2c3585,a4ea5a7a-d7f0-11ef-a75a-0275dc2ded29,1,595fdaea-9f88-4fb0-9f91-2da531dd91ea,"{""en"": {""value"": ""Cold-pressed linseed oil"", ""direction"": ""ltr""}}",[],[],,,,,,,,,,,,,,,,,,,,,,,,,,,,
43125821-2503-419c-af6e-f2faf52d3d3a,d4e956f7-9fad-4fd2-94e3-563a3b2c3585,a4ea5a7a-d7f0-11ef-a75a-0275dc2ded29,1,a98c5bc0-09ed-4b11-872a-8980d380a2da,"{""en"": {""value"": ""Cold-pressed linseed oil"", ""direction"": ""ltr""}}",[],[],,,,,,,,,,,,,,,,,,,,,,,,,,,,
d2701010-6c1d-45be-85fa-540dbd4820a6,d4e956f7-9fad-4fd2-94e3-563a3b2c3585,a4ea5a7a-d7f0-11ef-a75a-0275dc2ded29,1,6fda1a8b-a972-4b4e-b668-bbbcaf8b19d8,"{""en"": {""value"": ""Cold-pressed linseed oil"", ""direction"": ""ltr""}}",[],[],,,,,,,,,,,,,,,,,,,,,,,,,,,,
3de7ab0c-2410-42e6-b17d-fd9215ebb147,d4e956f7-9fad-4fd2-94e3-563a3b2c3585,a4ea5a7a-d7f0-11ef-a75a-0275dc2ded29,1,b897c6bc-1974-4efe-9add-47db6f9e4491,"{""en"": {""value"": ""Cold-pressed linseed oil"", ""direction"": ""ltr""}}",[],[],,,,,,,,,,,,,,,,,,,,,,,,,,,,
22ee7eb4-18f7-4713-b166-d478d5db9f74,d4e956f7-9fad-4fd2-94e3-563a3b2c3585,a4ea5a7a-d7f0-11ef-a75a-0275dc2ded29,1,9c97fe56-1b05-4256-8697-1dc8605d3a7f,"{""en"": {""value"": ""Cold-pressed linseed oil"", ""direction"": ""ltr""}}",[],[],,,,,,,,,,,,,,,,,,,,,,,,,,,,
78151ae6-209f-41eb-9771-dd8e6735a769,d4e956f7-9fad-4fd2-94e3-563a3b2c3585,a4ea5a7a-d7f0-11ef-a75a-0275dc2ded29,1,75a0ddd6-a28e-4c31-8993-49fb9a4be03e,"{""en"": {""value"": ""Cold-pressed linseed oil"", ""direction"": ""ltr""}}",[],[],,,,,,,,,,,,,,,,,,,,,,,,,,,,
94c88aca-7c33-45a6-a8f3-8d330143f51d,d4e956f7-9fad-4fd2-94e3-563a3b2c3585,a4ea5a7a-d7f0-11ef-a75a-0275dc2ded29,1,77215a46-91b8-4059-a611-2e0260bccabc,"{""en"": {""value"": ""Linseed stand oil"", ""direction"": ""ltr""}}",[],[],,,,,,,,,,,,,,,,,,,,,,,,,,,,
b73eb1d4-4017-4593-8631-727b8d1a5a85,d4e956f7-9fad-4fd2-94e3-563a3b2c3585,a4ea5a7a-d7f0-11ef-a75a-0275dc2ded29,1,3fcc0775-a09f-46cd-ad30-eed35191843d,"{""en"": {""value"": ""Linseed stand oil"", ""direction"": ""ltr""}}",[],[],,,,,,,,,,,,,,,,,,,,,,,,,,,,
42b1a803-8a2f-462c-a88e-087f555f33f0,d4e956f7-9fad-4fd2-94e3-563a3b2c3585,a4ea5a7a-d7f0-11ef-a75a-0275dc2ded29,1,c6fef678-8fe2-4ad0-b4fb-d7f187d21d33,"{""en"": {""value"": ""Linseed stand oil"", ""direction"": ""ltr""}}",[],[],,,,,,,,,,,,,,,,,,,,,,,,,,,,
96de512f-79b6-4c7e-9eb2-6a83eebc9132,d4e956f7-9fad-4fd2-94e3-563a3b2c3585,a4ea5a7a-d7f0-11ef-a75a-0275dc2ded29,1,a3f51d0e-4765-4aec-ab8f-db8aab6c2845,"{""en"": {""value"": ""Linseed stand oil"", ""direction"": ""ltr""}}",[],[],,,,,,,,,,,,,,,,,,,,,,,,,,,,
397ceb01-7ce1-4041-a91e-257e2a39b952,d4e956f7-9fad-4fd2-94e3-563a3b2c3585,a4ea5a7a-d7f0-11ef-a75a-0275dc2ded29,1,74e2bbef-9223-4723-91d1-a8f4c77b0f1c,"{""en"": {""value"": ""Linseed stand oil"", ""direction"": ""ltr""}}",[],[],,,,,,,,,,,,,,,,,,,,,,,,,,,,
3c9b42f2-db80-4aa1-b916-7889ceae3bfd,d4e956f7-9fad-4fd2-94e3-563a3b2c3585,a4ea5a7a-d7f0-11ef-a75a-0275dc2ded29,1,91ba6925-33f7-4311-8583-aa176ebfb229,"{""en"": {""value"": ""Linseed stand oil"", ""direction"": ""ltr""}}",[],[],,,,,,,,,,,,,,,,,,,,,,,,,,,,
cf58db2e-0877-4652-881f-ca40a728d629,d4e956f7-9fad-4fd2-94e3-563a3b2c3585,a4ea5a7a-d7f0-11ef-a75a-0275dc2ded29,1,12955651-e167-48d8-a4e5-484b08505686,"{""en"": {""value"": ""Linseed stand oil"", ""direction"": ""ltr""}}",[],[],,,,,,,,,,,,,,,,,,,,,,,,,,,,
03b98980-86d7-442a-a8e7-ff13d7a49f5c,d4e956f7-9fad-4fd2-94e3-563a3b2c3585,a4ea5a7a-d7f0-11ef-a75a-0275dc2ded29,1,1d9ca499-35c5-49c0-aa90-6a0aae0d5468,"{""en"": {""value"": ""Linseed stand oil"", ""direction"": ""ltr""}}",[],[],,,,,,,,,,,,,,,,,,,,,,,,,,,,
dc7c6684-bd99-4c50-b57a-c17f377179cf,d4e956f7-9fad-4fd2-94e3-563a3b2c3585,a4ea5a7a-d7f0-11ef-a75a-0275dc2ded29,1,9e85d593-88b0-40f9-a7ef-edfb1da06c65,"{""en"": {""value"": ""Linseed stand oil"", ""direction"": ""ltr""}}",[],[],,,,,,,,,,,,,,,,,,,,,,,,,,,,
c519910a-bff1-46de-bf62-bdf022e64a3b,d4e956f7-9fad-4fd2-94e3-563a3b2c3585,a4ea5a7a-d7f0-11ef-a75a-0275dc2ded29,1,96e98afe-91dd-4686-8d51-e3519c37abc0,"{""en"": {""value"": ""Linseed stand oil"", ""direction"": ""ltr""}}",[],[],,,,,,,,,,,,,,,,,,,,,,,,,,,,
dcd97477-cb31-4470-bee4-f192169cf053,d4e956f7-9fad-4fd2-94e3-563a3b2c3585,a4ea5a7a-d7f0-11ef-a75a-0275dc2ded29,1,4c53adfc-dfd5-4deb-b785-bcfbacdf9e75,"{""en"": {""value"": ""Linseed stand oil"", ""direction"": ""ltr""}}",[],[],,,,,,,,,,,,,,,,,,,,,,,,,,,,
323a8b16-961a-431b-a5ba-d76de1a1720b,d4e956f7-9fad-4fd2-94e3-563a3b2c3585,a4ea5a7a-d7f0-11ef-a75a-0275dc2ded29,1,01042b5e-58f5-48d6-9d18-7b22bf3a86f2,"{""en"": {""value"": ""Linseed stand oil"", ""direction"": ""ltr""}}",[],[],,,,,,,,,,,,,,,,,,,,,,,,,,,,
bc87545c-57af-4d35-a0fb-7014451fc2e1,d4e956f7-9fad-4fd2-94e3-563a3b2c3585,a4ea5a7a-d7f0-11ef-a75a-0275dc2ded29,1,f925a5c1-921f-46f2-9606-1c18c6b98968,"{""en"": {""value"": ""6.274 g walnut oil (Kremer 7355)"", ""direction"": ""ltr""}}",[],[],,,,,15bb1ac9-159c-4e87-a36d-af842a6bd58d,"{""en"": {""value"": ""walnut oil (Kremer 7355)"", ""direction"": ""ltr""}}",[],[],[],88708322-ea3f-41fb-9215-23e9adac67cd,6.274,[],[],,,,,,,,,,,,,,,
07382dcb-961d-4b5d-82cf-600ba3d72e20,d4e956f7-9fad-4fd2-94e3-563a3b2c3585,a4ea5a7a-d7f0-11ef-a75a-0275dc2ded29,1,bd28a7bf-9c54-4818-a532-689300870f90,"{""en"": {""value"": ""6.274 g walnut oil (Kremer 7355)"", ""direction"": ""ltr""}}",[],[],,,,,08aaf471-4068-4fee-970c-06daea6ff6b7,"{""en"": {""value"": ""walnut oil (Kremer 7355)"", ""direction"": ""ltr""}}",[],[],[],825da6ea-f42e-46c6-af81-54fbf46a0e1c,6.274,[],[],,,,,,,,,,,,,,,
fbcaae08-5396-419e-b49c-1320872b5665,d4e956f7-9fad-4fd2-94e3-563a3b2c3585,a4ea5a7a-d7f0-11ef-a75a-0275dc2ded29,1,7fc9c9c0-001f-48ea-8b5c-a021ce04bd65,"{""en"": {""value"": ""6.274 g walnut oil (Kremer 7355)"", ""direction"": ""ltr""}}",[],[],,,,,55818e80-0f58-4c72-8906-c109b3568e7d,"{""en"": {""value"": ""walnut oil (Kremer 7355)"", ""direction"": ""ltr""}}",[],[],[],f6011d55-a650-4f55-8eb4-6e26ee984df6,6.274,[],[],,,,,,,,,,,,,,,
7a13851b-a793-4af3-80c6-2e36eed0b2e3,d4e956f7-9fad-4fd2-94e3-563a3b2c3585,a4ea5a7a-d7f0-11ef-a75a-0275dc2ded29,1,a893361d-ae74-468e-be4d-519a1e1a9d5f,"{""en"": {""value"": ""5.216 g walnut oil (Kremer 7355)"", ""direction"": ""ltr""}}",[],[],,,,,c86b2420-3de1-4e55-b870-136004fffbd9,"{""en"": {""value"": ""walnut oil (Kremer 7355)"", ""direction"": ""ltr""}}",[],[],[],2c461901-3f1e-4252-a64f-bb1ab76e3d9f,5.216,[],[],,,,,,,,,,,,,,,
d88122f2-493c-4bf1-8b92-7e9018768b6b,d4e956f7-9fad-4fd2-94e3-563a3b2c3585,a4ea5a7a-d7f0-11ef-a75a-0275dc2ded29,1,82ca2316-2458-486c-87ef-c6831bb4227d,"{""en"": {""value"": ""5.216 g walnut oil (Kremer 7355)"", ""direction"": ""ltr""}}",[],[],,,,,e4cf98c5-b223-455e-a7df-c6760a919a18,"{""en"": {""value"": ""walnut oil (Kremer 7355)"", ""direction"": ""ltr""}}",[],[],[],55ebd4e8-ab2a-430d-82f9-3dcda4486e63,5.216,[],[],,,,,,,,,,,,,,,
a0264797-9259-4f5c-8595-70e61bcf0b00,d4e956f7-9fad-4fd2-94e3-563a3b2c3585,a4ea5a7a-d7f0-11ef-a75a-0275dc2ded29,1,02920f23-8b69-42ba-9982-d71aef63c1cc,"{""en"": {""value"": ""5.216 g walnut oil (Kremer 7355)"", ""direction"": ""ltr""}}",[],[],,,,,24262b5f-b295-4b2b-985f-dd393f9f469b,"{""en"": {""value"": ""walnut oil (Kremer 7355)"", ""direction"": ""ltr""}}",[],[],[],978923c0-fa7d-4ba5-b073-06de6c72126f,5.216,[],[],,,,,,,,,,,,,,,
26f22a3c-78bd-4fb3-a1c8-23000963d4e9,d4e956f7-9fad-4fd2-94e3-563a3b2c3585,a4ea5a7a-d7f0-11ef-a75a-0275dc2ded29,1,cd0d5f47-eb2a-4626-a54a-c67dcd629edb,"{""en"": {""value"": ""11.63 g walnut oil (Kremer 7355)"", ""direction"": ""ltr""}}",[],[],,,,,1f4c1381-8272-4e7d-9e4a-98d8f46331eb,"{""en"": {""value"": ""walnut oil (Kremer 7355)"", ""direction"": ""ltr""}}",[],[],[],5e274801-755b-4a2e-a277-94ffe9157aee,11.63,[],[],,,,,,,,,,,,,,,
c4e0b1ed-3bfb-44ff-b365-00cc3e97e70b,d4e956f7-9fad-4fd2-94e3-563a3b2c3585,a4ea5a7a-d7f0-11ef-a75a-0275dc2ded29,1,2b23d2cd-64b3-4f27-9d85-5d7a5b50aa2c,"{""en"": {""value"": ""11.63 g walnut oil (Kremer 7355)"", ""direction"": ""ltr""}}",[],[],,,,,36e07514-8b14-49ac-b19c-b6be8d3103e0,"{""en"": {""value"": ""walnut oil (Kremer 7355)"", ""direction"": ""ltr""}}",[],[],[],4fb677f6-43fe-40a9-89e0-5428bf68fab9,11.63,[],[],,,,,,,,,,,,,,,
091d30b2-397f-4f8b-bd5e-f04d8bc039e5,d4e956f7-9fad-4fd2-94e3-563a3b2c3585,a4ea5a7a-d7f0-11ef-a75a-0275dc2ded29,1,c87b2f9b-4c49-4fa4-9aa1-e46ca76bfa23,"{""en"": {""value"": ""11.63 g walnut oil (Kremer 7355)"", ""direction"": ""ltr""}}",[],[],,,,,5f89e62f-1a9a-4ec0-8f1e-dfc2a38de20d,"{""en"": {""value"": ""walnut oil (Kremer 7355)"", ""direction"": ""ltr""}}",[],[],[],1133e02e-033e-4853-9820-80ff22c6e4a0,11.63,[],[],,,,,,,,,,,,,,,
9fbd2bf4-9f88-4b7b-bdf8-58a1fe96ba29,d4e956f7-9fad-4fd2-94e3-563a3b2c3585,a4ea5a7a-d7f0-11ef-a75a-0275dc2ded29,1,43cea3c0-f47c-4de5-ba60-c6804e0b217b,"{""en"": {""value"": ""9.555 g poppy oil (Schmincke 50 016)"", ""direction"": ""ltr""}}",[],[],,,,,b14a597f-ee9f-44ba-afcf-9a2a3f231755,"{""en"": {""value"": ""poppy oil (Schmincke 50 016)"", ""direction"": ""ltr""}}",[],[],[],c185bfef-407c-4f5f-9c85-47685b0913b6,9.555,[],[],,,,,,,,,,,,,,,
beeaa10e-7295-43cc-93e1-1b5e63919b91,d4e956f7-9fad-4fd2-94e3-563a3b2c3585,a4ea5a7a-d7f0-11ef-a75a-0275dc2ded29,1,2f67ed6e-d211-4f0f-a3ee-48d1ff2ddca7,"{""en"": {""value"": ""9.555 g poppy oil (Schmincke 50 016)"", ""direction"": ""ltr""}}",[],[],,,,,e1343ba3-3115-4b7f-ab35-b3e6d0b1fb5c,"{""en"": {""value"": ""poppy oil (Schmincke 50 016)"", ""direction"": ""ltr""}}",[],[],[],b97777c9-9b94-468b-910c-4eea2ec41fa8,9.555,[],[],,,,,,,,,,,,,,,
56a5662c-0cfe-4291-923d-4d368e9c2f55,d4e956f7-9fad-4fd2-94e3-563a3b2c3585,a4ea5a7a-d7f0-11ef-a75a-0275dc2ded29,1,786e38bd-fa06-40f2-9287-0b95f3a3b0d9,"{""en"": {""value"": ""9.555 g poppy oil (Schmincke 50 016)"", ""direction"": ""ltr""}}",[],[],,,,,2ebac09d-9151-452e-8d41-76bc93717457,"{""en"": {""value"": ""poppy oil (Schmincke 50 016)"", ""direction"": ""ltr""}}",[],[],[],a4cad452-d63e-4df9-bcbd-57810193e01d,9.555,[],[],,,,,,,,,,,,,,,
16e89382-2be0-4452-8128-39d43331c9c5,d4e956f7-9fad-4fd2-94e3-563a3b2c3585,a4ea5a7a-d7f0-11ef-a75a-0275dc2ded29,1,4f85e634-1d71-41bd-a677-d3e47086e7e4,"{""en"": {""value"": ""9.555 g poppy oil (Schmincke 50 016)"", ""direction"": ""ltr""}}",[],[],,,,,eb0235a4-7546-4855-8b7c-51e1c3ab7e24,"{""en"": {""value"": ""poppy oil (Schmincke 50 016)"", ""direction"": ""ltr""}}",[],[],[],7accfa1e-2132-453c-aec8-4e9066ae7209,9.555,[],[],,,,,,,,,,,,,,,
c58859ad-f244-424a-b609-0667d936ec7d,d4e956f7-9fad-4fd2-94e3-563a3b2c3585,a4ea5a7a-d7f0-11ef-a75a-0275dc2ded29,1,69786d2d-33bd-4620-9e96-d627e39dbf15,"{""en"": {""value"": ""6.934 g poppy oil (Schmincke 50 016)"", ""direction"": ""ltr""}}",[],[],,,,,80c3c3a7-2ca4-42f5-b03a-f191e0b93ce0,"{""en"": {""value"": ""poppy oil (Schmincke 50 016)"", ""direction"": ""ltr""}}",[],[],[],7c2be640-d97d-4a68-8071-8571ff746229,6.934,[],[],,,,,,,,,,,,,,,
8ce745bc-6bf9-477c-8c25-36335db1fe9a,d4e956f7-9fad-4fd2-94e3-563a3b2c3585,a4ea5a7a-d7f0-11ef-a75a-0275dc2ded29,1,f619ae94-25f9-4bc6-be19-311549f8c9e3,"{""en"": {""value"": ""6.934 g poppy oil (Schmincke 50 016)"", ""direction"": ""ltr""}}",[],[],,,,,29ccac52-6304-4a91-b39c-1d904f66db28,"{""en"": {""value"": ""poppy oil (Schmincke 50 016)"", ""direction"": ""ltr""}}",[],[],[],146d4db1-8852-405b-a894-c96b97467625,6.934,[],[],,,,,,,,,,,,,,,
13089f3a-039f-4269-863a-e8169accd4bd,d4e956f7-9fad-4fd2-94e3-563a3b2c3585,a4ea5a7a-d7f0-11ef-a75a-0275dc2ded29,1,d0fce362-c4a9-4dc6-9ce4-830dd1371a25,"{""en"": {""value"": ""6.934 g poppy oil (Schmincke 50 016)"", ""direction"": ""ltr""}}",[],[],,,,,f3a0ee96-44c3-485c-addf-019a6cec728c,"{""en"": {""value"": ""poppy oil (Schmincke 50 016)"", ""direction"": ""ltr""}}",[],[],[],7007de04-0b68-4579-a0ee-e262f89125d9,6.934,[],[],,,,,,,,,,,,,,,
eab56324-18c8-4213-b869-dd861189ea1a,d4e956f7-9fad-4fd2-94e3-563a3b2c3585,a4ea5a7a-d7f0-11ef-a75a-0275dc2ded29,1,b84191fa-c488-4863-9254-f701f3c63465,"{""en"": {""value"": ""6.934 g poppy oil (Schmincke 50 016)"", ""direction"": ""ltr""}}",[],[],,,,,584af4d9-d41a-4b29-9821-3bbe297fcd7b,"{""en"": {""value"": ""poppy oil (Schmincke 50 016)"", ""direction"": ""ltr""}}",[],[],[],80b68c70-b320-465f-ab17-b1baea807d93,6.934,[],[],,,,,,,,,,,,,,,
0a6a8886-59f5-4c0e-9625-81198d8b3bb0,d4e956f7-9fad-4fd2-94e3-563a3b2c3585,a4ea5a7a-d7f0-11ef-a75a-0275dc2ded29,1,8e8c4daa-36e8-4c87-84ba-32b53fe35d0d,"{""en"": {""value"": ""7.73 g poppy oil (Schmincke 50 016)"", ""direction"": ""ltr""}}",[],[],,,,,4e39eb95-b36a-462f-9d2e-58fdadeed3a6,"{""en"": {""value"": ""poppy oil (Schmincke 50 016)"", ""direction"": ""ltr""}}",[],[],[],71f82ce7-1e56-4cc3-81b0-b545f031d132,7.73,[],[],,,,,,,,,,,,,,,
53692de4-b42e-4c35-8bf5-0e313f97ec1b,d4e956f7-9fad-4fd2-94e3-563a3b2c3585,a4ea5a7a-d7f0-11ef-a75a-0275dc2ded29,1,284f0263-20d2-4ca8-90d5-b7f73547cdc7,"{""en"": {""value"": ""7.73 g poppy oil (Schmincke 50 016)"", ""direction"": ""ltr""}}",[],[],,,,,4b4739bf-45d4-450d-aadc-51003bdefa09,"{""en"": {""value"": ""poppy oil (Schmincke 50 016)"", ""direction"": ""ltr""}}",[],[],[],e23c291f-5c97-45d6-9404-cb4e2d27dc86,7.73,[],[],,,,,,,,,,,,,,,
8e257c47-8411-4bef-be9a-77f545c16afd,d4e956f7-9fad-4fd2-94e3-563a3b2c3585,a4ea5a7a-d7f0-11ef-a75a-0275dc2ded29,1,a7af2dac-b167-44d7-900c-adf11448bb6e,"{""en"": {""value"": ""7.73 g poppy oil (Schmincke 50 016)"", ""direction"": ""ltr""}}",[],[],,,,,fd14af97-3d59-4528-ab2b-ee8abce98c5d,"{""en"": {""value"": ""poppy oil (Schmincke 50 016)"", ""direction"": ""ltr""}}",[],[],[],4769ea5a-8a25-4513-8946-dd2637dd2ed1,7.73,[],[],,,,,,,,,,,,,,,
f92cffea-9ffd-4873-8303-4f5de92b2164,d4e956f7-9fad-4fd2-94e3-563a3b2c3585,a4ea5a7a-d7f0-11ef-a75a-0275dc2ded29,1,ba5fd167-8412-4e73-af0f-9743551d0964,"{""en"": {""value"": ""7.73 g poppy oil (Schmincke 50 016)"", ""direction"": ""ltr""}}",[],[],,,,,84e76202-e588-437a-a61a-f5ebe7b85303,"{""en"": {""value"": ""poppy oil (Schmincke 50 016)"", ""direction"": ""ltr""}}",[],[],[],89fb36bf-fb8d-41c8-bd42-dae8b5f5d2a7,7.73,[],[],,,,,,,,,,,,,,,
2fd25b94-5db9-4529-a1d0-ae683dd5b9e5,d4e956f7-9fad-4fd2-94e3-563a3b2c3585,a4ea5a7a-d7f0-11ef-a75a-0275dc2ded29,1,42d89fc5-7e6b-406f-b6f2-45e846d8c3f6,"{""en"": {""value"": ""2.355 g linseed oil (Kremer)"", ""direction"": ""ltr""}}",[],[],,,,,5a967473-c1f5-491f-a838-2021b2a3be22,"{""en"": {""value"": ""linseed oil (Kremer)"", ""direction"": ""ltr""}}",[],[],[],c2ba37b3-8608-4ff3-b87e-8b15c452a347,2.355,[],[],,,,,,,,,,,,,,,
8853a1fa-6f5a-47f5-a1dc-d1ad552c1a8f,d4e956f7-9fad-4fd2-94e3-563a3b2c3585,a4ea5a7a-d7f0-11ef-a75a-0275dc2ded29,1,53229d5f-cf76-46fa-bf10-025fe2fd34ed,"{""en"": {""value"": ""2.355 g linseed oil (Kremer)"", ""direction"": ""ltr""}}",[],[],,,,,5bdf69d0-d4ed-4bf7-ba98-7e1683ec396e,"{""en"": {""value"": ""linseed oil (Kremer)"", ""direction"": ""ltr""}}",[],[],[],34674fa9-2c8e-4f8e-9256-440d5e6ae353,2.355,[],[],,,,,,,,,,,,,,,
543b6257-51c7-4063-92bf-b9c802837f96,d4e956f7-9fad-4fd2-94e3-563a3b2c3585,a4ea5a7a-d7f0-11ef-a75a-0275dc2ded29,1,5f42cfe4-2f01-4b8e-ad01-a588cfd9fdd8,"{""en"": {""value"": ""2.355 g linseed oil (Kremer)"", ""direction"": ""ltr""}}",[],[],,,,,5b74487c-94bd-4ab7-adaa-cdec0201a656,"{""en"": {""value"": ""linseed oil (Kremer)"", ""direction"": ""ltr""}}",[],[],[],7afac1f8-8350-441b-8e9f-76b8e5e1fd8a,2.355,[],[],,,,,,,,,,,,,,,
72426273-5c35-421c-9e64-3dce8660c24b,d4e956f7-9fad-4fd2-94e3-563a3b2c3585,a4ea5a7a-d7f0-11ef-a75a-0275dc2ded29,1,a2e2782a-ffb2-4bd3-a248-4ad4a95d8e30,"{""en"": {""value"": ""3.522 g linseed oil (Kremer)"", ""direction"": ""ltr""}}",[],[],,,,,76348128-ac55-40e1-941f-2dbd18ca4975,"{""en"": {""value"": ""linseed oil (Kremer)"", ""direction"": ""ltr""}}",[],[],[],8680983a-8e2c-493d-80b6-04aea31cdeb7,3.522,[],[],,,,,,,,,,,,,,,
912c1d4f-8e5d-48e4-9de3-602875844871,d4e956f7-9fad-4fd2-94e3-563a3b2c3585,a4ea5a7a-d7f0-11ef-a75a-0275dc2ded29,1,2489685a-c515-46e5-8691-2eb9b925b6a2,"{""en"": {""value"": ""3.522 g linseed oil (Kremer)"", ""direction"": ""ltr""}}",[],[],,,,,bd5d9772-97d0-4d8e-bf4b-396ff624241b,"{""en"": {""value"": ""linseed oil (Kremer)"", ""direction"": ""ltr""}}",[],[],[],46fdad66-2227-4306-a5bf-e4a04facd06f,3.522,[],[],,,,,,,,,,,,,,,
5c9ec664-ba41-4c2f-aaaa-02b151191bea,d4e956f7-9fad-4fd2-94e3-563a3b2c3585,a4ea5a7a-d7f0-11ef-a75a-0275dc2ded29,1,f2b14930-9761-4ae9-b361-626e285cebf5,"{""en"": {""value"": ""3.522 g linseed oil (Kremer)"", ""direction"": ""ltr""}}",[],[],,,,,584f9b72-28dd-4c52-917e-c28d31d877cc,"{""en"": {""value"": ""linseed oil (Kremer)"", ""direction"": ""ltr""}}",[],[],[],571bea02-b570-4c58-bd3e-7e7883858908,3.522,[],[],,,,,,,,,,,,,,,
3e9c1943-0887-4b38-9720-a3d5b807a3c5,d4e956f7-9fad-4fd2-94e3-563a3b2c3585,a4ea5a7a-d7f0-11ef-a75a-0275dc2ded29,1,c5d8623d-dd81-4ae3-a5b7-22883f6ecf6a,"{""en"": {""value"": ""6.791 g linseed oil (Kremer)"", ""direction"": ""ltr""}}",[],[],,,,,b8bc86a0-9b51-46c1-a45d-46260138ce91,"{""en"": {""value"": ""linseed oil (Kremer)"", ""direction"": ""ltr""}}",[],[],[],2bb575a3-c47f-4210-a0a0-f34912e47aed,6.791,[],[],,,,,,,,,,,,,,,
7ac6956b-ae7c-4a7c-bb6b-b7285160449e,d4e956f7-9fad-4fd2-94e3-563a3b2c3585,a4ea5a7a-d7f0-11ef-a75a-0275dc2ded29,1,3df08ec8-587f-4f18-9c75-c5c82807421e,"{""en"": {""value"": ""6.791 g linseed oil (Kremer)"", ""direction"": ""ltr""}}",[],[],,,,,e3b4bbde-d814-4c40-9581-b1ea32c43055,"{""en"": {""value"": ""linseed oil (Kremer)"", ""direction"": ""ltr""}}",[],[],[],2ecaf347-e1d2-4204-8520-bee233bd3865,6.791,[],[],,,,,,,,,,,,,,,
8f681997-943c-4497-9c3d-2c29883362f7,d4e956f7-9fad-4fd2-94e3-563a3b2c3585,a4ea5a7a-d7f0-11ef-a75a-0275dc2ded29,1,1d42e240-9abf-4163-a084-8963ea1392bc,"{""en"": {""value"": ""6.791 g linseed oil (Kremer)"", ""direction"": ""ltr""}}",[],[],,,,,525c264f-3332-4780-b92c-a7130aa5a2af,"{""en"": {""value"": ""linseed oil (Kremer)"", ""direction"": ""ltr""}}",[],[],[],419d91be-3661-4e89-859d-a30bc7f20001,6.791,[],[],,,,,,,,,,,,,,,
05cb7157-43e7-4d2f-973a-0a98821bb722,d4e956f7-9fad-4fd2-94e3-563a3b2c3585,a4ea5a7a-d7f0-11ef-a75a-0275dc2ded29,1,cfe60cba-5967-41ec-b516-12263df05034,"{""en"": {""value"": ""Oil (no spec.)"", ""direction"": ""ltr""}}",[],[],,,,,,,,,,,,,,,,,,,,,,,,,,,,
d00540c9-682a-4ebf-8dc5-676706840335,d4e956f7-9fad-4fd2-94e3-563a3b2c3585,a4ea5a7a-d7f0-11ef-a75a-0275dc2ded29,1,0863a4d2-f099-4b94-8983-93d35019e70b,"{""en"": {""value"": ""Linseed oil (no spec.)"", ""direction"": ""ltr""}}",[],[],4d7ee994-aa6f-4784-87c2-8a1fb1d80b41,"{""en"": {""value"": ""Egg (no spec.)"", ""direction"": ""ltr""}}",[],[],,,,,,,,,,,,,,,,,,,,,,,,
c5ea513d-9635-437b-b1f0-7bba83a4cd31,d4e956f7-9fad-4fd2-94e3-563a3b2c3585,a4ea5a7a-d7f0-11ef-a75a-0275dc2ded29,1,4d80dbbb-febb-4d1a-a9b0-9f66f6e2900e,"{""en"": {""value"": ""Linseed oil (no spec.)"", ""direction"": ""ltr""}}",[],[],43667f68-12f5-4a56-9139-81647dc70ee5,"{""en"": {""value"": ""Egg (no spec.)"", ""direction"": ""ltr""}}",[],[],,,,,,,,,,,,,,,,,,,,,,,,
20020593-e9d1-4e49-bc52-12f1569373c1,d4e956f7-9fad-4fd2-94e3-563a3b2c3585,a4ea5a7a-d7f0-11ef-a75a-0275dc2ded29,1,38d8d0d6-8c50-4e30-9b43-e5cb30eeb54b,"{""en"": {""value"": ""Linseed oil (no spec.)"", ""direction"": ""ltr""}}",[],[],e3768f2e-a1fd-4845-8f1d-1cf1679b05dd,"{""en"": {""value"": ""Egg (no spec.)"", ""direction"": ""ltr""}}",[],[],,,,,,,,,,,,,,,,,,,,,,,,
7719cb01-71f7-4ca4-b9e9-b667d40826dd,d4e956f7-9fad-4fd2-94e3-563a3b2c3585,a4ea5a7a-d7f0-11ef-a75a-0275dc2ded29,1,663858e4-e624-4698-a400-91b21b5ab90f,"{""en"": {""value"": ""Linseed oil (no spec.)"", ""direction"": ""ltr""}}",[],[],a841e515-b231-49c2-ae82-05407b797959,"{""en"": {""value"": ""Egg (no spec.)"", ""direction"": ""ltr""}}",[],[],,,,,,,,,,,,,,,,,,,,,,,,
17046be6-e751-49d6-83b3-e83301d6e98b,d4e956f7-9fad-4fd2-94e3-563a3b2c3585,a4ea5a7a-d7f0-11ef-a75a-0275dc2ded29,1,56b06dca-f7a4-4d21-b76a-cf1230fa1f43,"{""en"": {""value"": ""Linseed oil (no spec.)"", ""direction"": ""ltr""}}",[],[],15125874-803f-44f0-931a-7b86101b0609,"{""en"": {""value"": ""Egg (no spec.)"", ""direction"": ""ltr""}}",[],[],,,,,,,,,,,,,,,,,,,,,,,,
b89f12ce-15d8-44b5-bbb3-b01159a712d3,d4e956f7-9fad-4fd2-94e3-563a3b2c3585,a4ea5a7a-d7f0-11ef-a75a-0275dc2ded29,1,aa6033c3-1527-461e-b68e-2122bf63f3b2,"{""en"": {""value"": ""Linseed oil (no spec.)"", ""direction"": ""ltr""}}",[],[],095badca-2de9-463a-9610-8b48602e616b,"{""en"": {""value"": ""Egg (no spec.)"", ""direction"": ""ltr""}}",[],[],,,,,,,,,,,,,,,,,,,,,,,,
5b02a55b-a6f1-488a-95d6-c05e06959f26,d4e956f7-9fad-4fd2-94e3-563a3b2c3585,a4ea5a7a-d7f0-11ef-a75a-0275dc2ded29,1,d143e661-1a69-4af1-bbc6-889c6076c3d5,"{""en"": {""value"": ""Linseed oil (no spec.)"", ""direction"": ""ltr""}}",[],[],dfe5076d-fec3-494e-8ce9-fc86c86d7541,"{""en"": {""value"": ""Egg (no spec.)"", ""direction"": ""ltr""}}",[],[],,,,,,,,,,,,,,,,,,,,,,,,
7bc8d3ef-e01f-48e2-b180-51b9a6c79fc2,d4e956f7-9fad-4fd2-94e3-563a3b2c3585,a4ea5a7a-d7f0-11ef-a75a-0275dc2ded29,1,3d1f60a1-4088-4136-a94a-5ecc9feee4c4,"{""en"": {""value"": ""Linseed oil (no spec.)"", ""direction"": ""ltr""}}",[],[],ddbfda98-e517-45db-b3a7-88fb4d598f9a,"{""en"": {""value"": ""Egg (no spec.)"", ""direction"": ""ltr""}}",[],[],,,,,,,,,,,,,,,,,,,,,,,,
e6f44785-b2fa-4902-b009-094222967c41,d4e956f7-9fad-4fd2-94e3-563a3b2c3585,a4ea5a7a-d7f0-11ef-a75a-0275dc2ded29,1,8d3b5a57-4727-4b86-b37d-66e3cbe6af01,"{""en"": {""value"": ""Linseed oil (no spec.)"", ""direction"": ""ltr""}}",[],[],fd9448fa-13eb-4154-9edc-7cd122a69122,"{""en"": {""value"": ""Egg (no spec.)"", ""direction"": ""ltr""}}",[],[],,,,,,,,,,,,,,,,,,,,,,,,
8cd887a1-169a-4c34-b73a-3e77514e2c83,d4e956f7-9fad-4fd2-94e3-563a3b2c3585,a4ea5a7a-d7f0-11ef-a75a-0275dc2ded29,1,9ce93d84-0d2a-4fba-90fe-ff4ea806f8b0,"{""en"": {""value"": ""Linseed oil (no spec.)"", ""direction"": ""ltr""}}",[],[],2edb425d-e846-454f-b648-6e045e11a615,"{""en"": {""value"": ""Egg (no spec.)"", ""direction"": ""ltr""}}",[],[],,,,,,,,,,,,,,,,,,,,,,,,
d7660518-eea5-4bdf-a4c0-48a8ea3643c0,d4e956f7-9fad-4fd2-94e3-563a3b2c3585,a4ea5a7a-d7f0-11ef-a75a-0275dc2ded29,1,c353e34e-0cab-4a91-8625-3e0c955b2649,"{""en"": {""value"": ""Linseed oil (no spec.)"", ""direction"": ""ltr""}}",[],[],318cbc1a-fadd-4757-b0b3-e5e796b100bb,"{""en"": {""value"": ""Egg (no spec.)"", ""direction"": ""ltr""}}",[],[],,,,,,,,,,,,,,,,,,,,,,,,
683e4037-3aa1-4691-9425-1ec7f0f0e15e,d4e956f7-9fad-4fd2-94e3-563a3b2c3585,a4ea5a7a-d7f0-11ef-a75a-0275dc2ded29,1,7cddc804-e493-410c-a0d4-06c58d084682,"{""en"": {""value"": ""Linseed oil (no spec.)"", ""direction"": ""ltr""}}",[],[],c46f9fe3-e92d-48ce-926b-38473c0ee984,"{""en"": {""value"": ""Egg (no spec.)"", ""direction"": ""ltr""}}",[],[],,,,,,,,,,,,,,,,,,,,,,,,
8e881413-301f-478c-8305-200cd8d0026d,d4e956f7-9fad-4fd2-94e3-563a3b2c3585,a4ea5a7a-d7f0-11ef-a75a-0275dc2ded29,1,43858a6c-2e71-4d5f-ad6c-6088e0b67d54,"{""en"": {""value"": ""Linseed oil (no spec.)"", ""direction"": ""ltr""}}",[],[],57b4108a-5790-422a-9cb9-faa737ca0326,"{""en"": {""value"": ""Egg (no spec.)"", ""direction"": ""ltr""}}",[],[],,,,,,,,,,,,,,,,,,,,,,,,
0e73e872-b00a-479c-88f4-52957353f549,d4e956f7-9fad-4fd2-94e3-563a3b2c3585,a4ea5a7a-d7f0-11ef-a75a-0275dc2ded29,1,8ebb8998-f790-4a64-9d6e-c3adf764d3bb,"{""en"": {""value"": ""Linseed oil (no spec.)"", ""direction"": ""ltr""}}",[],[],552c0dca-a429-468f-a016-493f09e2856a,"{""en"": {""value"": ""Egg (no spec.)"", ""direction"": ""ltr""}}",[],[],,,,,,,,,,,,,,,,,,,,,,,,
f8509433-5b19-4051-a210-56314b67b987,d4e956f7-9fad-4fd2-94e3-563a3b2c3585,a4ea5a7a-d7f0-11ef-a75a-0275dc2ded29,1,7a2dd6a1-4c25-4834-a25b-47609e40d6ac,"{""en"": {""value"": ""Linseed oil (no spec.)"", ""direction"": ""ltr""}}",[],[],9540ef13-8f32-4dfd-a869-02c53c4bebc0,"{""en"": {""value"": ""Egg (no spec.)"", ""direction"": ""ltr""}}",[],[],,,,,,,,,,,,,,,,,,,,,,,,
d57db2ce-efdb-4d23-a583-312ae2f36df5,d4e956f7-9fad-4fd2-94e3-563a3b2c3585,a4ea5a7a-d7f0-11ef-a75a-0275dc2ded29,1,567fafc5-1fa3-44a3-82bd-a28d1743464d,"{""en"": {""value"": ""Linseed oil (no spec.)"", ""direction"": ""ltr""}}",[],[],d5694169-afc3-4080-acf1-5f3fc911cced,"{""en"": {""value"": ""Egg (no spec.)"", ""direction"": ""ltr""}}",[],[],,,,,,,,,,,,,,,,,,,,,,,,
6c4f17db-c082-4ca0-bd94-941d78e26c97,d4e956f7-9fad-4fd2-94e3-563a3b2c3585,a4ea5a7a-d7f0-11ef-a75a-0275dc2ded29,1,5df6d434-5522-4c97-8825-43e84b725195,"{""en"": {""value"": ""Linseed oil (no spec.)"", ""direction"": ""ltr""}}",[],[],b2763366-3f5f-42a6-8755-365abf2c130d,"{""en"": {""value"": ""Egg (no spec.)"", ""direction"": ""ltr""}}",[],[],,,,,,,,,,,,,,,,,,,,,,,,
1b7a8dab-4343-4951-9901-f3f91f469667,d4e956f7-9fad-4fd2-94e3-563a3b2c3585,a4ea5a7a-d7f0-11ef-a75a-0275dc2ded29,1,2f9893b9-f35b-4447-b808-0b87a5d716fd,"{""en"": {""value"": ""Linseed oil (no spec.)"", ""direction"": ""ltr""}}",[],[],9bdf7353-35f9-40a1-ab42-810fdc36344e,"{""en"": {""value"": ""Egg (no spec.)"", ""direction"": ""ltr""}}",[],[],,,,,,,,,,,,,,,,,,,,,,,,
95f7c65a-91fd-4fc0-8dae-a609b32e0e9c,d4e956f7-9fad-4fd2-94e3-563a3b2c3585,a4ea5a7a-d7f0-11ef-a75a-0275dc2ded29,1,10c6c7c2-8478-41b0-bc5a-ccb59b80cec6,"{""en"": {""value"": ""Linseed oil (no spec.)"", ""direction"": ""ltr""}}",[],[],d4a708be-df55-4066-a520-ef9dafa09bef,"{""en"": {""value"": ""Egg (no spec.)"", ""direction"": ""ltr""}}",[],[],,,,,,,,,,,,,,,,,,,,,,,,
b6543355-eb0d-481f-b813-c0e0ee81cfce,d4e956f7-9fad-4fd2-94e3-563a3b2c3585,a4ea5a7a-d7f0-11ef-a75a-0275dc2ded29,1,ed775946-8683-4a51-bb2d-8e3397cb2f14,"{""en"": {""value"": ""Linseed oil (no spec.)"", ""direction"": ""ltr""}}",[],[],e306fd13-3bcd-4615-9a33-34e0964b6613,"{""en"": {""value"": ""Egg (no spec.)"", ""direction"": ""ltr""}}",[],[],,,,,,,,,,,,,,,,,,,,,,,,
d73a99ea-c15f-4ad2-8447-4f5de1b02821,d4e956f7-9fad-4fd2-94e3-563a3b2c3585,a4ea5a7a-d7f0-11ef-a75a-0275dc2ded29,1,e2b59c11-17e2-402d-888f-402e1b7ca321,"{""en"": {""value"": ""Linseed oil (no spec.)"", ""direction"": ""ltr""}}",[],[],d67b78ae-6404-413b-ba18-e8b216cfa1de,"{""en"": {""value"": ""Egg (no spec.)"", ""direction"": ""ltr""}}",[],[],,,,,,,,,,,,,,,,,,,,,,,,
4219dbc5-8566-426f-bb66-8d8d67d38df2,d4e956f7-9fad-4fd2-94e3-563a3b2c3585,a4ea5a7a-d7f0-11ef-a75a-0275dc2ded29,1,f1ffaa31-8d5b-4b79-a125-4eaea665d3a9,"{""en"": {""value"": ""Linseed oil (no spec.)"", ""direction"": ""ltr""}}",[],[],fa6a6297-7843-4b44-8193-749c3e19f82e,"{""en"": {""value"": ""Egg (no spec.)"", ""direction"": ""ltr""}}",[],[],,,,,,,,,,,,,,,,,,,,,,,,
50b95675-8f99-46c9-9854-ed63a0f9e7af,d4e956f7-9fad-4fd2-94e3-563a3b2c3585,a4ea5a7a-d7f0-11ef-a75a-0275dc2ded29,1,2cb4083d-41bb-4656-a4a6-74ced718b87e,"{""en"": {""value"": ""Linseed oil (no spec.)"", ""direction"": ""ltr""}}",[],[],7432d951-192a-423e-9fec-b4263ef657c1,"{""en"": {""value"": ""Egg (no spec.)"", ""direction"": ""ltr""}}",[],[],,,,,,,,,,,,,,,,,,,,,,,,
c3bd6f1d-d1d5-40a6-8d65-0f34af819f91,d4e956f7-9fad-4fd2-94e3-563a3b2c3585,a4ea5a7a-d7f0-11ef-a75a-0275dc2ded29,1,89a50224-82fb-44d5-9483-1fac2192de0d,"{""en"": {""value"": ""Linseed oil (no spec.)"", ""direction"": ""ltr""}}",[],[],14ffb33c-d5af-432c-bbf3-cd1244b80934,"{""en"": {""value"": ""Egg (no spec.)"", ""direction"": ""ltr""}}",[],[],,,,,,,,,,,,,,,,,,,,,,,,
0a8bfac3-ce05-4d21-a527-68adcc4db2f4,d4e956f7-9fad-4fd2-94e3-563a3b2c3585,a4ea5a7a-d7f0-11ef-a75a-0275dc2ded29,1,685a05bb-10ca-43be-90b8-907538db6c72,"{""en"": {""value"": ""Linseed oil (no spec.)"", ""direction"": ""ltr""}}",[],[],5657f9e1-f2ae-4fbb-a624-14fafa7ff6b3,"{""en"": {""value"": ""Egg (no spec.)"", ""direction"": ""ltr""}}",[],[],,,,,,,,,,,,,,,,,,,,,,,,
86ce2148-6913-4d5c-a276-75368262233e,d4e956f7-9fad-4fd2-94e3-563a3b2c3585,a4ea5a7a-d7f0-11ef-a75a-0275dc2ded29,1,fdac3c73-5e2c-49a2-98df-a89fd9400f0f,"{""en"": {""value"": ""Linseed oil (no spec.)"", ""direction"": ""ltr""}}",[],[],3e995a90-97a7-43a8-baae-f567781b8c31,"{""en"": {""value"": ""Egg (no spec.)"", ""direction"": ""ltr""}}",[],[],,,,,,,,,,,,,,,,,,,,,,,,
507714b8-bf98-40b4-8182-5f72c4b4dac4,d4e956f7-9fad-4fd2-94e3-563a3b2c3585,a4ea5a7a-d7f0-11ef-a75a-0275dc2ded29,1,bedc0fd4-f2aa-4fd3-b487-cd204ce1e146,"{""en"": {""value"": ""Linseed oil (no spec.)"", ""direction"": ""ltr""}}",[],[],a2b34248-78ab-40c2-b18b-3cf22c9434b5,"{""en"": {""value"": ""Egg (no spec.)"", ""direction"": ""ltr""}}",[],[],,,,,,,,,,,,,,,,,,,,,,,,
58dbef32-7187-4277-a78b-e7bdf77852c5,d4e956f7-9fad-4fd2-94e3-563a3b2c3585,a4ea5a7a-d7f0-11ef-a75a-0275dc2ded29,1,9a47c243-298b-44ae-aaa1-25a5f91b6121,"{""en"": {""value"": ""Linseed oil (no spec.)"", ""direction"": ""ltr""}}",[],[],0064fae3-b2e1-4da8-9fa6-4c410f0dfee5,"{""en"": {""value"": ""Egg (no spec.)"", ""direction"": ""ltr""}}",[],[],,,,,,,,,,,,,,,,,,,,,,,,
794d5204-0a9d-42c9-bb16-921f07e44bcc,d4e956f7-9fad-4fd2-94e3-563a3b2c3585,a4ea5a7a-d7f0-11ef-a75a-0275dc2ded29,1,913c64a2-e956-43d9-a51f-c61e6d1732e5,"{""en"": {""value"": ""Linseed oil (no spec.)"", ""direction"": ""ltr""}}",[],[],b20f38ed-1e12-4b4d-a42c-8a045655e9cc,"{""en"": {""value"": ""Egg (no spec.)"", ""direction"": ""ltr""}}",[],[],,,,,,,,,,,,,,,,,,,,,,,,
bbc4d2e2-2c16-49aa-9c6a-10395f573c70,d4e956f7-9fad-4fd2-94e3-563a3b2c3585,a4ea5a7a-d7f0-11ef-a75a-0275dc2ded29,1,af4983ac-86b0-4c7a-90e2-5bd701dc6467,"{""en"": {""value"": ""Linseed oil (no spec.)"", ""direction"": ""ltr""}}",[],[],37d98e1a-21ae-4a33-85a0-03a142903529,"{""en"": {""value"": ""Egg (no spec.)"", ""direction"": ""ltr""}}",[],[],,,,,,,,,,,,,,,,,,,,,,,,
ef9b7a1d-1b7a-46c5-87ab-5f23db96028a,d4e956f7-9fad-4fd2-94e3-563a3b2c3585,a4ea5a7a-d7f0-11ef-a75a-0275dc2ded29,1,b1167c05-b923-4a87-b013-d842b945dee1,"{""en"": {""value"": ""Linseed oil (no spec.)"", ""direction"": ""ltr""}}",[],[],f6a62cf5-aecc-423b-8bb6-ee6a818a4ec0,"{""en"": {""value"": ""Egg (no spec.)"", ""direction"": ""ltr""}}",[],[],,,,,,,,,,,,,,,,,,,,,,,,
2fed0210-fed3-4c70-b9f1-94384a2e345e,d4e956f7-9fad-4fd2-94e3-563a3b2c3585,a4ea5a7a-d7f0-11ef-a75a-0275dc2ded29,1,585f628a-a060-4a65-8a8e-e66dbe16ad8c,"{""en"": {""value"": ""Linseed oil (no spec.)"", ""direction"": ""ltr""}}",[],[],d3412c28-f4b5-448b-b5bf-0a8383847bc1,"{""en"": {""value"": ""Egg (no spec.)"", ""direction"": ""ltr""}}",[],[],,,,,,,,,,,,,,,,,,,,,,,,
81b9fdaa-65dd-488f-a3e4-058ba7458e92,d4e956f7-9fad-4fd2-94e3-563a3b2c3585,a4ea5a7a-d7f0-11ef-a75a-0275dc2ded29,1,cd351fd2-132f-4a75-8071-02d8ce31f530,"{""en"": {""value"": ""Linseed oil (no spec.)"", ""direction"": ""ltr""}}",[],[],74c599dc-0377-48c1-8b1f-efc3e6045cc5,"{""en"": {""value"": ""Egg (no spec.)"", ""direction"": ""ltr""}}",[],[],,,,,,,,,,,,,,,,,,,,,,,,
395ab074-9758-44e5-bd1b-f95e409cf882,d4e956f7-9fad-4fd2-94e3-563a3b2c3585,a4ea5a7a-d7f0-11ef-a75a-0275dc2ded29,1,8a33657d-3a37-4361-b010-60748ccdfdea,"{""en"": {""value"": ""Linseed oil (no spec.)"", ""direction"": ""ltr""}}",[],[],f110c8b6-921e-455b-b8ff-dcf318a1d0d1,"{""en"": {""value"": ""Egg (no spec.)"", ""direction"": ""ltr""}}",[],[],,,,,,,,,,,,,,,,,,,,,,,,
9d4cb953-80eb-4888-b431-5a31aa6cec91,d4e956f7-9fad-4fd2-94e3-563a3b2c3585,a4ea5a7a-d7f0-11ef-a75a-0275dc2ded29,1,708f2daa-9875-4be3-a6b6-9213554be373,"{""en"": {""value"": ""Linseed oil (no spec.)"", ""direction"": ""ltr""}}",[],[],e82b7dc5-7463-40f0-b04a-f8fe7223e61c,"{""en"": {""value"": ""Egg (no spec.)"", ""direction"": ""ltr""}}",[],[],,,,,,,,,,,,,,,,,,,,,,,,
d1bec58a-9fad-4029-93b0-b94e73cbc39b,d4e956f7-9fad-4fd2-94e3-563a3b2c3585,a4ea5a7a-d7f0-11ef-a75a-0275dc2ded29,1,1cd4afa1-40f4-40a5-a87d-09c0bebff199,"{""en"": {""value"": ""Linseed oil (no spec.)"", ""direction"": ""ltr""}}",[],[],4b07881f-7350-4f86-8c46-06b19b37ffa6,"{""en"": {""value"": ""Egg (no spec.)"", ""direction"": ""ltr""}}",[],[],,,,,,,,,,,,,,,,,,,,,,,,
42b7c805-35eb-4e81-9ac4-510ce483549f,d4e956f7-9fad-4fd2-94e3-563a3b2c3585,a4ea5a7a-d7f0-11ef-a75a-0275dc2ded29,1,13d1f984-e563-40b5-8ae5-c6ed5cc4c703,"{""en"": {""value"": ""Poppy oil (Schmincke 50 016)"", ""direction"": ""ltr""}}",[],[],67bab496-868d-4496-9860-4673a996d15b,"{""en"": {""value"": ""Linseed oil (Kremer 7325)"", ""direction"": ""ltr""}}",[],[],,,,,,,,,,,,,,,,,,,,,,,,
8f25c2e5-4ba2-4ac0-8d4e-a71ba07b92d6,d4e956f7-9fad-4fd2-94e3-563a3b2c3585,a4ea5a7a-d7f0-11ef-a75a-0275dc2ded29,1,b7fca40e-6907-4bcc-bae6-54940951cddd,"{""en"": {""value"": ""Poppy oil (Schmincke 50 016)"", ""direction"": ""ltr""}}",[],[],e64ff53f-3921-4e54-a51b-fba943c4a083,"{""en"": {""value"": ""Linseed oil (Kremer 7325)"", ""direction"": ""ltr""}}",[],[],,,,,,,,,,,,,,,,,,,,,,,,
c76252b2-22fa-485c-a99d-c92402679e59,d4e956f7-9fad-4fd2-94e3-563a3b2c3585,a4ea5a7a-d7f0-11ef-a75a-0275dc2ded29,1,6bb6ee24-b095-4104-9b22-c439a2ab6a9e,"{""en"": {""value"": ""Poppy oil (Schmincke 50 016)"", ""direction"": ""ltr""}}",[],[],3c2dc7be-2cf3-4588-99a5-a45f358973c4,"{""en"": {""value"": ""Linseed oil (Kremer 7325)"", ""direction"": ""ltr""}}",[],[],,,,,,,,,,,,,,,,,,,,,,,,
85ec8f40-5a68-4375-a216-14643f07ae58,d4e956f7-9fad-4fd2-94e3-563a3b2c3585,a4ea5a7a-d7f0-11ef-a75a-0275dc2ded29,1,107ec26c-cf5c-4210-a862-0a2133a8b0d6,"{""en"": {""value"": ""Poppy oil (Schmincke 50 016)"", ""direction"": ""ltr""}}",[],[],d5c088e1-c6ad-468b-ae54-211f055cdbdb,"{""en"": {""value"": ""Linseed oil (Kremer 7325)"", ""direction"": ""ltr""}}",[],[],,,,,,,,,,,,,,,,,,,,,,,,
8664f200-bce5-45e4-84c9-aadc75ff5bda,d4e956f7-9fad-4fd2-94e3-563a3b2c3585,a4ea5a7a-d7f0-11ef-a75a-0275dc2ded29,1,0df97db2-61e8-4da6-91be-12cded322e72,"{""en"": {""value"": ""Poppy oil (Schmincke 50 016)"", ""direction"": ""ltr""}}",[],[],9919013c-279a-4320-a98a-4b07aaa10694,"{""en"": {""value"": ""Linseed oil (Kremer 7325)"", ""direction"": ""ltr""}}",[],[],,,,,,,,,,,,,,,,,,,,,,,,
2f2d630c-e1ab-4642-a2c8-7acc6ef7468a,d4e956f7-9fad-4fd2-94e3-563a3b2c3585,a4ea5a7a-d7f0-11ef-a75a-0275dc2ded29,1,846e74d6-3c73-48d4-8438-886ceb7dbb54,"{""en"": {""value"": ""Poppy oil (Schmincke 50 016)"", ""direction"": ""ltr""}}",[],[],ea72e74c-fdf3-453e-a90b-2c6fbb29bf32,"{""en"": {""value"": ""Linseed oil (Kremer 7325)"", ""direction"": ""ltr""}}",[],[],,,,,,,,,,,,,,,,,,,,,,,,
46f64a8b-05b3-48a1-9f0a-01c42bbc8341,d4e956f7-9fad-4fd2-94e3-563a3b2c3585,a4ea5a7a-d7f0-11ef-a75a-0275dc2ded29,1,9e22bba4-2a2e-4d13-8400-afa55edace44,"{""en"": {""value"": ""Poppy oil (Schmincke 50 016)"", ""direction"": ""ltr""}}",[],[],3b0ca420-15fa-489e-98a4-cada5cb296ab,"{""en"": {""value"": ""Linseed oil (Kremer 7325)"", ""direction"": ""ltr""}}",[],[],,,,,,,,,,,,,,,,,,,,,,,,
e3404d39-ccb7-409a-b026-d99c82d6577d,d4e956f7-9fad-4fd2-94e3-563a3b2c3585,a4ea5a7a-d7f0-11ef-a75a-0275dc2ded29,1,4d4c80e9-6b89-455e-83c2-381e4604f176,"{""en"": {""value"": ""Poppy oil (Schmincke 50 016)"", ""direction"": ""ltr""}}",[],[],67d3cda7-d3ed-48d7-b04d-0f479a7ed411,"{""en"": {""value"": ""Linseed oil (Kremer 7325)"", ""direction"": ""ltr""}}",[],[],,,,,,,,,,,,,,,,,,,,,,,,
307bf580-6491-4ac9-a6bb-99d8f514c784,d4e956f7-9fad-4fd2-94e3-563a3b2c3585,a4ea5a7a-d7f0-11ef-a75a-0275dc2ded29,1,6de5129e-47b2-4837-9d53-d443936d6151,"{""en"": {""value"": ""Poppy oil (Schmincke 50 016)"", ""direction"": ""ltr""}}",[],[],0088c511-e19a-41a6-8054-320573abea75,"{""en"": {""value"": ""Linseed oil (Kremer 7325)"", ""direction"": ""ltr""}}",[],[],,,,,,,,,,,,,,,,,,,,,,,,
f1a6aade-2c03-42f9-bf90-85a8b4ca95ab,d4e956f7-9fad-4fd2-94e3-563a3b2c3585,a4ea5a7a-d7f0-11ef-a75a-0275dc2ded29,1,917b3e7c-22ff-4b97-83de-b18d5208930a,"{""en"": {""value"": ""Poppy oil (Schmincke 50 016)"", ""direction"": ""ltr""}}",[],[],1d566893-ddbb-46bf-a3d8-7213a72d00ed,"{""en"": {""value"": ""Linseed oil (Kremer 7325)"", ""direction"": ""ltr""}}",[],[],,,,,,,,,,,,,,,,,,,,,,,,
5d2b1d1e-b644-4799-a892-7be3cdaa75ee,d4e956f7-9fad-4fd2-94e3-563a3b2c3585,a4ea5a7a-d7f0-11ef-a75a-0275dc2ded29,1,5f74da86-2306-4694-9264-894661ea9ced,"{""en"": {""value"": ""Poppy oil (Schmincke 50 016)"", ""direction"": ""ltr""}}",[],[],7778c63f-6f0a-4946-98ca-8f6b698f7a3a,"{""en"": {""value"": ""Linseed oil (Kremer 7325)"", ""direction"": ""ltr""}}",[],[],,,,,,,,,,,,,,,,,,,,,,,,
90cba787-f958-42c7-b292-44620fa0c12c,d4e956f7-9fad-4fd2-94e3-563a3b2c3585,a4ea5a7a-d7f0-11ef-a75a-0275dc2ded29,1,2e0e1c02-9904-4ecf-9363-bebedd851f33,"{""en"": {""value"": ""Poppy oil (Schmincke 50 016)"", ""direction"": ""ltr""}}",[],[],e8f989ab-3180-4e6d-8701-2bad3736838d,"{""en"": {""value"": ""Linseed oil (Kremer 7325)"", ""direction"": ""ltr""}}",[],[],,,,,,,,,,,,,,,,,,,,,,,,
ed2a3b5a-e49a-4208-85ae-3c71de8a0c1d,d4e956f7-9fad-4fd2-94e3-563a3b2c3585,a4ea5a7a-d7f0-11ef-a75a-0275dc2ded29,1,9e01bbd2-96ce-4f94-82ee-676957df3278,"{""en"": {""value"": ""Poppy oil (Schmincke 50 016)"", ""direction"": ""ltr""}}",[],[],a1299d69-02f5-4746-a807-a026eb91e276,"{""en"": {""value"": ""Linseed oil (Kremer 7325)"", ""direction"": ""ltr""}}",[],[],,,,,,,,,,,,,,,,,,,,,,,,
4a1d194b-4419-4dba-abd4-d47333043b38,d4e956f7-9fad-4fd2-94e3-563a3b2c3585,a4ea5a7a-d7f0-11ef-a75a-0275dc2ded29,1,2196a0e0-e781-44c9-8897-5aa5cc002c8b,"{""en"": {""value"": ""Poppy oil (Schmincke 50 016)"", ""direction"": ""ltr""}}",[],[],3e63b1b6-5587-4c83-9ec6-00a66f8526ef,"{""en"": {""value"": ""Linseed oil (Kremer 7325)"", ""direction"": ""ltr""}}",[],[],,,,,,,,,,,,,,,,,,,,,,,,
300b5f1a-9311-4457-933e-c18727b00f80,d4e956f7-9fad-4fd2-94e3-563a3b2c3585,a4ea5a7a-d7f0-11ef-a75a-0275dc2ded29,1,6bdeb31e-4c4a-4a63-9f31-2b845e6c258f,"{""en"": {""value"": ""Poppy oil (Schmincke 50 016)"", ""direction"": ""ltr""}}",[],[],f4f89eec-80f1-4682-b261-b6d44206c857,"{""en"": {""value"": ""Linseed oil (Kremer 7325)"", ""direction"": ""ltr""}}",[],[],,,,,,,,,,,,,,,,,,,,,,,,
6db04335-7447-4efa-ac57-7111f4a8ade0,d4e956f7-9fad-4fd2-94e3-563a3b2c3585,a4ea5a7a-d7f0-11ef-a75a-0275dc2ded29,1,cfdb3ee5-1b8f-488d-b720-0a96b5202067,"{""en"": {""value"": ""Poppy oil (Schmincke 50 016)"", ""direction"": ""ltr""}}",[],[],7e653d17-ca0f-463c-9e3f-978e3617d96d,"{""en"": {""value"": ""Linseed oil (Kremer 7325)"", ""direction"": ""ltr""}}",[],[],,,,,,,,,,,,,,,,,,,,,,,,
700a0b6d-8bc8-4c41-8cbd-a3c048d80d20,d4e956f7-9fad-4fd2-94e3-563a3b2c3585,a4ea5a7a-d7f0-11ef-a75a-0275dc2ded29,1,3962fd08-5fed-48b2-98eb-b88dc87917f3,"{""en"": {""value"": ""Poppy oil (Schmincke 50 016)"", ""direction"": ""ltr""}}",[],[],3f8f9613-ec4b-4dd6-8e70-659804ed4622,"{""en"": {""value"": ""Linseed oil (Kremer 7325)"", ""direction"": ""ltr""}}",[],[],,,,,,,,,,,,,,,,,,,,,,,,
1e570686-a88c-4c3b-bae3-dd229c2ce7fd,d4e956f7-9fad-4fd2-94e3-563a3b2c3585,a4ea5a7a-d7f0-11ef-a75a-0275dc2ded29,1,3dfbccdb-6cb4-4b32-9e06-e8ae977cb681,"{""en"": {""value"": ""Poppy oil (Schmincke 50 016)"", ""direction"": ""ltr""}}",[],[],98b72ccd-4f2f-43cb-a48d-b8d65a719655,"{""en"": {""value"": ""Linseed oil (Kremer 7325)"", ""direction"": ""ltr""}}",[],[],,,,,,,,,,,,,,,,,,,,,,,,
dc5e73fd-865b-4baa-8f2f-3f9296c5c4ee,d4e956f7-9fad-4fd2-94e3-563a3b2c3585,a4ea5a7a-d7f0-11ef-a75a-0275dc2ded29,1,39cb016a-f191-4f8f-8eda-915901011a80,"{""en"": {""value"": ""Poppy oil (Schmincke 50 016)"", ""direction"": ""ltr""}}",[],[],58c15ff8-8512-4d52-be07-9f8b80240f23,"{""en"": {""value"": ""Linseed oil (Kremer 7325)"", ""direction"": ""ltr""}}",[],[],,,,,,,,,,,,,,,,,,,,,,,,
bb1a186c-0f96-4593-8dbd-a8d863c96696,d4e956f7-9fad-4fd2-94e3-563a3b2c3585,a4ea5a7a-d7f0-11ef-a75a-0275dc2ded29,1,48380972-35dd-473b-8f71-26c257c1df6f,"{""en"": {""value"": ""Poppy oil (Schmincke 50 016)"", ""direction"": ""ltr""}}",[],[],85601ece-6237-4f49-920a-4d8738471a99,"{""en"": {""value"": ""Linseed oil (Kremer 7325)"", ""direction"": ""ltr""}}",[],[],,,,,,,,,,,,,,,,,,,,,,,,
370e09c4-8240-4c78-af31-82d93b022b56,d4e956f7-9fad-4fd2-94e3-563a3b2c3585,a4ea5a7a-d7f0-11ef-a75a-0275dc2ded29,1,5bca296b-4ae9-47d7-8fb4-baebbc69a93e,"{""en"": {""value"": ""Poppy oil (Schmincke 50 016)"", ""direction"": ""ltr""}}",[],[],efaa49d0-471c-4b1f-93fb-07007c5354ac,"{""en"": {""value"": ""Linseed oil (Kremer 7325)"", ""direction"": ""ltr""}}",[],[],,,,,,,,,,,,,,,,,,,,,,,,
9a7afc11-6506-40ab-8248-bc19e9321baa,d4e956f7-9fad-4fd2-94e3-563a3b2c3585,a4ea5a7a-d7f0-11ef-a75a-0275dc2ded29,1,7add99f9-14b7-40a2-90b8-0db081d4ef7e,"{""en"": {""value"": ""Poppy oil (Schmincke 50 016)"", ""direction"": ""ltr""}}",[],[],7150d8d6-a878-4ca7-98f8-430ebb7605cf,"{""en"": {""value"": ""Linseed oil (Kremer 7325)"", ""direction"": ""ltr""}}",[],[],,,,,,,,,,,,,,,,,,,,,,,,
2e2936b2-5a1b-4fe2-94d4-c688c3c94f52,d4e956f7-9fad-4fd2-94e3-563a3b2c3585,a4ea5a7a-d7f0-11ef-a75a-0275dc2ded29,1,a33b2a07-a257-4dac-b56b-3939b75b5ffd,"{""en"": {""value"": ""Poppy oil (Schmincke 50 016)"", ""direction"": ""ltr""}}",[],[],2dc13e12-800b-4467-8ced-ac95267cbcd9,"{""en"": {""value"": ""Linseed oil (Kremer 7325)"", ""direction"": ""ltr""}}",[],[],,,,,,,,,,,,,,,,,,,,,,,,
9fdf3d2a-c1ac-4425-98ca-576e1518829d,d4e956f7-9fad-4fd2-94e3-563a3b2c3585,a4ea5a7a-d7f0-11ef-a75a-0275dc2ded29,1,05600b0f-7095-47c1-b9f1-cb9a23e8e096,"{""en"": {""value"": ""Poppy oil (Schmincke 50 016)"", ""direction"": ""ltr""}}",[],[],4ea5fe42-32f4-4d0d-ae0c-d1ff2527b966,"{""en"": {""value"": ""Linseed oil (Kremer 7325)"", ""direction"": ""ltr""}}",[],[],,,,,,,,,,,,,,,,,,,,,,,,
a3a79c93-516f-48c6-99cb-b79fc201f246,d4e956f7-9fad-4fd2-94e3-563a3b2c3585,a4ea5a7a-d7f0-11ef-a75a-0275dc2ded29,1,88bea2fa-42c8-4be3-9332-feb52f3d3395,"{""en"": {""value"": ""Poppy oil (Schmincke 50 016)"", ""direction"": ""ltr""}}",[],[],daf79415-c5bb-4b0d-b01c-0eaf170da5e8,"{""en"": {""value"": ""Linseed oil (Kremer 7325)"", ""direction"": ""ltr""}}",[],[],,,,,,,,,,,,,,,,,,,,,,,,
24b14b9d-6602-4e6f-b352-62b130d40ab1,d4e956f7-9fad-4fd2-94e3-563a3b2c3585,a4ea5a7a-d7f0-11ef-a75a-0275dc2ded29,1,ebc0a1f8-e851-4b58-84c0-40ed8a1b43b4,"{""en"": {""value"": ""Poppy oil (Schmincke 50 016)"", ""direction"": ""ltr""}}",[],[],074e7f03-26fc-42cb-85dc-51084f33b3b0,"{""en"": {""value"": ""Linseed oil (Kremer 7325)"", ""direction"": ""ltr""}}",[],[],,,,,,,,,,,,,,,,,,,,,,,,
5e50ff84-769b-4b25-bcc2-41ca5a24c833,d4e956f7-9fad-4fd2-94e3-563a3b2c3585,a4ea5a7a-d7f0-11ef-a75a-0275dc2ded29,1,5f610d43-4688-4930-80e0-1817f2398575,"{""en"": {""value"": ""Poppy oil (Schmincke 50 016)"", ""direction"": ""ltr""}}",[],[],7b9a6d2f-459e-426f-b436-5cc51fd5ff01,"{""en"": {""value"": ""Linseed oil (Kremer 7325)"", ""direction"": ""ltr""}}",[],[],,,,,,,,,,,,,,,,,,,,,,,,
709114e2-c71c-4f9f-8516-5dbd3a7cb464,d4e956f7-9fad-4fd2-94e3-563a3b2c3585,a4ea5a7a-d7f0-11ef-a75a-0275dc2ded29,1,567f0e8a-d9e8-426b-b113-21e2651fa726,"{""en"": {""value"": ""Poppy oil (Schmincke 50 016)"", ""direction"": ""ltr""}}",[],[],fcecc591-81ca-4ed2-a6f8-216a6c6949c0,"{""en"": {""value"": ""Linseed oil (Kremer 7325)"", ""direction"": ""ltr""}}",[],[],,,,,,,,,,,,,,,,,,,,,,,,
8469cb55-5fa6-4b72-a160-30557eb20872,d4e956f7-9fad-4fd2-94e3-563a3b2c3585,a4ea5a7a-d7f0-11ef-a75a-0275dc2ded29,1,52bbb9a7-ba7b-4ff9-b480-96d4e6f4fba0,"{""en"": {""value"": ""Poppy oil (Schmincke 50 016)"", ""direction"": ""ltr""}}",[],[],4eff142d-9403-4ee7-b58f-7d2c8efa302a,"{""en"": {""value"": ""Linseed oil (Kremer 7325)"", ""direction"": ""ltr""}}",[],[],,,,,,,,,,,,,,,,,,,,,,,,
5cb69b1d-af55-494c-b8fb-8791a1107494,d4e956f7-9fad-4fd2-94e3-563a3b2c3585,a4ea5a7a-d7f0-11ef-a75a-0275dc2ded29,1,281a1086-3a07-4412-a0be-6bf8eea83493,"{""en"": {""value"": ""Poppy oil (Schmincke 50 016)"", ""direction"": ""ltr""}}",[],[],ee0a2e24-aefc-4568-8967-dfcd1acd4399,"{""en"": {""value"": ""Linseed oil (Kremer 7325)"", ""direction"": ""ltr""}}",[],[],,,,,,,,,,,,,,,,,,,,,,,,
97d2c67c-aa1d-4d96-a25a-437e1f880f70,d4e956f7-9fad-4fd2-94e3-563a3b2c3585,a4ea5a7a-d7f0-11ef-a75a-0275dc2ded29,1,8c966109-6c35-4d0a-9d86-c8b66213ec1c,"{""en"": {""value"": ""Poppy oil (Schmincke 50 016)"", ""direction"": ""ltr""}}",[],[],a20e3369-c4af-4780-b9b7-71d2fef55ddc,"{""en"": {""value"": ""Linseed oil (Kremer 7325)"", ""direction"": ""ltr""}}",[],[],,,,,,,,,,,,,,,,,,,,,,,,
c98afb36-5f66-4d6a-a1b3-94fb1fcb01a6,d4e956f7-9fad-4fd2-94e3-563a3b2c3585,a4ea5a7a-d7f0-11ef-a75a-0275dc2ded29,1,b349974a-304a-4287-a6d5-308c5f46f807,"{""en"": {""value"": ""Poppy oil (Schmincke 50 016)"", ""direction"": ""ltr""}}",[],[],83c12534-ba02-464a-8000-200c0af04aa2,"{""en"": {""value"": ""Linseed oil (Kremer 7325)"", ""direction"": ""ltr""}}",[],[],,,,,,,,,,,,,,,,,,,,,,,,
b359e23d-e7d1-4b06-b288-cf758263438f,d4e956f7-9fad-4fd2-94e3-563a3b2c3585,a4ea5a7a-d7f0-11ef-a75a-0275dc2ded29,1,f2df05ce-7920-473e-ae47-30619c6ec911,"{""en"": {""value"": ""Poppy oil (Schmincke 50 016)"", ""direction"": ""ltr""}}",[],[],fd400d64-ed10-42ac-992b-c8754f1a864a,"{""en"": {""value"": ""Linseed oil (Kremer 7325)"", ""direction"": ""ltr""}}",[],[],,,,,,,,,,,,,,,,,,,,,,,,
a4496269-5bc6-40f2-baef-3c0f9bbd94ab,d4e956f7-9fad-4fd2-94e3-563a3b2c3585,a4ea5a7a-d7f0-11ef-a75a-0275dc2ded29,1,e388df68-f756-4995-8927-12e55404adbf,"{""en"": {""value"": ""Poppy oil (Schmincke 50 016)"", ""direction"": ""ltr""}}",[],[],84cf19f2-a133-46b3-82f6-bfff27787c12,"{""en"": {""value"": ""Linseed oil (Kremer 7325)"", ""direction"": ""ltr""}}",[],[],,,,,,,,,,,,,,,,,,,,,,,,
255b52e8-78f5-44e7-98b1-bc1c9518fa7a,d4e956f7-9fad-4fd2-94e3-563a3b2c3585,a4ea5a7a-d7f0-11ef-a75a-0275dc2ded29,1,099b7821-c627-4f20-a608-aae63d6ce625,"{""en"": {""value"": ""Poppy oil (Schmincke 50 016)"", ""direction"": ""ltr""}}",[],[],665a5ac1-c96b-42cd-95fa-4c9c3babc153,"{""en"": {""value"": ""Linseed oil (Kremer 7325)"", ""direction"": ""ltr""}}",[],[],,,,,,,,,,,,,,,,,,,,,,,,
9ec8954a-00c7-4492-8c76-836a1dacb252,d4e956f7-9fad-4fd2-94e3-563a3b2c3585,a4ea5a7a-d7f0-11ef-a75a-0275dc2ded29,1,2192c4f5-71ce-48f2-9f33-2da65fa471c6,"{""en"": {""value"": ""Poppy oil (Schmincke 50 016)"", ""direction"": ""ltr""}}",[],[],c1ca4260-3552-4dac-9291-fc6cbaa4c835,"{""en"": {""value"": ""Linseed oil (Kremer 7325)"", ""direction"": ""ltr""}}",[],[],,,,,,,,,,,,,,,,,,,,,,,,
c13dbb35-2e69-4a10-9859-e6c1208e00af,d4e956f7-9fad-4fd2-94e3-563a3b2c3585,a4ea5a7a-d7f0-11ef-a75a-0275dc2ded29,1,0a9ef215-e274-4c05-84de-94d50a6e64a1,"{""en"": {""value"": ""Beeswax"", ""direction"": ""ltr""}}",[],[],68a44987-3919-4e4e-8fc6-92090d8c449c,"{""en"": {""value"": ""Rectified spirits of turpentine"", ""direction"": ""ltr""}}",[],[],,,,,,,,,,,,,,,,,,,64a02146-5b29-4223-9a15-f65f73890fa6,[],9ba34ae4-d436-42f2-963e-d87fe959727d,"{""en"": {""value"": ""Raw linseed oil"", ""direction"": ""ltr""}}",[],[]
110af3ea-9e29-4ab6-8167-83ae8e3d3305,d4e956f7-9fad-4fd2-94e3-563a3b2c3585,a4ea5a7a-d7f0-11ef-a75a-0275dc2ded29,1,b76594ce-dd59-40ce-b4ff-74aa287dedea,"{""en"": {""value"": ""Paraffin wax"", ""direction"": ""ltr""}}",[],[],d72b6f83-78c0-483b-880a-1a3e0a2fba0f,"{""en"": {""value"": ""OIl of spike"", ""direction"": ""ltr""}}",[],[],,,,,,,,,,,,,,,,,,,ce551d4b-f5f9-4f90-b30a-ef2231964b72,[],7bfa83b3-48e8-484f-aa83-b2cef7c223fd,"{""en"": {""value"": ""Copal picture varnish"", ""direction"": ""ltr""}}",[],[]
14450e0e-659a-42f7-9cd8-963241914c5b,d4e956f7-9fad-4fd2-94e3-563a3b2c3585,a4ea5a7a-d7f0-11ef-a75a-0275dc2ded29,1,3af05410-6b75-448e-96c1-b8086643f2e4,"{""en"": {""value"": ""65% Rayon"", ""direction"": ""ltr""}}",[],[],f3a78b53-76d1-4a8a-83ef-cbf84c4e63f5,"{""en"": {""value"": ""35% Flax"", ""direction"": ""ltr""}}",[],[],,,,,,,,,,,,,,,,,,,,,,,,
523e0913-0fb7-49b4-a201-396a5802eab1,d4e956f7-9fad-4fd2-94e3-563a3b2c3585,a4ea5a7a-d7f0-11ef-a75a-0275dc2ded29,1,ffe63c9a-2143-4d80-abf9-90e428cd1b5d,"{""en"": {""value"": ""70% Cotton"", ""direction"": ""ltr""}}",[],[],2b5b9ba8-130f-4351-86ed-2067de51874c,"{""en"": {""value"": ""30% Linen"", ""direction"": ""ltr""}}",[],[],,,,,,,,,,,,,,,,,,,,,,,,
ef3deae5-008d-42e0-b842-977348fca822,d4e956f7-9fad-4fd2-94e3-563a3b2c3585,a4ea5a7a-d7f0-11ef-a75a-0275dc2ded29,1,2ccfdbc6-1b86-4071-a2a6-5de8403b074c,"{""en"": {""value"": ""80% Rayon"", ""direction"": ""ltr""}}",[],[],460cdaf0-e56b-4e5c-875b-d1f75185f38b,"{""en"": {""value"": ""20% Flax"", ""direction"": ""ltr""}}",[],[],,,,,,,,,,,,,,,,,,,,,,,,
b8f13993-ca2b-4e25-b52c-0108abfa2f77,d4e956f7-9fad-4fd2-94e3-563a3b2c3585,a4ea5a7a-d7f0-11ef-a75a-0275dc2ded29,1,330ad6fc-47e5-45e9-a823-2778b9fd305e,"{""en"": {""value"": ""50% Angora Rabbit"", ""direction"": ""ltr""}}",[],[],d90fe821-e5c4-4d1f-987b-f29a22e3c8bb,"{""en"": {""value"": ""50% Shetland Sheep Wool"", ""direction"": ""ltr""}}",[],[],,,,,,,,,,,,,,,,,,,,,,,,
04815497-6526-432f-ab8a-b8d17f0a1921,d4e956f7-9fad-4fd2-94e3-563a3b2c3585,a4ea5a7a-d7f0-11ef-a75a-0275dc2ded29,1,e89fa45d-f643-45d4-bd54-8a635870a765,"{""en"": {""value"": ""Lavender oil"", ""direction"": ""ltr""}}",[],[],1eb10c2d-6ccf-45a6-94e7-4cff34f88f04,"{""en"": {""value"": ""petroleum oil"", ""direction"": ""ltr""}}",[],[],,,,,,,,,,,,,,,,,,,,,,,,
