row,field_name,sample_uuid,SampRpt,report_uuid,SampID,SampBy,samp_by_edit 1,samp_by_edit 2,samp_by_edit 3,samp_by_edit 4,SampDate,SampDate_edtf,SampMaterial,SampType,FieldProj,Country,place_uuid,country_new_uuid,Site/Provenance,SubSite,SampLoc,SampDescript,StoreLoc
1,Field Sample 1,354acf14-7cdb-4132-8e28-20360e57a415,,,Orpheus_1988_01,GCI,Getty Conservation Institute,,,,1988,1988,tessera,,Mosaics,Cyprus,273313a0-f61a-4462-b7fd-8c11d43e9f90,,Paphos,House of Dionysus,"Room of Narcissus – fill up and frame area on east side, near SE corner","1 unaffected white tessera, approx.  12 x 8 x 8 mm.",1-6-E
2,Field Sample 2,637066df-3f97-4aee-a1fd-44388042e13a,"Eric Doehne. Electron microprobe p. 47, fig. 45 (Stanley-Price 1991)",58ab79d0-230e-4a99-b8c9-6c60c0244432,Orpheus_1988_02,GCI,Getty Conservation Institute,,,,1988,1988,tessera,,Orpheus,Cyprus,273313a0-f61a-4462-b7fd-8c11d43e9f90,,Paphos,House of Dionysus,"Room of Narcissus – fill up and frame area on east side, near SE corner","2 stained white tesserae, brown crust on tesserae surface, small fragmentary pieces.",1-6-E
3,Field Sample 3,420f9ab3-4ae6-4054-a603-b983530ba507,Eric Doehne. Electron microprobe p. 47 fig. 46  (Stanley-Price 1991),136c94fa-6366-4a18-87c1-49834e8b2d71,Orpheus_1988_03,GCI,Getty Conservation Institute,,,,1988,1988,tessera,,Orpheus,Cyprus,273313a0-f61a-4462-b7fd-8c11d43e9f90,,Paphos,House of Dionysus,Hunting scene in south portico above deer,1 white tesserae with white salts.  approx. 10 x 10 x 10 mm.,1-6-E
4,Field Sample 4,7ac1a05c-34fc-4084-970a-9964bb2969ad,"Eric Doehne. Electron microprobe p. 47, fig. 47.  (Stanley-Price 1991)",9c33eb77-ea73-4b22-ae42-420972bdbb04,Orpheus_1988_04,GCI,Getty Conservation Institute,,,,1988,1988,tessera,,Orpheus,Cyprus,273313a0-f61a-4462-b7fd-8c11d43e9f90,,Paphos,House of Dionysus,Hunting scene in south portico above and to the right of deer,"2 stained white tesserae, (treated area) approx. 15 x 15 x 10 mm.",1-6-E
5,Field Sample 5,2c72cb1d-dce3-451e-998f-938d3f32e583,,,Orpheus_1988_05,GCI,Getty Conservation Institute,,,,1988,1988,tessera,,Orpheus,Cyprus,273313a0-f61a-4462-b7fd-8c11d43e9f90,,Paphos,House of Dionysus,Hunting scene in south portico above and to the right of deer,"2 untreated white tesserae with stains, stain forms distinct brown crust on surface.  Approx. 20 x 10 x 5 mm",1-6-E
6,Field Sample 6,8070d9ca-37f7-4bd4-8159-785c51151be8,,,Orpheus_1988_06,GCI,Getty Conservation Institute,,,,1988,1988,tessera,,Orpheus,Cyprus,273313a0-f61a-4462-b7fd-8c11d43e9f90,,Paphos,House of Dionysus,Hunting scene in south portico above deer,"1 unaffected white tessera, (treated area) Approx. 20 x 15 x 10 mm.",1-6-E
7,Field Sample 7,565cdf39-2d56-4de9-99dc-6baaac6535ec,"Eric Doehne. Electron microprobe p. 47, fig. 48  (Stanley-Price 1991)",493d7f6d-7722-4acc-a80e-267d5701b381,Orpheus_1988_07,GCI,Getty Conservation Institute,,,,1988,1988,tessera,,Orpheus,Cyprus,273313a0-f61a-4462-b7fd-8c11d43e9f90,,Paphos,House of Dionysus,Geometric mosaic with circles – west side,"2 untreated white tesserae unaffected, Approx. 5 x 5 x 5 mm.  White mortar attached to tesserae.",1-6-E
8,Field Sample 8,42e58f4f-22fd-4575-ba98-016d82de2fd6,,,Orpheus_1988_08,GCI,Getty Conservation Institute,,,,1988,1988,tessera,,Orpheus,Cyprus,273313a0-f61a-4462-b7fd-8c11d43e9f90,,Paphos,House of Dionysus,Geometric mosaic with circles – west side,"2 stained white tesserae, approx. 5 x 5 x 10 mm, some conservation material on the surface?",1-6-E
9,Field Sample 9,278be798-c043-4692-bb2c-83ee16a5d69f,,,Orpheus_1988_09,GCI,Getty Conservation Institute,,,,1988,1988,tessera,,Orpheus,Cyprus,273313a0-f61a-4462-b7fd-8c11d43e9f90,,Paphos,House of Dionysus,Geometric mosaic with circles – central area,2 unaffected white tesserae Approx. 10 x 10 x 5 mm,1-6-E
10,Field Sample 10,e2d8ded7-d2ca-400f-9f8b-ca4b2874f9ad,,,Orpheus_1988_10,GCI,Getty Conservation Institute,,,,1988,1988,tessera,,Orpheus,Cyprus,273313a0-f61a-4462-b7fd-8c11d43e9f90,,Paphos,House of Dionysus,Geometric mosaic with circles – west end,"2 yellowed tesserae.  Approx. 5 x 5 x10 mm, pink mortar attached to tesserae.",1-6-E
11,Field Sample 11,f5245303-a05e-4431-b6fb-5d7f7d5f0f8a,,,Orpheus_1988_11,GCI,Getty Conservation Institute,,,,1988,1988,tessera,,Orpheus,Cyprus,273313a0-f61a-4462-b7fd-8c11d43e9f90,,Paphos,House of Dionysus,Geometric mosaic with circles – west end,"2 tesserae with brown stains – crust. 10 x 10 x 5 mm, white tesserae with stain.",1-6-E
12,Field Sample 12,95bbe956-66b7-4d97-a5b0-48aae1e3d261,,,Orpheus_1988_12,GCI,Getty Conservation Institute,,,,1988,1988,tessera,,Orpheus,Cyprus,273313a0-f61a-4462-b7fd-8c11d43e9f90,,Paphos,House of Dionysus,Geometric mosaic with circles – east end,2 tesserae with flaking surface 10 x 10 x 5 mm.,1-6-E
13,Field Sample 13,53182dbf-445a-481f-a7b6-04fa1d5f30e0,,,Orpheus_1988_13,GCI,Getty Conservation Institute,,,,1988,1988,tessera,,Orpheus,Cyprus,273313a0-f61a-4462-b7fd-8c11d43e9f90,,Paphos,House of Dionysus,Geometric mosaic with circles – east end,"2 white tesserae.  Approx. 10 x 10 x 10 mm, some mortar around the tesserae.",1-6-E
14,Field Sample 14,ef3aa3e7-5898-4849-9fd0-2b78658319a9,,,Orpheus_1988_14,GCI,Getty Conservation Institute,,,,1988,1988,tessera,,Orpheus,Cyprus,273313a0-f61a-4462-b7fd-8c11d43e9f90,,Paphos,House of Dionysus,Geometric mosaic with circles – east end,3 stained white tesserae. Approx. 5 x 5 x 10 mm,1-6-E
15,Field Sample 15,d7b16cdb-4477-4e27-af0e-957ee7f3c228,,,Orpheus_1988_15,GCI,Getty Conservation Institute,,,,1988,1988,tessera,,Orpheus,Cyprus,273313a0-f61a-4462-b7fd-8c11d43e9f90,,Paphos,House of Orpheus,"Herakles mosaic – geometric frame, west",2 grey-stained white tesserae. Approx. 10 x 10 x 15 mm.,1-6-E
16,Field Sample 16,3bc2bed6-5df6-4a9d-98c0-e44eb98387e7,,,Orpheus_1988_16,GCI,Getty Conservation Institute,,,,1988,1988,tessera,,Orpheus,Cyprus,273313a0-f61a-4462-b7fd-8c11d43e9f90,,Paphos,House of Orpheus,"Herakles mosaic – geometric frame, south end",1 white unaffected tessera.  Small tessera 5 x 10 x 5 mm.,1-6-E
17,Field Sample 17,2a076a61-bb44-437c-8588-b1eb543f900d,,,Orpheus_1988_17,GCI,Getty Conservation Institute,,,,1988,1988,tessera,,Orpheus,Cyprus,273313a0-f61a-4462-b7fd-8c11d43e9f90,,Paphos,House of Orpheus,Herakles mosaic – geometric frame area between Herakles and Amazon panels,2 yellowed tesserae from area treated in 1984.   Approx. 10 x 10 x 5 mm with mortar surrounding.,1-6-E
18,Field Sample 18,392ccae9-4952-4a44-8380-259186d700d0,,,Orpheus_1988_18,GCI,Getty Conservation Institute,,,,1988,1988,tessera,,Orpheus,Cyprus,273313a0-f61a-4462-b7fd-8c11d43e9f90,,Paphos,House of Theseus,"Achilles Room – Geometric frame on east, from untreated part of floor","2 white tesserae, untreated and unaffected.  Approx. 15 x 20 x 10 mm, conservation material on top surface? (More saturated).",1-6-E
19,Field Sample 19,00942612-e629-45a8-9114-5187966a45f6,"Eric Doehne. Electron microprobe p.48 fig. 49, 50. SEM-EDX (spectrum), p. 52, fig. 66, 67 (Stanley-Price 1991).",12b6bd18-009f-4cc8-9d68-a2deaffa376d,Orpheus_1988_19,GCI,Getty Conservation Institute,,,,1988,1988,tessera,,Orpheus,Cyprus,273313a0-f61a-4462-b7fd-8c11d43e9f90,,Paphos,House of Theseus,"Achilles Room – Geometric frame on east, from area that was lifted and relaid under shelter.","2 white tesserae that are stained (relaid area).  Approx. 10 x 20 x 20 mm, conservation material on top surface? (More saturated).",1-6-E
20,Field Sample 20,84a3e9c8-5d44-42bd-b104-25bd39bffc15,,,Orpheus_1988_20,GCI,Getty Conservation Institute,,,,1988,1988,tessera,,Orpheus,Cyprus,273313a0-f61a-4462-b7fd-8c11d43e9f90,,Paphos,House of Theseus,"Achilles Room – Geometric frame on east, from area lifted and reset in open air","2 white tesserae apparently unaffected from relaying.  One piece 15 x 15 x 15 mm, the other is half this size.",1-6-E
21,Field Sample 21,842d93ae-331e-4506-9c58-bdeb091fa5b4,"Eric Doehne. Electron microprobe p. 48 fig. 51; p. 49, fig. 53, 54, 56; SEM-EDX (micrograph) p. 48, fig. 52, p. 49, fig. 55 (Stanley-Price 1991).",73777da6-8bcf-4534-99cc-e7e3fae91dd1,Orpheus_1988_21,GCI,Getty Conservation Institute,,,,1988,1988,tessera,,Orpheus,Cyprus,273313a0-f61a-4462-b7fd-8c11d43e9f90,,Paphos,House of Theseus,"Achilles Room – Geometric frame on east, from untreated area under cover","2 black tesserae, untreated and salt encrusted.  20 x 20 x 5 mm, some mortar on the side of the tesserae and fine white material (salt?) on the surface of one tesserae.",1-6-E
22,Field Sample 22,357cb271-c502-41a3-8ea5-117b6050eb63,,,Orpheus_1988_22,GCI,Getty Conservation Institute,,,,1988,1988,tessera,,Orpheus,Cyprus,273313a0-f61a-4462-b7fd-8c11d43e9f90,,Paphos,House of Teseus,"Achilles Room – Geometric frame on east, from untreated part","2 black tesserae, untreated and apparently unaffected by relaying.  No mortar surrounding the tesserae.  Approx. 15 x 20 x 10 mm.",1-6-E
23,Field Sample 23,d65d3eda-0fb2-4534-a58f-379f739fd265,Eric Doehne. Electron microprobe p. 50 fig. 57. SEM-EDX (spectrum) p. 53 fig. 68 (Stanley-Price 1991).,13c88094-b958-47bd-8bb2-27afedc5781a,Orpheus_1988_23,GCI,Getty Conservation Institute,,,,1988,1988,tessera,,Orpheus,Cyprus,273313a0-f61a-4462-b7fd-8c11d43e9f90,,Paphos,House of Theseus,"Achilles Room – Geometric frame on east, from part lifted and relaid under cover.","2 black tesserae, apparently unaffected by relaying, each approx. 10 x 15 x 15 m.",1-6-E
24,Field Sample 24,065e5a18-8501-4ad1-8a0b-94e388b1322a,,,Orpheus_1988_24,GCI,Getty Conservation Institute,,,,1988,1988,tessera,,Orpheus,Cyprus,273313a0-f61a-4462-b7fd-8c11d43e9f90,,Paphos,Mosaic east of House of Theseus,"Geometric frame on east, from part that was lifted and relaid under cover","2 black tesserae with some staining (relaid area) each approx. 15 x 15 x 15 mm, mortar surrounds the tesserae.",1-6-E
25,Field Sample 25,c3de576a-59e9-4d69-ab37-c062ff319b2d,,,Orpheus_1988_25,GCI,Getty Conservation Institute,,,,1988,1988,tessera,,Orpheus,Cyprus,273313a0-f61a-4462-b7fd-8c11d43e9f90,,Paphos,House of Dionysus,Circular mosaic to the east,"Problematic (flaking) white tesserae, 3 pieces of cream tesserae.",1-6-E
26,Field Sample 26,df671a6b-2f57-4fe4-8485-b833d82488c3,"Eric Doehne. Electron microprobe p. 50 fig. 58, SEM-EDX (spectrum) p. 53 fig. 69 (Stanley-Price 1991).",a2c3636f-d8b5-4779-a799-435a169a06ea,Orpheus_1988_26,GCI (Demetrios Michaelides),Getty Conservation Institute,Demetrios Michaelides,,,1988,1988,tessera,,Orpheus,Cyprus,273313a0-f61a-4462-b7fd-8c11d43e9f90,,Paphos,House of Dionysus,Vintage mosaic,"Two greenish black tesserae, each approx. 15 x 8 x 5 mm",1-6-E
27,Field Sample 27,f2a9bbb8-638b-4894-a306-78b33a64628b,"Eric Doehne. Electron microprobe p. 50 fig. 60; SEM-EDX (spectrum) p. 53, fig. 70 (Stanley-Price 1991).",1a39e92b-2df9-41b3-905c-2dfbe9baedad,Orpheus_1988_27,GCI (Demetrios Michaelides),Getty Conservation Institute,Demetrios Michaelides,,,6/1/1988,1988-06-01,tessera,,Orpheus,Cyprus,273313a0-f61a-4462-b7fd-8c11d43e9f90,,Paphos,Chryso-politissa,Unknown,1 white tesserae (taken for study collection) Size 10 x 15 x 15 mm Conservation material on top surface? (More saturated).,1-6-E
28,Field Sample 28,b49a2b3c-6ce5-4fe2-9e7b-1679b0dc061a,"Eric Doehne. Electron microprobe p. 51 fig. 61, 62 (Stanley-Price 1991).",15556f2e-fe1f-4652-964f-8d5754eedf84,Orpheus_1988_28,GCI (Demetrios Michaelides),Getty Conservation Institute,Demetrios Michaelides,,,6/1/1988,1988-06-01,tessera,,Orpheus,Cyprus,273313a0-f61a-4462-b7fd-8c11d43e9f90,,Paphos,Chryso-politissa,Unknown,1 grey tesserae (taken for study collection) Size 10 x 15 x 15 mm. Conservation material on top surface? (More saturated).,1-6-E
29,Field Sample 29,aa56e1bf-e8ac-4d07-9b11-c6a53528c5f8,Eric Doehne. Electron microprobe p. 51 fig. 63 (Stanley-Price 1991).,23667b3f-ddf9-450d-94a5-f2967e5d7cc4,Orpheus_1988_29,GCI (Demetrios Michaelides),Getty Conservation Institute,Demetrios Michaelides,,,6/1/1988,1988-06-01,tessera,,Orpheus,Cyprus,273313a0-f61a-4462-b7fd-8c11d43e9f90,,Paphos,Chryso-politissa,Unknown,1 reddish brown (taken for study collection) Size 12 x12 x 20 mm. Conservation material on top surface? (More saturated).,1-6-E
30,Field Sample 30,53c42b5b-82fe-49e2-99f0-f1d04c37e25e,Eric Doehne. Electron microprobe p. 51 fig. 64 (Stanley-Price 1991).,1a7c9ca7-9a71-49a6-a78c-8b7bef7e67a1,Orpheus_1988_30,GCI (Demetrios Michaelides),Getty Conservation Institute,Demetrios Michaelides,,,6/1/1988,1988-06-01,tessera,,Orpheus,Cyprus,273313a0-f61a-4462-b7fd-8c11d43e9f90,,Paphos,Chryso-politissa,Unknown,1 brown (taken for study collection). Size 10 x 10 x 10 mm  Conservation material on top surface?  (More saturated). Colour is very similar to pink samples.,1-6-E
31,Field Sample 31,a18692dc-5d8d-46b6-9da6-a9d93b22512d,Eric Doehne. Electron microprobe p. 52 fig. 65 (Stanley-Price 1991).,40d1a385-327a-440b-8f42-904642bbdca0,Orpheus_1988_31,GCI (Demetrios Michaelides),Getty Conservation Institute,Demetrios Michaelides,,,6/1/1988,1988-06-01,tessera,,Orpheus,Cyprus,273313a0-f61a-4462-b7fd-8c11d43e9f90,,Paphos,Chryso-politissa,Unknown,1 dark pink (taken for study collection) Size 12 x 12 x 15 mm. Conservation material on top surface?  (More saturated).,1-6-E
32,Field Sample 32,f8b563ca-d544-4a64-b79b-e1d8c0503234,,,Orpheus_1988_32,GCI (Demetrios Michaelides),Getty Conservation Institute,Demetrios Michaelides,,,6/1/1988,1988-06-01,tessera,,Orpheus,Cyprus,273313a0-f61a-4462-b7fd-8c11d43e9f90,,Paphos,Chryso-politissa,Unknown,1 light pink (taken for study collection). Size 10 x 15 x 15 mm.  Conservation material on top surface?  (More saturated).,1-6-E
33,Field Sample 33,1e90ccdc-dc83-4f7c-95e1-a02b8cfc0d88,,,Orpheus_1988_33,GCI,Getty Conservation Institute,,,,1988,1988,salt,,Orpheus,Cyprus,273313a0-f61a-4462-b7fd-8c11d43e9f90,,Paphos,No record,No record,,1-6-E
34,Field Sample 34,a3b23b37-ae03-4ebf-857e-459b977ef314,,,Orpheus_1988_34,GCI,Getty Conservation Institute,,,,1988,1988,plaster,,Orpheus,Cyprus,273313a0-f61a-4462-b7fd-8c11d43e9f90,,Paphos,No record,“just under the mosaics”,,1-6-E
35,Field Sample 35,13ca965f-2965-4de5-add1-3b60b20fdcbf,,,Orpheus_1988_35,Claire Dean,Claire Dean,,,,7/19/1989,1989-07-19,relaying adhesive,,Orpheus,Cyprus,273313a0-f61a-4462-b7fd-8c11d43e9f90,,Paphos,n/a,n/a,"Adhesive used in relaying Orpheus mosaic. Resin from Ciba Geigy, (LY560 with hardener HY560, 5:1). Sample from Claire Dean via NSP.",1-6-E
36,Field Sample 36,b8d42178-9f71-423f-8928-aa4f5a09ca14,,,Orpheus_1988_36,Claire Dean,Claire Dean,,,,7/19/1989,1989-07-19,support,,Orpheus,Cyprus,273313a0-f61a-4462-b7fd-8c11d43e9f90,,Paphos,n/a,n/a,Aluminum T-bar beam - support for Orpheus mosaic from Claire Dean via NSP,1-6-E
37,Field Sample 37,406d25f1-74d4-46b6-a260-3d37ee299251,,,Orpheus_1988_37,Claire Dean,Claire Dean,,,,7/19/1989,1989-07-19,support,,Orpheus,Cyprus,273313a0-f61a-4462-b7fd-8c11d43e9f90,,Paphos,n/a,n/a,Aerolam panel - Support for Orpheus mosaic - from Claire Dean via NSP,1-6-E
38,Field Sample 38,3e150512-a666-460c-be2f-a39b6bcbc9ff,,,Orpheus_2004_41,"Martha Demas, Neville Agnew",Martha Demas,Neville Agnew,,,9/5/2004,2004-09-05,granular material,,Orpheus,Cyprus,273313a0-f61a-4462-b7fd-8c11d43e9f90,,Paphos,House of Orpheus,"Orpheus mosaic South wall, east section, south face, from area of basal erosion","Granular material, cream coloured.  Taken from area containing salts ~ 50 g.",1-6-E
39,Field Sample 39,b1fb4668-b156-4a31-86ae-e6904320ab33,,,Orpheus_2004_42,"Martha Demas, Neville Agnew",Martha Demas,Neville Agnew,,,9/6/2004,2004-09-06,tessera,,Orpheus,Cyprus,273313a0-f61a-4462-b7fd-8c11d43e9f90,,Paphos,House of Orpheus,"Amazon and Heracles mosaic Red tesserae south of Heracles panel, in lunette. (East end of the mosaic that was not relaid)",Flakes of dark red tesserae,1-6-E
40,Field Sample 40,0ff3c981-7c65-416f-8248-603ad5ea92e8,,,Orpheus_2004_44,"Martha Demas, Neville Agnew",Martha Demas,Neville Agnew,,,9/7/2004,2004-09-07,relaying adhesive,,Orpheus,Cyprus,273313a0-f61a-4462-b7fd-8c11d43e9f90,,Paphos,House of Orpheus,Orpheus mosaic Below support panel,,1-6-E
41,Field Sample 41,f45b824e-355c-4498-9d34-6dbaf11b0c2b,,,Orpheus_2004_45,"Martha Demas, Neville Agnew",Martha Demas,Neville Agnew,,,9/7/2004,2004-09-07,tessera,,Orpheus,Cyprus,273313a0-f61a-4462-b7fd-8c11d43e9f90,,Paphos,House of Orpheus,"Amazon and Heracles mosaic Grey-blue element of geometric design south of Heracles panel, near lunette with red tesserae in the East end of the mosaic that was not relaid.",Grey blue flakes of tesserae,1-6-E
42,Field Sample 42,cda8d819-1128-4391-be0f-6581119f5b4c,,,Orpheus_2004_47,Tom Roby,Thomas Roby,,,,9/9/2004,2004-09-09,bedding mortar,,Orpheus,Cyprus,273313a0-f61a-4462-b7fd-8c11d43e9f90,,Paphos,House of Orpheus,Amazon and Heracles mosaic SE corner,"Bedding mortar, 2 pieces, approx. 20 x 20 x 5 mm.  Mortar consists of white (cement based?) matrix with large (5 mm) black/grey aggregates and finer particles.",1-6-E
43,Field Sample 43,c120d4b4-e1ec-45db-8409-578ccfb60060,,,Orpheus_2004_48,"Martha Demas, Neville Agnew",Martha Demas,Neville Agnew,,,9/10/2004,2004-09-10,bedding stratigraphy,,Orpheus,Cyprus,273313a0-f61a-4462-b7fd-8c11d43e9f90,,Paphos,House of Orpheus,Orpheus mosaic Square C6,"Bedding stratigraphy (epoxy/fibreglass layers, bedding mortar) approx. 1 x 1 x 1 mm. Stratigraphy: thin yellow layer with air bubbles at bottom (1 mm), white layer (5 mm), grey material with red (brick) pieces (incomplete layer). (Bedding material consists of white cement; marble powder; brick dust; pozzolana, Lafarge hydraulic lime 5:2:1:1:1).",1-6-E
44,Field Sample 44,75137ff0-7f07-46b0-9cfa-dd5a89a5cf45,,,Orpheus_2004_49,Tom Roby,Thomas Roby,,,,9/10/2004,2004-09-10,fill,,Orpheus,Cyprus,273313a0-f61a-4462-b7fd-8c11d43e9f90,,Paphos,House of Orpheus,Orpheus mosaic Square A1,"Two pieces of exterior fill, each approx. 15 x 15 mm.  Fill material is cream coloured with small black particles visible, the top surface of fill material is caramel coloured.",1-6-E
45,Field Sample 45,9a35c36d-aa69-4b45-8c2e-6ee2de94cfdb,,,Orpheus_2004_50,Tom Roby,Thomas Roby,,,,9/11/2004,2004-09-11,tessera,,Orpheus,Cyprus,273313a0-f61a-4462-b7fd-8c11d43e9f90,,Paphos,House of Orpheus,Amazon and Heracles mosaic East end (part not lifted and re-laid),"Surface flakes of tesserae (dark red, grey and pink).",1-6-E
46,Field Sample 46,b090b0b4-f3c4-45f1-b5c5-852ee5fd61c9,See also handwritten notes in storage location,5bfdf0b9-587d-4302-bcb7-63550cdb658e,B S1,Dulce Maria Grimaldi,Dulce Maria Grimaldi,,,,20080522,2008-05-22,Wall painting,,Cholula,Mexico,f4c44e22-201b-45c9-9f0b-0c4d9c3acdb9,,"Cholula, Puebla",Bebedores,Tunnel 5,Substrate without paint,1-6-F
47,Field Sample 47,aff41372-5318-47bd-a158-defb458016d2,See also handwritten notes in storage location,5bfdf0b9-587d-4302-bcb7-63550cdb658e,B2 S1,Dulce Maria Grimaldi,Dulce Maria Grimaldi,,,,,,Wall painting,Cross-section,Cholula,Mexico,f4c44e22-201b-45c9-9f0b-0c4d9c3acdb9,,"Cholula, Puebla",Bebedores,,Red pigment and earthen substrate,1-6-F
48,Field Sample 48,f2604bb6-7a7f-4c36-9ef4-323c8674d3ec,See also handwritten notes in storage location,5bfdf0b9-587d-4302-bcb7-63550cdb658e,B2 S2,Dulce Maria Grimaldi,Dulce Maria Grimaldi,,,,20080522,2008-05-22,Wall painting,Cross-section,Cholula,Mexico,f4c44e22-201b-45c9-9f0b-0c4d9c3acdb9,,"Cholula, Puebla",Bebedores,,Edging material adjacent to S1. Red color revealed beneath it.,1-6-F
49,Field Sample 49,cda1aca4-71f4-4732-9579-f4865b34e627,See also handwritten notes in storage location,5bfdf0b9-587d-4302-bcb7-63550cdb658e,B2 S3,Dulce Maria Grimaldi,Dulce Maria Grimaldi,,,,,,Wall painting,Cross-section,Cholula,Mexico,f4c44e22-201b-45c9-9f0b-0c4d9c3acdb9,,"Cholula, Puebla",Bebedores,,"Type 1  flake (large, flat, rigid) from disaggregated, salty lower area with active flaking",1-6-F
50,Field Sample 50,99bed6cd-efce-4f08-aa5a-36d5f49ab549,See also handwritten notes in storage location,5bfdf0b9-587d-4302-bcb7-63550cdb658e,B2 S4,Dulce Maria Grimaldi,Dulce Maria Grimaldi,,,,20080522,2008-05-22,Wall painting,,Cholula,Mexico,f4c44e22-201b-45c9-9f0b-0c4d9c3acdb9,,"Cholula, Puebla",Bebedores,,"Type II flake (small, curled)",1-6-F
51,Field Sample 51,4e881750-6263-409c-84f7-8d9079a2ad02,See also handwritten notes in storage location,5bfdf0b9-587d-4302-bcb7-63550cdb658e,B2 S5,Dulce Maria Grimaldi,Dulce Maria Grimaldi,,,,20080522,2008-05-22,Wall painting,,Cholula,Mexico,f4c44e22-201b-45c9-9f0b-0c4d9c3acdb9,,"Cholula, Puebla",Bebedores,,Rough fill material,1-6-F
52,Field Sample 52,5ffaf406-bf09-458e-9f27-c850c091a1ad,See also handwritten notes in storage location,5bfdf0b9-587d-4302-bcb7-63550cdb658e,B2 S6,Dulce Maria Grimaldi,Dulce Maria Grimaldi,,,,20080522,2008-05-22,Wall painting,,Cholula,Mexico,f4c44e22-201b-45c9-9f0b-0c4d9c3acdb9,,"Cholula, Puebla",Bebedores,,Scraping of original render layer from join between top of the painting and the ledge. Should only contain earth.,1-6-F
53,Field Sample 53,0b326013-4499-4b5c-8ff3-bf3900811ebb,See also handwritten notes in storage location,5bfdf0b9-587d-4302-bcb7-63550cdb658e,B3 S1,Dulce Maria Grimaldi,Dulce Maria Grimaldi,,,,,,Wall painting,Cross-section,Cholula,Mexico,f4c44e22-201b-45c9-9f0b-0c4d9c3acdb9,,"Cholula, Puebla",Bebedores,,"Flexible materials on the surface of painting. Appears to be a coating layer. Brownish yellowish in color and non-penetrating. Under UV vis, shows green fluorescence",1-6-F
54,Field Sample 54,fb5c62a9-6228-4d47-b582-2f6a97b62028,See also handwritten notes in storage location,5bfdf0b9-587d-4302-bcb7-63550cdb658e,B3 S2,Dulce Maria Grimaldi,Dulce Maria Grimaldi,,,,,,Wall painting,Cross-section,Cholula,Mexico,f4c44e22-201b-45c9-9f0b-0c4d9c3acdb9,,"Cholula, Puebla",Bebedores,,Smooth fill from upper edge of painting. Upper and lower render layers (fine and rough) from corners of the window in salty area where pigment has been post and redner is exposed.,1-6-F
55,Field Sample 55,cbd9f750-d9d0-4132-b858-039f6f179ba9,See also handwritten notes in storage location,5bfdf0b9-587d-4302-bcb7-63550cdb658e,B4 S1,Dulce Maria Grimaldi,Dulce Maria Grimaldi,,,,,,Wall painting,Cross-section,Cholula,Mexico,f4c44e22-201b-45c9-9f0b-0c4d9c3acdb9,,"Cholula, Puebla",Bebedores,,Red pigment and substrate from area heavily coated in polymer,1-6-F
56,Field Sample 56,08b339e7-f031-4221-a32d-6a47077d0d43,See also handwritten notes in storage location,5bfdf0b9-587d-4302-bcb7-63550cdb658e,B5 S1,Dulce Maria Grimaldi,Dulce Maria Grimaldi,,,,,,Wall painting,,Cholula,Mexico,f4c44e22-201b-45c9-9f0b-0c4d9c3acdb9,,"Cholula, Puebla",Bebedores,,Fill material,1-6-F
57,Field Sample 57,de8c8331-3b23-4109-8ec6-40e4999f264e,See also handwritten notes in storage location,5bfdf0b9-587d-4302-bcb7-63550cdb658e,B6,Dulce Maria Grimaldi,Dulce Maria Grimaldi,,,,20080522,2008-05-22,Wall painting,,Cholula,Mexico,f4c44e22-201b-45c9-9f0b-0c4d9c3acdb9,,"Cholula, Puebla",Bebedores,,Fill material,1-6-F
58,Field Sample 58,e21e735d-71e7-4c7f-a460-187d2c2c4c17,See also handwritten notes in storage location,5bfdf0b9-587d-4302-bcb7-63550cdb658e,B6 S1,Dulce Maria Grimaldi,Dulce Maria Grimaldi,,,,,,Wall painting,,Cholula,Mexico,f4c44e22-201b-45c9-9f0b-0c4d9c3acdb9,,"Cholula, Puebla",Bebedores,,,1-6-F
59,Field Sample 59,32ef1e35-ffc3-4859-b01f-a9c662e7df14,See also handwritten notes in storage location,5bfdf0b9-587d-4302-bcb7-63550cdb658e,C1 S1,Dulce Maria Grimaldi,Dulce Maria Grimaldi,,,,,,Wall painting,,Cholula,Mexico,f4c44e22-201b-45c9-9f0b-0c4d9c3acdb9,,"Cholula, Puebla",Chapulines,,Fill material 1. This type of fill material is grayih and very hard. On top of it is water droplets. Fill is from before 1958 (could be 1940's). Some of these fills have line etched around perimeter and whitish veil on the perimeter fill.,1-6-F
60,Field Sample 60,c45f4568-fc82-4f99-8023-921d3e3253c1,See also handwritten notes in storage location,5bfdf0b9-587d-4302-bcb7-63550cdb658e,C1 S2,Dulce Maria Grimaldi,Dulce Maria Grimaldi,,,,,,Wall painting,,Cholula,Mexico,f4c44e22-201b-45c9-9f0b-0c4d9c3acdb9,,"Cholula, Puebla",Chapulines,,"Fill material 2. This type of fill is grayish, very hard, and plastic appearance like PVA. Dated Feb. 1958 in inscription.",1-6-F
61,Field Sample 61,1afdd71f-0769-4ef8-93b2-3f0225f4fdfd,See also handwritten notes in storage location,5bfdf0b9-587d-4302-bcb7-63550cdb658e,C1 S3,Dulce Maria Grimaldi,Dulce Maria Grimaldi,,,,,,Wall painting,,Cholula,Mexico,f4c44e22-201b-45c9-9f0b-0c4d9c3acdb9,,"Cholula, Puebla",Chapulines,,"Fill material 2. is soft, white, and not shiny. May be lime and sand. Only occassionally found. Inscribed DR 4-11-72",1-6-F
62,Field Sample 62,d8d51297-e464-4dbe-bfd6-48f6bebc8649,See also handwritten notes in storage location,5bfdf0b9-587d-4302-bcb7-63550cdb658e,C1 S4,Dulce Maria Grimaldi,Dulce Maria Grimaldi,,,,,,Wall painting,Cross-section,Cholula,Mexico,f4c44e22-201b-45c9-9f0b-0c4d9c3acdb9,,"Cholula, Puebla",Chapulines,,White matter on exposed substrate. No surviving paint layer taken from the loss in the eye of the figure.,1-6-F
63,Field Sample 63,b4e8a846-5aac-49ed-a83b-cf3f5c5ac184,See also handwritten notes in storage location,5bfdf0b9-587d-4302-bcb7-63550cdb658e,C1 S5,Dulce Maria Grimaldi,Dulce Maria Grimaldi,,,,,,Wall painting,Cross-section,Cholula,Mexico,f4c44e22-201b-45c9-9f0b-0c4d9c3acdb9,,"Cholula, Puebla",Chapulines,,White material on top of red pigment and substrate,1-6-F
64,Field Sample 64,0aac8f91-4c3c-4de1-801c-fb876b9d9a52,See also handwritten notes in storage location,5bfdf0b9-587d-4302-bcb7-63550cdb658e,C2 S,Dulce Maria Grimaldi,Dulce Maria Grimaldi,,,,,,Wall painting,,Cholula,Mexico,f4c44e22-201b-45c9-9f0b-0c4d9c3acdb9,,"Cholula, Puebla",Chapulines,,,1-6-F
65,Field Sample 65,91fc8508-2500-4da6-9ce8-9f66b5e6bbcf,See also handwritten notes in storage location,5bfdf0b9-587d-4302-bcb7-63550cdb658e,C2 S1,Dulce Maria Grimaldi,Dulce Maria Grimaldi,,,,20080521,2008-05-21,Wall painting,Cross-section,Cholula,Mexico,f4c44e22-201b-45c9-9f0b-0c4d9c3acdb9,,"Cholula, Puebla",Chapulines,,red pigment and underlying substrate from top edge of painting below the ledge. It is an intact sample complete with substrate.,1-6-F
66,Field Sample 66,b1612fed-0161-402c-ab79-3845b1ebb3c7,See also handwritten notes in storage location,5bfdf0b9-587d-4302-bcb7-63550cdb658e,C2 S1 III,Dulce Maria Grimaldi,Dulce Maria Grimaldi,,,,,,Wall painting,,Cholula,Mexico,f4c44e22-201b-45c9-9f0b-0c4d9c3acdb9,,"Cholula, Puebla",Chapulines,,,1-6-F
67,Field Sample 67,ee498bc2-692e-4d47-ad5d-0f5f0f266bb6,See also handwritten notes in storage location,5bfdf0b9-587d-4302-bcb7-63550cdb658e,C2 S2,Dulce Maria Grimaldi,Dulce Maria Grimaldi,,,,,,Wall painting,Cross-section,Cholula,Mexico,f4c44e22-201b-45c9-9f0b-0c4d9c3acdb9,,"Cholula, Puebla",Chapulines,,Black pigment and substrate from top edge of painting. The black became detatched from substrate when sampling and is a bit hard.,1-6-F
68,Field Sample 68,789779d3-a89e-42d7-b7b4-c1e9fa641696,See also handwritten notes in storage location,5bfdf0b9-587d-4302-bcb7-63550cdb658e,C2 S2 II,Dulce Maria Grimaldi,Dulce Maria Grimaldi,,,,,,Wall painting,,Cholula,Mexico,f4c44e22-201b-45c9-9f0b-0c4d9c3acdb9,,"Cholula, Puebla",Chapulines,,,1-6-F
69,Field Sample 69,d9f5decf-0043-4c07-9289-24d605676136,See also handwritten notes in storage location,5bfdf0b9-587d-4302-bcb7-63550cdb658e,C2 S3,Dulce Maria Grimaldi,Dulce Maria Grimaldi,,,,20080521,2008-05-21,Wall painting,Cross-section,Cholula,Mexico,f4c44e22-201b-45c9-9f0b-0c4d9c3acdb9,,"Cholula, Puebla",Chapulines,,Yellow pigment and substrate from edge of the figure.,1-6-F
70,Field Sample 70,6f4178a8-58a6-4652-a396-44a9dc87209c,See also handwritten notes in storage location,5bfdf0b9-587d-4302-bcb7-63550cdb658e,C2 S4,Dulce Maria Grimaldi,Dulce Maria Grimaldi,,,,,,Wall painting,Cross-section,Cholula,Mexico,f4c44e22-201b-45c9-9f0b-0c4d9c3acdb9,,"Cholula, Puebla",Chapulines,,Green pigment and substrate from upper ledge. Taken from an area 1.m to the right of the sector.,1-6-F
71,Field Sample 71,2cb20837-bbd2-47a0-b378-8b4afcd91ec5,See also handwritten notes in storage location,5bfdf0b9-587d-4302-bcb7-63550cdb658e,N1,,,,,,,,Reference - Resin,,Cholula,Mexico,f4c44e22-201b-45c9-9f0b-0c4d9c3acdb9,,"Cholula, Puebla",,,Saluestre,1-6-F
72,Field Sample 72,646c6ea8-7dad-43ca-ad61-c1cca44b6fbe,See also handwritten notes in storage location,5bfdf0b9-587d-4302-bcb7-63550cdb658e,N2,,,,,,20080528,2008-05-28,Reference - Resin,,Cholula,Mexico,f4c44e22-201b-45c9-9f0b-0c4d9c3acdb9,,"Cholula, Puebla",,,Criollo Accretions,1-6-F
73,Field Sample 73,fc469808-eea9-42c9-8dab-d26a89238b3d,See also handwritten notes in storage location,5bfdf0b9-587d-4302-bcb7-63550cdb658e,N3,,,,,,,,Reference - Resin,,Cholula,Mexico,f4c44e22-201b-45c9-9f0b-0c4d9c3acdb9,,"Cholula, Puebla",,,Criollo,1-6-F
74,Field Sample 74,90fd9ba3-579e-45d4-8be9-b2601717a928,"See Analytical Investigation: Summary of results, KV 62: Tomb of Tutankhamen, Valley of the Kings, West Bank, Luxor, Egypt",3a047453-60bf-4264-a165-dc5724e76c6c,TUT_2010_S01,Lori Wong (GCI) and Rasha Kamel (SCA),Lori Wong,Rasha Kamel,"Supreme Council of Antiquities (SCA), Egypt",,20120719,2012-07-19,Wall Painting,Cross-section,TUT,Egypt,e37e4bc7-188b-48ac-b510-9ac596b79756,,"Kings Valley, West Bank, Luxor",KV 62: Tomb of Tutankhamen,"Burial Chamber, East Wall: Fifth leg from right","From red flesh area which exhibits preferential craquelure, flaking and loss. Sample was already detached and exhibited curled edges. Sample may have been previously treated with an adhesive.",1-5-H
75,Field Sample 75,3d6e3fc9-782a-4f41-9878-05602da4df50,"See Analytical Investigation: Summary of results, KV 62: Tomb of Tutankhamen, Valley of the Kings, West Bank, Luxor, Egypt",3a047453-60bf-4264-a165-dc5724e76c6c,TUT_2010_S02,Lori Wong (GCI) and Rasha Kamel (SCA),Lori Wong,Rasha Kamel,"Supreme Council of Antiquities (SCA), Egypt",,20120719,2012-07-19,Wall Painting,Cross-section,TUT,Egypt,e37e4bc7-188b-48ac-b510-9ac596b79756,,"Kings Valley, West Bank, Luxor",KV 62: Tomb of Tutankhamen,"Burial Chamber, West Wall, Scarab","From black paint on scarab with preferential craquelure, flaking and loss. Paint sample was already detached.",1-5-H
76,Field Sample 76,032703ef-0df1-4c7c-a043-36acf73f167f,"See Analytical Investigation: Summary of results, KV 62: Tomb of Tutankhamen, Valley of the Kings, West Bank, Luxor, Egypt",3a047453-60bf-4264-a165-dc5724e76c6c,TUT_2010_S03,Lori Wong (GCI) and Rasha Kamel (SCA),Lori Wong,Rasha Kamel,"Supreme Council of Antiquities (SCA), Egypt",,20120719,2012-07-19,Wall Painting,Cross-section,TUT,Egypt,e37e4bc7-188b-48ac-b510-9ac596b79756,,"Kings Valley, West Bank, Luxor",KV 62: Tomb of Tutankhamen,"Burial chamber, west wall, black border",From thin black varnish/wash over matte black paint.,1-5-H
77,Field Sample 77,58ec8be4-a9e4-4e45-ae5c-55f9976ff77c,"See Analytical Investigation: Summary of results, KV 62: Tomb of Tutankhamen, Valley of the Kings, West Bank, Luxor, Egypt",3a047453-60bf-4264-a165-dc5724e76c6c,TUT_2010_S04,Lori Wong (GCI) and Rasha Kamel (SCA),Lori Wong,Rasha Kamel,"Supreme Council of Antiquities (SCA), Egypt",,20120719,2012-07-19,Wall Painting,Cross-section,TUT,Egypt,e37e4bc7-188b-48ac-b510-9ac596b79756,,"Kings Valley, West Bank, Luxor",KV 62: Tomb of Tutankhamen,"Burial chamber, north wall, foot of Osiris",From white paint with sparse Egyptian blue particles (no blue particles are present in this sample),1-5-H
78,Field Sample 78,dbcedbec-4e50-4583-8af7-71cd12fb4e56,"See Analytical Investigation: Summary of results, KV 62: Tomb of Tutankhamen, Valley of the Kings, West Bank, Luxor, Egypt",3a047453-60bf-4264-a165-dc5724e76c6c,TUT_2010_S05,Lori Wong (GCI) and Rasha Kamel (SCA),Lori Wong,Rasha Kamel,"Supreme Council of Antiquities (SCA), Egypt",,20120719,2012-07-19,Wall Painting,Cross-section,TUT,Egypt,e37e4bc7-188b-48ac-b510-9ac596b79756,,"Kings Valley, West Bank, Luxor",KV 62: Tomb of Tutankhamen,"Burial chamber, south wall, foot of Hathor","From flesh color of female figure, sampled from an area of mechanical damage.",1-5-H
79,Field Sample 79,ba8b81ab-27f3-4e4f-98db-a3ff0fadc41c,"See Analytical Investigation: Summary of results, KV 62: Tomb of Tutankhamen, Valley of the Kings, West Bank, Luxor, Egypt",3a047453-60bf-4264-a165-dc5724e76c6c,TUT_2010_S06,Lori Wong (GCI) and Rasha Kamel (SCA),Lori Wong,Rasha Kamel,"Supreme Council of Antiquities (SCA), Egypt",,20120719,2012-07-19,Wall Painting,Cross-section,TUT,Egypt,e37e4bc7-188b-48ac-b510-9ac596b79756,,"Kings Valley, West Bank, Luxor",KV 62: Tomb of Tutankhamen,"Burial chamber, north wall, collar of Tutankhamen from edge of red stripe",From area of pale green with brown discoloration,1-5-H
80,Field Sample 80,a371c197-0fd8-4429-b31e-07930d93eefb,"See Analytical Investigation: Summary of results, KV 62: Tomb of Tutankhamen, Valley of the Kings, West Bank, Luxor, Egypt",3a047453-60bf-4264-a165-dc5724e76c6c,TUT_2010_S07,Lori Wong (GCI) and Rasha Kamel (SCA),Lori Wong,Rasha Kamel,"Supreme Council of Antiquities (SCA), Egypt",,20120719,2012-07-19,Wall Painting,Cross-section,TUT,Egypt,e37e4bc7-188b-48ac-b510-9ac596b79756,,"Kings Valley, West Bank, Luxor",KV 62: Tomb of Tutankhamen,"Burial chamber, east wall, on sledge carrying the mummy of Tutankhamen","From area of green with brown discoloration, brush strokes/striations visible, area was already detached within the fine plaster layer",1-5-H
81,Field Sample 81,9888ff67-8045-41be-9930-594ffe06b331,"See Analytical Investigation: Summary of results, KV 62: Tomb of Tutankhamen, Valley of the Kings, West Bank, Luxor, Egypt",3a047453-60bf-4264-a165-dc5724e76c6c,TUT_2010_S08,Lori Wong (GCI) and Rasha Kamel (SCA),Lori Wong,Rasha Kamel,"Supreme Council of Antiquities (SCA), Egypt",,20120719,2012-07-19,Wall Painting,Cross-section,TUT,Egypt,e37e4bc7-188b-48ac-b510-9ac596b79756,,"Kings Valley, West Bank, Luxor",KV 62: Tomb of Tutankhamen,"Burial chamber, south wall, collar of Hathor",From area of olive green paint with brown discoloration. Taken near an area of Egyptian blue and white stripe. Taken from edge of an existing loss. Possible brown spot growing below paint layer.,1-5-H
82,Field Sample 82,e1d25f45-200c-47e0-b55c-889b7b169125,"See Analytical Investigation: Summary of results, KV 62: Tomb of Tutankhamen, Valley of the Kings, West Bank, Luxor, Egypt",3a047453-60bf-4264-a165-dc5724e76c6c,TUT_2010_S09,Lori Wong (GCI) and Rasha Kamel (SCA),Lori Wong,Rasha Kamel,"Supreme Council of Antiquities (SCA), Egypt",,20120719,2012-07-19,Wall Painting,Cross-section,TUT,Egypt,e37e4bc7-188b-48ac-b510-9ac596b79756,,"Kings Valley, West Bank, Luxor",KV 62: Tomb of Tutankhamen,"Burial chamber, east wall, wig of mummy of Tutankhamen",From area of Egyptian blue that has greenish appearance (possibly blue with brownish discoloration). Area sampled was already detached within fine plaster layer. Paint layer is applied quite thickly. Brown spots were observed below plaster in nearby area. Surface adhesive drips were also nearby.,1-5-H
83,Field Sample 83,000369c0-f6ff-42bc-aa23-6ccbdafe981d,"See Analytical Investigation: Summary of results, KV 62: Tomb of Tutankhamen, Valley of the Kings, West Bank, Luxor, Egypt",3a047453-60bf-4264-a165-dc5724e76c6c,TUT_2010_S10,Lori Wong (GCI) and Rasha Kamel (SCA),Lori Wong,Rasha Kamel,"Supreme Council of Antiquities (SCA), Egypt",,20120719,2012-07-19,Wall Painting,Cross-section,TUT,Egypt,e37e4bc7-188b-48ac-b510-9ac596b79756,,"Kings Valley, West Bank, Luxor",KV 62: Tomb of Tutankhamen,"Burial chamber, west wall, bottom row, leftmost baboon","From area of light blue fur on baboons. Blue particles appear coarsely ground, some cracking also observed in this area. Sample was taken from small area of loss.",1-5-H
84,Field Sample 84,31d4fc36-f1d6-4d04-b1c9-85a07e1fdb1f,"See Analytical Investigation: Summary of results, KV 62: Tomb of Tutankhamen, Valley of the Kings, West Bank, Luxor, Egypt",3a047453-60bf-4264-a165-dc5724e76c6c,TUT_2010_S11,Lori Wong (GCI) and Rasha Kamel (SCA),Lori Wong,Rasha Kamel,"Supreme Council of Antiquities (SCA), Egypt",,20120719,2012-07-19,Wall Painting,Cross-section,TUT,Egypt,e37e4bc7-188b-48ac-b510-9ac596b79756,,"Kings Valley, West Bank, Luxor",KV 62: Tomb of Tutankhamen,"11a. Burial chamber, north wall, shiny area below feet of Nut; 11b. Area between legs of Tutankhamen and his Ka.","11a. Scrapping taken from an area that appear shiny and looks to have been previously treated with a surface consolidant; 11b. Scrapping taken from white deposit/residue on surface, looks to be residue of previous treatment",1-5-H
85,Field Sample 85,cd9f828a-05f8-4d34-b932-69e8f04a79d9,"See Analytical Investigation: Summary of results, KV 62: Tomb of Tutankhamen, Valley of the Kings, West Bank, Luxor, Egypt",3a047453-60bf-4264-a165-dc5724e76c6c,TUT_2010_S12,Lori Wong (GCI) and Rasha Kamel (SCA),Lori Wong,Rasha Kamel,"Supreme Council of Antiquities (SCA), Egypt",,20120719,2012-07-19,Wall Painting,Cross-section,TUT,Egypt,e37e4bc7-188b-48ac-b510-9ac596b79756,,"Kings Valley, West Bank, Luxor",KV 62: Tomb of Tutankhamen,"Burial chamber, base of south wall (from unpainted area)",From ground layer in area that was already detached from the rock support. Unclear if this is a thin skim of plaster or a ground layer applied on rock without plaster,1-5-H
86,Field Sample 86,341cc1d7-65f0-46b0-8759-982e83712fb5,"See Analytical Investigation: Summary of results, KV 62: Tomb of Tutankhamen, Valley of the Kings, West Bank, Luxor, Egypt",3a047453-60bf-4264-a165-dc5724e76c6c,TUT_2010_S13,Lori Wong (GCI) and Rasha Kamel (SCA),Lori Wong,Rasha Kamel,"Supreme Council of Antiquities (SCA), Egypt",,20120719,2012-07-19,Wall painting,Cross-section,TUT,Egypt,e37e4bc7-188b-48ac-b510-9ac596b79756,,"Kings Valley, West Bank, Luxor",KV 62: Tomb of Tutankhamen,"Burial chamber, base of north wall (from unpainted area of loss)","earth-containing fill plaster with large aggregate, taken from area of loss",1-5-H
87,Field Sample 87,bee89afc-4cc8-4a39-950b-9c9e91c6fb09,"See Analytical Investigation: Summary of results, KV 62: Tomb of Tutankhamen, Valley of the Kings, West Bank, Luxor, Egypt",3a047453-60bf-4264-a165-dc5724e76c6c,TUT_2010_S13,Lori Wong (GCI) and Rasha Kamel (SCA),Lori Wong,Rasha Kamel,"Supreme Council of Antiquities (SCA), Egypt",,20120719,2012-07-19,Wall painting,Fragment,TUT,Egypt,e37e4bc7-188b-48ac-b510-9ac596b79756,,"Kings Valley, West Bank, Luxor",KV 62: Tomb of Tutankhamen,"Burial chamber, base of north wall (from unpainted area of loss)","earth-containing fill plaster with large aggregate, taken from area of loss",1-5-H
88,Field Sample 88,89b65568-4de5-486c-b0c4-12110ccc6927,"See Analytical Investigation: Summary of results, KV 62: Tomb of Tutankhamen, Valley of the Kings, West Bank, Luxor, Egypt",3a047453-60bf-4264-a165-dc5724e76c6c,TUT_2010_S14,Lori Wong (GCI) and Rasha Kamel (SCA),Lori Wong,Rasha Kamel,"Supreme Council of Antiquities (SCA), Egypt",,20120719,2012-07-19,Wall painting,Cross-section,TUT,Egypt,e37e4bc7-188b-48ac-b510-9ac596b79756,,"Kings Valley, West Bank, Luxor",KV 62: Tomb of Tutankhamen,"Burial chamber, base of east wall (from unpainted area of loss)",Fine earthen plaster,1-5-H
89,Field Sample 89,29d0cd30-2c9a-4fee-8f67-6222a75cd939,"See Analytical Investigation: Summary of results, KV 62: Tomb of Tutankhamen, Valley of the Kings, West Bank, Luxor, Egypt",3a047453-60bf-4264-a165-dc5724e76c6c,TUT_2010_S14,Lori Wong (GCI) and Rasha Kamel (SCA),Lori Wong,Rasha Kamel,"Supreme Council of Antiquities (SCA), Egypt",,20120719,2012-07-19,Wall painting,Fragment,TUT,Egypt,e37e4bc7-188b-48ac-b510-9ac596b79756,,"Kings Valley, West Bank, Luxor",KV 62: Tomb of Tutankhamen,"Burial chamber, base of east wall (from unpainted area of loss)",Fine earthen plaster,1-5-H
90,Field Sample 90,d2d5a430-7b7f-449f-956b-3bb2df4aaa76,"See Analytical Investigation: Summary of results, KV 62: Tomb of Tutankhamen, Valley of the Kings, West Bank, Luxor, Egypt",3a047453-60bf-4264-a165-dc5724e76c6c,TUT_2010_S15,Lori Wong (GCI) and Rasha Kamel (SCA),Lori Wong,Rasha Kamel,"Supreme Council of Antiquities (SCA), Egypt",,20120719,2012-07-19,Wall painting,Cross-section,TUT,Egypt,e37e4bc7-188b-48ac-b510-9ac596b79756,,"Kings Valley, West Bank, Luxor",KV 62: Tomb of Tutankhamen,"Burial chamber, west wall, niche (from unpainted area)",Gray repair plaster,1-5-H
91,Field Sample 91,5035eea7-fc1e-4af8-8285-8908cda78e07,"See Analytical Investigation: Summary of results, KV 62: Tomb of Tutankhamen, Valley of the Kings, West Bank, Luxor, Egypt",3a047453-60bf-4264-a165-dc5724e76c6c,TUT_2010_S15,Lori Wong (GCI) and Rasha Kamel (SCA),Lori Wong,Rasha Kamel,"Supreme Council of Antiquities (SCA), Egypt",,20120719,2012-07-19,Wall painting,Fragment,TUT,Egypt,e37e4bc7-188b-48ac-b510-9ac596b79756,,"Kings Valley, West Bank, Luxor",KV 62: Tomb of Tutankhamen,"Burial chamber, west wall, niche (from unpainted area)",Gray repair plaster,1-5-H
92,Field Sample 92,452db6f3-333f-4350-992d-839f23d034ab,"See Analytical Investigation: Summary of results, KV 62: Tomb of Tutankhamen, Valley of the Kings, West Bank, Luxor, Egypt",3a047453-60bf-4264-a165-dc5724e76c6c,TUT_2010_S16,Lori Wong (GCI) and Rasha Kamel (SCA),Lori Wong,Rasha Kamel,"Supreme Council of Antiquities (SCA), Egypt",,20120719,2012-07-19,Wall painting,Cross-section,TUT,Egypt,e37e4bc7-188b-48ac-b510-9ac596b79756,,"Kings Valley, West Bank, Luxor",KV 62: Tomb of Tutankhamen,"Burial chamber, base of east wall (from unpainted area)",Brown spot that showed no fluorescence on ground,1-5-H
93,Field Sample 93,730bbe85-7d0c-4101-a83c-584c31aa1425,"See Analytical Investigation: Summary of results, KV 62: Tomb of Tutankhamen, Valley of the Kings, West Bank, Luxor, Egypt",3a047453-60bf-4264-a165-dc5724e76c6c,TUT_2010_S17,Lori Wong (GCI) and Rasha Kamel (SCA),Lori Wong,Rasha Kamel,"Supreme Council of Antiquities (SCA), Egypt",,20120719,2012-07-19,Wall painting,Cross-section,TUT,Egypt,e37e4bc7-188b-48ac-b510-9ac596b79756,,"Kings Valley, West Bank, Luxor",KV 62: Tomb of Tutankhamen,"Burial chamber, base of east wall (from unpainted area)",Brown spot that showed fluorescence on ground,1-5-H
94,Field Sample 94,5daef93c-b52c-44c3-a2f9-50c8a320b9ba,"See Analytical Investigation: Summary of results, KV 62: Tomb of Tutankhamen, Valley of the Kings, West Bank, Luxor, Egypt",3a047453-60bf-4264-a165-dc5724e76c6c,TUT_2010_S18,Lori Wong (GCI) and Rasha Kamel (SCA),Lori Wong,Rasha Kamel,"Supreme Council of Antiquities (SCA), Egypt",,20120719,2012-07-19,Wall painting,Cross-section,TUT,Egypt,e37e4bc7-188b-48ac-b510-9ac596b79756,,"Kings Valley, West Bank, Luxor",KV 62: Tomb of Tutankhamen,"Burial chamber, base of east wall (from unpainted area)",Crystals on brown spots,1-5-H
95,Field Sample 95,a11fcc1f-bbed-44cb-bdd2-d3fde3fd1c40,"See Analytical Investigation: Summary of results, KV 62: Tomb of Tutankhamen, Valley of the Kings, West Bank, Luxor, Egypt",3a047453-60bf-4264-a165-dc5724e76c6c,TUT_2010_S19,Lori Wong (GCI) and Rasha Kamel (SCA),Lori Wong,Rasha Kamel,"Supreme Council of Antiquities (SCA), Egypt",,20120719,2012-07-19,Coffin,Cross-section,TUT,Egypt,e37e4bc7-188b-48ac-b510-9ac596b79756,,"Kings Valley, West Bank, Luxor",KV 62: Tomb of Tutankhamen,"Burial chamber, north wall, from ankle of Tutankhamen","Taken from a previous sampling location, single brown spot on red flesh",1-5-H
96,Field Sample 96,65a7f412-380a-4f7c-9b17-fb6d95807fd8,"See Analytical Investigation: Summary of results, KV 62: Tomb of Tutankhamen, Valley of the Kings, West Bank, Luxor, Egypt",3a047453-60bf-4264-a165-dc5724e76c6c,TUT_2010_S20,Lori Wong (GCI) and Rasha Kamel (SCA),Lori Wong,Rasha Kamel,"Supreme Council of Antiquities (SCA), Egypt",,20120719,2012-07-19,Coffin,Cross-section,TUT,Egypt,e37e4bc7-188b-48ac-b510-9ac596b79756,,"Kings Valley, West Bank, Luxor",KV 62: Tomb of Tutankhamen,"Burial chamber, from feet of coffin",Black resin,1-5-H
97,Field Sample 97,60ad7adf-5583-41c0-bfc5-80d6ffdbdb27,"See Analytical Investigation: Summary of results, KV 62: Tomb of Tutankhamen, Valley of the Kings, West Bank, Luxor, Egypt",3a047453-60bf-4264-a165-dc5724e76c6c,TUT_2010_S21,Lori Wong (GCI) and Rasha Kamel (SCA),Lori Wong,Rasha Kamel,"Supreme Council of Antiquities (SCA), Egypt",,20120719,2012-07-19,Coffin,Cross-section,TUT,Egypt,e37e4bc7-188b-48ac-b510-9ac596b79756,,"Kings Valley, West Bank, Luxor",KV 62: Tomb of Tutankhamen,"Burial chamber, coffin",Gold fragment,1-5-H
98,Field Sample 98,eabe80f0-0098-487c-9179-862b6cd16c90,"See Analytical Investigation: Summary of results, KV 62: Tomb of Tutankhamen, Valley of the Kings, West Bank, Luxor, Egypt",3a047453-60bf-4264-a165-dc5724e76c6c,TUT_2010_S22,Lori Wong (GCI) and Rasha Kamel (SCA),Lori Wong,Rasha Kamel,"Supreme Council of Antiquities (SCA), Egypt",,20120719,2012-07-19,Wall painting,Cross-section,TUT,Egypt,e37e4bc7-188b-48ac-b510-9ac596b79756,,"Kings Valley, West Bank, Luxor",KV 62: Tomb of Tutankhamen,"Burial chamber, north face of sarcophagus","22a. And 22b. Paint is extremely well bonded to stone, scrapping",1-5-H
99,Field Sample 99,018c1374-bbb0-4cd3-ba96-ba268d867546,"See Analytical Investigation: Summary of results, KV 62: Tomb of Tutankhamen, Valley of the Kings, West Bank, Luxor, Egypt",3a047453-60bf-4264-a165-dc5724e76c6c,TUT_2010_S23,Lori Wong (GCI) and Rasha Kamel (SCA),Lori Wong,Rasha Kamel,"Supreme Council of Antiquities (SCA), Egypt",,20120719,2012-07-19,Wall painting,Cross-section,TUT,Egypt,e37e4bc7-188b-48ac-b510-9ac596b79756,,"Kings Valley, West Bank, Luxor",KV 62: Tomb of Tutankhamen,"Burial chamber, north face of sarcophagus","23a. And 23b. White powder, scrapping",1-5-H
100,Field Sample 100,62404c81-9205-405e-b1d9-9b5c11e53d0c,"See Analytical Investigation: Summary of results, KV 62: Tomb of Tutankhamen, Valley of the Kings, West Bank, Luxor, Egypt",3a047453-60bf-4264-a165-dc5724e76c6c,TUT_2010_S24,Lori Wong (GCI) and Rasha Kamel (SCA),Lori Wong,Rasha Kamel,"Supreme Council of Antiquities (SCA), Egypt",,20120719,2012-07-19,Wall painting,Cross-section,TUT,Egypt,e37e4bc7-188b-48ac-b510-9ac596b79756,,"Kings Valley, West Bank, Luxor",KV 62: Tomb of Tutankhamen,"Burial chamber, internal north face of sarcophagus","White material on the surface of the interior of the sarcophagus. An area was swabbed with a damp swab. As the material did not appear powdery the swab probably picked up very little, unless the material was water soluble.",1-5-H
101,Field Sample 101,0076550e-9bb8-41eb-8e4c-b53a12f7f4af,,,TUT_11.2010_01,Neville Agnew,Neville Agnew,,,,20101101,2010-11-01,Coffin,Fragment,TUT,Egypt,e37e4bc7-188b-48ac-b510-9ac596b79756,,"Kings Valley, West Bank, Luxor",KV 62: Tomb of Tutankhamen,"Burial chamber, coffin",Wood shard,1-5-H
102,Field Sample 102,3a7c0287-fbf9-4483-95e8-dd245216faad,,,TUT_2.2012_01,Neville Agnew,Neville Agnew,,,,20120102,2012-01-02,Rock vein,Fragment,TUT,Egypt,e37e4bc7-188b-48ac-b510-9ac596b79756,,"Kings Valley, West Bank, Luxor",KV 62: Tomb of Tutankhamen,"Treasury, ceiling",Rock,1-5-H
103,Field Sample 103,c169aab9-4fb9-4d4a-ac2c-38310170ba5c,See TUT Dust Analysis Summary (20170729),71bafb1b-e611-49d3-9509-b5593dd49315,TUT_2.2012_01,Neville Agnew,Neville Agnew,,,,20121119,2012-11-19,Dust,Fragment,TUT,Egypt,e37e4bc7-188b-48ac-b510-9ac596b79756,,"Kings Valley, West Bank, Luxor",KV 62: Tomb of Tutankhamen,"Burial chamber, south west corner",Dust from collection plates in southwest corner of burial chamber,1-5-H
104,Field Sample 104,50fa43bc-bcdd-4912-9962-092af3ee7123,,,1,Escobilla,Escobilla,,,,,,,,Dried Plates,United States,12ab92a6-0269-49b0-a116-6998fd2ce65f,,,,,Centrifuge,1-6-F
105,Field Sample 105,c642decf-345e-4d55-bcf5-ef7b19b81c56,,,2,Eric Hansen,Eric Hansen,,,,20020325,2002-03-25,,,Dried Plates,United States,12ab92a6-0269-49b0-a116-6998fd2ce65f,,,,,Nopal SXB,1-6-F
106,Field Sample 106,5d2b868c-3222-4ef4-bc80-6011f0124f07,,,3,Escobilla,Escobilla,,,,200010,2000-10,,,Dried Plates,United States,12ab92a6-0269-49b0-a116-6998fd2ce65f,,,,,,1-6-F
107,Field Sample 107,fa9d1841-ac09-441c-93b2-ca6f2d2964d0,,,4,Escobilla,Escobilla,,,,,,,,Dried Plates,United States,12ab92a6-0269-49b0-a116-6998fd2ce65f,,,,,No centrifuge,1-6-F
108,Field Sample 108,bbfb7e9b-c1ab-4466-874d-dff47cf204cf,,,5,,,,,,,,Cactus,,Dried Plates,United States,12ab92a6-0269-49b0-a116-6998fd2ce65f,,,,,San Pedro cactus,1-6-F
109,Field Sample 109,9474bbd8-5fd9-47cd-af93-1ec092502390,,,6,E. Hansen,E. Hansen,,,,20020525,2002-05-25,,,Dried Plates,United States,12ab92a6-0269-49b0-a116-6998fd2ce65f,,New Mexico,,,Nopal/Hima -liquid,1-6-F
110,Field Sample 110,b7538dcc-029d-4257-ab88-e96119292a51,,,7,Cassie Myers,Cassie Myers,,,,,,Paint,,Dried Plates,United States,12ab92a6-0269-49b0-a116-6998fd2ce65f,,,,,Nopal and yellow ochre paint sample,1-6-F
111,Field Sample 111,ec200839-07b0-49c2-97f0-8767c022c1d5,,,8,E. Hansen,E. Hansen,,,,20020525,2002-05-25,Paint,,Dried Plates,United States,12ab92a6-0269-49b0-a116-6998fd2ce65f,,New Mexico,,,Nopal and Lime,1-6-F
112,Field Sample 112,5ca00e67-fde9-4688-93ae-899d18f54304,In-Situ Paint Investigation Report,027fdc88-8ea0-4e63-bcce-400f8dc68578,CMAI_Eames_StudioN_1,Emily MacDonald-Korth,Emily MacDonald-Korth,,,,201207,2012-07,House paint,Cross-section,Eames House,United States,12ab92a6-0269-49b0-a116-6998fd2ce65f,,Eames House,Studio,Eames Studio Carport,Mounted cross-section taken from exterior excavation window,1-3-F
113,Field Sample 113,0eec343a-2d19-49d3-b629-3b11245ade05,In-Situ Paint Investigation Report,027fdc88-8ea0-4e63-bcce-400f8dc68578,CMAI_Eames_StudioN_2,Emily MacDonald-Korth,Emily MacDonald-Korth,,,,201207,2012-07,House paint,Fragment,Eames House,United States,12ab92a6-0269-49b0-a116-6998fd2ce65f,,Eames House,Studio,Eames Studio Carport,Paint sample taken from exterior excavation window,1-3-F
114,Field Sample 114,25623db7-60da-474e-be16-cd1e1a9b5795,In-Situ Paint Investigation Report,027fdc88-8ea0-4e63-bcce-400f8dc68578,CMAI_Eames_StudioW_1,Emily MacDonald-Korth,Emily MacDonald-Korth,,,,201207,2012-07,House paint,Cross-section,Eames House,United States,12ab92a6-0269-49b0-a116-6998fd2ce65f,,Eames House,Studio,Eames Studio Rear,Mounted cross-section taken from exterior excavation window,1-3-F
115,Field Sample 115,10512a4a-b34e-4620-a9ae-2515ed59b68e,In-Situ Paint Investigation Report,027fdc88-8ea0-4e63-bcce-400f8dc68578,CMAI_Eames_StudioW_2,Emily MacDonald-Korth,Emily MacDonald-Korth,,,,201207,2012-07,House paint,Fragment,Eames House,United States,12ab92a6-0269-49b0-a116-6998fd2ce65f,,Eames House,Studio,Eames Studio Rear,Paint sample taken from exterior excavation window,1-3-F
116,Field Sample 116,8c1cebe3-d927-4ba0-832d-5cae70eb9475,"In-Situ Paint Investigation Report, Analytical Report",59a63757-b07a-4a1e-a1bc-a30dd3149650,CMAI_Eames_HouseE_1,Emily MacDonald-Korth,Emily MacDonald-Korth,,,,201203,2012-03,House paint,Cross-section,Eames House,United States,12ab92a6-0269-49b0-a116-6998fd2ce65f,,Eames House,House,Eames House Front,Mounted cross-section taken from exterior excavation window,1-3-F
117,Field Sample 117,163a3831-f48a-4fa5-b541-8ab3ff525512,"In-Situ Paint Investigation Report, Analytical Report",59a63757-b07a-4a1e-a1bc-a30dd3149650,CMAI_Eames_HouseE_2,Emily MacDonald-Korth,Emily MacDonald-Korth,,,,201210,2012-10,House paint,Fragment,Eames House,United States,12ab92a6-0269-49b0-a116-6998fd2ce65f,,Eames House,House,Eames House Front,Paint sample taken from exterior excavation window,1-3-F
118,Field Sample 118,ed952fc8-7a9e-4c0d-90f1-8d4a575aa06e,"In-Situ Paint Investigation Report, Analytical Report",59a63757-b07a-4a1e-a1bc-a30dd3149650,CMAI_Eames_HouseE_3,Emily MacDonald-Korth,Emily MacDonald-Korth,,,,201204,2012-04,House paint,Fragment,Eames House,United States,12ab92a6-0269-49b0-a116-6998fd2ce65f,,Eames House,House,Eames Front Beam. AKA: House East 2,Paint sample taken from exterior excavation window,1-3-F
119,Field Sample 119,328fc9c1-3b92-481e-b309-f6334e0309b0,In-Situ Paint Investigation Report,027fdc88-8ea0-4e63-bcce-400f8dc68578,CMAI_Eames_HouseN_1,Emily MacDonald-Korth,Emily MacDonald-Korth,,,,201206,2012-06,House paint,Cross-section,Eames House,United States,12ab92a6-0269-49b0-a116-6998fd2ce65f,,Eames House,House,Eames House Patio,Mounted cross-section taken from exterior excavation window,1-3-F
120,Field Sample 120,5b73c4a8-e9ba-40d2-b531-375f563e7bac,In-Situ Paint Investigation Report,027fdc88-8ea0-4e63-bcce-400f8dc68578,CMAI_Eames_HouseN_2,Emily MacDonald-Korth,Emily MacDonald-Korth,,,,201206,2012-06,House paint,Fragment,Eames House,United States,12ab92a6-0269-49b0-a116-6998fd2ce65f,,Eames House,House,Eames House Patio,Paint sample taken from exterior excavation window,1-3-F
121,Field Sample 121,b46f729c-af65-413f-9d9f-2a5f06aa2ab2,In-Situ Paint Investigation Report,027fdc88-8ea0-4e63-bcce-400f8dc68578,CMAI_Eames_HouseW_1,Emily MacDonald-Korth,Emily MacDonald-Korth,,,,201206,2012-06,House paint,Cross-section,Eames House,United States,12ab92a6-0269-49b0-a116-6998fd2ce65f,,Eames House,House,Eames House Rear,Mounted cross-section taken from exterior excavation window,1-3-F
122,Field Sample 122,2a473080-1ccb-4b80-a896-a86a53e82fa6,In-Situ Paint Investigation Report,027fdc88-8ea0-4e63-bcce-400f8dc68578,CMAI_Eames_HouseW_2,Emily MacDonald-Korth,Emily MacDonald-Korth,,,,201208,2012-08,House paint,Fragment,Eames House,United States,12ab92a6-0269-49b0-a116-6998fd2ce65f,,Eames House,House,Eames House Rear,Paint sample taken from exterior excavation window,1-3-F
123,Field Sample 123,a097a04e-1076-4042-820e-ea4e2d332352,Analytical Report,599df1b7-3c7a-4974-a576-58cf59080704,CMAI_Eames_Panel_1,Emily MacDonald-Korth,Emily MacDonald-Korth,,,,201210,2012-10,House paint,Fragment,Eames House,United States,12ab92a6-0269-49b0-a116-6998fd2ce65f,,Eames House,House,"Eames House Patio, North Wall",Sample taken from top of painted panel near top of door,1-3-F
124,Field Sample 124,97c90b8c-c3bc-469d-9807-9b1fc0c9edbb,Analytical Report,599df1b7-3c7a-4974-a576-58cf59080704,CMAI_Eames_Panel_2,Emily MacDonald-Korth,Emily MacDonald-Korth,,,,201210,2012-10,House paint,Fragment,Eames House,United States,12ab92a6-0269-49b0-a116-6998fd2ce65f,,Eames House,House,"Eames House Patio, North Wall",Sample taken from top of painted panel near top of door,1-3-F
125,Field Sample 125,5cd3154d-007c-41b5-a389-4c105c5e61c3,,,CMAI_Eames_MISC_Fragments,"Alan Phenix, Emily MacDonald-Korth",Alan Phenix,Emily MacDonald-Korth,,,201109,2011-09,House paint,Fragment,Eames House,United States,12ab92a6-0269-49b0-a116-6998fd2ce65f,,Eames House,House,,,1-3-F
126,Field Sample 126,245ce644-949d-4acc-af85-259a0c720e8d,Analytical Report,599df1b7-3c7a-4974-a576-58cf59080704,CMAI_Eames_East_Ext_1,"Alan Phenix, Emily MacDonald-Korth",Alan Phenix,Emily MacDonald-Korth,,,201109,2011-09,House paint,Fragment,Eames House,United States,12ab92a6-0269-49b0-a116-6998fd2ce65f,,Eames House,House,East Exterior Window frame,Flake from window frame in location where new glass has been fitted,1-3-F
127,Field Sample 127,31ebc20a-489a-43ea-bd86-224b699c2698,Analytical Report,599df1b7-3c7a-4974-a576-58cf59080704,CMAI_Eames_East_Ext_1_XS,"Alan Phenix, Emily MacDonald-Korth",Alan Phenix,Emily MacDonald-Korth,,,201109,2011-09,House paint,Cross-section,Eames House,United States,12ab92a6-0269-49b0-a116-6998fd2ce65f,,Eames House,House,East Exterior Window frame,Mounted flake from window frame in location where new glass has been fitted,1-3-F
128,Field Sample 128,b3efb0ba-8649-4a50-b1b7-684a29e6d1a2,Analytical Report,599df1b7-3c7a-4974-a576-58cf59080704,CMAI_Eames_East_Ext_2,"Alan Phenix, Emily MacDonald-Korth",Alan Phenix,Emily MacDonald-Korth,,,201109,2011-09,House paint,Fragment,Eames House,United States,12ab92a6-0269-49b0-a116-6998fd2ce65f,,Eames House,House,East Exterior Window frame,"Sample taken from window frame, adjacent to windowpane, in area of historic glass; visible putty/white layer in places beneath black paint",1-3-F
129,Field Sample 129,9ca83829-8eac-4e92-bf8e-a30799d3462f,Analytical Report,599df1b7-3c7a-4974-a576-58cf59080704,CMAI_Eames_East_Ext_2A_XS,"Alan Phenix, Emily MacDonald-Korth",Alan Phenix,Emily MacDonald-Korth,,,201109,2011-09,House paint,Cross-section,Eames House,United States,12ab92a6-0269-49b0-a116-6998fd2ce65f,,Eames House,House,East Exterior Window frame,"Mounted sample taken from window frame, adjacent to windowpane, in area of historic glass; visible putty/white layer in places beneath black paint",1-3-F
130,Field Sample 130,c51db884-c3da-48c9-8936-04b0d5146bc1,Analytical Report,599df1b7-3c7a-4974-a576-58cf59080704,CMAI_Eames_East_Ext_2B_XS,"Alan Phenix, Emily MacDonald-Korth",Alan Phenix,Emily MacDonald-Korth,,,201109,2011-09,House paint,Cross-section,Eames House,United States,12ab92a6-0269-49b0-a116-6998fd2ce65f,,Eames House,House,East Exterior Window frame,"Mounted sample taken from window frame, adjacent to windowpane, in area of historic glass; visible putty/white layer in places beneath black paint",1-3-F
131,Field Sample 131,ea344b97-1559-41f2-9dde-0e885dc3f8a4,Analytical Report,599df1b7-3c7a-4974-a576-58cf59080704,CMAI_Eames_East_Ext_3,"Alan Phenix, Emily MacDonald-Korth",Alan Phenix,Emily MacDonald-Korth,,,201109,2011-09,House paint,Fragment,Eames House,United States,12ab92a6-0269-49b0-a116-6998fd2ce65f,,Eames House,House,East Exterior Window frame,Sample taken from edge of loss on window frame at location of historic glass; white layer visible beneath the black layer.,1-3-F
132,Field Sample 132,6262e95a-b2c8-49ae-bb2d-d8eb4cf1457c,Analytical Report,599df1b7-3c7a-4974-a576-58cf59080704,CMAI_Eames_East_Ext_3_XS,"Alan Phenix, Emily MacDonald-Korth",Alan Phenix,Emily MacDonald-Korth,,,201109,2011-09,House paint,Cross-section,Eames House,United States,12ab92a6-0269-49b0-a116-6998fd2ce65f,,Eames House,House,East Exterior Window frame,Mounted sample taken from edge of loss on window frame at location of historic glass; white layer visible beneath the black layer.,1-3-F
133,Field Sample 133,c9ef37ff-1a2f-435d-9402-3bf50d65ed2e,Analytical Report,599df1b7-3c7a-4974-a576-58cf59080704,CMAI_Eames_East_Ext_4,"Alan Phenix, Emily MacDonald-Korth",Alan Phenix,Emily MacDonald-Korth,,,201109,2011-09,House paint,Fragment,Eames House,United States,12ab92a6-0269-49b0-a116-6998fd2ce65f,,Eames House,House,East Exterior Window frame,"Sample taken from a crack near near the edge of the orange panel where it meets the black frame, white layer visible beneath the black layer.",1-3-F
134,Field Sample 134,bc2d8689-cc33-47ac-b612-8d6eddb2bcf9,Analytical Report,599df1b7-3c7a-4974-a576-58cf59080704,CMAI_Eames_East_Ext_4_XS,"Alan Phenix, Emily MacDonald-Korth",Alan Phenix,Emily MacDonald-Korth,,,201109,2011-09,House paint,Cross-section,Eames House,United States,12ab92a6-0269-49b0-a116-6998fd2ce65f,,Eames House,House,East Exterior Window frame,"Mounted sample taken from a crack near near the edge of the orange panel where it meets the black frame, white layer visible beneath the black layer.",1-3-F
135,Field Sample 135,d4486aa2-aa93-4539-a0e3-6fbb4c7b106e,Analytical Report,599df1b7-3c7a-4974-a576-58cf59080704,CMAI_Eames_East_Int_5,"Alan Phenix, Emily MacDonald-Korth",Alan Phenix,Emily MacDonald-Korth,,,201109,2011-09,House paint,Fragment,Eames House,United States,12ab92a6-0269-49b0-a116-6998fd2ce65f,,Eames House,House,East Interior Window frame,"Sample taken from window frame, from an area with a thick build-up of paint.",1-3-F
136,Field Sample 136,7ebc21de-8da7-417a-9dca-0176edbdf646,Analytical Report,599df1b7-3c7a-4974-a576-58cf59080704,CMAI_Eames_East_Int_5_XS,"Alan Phenix, Emily MacDonald-Korth",Alan Phenix,Emily MacDonald-Korth,,,201109,2011-09,House paint,Cross-section,Eames House,United States,12ab92a6-0269-49b0-a116-6998fd2ce65f,,Eames House,House,East Interior Window frame,"Mounted sample taken from window frame, from an area with a thick build-up of paint.",1-3-F
137,Field Sample 137,178c1029-40d8-4f1c-a367-95672193a410,Analytical Report,599df1b7-3c7a-4974-a576-58cf59080704,CMAI_Eames_East_Int_6,"Alan Phenix, Emily MacDonald-Korth",Alan Phenix,Emily MacDonald-Korth,,,201109,2011-09,House paint,Fragment,Eames House,United States,12ab92a6-0269-49b0-a116-6998fd2ce65f,,Eames House,House,East Interior Window frame,"Sample taken from window frame. Sample broke into two fragments during mounting; each fragment was embedded separately. Cross-section East Interior_6A is the lower fragment that consists of gray primer, possibly also some putty, and corrosion products on its underside. Corss-section East Interior_6B includes the upper paint layers of dark gray, red and near-black.",1-3-F
138,Field Sample 138,6293ed2b-8f4b-4b2e-8fa5-1b58defeb9c7,Analytical Report,599df1b7-3c7a-4974-a576-58cf59080704,CMAI_Eames_East_Int_6A_XS,"Alan Phenix, Emily MacDonald-Korth",Alan Phenix,Emily MacDonald-Korth,,,201109,2011-09,House paint,Cross-section,Eames House,United States,12ab92a6-0269-49b0-a116-6998fd2ce65f,,Eames House,House,East Interior Window frame,"Mounted. Sample taken from window frame. Sample broke into two fragments during mounting; each fragment was embedded separately. Cross-section East Interior_6A is the lower fragment that consists of gray primer, possibly also some putty, and corrosion products on its underside. Corss-section East Interior_6B includes the upper paint layers of dark gray, red and near-black.",1-3-F
139,Field Sample 139,21e6af33-8563-47bf-bd02-8f5c49d842d2,Analytical Report,599df1b7-3c7a-4974-a576-58cf59080704,CMAI_Eames_East_Int_6B_XS,"Alan Phenix, Emily MacDonald-Korth",Alan Phenix,Emily MacDonald-Korth,,,201109,2011-09,House paint,Cross-section,Eames House,United States,12ab92a6-0269-49b0-a116-6998fd2ce65f,,Eames House,House,East Interior Window frame,"Mounted. Sample taken from window frame. Sample broke into two fragments during mounting; each fragment was embedded separately. Cross-section East Interior_6A is the lower fragment that consists of gray primer, possibly also some putty, and corrosion products on its underside. Corss-section East Interior_6B includes the upper paint layers of dark gray, red and near-black.",1-3-F
140,Field Sample 140,806586d7-594a-4f47-847a-fbc0a8c2e936,Analytical Report,599df1b7-3c7a-4974-a576-58cf59080704,CMAI_Eames_East_Int_7,"Alan Phenix, Emily MacDonald-Korth",Alan Phenix,Emily MacDonald-Korth,,,201109,2011-09,House paint,Fragment,Eames House,United States,12ab92a6-0269-49b0-a116-6998fd2ce65f,,Eames House,House,East Interior Window frame,Sample taken from an area of flaking paint next to the windowpane,1-3-F
141,Field Sample 141,a076317b-4ae6-4179-892a-5811137b73cd,Analytical Report,599df1b7-3c7a-4974-a576-58cf59080704,CMAI_Eames_East_Int_7_XS,"Alan Phenix, Emily MacDonald-Korth",Alan Phenix,Emily MacDonald-Korth,,,201109,2011-09,House paint,Cross-section,Eames House,United States,12ab92a6-0269-49b0-a116-6998fd2ce65f,,Eames House,House,East Interior Window frame,Mounted sample taken from an area of flaking paint next to the windowpane,1-3-F
142,Field Sample 142,5da5fa7e-08bc-40cc-a3f6-4d19f1e46c2b,Analytical Report,599df1b7-3c7a-4974-a576-58cf59080704,CMAI_Eames_East_Int_8,"Alan Phenix, Emily MacDonald-Korth",Alan Phenix,Emily MacDonald-Korth,,,201109,2011-09,House paint,Fragment,Eames House,United States,12ab92a6-0269-49b0-a116-6998fd2ce65f,,Eames House,House,East Interior Window frame,Sample taken from a thick build-up of paint next to the windowpane. Sample broke into two fragments during mounting; each fragment was embedded separately for preparation as cross-sections.,1-3-F
143,Field Sample 143,81c0344c-4a9c-4c1f-a061-036c389b8037,Analytical Report,599df1b7-3c7a-4974-a576-58cf59080704,CMAI_Eames_East_Int_8A_XS,"Alan Phenix, Emily MacDonald-Korth",Alan Phenix,Emily MacDonald-Korth,,,201109,2011-09,House paint,Cross-section,Eames House,United States,12ab92a6-0269-49b0-a116-6998fd2ce65f,,Eames House,House,East Interior Window frame,Mounted sample taken from a thick build-up of paint next to the windowpane. Sample broke into two fragments during mounting; each fragment was embedded separately for preparation as cross-sections.,1-3-F
144,Field Sample 144,00feaf5f-b2e5-44bf-ab68-b64a67db2e0c,Analytical Report,599df1b7-3c7a-4974-a576-58cf59080704,CMAI_Eames_East_Int_8B_XS,"Alan Phenix, Emily MacDonald-Korth",Alan Phenix,Emily MacDonald-Korth,,,201109,2011-09,House paint,Cross-section,Eames House,United States,12ab92a6-0269-49b0-a116-6998fd2ce65f,,Eames House,House,East Interior Window frame,Mounted sample taken from a thick build-up of paint next to the windowpane. Sample broke into two fragments during mounting; each fragment was embedded separately for preparation as cross-sections.,1-3-F
145,Field Sample 145,04c1db20-f54d-43fc-a62e-752cf5377a5c,Analytical Report,599df1b7-3c7a-4974-a576-58cf59080704,CMAI_Eames_North_Int_9,"Alan Phenix, Emily MacDonald-Korth",Alan Phenix,Emily MacDonald-Korth,,,201109,2011-09,House paint,Fragment,Eames House,United States,12ab92a6-0269-49b0-a116-6998fd2ce65f,,Eames House,House,North Interior Window frame,Sample of gray paint taken from the window frame just next to the pane.,1-3-F
146,Field Sample 146,35bfb0ad-2584-4906-ac0d-81e3de75a6a3,Analytical Report,599df1b7-3c7a-4974-a576-58cf59080704,CMAI_Eames_North_Int_9_XS,"Alan Phenix, Emily MacDonald-Korth",Alan Phenix,Emily MacDonald-Korth,,,201109,2011-09,House paint,Cross-section,Eames House,United States,12ab92a6-0269-49b0-a116-6998fd2ce65f,,Eames House,House,North Interior Window frame,Mounted sample of gray paint taken from the window frame just next to the pane.,1-3-F
147,Field Sample 147,544da1d0-f797-4d59-a074-1e045bed2b60,Analytical Report,599df1b7-3c7a-4974-a576-58cf59080704,CMAI_Eames_North_Ext_10,"Alan Phenix, Emily MacDonald-Korth",Alan Phenix,Emily MacDonald-Korth,,,201109,2011-09,House paint,Fragment,Eames House,United States,12ab92a6-0269-49b0-a116-6998fd2ce65f,,Eames House,House,North Exterior Window frame,"From corner of window frame, black paint bubbled up from failed putty/corrosion, sample may include a red primer and putty.",1-3-F
148,Field Sample 148,f3f8183b-065b-4d58-99f8-a00911699093,Analytical Report,599df1b7-3c7a-4974-a576-58cf59080704,CMAI_Eames_North_Ext_10_XS,"Alan Phenix, Emily MacDonald-Korth",Alan Phenix,Emily MacDonald-Korth,,,201109,2011-09,House paint,Cross-section,Eames House,United States,12ab92a6-0269-49b0-a116-6998fd2ce65f,,Eames House,House,North Exterior Window frame,"Mounted. From corner of window frame, black paint bubbled up from failed putty/corrosion, sample may include a red primer and putty.",1-3-F
149,Field Sample 149,fd8800b6-f978-4ac1-bd55-b7a22e3599be,Analytical Report,599df1b7-3c7a-4974-a576-58cf59080704,CMAI_Eames_South_Ext_11,"Alan Phenix, Emily MacDonald-Korth",Alan Phenix,Emily MacDonald-Korth,,,201109,2011-09,House paint,Fragment,Eames House,United States,12ab92a6-0269-49b0-a116-6998fd2ce65f,,Eames House,House,South Exterior Window frame,Sample of black paint taken from edge of loss on window frame. Putty failing. Three separate sub-fragments from the fragment selected as cross-section. Uppermost fragment A includes the paint layer(s); lower fragments B and C are essentially putty material.,1-3-F
150,Field Sample 150,86a70d33-c24c-4935-891b-4ff58dc4ff11,Analytical Report,599df1b7-3c7a-4974-a576-58cf59080704,CMAI_Eames_South_Ext_11_XS,"Alan Phenix, Emily MacDonald-Korth",Alan Phenix,Emily MacDonald-Korth,,,201109,2011-09,House paint,Cross-section,Eames House,United States,12ab92a6-0269-49b0-a116-6998fd2ce65f,,Eames House,House,South Exterior Window frame,Mounted. Sample of black paint taken from edge of loss on window frame. Putty failing. Three separate sub-fragments from the fragment selected as cross-section. Uppermost fragment A includes the paint layer(s); lower fragments B and C are essentially putty material.,1-3-F
151,Field Sample 151,e768dab0-cb13-4037-928d-35e02c43a692,Analytical Report,599df1b7-3c7a-4974-a576-58cf59080704,CMAI_Eames_West_Ext_12,"Alan Phenix, Emily MacDonald-Korth",Alan Phenix,Emily MacDonald-Korth,,,201109,2011-09,House paint,Fragment,Eames House,United States,12ab92a6-0269-49b0-a116-6998fd2ce65f,,Eames House,House,West Exterior Window frame,"Blue paint from panel frame, possibly includes some caulk, taken from an edge of a repainted area.",1-3-F
152,Field Sample 152,c7f8f2df-f506-4c54-9f70-5fed1eaa6575,Analytical Report,599df1b7-3c7a-4974-a576-58cf59080704,CMAI_Eames_West_Ext_12_XS,"Alan Phenix, Emily MacDonald-Korth",Alan Phenix,Emily MacDonald-Korth,,,201109,2011-09,House paint,Cross-section,Eames House,United States,12ab92a6-0269-49b0-a116-6998fd2ce65f,,Eames House,House,West Exterior Window frame,"Mounted. Blue paint from panel frame, possibly includes some caulk, taken from an edge of a repainted area.",1-3-F
153,Field Sample 153,8182a7d2-0656-49a7-81e3-4c7c4c00608a,Analytical Report,599df1b7-3c7a-4974-a576-58cf59080704,CMAI_Eames_West_Ext_13,"Alan Phenix, Emily MacDonald-Korth",Alan Phenix,Emily MacDonald-Korth,,,201109,2011-09,House paint,Fragment,Eames House,United States,12ab92a6-0269-49b0-a116-6998fd2ce65f,,Eames House,House,West Exterior Window frame,"Blue paint from edge of repainted area, possibly includes caulk.",1-3-F
154,Field Sample 154,e2c26d9d-8b48-440f-b05f-bd5eda0d32e2,Analytical Report,599df1b7-3c7a-4974-a576-58cf59080704,CMAI_Eames_West_Ext_13_XS,"Alan Phenix, Emily MacDonald-Korth",Alan Phenix,Emily MacDonald-Korth,,,201109,2011-09,House paint,Cross-section,Eames House,United States,12ab92a6-0269-49b0-a116-6998fd2ce65f,,Eames House,House,West Exterior Window frame,"Mounted. Blue paint from edge of repainted area, possibly includes caulk.",1-3-F
155,Field Sample 155,727ca0c0-95e5-4402-b9cb-3c26e52d980c,Analytical Report,599df1b7-3c7a-4974-a576-58cf59080704,CMAI_Eames_West_Ext_14,"Alan Phenix, Emily MacDonald-Korth",Alan Phenix,Emily MacDonald-Korth,,,201109,2011-09,House paint,Fragment,Eames House,United States,12ab92a6-0269-49b0-a116-6998fd2ce65f,,Eames House,House,West Exterior Window frame,Loose fragment from edge of loss in black paint on metal frame.,1-3-F
156,Field Sample 156,45a30926-79bd-4933-b655-1c6c746b1ab0,Analytical Report,599df1b7-3c7a-4974-a576-58cf59080704,CMAI_Eames_West_Ext_14_XS,"Alan Phenix, Emily MacDonald-Korth",Alan Phenix,Emily MacDonald-Korth,,,201109,2011-09,House paint,Cross-section,Eames House,United States,12ab92a6-0269-49b0-a116-6998fd2ce65f,,Eames House,House,West Exterior Window frame,Mounted. Loose fragment from edge of loss in black paint on metal frame.,1-3-F
157,Field Sample 157,c8b0ffba-54d1-485c-9b47-531e5de3dc08,Analytical Report,599df1b7-3c7a-4974-a576-58cf59080704,CMAI_Eames_West_Ext_15,"Alan Phenix, Emily MacDonald-Korth",Alan Phenix,Emily MacDonald-Korth,,,201109,2011-09,House paint,Fragment,Eames House,United States,12ab92a6-0269-49b0-a116-6998fd2ce65f,,Eames House,House,West Exterior Window frame,Metallic paint at location of impact damage site on silver-painted panel. Sample includes also some of the underlying panel material.,1-3-F
158,Field Sample 158,14d4ef20-caaa-4cc0-b9bc-ce9b71ee793f,Analytical Report,599df1b7-3c7a-4974-a576-58cf59080704,CMAI_Eames_West_Ext_15_XS,"Alan Phenix, Emily MacDonald-Korth",Alan Phenix,Emily MacDonald-Korth,,,201109,2011-09,House paint,Cross-section,Eames House,United States,12ab92a6-0269-49b0-a116-6998fd2ce65f,,Eames House,House,West Exterior Window frame,Mounted. Metallic paint at location of impact damage site on silver-painted panel. Sample includes also some of the underlying panel material.,1-3-F
159,Field Sample 159,8ec97dbe-3636-4b4c-a2a2-b8f8fe11a0d3,Analytical Report,599df1b7-3c7a-4974-a576-58cf59080704,CMAI_Eames_PL.Sample_1,Emily MacDonald-Korth,Emily MacDonald-Korth,,,,201109,2011-09,House paint,Cross-section,Eames House,United States,12ab92a6-0269-49b0-a116-6998fd2ce65f,,Eames House,,Painted Plate in Eames studio,"Sample taken from painted plate found in Eames Studio, thought to be a sample of color used in Eames decoration",1-3-F
160,Field Sample 160,db0775cb-2d19-4263-b903-a833337204d8,Analytical Report,599df1b7-3c7a-4974-a576-58cf59080704,CMAI_Eames_PL.Sample_2,Emily MacDonald-Korth,Emily MacDonald-Korth,,,,201109,2011-09,House paint,Cross-section,Eames House,United States,12ab92a6-0269-49b0-a116-6998fd2ce65f,,Eames House,,Painted Plate in Eames studio,"Sample taken from painted plate found in Eames Studio, thought to be a sample of color used in Eames decoration",1-3-F
161,Field Sample 161,4ea89e60-1852-41b0-b637-4f5f6bb024bd,Analytical Report,599df1b7-3c7a-4974-a576-58cf59080704,CMAI_Eames_PL.Sample_3,Emily MacDonald-Korth,Emily MacDonald-Korth,,,,201109,2011-09,House paint,Cross-section,Eames House,United States,12ab92a6-0269-49b0-a116-6998fd2ce65f,,Eames House,,Painted Plate in Eames studio,"Sample taken from painted plate found in Eames Studio, thought to be a sample of color used in Eames decoration",1-3-F
162,Field Sample 162,4d4cc280-7b8e-4b12-afa7-a445059d7781,Analytical Report,599df1b7-3c7a-4974-a576-58cf59080704,CMAI_Eames_PL.Sample_4,Emily MacDonald-Korth,Emily MacDonald-Korth,,,,201109,2011-09,House paint,Cross-section,Eames House,United States,12ab92a6-0269-49b0-a116-6998fd2ce65f,,Eames House,,Painted Plate in Eames studio,"Sample taken from painted plate found in Eames Studio, thought to be a sample of color used in Eames decoration",1-3-F
163,Field Sample 163,549aff4c-23a8-4749-b49d-bbb71bd92a8f,Analytical Report,599df1b7-3c7a-4974-a576-58cf59080704,CMAI_Eames_PL.Sample_5,Emily MacDonald-Korth,Emily MacDonald-Korth,,,,201109,2011-09,House paint,Cross-section,Eames House,United States,12ab92a6-0269-49b0-a116-6998fd2ce65f,,Eames House,,Painted Plate in Eames studio,"Sample taken from painted plate found in Eames Studio, thought to be a sample of color used in Eames decoration",1-3-F
164,Field Sample 164,697654ca-b313-4688-84f9-ea9d716a8054,Analytical Report,599df1b7-3c7a-4974-a576-58cf59080704,CMAI_Eames_PL.Sample_6,Emily MacDonald-Korth,Emily MacDonald-Korth,,,,201109,2011-09,House paint,Cross-section,Eames House,United States,12ab92a6-0269-49b0-a116-6998fd2ce65f,,Eames House,,Painted Plate in Eames studio,"Sample taken from painted plate found in Eames Studio, thought to be a sample of color used in Eames decoration",1-3-F
165,Field Sample 165,8bed80ac-a814-43e8-818a-4b853c5e13ce,Analytical Report,599df1b7-3c7a-4974-a576-58cf59080704,CMAI_Eames_PL.Sample_7,Emily MacDonald-Korth,Emily MacDonald-Korth,,,,201109,2011-09,House paint,Cross-section,Eames House,United States,12ab92a6-0269-49b0-a116-6998fd2ce65f,,Eames House,,Painted Plate in Eames studio,"Sample taken from painted plate found in Eames Studio, thought to be a sample of color used in Eames decoration",1-3-F
166,Field Sample 166,6c69baff-a283-4b3c-84ef-cebd8f483cb0,Analytical Report,599df1b7-3c7a-4974-a576-58cf59080704,CMAI_Eames_Sample_Floor,Alan Phenix,Alan Phenix,,,,201109,2011-09,Floor coating,Cross-section,Eames House,United States,12ab92a6-0269-49b0-a116-6998fd2ce65f,,Eames House,House,Eames House Floor,Sample taken from Eames House floor to indentify the type of material used as coating,1-3-F
167,Field Sample 167,c4b0b5ca-fef0-4463-b52d-7d8144d3e927,Analytical Report,599df1b7-3c7a-4974-a576-58cf59080704,CMAI_Eames_Can_5,Emily MacDonald-Korth,Emily MacDonald-Korth,,,,201109,2011-09,House paint,Cross-section,Eames House,United States,12ab92a6-0269-49b0-a116-6998fd2ce65f,,Eames House,,Paint can in Eames studio,"Sample taken from old paint can found in Eames Studio, thought to be a sample of color used in Eames decoration",1-3-F
168,Field Sample 168,3673545a-9d64-4ed9-8f62-b4abc664a7f1,Analytical Report,599df1b7-3c7a-4974-a576-58cf59080704,CMAI_Eames_Can_11,Emily MacDonald-Korth,Emily MacDonald-Korth,,,,201109,2011-09,House paint,Cross-section,Eames House,United States,12ab92a6-0269-49b0-a116-6998fd2ce65f,,Eames House,,Paint can in Eames studio,"Sample taken from old paint can found in Eames Studio, thought to be a sample of color used in Eames decoration",1-3-F
169,Field Sample 169,97a95411-6242-43a5-9200-8e1d5987e02a,Analytical Report,599df1b7-3c7a-4974-a576-58cf59080704,CMAI_Eames_Can_15,Emily MacDonald-Korth,Emily MacDonald-Korth,,,,201109,2011-09,House paint,Cross-section,Eames House,United States,12ab92a6-0269-49b0-a116-6998fd2ce65f,,Eames House,,Paint can in Eames studio,"Sample taken from old paint can found in Eames Studio, thought to be a sample of color used in Eames decoration",1-3-F
170,Field Sample 170,7750326f-c56a-408c-bec0-5b6ea3803964,Analytical Report,599df1b7-3c7a-4974-a576-58cf59080704,CMAI_Eames_Putty_1A,Emily MacDonald-Korth,Emily MacDonald-Korth,,,,201109,2011-09,Painted putty window fragment,Cross-section,Eames House,United States,12ab92a6-0269-49b0-a116-6998fd2ce65f,,Eames House,,Painted putty fragment in Eames studio,"Sampled from a larger fragment of window putty,   from a box of window putty fragments known to have come from Eames House window after 1994 earthquake",1-3-F
171,Field Sample 171,b9f5e5ec-19ba-4742-9ed0-48e60fd6c5f3,Analytical Report,599df1b7-3c7a-4974-a576-58cf59080704,CMAI_Eames_Putty_1B_1,Emily MacDonald-Korth,Emily MacDonald-Korth,,,,201109,2011-09,Painted putty window fragment,Cross-section,Eames House,United States,12ab92a6-0269-49b0-a116-6998fd2ce65f,,Eames House,,Painted putty fragment in Eames studio,"Sampled from a larger fragment of window putty,   from a box of window putty fragments known to have come from Eames House window after 1994 earthquake",1-3-F
172,Field Sample 172,39dae6c7-86b8-4e48-a974-586da7f3ef23,Analytical Report,599df1b7-3c7a-4974-a576-58cf59080704,CMAI_Eames_Putty_1B_2,Emily MacDonald-Korth,Emily MacDonald-Korth,,,,201109,2011-09,Painted putty window fragment,Cross-section,Eames House,United States,12ab92a6-0269-49b0-a116-6998fd2ce65f,,Eames House,,Painted putty fragment in Eames studio,"Sampled from a larger fragment of window putty,   from a box of window putty fragments known to have come from Eames House window after 1994 earthquake",1-3-F
173,Field Sample 173,4b1e4864-384b-43ad-b0d7-aa0bf862b659,,,1,,,,,,199005,1990-05,,Fragment,,Egypt,e37e4bc7-188b-48ac-b510-9ac596b79756,,Giza,Great Sphinx,"Scale Rump, on top",,1-3-K
174,Field Sample 174,a362a38f-cb11-4123-9568-a3f486976b2b,,,2,,,,,,199005,1990-05,,Fragment,,Egypt,e37e4bc7-188b-48ac-b510-9ac596b79756,,Giza,Great Sphinx,,,1-3-K
175,Field Sample 175,4a9efd43-6402-4c09-9eb0-263d601f4cd1,,,3,,,,,,199005,1990-05,,Fragment,,Egypt,e37e4bc7-188b-48ac-b510-9ac596b79756,,Giza,Great Sphinx,"Rump, NW side towards left hanch",,1-3-K
176,Field Sample 176,a84bc9ca-e153-4e78-a587-edea8aaa10b2,,,4,,,,,,199005,1990-05,,Fragment,,Egypt,e37e4bc7-188b-48ac-b510-9ac596b79756,,Giza,Great Sphinx,"Scaling on top, horizontal surface, rump",,1-3-K
177,Field Sample 177,73f3991c-4b88-4220-838e-bd185cf7cec6,,,5,,,,,,199005,1990-05,,Fragment,,Egypt,e37e4bc7-188b-48ac-b510-9ac596b79756,,Giza,Great Sphinx,Back,Duricrust + underlying soft yellow stone,1-3-K
178,Field Sample 178,6de53d83-61b2-4a24-9d38-7c3c918ee2a9,,,6,,,,,,199005,1990-05,,Fragment,,Egypt,e37e4bc7-188b-48ac-b510-9ac596b79756,,Giza,Great Sphinx,Back of neck,Duricrust,1-3-K
179,Field Sample 179,8513c814-f6da-4edb-912b-3133e1e03e36,,,7,,,,,,199005,1990-05,,Fragment,,Egypt,e37e4bc7-188b-48ac-b510-9ac596b79756,,Giza,Great Sphinx,Upper left chest/neck area,Crust,1-3-K
180,Field Sample 180,aa504e85-92ed-4deb-8bda-a5647edec2d7,,,8,,,,,,199005,1990-05,,Fragment,,Egypt,e37e4bc7-188b-48ac-b510-9ac596b79756,,Giza,Great Sphinx,Lower throat,Fallen scales of soft stone,1-3-K
181,Field Sample 181,26f88a81-e967-4d1a-a8f2-5c2e95ef8978,,,9,,,,,,199005,1990-05,,Fragment,,Egypt,e37e4bc7-188b-48ac-b510-9ac596b79756,,Giza,Great Sphinx,Upper left chest area,Fallen pieces,1-3-K
182,Field Sample 182,747ff402-f180-418c-8ea1-8029bf31c3c6,,,10,,,,,,199005,1990-05,,Fragment,,Egypt,e37e4bc7-188b-48ac-b510-9ac596b79756,,Giza,Great Sphinx,Upper left chest region,Fallen scales and pieces. White stone + some duricrust,1-3-K
183,Field Sample 183,f3bede13-7252-430e-b966-63a81d922a48,,,11,,,,,,199005,1990-05,,Fragment,,Egypt,e37e4bc7-188b-48ac-b510-9ac596b79756,,Giza,Great Sphinx,White soft scales from upper shoulder left side,,1-3-K
184,Field Sample 184,7ce04fcd-163f-45f7-9c3f-32076bd55279,,,12,E. Porta,E. Porta,,,,199001,1990-01,Mortar,Fragment,,Egypt,e37e4bc7-188b-48ac-b510-9ac596b79756,,Giza,Great Sphinx,Behind falled limestone block on tail south side,3 mortar samples (2 types lime mortar + one gray cement) from Khaday restoration? 70s +  80s,1-3-K
185,Field Sample 185,3d5422bd-7e31-40f1-832a-e217927aee5b,,,Sample Row: 185,,,,,,199005,1990-05,Sand,Bulk material,,Egypt,e37e4bc7-188b-48ac-b510-9ac596b79756,,Giza,Great Sphinx,,sand for restoration lime mortar,1-3-K
186,Field Sample 186,ed445b75-f6e2-4687-89b1-7332c12e5ec5,,,Sample Row: 186,,,,,,199005,1990-05,Limestone,,,Egypt,e37e4bc7-188b-48ac-b510-9ac596b79756,,Giza,Great Sphinx,"Western end of site, from perimeter ditch not monument",Limestone,1-3-K
187,Field Sample 187,46d89da7-b546-4ccc-9d3e-e775f0e2fdac,,,Sample Row: 187,,,,,,,,Limestone,,,Egypt,e37e4bc7-188b-48ac-b510-9ac596b79756,,Abydos,Temple Seti I,,,1-3-K
188,Field Sample 188,3ebeb1b6-35f5-4a77-8d87-9c2e0ca2c765,,,M1,Giacomo Chiari,Giacomo Chiari,,,,,,,,Giacomo Chiari,,,,,,,Diente interior de Tlaltecuhtli,"1-3-J, 1-6-F"
189,Field Sample 189,8a55bbf7-b1af-4ef8-9398-38263fd32e76,,,M2,Giacomo Chiari,Giacomo Chiari,,,,,,,,Giacomo Chiari,,,,,,,Diente superior de Tlaltecuhtli,"1-3-J, 1-6-F"
190,Field Sample 190,5f5447fa-b6ec-4955-93bb-3155b454112a,,,M3,Giacomo Chiari,Giacomo Chiari,,,,,,,,Giacomo Chiari,,,,,,,Legua de Tlaltecuhtli,"1-3-J, 1-6-F"
191,Field Sample 191,c2172290-9c14-4947-9397-aed54d69a5cf,,,M4,Giacomo Chiari,Giacomo Chiari,,,,,,,,Giacomo Chiari,,,,,,,"Charro de sangre, Tlaltecuhtli","1-3-J, 1-6-F"
192,Field Sample 192,942573d8-12b8-4f51-b52f-e91292ac1498,,,M5,Giacomo Chiari,Giacomo Chiari,,,,,,,,Giacomo Chiari,,,,,,,Boca de Tlaltecuhtli,"1-3-J, 1-6-F"
193,Field Sample 193,0fe5a0d1-f7bf-441a-8dff-b03d89e6a827,,,PTM-7,Giacomo Chiari,Giacomo Chiari,,,,1/10/2007,2007-01-10,,,Giacomo Chiari,Mexico,f4c44e22-201b-45c9-9f0b-0c4d9c3acdb9,,Inah,,,Samples 1-10,"1-3-J, 1-6-F"
194,Field Sample 194,b129dca7-4c9c-4c0c-92c5-7f7cf3d10491,,,PTM-7,Giacomo Chiari,Giacomo Chiari,,,,20070417,2007-04-17,,,Giacomo Chiari,,,,,,,"Op. 11, M.80, Mat. Asoc., a la oquedad del monolito","1-3-J, 1-6-F"
195,Field Sample 195,dc0ed2b2-1437-4b81-bcb4-5d0f8daac445,,,PTM-7,Giacomo Chiari,Giacomo Chiari,,,,200705,2007-05,,,Giacomo Chiari,,,,,,,"OP.3, OF. 121, DCMO, M: 12, sedimento, xchb","1-3-J, 1-6-F"
196,Field Sample 196,be71f884-0063-41bd-8a76-cb025ace8318,,,PTM-7,Giacomo Chiari,Giacomo Chiari,,,,20070414,2007-04-14,,,Giacomo Chiari,,,,,,,"OP. 1, M: 69, sedimento (chorro de sangre, extemo) xchb","1-3-J, 1-6-F"
197,Field Sample 197,69e95cbf-1530-49c5-9df4-ef4c3b09af61,,,PTM-7,Giacomo Chiari,Giacomo Chiari,,,,,,,,Giacomo Chiari,,,,,,,"OP. 1, Muestra: 66, Sedimento (Bajo Orgera 129 del monolito), xchb","1-3-J, 1-6-F"
198,Field Sample 198,c1ebe6ea-8ded-4e2d-8e2d-900a6dde858c,,,PTM-7,Giacomo Chiari,Giacomo Chiari,,,,20070407,2007-04-07,,,Giacomo Chiari,,,,,,,"OP. 1, M:67, sedimento (churre de sangre, lado, der), xchb","1-3-J, 1-6-F"
199,Field Sample 199,3af74001-cca2-47ad-8604-aa2e49f8170f,,,PTM-7,Giacomo Chiari,Giacomo Chiari,,,,20070510,2007-05-10,,,Giacomo Chiari,,,,,,,"OP.3, OF. 121, Domo Muestra: 5, sedimento ocre, xchb","1-3-J, 1-6-F"
200,Field Sample 200,5b2be20e-a11c-44f6-abb3-872f716ce2ca,,,PTM-7,Giacomo Chiari,Giacomo Chiari,,,,20070510,2007-05-10,,,Giacomo Chiari,,,,,,,"OP. 3, OF. 121, domo, Muestra: 11, sedimento, xchb","1-3-J, 1-6-F"
201,Field Sample 201,59a9ca70-c68d-4709-885f-20a479ec278e,,,PTM-7,Giacomo Chiari,Giacomo Chiari,,,,20070510,2007-05-10,,,Giacomo Chiari,,,,,,,"OP. 3, OF. 121, Domo, Muestra: , sedimento, xchb","1-3-J, 1-6-F"
202,Field Sample 202,289efbd8-8996-4de1-ade0-63fc224c50c7,,,PTM-11,Giacomo Chiari,Giacomo Chiari,,,,,,,,Giacomo Chiari,,,,,,,,"1-3-J, 1-6-F"
203,Field Sample 203,d0612e28-7bf3-49e9-b077-c561276f70b7,,,PTM-12,Giacomo Chiari,Giacomo Chiari,,,,,,,,Giacomo Chiari,,,,,,,,"1-3-J, 1-6-F"
204,Field Sample 204,bfae257e-4af0-4244-b8aa-6d0793aaabeb,,,PTM-14,Giacomo Chiari,Giacomo Chiari,,,,,,,,Giacomo Chiari,,,,,,,,"1-3-J, 1-6-F"
205,Field Sample 205,056b2cbc-7382-4cc0-8bb9-44b2554ae27c,,,PTM-15,Giacomo Chiari,Giacomo Chiari,,,,,,,,Giacomo Chiari,,,,,,,,"1-3-J, 1-6-F"
206,Field Sample 206,388264a1-18c3-46f2-ae25-5d62f28269e1,,,PTM-16,Giacomo Chiari,Giacomo Chiari,,,,,,,,Giacomo Chiari,,,,,,,,"1-3-J, 1-6-F"
207,Field Sample 207,b196852b-622d-49f0-9380-a1a8ac3f8d4b,,,PTM-17,Giacomo Chiari,Giacomo Chiari,,,,,,,,Giacomo Chiari,,,,,,,,"1-3-J, 1-6-F"
208,Field Sample 208,ad07fb59-df9f-4937-8bc3-79a49b44e5a1,,,PTM-18,Giacomo Chiari,Giacomo Chiari,,,,,,,,Giacomo Chiari,,,,,,,,"1-3-J, 1-6-F"
209,Field Sample 209,17d0f75d-6a3e-4420-b2fa-b4e0f65d2399,,,PTM-19,Giacomo Chiari,Giacomo Chiari,,,,,,,,Giacomo Chiari,,,,,,,,"1-3-J, 1-6-F"
210,Field Sample 210,f14a1c2b-3710-44c1-8e2e-292df8dd75ef,,,PTM-20,Giacomo Chiari,Giacomo Chiari,,,,,,,,Giacomo Chiari,,,,,,,,"1-3-J, 1-6-F"
211,Field Sample 211,8142a4e1-6d75-4d4a-b82f-cfac884ca57e,,,PTM-21,Giacomo Chiari,Giacomo Chiari,,,,,,,,Giacomo Chiari,,,,,,,,"1-3-J, 1-6-F"
212,Field Sample 212,a8f744ea-6824-4eaf-b965-99a52d044642,,,PTM-22,Giacomo Chiari,Giacomo Chiari,,,,,,,,Giacomo Chiari,,,,,,,,"1-3-J, 1-6-F"
213,Field Sample 213,043d8d66-e396-4f50-aa7f-fb90ab7a2fd2,,,PTM-23,Giacomo Chiari,Giacomo Chiari,,,,,,,,Giacomo Chiari,,,,,,,,"1-3-J, 1-6-F"
214,Field Sample 214,6f2f918b-91ed-4e43-a773-fe7ed68370c7,,,PTM-24,Giacomo Chiari,Giacomo Chiari,,,,,,,,Giacomo Chiari,,,,,,,,"1-3-J, 1-6-F"
215,Field Sample 215,3709ca06-b9e6-4ec3-9bbf-39440bcb850c,,,PTM-25,Giacomo Chiari,Giacomo Chiari,,,,,,,,Giacomo Chiari,,,,,,,,"1-3-J, 1-6-F"
216,Field Sample 216,a573d105-87c8-4006-b17c-3522861eca05,,,PTM-26,Giacomo Chiari,Giacomo Chiari,,,,,,,,Giacomo Chiari,,,,,,,,"1-3-J, 1-6-F"
217,Field Sample 217,117ce949-3931-491b-a3f9-fa2b05ee3f1e,,,PTM-27,Giacomo Chiari,Giacomo Chiari,,,,,,,,Giacomo Chiari,,,,,,,,"1-3-J, 1-6-F"
218,Field Sample 218,b9eb512a-216f-44a5-8c26-f316b1ecb79e,,,PTM-28,Giacomo Chiari,Giacomo Chiari,,,,,,,,Giacomo Chiari,,,,,,,,"1-3-J, 1-6-F"
219,Field Sample 219,17b0a760-bef6-478c-af4f-77a626abe934,,,PTM-29,Giacomo Chiari,Giacomo Chiari,,,,,,,,Giacomo Chiari,,,,,,,,"1-3-J, 1-6-F"
220,Field Sample 220,a02ba8c8-6484-4d2c-9308-c7fd5d5a3ce4,,,Sample Row: 220,Giacomo Chiari,Giacomo Chiari,,,,200780808,2007-08-08,,,Giacomo Chiari,,,,,,,,"1-3-J, 1-6-F"
221,Field Sample 221,08059f3a-d57f-4dc0-94e9-c8dffbbfc88b,,,Sample Row: 221,GCI (Giacomo Chiari),Getty Conservation Institute,Giacomo Chiari,,,,,,,Giacomo Chiari,Mexico,f4c44e22-201b-45c9-9f0b-0c4d9c3acdb9,,Cacaxtla/Tlaxcala,,,1 - Yellow sample,"1-3-J, 1-6-F"
222,Field Sample 222,dff278e1-3baa-48fb-b3f3-f6606d4dae37,,,Sample Row: 222,GCI (Giacomo Chiari),Getty Conservation Institute,Giacomo Chiari,,,2002,2002,,,Giacomo Chiari,Mexico,f4c44e22-201b-45c9-9f0b-0c4d9c3acdb9,,Bonampak/Chiapas,,,2 - Pieces,"1-3-J, 1-6-F"
223,Field Sample 223,8fa1c220-d8f0-48ed-8b0f-afefeb8c2b8e,,,Sample Row: 223,GCI (Giacomo Chiari),Getty Conservation Institute,Giacomo Chiari,,,1986,1986,,,Giacomo Chiari,Mexico,f4c44e22-201b-45c9-9f0b-0c4d9c3acdb9,,Palenque/Chiapas,,,1 - Maya Blue (and slide),"1-3-J, 1-6-F"
224,Field Sample 224,199d7dae-e272-43a0-acb7-d91aa6e75c48,,,Sample Row: 224,GCI (Giacomo Chiari),Getty Conservation Institute,Giacomo Chiari,,,1995,1995,,,Giacomo Chiari,Mexico,f4c44e22-201b-45c9-9f0b-0c4d9c3acdb9,,Teotihuacan/Basin of Mexico/ San Juan Teotihuacan,,,"2 - bags of red trim, 23 - pieces","1-3-J, 1-6-F"
225,Field Sample 225,fbf216e5-aeef-499f-bdc0-15796bf3e97f,,,Sample Row: 225,GCI (Giacomo Chiari),Getty Conservation Institute,Giacomo Chiari,,,2004,2004,,,Giacomo Chiari,Mexico,f4c44e22-201b-45c9-9f0b-0c4d9c3acdb9,,Templo Mayor/Tenochtitlan,,,6 - pieces,"1-3-J, 1-6-F"
226,Field Sample 226,e02f7ba0-24bd-43b1-9ad3-64e658907c17,,,Sample Row: 226,GCI (Giacomo Chiari),Getty Conservation Institute,Giacomo Chiari,,,2002,2002,,,Giacomo Chiari,Mexico,f4c44e22-201b-45c9-9f0b-0c4d9c3acdb9,,Tamuin,,,1 - Maya Blue (Blue pyramid?),"1-3-J, 1-6-F"
227,Field Sample 227,28d6c0d5-e31e-4677-9393-f760b225b2d5,,,Sample Row: 227,GCI (Giacomo Chiari),Getty Conservation Institute,Giacomo Chiari,,,,,,,Giacomo Chiari,Mexico,f4c44e22-201b-45c9-9f0b-0c4d9c3acdb9,,Conjunto Xalla,,,3 - Samples,"1-3-J, 1-6-F"
228,Field Sample 228,d0416172-35f5-41ae-987f-100a972825e9,,,Sample Row: 228,GCI (Giacomo Chiari),Getty Conservation Institute,Giacomo Chiari,,,,,,,Giacomo Chiari,Mexico,f4c44e22-201b-45c9-9f0b-0c4d9c3acdb9,,Conjunto Xalla,,,"Analys samples - 8 vials, 2 slides, 11 bags","1-3-J, 1-6-F"
229,Field Sample 229,b26fc4f5-7ecd-47ee-a8fc-3cc21e9b87b2,,,Sample Row: 229,GCI (Giacomo Chiari),Getty Conservation Institute,Giacomo Chiari,,,2007,2007,,,Giacomo Chiari,Mexico,f4c44e22-201b-45c9-9f0b-0c4d9c3acdb9,,Sacalum/Yucatan,,,Clay samples (3 bags),"1-3-J, 1-6-F"
230,Field Sample 230,95251918-4195-442c-8ad7-7b0e4332b032,,,Sample Row: 230,GCI (Giacomo Chiari),Getty Conservation Institute,Giacomo Chiari,,,,,,,Giacomo Chiari,Mexico,f4c44e22-201b-45c9-9f0b-0c4d9c3acdb9,,Mapimi,,,1  - Patterite Emimorfite Mina Ojuela,"1-3-J, 1-6-F"
231,Field Sample 231,9845e973-06f3-470e-b3bd-633b79c3cf89,,,Sample Row: 231,GCI (Giacomo Chiari),Getty Conservation Institute,Giacomo Chiari,,,1995,1995,,,Giacomo Chiari,Peru,d124bf25-8952-43ce-a189-c70fc540a194,,Chan Chan/Trujillo,,,"El Brujo Sofrito, color rojo",1-1-G
232,Field Sample 232,21c1d726-f360-4055-924d-0a5d1eb12f10,,,Sample Row: 232,GCI (Giacomo Chiari),Getty Conservation Institute,Giacomo Chiari,,,1975,1975,,,Giacomo Chiari,Peru,d124bf25-8952-43ce-a189-c70fc540a194,,Garagay/Lima,,,Treated ethyl silicate,"1-3-J, 1-6-F"
233,Field Sample 233,fccf2112-ee77-4e9d-918e-fd925aa4c3c7,,,Sample Row: 233,GCI (Giacomo Chiari),Getty Conservation Institute,Giacomo Chiari,,,1999,1999,,,Giacomo Chiari,Peru,d124bf25-8952-43ce-a189-c70fc540a194,,Manchay Bajo/Lima,,,,"1-3-J, 1-6-F"
234,Field Sample 234,9322529d-d595-43ed-a1a8-9f1822d1e093,,,Sample Row: 234,GCI (Giacomo Chiari),Getty Conservation Institute,Giacomo Chiari,,,1985,1985,,,Giacomo Chiari,Peru,d124bf25-8952-43ce-a189-c70fc540a194,,Trujillo,,,Finest clay,"1-3-J, 1-6-F"
235,Field Sample 235,4b30317a-51c6-4351-bdb3-b17c2f51c28f,,,Sample Row: 235,GCI (Giacomo Chiari),Getty Conservation Institute,Giacomo Chiari,,,,,,,Giacomo Chiari,Peru,d124bf25-8952-43ce-a189-c70fc540a194,,Huaca de la Luna/Trujillo,,,,"1-3-J, 1-6-F"
236,Field Sample 236,87b8fe0d-5712-4a31-9166-39b6695c719a,,,Sample Row: 236,GCI (Giacomo Chiari),Getty Conservation Institute,Giacomo Chiari,,,1986,1986,,,Giacomo Chiari,Peru,d124bf25-8952-43ce-a189-c70fc540a194,,Huaca de la Luna/Trujillo,,,Yellow Sample,"1-3-J, 1-6-F"
237,Field Sample 237,6e2037f2-8914-494a-975f-1ce128569fdd,,,Sample Row: 237,GCI (Giacomo Chiari),Getty Conservation Institute,Giacomo Chiari,,,1999,1999,,,Giacomo Chiari,Peru,d124bf25-8952-43ce-a189-c70fc540a194,,Manchay Bajo/Lima,,,3 bags of samples,"1-3-J, 1-6-F"
238,Field Sample 238,41133c36-b15c-44c3-8ce8-1b9013f3c96b,,,Sample Row: 238,GCI (Giacomo Chiari),Getty Conservation Institute,Giacomo Chiari,,,1996,1996,,,Giacomo Chiari,Peru,d124bf25-8952-43ce-a189-c70fc540a194,,Huaca de la Luna/Trujillo,,,Blue not Blue (3 bags of samples),"1-3-J, 1-6-F"
239,Field Sample 239,a2f06a3a-f43c-471f-b524-2adcc238be87,,,Sample Row: 239,Giacomo Chiari,Giacomo Chiari,,,,,,,Reference -PVA,Giacomo Chiari,Peru,d124bf25-8952-43ce-a189-c70fc540a194,,Huaca de la Luna,,,Polyvinyl aoctate,"1-3-J, 1-6-F"
240,Field Sample 240,86f2a9fd-2f05-4050-b9c9-6843ec73531a,,,Sample Row: 240,Giacomo Chiari,Giacomo Chiari,,,,,,,Reference,Giacomo Chiari,Peru,d124bf25-8952-43ce-a189-c70fc540a194,,Huaca de la Luna,,,Molle costeño,"1-3-J, 1-6-F"
241,Field Sample 241,4b1f5a15-f4e6-46c4-926e-dab597373043,,,Sample Row: 241,Giacomo Chiari,Giacomo Chiari,,,,,,,Reference,Giacomo Chiari,Peru,d124bf25-8952-43ce-a189-c70fc540a194,,Huaca de la Luna,,,Algarrado SP?,"1-3-J, 1-6-F"
242,Field Sample 242,886f57a5-ed11-4064-93e2-84f59cad4b2b,,,Sample Row: 242,Giacomo Chiari,Giacomo Chiari,,,,,,,Reference,Giacomo Chiari,Peru,d124bf25-8952-43ce-a189-c70fc540a194,,Huaca de la Luna,,,Espino,"1-3-J, 1-6-F"
243,Field Sample 243,24714c46-796e-4fd4-9173-63840ee471dd,,,Sample Row: 243,Giacomo Chiari,Giacomo Chiari,,,,,,,Reference,Giacomo Chiari,Peru,d124bf25-8952-43ce-a189-c70fc540a194,,Huaca de la Luna,,,Paraloid B72,"1-3-J, 1-6-F"
244,Field Sample 244,5c56b2f0-f05a-46db-b3c7-dfe5a848d9cc,,,Sample Row: 244,Giacomo Chiari,Giacomo Chiari,,,,,,,Reference - Resin,Giacomo Chiari,Peru,d124bf25-8952-43ce-a189-c70fc540a194,,Huaca de la Luna,,,Resina de Algarrobo,"1-3-J, 1-6-F"
245,Field Sample 245,7a3c7108-7092-451e-8b7b-a2aa0c82dd41,,,Sample Row: 245,Giacomo Chiari,Giacomo Chiari,,,,,,,Reference,Giacomo Chiari,Peru,d124bf25-8952-43ce-a189-c70fc540a194,,Huaca de la Luna,,,Animal glue/cola animal,"1-3-J, 1-6-F"
246,Field Sample 246,753ee61b-84d4-4ebd-8243-04bf977bf51d,,,Sample Row: 246,Giacomo Chiari,Giacomo Chiari,,,,,,,Reference,Giacomo Chiari,Peru,d124bf25-8952-43ce-a189-c70fc540a194,,Huaca de la Luna,,,Algarrado?,"1-3-J, 1-6-F"
247,Field Sample 247,6f1e57d5-11c2-4ace-acab-4f0aa11e108b,,,Sample Row: 247,GCI (Giacomo Chiari),Getty Conservation Institute,Giacomo Chiari,,,1986,1986,,,Giacomo Chiari,Peru,d124bf25-8952-43ce-a189-c70fc540a194,,Chan Chan/Trujillo,,,,1-1-G
248,Field Sample 248,9bd3d35f-d9c7-436f-abb6-dce00383fccc,,,Sample Row: 248,GCI (Giacomo Chiari),Getty Conservation Institute,Giacomo Chiari,,,2003,2003,,,Giacomo Chiari,Syria,13334d9b-984b-476b-a8e9-16783a549763,true,Tell Mozan/Urkesh,,,2 - shreds,"1-3-J, 1-6-F"
249,Field Sample 249,b5dfdd3b-4097-4dad-8a27-1164b0cdc322,,,Sample Row: 249,GCI (Giacomo Chiari),Getty Conservation Institute,Giacomo Chiari,,,1996,1996,,,Giacomo Chiari,Syria,13334d9b-984b-476b-a8e9-16783a549763,true,,,,Frankincense,"1-3-J, 1-6-F"
250,Field Sample 250,912ef5de-23e1-4cab-a603-83b9cb09521a,,,Sample Row: 250,GCI (Giacomo Chiari),Getty Conservation Institute,Giacomo Chiari,,,1968,1968,,,Giacomo Chiari,Iraq,60ea2328-4d58-426a-8694-b083da0ef4f4,true,Diyala,,,,"1-3-J, 1-6-F"
251,Field Sample 251,929f6b53-3060-4322-bf13-aa467654b4bf,,,Sample Row: 251,GCI (Giacomo Chiari),Getty Conservation Institute,Giacomo Chiari,,,2005,2005,,,Giacomo Chiari,United States,12ab92a6-0269-49b0-a116-6998fd2ce65f,,Royal Presidio Chapel/San Francisco,,,3 - paint samples,1-6-F
252,Field Sample 252,6f849ea7-31aa-4eb9-aa26-9cb8dcb43a8b,,,Sample Row: 252,GCI (Giacomo Chiari),Getty Conservation Institute,Giacomo Chiari,,,1992,1992,,,Giacomo Chiari,Turkmenistan,d4c1423a-2fa8-443f-886c-93d70fbdd444,true,Nisa,,,10 - bags of samples,"1-3-J, 1-6-F"
253,Field Sample 253,0bebca35-b3dd-4a98-b20f-20d0031eb027,,,Sample Row: 253,GCI (Giacomo Chiari),Getty Conservation Institute,Giacomo Chiari,,,2000,2000,,,Giacomo Chiari,Iran,ada12203-4737-4d5a-81ec-15f2c15c813c,,Chogha Zanbil/Kuzestan,,,4 - samples,"1-3-J, 1-6-F"
254,Field Sample 254,3aa7d3c3-89c8-47d3-9c90-5eeec2099d3d,,,Sample Row: 254,GCI (Giacomo Chiari),Getty Conservation Institute,Giacomo Chiari,,,2001,2001,,,Giacomo Chiari,,,,,,,Maya Blue (5 viles Maya Alizarin con Marco 2001),"1-3-J, 1-6-F"
255,Field Sample 255,0f74f68d-b479-4c85-afc4-e7c11631d249,,,Sample Row: 255,GCI (Giacomo Chiari),Getty Conservation Institute,Giacomo Chiari,,,,,,,Giacomo Chiari,Ecuador,48cc4083-47ef-49e2-ac94-52fbab836778,,Quinto,,,3 - Virgen de Quito,"1-3-J, 1-6-F"
256,Field Sample 256,bd1de15f-3be5-4945-9bec-a2a546724fbd,,,Sample Row: 256,GCI (Giacomo Chiari),Getty Conservation Institute,Giacomo Chiari,,,,,,,Giacomo Chiari,Türkiye,ede7d427-3baa-46bc-9379-3f0c6bf8697e,,,,,1 - ceramic sherd,"1-3-J, 1-6-F"
257,Field Sample 257,425dc3e8-b6cb-4c09-a01d-272403a3e5ba,,,Sample Row: 257,GCI (Giacomo Chiari),Getty Conservation Institute,Giacomo Chiari,,,,,,,Giacomo Chiari,Türkiye,ede7d427-3baa-46bc-9379-3f0c6bf8697e,,,,,1 ceramic sherd,"1-3-J, 1-6-F"
258,Field Sample 258,0686bbf9-09b1-4a11-8719-44e16adfb524,,,Sample Row: 258,GCI (Giacomo Chiari),Getty Conservation Institute,Giacomo Chiari,,,,,,,Giacomo Chiari,Türkiye,ede7d427-3baa-46bc-9379-3f0c6bf8697e,,Acemuyuk,,,Adobe transformed (11 - bags of sapmles) (1990),"1-3-J, 1-6-F"
259,Field Sample 259,7ec9dc7f-18d7-435b-9851-cee18d29fbec,,,Sample Row: 259,GCI (Giacomo Chiari),Getty Conservation Institute,Giacomo Chiari,,,,,,,Giacomo Chiari,Jordan,cb14c7b6-772e-44d7-80a6-b23a8299840a,,tel al alat Ghazal,,,Frieze samples (3 - bags of samples) (1996),"1-3-J, 1-6-F"
260,Field Sample 260,c2600cf0-2cc9-4d70-8d91-cbe1b2095828,,,Sample Row: 260,GCI (Giacomo Chiari),Getty Conservation Institute,Giacomo Chiari,,,,,,,Giacomo Chiari,Cuba,6478f9f9-5508-45b3-8c4d-af8d11499ffb,,,,,8 - samples,"1-3-J, 1-6-F"
261,Field Sample 261,c13154c5-d96f-4615-a333-435c52e4175c,,,Sample Row: 261,GCI (Giacomo Chiari),Getty Conservation Institute,Giacomo Chiari,,,1996,1996,,,Giacomo Chiari,Switzerland,ec115617-791f-47f3-8e1b-ec3c0825af0d,,Lausanne molasse,,,Cathedral Lausanne Molassee Rock ( 12 bags),"1-3-J, 1-6-F"
262,Field Sample 262,a66ab2a2-3023-4c0d-9a8f-b44d9c66e367,,,Sample Row: 262,GCI (Giacomo Chiari),Getty Conservation Institute,Giacomo Chiari,,,2002,2002,,,Giacomo Chiari,Italy,04138f0a-3ae2-4fd0-88c7-7739277f432c,,Turin - Chapel of the Shroud/Torino,,,"1 - Roof tile, chingle of lead","1-3-J, 1-6-F"
263,Field Sample 263,7c6d2f27-9989-4521-b7c8-0b1246a1dd03,,,Sample Row: 263,GCI (Giacomo Chiari),Getty Conservation Institute,Giacomo Chiari,,,1995,1995,,,Giacomo Chiari,Italy,04138f0a-3ae2-4fd0-88c7-7739277f432c,,Vezzolano (near Torino),,,4 - bags of samples,"1-3-J, 1-6-F"
264,Field Sample 264,09556c11-0409-4031-866c-72e859933fa1,,,Sample Row: 264,GCI (Giacomo Chiari),Getty Conservation Institute,Giacomo Chiari,,,,,,,Giacomo Chiari,Switzerland,ec115617-791f-47f3-8e1b-ec3c0825af0d,,Cathedral Lausanne molasse,,,2 - Samples of rock,"1-3-J, 1-6-F"
265,Field Sample 265,bba66062-c436-4132-b313-c5f40bf135cd,,,Sample Row: 265,GCI (Giacomo Chiari),Getty Conservation Institute,Giacomo Chiari,,,,,,,Giacomo Chiari,Italy,04138f0a-3ae2-4fd0-88c7-7739277f432c,,Cieno,,,2 - sample jars,"1-3-J, 1-6-F"
266,Field Sample 266,c304462b-5f5b-463e-b02b-f950d9a2bfaa,,,Sample Row: 266,GCI (Giacomo Chiari),Getty Conservation Institute,Giacomo Chiari,,,,,Hematite,,Giacomo Chiari,,,,,,,1 - sample of Hematite,"1-3-J, 1-6-F"
267,Field Sample 267,305083b4-6431-427c-a1d9-5fb8798f9d7f,"x-sec (Gratziu), un-vis (Pique, GCI): ESEM_EDX (Carson, GCI)",9751fdb9-f495-4e51-93c1-52b070cb802e,HERC_BCN_W1_03_JUL07_XS,Francesca Pique and Alessandra De Vita,Francesca Pique,Alessandra De Vita,,,20070727,2007-07-27,Wall painting,Cross-section,Herculaneum,Italy,04138f0a-3ae2-4fd0-88c7-7739277f432c,,Herculaneum,BCN,"BCN, Tablino, West wall",Red background,"1-3-D, 1-3-E"
268,Field Sample 268,5304711e-e038-4c1a-b93e-959a2557942e,"x-sec (Gratziu), un-vis (Pique, GCI): ESEM_EDX (Carson, GCI)",9751fdb9-f495-4e51-93c1-52b070cb802e,HERC_BCN_W1_03_JUL07_TS,Francesca Pique and Alessandra DeVita,Francesca Pique,Alessandra De Vita,,,20070727,2007-07-27,Wall painting,Thin-section,Herculaneum,Italy,04138f0a-3ae2-4fd0-88c7-7739277f432c,,Herculaneum,BCN,"BCN, Tablino, West wall",Red background,"1-3-D, 1-3-E"
269,Field Sample 269,f3d0de5f-88c2-425e-af77-cc18da5ab055,,,HERC_BCN_24_JUL13,Emily MacDonald Korth,Emily MacDonald-Korth,,,,20130710,2013-07-10,Wall painting,Scraping,Herculaneum,Italy,04138f0a-3ae2-4fd0-88c7-7739277f432c,,Herculaneum,BCN,"BCN, Tablino, West wall",Scraping of red background before mechanical surface cleaning,"1-3-D, 1-3-E"
270,Field Sample 270,0cb96a5b-c011-42ab-94ec-241bebea5366,,,HERC_BCN_25_JUL13,Emily MacDonald Korth,Emily MacDonald-Korth,,,,20130711,2013-07-11,Wall painting,Scraping,Herculaneum,Italy,04138f0a-3ae2-4fd0-88c7-7739277f432c,,Herculaneum,BCN,"BCN, Tablino, West wall",Scraping of red background before mechanical surface cleaning,"1-3-D, 1-3-E"
271,Field Sample 271,27c66ce8-492a-46b8-bdf3-5a0194229edd,,,HERC_BCN_26_JUL13,Emily MacDonald Korth,Emily MacDonald-Korth,,,,20130712,2013-07-12,Wall painting,Scraping,Herculaneum,Italy,04138f0a-3ae2-4fd0-88c7-7739277f432c,,Herculaneum,BCN,"BCN, Tablino, West wall",Scraping of black background before mechanical surface cleaning,"1-3-D, 1-3-E"
272,Field Sample 272,f8ff7299-edb0-4373-b3e0-f138e4dda30d,,,HERC_BCN_27_JUL13,Emily MacDonald Korth,Emily MacDonald-Korth,,,,20130713,2013-07-13,Wall painting,Scraping,Herculaneum,Italy,04138f0a-3ae2-4fd0-88c7-7739277f432c,,Herculaneum,BCN,"BCN, Tablino, West wall",Scraping of black background before mechanical surface cleaning,"1-3-D, 1-3-E"
273,Field Sample 273,3acde1e9-18b8-4f2c-bb92-df41cebd2b11,"x-sec, XRD, micro-Raman, ESEM-EDX (CIRCe & GCI)",5c33a636-23cd-4655-ae5f-a3b9f3d1721a,HERC_BCN_28_OCT13,Francesca Pique and Leslie Rainer,Francesca Pique,Leslie Rainer,,,201310,2013-10,Wall painting,Cross-section,Herculaneum,Italy,04138f0a-3ae2-4fd0-88c7-7739277f432c,,Herculaneum,BCN,"BCN, Tablino, East wall",Yellow background,"1-3-D, 1-3-E"
274,Field Sample 274,2d7fd344-a0cd-4297-abe4-5c28fbf15ac5,"VIL (Chiari), x-sec. & thin_sec. (Spampinato), XRD (Chiari); ESEM-EDX in x-section (Carson)",60177448-ab3b-4dda-85ea-3b7e02727c5d,HERC_BCN_21_SET10UPPER,"Alessandra De Vita, Francesca Pique and Leslie Rainer",Alessandra De Vita,Francesca Pique,Leslie Rainer,,201009,2010-09,Wall painting,Fragment,Herculaneum,Italy,04138f0a-3ae2-4fd0-88c7-7739277f432c,,Herculaneum,BCN,"BCN, Tablino, West wall",Background color - blue upper layers down to red fresco layer,"1-3-D, 1-3-E"
275,Field Sample 275,e6e3a07f-3bbf-43da-89b0-c74af0b1efc4,"x-sec, ESEM, GCMS",2d73b798-b861-401a-8e59-2060684e514b,HERC_BCN_21_SET10LOWER,"Alessandra De Vita, Francesca Pique and Leslie Rainer",Alessandra De Vita,Francesca Pique,Leslie Rainer,,201009,2010-09,Wall painting,Fragment,Herculaneum,Italy,04138f0a-3ae2-4fd0-88c7-7739277f432c,,Herculaneum,BCN,"BCN, Tablino, West wall",Background color - blue sample section from red background and lower,"1-3-D, 1-3-E"
276,Field Sample 276,f0cd7002-28ed-4d56-9349-c554336a0533,"x-sec, ESEM, GCMS",2d73b798-b861-401a-8e59-2060684e514b,HERC_BCN_21_SET10LOWER_XS,"Alessandra De Vita, Francesca Pique and Leslie Rainer",Alessandra De Vita,Francesca Pique,Leslie Rainer,,201009,2010-09,Wall painting,Cross-section,Herculaneum,Italy,04138f0a-3ae2-4fd0-88c7-7739277f432c,,Herculaneum,BCN,"BCN, Tablino, West wall",Background color - blue sample section from red background and lower,"1-3-D, 1-3-E"
277,Field Sample 277,2b9ab798-2de2-402d-aacf-c6d2d6d4cf1c,,,HERC_BCN_21_SET10LOWER_TS,"Alessandra De Vita, Francesca Pique and Leslie Rainer",Alessandra De Vita,Francesca Pique,Leslie Rainer,,201009,2010-09,Wall painting,Thin-section,Herculaneum,Italy,04138f0a-3ae2-4fd0-88c7-7739277f432c,,Herculaneum,BCN,"BCN, Tablino, West wall",Background color - blue sample section from red background and lower,"1-3-D, 1-3-E"
278,Field Sample 278,6ddfef23-1eaf-4d2a-ba1a-8432b81e55b6,"x-sec(Gratziu), uv-vis (Pique, GCI): ESEM_EXD (Carson, GCI)",793696c5-6522-4442-80e3-417ce2658d44,HERC_BCN_W1_01_JUL07_XS,Francesca Pique and Alessandra De Vita,Francesca Pique,Alessandra De Vita,,,20080727,2008-07-27,Wall painting,Cross-section,Herculaneum,Italy,04138f0a-3ae2-4fd0-88c7-7739277f432c,,Herculaneum,BCN,"BCN, Tablino, West wall",Blue background,"1-3-D, 1-3-E"
279,Field Sample 279,3fbde896-2f07-4abf-8777-a19423c64cf1,"x-sec, uv-vis (Namowicz, GCI): XRD (Chiari, GCI); ESEM_EXD (Carson): FTIR (Schilling?)",ea01e71c-bb61-4a10-ac51-3af25594016d,HERC_BCN_15_APR08,Francesca Pique and Alessandra De Vita,Francesca Pique,Alessandra De Vita,,,20080410,2008-04-10,Wall painting,Fragment,Herculaneum,Italy,04138f0a-3ae2-4fd0-88c7-7739277f432c,,Herculaneum,BCN,"BCN, Tablino, East wall",Blue background,"1-3-D, 1-3-E"
280,Field Sample 280,36aad616-d0ed-4517-952a-d082caf9b3f3,"x-sec, uv-vis (Namowicz, GCI): XRD (Chiari, GCI); ESEM_EXD (Carson): FTIR (Schilling?)",ea01e71c-bb61-4a10-ac51-3af25594016d,HERC_BCN_15_APR08_XS,Francesca Pique and Alessandra De Vita,Francesca Pique,Alessandra De Vita,,,20080410,2008-04-10,Wall painting,Cross-section,Herculaneum,Italy,04138f0a-3ae2-4fd0-88c7-7739277f432c,,Herculaneum,BCN,"BCN, Tablino, East wall",Blue background,"1-3-D, 1-3-E"
281,Field Sample 281,689900ef-f417-4037-91e9-fb613692af28,,,HERC_BCN_E1_01_APR06,,,,,,20060412,2006-04-12,Wall painting,Fragment,Herculaneum,Italy,04138f0a-3ae2-4fd0-88c7-7739277f432c,,Herculaneum,BCN,"BCN, Tablino, East wall",Blue background,"1-3-D, 1-3-E"
282,Field Sample 282,836af05d-5adb-4f0c-867f-a1ee2a694b5b,Raman (UniPG),2d54bb91-5318-4462-b950-73d4787bf9a2,HERC_BCN_E1_11_JUL07_XS,"Francesca Pique, Alessandra De Vita and Maria Perla Colombini",Francesca Pique,Alessandra De Vita,Maria Perla Colombini,,20060412,2006-04-12,Wall painting,Cross-section,Herculaneum,Italy,04138f0a-3ae2-4fd0-88c7-7739277f432c,,Herculaneum,BCN,"BCN, Tablino, East wall",Blue background,"1-3-D, 1-3-E"
283,Field Sample 283,e3a0213b-378b-4635-afc6-27689632e5c7,Raman (UniPG),2d54bb91-5318-4462-b950-73d4787bf9a2,HERC_BCN_E1_11_JUL07_TS,"Francesca Pique, Alessandra De Vita and Maria Perla Colombini",Francesca Pique,Alessandra De Vita,Maria Perla Colombini,,20060412,2006-04-12,Wall painting,Thin-section,Herculaneum,Italy,04138f0a-3ae2-4fd0-88c7-7739277f432c,,Herculaneum,BCN,"BCN, Tablino, East wall",Blue background,"1-3-D, 1-3-E"
284,Field Sample 284,b639e299-e362-48c5-83ff-e1c685069ae0,,,HERC_BCN_E1_14_APR08,,,,,,200804,2008-04,Wall painting,Cross-section,Herculaneum,Italy,04138f0a-3ae2-4fd0-88c7-7739277f432c,,Herculaneum,BCN,"BCN, Tablino, East wall",Full stratigraphy of paint and plaster beneath (and including) blue background,"1-3-D, 1-3-E"
285,Field Sample 285,936bada3-c66f-49ae-bf6c-72d737e00dc3,"x-sec [paintlayer and prep.], vis, UV(Namowicz, GCI): XRD (Chiari , GCI); ESEM_EXD (Carson, GCI)",54497965-be41-44c4-9b7c-d97f3b7cb181,HERC_BCN_02_OCT08_XS,"Giacomo Chiari, Francesca Pique and Alessandra De Vita",Giacomo Chiari,Francesca Pique,Alessandra De Vita,,20081030,2008-10-30,Wall painting,Cross-section,Herculaneum,Italy,04138f0a-3ae2-4fd0-88c7-7739277f432c,,Herculaneum,BCN,"BCN, Tablino, West wall",Scraping of white ground in area of loss in background color - with microflake taken at the same time - from a disturbed area,"1-3-D, 1-3-E"
286,Field Sample 286,270f28ec-661f-4b0d-a7c7-c28806c3a74c,"X-SEC (Namowicz, GCI): ESEM_EDX (Carson, GCI)",b6d79bd5-c1b9-4f27-b25a-af34c7f3a5e7,HERC_BCN_06_OCT08,"Giacomo Chiari, Francesca Pique and Alessandra De Vita",Giacomo Chiari,Francesca Pique,Alessandra De Vita,,20081030,2008-10-30,Wall painting,Fragment,Herculaneum,Italy,04138f0a-3ae2-4fd0-88c7-7739277f432c,,Herculaneum,BCN,"BCN, Tablino, West wall","Scraping of white ground in area of loss in background color - from a distrubed area, full of gypsum","1-3-D, 1-3-E"
287,Field Sample 287,07699c36-593e-4a80-9c25-d1518245693f,"X-SEC (Namowicz, GCI): ESEM_EDX (Carson, GCI)",b6d79bd5-c1b9-4f27-b25a-af34c7f3a5e7,HERC_BCN_06_OCT08_XS,"Giacomo Chiari, Francesca Pique and Alessandra De Vita",Giacomo Chiari,Francesca Pique,Alessandra De Vita,,20081030,2008-10-30,Wall painting,Cross-section,Herculaneum,Italy,04138f0a-3ae2-4fd0-88c7-7739277f432c,,Herculaneum,BCN,"BCN, Tablino, West wall","Scraping of white ground in area of loss in background color - from a distrubed area, full of gypsum","1-3-D, 1-3-E"
288,Field Sample 288,d30c9c53-f7b9-4dca-96b9-9493601811ea,"x-sec (Gratziu), uv-vis (Pique, GCI); ESEM_EXD (Carson, GCI)",e99053d0-4f0d-4f98-bdf8-0e7b7cdd7d4a,HERC_BCN_E1_12_JUL07_XS,Francesca Pique and Alessandra De Vita,Francesca Pique,Alessandra De Vita,,,20070727,2007-07-27,Wall painting,Cross-section,Herculaneum,Italy,04138f0a-3ae2-4fd0-88c7-7739277f432c,,Herculaneum,BCN,"BCN, Tablino, East Wall (EL1)",Flesh tone from neck of Bacant,"1-3-D, 1-3-E"
289,Field Sample 289,e2f3bfdb-3bb2-481c-93a3-69ea5fac92e2,,,HERC_BCN_W1_02_JUL07,,,,,,200707,2007-07,Wall painting,Cross-section,Herculaneum,Italy,04138f0a-3ae2-4fd0-88c7-7739277f432c,,Herculaneum,BCN,"BCN, Tablino, West wall",,"1-3-D, 1-3-E"
290,Field Sample 290,f46fbd13-a2b8-4309-8165-08679e848748,"XRD (Chiari, GCI) FTIR (Schilling?)",03fa1081-79ef-45f0-9f9f-cba96e8e5820,HERC_BCN_20_SETT08,Francesca Pique and Amarilli Rava,Francesca Pique,Amarilli Rava,,,20080409,2008-04-09,Wall painting,Fragment,Herculaneum,Italy,04138f0a-3ae2-4fd0-88c7-7739277f432c,,Herculaneum,BCN,"BCN, Tablino, East wall",Paint layer lacuna and powdery in shoulder of figure,"1-3-D, 1-3-E"
291,Field Sample 291,90cf0a96-86a7-4142-a504-02232c81da56,"XRD (Chiari, GCI)",5eff7e4d-3045-4e20-bb4d-d0550dc79fca,HERC_BCN_01_OCT08,"Giacomo Chiari, Francesca Pique and Alessandra De Vita",Giacomo Chiari,Francesca Pique,Alessandra De Vita,,20081030,2008-10-30,Wall painting,Powder,Herculaneum,Italy,04138f0a-3ae2-4fd0-88c7-7739277f432c,,Herculaneum,BCN,"BCN, Tablino, West wall",Scraping of white ground in area of loss inflesh tone of figure's face,"1-3-D, 1-3-E"
292,Field Sample 292,015b1bf4-11ae-40d1-b380-3456a7a58755,"XRD (Chiari, GCI)",5eff7e4d-3045-4e20-bb4d-d0550dc79fca,HERC_BCN_05_OCT08,"Giacomo Chiari, Francesca Pique and Alessandra De Vita",Giacomo Chiari,Francesca Pique,Alessandra De Vita,,20081030,2008-10-30,Wall painting,Fragments and powder,Herculaneum,Italy,04138f0a-3ae2-4fd0-88c7-7739277f432c,,Herculaneum,BCN,"BCN, Tablino, West wall",Scraping of white ground in area of loss in clothing,"1-3-D, 1-3-E"
293,Field Sample 293,dbdf936a-524a-466f-ba8b-ade24697b7c9,"XRD (Chiari, GCI)",5eff7e4d-3045-4e20-bb4d-d0550dc79fca,HERC_BCN_08_OCT08,"Giacomo Chiari, Francesca Pique and Alessandra De Vita",Giacomo Chiari,Francesca Pique,Alessandra De Vita,,20081030,2008-10-30,Wall painting,Fragments and powder,Herculaneum,Italy,04138f0a-3ae2-4fd0-88c7-7739277f432c,,Herculaneum,BCN,"BCN, Tablino, East wall",Scraping of white ground in areas of paint loss on Satyr's shoulder,"1-3-D, 1-3-E"
294,Field Sample 294,3bfaa409-c5c8-4502-9ff8-1b2d59b2eefb,,,HERC_BCN_19_SEP08,Francesca Pique and Amarilli Rava,Francesca Pique,Amarilli Rava,,,200809,2008-09,Wall painting,Flakes,Herculaneum,Italy,04138f0a-3ae2-4fd0-88c7-7739277f432c,,Herculaneum,BCN,"BCN, Tablino, West wall",Flakes of blue background fallen and collected,"1-3-D, 1-3-E"
295,Field Sample 295,99c00ee4-edb6-4086-84ba-4aea388c5c88,"X-sec. & thin_sec. (Spampinato), XRD (Chiari); FTIR (Schilling); ESEM-EDX in x-section (Carson)",3cecbb04-693a-4855-aefe-6238c3abe3af,HERC_BCN_22_SET10,"Alessandra De Vita, Francesca Pique and Leslie Rainer",Alessandra De Vita,Francesca Pique,Leslie Rainer,,201309,2013-09,Wall painting,Powder,Herculaneum,Italy,04138f0a-3ae2-4fd0-88c7-7739277f432c,,Herculaneum,BCN,"BCN, Tablino, West wall",Red dress of Dedalo,"1-3-D, 1-3-E"
296,Field Sample 296,149e8123-3d48-4463-b531-207b92b6180b,"X-sec. & thin_sec. (Spampinato), XRD (Chiari); FTIR (Schilling); ESEM-EDX in x-section (Carson)",3cecbb04-693a-4855-aefe-6238c3abe3af,HERC_BCN_22_SET10_TS,"Alessandra De Vita, Francesca Pique and Leslie Rainer",Alessandra De Vita,Francesca Pique,Leslie Rainer,,201309,2013-09,Wall painting,Thin-section,Herculaneum,Italy,04138f0a-3ae2-4fd0-88c7-7739277f432c,,Herculaneum,BCN,"BCN, Tablino, West wall",Red dress of Dedalo,"1-3-D, 1-3-E"
297,Field Sample 297,64ed45f1-7d29-48d3-9ed8-3e982ce41696,"x-sec (Gratziu), uv-vis (Pique, GCI); ESEM_EXD (Carson, GCI)",e99053d0-4f0d-4f98-bdf8-0e7b7cdd7d4a,HERC_BCN_W3_6_JUL07_XS,Francesca Pique and Alessandra De Vita,Francesca Pique,Alessandra De Vita,,,20070727,2007-07-27,Wall painting,Cross-section,Herculaneum,Italy,04138f0a-3ae2-4fd0-88c7-7739277f432c,,Herculaneum,BCN,"BCN, Tablino, West wall",Flake of green paint (mantle of Pasifae) over white powdery,"1-3-D, 1-3-E"
298,Field Sample 298,7abcc598-e91d-48df-a8a7-6cb2fc07d0ed,,,HERC_BCN_W3_07_JUL07,Francesca Pique and Alessandra De Vita,Francesca Pique,Alessandra De Vita,,,20070727,2007-07-27,Wall painting,Cross-section,Herculaneum,Italy,04138f0a-3ae2-4fd0-88c7-7739277f432c,,Herculaneum,BCN,"BCN, Tablino, West wall",,"1-3-D, 1-3-E"
299,Field Sample 299,bdabea24-156c-4e35-9ecf-fa58b0c287ff,"x-sec (Gratziu), uv-vis (Pique, GCI); ESEM_EXD (Carson, GCI)",e99053d0-4f0d-4f98-bdf8-0e7b7cdd7d4a,HERC_BCN_W3_8_JUL07_XS,Francesca Pique and Alessandra De Vita,Francesca Pique,Alessandra De Vita,,,20070727,2007-07-27,Wall painting,Cross-section,Herculaneum,Italy,04138f0a-3ae2-4fd0-88c7-7739277f432c,,Herculaneum,BCN,"BCN, Tablino, West wall",Flake of red paint (Dealu's vest) over of white powdery,"1-3-D, 1-3-E"
300,Field Sample 300,68ac1cb3-1fb4-4496-be7f-d0dab59a3906,"x-sec (Gratziu), uv-vis (Pique, GCI); ESEM_EXD (Carson, GCI)",e99053d0-4f0d-4f98-bdf8-0e7b7cdd7d4a,HERC_BCN_W3_8_JUL07_TS,Francesca Pique and Alessandra De Vita,Francesca Pique,Alessandra De Vita,,,20070727,2007-07-27,Wall painting,Thin-section,Herculaneum,Italy,04138f0a-3ae2-4fd0-88c7-7739277f432c,,Herculaneum,BCN,"BCN, Tablino, West wall",Flake of red paint (Dealu's vest) over of white powdery,"1-3-D, 1-3-E"
301,Field Sample 301,a0806613-0283-45c7-b18b-9a4d96d02d38,,,HERC_BCN_W3_09_JUL07,Francesca Pique and Alessandra De Vita,Francesca Pique,Alessandra De Vita,,,20070727,2007-07-27,Wall painting,Cross-section,Herculaneum,Italy,04138f0a-3ae2-4fd0-88c7-7739277f432c,,Herculaneum,BCN,"BCN, Tablino, West wall",,"1-3-D, 1-3-E"
302,Field Sample 302,13363260-9fdd-4f59-be35-f605f197f217,"x-sec (Gratziu), uv-vis (Pique, GCI); ESEM_EXD (Carson, GCI)",e99053d0-4f0d-4f98-bdf8-0e7b7cdd7d4a,HERC_BCN_W3_10_JUL07_XS,Francesca Pique and Alessandra De Vita,Francesca Pique,Alessandra De Vita,,,20070727,2007-07-27,Wall painting,Cross-section,Herculaneum,Italy,04138f0a-3ae2-4fd0-88c7-7739277f432c,,Herculaneum,BCN,"BCN, Tablino, West wall",Flake of white-cream paint on Cow's back (giovenca) over white powdery layer,"1-3-D, 1-3-E"
303,Field Sample 303,9c5861bb-62d6-4290-a6d4-3dc21a36e092,"x-sec (Gratziu), uv-vis (Pique, GCI); ESEM_EXD (Carson, GCI)",e99053d0-4f0d-4f98-bdf8-0e7b7cdd7d4a,HERC_BCN_W3_10_JUL07_TS,Francesca Pique and Alessandra De Vita,Francesca Pique,Alessandra De Vita,,,20070727,2007-07-27,Wall painting,Thin-section,Herculaneum,Italy,04138f0a-3ae2-4fd0-88c7-7739277f432c,,Herculaneum,BCN,"BCN, Tablino, West wall",Flake of white-cream paint on Cow's back (giovenca) over white powdery layer,"1-3-D, 1-3-E"
304,Field Sample 304,ded94253-c7ea-4573-943e-5745da6ef65f,"x-sec, uv-vis (Namowicz, GCI): XRD (Chiari, GCI); ESEM_EXD (Carson): FTIR (GCI); Gcms-P (PCA). L.S. (Andreotti, UniPI)",31fbf1d2-f61f-47cd-9b8f-448cf70cc3ac,HERC_BCN_17_APR08,,,,,,20080410,2008-04-10,Wall painting,Fragment,Herculaneum,Italy,04138f0a-3ae2-4fd0-88c7-7739277f432c,,Herculaneum,BCN,"BCN, Tablino, West wall",Green mantle of Pasifae,"1-3-D, 1-3-E"
305,Field Sample 305,73408e33-1d2c-4ca3-b598-cbfcd3788a2a,"x-sec, uv-vis (Namowicz, GCI): XRD (Chiari, GCI); ESEM_EXD (Carson): FTIR (GCI); Gcms-P (PCA). L.S. (Andreotti, UniPI)",31fbf1d2-f61f-47cd-9b8f-448cf70cc3ac,HERC_BCN_17_APR08_XS,,,,,,20080410,2008-04-10,Wall painting,Cross-section,Herculaneum,Italy,04138f0a-3ae2-4fd0-88c7-7739277f432c,,Herculaneum,BCN,"BCN, Tablino, West wall",Green mantle of Pasifae,"1-3-D, 1-3-E"
306,Field Sample 306,96cce8fd-ce0e-4511-91e4-76710c6003dc,"X-sec, uv-vis (Namowicz, GCI): XRD (Chiari, GCI); ESEM_EXD (Carson, GCI)",44efa46a-4320-463f-96ec-e81fcd18c72b,HERC_BCN_03_OCT08_XS,"Giacomo Chiari, Francesca Pique and Alessandra De Vita",Giacomo Chiari,Francesca Pique,Alessandra De Vita,,20081030,2008-10-30,Wall painting,Cross-section,Herculaneum,Italy,04138f0a-3ae2-4fd0-88c7-7739277f432c,,Herculaneum,BCN,"BCN, Tablino, West wall",Scraping of white ground in area of loss on Cow's back (giovenca) back with flake?,"1-3-D, 1-3-E"
307,Field Sample 307,3b507615-9037-4b79-a50b-5adb9150a5cf,"XRD (Chiari, GCI)",5eff7e4d-3045-4e20-bb4d-d0550dc79fca,HERC_BCN_04_OCT08,"Giacomo Chiari, Francesca Pique and Alessandra De Vita",Giacomo Chiari,Francesca Pique,Alessandra De Vita,,20081030,2008-10-30,Wall painting,,Herculaneum,Italy,04138f0a-3ae2-4fd0-88c7-7739277f432c,,Herculaneum,BCN,"BCN, Tablino, West wall","Scraping of white ground in area of loss in upper south corne, 'sky' Dedalo and the Cow - with flake?","1-3-D, 1-3-E"
308,Field Sample 308,9140d0a2-9e1a-4bf2-9e8e-045f25d615ea,"XRD (Chiari, GCI)",5eff7e4d-3045-4e20-bb4d-d0550dc79fca,HERC_BCN_07_OCT_08,"Giacomo Chiari, Francesca Pique and Alessandra De Vita",Giacomo Chiari,Francesca Pique,Alessandra De Vita,,20081030,2008-10-30,Wall painting,Powder,Herculaneum,Italy,04138f0a-3ae2-4fd0-88c7-7739277f432c,,Herculaneum,BCN,"BCN, Tablinlo, East wall",Scraping of white ground in areas of paint loss on figure's arm - with flake?,"1-3-D, 1-3-E"
309,Field Sample 309,cff26486-73e8-44dc-9ce0-558391c07c2f,"XRD (Chiari, GCI)",5eff7e4d-3045-4e20-bb4d-d0550dc79fca,HERC_BCN_07_OCT_08_XS,"Giacomo Chiari, Francesca Pique and Alessandra De Vita",Giacomo Chiari,Francesca Pique,Alessandra De Vita,,20081030,2008-10-30,Wall painting,Cross-section,Herculaneum,Italy,04138f0a-3ae2-4fd0-88c7-7739277f432c,,Herculaneum,BCN,"BCN, Tablinlo, East wall",Scraping of white ground in areas of paint loss on figure's arm - with flake?,"1-3-D, 1-3-E"
310,Field Sample 310,30054f6a-0e32-4923-aad4-4ca493314860,"x-sec, uv-vis (Namowicz, GCI): XRD (Chiari, GCI)",5c74feec-55ff-4f6c-849e-5a5907f0a076,HERC_BCN_09_OCT08,"Giacomo Chiari, Francesca Pique and Alessandra De Vita",Giacomo Chiari,Francesca Pique,Alessandra De Vita,,20081030,2008-10-30,Wall painting,Fragment,Herculaneum,Italy,04138f0a-3ae2-4fd0-88c7-7739277f432c,,Herculaneum,BCN,"BCN, Tablinlo, East wall",Scraping of gray peeling film over surface of (white) paint layer,"1-3-D, 1-3-E"
311,Field Sample 311,48376513-b3f8-4d08-95ac-54b38fc3c02c,"x-sec, uv-vis (Namowicz, GCI): XRD (Chiari, GCI)",5c74feec-55ff-4f6c-849e-5a5907f0a076,HERC_BCN_09_OCT08_XS,"Giacomo Chiari, Francesca Pique and Alessandra De Vita",Giacomo Chiari,Francesca Pique,Alessandra De Vita,,20081030,2008-10-30,Wall painting,Cross-section,Herculaneum,Italy,04138f0a-3ae2-4fd0-88c7-7739277f432c,,Herculaneum,BCN,"BCN, Tablinlo, East wall",Scraping of gray peeling film over surface of (white) paint layer,"1-3-D, 1-3-E"
312,Field Sample 312,d0c2980c-fb91-4b63-a0a6-37b650d90d63,"x-sec, uv-vis (Namowicz, GCI): XRD (Chiari, GCI)",5c74feec-55ff-4f6c-849e-5a5907f0a076,HERC_BCN_10_OCT08,"Giacomo Chiari, Francesca Pique and Alessandra De Vita",Giacomo Chiari,Francesca Pique,Alessandra De Vita,,20081030,2008-10-30,Wall painting,Fragment,Herculaneum,Italy,04138f0a-3ae2-4fd0-88c7-7739277f432c,,Herculaneum,BCN,"BCN, Tablinlo, East wall",X-section including white ground/preperationlayer and gray film on surface,"1-3-D, 1-3-E"
313,Field Sample 313,5955c7b3-c9ce-43c2-a15d-c1d2f25a8c26,"x-sec, uv-vis (Namowicz, GCI): XRD (Chiari, GCI)",5c74feec-55ff-4f6c-849e-5a5907f0a076,HERC_BCN_10_OCT08_XS,"Giacomo Chiari, Francesca Pique and Alessandra De Vita",Giacomo Chiari,Francesca Pique,Alessandra De Vita,,20081030,2008-10-30,Wall painting,Cross-section,Herculaneum,Italy,04138f0a-3ae2-4fd0-88c7-7739277f432c,,Herculaneum,BCN,"BCN, Tablinlo, East wall",X-section including white ground/preperationlayer and gray film on surface,"1-3-D, 1-3-E"
314,Field Sample 314,eae81236-1e98-474f-b43d-a88fda1f5bc2,"x-sec, XRD, micro-Raman, ESEM-EDX (CIRCe & GCI)",5c33a636-23cd-4655-ae5f-a3b9f3d1721a,HERC_BCN_29_OCT13,Francesca Pique and Caterina Barnaba,Francesca Pique,Caterina Barnaba,,,201310,2013-10,Wall painting,Bulk material,Herculaneum,Italy,04138f0a-3ae2-4fd0-88c7-7739277f432c,,Herculaneum,BCN,"BCN, Tablinlo, East wall",Fragment with complete upper plaster stratigraphy,"1-3-D, 1-3-E"
315,Field Sample 315,08c8e421-5bde-42e1-ace3-4d99272cdd67,"XRD, micro-Raman, ESEM-EDX (CIRCe & GCI)",7c2f5400-60db-4308-a48d-ae2486ffd56c,HERC_BCN_30_OCT13,Francesca Pique and Caterina Barnaba,Francesca Pique,Caterina Barnaba,,,201310,2013-10,Wall painting,Scraping,Herculaneum,Italy,04138f0a-3ae2-4fd0-88c7-7739277f432c,,Herculaneum,BCN,"BCN, Tablinlo, East wall",Scraping of the cream colored paint layer directly on top of the final plaster layer from the loss in Venus' arm.,"1-3-D, 1-3-E"
316,Field Sample 316,9d74bce7-5fb8-4cb8-bd0a-a8c950d92c7f,"XRD, micro-Raman, ESEM-EDX (CIRCe & GCI)",7c2f5400-60db-4308-a48d-ae2486ffd56c,HERC_BCN_32_OCT13,Francesca Pique and Caterina Barnaba,Francesca Pique,Caterina Barnaba,,,201310,2013-10,Wall painting,Scraping,Herculaneum,Italy,04138f0a-3ae2-4fd0-88c7-7739277f432c,,Herculaneum,BCN,"BCN, Tablinlo, East wall",Scraping of the tinted pink plaster layer,"1-3-D, 1-3-E"
317,Field Sample 317,39dedf95-8c93-4aaa-b553-f7e4bafd8195,"VIL (Chiari), x-sec. & thin_sec. (Spampinato), XRD (Chiari); ESEM-EDX in x-section (Carson)",60177448-ab3b-4dda-85ea-3b7e02727c5d,HERC_BCN_23_SET10,"Alessandra De Vita, Francesca Pique and Leslie Rainer",Alessandra De Vita,Francesca Pique,Leslie Rainer,,201009,2010-09,Wall painting,Fragment,Herculaneum,Italy,04138f0a-3ae2-4fd0-88c7-7739277f432c,,Herculaneum,BCN,"BCN, Tablino, West wall",Pittura 'a corpo',"1-3-D, 1-3-E"
318,Field Sample 318,a70d724e-5beb-4a02-8d79-2096ddcd60c6,"VIL (Chiari), x-sec. & thin_sec. (Spampinato), XRD (Chiari); ESEM-EDX in x-section (Carson)",60177448-ab3b-4dda-85ea-3b7e02727c5d,HERC_BCN_23_SET10_XS,"Alessandra De Vita, Francesca Pique and Leslie Rainer",Alessandra De Vita,Francesca Pique,Leslie Rainer,,201009,2010-09,Wall painting,Cross-section,Herculaneum,Italy,04138f0a-3ae2-4fd0-88c7-7739277f432c,,Herculaneum,BCN,"BCN, Tablino, West wall",Pittura 'a corpo',"1-3-D, 1-3-E"
319,Field Sample 319,6bf00698-f776-4aa1-86b8-3bfa1efcf9f6,"VIL (Chiari), x-sec. & thin_sec. (Spampinato), XRD (Chiari); ESEM-EDX in x-section (Carson)",60177448-ab3b-4dda-85ea-3b7e02727c5d,HERC_BCN_23_SET10_TS,"Alessandra De Vita, Francesca Pique and Leslie Rainer",Alessandra De Vita,Francesca Pique,Leslie Rainer,,201009,2010-09,Wall painting,Thin-section,Herculaneum,Italy,04138f0a-3ae2-4fd0-88c7-7739277f432c,,Herculaneum,BCN,"BCN, Tablino, West wall",Pittura 'a corpo',"1-3-D, 1-3-E"
320,Field Sample 320,ba0eb54b-4f34-48c7-8651-2f286233bd26,"Gcms-P (PCA). L.s. (Andreotti, UniPI), x-sec, uv-vis (Namowicz, GCI): XRD (Chiari, GCI); ESEM_EXD (Carson, GCI); FTIR (GCI",3487f07d-ef9f-425c-b18e-d29333ef65e3,HERC_BCN_18_APR08,,,,,,20080410,2008-04-10,Wall painting,Fragment,Herculaneum,Italy,04138f0a-3ae2-4fd0-88c7-7739277f432c,,Herculaneum,BCN,"BCN, Tablino, East wall",Yellow and green curled decoration,"1-3-D, 1-3-E"
321,Field Sample 321,d118621b-88d2-4f15-b413-0c11c2bc1c23,"Gcms-P (PCA). L.s. (Andreotti, UniPI), x-sec, uv-vis (Namowicz, GCI): XRD (Chiari, GCI); ESEM_EXD (Carson, GCI); FTIR (GCI",3487f07d-ef9f-425c-b18e-d29333ef65e3,HERC_BCN_18_APR08_XS,,,,,,20080410,2008-04-10,Wall painting,Cross-section,Herculaneum,Italy,04138f0a-3ae2-4fd0-88c7-7739277f432c,,Herculaneum,BCN,"BCN, Tablino, East wall",Yellow and green curled decoration,"1-3-D, 1-3-E"
322,Field Sample 322,ff26b1e3-178d-4a1c-81ac-ee600b897624,GCMS,de890edd-b039-4557-a623-52a05eb75c3e,HERC_BCN_E2_13_JUL07,Francesca Pique and Alessandra De Vita,Francesca Pique,Alessandra De Vita,,,200707,2007-07,Wall painting,Cross-section,Herculaneum,Italy,04138f0a-3ae2-4fd0-88c7-7739277f432c,,Herculaneum,BCN,"BCN, Tablino, West wall",Yellow petal,"1-3-D, 1-3-E"
323,Field Sample 323,5d83a305-11eb-4546-a933-74574e1a6563,GCMS,de890edd-b039-4557-a623-52a05eb75c3e,HERC_BCN_E2_16_JULY07,Francesca Pique and Alessandra De Vita,Francesca Pique,Alessandra De Vita,,,200707,2007-07,Wall painting,Cross-section,Herculaneum,Italy,04138f0a-3ae2-4fd0-88c7-7739277f432c,,Herculaneum,BCN,"BCN, Tablino, West wall",Paint and plaster from wing,"1-3-D, 1-3-E"
324,Field Sample 324,ff21f717-0a4a-4da8-b3a3-ac862c6096f1,"x-sec, ESEM-EDX, GCMS",a2caf0ae-42b4-44f0-a14d-ce34c1dbe4b8,HERC_BCN_W2_4_JUL07_XS,Francesca Pique and Alessandra De Vita,Francesca Pique,Alessandra De Vita,,,20070727,2007-07-27,Wall painting,Cross-section,Herculaneum,Italy,04138f0a-3ae2-4fd0-88c7-7739277f432c,,Herculaneum,BCN,"BCN, Tablino, West wall",White leaf over black background,"1-3-D, 1-3-E"
325,Field Sample 325,e7aa5c19-8986-435a-9ced-67a84c99aa05,"x-sec, ESEM-EDX, GCMS",a2caf0ae-42b4-44f0-a14d-ce34c1dbe4b8,HERC_BCN_W2_04A_JUL13,Francesca Pique and Emily McDonald Korth,Francesca Pique,Emily MacDonald-Korth,,,201307,2013-07,Wall painting,Cross-section,Herculaneum,Italy,04138f0a-3ae2-4fd0-88c7-7739277f432c,,Herculaneum,BCN,"BCN, Tablino, West wall",White leaf over black background,"1-3-D, 1-3-E"
326,Field Sample 326,52478e32-8e6d-4780-b688-7c19722abe56,"x-sec, ESEM-EDX, GCMS",a2caf0ae-42b4-44f0-a14d-ce34c1dbe4b8,HERC_BCN_W2_04B_JUL13,Francesca Pique and Emily McDonald Korth,Francesca Pique,Emily MacDonald-Korth,,,201307,2013-07,Wall painting,Cross-section,Herculaneum,Italy,04138f0a-3ae2-4fd0-88c7-7739277f432c,,Herculaneum,BCN,"BCN, Tablino, West wall",White leaf over black background,"1-3-D, 1-3-E"
327,Field Sample 327,c5f3ef4d-4412-413b-9c85-aa25e6fcea1b,"x-sec, ESEM-EDX, GCMS",a2caf0ae-42b4-44f0-a14d-ce34c1dbe4b8,HERC_BCN_W2_04B_MAY14,,,,,,,,Wall painting,Cross-section,Herculaneum,Italy,04138f0a-3ae2-4fd0-88c7-7739277f432c,,Herculaneum,BCN,"BCN, Tablino, West wall",White leaf over black background,"1-3-D, 1-3-E"
328,Field Sample 328,2dbb926d-9ace-4845-a8d7-96d9b41c53d1,,,HERC_BCN_W2_05_JUL07,,,,,,200707,2007-07,Wall painting,Cross-section,Herculaneum,Italy,04138f0a-3ae2-4fd0-88c7-7739277f432c,,Herculaneum,BCN,"BCN, Tablino, West wall",,"1-3-D, 1-3-E"
329,Field Sample 329,92faa63b-dadb-43c2-8402-0672b269eb55,"x-sec, XRD, micro-Raman, ESEM-EDX (CIRCe & GCI)",5c33a636-23cd-4655-ae5f-a3b9f3d1721a,HERC_BCN_45_NOV13,Francesca Pique and Caterina Barnaba,Francesca Pique,Caterina Barnaba,,,201311,2013-11,Wall painting,Fragment,Herculaneum,Italy,04138f0a-3ae2-4fd0-88c7-7739277f432c,,Herculaneum,BCN,"BCN, Tablino, East wall","Original plaster layers, including the tinted pink plaster","1-3-D, 1-3-E"
330,Field Sample 330,7520538d-3164-4dca-86d6-3c10abcc7c0e,"x-sec, XRD, micro-Raman, ESEM-EDX (CIRCe & GCI)",5c33a636-23cd-4655-ae5f-a3b9f3d1721a,HERC_BCN_31F_OCT13 (GCI),Francesca Pique and Leslie Rainer,Francesca Pique,Leslie Rainer,,,201310,2013-10,Wall painting,Cross-section,Herculaneum,Italy,04138f0a-3ae2-4fd0-88c7-7739277f432c,,Herculaneum,BCN,"BCN, Tablino, East wall",Tinted frieze plaster and design layers,"1-3-D, 1-3-E"
331,Field Sample 331,c3d8ff69-4e01-435d-9c3c-3385f5102d08,"x-sec, XRD, micro-Raman, ESEM-EDX (CIRCe & GCI)",5c33a636-23cd-4655-ae5f-a3b9f3d1721a,HERC_BCN_31F_OCT13 (CIRCe),Francesca Pique and Leslie Rainer,Francesca Pique,Leslie Rainer,,,201310,2013-10,Wall painting,Cross-section,Herculaneum,Italy,04138f0a-3ae2-4fd0-88c7-7739277f432c,,Herculaneum,BCN,"BCN, Tablino, East wall","Upper plaster, tinted plaster and monochrome background","1-3-D, 1-3-E"
332,Field Sample 332,5f5b8f79-664e-4a40-9274-6c01a936e451,"x-sec, XRD, micro-Raman, ESEM-EDX (CIRCe & GCI)",5c33a636-23cd-4655-ae5f-a3b9f3d1721a,HERC_BCN_31R1_OCT13,Francesca Pique and Leslie Rainer,Francesca Pique,Leslie Rainer,,,201310,2013-10,Wall painting,Cross-section,Herculaneum,Italy,04138f0a-3ae2-4fd0-88c7-7739277f432c,,Herculaneum,BCN,"BCN, Tablino, East wall","Upper plaster, tinted plaster and monochrome background","1-3-D, 1-3-E"
333,Field Sample 333,3daf058b-ff38-432a-b3c5-c6e2e57ce78d,"x-sec, XRD, micro-Raman, ESEM-EDX (CIRCe & GCI)",5c33a636-23cd-4655-ae5f-a3b9f3d1721a,HERC_BCN_42a_OCT14,Francesca Pique and CIRCe team,Francesca Pique,CIRCe team,,,201410,2014-10,Wall painting,Powder,Herculaneum,Italy,04138f0a-3ae2-4fd0-88c7-7739277f432c,,Herculaneum,BCN,"BCN, Tablino, South wall","Possible grout or whitewash, plaster layer and design layers","1-3-D, 1-3-E"
334,Field Sample 334,768e582a-0893-488b-a875-dc3269d14680,"x-sec, XRD, micro-Raman, ESEM-EDX (CIRCe & GCI)",5c33a636-23cd-4655-ae5f-a3b9f3d1721a,HERC_BCN_42b_OCT14,Francesca Pique and CIRCe team,Francesca Pique,CIRCe team,,,201410,2014-10,Wall painting,Scraping,Herculaneum,Italy,04138f0a-3ae2-4fd0-88c7-7739277f432c,,Herculaneum,BCN,"BCN, Tablino, South wall",Possible grout,"1-3-D, 1-3-E"
335,Field Sample 335,216de124-26d9-4a7e-962a-ad5017989306,"x-sec, XRD, micro-Raman, ESEM-EDX (CIRCe & GCI)",5c33a636-23cd-4655-ae5f-a3b9f3d1721a,HERC_BCN_33_NOV13,Francesca Pique and Caterina Barnaba,Francesca Pique,Caterina Barnaba,,,201311,2013-11,Wall painting,Cross-section,Herculaneum,Italy,04138f0a-3ae2-4fd0-88c7-7739277f432c,,Herculaneum,BCN,"BCN, Tablino, East wall",Sample of the original plaster from the base of the wall,"1-3-D, 1-3-E"
336,Field Sample 336,801d18a9-e432-46f1-984e-968452899f17,"XRD, micro-Raman, ESEM-EDX (CIRCe & GCI)",7c2f5400-60db-4308-a48d-ae2486ffd56c,HERC_BCN_34_NOV13,Francesca Pique and Caterina Barnaba,Francesca Pique,Caterina Barnaba,,,201311,2013-11,Wall painting,Scraping,Herculaneum,Italy,04138f0a-3ae2-4fd0-88c7-7739277f432c,,Herculaneum,BCN,"BCN, Tablino, East wall","Selective scraping of the second base plaster layer, characterized by its rose color.","1-3-D, 1-3-E"
337,Field Sample 337,4f0962c1-ddba-455a-9e17-9370fe851f2c,"XRD, micro-Raman, ESEM-EDX (CIRCe & GCI)",7c2f5400-60db-4308-a48d-ae2486ffd56c,HERC_BCN_35_NOV13,Francesca Pique and Caterina Barnaba,Francesca Pique,Caterina Barnaba,,,201311,2013-11,Wall painting,Scraping,Herculaneum,Italy,04138f0a-3ae2-4fd0-88c7-7739277f432c,,Herculaneum,BCN,"BCN, Tablino, East wall",Selective sample of the first base plaster layer,"1-3-D, 1-3-E"
338,Field Sample 338,d4500a49-4911-401b-9147-ab3f7c1dd594,"x-sec,thin section,  XRD, micro-Raman, ESEM-EDX (CIRCe & GCI)",7e454c8b-05d9-40e2-b99f-c8c3da0f08f0,HERC_BCN_38_NOV13,Francesca Pique and Caterina Barnaba,Francesca Pique,Caterina Barnaba,,,201311,2013-11,Wall painting,Cross-section,Herculaneum,Italy,04138f0a-3ae2-4fd0-88c7-7739277f432c,,Herculaneum,BCN,"BCN, Tablino, East wall",A small portion of the original plaster,"1-3-D, 1-3-E"
339,Field Sample 339,72ad9abf-938d-4d9d-ac54-f3d37936240e,"x-sec,thin section,  XRD, micro-Raman, ESEM-EDX (CIRCe & GCI)",7e454c8b-05d9-40e2-b99f-c8c3da0f08f0,HERC_BCN_44_NOV13,Francesca Pique and Caterina Barnaba,Francesca Pique,Caterina Barnaba,,,201311,2013-11,Wall painting,Cross-section,Herculaneum,Italy,04138f0a-3ae2-4fd0-88c7-7739277f432c,,Herculaneum,BCN,"BCN, Tablino, East wall",Selective sample of the original plaster which would have been applied directly over the tuff support wall.,"1-3-D, 1-3-E"
340,Field Sample 340,810c1e59-7f6a-421d-b9c0-af30e1d0c67a,"x-sec,thin section,  XRD, micro-Raman, ESEM-EDX (CIRCe & GCI)",7e454c8b-05d9-40e2-b99f-c8c3da0f08f0,HERC_BCN_36_NOV13,Francesca Pique and Caterina Barnaba,Francesca Pique,Caterina Barnaba,,,201311,2013-11,Wall painting,Cross-section,Herculaneum,Italy,04138f0a-3ae2-4fd0-88c7-7739277f432c,,Herculaneum,BCN,"BCN, Tablino, East wall","Selective sample of the first repair plaster layer, termed M1","1-3-D, 1-3-E"
341,Field Sample 341,d0083dbb-ee66-4ad1-933d-2dd0f98f0260,"x-sec,thin section,  XRD, micro-Raman, ESEM-EDX (CIRCe & GCI)",7e454c8b-05d9-40e2-b99f-c8c3da0f08f0,HERC_BCN_37_NOV13,Francesca Pique and Caterina Barnaba,Francesca Pique,Caterina Barnaba,,,201311,2013-11,Wall painting,Cross-section,Herculaneum,Italy,04138f0a-3ae2-4fd0-88c7-7739277f432c,,Herculaneum,BCN,"BCN, Tablino, East wall","Selective sample of the second repair plaster layer, termed M2","1-3-D, 1-3-E"
342,Field Sample 342,8dd22e07-3a08-423d-b119-97d680829b4b,"x-sec,thin section,  XRD, micro-Raman, ESEM-EDX (CIRCe & GCI)",7e454c8b-05d9-40e2-b99f-c8c3da0f08f0,HERC_BCN_38_NOV13,Francesca Pique and Caterina Barnaba,Francesca Pique,Caterina Barnaba,,,201311,2013-11,Wall painting,Cross-section,Herculaneum,Italy,04138f0a-3ae2-4fd0-88c7-7739277f432c,,Herculaneum,BCN,"BCN, Tablino, East wall","Selective sampling of backing plaster, termed M3; a small portion of the original plaster was also unitentionally sampled (see base of wall)","1-3-D, 1-3-E"
343,Field Sample 343,5d2ed288-2976-4af3-bef7-2460368f5dab,"x-sec,thin section,  XRD, micro-Raman, ESEM-EDX (CIRCe & GCI)",7e454c8b-05d9-40e2-b99f-c8c3da0f08f0,HERC_BCN_39_NOV13,Francesca Pique and Caterina Barnaba,Francesca Pique,Caterina Barnaba,,,201311,2013-11,Wall painting,Cross-section,Herculaneum,Italy,04138f0a-3ae2-4fd0-88c7-7739277f432c,,Herculaneum,BCN,"BCN, Tablino, East wall","Selective sampling of the repair grout, termed M4; sample exists as bulk material, powder, thin section, and cross section; some powder has been mixed with ZnO for analysis","1-3-D, 1-3-E"
344,Field Sample 344,6ba6bec1-5d3e-40ad-9447-8c2cdf539b2b,"x-sec,thin section,  XRD, micro-Raman, ESEM-EDX (CIRCe & GCI)",7e454c8b-05d9-40e2-b99f-c8c3da0f08f0,HERC_BCN_40_NOV13,Francesca Pique and Caterina Barnaba,Francesca Pique,Caterina Barnaba,,,201311,2013-11,Wall painting,Cross-section,Herculaneum,Italy,04138f0a-3ae2-4fd0-88c7-7739277f432c,,Herculaneum,BCN,"BCN, Tablino, East wall",(Discuss with leslie-or double check FP's table) -- NOT in FP's table?  -- afine to 38 backing plaster?,"1-3-D, 1-3-E"
345,Field Sample 345,d596c68a-77ef-4a48-96a9-cbd06e7297dd,"x-sec,thin section,  XRD, micro-Raman, ESEM-EDX (CIRCe & GCI)",7e454c8b-05d9-40e2-b99f-c8c3da0f08f0,HERC_BCN_41_NOV13,Francesca Pique and Caterina Barnaba,Francesca Pique,Caterina Barnaba,,,201311,2013-11,Wall painting,Cross-section,Herculaneum,Italy,04138f0a-3ae2-4fd0-88c7-7739277f432c,,Herculaneum,BCN,"BCN, Tablino, East wall",Fragment containing material from the first and second repair plasters as well as the finishing grey wash,"1-3-D, 1-3-E"
346,Field Sample 346,4332c7c1-9640-464a-992e-f1c278b222c3,"x-sec,thin section,  XRD, micro-Raman, ESEM-EDX (CIRCe & GCI)",7e454c8b-05d9-40e2-b99f-c8c3da0f08f0,HERC_BCN_42_NOV13,Francesca Pique and Caterina Barnaba,Francesca Pique,Caterina Barnaba,,,201311,2013-11,Wall painting,Fragment,Herculaneum,Italy,04138f0a-3ae2-4fd0-88c7-7739277f432c,,Herculaneum,BCN,"BCN, Tablino, East wall","Selective sampling of a fill, possibly cement, termed Mc","1-3-D, 1-3-E"
347,Field Sample 347,e034ee17-7144-4852-9c46-7aed8a7bd55b,"x-sec,thin section,  XRD, micro-Raman, ESEM-EDX (CIRCe & GCI)",7e454c8b-05d9-40e2-b99f-c8c3da0f08f0,HERC_BCN_43_NOV13,Francesca Pique and Caterina Barnaba,Francesca Pique,Caterina Barnaba,,,201311,2013-11,Wall painting,Cross-section,Herculaneum,Italy,04138f0a-3ae2-4fd0-88c7-7739277f432c,,Herculaneum,BCN,"BCN, Tablino, East wall","Selective sampling of a fill, possibly cement, termed Mc","1-3-D, 1-3-E"
348,Field Sample 348,da8a1cbd-829f-441b-ab72-38acbe81cddb,"x-sec,thin section,  XRD, micro-Raman, ESEM-EDX (CIRCe & GCI)",7e454c8b-05d9-40e2-b99f-c8c3da0f08f0,HERC_BCN_48_NOV13,Francesca Pique and Caterina Barnaba,Francesca Pique,Caterina Barnaba,,,201311,2013-11,Wall painting,Fragment,Herculaneum,Italy,04138f0a-3ae2-4fd0-88c7-7739277f432c,,Herculaneum,BCN,"BCN, Tablino, West wall",New tuff contaminated by salts,"1-3-D, 1-3-E"
349,Field Sample 349,b084d31f-da1e-46cb-950e-2d45495da2b4,"x-sec,thin section,  XRD, micro-Raman, ESEM-EDX (CIRCe & GCI)",7e454c8b-05d9-40e2-b99f-c8c3da0f08f0,HERC_BCN_50,Francesca Pique and Caterina Barnaba,Francesca Pique,Caterina Barnaba,,,201311,2013-11,Wall painting,Cross-section,Herculaneum,Italy,04138f0a-3ae2-4fd0-88c7-7739277f432c,,Herculaneum,BCN,"BCN, Tablino, West wall","Selective sampling of backing plaster, termed M3.","1-3-D, 1-3-E"
350,Field Sample 350,bd0c3c00-a4e1-49f2-809c-c68b772787f8,"X-section, XRD, ESEM",697626ff-b5b4-4ddf-b122-c1bd1dfc851f,HERC_ALC_01_SET10,"Alessandra De Vita, Francesca Pique and Leslie Rainer",Alessandra De Vita,Francesca Pique,Leslie Rainer,,201009,2010-09,Wall painting,Fragments and powder,Herculaneum,Italy,04138f0a-3ae2-4fd0-88c7-7739277f432c,,Herculaneum,ALC,"Casa dell'Alcova - Exedra (ambiente 6), rectangular scene","Head of seated figure, brown - painted directly over plaster or over a background color - emblemata?","1-3-D, 1-3-E"
351,Field Sample 351,691feb1f-0af7-4a1c-b979-5200633cbaa3,"X-section, XRD, ESEM",697626ff-b5b4-4ddf-b122-c1bd1dfc851f,HERC_ALC_01_SET10_XS,"Alessandra De Vita, Francesca Pique and Leslie Rainer",Alessandra De Vita,Francesca Pique,Leslie Rainer,,201009,2010-09,Wall painting,Cross-section,Herculaneum,Italy,04138f0a-3ae2-4fd0-88c7-7739277f432c,,Herculaneum,ALC,"Casa dell'Alcova - Exedra (ambiente 6), rectangular scene","Head of seated figure, brown - painted directly over plaster or over a background color - emblemata?","1-3-D, 1-3-E"
352,Field Sample 352,673dc511-aaf1-4cbc-bd73-c0b0b3b83c1a,"X-section, XRD, ESEM",697626ff-b5b4-4ddf-b122-c1bd1dfc851f,HERC_ALC_01_SET10_TS,"Alessandra De Vita, Francesca Pique and Leslie Rainer",Alessandra De Vita,Francesca Pique,Leslie Rainer,,201009,2010-09,Wall painting,Thin-section,Herculaneum,Italy,04138f0a-3ae2-4fd0-88c7-7739277f432c,,Herculaneum,ALC,"Casa dell'Alcova - Exedra (ambiente 6), rectangular scene","Head of seated figure, brown - painted directly over plaster or over a background color - emblemata?","1-3-D, 1-3-E"
353,Field Sample 353,96abfa12-7b41-4cbf-b43b-48c0b89c7428,"x-section, Terra, XRD, ESEM",debe6348-1d54-4c42-a017-cc83a29f4fa8,HERC_ALC_02_SET10,"Alessandra De Vita, Francesca Pique and Leslie Rainer",Alessandra De Vita,Francesca Pique,Leslie Rainer,,201009,2010-09,Wall painting,Powder,Herculaneum,Italy,04138f0a-3ae2-4fd0-88c7-7739277f432c,,Herculaneum,ALC,Casa dell'Alcova - Exedra (ambiente 6),Red stripe painted over blue background,"1-3-D, 1-3-E"
354,Field Sample 354,aa66677a-31b1-44c3-bf99-3985e2e6ce87,"x-section, Terra, XRD, ESEM",debe6348-1d54-4c42-a017-cc83a29f4fa8,HERC_ALC_02_SET10_TS,"Alessandra De Vita, Francesca Pique and Leslie Rainer",Alessandra De Vita,Francesca Pique,Leslie Rainer,,201009,2010-09,Wall painting,Thin-section,Herculaneum,Italy,04138f0a-3ae2-4fd0-88c7-7739277f432c,,Herculaneum,ALC,Casa dell'Alcova - Exedra (ambiente 6),Red stripe painted over blue background,"1-3-D, 1-3-E"
355,Field Sample 355,11870ac2-6af2-4956-85f9-cea6ecb4f7f9,"x-section, Terra, XRD, ESEM",debe6348-1d54-4c42-a017-cc83a29f4fa8,HERC_ALC_02_SET10_XS,"Alessandra De Vita, Francesca Pique and Leslie Rainer",Alessandra De Vita,Francesca Pique,Leslie Rainer,,201009,2010-09,Wall painting,Cross-section,Herculaneum,Italy,04138f0a-3ae2-4fd0-88c7-7739277f432c,,Herculaneum,ALC,Casa dell'Alcova - Exedra (ambiente 6),Red stripe painted over blue background,"1-3-D, 1-3-E"
356,Field Sample 356,eef9f381-2b00-460e-90e3-76caaad01c57,,,HERC_ALC_02A_NOV11,"Alessandra De Vita, Francesca Pique and Leslie Rainer",Alessandra De Vita,Francesca Pique,Leslie Rainer,,201111,2011-11,Wall painting,Fragment,Herculaneum,Italy,04138f0a-3ae2-4fd0-88c7-7739277f432c,,Herculaneum,ALC,Casa dell'Alcova,"Fragment found on the floor, blue background with brown-red desgin/lines","1-3-D, 1-3-E"
357,Field Sample 357,e9f521d6-42f8-4ad7-af06-699c24b8bf00,XRD,02f9c1ce-3187-4593-8ce3-11df0d0e229e,HERC_APC_01_OCT08,"Giacomo Chiari, Francesca Pique and Alessandra De Vita",Giacomo Chiari,Francesca Pique,Alessandra De Vita,,201009,2010-09,Wall painting,Powder,Herculaneum,Italy,04138f0a-3ae2-4fd0-88c7-7739277f432c,,Herculaneum,APC,Casa del'Apollo Citaredo,Scraping of white ground in areas of paint loss.,"1-3-D, 1-3-E"
358,Field Sample 358,9f10b6e4-b0af-4559-9fd2-c11f4acee754,"X-section, XRD, ESEM",697626ff-b5b4-4ddf-b122-c1bd1dfc851f,HERC_APC_02_SET11,"Alessandra De Vita, Francesca Pique and Leslie Rainer",Alessandra De Vita,Francesca Pique,Leslie Rainer,,201009,2010-09,Wall painting,Powder,Herculaneum,Italy,04138f0a-3ae2-4fd0-88c7-7739277f432c,,Herculaneum,APC,"Casa del'Apollo Citaredo Tablinum (ambiente 4), rectangular scene","From lower section of rectangular scene, in brown area","1-3-D, 1-3-E"
359,Field Sample 359,a46d0148-4f3f-44fc-8c21-6ae3af1c4dde,"X-section, XRD, ESEM",697626ff-b5b4-4ddf-b122-c1bd1dfc851f,HERC_APC_02_SET11_TS,"Alessandra De Vita, Francesca Pique and Leslie Rainer",Alessandra De Vita,Francesca Pique,Leslie Rainer,,201009,2010-09,Wall painting,Thin-section,Herculaneum,Italy,04138f0a-3ae2-4fd0-88c7-7739277f432c,,Herculaneum,APC,"Casa del'Apollo Citaredo Tablinum (ambiente 4), rectangular scene","From lower section of rectangular scene, in brown area","1-3-D, 1-3-E"
360,Field Sample 360,6253434f-4e79-42f2-a12f-6e2e5dda8764,"X-section, XRD, ESEM",697626ff-b5b4-4ddf-b122-c1bd1dfc851f,HERC_APC_02_SET11_XS,"Alessandra De Vita, Francesca Pique and Leslie Rainer",Alessandra De Vita,Francesca Pique,Leslie Rainer,,201009,2010-09,Wall painting,Cross-section,Herculaneum,Italy,04138f0a-3ae2-4fd0-88c7-7739277f432c,,Herculaneum,APC,"Casa del'Apollo Citaredo Tablinum (ambiente 4), rectangular scene","From lower section of rectangular scene, in brown area","1-3-D, 1-3-E"
361,Field Sample 361,18373a36-f4c6-45bb-8841-e702e1254c6d,"X-section, VIL, XRD, ESEM",132142b2-0c47-4817-8e76-56192145123f,HERC_AMS_01_SET10,"Alessandra De Vita, Francesca Pique and Leslie Rainer",Alessandra De Vita,Francesca Pique,Leslie Rainer,,201009,2010-09,Wall painting,Fragment,Herculaneum,Italy,04138f0a-3ae2-4fd0-88c7-7739277f432c,,Herculaneum,AMS,"Casa dell'Atrio a Mosaico - Exedra (ambiente 9), rectangular scene",From red area in scene with blue background - painted directly over plaster (not over backgroubd color),"1-3-D, 1-3-E"
362,Field Sample 362,fdd6d6b2-c9b8-4864-b989-43335485e199,"X-section, VIL, XRD, ESEM",132142b2-0c47-4817-8e76-56192145123f,HERC_AMS_01_SET10_TS,"Alessandra De Vita, Francesca Pique and Leslie Rainer",Alessandra De Vita,Francesca Pique,Leslie Rainer,,201009,2010-09,Wall painting,Thin-section,Herculaneum,Italy,04138f0a-3ae2-4fd0-88c7-7739277f432c,,Herculaneum,AMS,"Casa dell'Atrio a Mosaico - Exedra (ambiente 9), rectangular scene",From red area in scene with blue background - painted directly over plaster (not over backgroubd color),"1-3-D, 1-3-E"
363,Field Sample 363,7d9ffd51-11c2-4c26-a1cc-499969e7a13d,"X-section, VIL, XRD, ESEM",132142b2-0c47-4817-8e76-56192145123f,HERC_AMS_01_SET10_XS,"Alessandra De Vita, Francesca Pique and Leslie Rainer",Alessandra De Vita,Francesca Pique,Leslie Rainer,,201009,2010-09,Wall painting,Cross-section,Herculaneum,Italy,04138f0a-3ae2-4fd0-88c7-7739277f432c,,Herculaneum,AMS,"Casa dell'Atrio a Mosaico - Exedra (ambiente 9), rectangular scene",From red area in scene with blue background - painted directly over plaster (not over backgroubd color),"1-3-D, 1-3-E"
364,Field Sample 364,2ccf7f64-cd5f-43c8-8e32-ef3851b1e362,"X-section, XRD, ESEM",697626ff-b5b4-4ddf-b122-c1bd1dfc851f,HERC_CER_01_SET10,"Alessandra De Vita, Francesca Pique and Leslie Rainer",Alessandra De Vita,Francesca Pique,Leslie Rainer,,201009,2010-09,Wall painting,Fragment,Herculaneum,Italy,04138f0a-3ae2-4fd0-88c7-7739277f432c,,Herculaneum,CER,"Casa dei Cervi - Oecus (ambiente 15), rectangular scene",From area near border on blue background - painted directly over plaster (not over background color),"1-3-D, 1-3-E"
365,Field Sample 365,c1cd1886-3a7d-4c6d-846d-b8674ab6489e,"X-section, XRD, ESEM",697626ff-b5b4-4ddf-b122-c1bd1dfc851f,HERC_CER_01_SET10_TS,"Alessandra De Vita, Francesca Pique and Leslie Rainer",Alessandra De Vita,Francesca Pique,Leslie Rainer,,201009,2010-09,Wall painting,Thin-section,Herculaneum,Italy,04138f0a-3ae2-4fd0-88c7-7739277f432c,,Herculaneum,CER,"Casa dei Cervi - Oecus (ambiente 15), rectangular scene",From area near border on blue background - painted directly over plaster (not over background color),"1-3-D, 1-3-E"
366,Field Sample 366,353f9330-9dcd-44a0-99c8-2be3964531f5,"X-section, XRD, ESEM",697626ff-b5b4-4ddf-b122-c1bd1dfc851f,HERC_CER_01_SET10_XS,"Alessandra De Vita, Francesca Pique and Leslie Rainer",Alessandra De Vita,Francesca Pique,Leslie Rainer,,201009,2010-09,Wall painting,Cross-section,Herculaneum,Italy,04138f0a-3ae2-4fd0-88c7-7739277f432c,,Herculaneum,CER,"Casa dei Cervi - Oecus (ambiente 15), rectangular scene",From area near border on blue background - painted directly over plaster (not over background color),"1-3-D, 1-3-E"
367,Field Sample 367,9818b293-9271-4ad9-a6e7-7a11a1e2a385,XRD Rietveld Gy 20%,696a2fae-cdfa-4a4a-863c-bb48af07db00,HERC_GPT_01_OCT08,"Giacomo Chiari, Francesca Pique and Alessandra De Vita",Giacomo Chiari,Francesca Pique,Alessandra De Vita,,200810,2008-10,Wall painting,Powder,Herculaneum,Italy,04138f0a-3ae2-4fd0-88c7-7739277f432c,,Herculaneum,GPT,Casa del Gran Portale,White ground in areas of paint loss,"1-3-D, 1-3-E"
368,Field Sample 368,133bca90-6ad5-4f4a-be89-aa427233c67e,XRD Rietveld Gy 12%,329ca842-3574-44fc-99b7-18779c34d00e,HERC_GPT_02_OCT08,"Giacomo Chiari, Francesca Pique and Alessandra De Vita",Giacomo Chiari,Francesca Pique,Alessandra De Vita,,200811,2008-11,Wall painting,,Herculaneum,Italy,04138f0a-3ae2-4fd0-88c7-7739277f432c,,Herculaneum,GPT,Casa del Gran Portale,White ground in areas of paint loss,"1-3-D, 1-3-E"
369,Field Sample 369,230c0fc0-8c40-43bb-b514-0fee59644736,XRD Rietveld Gy 8%,f23c96cc-46ca-4144-a37f-093639b9604a,HERC_GPT_03_OCT08,"Giacomo Chiari, Francesca Pique and Alessandra De Vita",Giacomo Chiari,Francesca Pique,Alessandra De Vita,,200812,2008-12,Wall painting,,Herculaneum,Italy,04138f0a-3ae2-4fd0-88c7-7739277f432c,,Herculaneum,GPT,Casa del Gran Portale,White ground in areas of paint loss,"1-3-D, 1-3-E"
370,Field Sample 370,bac7fc35-27d4-4b7e-8066-c6b1e27b1ef5,ESEM,898389ad-88bd-405b-93de-1d1767129e0a,HERC_GPT_04_OCT08,"Alessandra De Vita, Francesca Pique and Leslie Rainer",Alessandra De Vita,Francesca Pique,Leslie Rainer,,200901,2009-01,Wall painting,Powder,Herculaneum,Italy,04138f0a-3ae2-4fd0-88c7-7739277f432c,,Herculaneum,GPT,Casa del Gran Portale,Small flake and white ground near flake,"1-3-D, 1-3-E"
371,Field Sample 371,cd1ba7f4-dbb4-4453-b6e0-2e107f9d626e,,,HERC_GPT_04_OCT08_XS,"Alessandra De Vita, Francesca Pique and Leslie Rainer",Alessandra De Vita,Francesca Pique,Leslie Rainer,,200901,2009-01,Wall painting,Cross-section,Herculaneum,Italy,04138f0a-3ae2-4fd0-88c7-7739277f432c,,Herculaneum,GPT,Casa del Gran Portale,Borwn paint layer,"1-3-D, 1-3-E"
372,Field Sample 372,002a028a-1529-402b-b727-84b56a7a2674,"X-section, VIL, XRD, ESEM",132142b2-0c47-4817-8e76-56192145123f,HERC_GPT_05_SET10,"Alessandra De Vita, Francesca Pique and Leslie Rainer",Alessandra De Vita,Francesca Pique,Leslie Rainer,,201009,2010-09,Wall painting,Powder,Herculaneum,Italy,04138f0a-3ae2-4fd0-88c7-7739277f432c,,Herculaneum,GPT,"Casa del Gran Portale - Triclinium (ambiente 1), rectangular scene",From vertical brownish stripe - painted directly over plaster (not over background color),"1-3-D, 1-3-E"
373,Field Sample 373,ded6ef5f-d467-4128-9c8f-4b1c76491286,"X-section, VIL, XRD, ESEM",132142b2-0c47-4817-8e76-56192145123f,HERC_GPT_06_SET10,"Alessandra De Vita, Francesca Pique and Leslie Rainer",Alessandra De Vita,Francesca Pique,Leslie Rainer,,201009,2010-09,Wall painting,Fragment,Herculaneum,Italy,04138f0a-3ae2-4fd0-88c7-7739277f432c,,Herculaneum,GPT,"Casa del Gran Portale - Ala del vestibolo (ambiente 12), rectangular scene",From undistrubed area at edge of crack in blue background - painted directly over plaster (not over background color),"1-3-D, 1-3-E"
374,Field Sample 374,7e1e264f-712d-4d2a-bb26-efbc8539c471,"X-section, VIL, XRD, ESEM",132142b2-0c47-4817-8e76-56192145123f,HERC_GPT_06_SET10_TS,"Alessandra De Vita, Francesca Pique and Leslie Rainer",Alessandra De Vita,Francesca Pique,Leslie Rainer,,201009,2010-09,Wall painting,Thin-section,Herculaneum,Italy,04138f0a-3ae2-4fd0-88c7-7739277f432c,,Herculaneum,GPT,"Casa del Gran Portale - Ala del vestibolo (ambiente 12), rectangular scene",From undistrubed area at edge of crack in blue background - painted directly over plaster (not over background color),"1-3-D, 1-3-E"
375,Field Sample 375,51a62d6a-fefb-49e3-84f2-5282045bd359,"X-section, VIL, XRD, ESEM",132142b2-0c47-4817-8e76-56192145123f,HERC_GPT_06_SET10_XS,"Alessandra De Vita, Francesca Pique and Leslie Rainer",Alessandra De Vita,Francesca Pique,Leslie Rainer,,201009,2010-09,Wall painting,Cross-section,Herculaneum,Italy,04138f0a-3ae2-4fd0-88c7-7739277f432c,,Herculaneum,GPT,"Casa del Gran Portale - Ala del vestibolo (ambiente 12), rectangular scene",From undistrubed area at edge of crack in blue background - painted directly over plaster (not over background color),"1-3-D, 1-3-E"
376,Field Sample 376,b7220ec8-f7e7-43d3-ad02-c2a801e30470,"X-section, XRD, ESEM",697626ff-b5b4-4ddf-b122-c1bd1dfc851f,HERC_SAN_01_SET10,"Alessandra De Vita, Francesca Pique and Leslie Rainer",Alessandra De Vita,Francesca Pique,Leslie Rainer,,201009,2010-09,Wall painting,Fragment,Herculaneum,Italy,04138f0a-3ae2-4fd0-88c7-7739277f432c,,Herculaneum,SAN,"Casa Sannitica (ambiente 2), rectangular scene (unfinished?)","From discolored paint layer applied directly over plaster - unfinished scne? No real paint layer seen in sample, but some drawing/painting in middle of scene","1-3-D, 1-3-E"
377,Field Sample 377,b634d5e1-0cc1-43e3-9b4a-0d3d67a8b130,"X-section, XRD, ESEM",697626ff-b5b4-4ddf-b122-c1bd1dfc851f,HERC_SAN_01_SET10_XS,"Alessandra De Vita, Francesca Pique and Leslie Rainer",Alessandra De Vita,Francesca Pique,Leslie Rainer,,201009,2010-09,Wall painting,Cross-section,Herculaneum,Italy,04138f0a-3ae2-4fd0-88c7-7739277f432c,,Herculaneum,SAN,"Casa Sannitica (ambiente 2), rectangular scene (unfinished?)","From discolored paint layer applied directly over plaster - unfinished scne? No real paint layer seen in sample, but some drawing/painting in middle of scene","1-3-D, 1-3-E"
378,Field Sample 378,be1d9bd0-2064-4219-aa0a-44d141a189cc,"X-section, XRD, ESEM",697626ff-b5b4-4ddf-b122-c1bd1dfc851f,HERC_SAN_01_SET10_TS,"Alessandra De Vita, Francesca Pique and Leslie Rainer",Alessandra De Vita,Francesca Pique,Leslie Rainer,,201009,2010-09,Wall painting,Thin-section,Herculaneum,Italy,04138f0a-3ae2-4fd0-88c7-7739277f432c,,Herculaneum,SAN,"Casa Sannitica (ambiente 2), rectangular scene (unfinished?)","From discolored paint layer applied directly over plaster - unfinished scne? No real paint layer seen in sample, but some drawing/painting in middle of scene","1-3-D, 1-3-E"
379,Field Sample 379,0afb170d-66e3-4b5a-8f1f-1f28639f78c3,"X-section, XRD, ESEM",697626ff-b5b4-4ddf-b122-c1bd1dfc851f,HERC_SAN_02_SET10,"Alessandra De Vita, Francesca Pique and Leslie Rainer",Alessandra De Vita,Francesca Pique,Leslie Rainer,,201009,2010-09,Wall painting,Fragment,Herculaneum,Italy,04138f0a-3ae2-4fd0-88c7-7739277f432c,,Herculaneum,SAN,"Casa Sannitica - Atium (ambiente 2), round medallion",From design layer painted over red background (brown and gray ducks),"1-3-D, 1-3-E"
380,Field Sample 380,ad7949bb-4c52-4a12-8e80-33bd52b745e6,"X-section, XRD, ESEM",697626ff-b5b4-4ddf-b122-c1bd1dfc851f,HERC_SAN_02_SET10_XS,"Alessandra De Vita, Francesca Pique and Leslie Rainer",Alessandra De Vita,Francesca Pique,Leslie Rainer,,201009,2010-09,Wall painting,Cross-section,Herculaneum,Italy,04138f0a-3ae2-4fd0-88c7-7739277f432c,,Herculaneum,SAN,"Casa Sannitica - Atium (ambiente 2), round medallion",From design layer painted over red background (brown and gray ducks),"1-3-D, 1-3-E"
381,Field Sample 381,05b1e5f3-5655-4132-9c13-bc1a3b886c22,"X-section, XRD, ESEM",697626ff-b5b4-4ddf-b122-c1bd1dfc851f,HERC_SAN_02_SET10_TS,"Alessandra De Vita, Francesca Pique and Leslie Rainer",Alessandra De Vita,Francesca Pique,Leslie Rainer,,201009,2010-09,Wall painting,Thin-section,Herculaneum,Italy,04138f0a-3ae2-4fd0-88c7-7739277f432c,,Herculaneum,SAN,"Casa Sannitica - Atium (ambiente 2), round medallion",From design layer painted over red background (brown and gray ducks),"1-3-D, 1-3-E"
382,Field Sample 382,5be2236d-7d7b-4987-a0d3-dc34aabeed1e,,,HERC_VPA_01_SET10,"Giuseppe Zolfo, Giacomo Chiari, Francesca Pique, Leslie Rainer",Giuseppe Zolfo,Giacomo Chiari,Francesca Pique,Leslie Rainer,201009,2010-09,Wall painting,Fragment,Herculaneum,Italy,04138f0a-3ae2-4fd0-88c7-7739277f432c,,Herculaneum,VPA,Criptoportico ceiling,Blue over black,"1-3-D, 1-3-E"
383,Field Sample 383,e57ed3c7-cf1e-43a0-9dfc-0ca18458e5a2,,,HERC_VPA_01_SET10_TS,"Giuseppe Zolfo, Giacomo Chiari, Francesca Pique, Leslie Rainer",Giuseppe Zolfo,Giacomo Chiari,Francesca Pique,Leslie Rainer,201009,2010-09,Wall painting,Thin-section,Herculaneum,Italy,04138f0a-3ae2-4fd0-88c7-7739277f432c,,Herculaneum,VPA,Criptoportico ceiling,Blue over black,"1-3-D, 1-3-E"
384,Field Sample 384,9040b001-aa58-499e-ba04-7e255bd8a369,,,HERC_VPA_01_SET10_XS,"Giuseppe Zolfo, Giacomo Chiari, Francesca Pique, Leslie Rainer",Giuseppe Zolfo,Giacomo Chiari,Francesca Pique,Leslie Rainer,201009,2010-09,Wall painting,Cross-section,Herculaneum,Italy,04138f0a-3ae2-4fd0-88c7-7739277f432c,,Herculaneum,VPA,Criptoportico ceiling,Blue over black,"1-3-D, 1-3-E"
385,Field Sample 385,b4aeffb8-5255-43f7-8bc5-b2a477f74525,,,HERC_VPA_02_SET10,"Giuseppe Zolfo, Giacomo Chiari, Francesca Pique, Leslie Rainer",Giuseppe Zolfo,Giacomo Chiari,Francesca Pique,Leslie Rainer,201009,2010-09,Wall painting,Fragment,Herculaneum,Italy,04138f0a-3ae2-4fd0-88c7-7739277f432c,,Herculaneum,VPA,"Unknown location, fallen fragment",Red with plaster,"1-3-D, 1-3-E"
386,Field Sample 386,7e12ce87-1b97-43d1-9fe9-f1b1686a1475,,,HERC_VPA_02_SET10_XS,"Giuseppe Zolfo, Giacomo Chiari, Francesca Pique, Leslie Rainer",Giuseppe Zolfo,Giacomo Chiari,Francesca Pique,Leslie Rainer,201009,2010-09,Wall painting,Cross-section,Herculaneum,Italy,04138f0a-3ae2-4fd0-88c7-7739277f432c,,Herculaneum,VPA,"Unknown location, fallen fragment",Red with plaster,"1-3-D, 1-3-E"
387,Field Sample 387,834f5eb1-787a-422f-95b9-3f08ab001e32,,,HERC_VPA_02_SET10_TS,"Giuseppe Zolfo, Giacomo Chiari, Francesca Pique, Leslie Rainer",Giuseppe Zolfo,Giacomo Chiari,Francesca Pique,Leslie Rainer,201009,2010-09,Wall painting,Thin-section,Herculaneum,Italy,04138f0a-3ae2-4fd0-88c7-7739277f432c,,Herculaneum,VPA,"Unknown location, fallen fragment",Red with plaster,"1-3-D, 1-3-E"
388,Field Sample 388,c2dca8a5-6f1a-43fb-b071-1c1a945680e0,,,HERC_VPA_03_SET10,"Giuseppe Zolfo, Giacomo Chiari, Francesca Pique, Leslie Rainer",Giuseppe Zolfo,Giacomo Chiari,Francesca Pique,Leslie Rainer,201009,2010-09,Wall painting,Fragment,Herculaneum,Italy,04138f0a-3ae2-4fd0-88c7-7739277f432c,,Herculaneum,VPA,"Unknown location, fallen fragment",Red with plaster,"1-3-D, 1-3-E"
389,Field Sample 389,f2dc8dcd-52e4-46d1-9972-1ecf1f75755f,,,HERC_VPA_03_SET10_XS,"Giuseppe Zolfo, Giacomo Chiari, Francesca Pique, Leslie Rainer",Giuseppe Zolfo,Giacomo Chiari,Francesca Pique,Leslie Rainer,201009,2010-09,Wall painting,Cross-section,Herculaneum,Italy,04138f0a-3ae2-4fd0-88c7-7739277f432c,,Herculaneum,VPA,"Unknown location, fallen fragment",Red with plaster,"1-3-D, 1-3-E"
390,Field Sample 390,0805ca3b-e5fd-4b17-ae7e-8f3cd0b17765,,,HERC_VPA_03_SET10_TS,"Giuseppe Zolfo, Giacomo Chiari, Francesca Pique, Leslie Rainer",Giuseppe Zolfo,Giacomo Chiari,Francesca Pique,Leslie Rainer,201009,2010-09,Wall painting,Thin-section,Herculaneum,Italy,04138f0a-3ae2-4fd0-88c7-7739277f432c,,Herculaneum,VPA,"Unknown location, fallen fragment",Red with plaster,"1-3-D, 1-3-E"
391,Field Sample 391,5c3d334c-1c82-4dd2-9f89-4697b920e030,"X-section, EXRD, ESEM",9bbd09b6-0676-4816-bee5-311aa128c029,HERC_VPA_04_SET10,"Giuseppe Zolfo, Giacomo Chiari, Francesca Pique, Leslie Rainer",Giuseppe Zolfo,Giacomo Chiari,Francesca Pique,Leslie Rainer,201009,2010-09,Wall painting,Fragment,Herculaneum,Italy,04138f0a-3ae2-4fd0-88c7-7739277f432c,,Herculaneum,VPA,"Villa dei Papiri - untreated fragment from Borbonic tunnels - yellow background, no design","From yellow background, untreated","1-3-D, 1-3-E"
392,Field Sample 392,dc48687d-fc41-4d00-9305-a903f9f70f49,"X-section, EXRD, ESEM",9bbd09b6-0676-4816-bee5-311aa128c029,HERC_VPA_04_SET10_TS,"Giuseppe Zolfo, Giacomo Chiari, Francesca Pique, Leslie Rainer",Giuseppe Zolfo,Giacomo Chiari,Francesca Pique,Leslie Rainer,201009,2010-09,Wall painting,Thin-section,Herculaneum,Italy,04138f0a-3ae2-4fd0-88c7-7739277f432c,,Herculaneum,VPA,"Villa dei Papiri - untreated fragment from Borbonic tunnels - yellow background, no design","From yellow background, untreated","1-3-D, 1-3-E"
393,Field Sample 393,17a8e206-8f5e-4780-8aaf-8d8f3eb67ab2,"X-section, EXRD, ESEM",9bbd09b6-0676-4816-bee5-311aa128c029,HERC_VPA_04_SET10_XS,"Giuseppe Zolfo, Giacomo Chiari, Francesca Pique, Leslie Rainer",Giuseppe Zolfo,Giacomo Chiari,Francesca Pique,Leslie Rainer,201009,2010-09,Wall painting,Cross-section,Herculaneum,Italy,04138f0a-3ae2-4fd0-88c7-7739277f432c,,Herculaneum,VPA,"Villa dei Papiri - untreated fragment from Borbonic tunnels - yellow background, no design","From yellow background, untreated","1-3-D, 1-3-E"
394,Field Sample 394,8d44f1c5-3a2c-4899-90ec-bd0d538447d6,"X-section, VIL, XRD, ESEM",132142b2-0c47-4817-8e76-56192145123f,HERC_VPA_05_SET10,"Giuseppe Zolfo, Giacomo Chiari, Francesca Pique, Leslie Rainer",Giuseppe Zolfo,Giacomo Chiari,Francesca Pique,Leslie Rainer,201009,2010-09,Wall painting,Fragment,Herculaneum,Italy,04138f0a-3ae2-4fd0-88c7-7739277f432c,,Herculaneum,VPA,Villa dei Papiri - untreated fragment from Borbonic tunnels - design on blue with red ducks,Sample taken from blue area(?),"1-3-D, 1-3-E"
395,Field Sample 395,023959ac-b9b7-4888-a698-8ff708f584bd,"X-section, VIL, XRD, ESEM",132142b2-0c47-4817-8e76-56192145123f,HERC_VPA_05_SET10_TS,"Giuseppe Zolfo, Giacomo Chiari, Francesca Pique, Leslie Rainer",Giuseppe Zolfo,Giacomo Chiari,Francesca Pique,Leslie Rainer,201009,2010-09,Wall painting,Thin-section,Herculaneum,Italy,04138f0a-3ae2-4fd0-88c7-7739277f432c,,Herculaneum,VPA,Villa dei Papiri - untreated fragment from Borbonic tunnels - design on blue with red ducks,Sample taken from blue area(?),"1-3-D, 1-3-E"
396,Field Sample 396,fda5c73f-07d5-4ba4-b85d-90d22ac02821,"X-section, VIL, XRD, ESEM",132142b2-0c47-4817-8e76-56192145123f,HERC_VPA_05_SET10_XS,"Giuseppe Zolfo, Giacomo Chiari, Francesca Pique, Leslie Rainer",Giuseppe Zolfo,Giacomo Chiari,Francesca Pique,Leslie Rainer,201009,2010-09,Wall painting,Cross-section,Herculaneum,Italy,04138f0a-3ae2-4fd0-88c7-7739277f432c,,Herculaneum,VPA,Villa dei Papiri - untreated fragment from Borbonic tunnels - design on blue with red ducks,Sample taken from blue area(?),"1-3-D, 1-3-E"
397,Field Sample 397,05120ce7-e881-4d6f-ab4a-151d3a095bc4,"X-section, VIL, XRD, ESEM",132142b2-0c47-4817-8e76-56192145123f,HERC_VPA_06_SET10,"Giuseppe Zolfo, Giacomo Chiari, Francesca Pique, Leslie Rainer",Giuseppe Zolfo,Giacomo Chiari,Francesca Pique,Leslie Rainer,201009,2010-09,Wall painting,Fragment,Herculaneum,Italy,04138f0a-3ae2-4fd0-88c7-7739277f432c,,Herculaneum,VPA,Villa dei Papiri - untreated fragment from Borbonic tunnels - blue with red and yellow / white stripe,Sample taken from yellow/white stripe,"1-3-D, 1-3-E"
398,Field Sample 398,d92fff7c-7c0e-466d-be73-4fbc7c0005fb,"X-section, VIL, XRD, ESEM",132142b2-0c47-4817-8e76-56192145123f,HERC_VPA_06_SET10_XS,"Giuseppe Zolfo, Giacomo Chiari, Francesca Pique, Leslie Rainer",Giuseppe Zolfo,Giacomo Chiari,Francesca Pique,Leslie Rainer,201009,2010-09,Wall painting,Cross-section,Herculaneum,Italy,04138f0a-3ae2-4fd0-88c7-7739277f432c,,Herculaneum,VPA,Villa dei Papiri - untreated fragment from Borbonic tunnels - blue with red and yellow / white stripe,Sample taken from yellow/white stripe,"1-3-D, 1-3-E"
399,Field Sample 399,94ebe94f-2c73-4695-9f45-acecfa826a6f,"X-section, VIL, XRD, ESEM",132142b2-0c47-4817-8e76-56192145123f,HERC_VPA_06_SET10_TS,"Giuseppe Zolfo, Giacomo Chiari, Francesca Pique, Leslie Rainer",Giuseppe Zolfo,Giacomo Chiari,Francesca Pique,Leslie Rainer,201009,2010-09,Wall painting,Thin-section,Herculaneum,Italy,04138f0a-3ae2-4fd0-88c7-7739277f432c,,Herculaneum,VPA,Villa dei Papiri - untreated fragment from Borbonic tunnels - blue with red and yellow / white stripe,Sample taken from yellow/white stripe,"1-3-D, 1-3-E"
400,Field Sample 400,908768ce-c7f8-4ebf-aee2-fc85a0ce6d52,,,HERC_VPA_07_SET10_XSEC,,,,,,201307,2013-07,Wall painting,Cross-section,Herculaneum,Italy,04138f0a-3ae2-4fd0-88c7-7739277f432c,,Herculaneum,VPA,"Villa de Papiri, untreated fragment, red monochrome layer",Cross-section (taken from large fragment that belongs to SANP),"1-3-D, 1-3-E"
401,Field Sample 401,a761408a-b9bc-460b-a71a-0a277b380494,,,HERC_VPA_07_SET10,,,,,,201307,2013-07,Wall painting,,Herculaneum,Italy,04138f0a-3ae2-4fd0-88c7-7739277f432c,,Herculaneum,VPA,"Villa de Papiri, untreated fragment, red monochrome layer","Samples are scrapings from each layer (and some mixes): red, red and pink, pink, white plaster, gray plaster, mixed powder and mixed powder 2","1-3-D, 1-3-E"
402,Field Sample 402,d9ad2f77-329d-4b92-938a-9f6d23709681,,,HERC_VPA_08_SET10_XSEC,,,,,,20130705,2013-07-05,Wall painting,Cross-section,Herculaneum,Italy,04138f0a-3ae2-4fd0-88c7-7739277f432c,,Herculaneum,VPA,"Villa de Papiri, untreated fragment, white monochrome layer",Cross-section (taken from large fragment that belongs to SANP),"1-3-D, 1-3-E"
403,Field Sample 403,47e490e6-cb3a-4b80-8ff7-c8006c9cc0c5,,,HERC_VPA_08_SET10,,,,,,20130705,2013-07-05,Wall painting,,Herculaneum,Italy,04138f0a-3ae2-4fd0-88c7-7739277f432c,,Herculaneum,VPA,"Villa de Papiri, untreated fragment, white monochrome layer","Samples are scrapings from each layer (and some mixes): white, beige (powder?), gray plaster, mixed powder","1-3-D, 1-3-E"
404,Field Sample 404,801d25cb-6265-42c6-a115-e07bf27e10d8,,,HERC_VPA_09_SET10_XSEC,,,,,,20130705,2013-07-05,Wall painting,Cross-section,Herculaneum,Italy,04138f0a-3ae2-4fd0-88c7-7739277f432c,,Herculaneum,VPA,"Villa de Papiri, untreated fragment, black monochrome layer",Cross-section (taken from large fragment that belongs to SANP),"1-3-D, 1-3-E"
405,Field Sample 405,040eebee-e586-4fef-b3a5-935cdace71d9,,,HERC_VPA_09_SET10,,,,,,20130705,2013-07-05,Wall painting,,Herculaneum,Italy,04138f0a-3ae2-4fd0-88c7-7739277f432c,,Herculaneum,VPA,"Villa de Papiri, untreated fragment, red monochrome layer","Samples are scrapings from each layer (and some mixes): black, white underlayer (plaster?), dark gray plaster, mixed powder","1-3-D, 1-3-E"
406,Field Sample 406,207357d0-4d93-457e-aec1-931dcac1eb5d,,,HERC_VPA_10_SET10_XSEC,,,,,,20130705,2013-07-05,Wall painting,Cross-section,Herculaneum,Italy,04138f0a-3ae2-4fd0-88c7-7739277f432c,,Herculaneum,VPA,"Villa de Papiri, untreated fragment, black monochrome layer",Cross-section (taken from large fragment that belongs to SANP),"1-3-D, 1-3-E"
407,Field Sample 407,963d410d-0a5a-4ad5-8d85-01c4e34c62ef,,,HERC_VPA_10_SET10,,,,,,20130705,2013-07-05,Wall painting,,Herculaneum,Italy,04138f0a-3ae2-4fd0-88c7-7739277f432c,,Herculaneum,VPA,"Villa de Papiri, untreated fragment, yellow monochrome layer","Samples are scrapings from each layer (and some mixes): yellow, yellow and pink, pink, pink and white, fine white plaster, coarse white plaster, mixed powder","1-3-D, 1-3-E"
408,Field Sample 408,ca967644-1c17-4733-a97f-69bf7632b1dc,,,HERC_VPA_11_JUL13_XSEC,,,,,,20130705,2013-07-05,Wall painting,Cross-section,Herculaneum,Italy,04138f0a-3ae2-4fd0-88c7-7739277f432c,,Herculaneum,VPA,"Villa dei Papiri, untreated fragment, yellow-green and white leaves over green monochrome layer",Cross-section (taken from large fragment that belongs to SANP),"1-3-D, 1-3-E"
409,Field Sample 409,415badb7-3f05-41fb-ae18-d9b90fcd7540,,,HERC_VPA_11_JUL13,,,,,,20130705,2013-07-05,Wall painting,,Herculaneum,Italy,04138f0a-3ae2-4fd0-88c7-7739277f432c,,Herculaneum,VPA,"Villa dei Papiri, untreated fragment, yellow-green and white leaves over green monochrome layer","Samples are scrapings from each layer (and some mixes): yellow-green, green, [urple, white plaster, gray plaster, mixed powder","1-3-D, 1-3-E"
410,Field Sample 410,3512dcb6-74c9-43f8-b574-45180a150441,,,HERC_VPA_12_JUL13_XSEC,,,,,,20130705,2013-07-05,Wall painting,Cross-section,Herculaneum,Italy,04138f0a-3ae2-4fd0-88c7-7739277f432c,,Herculaneum,VPA,"Villa dei Papiri, untreated fragment, pink stripes over white monochrome layer",Cross-section (taken from large fragment that belongs to SANP),"1-3-D, 1-3-E"
411,Field Sample 411,f569d475-87f4-409b-895f-330933b68996,,,HERC_W2,,,,,,20130705,2013-07-05,Wall painting,,Herculaneum,Italy,04138f0a-3ae2-4fd0-88c7-7739277f432c,,Herculaneum,VPA,"Villa dei Papiri, untreated fragment, pink stripes over white monochrome layer","Samples are scrapings from each layer (and some mixes): pink upper and white, white, pink and purple underlayers, white plaster, gray plaster, mixed powder","1-3-D, 1-3-E"
412,Field Sample 412,2a663896-70b3-4bae-b686-b6b19b44998f,,,HERC_VPA_13_JUL13_XSEC,,,,,,20130705,2013-07-05,Wall painting,Cross-section,Herculaneum,Italy,04138f0a-3ae2-4fd0-88c7-7739277f432c,,Herculaneum,VPA,"Villa dei Papiri, untreated fragment, pink, purple, white, and green stripes",Cross-section (taken from large fragment that belongs to SANP),"1-3-D, 1-3-E"
413,Field Sample 413,0ce5ad01-7785-43ed-8976-334d01a696ab,,,HERC_VPA_13_JUL13,,,,,,20130705,2013-07-05,Wall painting,,Herculaneum,Italy,04138f0a-3ae2-4fd0-88c7-7739277f432c,,Herculaneum,VPA,"Villa dei Papiri, untreated fragment, pink, purple, white, and green stripes","Samples are scrapings from each layer (and some mixes): purple(wide stripe), pink(wide stripe), white plaster, gray plaster, mixed powder","1-3-D, 1-3-E"
414,Field Sample 414,7edbc04f-a82d-4030-bd76-db7be09def20,,,HERC_VPA_14_JULY13_XSEC,,,,,,20130705,2013-07-05,Wall painting,Cross-section,Herculaneum,Italy,04138f0a-3ae2-4fd0-88c7-7739277f432c,,Herculaneum,VPA,"Villa dei Papiri, untreated fragment, red, white, and purple stripes applied over green monochrome",Powdered tuff sample,"1-3-D, 1-3-E"
415,Field Sample 415,f4cc08d6-e6c3-437a-8dc7-a870c5ea14d7,,,HERC_VPA_14_JUL13,,,,,,20130705,2013-07-05,Wall painting,,Herculaneum,Italy,04138f0a-3ae2-4fd0-88c7-7739277f432c,,Herculaneum,VPA,"Villa dei Papiri, untreated fragment, red, white, and purple stripes applied over green monochrome",Cross-section (taken from large fragment that belongs to SANP),"1-3-D, 1-3-E"
416,Field Sample 416,dae28b46-4d97-4cca-b268-5ccbc37c41f8,,,HERC_VPA_15_JUL13,,,,,,20130705,2013-07-05,Tuff,,Herculaneum,Italy,04138f0a-3ae2-4fd0-88c7-7739277f432c,,Herculaneum,VPA,"Villa dei Papiri, tuff sample from untreated area","Samples are scrapings from each layer (and some mixes): blue, blue and pink, white, white fine plaster, white coarse plaster, mixed powder","1-3-D, 1-3-E"
417,Field Sample 417,f9db2b85-a05c-4239-872b-57593395921f,,,HERC_VPA_D1,"Giorgio Torraca, Francesca Pique, Giacomo Chiari",Giorgio Torraca,Francesca Pique,Giacomo Chiari,,20080605,2008-06-05,Wall painting,Powder,Herculaneum,Italy,04138f0a-3ae2-4fd0-88c7-7739277f432c,,Herculaneum,VPA,Lower level. First room toward North. Taken from the south wall. Patina formed in a short time (about three weeks) on a red color background.,Patina formed in a short time (about three weeks) on a red color background.,"1-3-D, 1-3-E"
418,Field Sample 418,b3c92f00-6d08-45c7-ad2a-ad3f9cabbfdd,,,HERC_VPA_D2,"Giorgio Torraca, Francesca Pique, Giacomo Chiari",Giorgio Torraca,Francesca Pique,Giacomo Chiari,,20080605,2008-06-05,Wall painting,Fragment,Herculaneum,Italy,04138f0a-3ae2-4fd0-88c7-7739277f432c,,Herculaneum,VPA,Lower level. First room to the North. East wall on the zone excavated in the 1990s. Patina formed since a long time on white painting.,Patina formed since a long time on white painting.,"1-3-D, 1-3-E"
419,Field Sample 419,93d9375d-8817-44b9-9ae6-254295456536,,,HERC_VPA_D3,"Giorgio Torraca, Francesca Pique, Giacomo Chiari",Giorgio Torraca,Francesca Pique,Giacomo Chiari,,20080605,2008-06-05,Volcanic Mud,Fragment,Herculaneum,Italy,04138f0a-3ae2-4fd0-88c7-7739277f432c,,Herculaneum,VPA,Lower level on the esternal part. Fourth window from North. Efflorescence on volcanic mud.,Efflorescence on volcanic mud.,"1-3-D, 1-3-E"
420,Field Sample 420,214eedd4-c00e-4e29-b3cd-caa461db88b7,,,HERC_VPA_D4,"Giorgio Torraca, Francesca Pique, Giacomo Chiari",Giorgio Torraca,Francesca Pique,Giacomo Chiari,,20080605,2008-06-05,Brick wall,Fragment,Herculaneum,Italy,04138f0a-3ae2-4fd0-88c7-7739277f432c,,Herculaneum,VPA,"Lower level on the external part. Fourth window from North. Efflorescence on brick wall (suspected to be due to restoration, inserted to bear the weight of the window lintel, which in turn is new.)","Efflorescence on brick wall (suspected to be due to restoration, inserted to bear the weight of the window lintel, which in turn is new.)","1-3-D, 1-3-E"
421,Field Sample 421,a1f34767-3717-43b8-817a-4bd38d338764,,,HERC_TSU_D1,"Giorgio Torraca, Francesca Pique, Giacomo Chiari",Giorgio Torraca,Francesca Pique,Giacomo Chiari,,20080605,2008-06-05,,Powder,Herculaneum,Italy,04138f0a-3ae2-4fd0-88c7-7739277f432c,,Herculaneum,SUB,"Tepidarium. Parete Nord, vincino alla sommita. Efflorescenza diffusa su superficie piana.",Efflorescenza diffusa su superficie piana.,"1-3-D, 1-3-E"
422,Field Sample 422,a7090bea-afbc-47bd-93e7-54fc2c7d99c1,,,HERC_TSU_D2,"Giorgio Torraca, Francesca Pique, Giacomo Chiari",Giorgio Torraca,Francesca Pique,Giacomo Chiari,,20080605,2008-06-05,,Powder,Herculaneum,Italy,04138f0a-3ae2-4fd0-88c7-7739277f432c,,Herculaneum,SUB,"Tepidarium. Parete Nord. Stucco interno della gamba Sx del guerriero, vincino ad un buco a sezione quadrata.","Stucco interno della gamba Sx del guerriero, vincino ad un buco a sezione quadrata.","1-3-D, 1-3-E"
423,Field Sample 423,5b4fedea-d139-4828-a3b6-0107fa605ad3,,,HERC_TSU_D3,"Giorgio Torraca, Francesca Pique, Giacomo Chiari",Giorgio Torraca,Francesca Pique,Giacomo Chiari,,20080605,2008-06-05,,Powder,Herculaneum,Italy,04138f0a-3ae2-4fd0-88c7-7739277f432c,,Herculaneum,SUB,"Tepidarium. Frammento di stucco sottile caduto dall'alto e raccolto sulla panca, sotto alla parete Est.","Frammento di stucco sottile caduto dall'alto e raccolto sulla panca, sotto alla parete Est.","1-3-D, 1-3-E"
424,Field Sample 424,72ac664e-330f-4b07-898a-ff0143f5ee7a,,,HERC_TSU_D4,"Giorgio Torraca, Francesca Pique, Giacomo Chiari",Giorgio Torraca,Francesca Pique,Giacomo Chiari,,20080605,2008-06-05,,Powder,Herculaneum,Italy,04138f0a-3ae2-4fd0-88c7-7739277f432c,,Herculaneum,SUB,Tepidarium. A second fragment of stucco that fell on the bench under the East wall. The piece is larger than the one collected as SUB-D3 and the color is more grayish.,A second fragment of stucco that fell on the bench under the East wall. The piece is larger than the one collected as SUB-D3 and the color is more grayish.,"1-3-D, 1-3-E"
425,Field Sample 425,d3fc5a9b-179c-491d-9c05-c778386ee434,,,HERC_BSN_D1,"Giorgio Torraca, Francesca Pique, Giacomo Chiari",Giorgio Torraca,Francesca Pique,Giacomo Chiari,,,,,Fragment,Herculaneum,Italy,04138f0a-3ae2-4fd0-88c7-7739277f432c,,Herculaneum,BSN,,,"1-3-D, 1-3-E"
426,Field Sample 426,58579a63-0ed7-4306-a2b4-a2a04c4fba10,,,HERC_BSN_D2,"Giorgio Torraca, Francesca Pique, Giacomo Chiari",Giorgio Torraca,Francesca Pique,Giacomo Chiari,,,,,Fragment,Herculaneum,Italy,04138f0a-3ae2-4fd0-88c7-7739277f432c,,Herculaneum,BSN,,,"1-3-D, 1-3-E"
427,Field Sample 427,056f0144-41c3-4d9b-8c17-bd156a763a20,,,HERC_BSN_D3,"Giorgio Torraca, Francesca Pique, Giacomo Chiari",Giorgio Torraca,Francesca Pique,Giacomo Chiari,,,,,Fragment,Herculaneum,Italy,04138f0a-3ae2-4fd0-88c7-7739277f432c,,Herculaneum,BSN,,,"1-3-D, 1-3-E"
428,Field Sample 428,b6a2c02b-dca6-412a-bd8e-38665b57f6b9,,,HERC_BSN_D4,"Giorgio Torraca, Francesca Pique, Giacomo Chiari",Giorgio Torraca,Francesca Pique,Giacomo Chiari,,,,,Fragment,Herculaneum,Italy,04138f0a-3ae2-4fd0-88c7-7739277f432c,,Herculaneum,BSN,,,"1-3-D, 1-3-E"
429,Field Sample 429,9c19c956-c76e-4734-9558-a29670eee615,,,HERC_BSN_C2_D6,"Giorgio Torraca, Francesca Pique, Giacomo Chiari",Giorgio Torraca,Francesca Pique,Giacomo Chiari,,,,,Fragment,Herculaneum,Italy,04138f0a-3ae2-4fd0-88c7-7739277f432c,,Herculaneum,BSN,,,"1-3-D, 1-3-E"
430,Field Sample 430,f98c0190-b6cc-4bde-8255-48466c54fed5,,,HERC_ISAC_01_JUL13_XSEC,,,,,,20130705,2013-07-05,,,Herculaneum,Italy,04138f0a-3ae2-4fd0-88c7-7739277f432c,,Herculaneum,ISAC,"ISAC, at Villa dei Papiri, untreated fragment, blue, pink, red, and yellow stripes over white monochrome","blue, pink, red, and yellow stripes over white monochrome","1-3-D, 1-3-E"
431,Field Sample 431,285cb330-aeab-437e-bf94-57132048457a,,,HERC_ISAC_01_JUL13,,,,,,20130705,2013-07-05,,,Herculaneum,Italy,04138f0a-3ae2-4fd0-88c7-7739277f432c,,Herculaneum,ISAC,"ISAC, at Villa dei Papiri, untreated fragment, blue, pink, red, and yellow stripes over white monochrome","blue, pink, red, and yellow stripes over white monochrome","1-3-D, 1-3-E"
432,Field Sample 432,a024fa24-32ac-4f04-bbd8-d6f7a69e544c,,,HERC_BSN_01_MAY06,,,,,,200605,2006-05,Wall painting,Fragment,Herculaneum,Italy,04138f0a-3ae2-4fd0-88c7-7739277f432c,,Herculaneum,BSN,"Basilica - Untreated fragment from excavation dirt, red background with blue corner and white line",red background with blue corner and white line,"1-3-D, 1-3-E"
433,Field Sample 433,53828ac4-cca7-4e56-9d23-2ff69065bbc2,,,HERC_BSN_01_MAY06_XS,,,,,,200605,2006-05,Wall painting,Cross-section,Herculaneum,Italy,04138f0a-3ae2-4fd0-88c7-7739277f432c,,Herculaneum,BSN,"Basilica - Untreated fragment from excavation dirt, red background with blue corner and white line",,"1-3-D, 1-3-E"
434,Field Sample 434,a3f66f18-82d1-4f62-94a6-88e0a0f8cd38,,,HERC_BSN_02_MAY06,,,,,,20060501,2006-05-01,Wall painting,Fragment,Herculaneum,Italy,04138f0a-3ae2-4fd0-88c7-7739277f432c,,Herculaneum,BSN,"Basilica - Untreated fragment from excavation dirt, white background with gold design",,"1-3-D, 1-3-E"
435,Field Sample 435,1e4318fe-966c-4e04-a1a6-70604239fedb,,,HERC_BSN_03_MAY06,,,,,,20060501,2006-05-01,Wall painting,Fragment,Herculaneum,Italy,04138f0a-3ae2-4fd0-88c7-7739277f432c,,Herculaneum,BSN,"Basilica - Untreated fragment from excavation dirt, blue background with gold and white design",,"1-3-D, 1-3-E"
436,Field Sample 436,d600ed00-1288-44ab-9b9d-b4d935b4a993,,,HERC_BSN_03A_MAY06,,,,,,20060501,2006-05-01,Wall painting,Fragment,Herculaneum,Italy,04138f0a-3ae2-4fd0-88c7-7739277f432c,,Herculaneum,BSN,"Basilica - Untreated fragment from excavation dirt, blue background with white design, fragment from HERC_BSN_03","blue background with white design, fragment from HERC_BSN_03","1-3-D, 1-3-E"
437,Field Sample 437,f25224cd-d06c-4ea8-8593-6f2578f9341d,,,HERC_BSN_03B_MAY06,,,,,,20060501,2006-05-01,Wall painting,Fragment,Herculaneum,Italy,04138f0a-3ae2-4fd0-88c7-7739277f432c,,Herculaneum,BSN,"Basilica - Untreated fragment from excavation dirt, fragment of blue from HERC_BSN_03",fragment of blue from HERC_BSN_03,"1-3-D, 1-3-E"
438,Field Sample 438,d6f490ea-5b8c-46b9-bbef-e9c09da0707b,,,HERC_BSN_04_MAY06,,,,,,20060501,2006-05-01,Wall painting,Fragment,Herculaneum,Italy,04138f0a-3ae2-4fd0-88c7-7739277f432c,,Herculaneum,BSN,"Basilica - Untreated fragment from excavation dirt, plaster",plaster,"1-3-D, 1-3-E"
439,Field Sample 439,2ea8ab90-4e64-4f0a-9115-642e9a2afb47,,,HERC_TCR_N1_1_XS,,,,,,200707,2007-07,Wall painting,Cross-section,Herculaneum,Italy,04138f0a-3ae2-4fd0-88c7-7739277f432c,,Herculaneum,TCR,,,"1-3-D, 1-3-E"
440,Field Sample 440,59c28112-6571-4d04-9db9-fca416734e12,,,HERC_TCR_N1_1_TS,,,,,,200707,2007-07,Wall painting,Thin-section,Herculaneum,Italy,04138f0a-3ae2-4fd0-88c7-7739277f432c,,Herculaneum,TCR,,,"1-3-D, 1-3-E"
441,Field Sample 441,d3bc9179-43cd-46fa-aaea-3d73ab5b87b9,,,HERC_BCN_11_OCT08,,,,,,200810,2008-10,Wall painting,Powder,Herculaneum,Italy,04138f0a-3ae2-4fd0-88c7-7739277f432c,,Herculaneum,BCN,"Casa del Bicentenario, corridor on other side of west wall.",Scraping of white salt efflorescence over layer of reintegration plaster.,"1-3-D, 1-3-E"
442,Field Sample 442,34b70aee-4152-4c58-99ec-34fc3cbc3a47,,,HERC_BCN_12_OCT08,,,,,,200810,2008-10,Wall painting,Powder,Herculaneum,Italy,04138f0a-3ae2-4fd0-88c7-7739277f432c,,Herculaneum,BCN,"Casa del Bicentenario, Tablino, east wall, lower portion of the wall underneath medallion with Satyr and Baccante.",Scraping of white salt efflorescence over layer of reintegration plaster.,"1-3-D, 1-3-E"
443,Field Sample 443,0cdde776-b01b-4023-8cc6-631cf72920c9,"Optical microscopy, XRD, ion chromatography",4392b548-dd48-4f37-a1f5-6380efb10368,HERC_BCN_46_NOV13,Francesca Pique and Caterina Barnaba,Francesca Pique,Caterina Barnaba,,,201311,2013-11,Wall painting,Scraping,Herculaneum,Italy,04138f0a-3ae2-4fd0-88c7-7739277f432c,,Herculaneum,BCN,"BCN, Tablino, East wall",Salts crystalized on the surface of repair material,"1-3-D, 1-3-E"
444,Field Sample 444,78022a10-23e8-4ee2-b1df-876a99414748,"Optical microscopy, XRD, ion chromatography",4392b548-dd48-4f37-a1f5-6380efb10368,HERC_BCN_47_NOV13,Francesca Pique and Caterina Barnaba,Francesca Pique,Caterina Barnaba,,,201311,2013-11,Wall painting,Scraping,Herculaneum,Italy,04138f0a-3ae2-4fd0-88c7-7739277f432c,,Herculaneum,BCN,"BCN, Tablino, East wall",Salts crystalized on the surface of original plaster,"1-3-D, 1-3-E"
445,Field Sample 445,36db8d11-2fbd-4e8b-bbee-b09893edac82,,,HERC_PARAFFIN,Francesca Pique and Amarilli Rava,Francesca Pique,Amarilli Rava,,,200904,2009-04,Wax,Fragments,Herculaneum,Italy,04138f0a-3ae2-4fd0-88c7-7739277f432c,,Herculaneum,,From Herculaneum deposits/storage.,Paraffin wax from Herculaneum,"1-3-D, 1-3-E"
446,Field Sample 446,b4a2f573-7ca6-40fd-bb6b-059fc0520379,,,HERC_TSU_MC2_1_JUN08,,,,,,20120601,2012-06-01,Wall painting,Powder,Herculaneum,Italy,04138f0a-3ae2-4fd0-88c7-7739277f432c,,Herculaneum,TSU,Terme Suburbane,,"1-3-D, 1-3-E"
447,Field Sample 447,d49323b6-8521-4eae-90ca-f3d18e8c5cdf,,,HERC_TSU_MC2_2_JUN08,,,,,,20120601,2012-06-01,Wall painting,Powder,Herculaneum,Italy,04138f0a-3ae2-4fd0-88c7-7739277f432c,,Herculaneum,TSU,Terme Suburbane,,"1-3-D, 1-3-E"
448,Field Sample 448,09bc2a5e-6a65-4113-9a32-ff9014061ba9,,,HERC_TSU_MC2_3_JUN08,,,,,,20120601,2012-06-01,Wall painting,Powder,Herculaneum,Italy,04138f0a-3ae2-4fd0-88c7-7739277f432c,,Herculaneum,TSU,Terme Suburbane,,"1-3-D, 1-3-E"
449,Field Sample 449,7563a671-7e47-4b33-b154-e22c5703720e,,,HERC_TSU_MC2_4_JUN08,,,,,,20120601,2012-06-01,Wall painting,Powder,Herculaneum,Italy,04138f0a-3ae2-4fd0-88c7-7739277f432c,,Herculaneum,TSU,Terme Suburbane,,"1-3-D, 1-3-E"
450,Field Sample 450,6a354d0b-c49a-4c65-81b8-5526e9e169d8,,,HERC_TSU_MC3_1__BROWN_JUN08,,,,,,20120601,2012-06-01,Wall painting,Powder,Herculaneum,Italy,04138f0a-3ae2-4fd0-88c7-7739277f432c,,Herculaneum,TSU,Terme Suburbane,,"1-3-D, 1-3-E"
451,Field Sample 451,0fc72eba-9c56-4ca3-8f86-98c66bff96e8,,,HERC_TSU_MC3_1_LIGHT_JUN08,,,,,,20120601,2012-06-01,Wall painting,Powder,Herculaneum,Italy,04138f0a-3ae2-4fd0-88c7-7739277f432c,,Herculaneum,TSU,Terme Suburbane,,"1-3-D, 1-3-E"
452,Field Sample 452,ae723293-1777-43b1-a295-13fcd8f4d6d5,,,HERC_TSU_MC3_2A_JUN08,,,,,,20120601,2012-06-01,Wall painting,Powder,Herculaneum,Italy,04138f0a-3ae2-4fd0-88c7-7739277f432c,,Herculaneum,TSU,Terme Suburbane,,"1-3-D, 1-3-E"
453,Field Sample 453,707440be-64be-4253-a066-9a0a4dc4bfdb,,,HERC_TSU_MC3_2B_JUN08,,,,,,20120601,2012-06-01,Wall painting,Powder,Herculaneum,Italy,04138f0a-3ae2-4fd0-88c7-7739277f432c,,Herculaneum,TSU,Terme Suburbane,,"1-3-D, 1-3-E"
454,Field Sample 454,29f0ddf1-f358-4fe6-9f43-74f737471cbe,,,HERC_TSU_MC3_3_JUN08,,,,,,20120601,2012-06-01,Wall painting,Powder,Herculaneum,Italy,04138f0a-3ae2-4fd0-88c7-7739277f432c,,Herculaneum,TSU,Terme Suburbane,,"1-3-D, 1-3-E"
455,Field Sample 455,df014c97-006e-4dc0-ba39-5442df009fee,,,HERC_TSU_MC3_4_JUN08,,,,,,20120601,2012-06-01,Wall painting,Powder,Herculaneum,Italy,04138f0a-3ae2-4fd0-88c7-7739277f432c,,Herculaneum,TSU,Terme Suburbane,,"1-3-D, 1-3-E"
456,Field Sample 456,608499ae-79fe-4ac7-aaf7-b2ef45aca3d7,,,HERC_TSU_MC4_14_JUN08,,,,,,20120601,2012-06-01,Wall painting,Powder,Herculaneum,Italy,04138f0a-3ae2-4fd0-88c7-7739277f432c,,Herculaneum,TSU,Terme Suburbane,,"1-3-D, 1-3-E"
457,Field Sample 457,177fdf85-c88c-489d-8a17-f2c15c48ecbf,,,HERC_BNA_1,Giacomo Chiari,Giacomo Chiari,,,,,,Mosaic,Powder,Herculaneum,Italy,04138f0a-3ae2-4fd0-88c7-7739277f432c,,Herculaneum,BNA,Bottega di Nettuno ed Anfitrite,Salts,"1-3-D, 1-3-E"
458,Field Sample 458,aafb41e1-8913-49ba-910f-e1b34f040ec6,,,HERC_BCN_CORE_4,Giacomo Chiari,Giacomo Chiari,,,,,,Wall painting,Powder,Herculaneum,Italy,04138f0a-3ae2-4fd0-88c7-7739277f432c,,Herculaneum,BNA,Casa del Bicentenario,Mortar,"1-3-D, 1-3-E"
459,Field Sample 459,580723dc-c6e5-4e0f-a447-efeaa8ce42a4,,,HERC_BCN_CORE_5,Giacomo Chiari,Giacomo Chiari,,,,,,Wall painting,Powder,Herculaneum,Italy,04138f0a-3ae2-4fd0-88c7-7739277f432c,,Herculaneum,BNA,Casa del Bicentenario,Mortar,"1-3-D, 1-3-E"
460,Field Sample 460,1d6a1fe4-16e8-4e2c-a4ca-19f4cc70d140,,,HERC_BCN_CORE_6,Giacomo Chiari,Giacomo Chiari,,,,,,Wall painting,Powder,Herculaneum,Italy,04138f0a-3ae2-4fd0-88c7-7739277f432c,,Herculaneum,BNA,Casa del Bicentenario,Mortar,"1-3-D, 1-3-E"
461,Field Sample 461,8ecb4c39-37bc-433a-a5d0-bd4a7939140f,,,HERC_BCN_CORE_11,Giacomo Chiari,Giacomo Chiari,,,,,,Wall painting,Powder,Herculaneum,Italy,04138f0a-3ae2-4fd0-88c7-7739277f432c,,Herculaneum,BNA,Casa del Bicentenario,Mortar with tuff,"1-3-D, 1-3-E"
462,Field Sample 462,10625e68-0729-42a9-8983-bc1e0ff78caa,,,HERC_BCN_CORE_12,Giacomo Chiari,Giacomo Chiari,,,,,,Wall painting,Powder,Herculaneum,Italy,04138f0a-3ae2-4fd0-88c7-7739277f432c,,Herculaneum,BNA,Casa del Bicentenario,Wall material,"1-3-D, 1-3-E"
463,Field Sample 463,37491389-26ce-4b0e-9a13-48530a75b202,,,HERC_BCN_CORE_14,Giacomo Chiari,Giacomo Chiari,,,,,,Wall painting,Powder,Herculaneum,Italy,04138f0a-3ae2-4fd0-88c7-7739277f432c,,Herculaneum,BNA,Casa del Bicentenario,Plaster,"1-3-D, 1-3-E"
464,Field Sample 464,9beb013e-7bc8-46da-a6d9-a8150c095fcf,,,HERC_BCN_CORE_15,Giacomo Chiari,Giacomo Chiari,,,,,,Wall painting,Powder,Herculaneum,Italy,04138f0a-3ae2-4fd0-88c7-7739277f432c,,Herculaneum,BNA,Casa del Bicentenario,Tuff,"1-3-D, 1-3-E"
465,Field Sample 465,89c7e7b4-7aa0-4a97-8dc0-4b93c990d313,,,HERC_BCN_CORE_16,Giacomo Chiari,Giacomo Chiari,,,,,,Wall painting,Powder,Herculaneum,Italy,04138f0a-3ae2-4fd0-88c7-7739277f432c,,Herculaneum,BNA,Casa del Bicentenario,Plaster,"1-3-D, 1-3-E"
466,Field Sample 466,20c01215-7ec8-4ae8-8c2d-1025437dc2b3,,,HERC_BCN_CORE_17,Giacomo Chiari,Giacomo Chiari,,,,,,Wall painting,Powder,Herculaneum,Italy,04138f0a-3ae2-4fd0-88c7-7739277f432c,,Herculaneum,BNA,Casa del Bicentenario,Tuff,"1-3-D, 1-3-E"
467,Field Sample 467,9fdadb86-6670-4ee3-91f3-1db246435830,,,HERC_BCN_CORE_18,Giacomo Chiari,Giacomo Chiari,,,,,,Wall painting,Powder,Herculaneum,Italy,04138f0a-3ae2-4fd0-88c7-7739277f432c,,Herculaneum,BNA,Casa del Bicentenario,Tuff,"1-3-D, 1-3-E"
468,Field Sample 468,7239f1d6-f711-41ad-a3ef-930fcbc5f164,,,HERC_BCN_CORE_19,Giacomo Chiari,Giacomo Chiari,,,,,,Wall painting,Powder,Herculaneum,Italy,04138f0a-3ae2-4fd0-88c7-7739277f432c,,Herculaneum,BNA,Casa del Bicentenario,Tuff,"1-3-D, 1-3-E"
469,Field Sample 469,1115cfae-1867-499a-8f39-b15d53ee61c3,,,HERC_BCN_CORE_20,Giacomo Chiari,Giacomo Chiari,,,,,,Wall painting,Powder,Herculaneum,Italy,04138f0a-3ae2-4fd0-88c7-7739277f432c,,Herculaneum,BNA,Casa del Bicentenario,Tuff,"1-3-D, 1-3-E"
470,Field Sample 470,ef8ade3d-622e-46db-ba80-6ef71247549d,,,HERC_BCN_CORE_21,Giacomo Chiari,Giacomo Chiari,,,,,,Wall painting,Powder,Herculaneum,Italy,04138f0a-3ae2-4fd0-88c7-7739277f432c,,Herculaneum,BNA,Casa del Bicentenario,Tuff,"1-3-D, 1-3-E"
471,Field Sample 471,224a3529-f647-4303-9457-77e731d573e6,,,HERC_BCN_CORE_22,Giacomo Chiari,Giacomo Chiari,,,,,,Wall painting,Powder,Herculaneum,Italy,04138f0a-3ae2-4fd0-88c7-7739277f432c,,Herculaneum,BNA,Casa del Bicentenario,Tuff,"1-3-D, 1-3-E"
472,Field Sample 472,d593bd3d-c775-4bdc-b2f1-5d728bd569b8,,,HERC_BCN_CORE_23,Giacomo Chiari,Giacomo Chiari,,,,,,Wall painting,Powder,Herculaneum,Italy,04138f0a-3ae2-4fd0-88c7-7739277f432c,,Herculaneum,BNA,Casa del Bicentenario,Tuff,"1-3-D, 1-3-E"
473,Field Sample 473,a2e059e2-962a-4101-83fb-fca760c04dd0,,,HERC_BCN_CORE_24,Giacomo Chiari,Giacomo Chiari,,,,,,Wall painting,Powder,Herculaneum,Italy,04138f0a-3ae2-4fd0-88c7-7739277f432c,,Herculaneum,BNA,Casa del Bicentenario,Tuff,"1-3-D, 1-3-E"
474,Field Sample 474,ee2fdcf0-3745-4d2c-95e2-1112718d694e,,,HERC_BCN_CORE_25,Giacomo Chiari,Giacomo Chiari,,,,,,Wall painting,Powder,Herculaneum,Italy,04138f0a-3ae2-4fd0-88c7-7739277f432c,,Herculaneum,BNA,Casa del Bicentenario,Tuff,"1-3-D, 1-3-E"
475,Field Sample 475,db415a88-a046-474d-b0f7-e738b84581d8,,,HERC_BCN_CORE_26,Giacomo Chiari,Giacomo Chiari,,,,,,Wall painting,Powder,Herculaneum,Italy,04138f0a-3ae2-4fd0-88c7-7739277f432c,,Herculaneum,BNA,Casa del Bicentenario,Tuff,"1-3-D, 1-3-E"
476,Field Sample 476,ec587289-8454-4c68-a84b-237a5ab9304f,,,HERC_BCN_CORE_27,Giacomo Chiari,Giacomo Chiari,,,,,,Wall painting,Powder,Herculaneum,Italy,04138f0a-3ae2-4fd0-88c7-7739277f432c,,Herculaneum,BNA,Casa del Bicentenario,Wall material,"1-3-D, 1-3-E"
477,Field Sample 477,9fc9fe98-a63d-41ed-bf3a-f68434df68e7,,,HERC_BCN_CORE_28,Giacomo Chiari,Giacomo Chiari,,,,,,Wall painting,Powder,Herculaneum,Italy,04138f0a-3ae2-4fd0-88c7-7739277f432c,,Herculaneum,BNA,Casa del Bicentenario,Wall material,"1-3-D, 1-3-E"
478,Field Sample 478,b462ae09-f452-4012-b0d1-3998d204bd16,,,HERC_BCN_CORE_29,Giacomo Chiari,Giacomo Chiari,,,,,,Wall painting,Powder,Herculaneum,Italy,04138f0a-3ae2-4fd0-88c7-7739277f432c,,Herculaneum,BNA,Casa del Bicentenario,Wall material,"1-3-D, 1-3-E"
479,Field Sample 479,b3be08cc-5af1-4c7f-98e6-74262a288837,,,HERC_A2_01_01,"Leslie Rainer, Beril Bicer-Simsir, Alessandra de Vita, Giuseppe Zolfo",Leslie Rainer,Beril Bicer-Simsir,Alessandra De Vita,Giuseppe Zolfo,2010,2010,Wall painting,Powder,Herculaneum,Italy,04138f0a-3ae2-4fd0-88c7-7739277f432c,,Herculaneum,SLN,Casa del Salone Nero,Powder from large fragment.,"1-3-D, 1-3-E"
480,Field Sample 480,bf002639-a155-44c9-b1d1-ba4ea68387a5,,,HERC_A2_01_02,"Leslie Rainer, Beril Bicer-Simsir, Alessandra de Vita, Giuseppe Zolfo",Leslie Rainer,Beril Bicer-Simsir,Alessandra De Vita,Giuseppe Zolfo,2010,2010,Wall painting,Powder,Herculaneum,Italy,04138f0a-3ae2-4fd0-88c7-7739277f432c,,Herculaneum,SLN,Casa del Salone Nero,Upper layer from large fragment.,"1-3-D, 1-3-E"
481,Field Sample 481,012bd866-9c62-4dac-851d-6095bd483643,,,HERC_A2_01_03,"Leslie Rainer, Beril Bicer-Simsir, Alessandra de Vita, Giuseppe Zolfo",Leslie Rainer,Beril Bicer-Simsir,Alessandra De Vita,Giuseppe Zolfo,2010,2010,Wall painting,Powder,Herculaneum,Italy,04138f0a-3ae2-4fd0-88c7-7739277f432c,,Herculaneum,SLN,Casa del Salone Nero,Intonachino from large fragment.,"1-3-D, 1-3-E"
482,Field Sample 482,697f70b8-0ce5-402e-930f-18fd1c9cef97,,,HERC_A2_02_1,"Leslie Rainer, Beril Bicer-Simsir, Alessandra de Vita, Giuseppe Zolfo",Leslie Rainer,Beril Bicer-Simsir,Alessandra De Vita,Giuseppe Zolfo,2010,2010,Wall painting,Powder,Herculaneum,Italy,04138f0a-3ae2-4fd0-88c7-7739277f432c,,Herculaneum,SLN,Casa del Salone Nero,Red plaster.,"1-3-D, 1-3-E"
483,Field Sample 483,2309f4e4-3daf-41ae-bddc-78c300402a08,,,HERC_A2_02_02,"Leslie Rainer, Beril Bicer-Simsir, Alessandra de Vita, Giuseppe Zolfo",Leslie Rainer,Beril Bicer-Simsir,Alessandra De Vita,Giuseppe Zolfo,2010,2010,Wall painting,Powder,Herculaneum,Italy,04138f0a-3ae2-4fd0-88c7-7739277f432c,,Herculaneum,SLN,Casa del Salone Nero,Intonaco + red.,"1-3-D, 1-3-E"
484,Field Sample 484,31e99e4c-c3f4-4ac2-a5f1-e66c95d789f1,,,HERC_A2_03_01,"Leslie Rainer, Beril Bicer-Simsir, Alessandra de Vita, Giuseppe Zolfo",Leslie Rainer,Beril Bicer-Simsir,Alessandra De Vita,Giuseppe Zolfo,2010,2010,Wall painting,Powder,Herculaneum,Italy,04138f0a-3ae2-4fd0-88c7-7739277f432c,,Herculaneum,SLN,Casa del Salone Nero,Arriccio.,"1-3-D, 1-3-E"
485,Field Sample 485,ef2442c8-1f37-4fbd-80d4-67195979d6dd,,,HERC_A2_03_02,"Leslie Rainer, Beril Bicer-Simsir, Alessandra de Vita, Giuseppe Zolfo",Leslie Rainer,Beril Bicer-Simsir,Alessandra De Vita,Giuseppe Zolfo,2010,2010,Wall painting,Powder,Herculaneum,Italy,04138f0a-3ae2-4fd0-88c7-7739277f432c,,Herculaneum,SLN,Casa del Salone Nero,Arriccio.,"1-3-D, 1-3-E"
486,Field Sample 486,74be30d1-e7ba-4f6d-b52f-375d59284b9d,,,HERC_A2_03_03,"Leslie Rainer, Beril Bicer-Simsir, Alessandra de Vita, Giuseppe Zolfo",Leslie Rainer,Beril Bicer-Simsir,Alessandra De Vita,Giuseppe Zolfo,2010,2010,Wall painting,Powder,Herculaneum,Italy,04138f0a-3ae2-4fd0-88c7-7739277f432c,,Herculaneum,SLN,Casa del Salone Nero,Bottacciolo,"1-3-D, 1-3-E"
487,Field Sample 487,34acf2fa-1d65-462e-8574-c51cce2c8b96,,,HERC_A2_03_04,"Leslie Rainer, Beril Bicer-Simsir, Alessandra de Vita, Giuseppe Zolfo",Leslie Rainer,Beril Bicer-Simsir,Alessandra De Vita,Giuseppe Zolfo,2010,2010,Wall painting,Powder,Herculaneum,Italy,04138f0a-3ae2-4fd0-88c7-7739277f432c,,Herculaneum,SLN,Casa del Salone Nero,Intonachino.,"1-3-D, 1-3-E"
488,Field Sample 488,b3d8277f-ebb9-4ac9-b412-bd786dcbea6e,,,HERC_A2_03_04,"Leslie Rainer, Beril Bicer-Simsir, Alessandra de Vita, Giuseppe Zolfo",Leslie Rainer,Beril Bicer-Simsir,Alessandra De Vita,Giuseppe Zolfo,2010,2010,Wall painting,Powder,Herculaneum,Italy,04138f0a-3ae2-4fd0-88c7-7739277f432c,,Herculaneum,SLN,Casa del Salone Nero,Intonachino.,"1-3-D, 1-3-E"
489,Field Sample 489,9faa74a3-4fd9-4042-9933-e9bd120596a1,,,HERC_BCN_EL1_POLYMER,Francesca Pique,Francesca Pique,,,,201111,2011-11,Wall painting,Powder,Herculaneum,Italy,04138f0a-3ae2-4fd0-88c7-7739277f432c,,Herculaneum,BCN,,,"1-3-D, 1-3-E"
490,Field Sample 490,138f39aa-2b5a-4411-822d-4db3c7af9440,,,HERC_BCN_WL3_WHITEDRIP,Francesca Pique,Francesca Pique,,,,,,Wall painting,Powder,Herculaneum,Italy,04138f0a-3ae2-4fd0-88c7-7739277f432c,,Herculaneum,BCN,,,"1-3-D, 1-3-E"
491,Field Sample 491,5bfc5ad2-9cbb-4bb5-a4d1-30899217d843,,,HERC_BCN_49,Francesca Pique and Catarina Barnaba,Francesca Pique,Caterina Barnaba,,,201311,2013-11,Wall painting,Flake,Herculaneum,Italy,04138f0a-3ae2-4fd0-88c7-7739277f432c,,Herculaneum,BCN,"North wall, Ambiente 8",Paint flake of architectural decoration,"1-3-D, 1-3-E"
492,Field Sample 492,5de4436a-8574-4634-bc28-241ac03be763,,,HM-1,,,,,,19980824,1998-08-24,Tessera,Fragment,Mosaics,Israel,1c61ce84-cdc9-4870-b29e-5149188f0408,,Horvat Minnim,,"Floor #4, South East Lacuna",Fragment and whole blue tessera,1-6-D
493,Field Sample 493,472797d9-f9f2-45af-a56e-84e1b0b137de,,,HM-2,,,,,,,,Tessera,Fragment,Mosaics,Israel,1c61ce84-cdc9-4870-b29e-5149188f0408,,Horvat Minnim,,center of floor #4,"Small red stone fragments, top part of red tessera",1-6-D
494,Field Sample 494,05b8fc1f-d323-45db-8b1d-56ad3e00b885,,,HM-3,,,,,,19980824,1998-08-24,Tessera,Fragment,Mosaics,Israel,1c61ce84-cdc9-4870-b29e-5149188f0408,,Horvat Minnim,,Floor #4,Loose fragment of white tessera,1-6-D
495,Field Sample 495,dd66b623-cd52-4957-9e9d-6a3600adcc90,,,HM-4,,,,,,19980824,1998-08-24,Tessera,Fragment,Mosaics,Israel,1c61ce84-cdc9-4870-b29e-5149188f0408,,Horvat Minnim,,Floor #4,Loose fragment of yellow tessera,1-6-D
496,Field Sample 496,603be064-c7b4-4573-875e-e2ed9de4ee3d,,,HM-6,F. Pique,Francesca Pique,,,,19980903,1998-09-03,Stone,Powder,Mosaics,Israel,1c61ce84-cdc9-4870-b29e-5149188f0408,,Horvat Minnim,,"Entry hall, North wall, 3rd upper course, 5th stone from west","White deposit on stone surface ""flaked off."" For architectural survey. Not mosaic.",1-6-D
497,Field Sample 497,fa85abc3-c414-4a9f-86fb-83ae8307b2a6,,,HM-7,F. Pique,Francesca Pique,,,,19980903,1998-09-03,Stone,Powder,Mosaics,Israel,1c61ce84-cdc9-4870-b29e-5149188f0408,,Horvat Minnim,,"Entry hall, North wall, 3rd upper course, 3rd stone from west",White powdering stone (core of powdering area). For architectural survey. Not mosaic.,1-6-D
498,Field Sample 498,f58ed721-d9ec-469d-8181-f23c757d949e,,,HM-8,F. Pique,Francesca Pique,,,,19980903,1998-09-03,Stone,Fragment,Mosaics,Israel,1c61ce84-cdc9-4870-b29e-5149188f0408,,Horvat Minnim,,"Near powdering area (sample HM-7) - Entry hall North wall, erd upper course, and 3rd stone from west",Fragments of white healthy stone. For architectural survey. Not mosaic.,1-6-D
499,Field Sample 499,7dc8fb49-6862-4168-a57d-dad978393574,,,HM-9,,,,,,19980903,1998-09-03,Tesserae,Fragment,Mosaics,Israel,1c61ce84-cdc9-4870-b29e-5149188f0408,,Horvat Minnim,,"Floor #1, NW corner",White terresae with pitting phenomenon,1-6-D
500,Field Sample 500,5f276b2e-d4bd-4876-a295-6ef765af6e5a,,,HM-10,,,,,,,,Plaster,Fragment,Mosaics,Israel,1c61ce84-cdc9-4870-b29e-5149188f0408,,Horvat Minnim,,"Mosaic #1, just above statumen",Fragment of plaster layer (rudus). White with colored aggregate clearly visble.,1-6-D
501,Field Sample 501,fc3011a2-9eb8-4abb-83d7-d0236fc13bbd,,,HM-11,F. Pique,Francesca Pique,,,,19980901,1998-09-01,Mosaic,Fragment,Mosaics,Israel,1c61ce84-cdc9-4870-b29e-5149188f0408,,Horvat Minnim,,Floor #1,"Fragment of lime and ash-rich intermediate layer(s) . Whitish with numerous different inclusions, including charcoal, shell, aggregate.",1-6-D
502,Field Sample 502,73c64946-d772-4453-82cc-8a7892ec2f57,,,HM-12,F. Pique,Francesca Pique,,,,19980903,1998-09-03,Mosaic,Fragment,Mosaics,Israel,1c61ce84-cdc9-4870-b29e-5149188f0408,,Horvat Minnim,,Mosaic #1,Fragment of tesselatum and embedding layers and plaster with shell inclusion.,1-6-D
503,Field Sample 503,1c2fea28-2e04-418d-bc9b-d52edc7d22db,,,HM-14,,,,,,,,Plaster,Fragment,Mosaics,Israel,1c61ce84-cdc9-4870-b29e-5149188f0408,,Horvat Minnim,,Floor #1,"Fragment of lime plaster and lime sand ash-rich intermediate layer(s). Mortar-like whitish sample with colored aggregate. Charcoal. Coherent, but relatively fragile.",1-6-D
504,Field Sample 504,cc3731e0-7c64-4eb3-ba21-1e11bac923e6,,,HM-15,,,,,,,,Stone,Fragment,Mosaics,Israel,1c61ce84-cdc9-4870-b29e-5149188f0408,,Horvat Minnim,,Deposit for mosaic,"Fragment of stone: blue, pink, white, and yellow stones.",1-6-D
505,Field Sample 505,72c3eb13-fb44-40f7-9b16-d6a8c5ec773b,,,HM-15,,,,,,,,Plaster,Fragment,Mosaics,Israel,1c61ce84-cdc9-4870-b29e-5149188f0408,,Horvat Minnim,,Outside wall,2 fragments of buff plaster/mortar-like material,1-6-D
506,Field Sample 506,32a286a5-5923-4c98-bb59-0a3a367bd123,,,HM-16,,,,,,,,,Fragment,Mosaics,Israel,1c61ce84-cdc9-4870-b29e-5149188f0408,,Horvat Minnim,,Stone in wall,Limestone salt? Several fragments of white mortar-like materia,1-6-D
507,Field Sample 507,55cb2cd2-411f-4fc5-bb9f-5cf95845e69a,,,Sample Row: 507,,,,,,,,Tessera,Fragment,Mosaics,Israel,1c61ce84-cdc9-4870-b29e-5149188f0408,,Horvat Minnim,,Floor #1,"Yellow, white, pink, red, blue tessera",1-6-D
508,Field Sample 508,586eaf91-ed0e-4a7a-a3bd-041625ba47f4,,,Sample Row: 508,,,,,,19970807,1997-08-07,Roots,Fragment,Mosaics,Israel,1c61ce84-cdc9-4870-b29e-5149188f0408,,Horvat Minnim,,Under plastic mesh,…green fragment of glen…,1-6-D
509,Field Sample 509,04cd3e54-2d66-47fc-97e2-510a3d8be18c,,,BS-1,,,,,,Summer 1998,1998-22,Mosaic,Fragment,Mosaics,Israel,1c61ce84-cdc9-4870-b29e-5149188f0408,,Bet Shean,,Mosaic #1,1 fragment of plaster-like white material with still one tesserae attached to it and 1 fragment of glass yellow tesserae [?]. Probably tesselatum +bedding layer + nucleus. Can we see synopia?,1-6-D
510,Field Sample 510,c1059b1b-7dc3-49c8-97e2-7a531b9e6ae7,,,BS-2,,,,,,Summer 1998,1998-22,Tesserae,Fragment,Mosaics,Israel,1c61ce84-cdc9-4870-b29e-5149188f0408,,Bet Shean,,Mosaic #1,"15 glass tesserae without treatment: 1 green, 1 pale green, 9 blue, 1 dark blue, 1 red, 3 multicolor. All seem corroded.",1-6-D
511,Field Sample 511,3ccc50b1-ba33-431c-a815-8da5c7ceb678,,,BS-3,,,,,,Summer 1998,1998-22,,Fragment,Mosaics,Israel,1c61ce84-cdc9-4870-b29e-5149188f0408,,Bet Shean,,Mosaic #1,"Layer #2. A dozen of fragments of white material, probably nucleus, with black synopia. One fragment of bedding layer plus nucleus.",1-6-D
512,Field Sample 512,2233a55e-7d46-482a-a04d-172732a96ac9,,,BS-4,,,,,,Summer 1998,1998-22,,Fragment,Mosaics,Israel,1c61ce84-cdc9-4870-b29e-5149188f0408,,Bet Shean,,Mosaic #1,Layer #2. 1 fragment of plaster-like white material. Seems to be rudus (layer under sample 3).,1-6-D
513,Field Sample 513,6919b63b-8f7d-4d39-9c56-e346f9251b56,,,BS-5,,,,,,Summer 1998,1998-22,Tesserae,Fragment,Mosaics,Israel,1c61ce84-cdc9-4870-b29e-5149188f0408,,Bet Shean,,Mosaic #2,"11 glass tesserae without treatment: 7 blue, 1 dark green, 2 pale green, 1 multicolor. All seem corroded",1-6-D
514,Field Sample 514,aad62a9e-3aa1-485b-b7a3-56260caacc2d,,,BS-6,,,,,,Summer 1998,1998-22,Tesserae,Fragment,Mosaics,Israel,1c61ce84-cdc9-4870-b29e-5149188f0408,,Bet Shean,,Mosaic #2,"Tesserae: 1 blue, 1 transparent yellow (w/ gold?), 1 transparent (w/ gold?), 1 black, 1 green-yellow.",1-6-D
515,Field Sample 515,7b09c177-e84c-4a4e-baf9-4021c9de3492,,,BS-7,,,,,,Summer 1998,1998-22,,Fragment,Mosaics,Israel,1c61ce84-cdc9-4870-b29e-5149188f0408,,Bet Shean,,Mosaic #2,Layer #1. Layer #2. 14 fragments of white mortar-like material,1-6-D
516,Field Sample 516,d53bc7a9-b39e-4b52-9d42-687c7ea0042c,,,BS-8,,,,,,Summer 1998,1998-22,Plaster,Fragment,Mosaics,Israel,1c61ce84-cdc9-4870-b29e-5149188f0408,,Bet Shean,,Mosaic #2,"Plaster layer #2. 
Fragments of plaster-like white material",1-6-D
517,Field Sample 517,7a421b13-4a18-409a-a660-9d0e916a92d6,,,BS-9,,,,,,Summer 1998,1998-22,Plaster,Fragment,Mosaics,Israel,1c61ce84-cdc9-4870-b29e-5149188f0408,,Bet Shean,,Mosaic #2,"Layer #2. 3 fragments of plaster-like white material with two layers. Probably nucleus and rudus, plaster layer over the stone frame (=statumen).",1-6-D
518,Field Sample 518,3d1a31ef-f441-42d3-ab0f-23701d24da44,,,BS-9,,,,,,Summer 1998,1998-22,,Fragment,Mosaics,Israel,1c61ce84-cdc9-4870-b29e-5149188f0408,,Bet Shean,,Mosaic #2,,1-6-D
519,Field Sample 519,2bb506ea-39f9-42e2-8395-e18f1ec6e2c5,,,BS-9,,,,,,,,,Fragment,Mosaics,Israel,1c61ce84-cdc9-4870-b29e-5149188f0408,,Bet Shean,,Mosaic #2,Blue-colored,1-6-D
520,Field Sample 520,6fa109e1-6834-4e2e-866d-fb7012811c05,,,TI-1,,,,,,,,,Fragment,Mosaics,Israel,1c61ce84-cdc9-4870-b29e-5149188f0408,,Tel Iztaba,,,"“3 31”[?] 2 fragments with the whole stratigraphy: white tesserae, 2 mortar layers, one white, one gray (tesselatum, bedding lauyer, nucleus?);",1-6-D
521,Field Sample 521,34254521-efca-491b-8bbe-f7a14988066d,,,TI-2,,,,,,,,Bulge,,Mosaics,Israel,1c61ce84-cdc9-4870-b29e-5149188f0408,,Tel Iztaba,,Room E,"1 large fragment of mosaic stratigraphy, including textile glued to tesserae, white tesseara, white nucleus, gray rudus;",1-6-D
522,Field Sample 522,302bb8d0-f0e8-4b83-9501-1f49dfa8019d,,,TI-3,,,,,,,,Tesserae,,Mosaics,Israel,1c61ce84-cdc9-4870-b29e-5149188f0408,,Tel Iztaba,,,"15 Tesserae: 2 yellow, 2 black, 1 blue-green, 1 blue, 1 red, 8 brick-like; see associated photographic slides in storage location",1-6-D
523,Field Sample 523,866c6151-85e0-4824-9cb4-84f89cb5d6c0,,,TI-4,,,,,,,,Tesserae,,Mosaics,Israel,1c61ce84-cdc9-4870-b29e-5149188f0408,,Tel Iztaba,,,"8 Tesserae: 1 red, 2 yellow, 2 gray, 1 brick, 1 brown, 1 pink; see associated photographic slides in storage location",1-6-D
524,Field Sample 524,f76b11e1-58ac-4095-82a9-95028b676faa,,,TI-5,,,,,,,,Bulge,,Mosaics,Israel,1c61ce84-cdc9-4870-b29e-5149188f0408,,Tel Iztaba,,,"5 fragments of mortar-like material. Some present 2 layer: one white (predominant), one gray;",1-6-D
525,Field Sample 525,b68fa6df-5091-4c63-85b8-260baf327ade,,,TI-5,,,,,,,,Bulge,Cross-section,Mosaics,Israel,1c61ce84-cdc9-4870-b29e-5149188f0408,,Tel Iztaba,,,3 cross-sections of TI-5;,1-6-D
526,Field Sample 526,f0fbdbea-f313-495d-9433-20ba29f81aa9,,,TI-6,,,,,,,,Mosaic,Fragment,Mosaics,Israel,1c61ce84-cdc9-4870-b29e-5149188f0408,,Tel Iztaba,,"Room E, edge of mosaic, near a lacuna, not from a bulge.","1 very large fragment of mosaic stratigraphy, including textile glued to tesserae, white tesserae, white nucleus, gray rudus;",1-6-D
527,Field Sample 527,06286492-96b3-4285-8aec-78cd81611ede,,,KM-1,,,,,,,,,Fragment,Mosaics,Israel,1c61ce84-cdc9-4870-b29e-5149188f0408,,Kyria Maria,,"Chapel G, left","Nucleus #1. 2 fragments of buff-colored mortar-like material, nucleus. One fragment seems to also have a gray layer (rudus?).",1-6-D
528,Field Sample 528,521abf4d-ad91-4db3-8195-98ed71db9241,,,KM-2,,,,,,,,,Fragment,Mosaics,Israel,1c61ce84-cdc9-4870-b29e-5149188f0408,,Kyria Maria,,Chapel G,Nucleus #2. 1  fragment of white mortar-like material (nucleus) with a thin layer of gray mortar on one side (rudus?),1-6-D
529,Field Sample 529,bbe288be-3599-47ed-8b0e-c7650998e6dc,,,KM-3,,,,,,,,Mosaic,Fragment,Mosaics,Israel,1c61ce84-cdc9-4870-b29e-5149188f0408,,Kyria Maria,,Chapel G,"1 fragment of a mosaic section, include 1 large yellow tesserae surrounded by gray mortar (bedding layer)",1-6-D
530,Field Sample 530,637453ac-45b7-4710-8d19-d7eb32b887af,,,KM-4,,,,,,,,,Fragment,Mosaics,Israel,1c61ce84-cdc9-4870-b29e-5149188f0408,,Kyria Maria,,Chapel G,"fragments of mosaic stratigraphy: include tesselatum, bedding layer and white mortar layer (nucleus)",1-6-D
531,Field Sample 531,a9068f01-a3de-408d-994b-eb769abb18c4,,,KM-5,,,,,,,,,Fragment,Mosaics,Israel,1c61ce84-cdc9-4870-b29e-5149188f0408,,Kyria Maria,,Chapel G,"Various fragments of what was probably a mosaic startigraphy: tessera in bedding layer, white mortar (nucleus?), gray mortar (rudus?)",1-6-D
532,Field Sample 532,4313ebf4-af74-45a1-8494-088287d0cd90,,,KM-5,,,,,,,,,Cross-section,Mosaics,Israel,1c61ce84-cdc9-4870-b29e-5149188f0408,,Kyria Maria,,Chapel G,2 embedded cross-sections of KM-5,1-6-D
533,Field Sample 533,304c42cf-8c29-4ca7-b73e-b96cd87ff3a0,,,KM-7,,,,,,,,,,Mosaics,Israel,1c61ce84-cdc9-4870-b29e-5149188f0408,,Kyria Maria,,Room A,Fragment of various size and powder of white mortar-like material,1-6-D
534,Field Sample 534,1e092824-b9cc-41b6-9652-15979f4c9165,,,KM-8,,,,,,,,,Fragment,Mosaics,Israel,1c61ce84-cdc9-4870-b29e-5149188f0408,,Kyria Maria,,Room A,"2 fragments made of 1  tessera with bedding mortar: one black, one white tesserae",1-6-D
535,Field Sample 535,bcdeddba-c7dc-4dd8-a83a-dfd273d22ad7,,,KM-9,,,,,,,,,,Mosaics,Israel,1c61ce84-cdc9-4870-b29e-5149188f0408,,Kyria Maria,,Room A,Small fragments and powder of a gray mortar-like material (layer below nucleus).,1-6-D
536,Field Sample 536,602914a5-b784-4853-a823-dd5210aab53a,,,KM-10,,,,,,,,,Fragment,Mosaics,Israel,1c61ce84-cdc9-4870-b29e-5149188f0408,,Kyria Maria,,Room A,"1 fragment made of two layers of mortar-like material: one gray, one white. Interface Nucleus and lower layer (rudus)",1-6-D
537,Field Sample 537,79214ffb-8d6f-4c03-9aa3-660eb2b38fda,,,KM-11,,,,,,,,,Fragment,Mosaics,Israel,1c61ce84-cdc9-4870-b29e-5149188f0408,,Kyria Maria,,,Various fragments of brown material. Layer under Ash » 2.5 cm from interface (Earth),1-6-D
538,Field Sample 538,4d890127-5877-4005-ad41-5facd2573ac1,,,KM-12,,,,,,,,Lady Mary,,Mosaics,Israel,1c61ce84-cdc9-4870-b29e-5149188f0408,,Kyria Maria,,Bulge,1 gray tessera with remains of white bedding layer,1-6-D
539,Field Sample 539,1444be5e-826d-4adb-9087-51abdabc5ae6,,,KM-13,,,,,,,,Lady Mary,Fragment,Mosaics,Israel,1c61ce84-cdc9-4870-b29e-5149188f0408,,Kyria Maria,,,"10 tesserae with remains of bedding layer, color difficult to distinguish (black, red…)",1-6-D
540,Field Sample 540,0de4b4c9-7e9f-4d4c-9e14-4a8128898ebc,,,KM-14,,,,,,,,Lady Mary,,Mosaics,Israel,1c61ce84-cdc9-4870-b29e-5149188f0408,,Kyria Maria,,Bulge,1 large fragment and some smaller of a white mortar-like material,1-6-D
541,Field Sample 541,189a9db7-f86d-4b5f-b2b4-fddcb8d15ad0,,,KM-17,,,,,,,,Lady Mary,,Mosaics,Israel,1c61ce84-cdc9-4870-b29e-5149188f0408,,Kyria Maria,,,Delaminating fragments of red tessera with remains of bedding mortar.,1-6-D
542,Field Sample 542,7ce6af5b-6671-48d6-8b44-f2fed6fa0e44,See printed sheets in storage location (samples taken 1999-2004),be46a865-ed0c-4dc3-8de1-133c76684864,1P,GCI,Getty Conservation Institute,,,,200009,2000-09,Clay,,Maya,Honduras,9309847d-7a8b-4544-a7ab-fc43f56593b3,,Copán,,,Clay fraction,1-2-H
543,Field Sample 543,1b02820a-c8aa-48e6-a038-bd7093b6c0d1,See printed sheets in storage location (samples taken 1999-2004),be46a865-ed0c-4dc3-8de1-133c76684864,1P,GCI,Getty Conservation Institute,,,,912000,2000-09-01,,,Maya,Honduras,9309847d-7a8b-4544-a7ab-fc43f56593b3,,Copán,,,"XRF, 8-18",1-2-H
544,Field Sample 544,62256270-9cf9-4c4b-8e38-2b5e7e2faf84,See printed sheets in storage location (samples taken 1999-2004),be46a865-ed0c-4dc3-8de1-133c76684864,1P,,,,,,,,,,Maya,Honduras,9309847d-7a8b-4544-a7ab-fc43f56593b3,,Copán,,,MIP,1-2-H
545,Field Sample 545,6d33d92e-94c9-4321-9b59-ea510b6d91eb,See printed sheets in storage location (samples taken 1999-2004),be46a865-ed0c-4dc3-8de1-133c76684864,1P,,,,,,,,Clay,,Maya,Honduras,9309847d-7a8b-4544-a7ab-fc43f56593b3,,Copán,,,XRD,1-2-H
546,Field Sample 546,eb01d85f-91d6-46ff-b881-6e4e2ad6b710,See printed sheets in storage location (samples taken 1999-2004),be46a865-ed0c-4dc3-8de1-133c76684864,2P,,,,,,,,,,Maya,Honduras,9309847d-7a8b-4544-a7ab-fc43f56593b3,,Copán,,,BDP,1-2-H
547,Field Sample 547,7fd06d06-eb4c-42d3-aa2c-09dcf05762de,See printed sheets in storage location (samples taken 1999-2004),be46a865-ed0c-4dc3-8de1-133c76684864,3P,,,,,,,,,,Maya,Honduras,9309847d-7a8b-4544-a7ab-fc43f56593b3,,Copán,,,BDP,1-2-H
548,Field Sample 548,a13429e7-513e-4980-bc5b-9f10d68983c1,See printed sheets in storage location (samples taken 1999-2004),be46a865-ed0c-4dc3-8de1-133c76684864,4P,GCI,Getty Conservation Institute,,,,200009,2000-09,,,Maya,Honduras,9309847d-7a8b-4544-a7ab-fc43f56593b3,,Copán,,,,1-2-H
549,Field Sample 549,e9814b71-6254-4a27-99f6-23e6febfb5c1,See printed sheets in storage location (samples taken 1999-2004),be46a865-ed0c-4dc3-8de1-133c76684864,5P,GCI,Getty Conservation Institute,,,,200009,2000-09,,,Maya,Honduras,9309847d-7a8b-4544-a7ab-fc43f56593b3,,Copán,,,,1-2-H
550,Field Sample 550,0d0185ff-684a-4340-a8ca-7b2ad3adb2dc,See printed sheets in storage location (samples taken 1999-2004),be46a865-ed0c-4dc3-8de1-133c76684864,6P,GCI,Getty Conservation Institute,,,,200009,2000-09,,,Maya,Honduras,9309847d-7a8b-4544-a7ab-fc43f56593b3,,Copán,,,,1-2-H
551,Field Sample 551,e07f29db-6ee1-4d61-b8d9-16f870d366f2,See printed sheets in storage location (samples taken 1999-2004),be46a865-ed0c-4dc3-8de1-133c76684864,7P,GCI,Getty Conservation Institute,,,,200009,2000-09,,,Maya,Honduras,9309847d-7a8b-4544-a7ab-fc43f56593b3,,Copán,,,,1-2-H
552,Field Sample 552,7b2414de-f07c-4b70-8689-9b712304b94f,See printed sheets in storage location (samples taken 1999-2004),be46a865-ed0c-4dc3-8de1-133c76684864,8P,GCI,Getty Conservation Institute,,,,200009,2000-09,,,Maya,Honduras,9309847d-7a8b-4544-a7ab-fc43f56593b3,,Copán,,,,1-2-H
553,Field Sample 553,db364b41-0b99-4c6a-b7fe-91abd9e7cbad,See printed sheets in storage location (samples taken 1999-2004),be46a865-ed0c-4dc3-8de1-133c76684864,5Q,GCI,Getty Conservation Institute,,,,200009,2000-09,,,Maya,Honduras,9309847d-7a8b-4544-a7ab-fc43f56593b3,,Copán,,,,1-2-H
554,Field Sample 554,72036aa8-3845-4ee0-8133-fdcf3bc2f926,See printed sheets in storage location (samples taken 1999-2004),be46a865-ed0c-4dc3-8de1-133c76684864,6Q,GCI,Getty Conservation Institute,,,,200009,2000-09,,,Maya,Honduras,9309847d-7a8b-4544-a7ab-fc43f56593b3,,Copán,,,,1-2-H
555,Field Sample 555,bc209c3c-55b2-4f5e-8184-483cb6e412d6,See printed sheets in storage location (samples taken 1999-2004),be46a865-ed0c-4dc3-8de1-133c76684864,8Q,GCI,Getty Conservation Institute,,,,2000,2000,,,Maya,Honduras,9309847d-7a8b-4544-a7ab-fc43f56593b3,,Copán,,,,1-2-H
556,Field Sample 556,88a67d6a-0f43-4e6c-ac9e-03647ab7f0bf,See printed sheets in storage location (samples taken 1999-2004),be46a865-ed0c-4dc3-8de1-133c76684864,9Q,GCI,Getty Conservation Institute,,,,200009,2000-09,,,Maya,Honduras,9309847d-7a8b-4544-a7ab-fc43f56593b3,,Copán,,,,1-2-H
557,Field Sample 557,e6a60c00-4d13-43ff-9a77-5e198df01048,See printed sheets in storage location (samples taken 1999-2004),be46a865-ed0c-4dc3-8de1-133c76684864,10Q,GCI,Getty Conservation Institute,,,,200009,2000-09,,,Maya,Honduras,9309847d-7a8b-4544-a7ab-fc43f56593b3,,Copán,,,DC,1-2-H
558,Field Sample 558,8e25b3c9-266c-42fc-95b9-eb78643a2dd1,See printed sheets in storage location (samples taken 1999-2004),be46a865-ed0c-4dc3-8de1-133c76684864,10Q,GCI,Getty Conservation Institute,,,,200009,2000-09,,,Maya,Honduras,9309847d-7a8b-4544-a7ab-fc43f56593b3,,Copán,,,"XRF, 9.6g",1-2-H
559,Field Sample 559,e430f5a7-c647-44a6-b711-a6bffd6bf169,See printed sheets in storage location (samples taken 1999-2004),be46a865-ed0c-4dc3-8de1-133c76684864,5Qa,GCI,Getty Conservation Institute,,,,200009,2000-09,Clay,,Maya,Honduras,9309847d-7a8b-4544-a7ab-fc43f56593b3,,Copán,,,Clay fraction,1-2-H
560,Field Sample 560,aadb9cc2-b5b1-42e3-8558-c5534e2dedba,See printed sheets in storage location (samples taken 1999-2004),be46a865-ed0c-4dc3-8de1-133c76684864,5Qa,,,,,,,,,,Maya,Honduras,9309847d-7a8b-4544-a7ab-fc43f56593b3,,Copán,,,P,1-2-H
561,Field Sample 561,aafe49a6-dc6c-4d42-996a-9490c4dbf10b,See printed sheets in storage location (samples taken 1999-2004),be46a865-ed0c-4dc3-8de1-133c76684864,5Qa,,,,,,,,,,Maya,Honduras,9309847d-7a8b-4544-a7ab-fc43f56593b3,,Copán,,,MIP,1-2-H
562,Field Sample 562,620e971b-163b-4399-a6a0-c0538ca6b550,See printed sheets in storage location (samples taken 1999-2004),be46a865-ed0c-4dc3-8de1-133c76684864,5Qa,,,,,,,,Clay,,Maya,Honduras,9309847d-7a8b-4544-a7ab-fc43f56593b3,,Copán,,,XRD,1-2-H
563,Field Sample 563,9757a7dc-3404-4ff6-9f70-4d75597b6853,See printed sheets in storage location (samples taken 1999-2004),be46a865-ed0c-4dc3-8de1-133c76684864,6Qa,,,,,,,,,,Maya,Honduras,9309847d-7a8b-4544-a7ab-fc43f56593b3,,Copán,,,,1-2-H
564,Field Sample 564,fee92e87-0cab-4e6c-893b-738726349db2,See printed sheets in storage location (samples taken 1999-2004),be46a865-ed0c-4dc3-8de1-133c76684864,7Qa,GCI,Getty Conservation Institute,,,,200009,2000-09,,,Maya,Honduras,9309847d-7a8b-4544-a7ab-fc43f56593b3,,Copán,,,,1-2-H
565,Field Sample 565,ba29c5de-3020-45c4-9438-7bfe588fe604,See printed sheets in storage location (samples taken 1999-2004),be46a865-ed0c-4dc3-8de1-133c76684864,9Qa,,,,,,,,,,Maya,Honduras,9309847d-7a8b-4544-a7ab-fc43f56593b3,,Copán,,,BDP,1-2-H
566,Field Sample 566,daecfd11-da94-4e50-81ee-d7e2570ba4d8,See printed sheets in storage location (samples taken 1999-2004),be46a865-ed0c-4dc3-8de1-133c76684864,10Q,GCI,Getty Conservation Institute,,,,200009,2000-09,Clay,,Maya,Honduras,9309847d-7a8b-4544-a7ab-fc43f56593b3,,Copán,,,Clay fraction,1-2-H
567,Field Sample 567,bff1fdbf-457c-421d-89cd-7edeb6de7e0c,See printed sheets in storage location (samples taken 1999-2004),be46a865-ed0c-4dc3-8de1-133c76684864,10Qa,GCI,Getty Conservation Institute,,,,200009,2000-09,Clay,,Maya,Honduras,9309847d-7a8b-4544-a7ab-fc43f56593b3,,Copán,,,Clay fraction,1-2-H
568,Field Sample 568,05cc84ec-88c0-4e4d-a80f-a617613566a0,See printed sheets in storage location (samples taken 1999-2004),be46a865-ed0c-4dc3-8de1-133c76684864,10Qa,,,,,,,,Clay,,Maya,Honduras,9309847d-7a8b-4544-a7ab-fc43f56593b3,,Copán,,,Clay VRD?,1-2-H
569,Field Sample 569,10545a45-ceed-423d-ab94-6db70ae2bb10,See printed sheets in storage location (samples taken 1999-2004),be46a865-ed0c-4dc3-8de1-133c76684864,11Qa,,,,,,,,,,Maya,Honduras,9309847d-7a8b-4544-a7ab-fc43f56593b3,,Copán,,,,1-2-H
570,Field Sample 570,ba051e6b-1ee6-40d8-8d6b-1900ee493484,See printed sheets in storage location (samples taken 1999-2004),be46a865-ed0c-4dc3-8de1-133c76684864,5QB,GCI,Getty Conservation Institute,,,,200009,2000-09,,,Maya,Honduras,9309847d-7a8b-4544-a7ab-fc43f56593b3,,Copán,,,,1-2-H
571,Field Sample 571,e83b4b79-f2e0-4f32-972d-f94d33006b50,See printed sheets in storage location (samples taken 1999-2004),be46a865-ed0c-4dc3-8de1-133c76684864,9QB,,,,,,,,,,Maya,Honduras,9309847d-7a8b-4544-a7ab-fc43f56593b3,,Copán,,,,1-2-H
572,Field Sample 572,54e974ad-5f5c-4d4d-90a3-f237b818a20b,See printed sheets in storage location (samples taken 1999-2004),be46a865-ed0c-4dc3-8de1-133c76684864,7QB,GCI,Getty Conservation Institute,,,,200009,2000-09,,,Maya,Honduras,9309847d-7a8b-4544-a7ab-fc43f56593b3,,Copán,,,,1-2-H
573,Field Sample 573,04db369c-bf9e-4299-87ed-caffe2ea73b7,See printed sheets in storage location (samples taken 1999-2004),be46a865-ed0c-4dc3-8de1-133c76684864,11QB,GCI,Getty Conservation Institute,,,,200009,2000-09,,,Maya,Honduras,9309847d-7a8b-4544-a7ab-fc43f56593b3,,Copán,,,Dark = case 17?,1-2-H
574,Field Sample 574,c9c88ba3-a4a6-4fe3-9e80-0288e55508ac,See printed sheets in storage location (samples taken 1999-2004),be46a865-ed0c-4dc3-8de1-133c76684864,5QC,GCI,Getty Conservation Institute,,,,200009,2000-09,,,Maya,Honduras,9309847d-7a8b-4544-a7ab-fc43f56593b3,,Copán,,,,1-2-H
575,Field Sample 575,87fca9ae-f4d6-4220-94fa-513fb7fed75b,See printed sheets in storage location (samples taken 1999-2004),be46a865-ed0c-4dc3-8de1-133c76684864,9QC,GCI,Getty Conservation Institute,,,,200009,2000-09,,,Maya,Honduras,9309847d-7a8b-4544-a7ab-fc43f56593b3,,Copán,,,,1-2-H
576,Field Sample 576,128b0b60-13be-489f-8c6e-c2d717bd72fd,See printed sheets in storage location (samples taken 1999-2004),be46a865-ed0c-4dc3-8de1-133c76684864,5QD,GCI,Getty Conservation Institute,,,,200009,2000-09,,,Maya,Honduras,9309847d-7a8b-4544-a7ab-fc43f56593b3,,Copán,,,,1-2-H
577,Field Sample 577,d2b280cb-cf3a-4063-bb74-a16d57d469d2,See printed sheets in storage location (samples taken 1999-2004),be46a865-ed0c-4dc3-8de1-133c76684864,5QE,GCI,Getty Conservation Institute,,,,200009,2000-09,,,Maya,Honduras,9309847d-7a8b-4544-a7ab-fc43f56593b3,,Copán,,,,1-2-H
578,Field Sample 578,e19711b9-6cea-4a9b-8c32-d7384fe051db,See printed sheets in storage location (samples taken 1999-2004),be46a865-ed0c-4dc3-8de1-133c76684864,5QF,GCI,Getty Conservation Institute,,,,200009,2000-09,,,Maya,Honduras,9309847d-7a8b-4544-a7ab-fc43f56593b3,,Copán,,,,1-2-H
579,Field Sample 579,977b8500-aad3-412f-b0a9-cf3c5c064b02,See printed sheets in storage location (samples taken 1999-2004),be46a865-ed0c-4dc3-8de1-133c76684864,1RC,GCI,Getty Conservation Institute,,,,200009,2000-09,Clay,,Maya,Honduras,9309847d-7a8b-4544-a7ab-fc43f56593b3,,Copán,,,Clay fraction,1-2-H
580,Field Sample 580,0945ab2d-4c9e-4a4e-bb4e-564d34370cf5,See printed sheets in storage location (samples taken 1999-2004),be46a865-ed0c-4dc3-8de1-133c76684864,1RC,GCI,Getty Conservation Institute,,,,200009,2000-09,Clay,,Maya,Honduras,9309847d-7a8b-4544-a7ab-fc43f56593b3,,Copán,,,Clay fraction,1-2-H
581,Field Sample 581,71dbd8f6-e925-4122-a41d-8bf90ff5f2ae,See printed sheets in storage location (samples taken 1999-2004),be46a865-ed0c-4dc3-8de1-133c76684864,1RC,GCI,Getty Conservation Institute,,,,200009,2000-09,Clay,,Maya,Honduras,9309847d-7a8b-4544-a7ab-fc43f56593b3,,Copán,,,Clay fraction,1-2-H
582,Field Sample 582,72045d61-1b21-458c-9fc1-91f58e220396,See printed sheets in storage location (samples taken 1999-2004),be46a865-ed0c-4dc3-8de1-133c76684864,1RC,,,,,,,,,,Maya,Honduras,9309847d-7a8b-4544-a7ab-fc43f56593b3,,Copán,,,P,1-2-H
583,Field Sample 583,f003588a-5852-44dd-a453-b85d980bf07b,See printed sheets in storage location (samples taken 1999-2004),be46a865-ed0c-4dc3-8de1-133c76684864,1RC,,,,,,,,,,Maya,Honduras,9309847d-7a8b-4544-a7ab-fc43f56593b3,,Copán,,,MIP,1-2-H
584,Field Sample 584,10761a8d-5c2a-4824-9429-fecf8d3c97f0,See printed sheets in storage location (samples taken 1999-2004),be46a865-ed0c-4dc3-8de1-133c76684864,1RC,GCI,Getty Conservation Institute,,,,200009,2000-09,,,Maya,Honduras,9309847d-7a8b-4544-a7ab-fc43f56593b3,,Copán,,,,1-2-H
585,Field Sample 585,98f5ecb2-ce76-4418-bc9f-02ba3797fa0a,See printed sheets in storage location (samples taken 1999-2004),be46a865-ed0c-4dc3-8de1-133c76684864,1RC,,,,,,200009,2000-09,,,Maya,Honduras,9309847d-7a8b-4544-a7ab-fc43f56593b3,,Copán,,,,1-2-H
586,Field Sample 586,ee2eb08d-26c3-4e88-938c-9f3a10466f3c,See printed sheets in storage location (samples taken 1999-2004),be46a865-ed0c-4dc3-8de1-133c76684864,2RC,,,,,,,,,,Maya,Honduras,9309847d-7a8b-4544-a7ab-fc43f56593b3,,Copán,,,,1-2-H
587,Field Sample 587,82d1a5f6-15db-4d8c-a58d-7ef990f7aeea,See printed sheets in storage location (samples taken 1999-2004),be46a865-ed0c-4dc3-8de1-133c76684864,3RC,,,,,,,,,,Maya,Honduras,9309847d-7a8b-4544-a7ab-fc43f56593b3,,Copán,,,,1-2-H
588,Field Sample 588,870017be-fb84-4c85-b8c8-db103353174e,See printed sheets in storage location (samples taken 1999-2004),be46a865-ed0c-4dc3-8de1-133c76684864,4RC,GCI,Getty Conservation Institute,,,,200009,2000-09,Clay,,Maya,Honduras,9309847d-7a8b-4544-a7ab-fc43f56593b3,,Copán,,,Clay fraction,1-2-H
589,Field Sample 589,d2ecf0e1-9248-4452-82fc-6736d49ac261,See printed sheets in storage location (samples taken 1999-2004),be46a865-ed0c-4dc3-8de1-133c76684864,4RC,,,,,,,,,,Maya,Honduras,9309847d-7a8b-4544-a7ab-fc43f56593b3,,Copán,,,BDP,1-2-H
590,Field Sample 590,0b7b8313-a691-4de8-9b96-1cda6ac522a5,See printed sheets in storage location (samples taken 1999-2004),be46a865-ed0c-4dc3-8de1-133c76684864,4RC,,,,,,,,,,Maya,Honduras,9309847d-7a8b-4544-a7ab-fc43f56593b3,,Copán,,,MIP,1-2-H
591,Field Sample 591,3f3d6ad0-427b-4a62-b57c-bfa83e036dd2,See printed sheets in storage location (samples taken 1999-2004),be46a865-ed0c-4dc3-8de1-133c76684864,4RC,GCI,Getty Conservation Institute,,,,200009,2000-09,,,Maya,Honduras,9309847d-7a8b-4544-a7ab-fc43f56593b3,,Copán,,,,1-2-H
592,Field Sample 592,ed5609aa-46e8-4199-932e-36c36561425e,See printed sheets in storage location (samples taken 1999-2004),be46a865-ed0c-4dc3-8de1-133c76684864,4RC,,,,,,,,Clay,,Maya,Honduras,9309847d-7a8b-4544-a7ab-fc43f56593b3,,Copán,,,XRD,1-2-H
593,Field Sample 593,8cbd7b39-fd95-48b0-9551-7a73c57a1d79,See printed sheets in storage location (samples taken 1999-2004),be46a865-ed0c-4dc3-8de1-133c76684864,5RC,GCI,Getty Conservation Institute,,,,200009,2000-09,,,Maya,Honduras,9309847d-7a8b-4544-a7ab-fc43f56593b3,,Copán,,,,1-2-H
594,Field Sample 594,73a81cca-91b9-4084-bf8d-0eb89057e612,See printed sheets in storage location (samples taken 1999-2004),be46a865-ed0c-4dc3-8de1-133c76684864,6RC,GCI,Getty Conservation Institute,,,,200009,2000-09,Clay,,Maya,Honduras,9309847d-7a8b-4544-a7ab-fc43f56593b3,,Copán,,,Clay fraction,1-2-H
595,Field Sample 595,ad2e4070-1ce3-4211-b947-ebf3b69c42ac,See printed sheets in storage location (samples taken 1999-2004),be46a865-ed0c-4dc3-8de1-133c76684864,6RC,GCI,Getty Conservation Institute,,,,200009,2000-09,Clay,,Maya,Honduras,9309847d-7a8b-4544-a7ab-fc43f56593b3,,Copán,,,Clay fraction,1-2-H
596,Field Sample 596,7fde9264-f0bf-429b-b77f-46fc8f23ee39,See printed sheets in storage location (samples taken 1999-2004),be46a865-ed0c-4dc3-8de1-133c76684864,6RC,,,,,,,,,,Maya,Honduras,9309847d-7a8b-4544-a7ab-fc43f56593b3,,Copán,,,BDP,1-2-H
597,Field Sample 597,9ff6a91a-670e-4479-b8c8-c8d1a66c131f,See printed sheets in storage location (samples taken 1999-2004),be46a865-ed0c-4dc3-8de1-133c76684864,6RC,,,,,,,,,,Maya,Honduras,9309847d-7a8b-4544-a7ab-fc43f56593b3,,Copán,,,MIP,1-2-H
598,Field Sample 598,c6c88716-b640-431b-93be-0d32dacc886f,See printed sheets in storage location (samples taken 1999-2004),be46a865-ed0c-4dc3-8de1-133c76684864,6RC,,,,,,,,Clay,,Maya,Honduras,9309847d-7a8b-4544-a7ab-fc43f56593b3,,Copán,,,XRD,1-2-H
599,Field Sample 599,95652d78-d6dd-46d2-be39-fb2ac33ca011,See printed sheets in storage location (samples taken 1999-2004),be46a865-ed0c-4dc3-8de1-133c76684864,6RC,GCI,Getty Conservation Institute,,,,200009,2000-09,,,Maya,Honduras,9309847d-7a8b-4544-a7ab-fc43f56593b3,,Copán,,,,1-2-H
600,Field Sample 600,94f06656-ce1a-4417-8b29-898b107bcc91,See printed sheets in storage location (samples taken 1999-2004),be46a865-ed0c-4dc3-8de1-133c76684864,7RC,GCI,Getty Conservation Institute,,,,200009,2000-09,,,Maya,Honduras,9309847d-7a8b-4544-a7ab-fc43f56593b3,,Copán,,,,1-2-H
601,Field Sample 601,1d85376a-b7ba-4f12-9157-e400570bc3fb,See printed sheets in storage location (samples taken 1999-2004),be46a865-ed0c-4dc3-8de1-133c76684864,8RC,GCI,Getty Conservation Institute,,,,200009,2000-09,,,Maya,Honduras,9309847d-7a8b-4544-a7ab-fc43f56593b3,,Copán,,,,1-2-H
602,Field Sample 602,6df39cea-11df-477f-8460-0328e474007d,See printed sheets in storage location (samples taken 1999-2004),be46a865-ed0c-4dc3-8de1-133c76684864,9RCA,GCI,Getty Conservation Institute,,,,200009,2000-09,,,Maya,Honduras,9309847d-7a8b-4544-a7ab-fc43f56593b3,,Copán,,,,1-2-H
603,Field Sample 603,f0b50344-72fc-43fb-b893-095063163102,See printed sheets in storage location (samples taken 1999-2004),be46a865-ed0c-4dc3-8de1-133c76684864,10RCA,GCI,Getty Conservation Institute,,,,200009,2000-09,,,Maya,Honduras,9309847d-7a8b-4544-a7ab-fc43f56593b3,,Copán,,,,1-2-H
604,Field Sample 604,4ee55a7e-f4dd-4da4-b1a1-9439feeebe5b,See printed sheets in storage location (samples taken 1999-2004),be46a865-ed0c-4dc3-8de1-133c76684864,9RCB,GCI,Getty Conservation Institute,,,,200009,2000-09,,,Maya,Honduras,9309847d-7a8b-4544-a7ab-fc43f56593b3,,Copán,,,,1-2-H
605,Field Sample 605,a82cd873-7cd4-4f84-a7c2-cee08cf0c41b,See printed sheets in storage location (samples taken 1999-2004),be46a865-ed0c-4dc3-8de1-133c76684864,101RCB,GCI,Getty Conservation Institute,,,,200009,2000-09,,,Maya,Honduras,9309847d-7a8b-4544-a7ab-fc43f56593b3,,Copán,,,,1-2-H
606,Field Sample 606,da144ca5-84ef-4f42-a3ef-3841940db83d,See printed sheets in storage location (samples taken 1999-2004),be46a865-ed0c-4dc3-8de1-133c76684864,BF1,GCI,Getty Conservation Institute,,,,200009,2000-09,Clay,,Maya,Honduras,9309847d-7a8b-4544-a7ab-fc43f56593b3,,Copán,,,Clay fraction,1-2-H
607,Field Sample 607,8336a8e3-f525-419d-a611-ce68cf7fce19,See printed sheets in storage location (samples taken 1999-2004),be46a865-ed0c-4dc3-8de1-133c76684864,BF1,GCI,Getty Conservation Institute,,,,200009,2000-09,Clay,,Maya,Honduras,9309847d-7a8b-4544-a7ab-fc43f56593b3,,Copán,,,Clay fraction,1-2-H
608,Field Sample 608,b6b04f08-16f4-45c0-b177-1caa15e596e3,See printed sheets in storage location (samples taken 1999-2004),be46a865-ed0c-4dc3-8de1-133c76684864,BF1,,,,,,,,,,Maya,Honduras,9309847d-7a8b-4544-a7ab-fc43f56593b3,,Copán,,,P,1-2-H
609,Field Sample 609,5f85c34c-b19a-4e4e-821e-a5fdef1bd3be,See printed sheets in storage location (samples taken 1999-2004),be46a865-ed0c-4dc3-8de1-133c76684864,BF2,GCI,Getty Conservation Institute,,,,200009,2000-09,Clay,,Maya,Honduras,9309847d-7a8b-4544-a7ab-fc43f56593b3,,Copán,,,Clay fraction,1-2-H
610,Field Sample 610,16244e1f-b388-48ce-9666-0748ad9ccdc9,See printed sheets in storage location (samples taken 1999-2004),be46a865-ed0c-4dc3-8de1-133c76684864,BF2,,,,,,,,,,Maya,Honduras,9309847d-7a8b-4544-a7ab-fc43f56593b3,,Copán,,,BDP,1-2-H
611,Field Sample 611,0207c6ee-c6f4-4f5d-8353-54e91dcc0ed0,See printed sheets in storage location (samples taken 1999-2004),be46a865-ed0c-4dc3-8de1-133c76684864,BF3,GCI,Getty Conservation Institute,,,,200009,2000-09,Clay,,Maya,Honduras,9309847d-7a8b-4544-a7ab-fc43f56593b3,,Copán,,,Clay fraction,1-2-H
612,Field Sample 612,98c26f68-e571-4aca-8ea8-8a12430ed04c,See printed sheets in storage location (samples taken 1999-2004),be46a865-ed0c-4dc3-8de1-133c76684864,BF3,,,,,,,,,,Maya,Honduras,9309847d-7a8b-4544-a7ab-fc43f56593b3,,Copán,,,BDP,1-2-H
613,Field Sample 613,78272ecc-71bc-45eb-a062-0fe539237093,See printed sheets in storage location (samples taken 1999-2004),be46a865-ed0c-4dc3-8de1-133c76684864,BF4,GCI,Getty Conservation Institute,,,,200009,2000-09,Clay,,Maya,Honduras,9309847d-7a8b-4544-a7ab-fc43f56593b3,,Copán,,,Clay fraction,1-2-H
614,Field Sample 614,7a16fbdc-b86f-49b6-9e1c-dd073ada44f8,See printed sheets in storage location (samples taken 1999-2004),be46a865-ed0c-4dc3-8de1-133c76684864,BF4,,,,,,,,,,Maya,Honduras,9309847d-7a8b-4544-a7ab-fc43f56593b3,,Copán,,,BDP,1-2-H
615,Field Sample 615,d92063e5-e4b5-468d-91c2-518d62e97eff,See printed sheets in storage location (samples taken 1999-2004),be46a865-ed0c-4dc3-8de1-133c76684864,BF5,GCI,Getty Conservation Institute,,,,200009,2000-09,Clay,,Maya,Honduras,9309847d-7a8b-4544-a7ab-fc43f56593b3,,Copán,,,Clay fraction,1-2-H
616,Field Sample 616,1294d9c7-09e9-4261-8bc8-35002f43aacc,See printed sheets in storage location (samples taken 1999-2004),be46a865-ed0c-4dc3-8de1-133c76684864,BF5,,,,,,,,,,Maya,Honduras,9309847d-7a8b-4544-a7ab-fc43f56593b3,,Copán,,,BDP,1-2-H
617,Field Sample 617,72f5acec-96cb-4d11-91ee-56c802db6de7,See printed sheets in storage location (samples taken 1999-2004),be46a865-ed0c-4dc3-8de1-133c76684864,BF6,GCI,Getty Conservation Institute,,,,200009,2000-09,Clay,,Maya,Honduras,9309847d-7a8b-4544-a7ab-fc43f56593b3,,Copán,,,Clay fraction,1-2-H
618,Field Sample 618,2f077531-d945-4fb0-ab27-190fef9fa0e7,See printed sheets in storage location (samples taken 1999-2004),be46a865-ed0c-4dc3-8de1-133c76684864,BF6,,,,,,,,,,Maya,Honduras,9309847d-7a8b-4544-a7ab-fc43f56593b3,,Copán,,,BDP,1-2-H
619,Field Sample 619,6911a5a9-6bfc-4ca6-9734-c1606f224346,See printed sheets in storage location (samples taken 1999-2004),be46a865-ed0c-4dc3-8de1-133c76684864,BG,GCI,Getty Conservation Institute,,,,200009,2000-09,Clay,,Maya,Honduras,9309847d-7a8b-4544-a7ab-fc43f56593b3,,Copán,,,Clay fraction,1-2-H
620,Field Sample 620,5abe329e-e40a-4073-bd11-da2dbb05cc69,See printed sheets in storage location (samples taken 1999-2004),be46a865-ed0c-4dc3-8de1-133c76684864,BG,,,,,,,,,,Maya,Honduras,9309847d-7a8b-4544-a7ab-fc43f56593b3,,Copán,,,P,1-2-H
621,Field Sample 621,08ebaefd-d8d0-40b5-ae27-ba836a1b19d6,See printed sheets in storage location (samples taken 1999-2004),be46a865-ed0c-4dc3-8de1-133c76684864,BG,,,,,,,,,,Maya,Honduras,9309847d-7a8b-4544-a7ab-fc43f56593b3,,Copán,,,MIP,1-2-H
622,Field Sample 622,5c1be8bf-b058-4c81-b2aa-36e228b65e8b,See printed sheets in storage location (samples taken 1999-2004),be46a865-ed0c-4dc3-8de1-133c76684864,BG,,,,,,,,Clay,,Maya,Honduras,9309847d-7a8b-4544-a7ab-fc43f56593b3,,Copán,,,Clay VRD,1-2-H
623,Field Sample 623,f8d143a4-33f8-4277-99df-ae38117e9462,See printed sheets in storage location (samples taken 1999-2004),be46a865-ed0c-4dc3-8de1-133c76684864,M1,,,,,,,,Mortar,,Maya,Honduras,9309847d-7a8b-4544-a7ab-fc43f56593b3,,Copán,,"right side step 10, next to balustrade",P,1-2-H
624,Field Sample 624,f52776e3-f870-443f-a959-804048051eea,See printed sheets in storage location (samples taken 1999-2004),be46a865-ed0c-4dc3-8de1-133c76684864,MI,GCI,Getty Conservation Institute,,,,,,Mortar,,Maya,Honduras,9309847d-7a8b-4544-a7ab-fc43f56593b3,,Copán,,"right side step 10, next to balustrade",Rush,1-2-H
625,Field Sample 625,32aa40f7-6956-4339-8312-749b87db84c7,See printed sheets in storage location (samples taken 1999-2004),be46a865-ed0c-4dc3-8de1-133c76684864,M2,,,,,,20000808,2000-08-08,,Mortar,Maya,Honduras,9309847d-7a8b-4544-a7ab-fc43f56593b3,,Copán,,"Tread step 52, between glyph G & H",BDP,1-2-H
626,Field Sample 626,86393904-48fc-4600-b768-19abdd608bdb,See printed sheets in storage location (samples taken 1999-2004),be46a865-ed0c-4dc3-8de1-133c76684864,M4,,,,,,,,,,Maya,Honduras,9309847d-7a8b-4544-a7ab-fc43f56593b3,,Copán,,,BDP,1-2-H
627,Field Sample 627,f9814aeb-ece0-4a83-a8c6-571f8cba72f1,See printed sheets in storage location (samples taken 1999-2004),be46a865-ed0c-4dc3-8de1-133c76684864,TP,GCI,Getty Conservation Institute,,,,200009,2000-09,Clay,,Maya,Honduras,9309847d-7a8b-4544-a7ab-fc43f56593b3,,Copán,,,Clay fraction,1-2-H
628,Field Sample 628,c35eacd6-3478-46d9-923e-d428ab92cb6b,See printed sheets in storage location (samples taken 1999-2004),be46a865-ed0c-4dc3-8de1-133c76684864,TP,,,,,,,,,,Maya,Honduras,9309847d-7a8b-4544-a7ab-fc43f56593b3,,Copán,,,MIP,1-2-H
629,Field Sample 629,5c427b03-6162-44a7-9172-2f92eb3a6dff,See printed sheets in storage location (samples taken 1999-2004),be46a865-ed0c-4dc3-8de1-133c76684864,TP,GCI,Getty Conservation Institute,,,,200009,2000-09,,,Maya,Honduras,9309847d-7a8b-4544-a7ab-fc43f56593b3,,Copán,,,,1-2-H
630,Field Sample 630,5c79b7fc-4326-40e6-8ff8-135f607cdf61,See printed sheets in storage location (samples taken 1999-2004),be46a865-ed0c-4dc3-8de1-133c76684864,TP,,,,,,,,Clay,,Maya,Honduras,9309847d-7a8b-4544-a7ab-fc43f56593b3,,Copán,,,Clay VRD,1-2-H
631,Field Sample 631,8d4ee420-fff7-406e-8fc2-9c88130ced5f,See printed sheets in storage location (samples taken 1999-2004),be46a865-ed0c-4dc3-8de1-133c76684864,Sample Row: 631,Barbara W. Fash,Barbara W. Fash,,,,1997,1997,,,Maya,Honduras,9309847d-7a8b-4544-a7ab-fc43f56593b3,,Copán,,"Rio Amarillo structure 5, 30 minute drive from Copan",,1-2-H
632,Field Sample 632,52603ff2-04fc-476c-a24f-3980578e27c5,See printed sheets in storage location (samples taken 1999-2004),be46a865-ed0c-4dc3-8de1-133c76684864,Sample Row: 632,David M. Carson,David M. Carson,,,,,,Stone spall,,Maya,Honduras,9309847d-7a8b-4544-a7ab-fc43f56593b3,,Copán,,South ball court,,1-2-H
633,Field Sample 633,f52b40be-9c17-4a0b-b19c-9548b86dc6ba,See printed sheets in storage location (samples taken 1999-2004),be46a865-ed0c-4dc3-8de1-133c76684864,Sample Row: 633,,,,,,,,,,Maya,Honduras,9309847d-7a8b-4544-a7ab-fc43f56593b3,,Copán,,,"Scales, B.C, ED",1-2-H
634,Field Sample 634,6b7c4c3e-eaea-4fc1-b82e-7bd4d1e47c27,See printed sheets in storage location (samples taken 1999-2004),be46a865-ed0c-4dc3-8de1-133c76684864,991021-1,,,,,,,,,,Maya,Honduras,9309847d-7a8b-4544-a7ab-fc43f56593b3,,Copán,,"Step 31, between 3rd and 4th block from left side",concrete and dust,1-2-H
635,Field Sample 635,0ad3a040-0ee7-4a16-963d-eb0a7f3db6d5,See printed sheets in storage location (samples taken 1999-2004),be46a865-ed0c-4dc3-8de1-133c76684864,991021-2,,,,,,,,,,Maya,Honduras,9309847d-7a8b-4544-a7ab-fc43f56593b3,,Copán,,Step 15,77.jpg,1-2-H
636,Field Sample 636,5763e820-2b24-4e06-9480-125c86c3b4ea,See printed sheets in storage location (samples taken 1999-2004),be46a865-ed0c-4dc3-8de1-133c76684864,991021-3,,,,,,,,,,Maya,Honduras,9309847d-7a8b-4544-a7ab-fc43f56593b3,,Copán,,"Base of step 33, middle of block 4 from left","Dust from base of step 33, middle of block 4 from left. Phato #29 Eduardo",1-2-H
637,Field Sample 637,2f1b0576-92fd-4bba-99a8-d0ae82023630,See printed sheets in storage location (samples taken 1999-2004),be46a865-ed0c-4dc3-8de1-133c76684864,991021-4,,,,,,,,Stucco,,Maya,Honduras,9309847d-7a8b-4544-a7ab-fc43f56593b3,,Copán,,"Step 6, from bottom, glyph A, B, C",between A and B,1-2-H
638,Field Sample 638,f20471e5-7238-42e4-92dd-04a2e1d6c2ac,See printed sheets in storage location (samples taken 1999-2004),be46a865-ed0c-4dc3-8de1-133c76684864,991021-5,,,,,,,,,,Maya,Honduras,9309847d-7a8b-4544-a7ab-fc43f56593b3,,Copán,,,"Debris from fall of step 12, second block from left, 5th glyph from left",1-2-H
639,Field Sample 639,5e536725-0869-4bbb-a015-b4223d89af8a,See printed sheets in storage location (samples taken 1999-2004),be46a865-ed0c-4dc3-8de1-133c76684864,991021-6,,,,,,,,,,Maya,Honduras,9309847d-7a8b-4544-a7ab-fc43f56593b3,,Copán,,"Stair 15, behind crest of the sculpture",,1-2-H
640,Field Sample 640,0ee17a79-5726-4421-b819-b42f4ba1c571,See printed sheets in storage location (samples taken 1999-2004),be46a865-ed0c-4dc3-8de1-133c76684864,991021-7,,,,,,,,,,Maya,Honduras,9309847d-7a8b-4544-a7ab-fc43f56593b3,,Copán,,,58E,1-2-H
641,Field Sample 641,af96b1e1-b54e-4cc3-955a-d443e78a561a,See printed sheets in storage location (samples taken 1999-2004),be46a865-ed0c-4dc3-8de1-133c76684864,991021-8,,,,,,,,,,Maya,Honduras,9309847d-7a8b-4544-a7ab-fc43f56593b3,,Copán,,,58F-1,1-2-H
642,Field Sample 642,f3a7cf08-a7a1-49d2-a69e-347cb2efc8e6,See printed sheets in storage location (samples taken 1999-2004),be46a865-ed0c-4dc3-8de1-133c76684864,991021-9,,,,,,,,,,Maya,Honduras,9309847d-7a8b-4544-a7ab-fc43f56593b3,,Copán,,,58F-2. treatment and B72 + crushed stone,1-2-H
643,Field Sample 643,3565c13b-e894-40c1-a3a2-1514d642c4cf,See printed sheets in storage location (samples taken 1999-2004),be46a865-ed0c-4dc3-8de1-133c76684864,991021-12,,,,,,,,Stone,,Maya,Honduras,9309847d-7a8b-4544-a7ab-fc43f56593b3,,Copán,,,15 stone,1-2-H
644,Field Sample 644,e70fec45-aa98-406e-bb42-50d6a8d9d75d,See printed sheets in storage location (samples taken 1999-2004),be46a865-ed0c-4dc3-8de1-133c76684864,991021-13,,,,,,,,,,Maya,Honduras,9309847d-7a8b-4544-a7ab-fc43f56593b3,,Copán,,,63J Center,1-2-H
645,Field Sample 645,5d96bec4-c77f-4765-92dd-50dc9710c768,See printed sheets in storage location (samples taken 1999-2004),be46a865-ed0c-4dc3-8de1-133c76684864,991021-14,,,,,,,,,,Maya,Honduras,9309847d-7a8b-4544-a7ab-fc43f56593b3,,Copán,,,63J spall,1-2-H
646,Field Sample 646,2dbd56bb-48a5-4ec1-bde9-fcf7b8fc8822,See printed sheets in storage location (samples taken 1999-2004),be46a865-ed0c-4dc3-8de1-133c76684864,991021-15,,,,,,,,,,Maya,Honduras,9309847d-7a8b-4544-a7ab-fc43f56593b3,,Copán,,,63J Bubble,1-2-H
647,Field Sample 647,ffa1ad30-43c9-42f5-88c5-372df9f7fe99,See printed sheets in storage location (samples taken 1999-2004),be46a865-ed0c-4dc3-8de1-133c76684864,991021-16,,,,,,,,,,Maya,Honduras,9309847d-7a8b-4544-a7ab-fc43f56593b3,,Copán,,,"63I, left side.",1-2-H
648,Field Sample 648,fd9d349f-a67e-4a21-afcc-87149c3038f7,See printed sheets in storage location (samples taken 1999-2004),be46a865-ed0c-4dc3-8de1-133c76684864,991021-10,,,,,,,,,,Maya,Honduras,9309847d-7a8b-4544-a7ab-fc43f56593b3,,Copán,,"Step 19, last step before missing sculpture",Volcanic bomb.,1-2-H
649,Field Sample 649,1204b375-7c1f-4ceb-8ddf-8bf74b9d8a79,See printed sheets in storage location (samples taken 1999-2004),be46a865-ed0c-4dc3-8de1-133c76684864,991021-11,,,,,,,,,,Maya,Honduras,9309847d-7a8b-4544-a7ab-fc43f56593b3,,Copán,,,"Lifchgn, step 17",1-2-H
650,Field Sample 650,08fc2334-e065-4e35-b641-1b1d61d91d22,See printed sheets in storage location (samples taken 1999-2004),be46a865-ed0c-4dc3-8de1-133c76684864,991021-17,,,,,,,,,,Maya,Honduras,9309847d-7a8b-4544-a7ab-fc43f56593b3,,Copán,,,"63I, left brushing.",1-2-H
651,Field Sample 651,6ed9c98d-18aa-4a23-884e-034e4f61c8fa,See printed sheets in storage location (samples taken 1999-2004),be46a865-ed0c-4dc3-8de1-133c76684864,991021-18,,,,,,,,,,Maya,Honduras,9309847d-7a8b-4544-a7ab-fc43f56593b3,,Copán,,,"63I, right side",1-2-H
652,Field Sample 652,3d78859c-d28c-40c7-beb7-42ac0946ca45,See printed sheets in storage location (samples taken 1999-2004),be46a865-ed0c-4dc3-8de1-133c76684864,991021-19,,,,,,,,,,Maya,Honduras,9309847d-7a8b-4544-a7ab-fc43f56593b3,,Copán,,,"63I, right side brushing",1-2-H
653,Field Sample 653,bd3c6508-33db-4e0d-880f-d97fc5fc5fd9,See printed sheets in storage location (samples taken 1999-2004),be46a865-ed0c-4dc3-8de1-133c76684864,991021-20,,,,,,,,Stone,,Maya,Honduras,9309847d-7a8b-4544-a7ab-fc43f56593b3,,Copán,,,course stone tread,1-2-H
654,Field Sample 654,777492dc-6f96-4698-b92a-d49a4f3f8790,See printed sheets in storage location (samples taken 1999-2004),be46a865-ed0c-4dc3-8de1-133c76684864,991021-21,,,,,,19990827,1999-08-27,,,Maya,Honduras,9309847d-7a8b-4544-a7ab-fc43f56593b3,,Copán,,,"Tunnel 1.6, basamento margarita",1-2-H
655,Field Sample 655,7ac11678-1503-46fc-85f6-f81c941298a4,See printed sheets in storage location (samples taken 1999-2004),be46a865-ed0c-4dc3-8de1-133c76684864,991021-22,,,,,,,,,,Maya,Honduras,9309847d-7a8b-4544-a7ab-fc43f56593b3,,Copán,,"Stilae 4, front base",Possible salts,1-2-H
656,Field Sample 656,ddc5342a-8ad2-44be-adad-995db00ab148,See printed sheets in storage location (samples taken 1999-2004),be46a865-ed0c-4dc3-8de1-133c76684864,991021-23,,,,,,,,Salt,,Maya,Honduras,9309847d-7a8b-4544-a7ab-fc43f56593b3,,Copán,,"Stilae 4, front base",,1-2-H
657,Field Sample 657,60e83e96-78c7-4084-a859-9d04cc3315bd,See printed sheets in storage location (samples taken 1999-2004),be46a865-ed0c-4dc3-8de1-133c76684864,991021-24,,,,,,,,,,Maya,Honduras,9309847d-7a8b-4544-a7ab-fc43f56593b3,,Copán,,"Stilae 4, front left leg",Multilayer Spall,1-2-H
658,Field Sample 658,928d3744-b257-4305-b2fe-b30dfa334b52,See printed sheets in storage location (samples taken 1999-2004),be46a865-ed0c-4dc3-8de1-133c76684864,991021-25,,,,,,,,,,Maya,Honduras,9309847d-7a8b-4544-a7ab-fc43f56593b3,,Copán,,"Stilae 4, left side behind left leg",,1-2-H
659,Field Sample 659,d184b352-0eed-445e-b3d2-a1a69257e029,See printed sheets in storage location (samples taken 1999-2004),be46a865-ed0c-4dc3-8de1-133c76684864,991021-26,,,,,,,,,,Maya,Honduras,9309847d-7a8b-4544-a7ab-fc43f56593b3,,Copán,,"Stilae 4, back",,1-2-H
660,Field Sample 660,4a87ad6e-231e-4d89-a344-c7ba4a0f13bc,See printed sheets in storage location (samples taken 1999-2004),be46a865-ed0c-4dc3-8de1-133c76684864,991021-27,,,,,,,,,,Maya,Honduras,9309847d-7a8b-4544-a7ab-fc43f56593b3,,Copán,,,GCI #1,1-2-H
661,Field Sample 661,a2657492-6db9-41dc-8bfe-19c21981158b,See printed sheets in storage location (samples taken 1999-2004),be46a865-ed0c-4dc3-8de1-133c76684864,991021-28,,,,,,,,,,Maya,Honduras,9309847d-7a8b-4544-a7ab-fc43f56593b3,,Copán,,,GCI #2,1-2-H
662,Field Sample 662,770824be-fab1-4ce0-86b6-3699ca438f6c,See printed sheets in storage location (samples taken 1999-2004),be46a865-ed0c-4dc3-8de1-133c76684864,991021-29,,,,,,,,,,Maya,Honduras,9309847d-7a8b-4544-a7ab-fc43f56593b3,,Copán,,,CGC1 #3,1-2-H
663,Field Sample 663,ecdf339f-88bc-4a86-9ddb-144c70315d9d,See printed sheets in storage location (samples taken 1999-2004),be46a865-ed0c-4dc3-8de1-133c76684864,991021-30,,,,,,,,,,Maya,Honduras,9309847d-7a8b-4544-a7ab-fc43f56593b3,,Copán,,,GCI #4,1-2-H
664,Field Sample 664,e0f26c8d-63a8-4e87-b308-07ee1174d030,See printed sheets in storage location (samples taken 1999-2004),be46a865-ed0c-4dc3-8de1-133c76684864,991021-31,,,,,,,,,,Maya,Honduras,9309847d-7a8b-4544-a7ab-fc43f56593b3,,Copán,,,GCI #5,1-2-H
665,Field Sample 665,e581a30f-e2f9-41ee-a133-99959209d446,See printed sheets in storage location (samples taken 1999-2004),be46a865-ed0c-4dc3-8de1-133c76684864,991021-32,,,,,,,,,,Maya,Honduras,9309847d-7a8b-4544-a7ab-fc43f56593b3,,Copán,,,GCI #5,1-2-H
666,Field Sample 666,dbf9eaea-1aee-4950-97e0-07815f3497f2,See printed sheets in storage location (samples taken 1999-2004),be46a865-ed0c-4dc3-8de1-133c76684864,991021-33,,,,,,,,,,Maya,Honduras,9309847d-7a8b-4544-a7ab-fc43f56593b3,,Copán,,,GCI #6,1-2-H
667,Field Sample 667,d4476106-0ddd-4a5a-a9ac-d126e88ad3f9,See printed sheets in storage location (samples taken 1999-2004),be46a865-ed0c-4dc3-8de1-133c76684864,991021-34,,,,,,,,,,Maya,Honduras,9309847d-7a8b-4544-a7ab-fc43f56593b3,,Copán,,Lado Norte,2.3 grams. 80 Grade. Lado Norte,1-2-H
668,Field Sample 668,b119df1c-7632-4a9a-bb33-534f95780d74,See printed sheets in storage location (samples taken 1999-2004),be46a865-ed0c-4dc3-8de1-133c76684864,991021-35,,,,,,199810,1998-10,,,Maya,Honduras,9309847d-7a8b-4544-a7ab-fc43f56593b3,,Copán,,,"Grada 31, Lago Norte. 0.6 grams",1-2-H
669,Field Sample 669,3f28f69f-5772-424d-90e3-b77f85a78e98,See printed sheets in storage location (samples taken 1999-2004),be46a865-ed0c-4dc3-8de1-133c76684864,991021-36,,,,,,199810,1998-10,,,Maya,Honduras,9309847d-7a8b-4544-a7ab-fc43f56593b3,,Copán,,Lado Norte,"80 grada, 1 gram",1-2-H
670,Field Sample 670,71adf31a-7d18-4fc1-8902-58f2fbf4fef1,See printed sheets in storage location (samples taken 1999-2004),be46a865-ed0c-4dc3-8de1-133c76684864,991021-37,,,,,,199810,1998-10,,,Maya,Honduras,9309847d-7a8b-4544-a7ab-fc43f56593b3,,Copán,,,Muestra Recojida en la parte central de escalinata jeroglifica 30 cuerpo de abajo hacia arriba,1-2-H
671,Field Sample 671,ae2617e3-b639-4a70-b255-43766aec91be,See printed sheets in storage location (samples taken 1999-2004),be46a865-ed0c-4dc3-8de1-133c76684864,991021-38,,,,,,199811,1998-11,,,Maya,Honduras,9309847d-7a8b-4544-a7ab-fc43f56593b3,,Copán,,"Lado Norte, arriba",".3 grams, 31 grada, Lado Norte arriba",1-2-H
672,Field Sample 672,43f2db8a-c00a-4a96-9c24-4af74ace36ca,See printed sheets in storage location (samples taken 1999-2004),be46a865-ed0c-4dc3-8de1-133c76684864,991021-39,,,,,,199811,1998-11,,,Maya,Honduras,9309847d-7a8b-4544-a7ab-fc43f56593b3,,Copán,,Lado Norte,"Grada 31, Lago Norte. 0.5 grams",1-2-H
673,Field Sample 673,d2a70c3f-63b4-4f5a-b101-84ef3bc971ac,See printed sheets in storage location (samples taken 1999-2004),be46a865-ed0c-4dc3-8de1-133c76684864,991021-40,,,,,,199811,1998-11,,,Maya,Honduras,9309847d-7a8b-4544-a7ab-fc43f56593b3,,Copán,,Lado Norte,"1.2 grams, 80 grada, Lado Norte",1-2-H
674,Field Sample 674,df100e8f-f9c0-4157-a281-2e68051b8849,See printed sheets in storage location (samples taken 1999-2004),be46a865-ed0c-4dc3-8de1-133c76684864,991021-41,,,,,,199811,1998-11,,,Maya,Honduras,9309847d-7a8b-4544-a7ab-fc43f56593b3,,Copán,,,Muestra recojida en la parte central de la escalinata jeroglifica. 30 cuerpo de abajp hacia arriba,1-2-H
675,Field Sample 675,4a958499-3445-4438-ae2f-136f52c039b7,See printed sheets in storage location (samples taken 1999-2004),be46a865-ed0c-4dc3-8de1-133c76684864,991021-42,,,,,,199901,1999-01,,,Maya,Honduras,9309847d-7a8b-4544-a7ab-fc43f56593b3,,Copán,,,Muestra recojida en la parre central de la escalinata. O sea 3: Cuerpo de abajo hacia arriba mes de enaro,1-2-H
676,Field Sample 676,cbd8e2f5-3802-488d-aca9-eab36fbc966b,See printed sheets in storage location (samples taken 1999-2004),be46a865-ed0c-4dc3-8de1-133c76684864,991021-43,,,,,,199901,1999-01,,,Maya,Honduras,9309847d-7a8b-4544-a7ab-fc43f56593b3,,Copán,,,Muestra recojida escalinata jeroglifica. 20 grada de arriba hacia abajo,1-2-H
677,Field Sample 677,c7dc4bd3-3650-4ca3-807a-98c5edf4ba21,See printed sheets in storage location (samples taken 1999-2004),be46a865-ed0c-4dc3-8de1-133c76684864,991021-44,,,,,,199901,1999-01,,,Maya,Honduras,9309847d-7a8b-4544-a7ab-fc43f56593b3,,Copán,,,Muestra recojida en la 90 grada de arriba hacia abajo,1-2-H
678,Field Sample 678,f3b6523f-bc09-44d8-b624-316b6745a688,See printed sheets in storage location (samples taken 1999-2004),be46a865-ed0c-4dc3-8de1-133c76684864,991021-45,,,,,,199901,1999-01,,,Maya,Honduras,9309847d-7a8b-4544-a7ab-fc43f56593b3,,Copán,,,muestra de esfoliacion tomada 5: grada de arriba hacia abajo escalinata jeroglipica,1-2-H
679,Field Sample 679,380b6f10-826f-4816-8ad8-b3175703424b,See printed sheets in storage location (samples taken 1999-2004),be46a865-ed0c-4dc3-8de1-133c76684864,991021-46,,,,,,199902,1999-02,,,Maya,Honduras,9309847d-7a8b-4544-a7ab-fc43f56593b3,,Copán,,,"Muestra Recojida, en la porte central de la escalinata o sea en el 30 cuerpo de abajo hacia arriba.",1-2-H
680,Field Sample 680,d23b5d43-acb7-418a-8a16-1f5e1b189235,See printed sheets in storage location (samples taken 1999-2004),be46a865-ed0c-4dc3-8de1-133c76684864,991021-47,,,,,,199902,1999-02,,,Maya,Honduras,9309847d-7a8b-4544-a7ab-fc43f56593b3,,Copán,,,Muestra recojida en la 90 Grada de abajo hacia arriba escalinata,1-2-H
681,Field Sample 681,abad590b-3aa0-43d3-9400-59fdd1221ca2,See printed sheets in storage location (samples taken 1999-2004),be46a865-ed0c-4dc3-8de1-133c76684864,991021-49,,,,,,199903,1999-03,,,Maya,Honduras,9309847d-7a8b-4544-a7ab-fc43f56593b3,,Copán,,,Muestra reconjida. 30 Cuerpo de abajo hacio arriba escalinata.,1-2-H
682,Field Sample 682,c2687568-b889-44b3-9365-d5d9ceb211f5,See printed sheets in storage location (samples taken 1999-2004),be46a865-ed0c-4dc3-8de1-133c76684864,991021-48,,,,,,199903,1999-03,,,Maya,Honduras,9309847d-7a8b-4544-a7ab-fc43f56593b3,,Copán,,,"Muestra Recojida en la 90 grada de abajo hacia arriba escalinata, Jeroglipica",1-2-H
683,Field Sample 683,b8a91f2f-48ae-4b42-b34f-a0f577c63e5f,See printed sheets in storage location (samples taken 1999-2004),be46a865-ed0c-4dc3-8de1-133c76684864,991021-50,,,,,,199904,1999-04,,,Maya,Honduras,9309847d-7a8b-4544-a7ab-fc43f56593b3,,Copán,,,Muestra Recojida. 90 Grada.9910121-50,1-2-H
684,Field Sample 684,9a448e76-1ca9-4d58-a46c-0cd98eb9c5c3,See printed sheets in storage location (samples taken 1999-2004),be46a865-ed0c-4dc3-8de1-133c76684864,991021-51,,,,,,199904,1999-04,,,Maya,Honduras,9309847d-7a8b-4544-a7ab-fc43f56593b3,,Copán,,,Muestra recojida. 30 Cuerpo de Abajo hacca arriba.,1-2-H
685,Field Sample 685,6cc5c14e-3bec-4482-8f6d-cb7aa8272b98,See printed sheets in storage location (samples taken 1999-2004),be46a865-ed0c-4dc3-8de1-133c76684864,991021-52,,,,,,199905,1999-05,,,Maya,Honduras,9309847d-7a8b-4544-a7ab-fc43f56593b3,,Copán,,,"Muestra recojida, 90 grada escalinata s,",1-2-H
686,Field Sample 686,0fd1bd5b-83df-4fa2-8196-930275330b06,See printed sheets in storage location (samples taken 1999-2004),be46a865-ed0c-4dc3-8de1-133c76684864,991021-53,,,,,,199905,1999-05,,,Maya,Honduras,9309847d-7a8b-4544-a7ab-fc43f56593b3,,Copán,,,Muestra recojida.30 Cuerpo de abajo hacia arriba,1-2-H
687,Field Sample 687,6b6e9b92-bf63-4c60-9e9c-3777b2c04faa,See printed sheets in storage location (samples taken 1999-2004),be46a865-ed0c-4dc3-8de1-133c76684864,991021-54,,,,,,199106,1991-06,,,Maya,Honduras,9309847d-7a8b-4544-a7ab-fc43f56593b3,,Copán,,,Muestra Recojida. 90 grada escalminnata. Jeroglipica,1-2-H
688,Field Sample 688,d1685937-f8b3-4cc8-b250-cf745e3e9081,See printed sheets in storage location (samples taken 1999-2004),be46a865-ed0c-4dc3-8de1-133c76684864,991021-55,,,,,,199906,1999-06,,,Maya,Honduras,9309847d-7a8b-4544-a7ab-fc43f56593b3,,Copán,,,Muestra Recojida. 30 Cuerpo. Escalinata J.,1-2-H
689,Field Sample 689,e8e1d1b3-87ab-4c28-bb51-48604abafeca,See printed sheets in storage location (samples taken 1999-2004),be46a865-ed0c-4dc3-8de1-133c76684864,EE-02,Evin Erder,Evin Erder,,,,20000706,2000-07-06,Concrete,,Maya,Honduras,9309847d-7a8b-4544-a7ab-fc43f56593b3,,Copán,,"Step 4, pink 2nd block slurry",,1-2-H
690,Field Sample 690,d85452db-465e-4b14-bb5b-f5e68b05f6dc,See printed sheets in storage location (samples taken 1999-2004),be46a865-ed0c-4dc3-8de1-133c76684864,EE-02,Evin Erder,Evin Erder,,,,20000706,2000-07-06,Concrete,,Maya,Honduras,9309847d-7a8b-4544-a7ab-fc43f56593b3,,Copán,,"Step 4, pink 2nd block slurry",,1-2-H
691,Field Sample 691,499fac14-b5c4-4af4-a6a2-36492f8b215f,See printed sheets in storage location (samples taken 1999-2004),be46a865-ed0c-4dc3-8de1-133c76684864,EE-03,Evin Erder,Evin Erder,,,,20000706,2000-07-06,Concrete,,Maya,Honduras,9309847d-7a8b-4544-a7ab-fc43f56593b3,,Copán,,"Step 25, concrete 1st block",,1-2-H
692,Field Sample 692,45495278-3c88-453c-b53f-391b6b821874,See printed sheets in storage location (samples taken 1999-2004),be46a865-ed0c-4dc3-8de1-133c76684864,EE-03,Evin Erder,Evin Erder,,,,,,Concrete,,Maya,Honduras,9309847d-7a8b-4544-a7ab-fc43f56593b3,,Copán,,"Step 25, concrete 1st block",,1-2-H
693,Field Sample 693,ce936bdc-02ed-4294-b8fb-11d6e5368a1b,See printed sheets in storage location (samples taken 1999-2004),be46a865-ed0c-4dc3-8de1-133c76684864,EE-05,Evin Erder,Evin Erder,,,,20000706,2000-07-06,Stone spall,,Maya,Honduras,9309847d-7a8b-4544-a7ab-fc43f56593b3,,Copán,,"Step 1, block 2",,1-2-H
694,Field Sample 694,e997c426-719b-4ec4-8baf-956cccca0ffc,See printed sheets in storage location (samples taken 1999-2004),be46a865-ed0c-4dc3-8de1-133c76684864,EE-05,Evin Erder,Evin Erder,,,,,,Stone spall,,Maya,Honduras,9309847d-7a8b-4544-a7ab-fc43f56593b3,,Copán,,"Step 1, block 2",,1-2-H
695,Field Sample 695,8f58cc0e-436a-4bf5-bbf8-85c7db7149b4,See printed sheets in storage location (samples taken 1999-2004),be46a865-ed0c-4dc3-8de1-133c76684864,EE-06,Evin Erder,Evin Erder,,,,20000706,2000-07-06,Stone spall,,Maya,Honduras,9309847d-7a8b-4544-a7ab-fc43f56593b3,,Copán,,"Step 12, blocks 172, 173, fallen flakes, lower part",,1-2-H
696,Field Sample 696,39b377f5-ef54-447e-9f7a-81058af99855,See printed sheets in storage location (samples taken 1999-2004),be46a865-ed0c-4dc3-8de1-133c76684864,EE-06,Evin Erder,Evin Erder,,,,20000706,2000-07-06,Stone spall,,Maya,Honduras,9309847d-7a8b-4544-a7ab-fc43f56593b3,,Copán,,"Step 12, blocks 172, 173, fallen flakes, lower part",Bio,1-2-H
697,Field Sample 697,3e73233d-0972-4c31-9485-29ffc5fdf5e7,See printed sheets in storage location (samples taken 1999-2004),be46a865-ed0c-4dc3-8de1-133c76684864,EE-07,Evin Erder,Evin Erder,,,,20000706,2000-07-06,Stone spall,,Maya,Honduras,9309847d-7a8b-4544-a7ab-fc43f56593b3,,Copán,,"Step 12, right side of figure 1, right side and center",,1-2-H
698,Field Sample 698,27fdfb99-9545-41e7-9917-aeef6d174390,See printed sheets in storage location (samples taken 1999-2004),be46a865-ed0c-4dc3-8de1-133c76684864,EE-07,Evin Erder,Evin Erder,,,,,,Stone spall,,Maya,Honduras,9309847d-7a8b-4544-a7ab-fc43f56593b3,,Copán,,"Step 12, right side of figure 1, right side and center",,1-2-H
699,Field Sample 699,c428a1c1-4463-4bbe-b41a-a7ac8cdd644e,See printed sheets in storage location (samples taken 1999-2004),be46a865-ed0c-4dc3-8de1-133c76684864,EE-08,Evin Erder,Evin Erder,,,,,,Stone spall,,Maya,Honduras,9309847d-7a8b-4544-a7ab-fc43f56593b3,,Copán,,Right balustrade between steps 20 & 21,,1-2-H
700,Field Sample 700,be90f359-6cb9-4b91-9a79-15bb0bfdd0df,See printed sheets in storage location (samples taken 1999-2004),be46a865-ed0c-4dc3-8de1-133c76684864,EE-09,Evin Erder,Evin Erder,,,,,,Stone spall,,Maya,Honduras,9309847d-7a8b-4544-a7ab-fc43f56593b3,,Copán,,"Step 36, 1st block, right of statue, center with biogenic growth",,1-2-H
701,Field Sample 701,e1640dfe-1d8b-4edc-b380-1d3daa87f6dc,See printed sheets in storage location (samples taken 1999-2004),be46a865-ed0c-4dc3-8de1-133c76684864,EE-10,Evin Erder,Evin Erder,,,,,,Stone spall,,Maya,Honduras,9309847d-7a8b-4544-a7ab-fc43f56593b3,,Copán,,"Step 36, block 342, flakes center and lower part",,1-2-H
702,Field Sample 702,eb7ddadb-91bc-42c2-b9cc-ba1d7378fad5,See printed sheets in storage location (samples taken 1999-2004),be46a865-ed0c-4dc3-8de1-133c76684864,EE-11,Evin Erder,Evin Erder,,,,,,Stone spall,,Maya,Honduras,9309847d-7a8b-4544-a7ab-fc43f56593b3,,Copán,,"Step 41, 1st block, center",,1-2-H
703,Field Sample 703,67b5e695-814d-4064-91b2-8f5e7c0c6f47,See printed sheets in storage location (samples taken 1999-2004),be46a865-ed0c-4dc3-8de1-133c76684864,EE-12,Evin Erder,Evin Erder,,,,,,Stone spall,,Maya,Honduras,9309847d-7a8b-4544-a7ab-fc43f56593b3,,Copán,,"Step 43, 1st block from right, center upper part",,1-2-H
704,Field Sample 704,16c190fc-21a2-451a-8583-bd9fe3e3ce19,See printed sheets in storage location (samples taken 1999-2004),be46a865-ed0c-4dc3-8de1-133c76684864,EE-13,Evin Erder,Evin Erder,,,,,,Stone spall,,Maya,Honduras,9309847d-7a8b-4544-a7ab-fc43f56593b3,,Copán,,"Step 45, 2nd block from right, left side",,1-2-H
705,Field Sample 705,ec4d6492-01fe-46da-8af3-83b8910ff0e6,See printed sheets in storage location (samples taken 1999-2004),be46a865-ed0c-4dc3-8de1-133c76684864,EE-14,Evin Erder,Evin Erder,,,,20000706,2000-07-06,Stone spall,,Maya,Honduras,9309847d-7a8b-4544-a7ab-fc43f56593b3,,Copán,,"Step 50, 1st block, left side, center with biogenic growth",,1-2-H
706,Field Sample 706,de47e1b4-e911-41af-b269-ffac878b2824,See printed sheets in storage location (samples taken 1999-2004),be46a865-ed0c-4dc3-8de1-133c76684864,EE-14,Evin Erder,Evin Erder,,,,,,Stone spall,,Maya,Honduras,9309847d-7a8b-4544-a7ab-fc43f56593b3,,Copán,,"Step 50, 1st block, left side, center with biogenic growth",,1-2-H
707,Field Sample 707,c8c40dc7-0354-4df4-9760-38e8fde3fdbc,See printed sheets in storage location (samples taken 1999-2004),be46a865-ed0c-4dc3-8de1-133c76684864,EE-15,Evin Erder,Evin Erder,,,,20000706,2000-07-06,Stone spall,,Maya,Honduras,9309847d-7a8b-4544-a7ab-fc43f56593b3,,Copán,,"Step 52, block 482, right side near cement with biogenic growth",,1-2-H
708,Field Sample 708,23f82702-6266-4f50-abe8-38924b4c91b4,See printed sheets in storage location (samples taken 1999-2004),be46a865-ed0c-4dc3-8de1-133c76684864,EE-16,Evin Erder,Evin Erder,,,,,,Stone spall,,Maya,Honduras,9309847d-7a8b-4544-a7ab-fc43f56593b3,,Copán,,"Step 58, 2nd block from right, center with biogenic growth",,1-2-H
709,Field Sample 709,97a32bf9-fef6-4e5f-bbbf-add63dd3fa37,See printed sheets in storage location (samples taken 1999-2004),be46a865-ed0c-4dc3-8de1-133c76684864,EE-17,Evin Erder,Evin Erder,,,,,,Stone spall,,Maya,Honduras,9309847d-7a8b-4544-a7ab-fc43f56593b3,,Copán,,"Step 58, 2nd block from right, left side of stone near cement",,1-2-H
710,Field Sample 710,d00a6321-b522-4859-bb9d-cbbeef720d6e,See printed sheets in storage location (samples taken 1999-2004),be46a865-ed0c-4dc3-8de1-133c76684864,EE-18,Evin Erder,Evin Erder,,,,,,Stone spall,,Maya,Honduras,9309847d-7a8b-4544-a7ab-fc43f56593b3,,Copán,,"Step 59, 1st block, right side near cement with biogenic growth",,1-2-H
711,Field Sample 711,7d8658aa-1954-45b7-8c5f-5574d2f0bbe2,See printed sheets in storage location (samples taken 1999-2004),be46a865-ed0c-4dc3-8de1-133c76684864,EE-19,Evin Erder,Evin Erder,,,,20000706,2000-07-06,Stone spall,,Maya,Honduras,9309847d-7a8b-4544-a7ab-fc43f56593b3,,Copán,,"Step 63, glyph I, flakes at upper part",,1-2-H
712,Field Sample 712,77a2c8a5-c435-4f87-86f2-739b58cc2ab4,See printed sheets in storage location (samples taken 1999-2004),be46a865-ed0c-4dc3-8de1-133c76684864,EE-19,Evin Erder,Evin Erder,,,,,,Stone spall,,Maya,Honduras,9309847d-7a8b-4544-a7ab-fc43f56593b3,,Copán,,"Step 63, glyph I, flakes at upper part",,1-2-H
713,Field Sample 713,207b268b-478a-44fb-a368-5fca58bb54de,See printed sheets in storage location (samples taken 1999-2004),be46a865-ed0c-4dc3-8de1-133c76684864,EE-20,Evin Erder,Evin Erder,,,,20000706,2000-07-06,Stone spall,,Maya,Honduras,9309847d-7a8b-4544-a7ab-fc43f56593b3,,Copán,,"Step 63, glyph A, left side near cement",,1-2-H
714,Field Sample 714,7efe4475-6d84-481c-bb00-c34f066f17d3,See printed sheets in storage location (samples taken 1999-2004),be46a865-ed0c-4dc3-8de1-133c76684864,EE-20,Evin Erder,Evin Erder,,,,,,Stone spall,,Maya,Honduras,9309847d-7a8b-4544-a7ab-fc43f56593b3,,Copán,,"Step 63, glyph A, left side near cement",,1-2-H
715,Field Sample 715,36c868ca-6421-403b-ac00-fefdb9e12304,See printed sheets in storage location (samples taken 1999-2004),be46a865-ed0c-4dc3-8de1-133c76684864,EE-21,Evin Erder,Evin Erder,,,,20000706,2000-07-06,Stone spall,,Maya,Honduras,9309847d-7a8b-4544-a7ab-fc43f56593b3,,Copán,,"Step 11, block 71, flakes at center",,1-2-H
716,Field Sample 716,5a4ad061-f364-453e-ac56-a91b9d2ff32d,See printed sheets in storage location (samples taken 1999-2004),be46a865-ed0c-4dc3-8de1-133c76684864,EE-21,Evin Erder,Evin Erder,,,,,,Stone spall,,Maya,Honduras,9309847d-7a8b-4544-a7ab-fc43f56593b3,,Copán,,"Step 11, block 71, flakes at center",,1-2-H
717,Field Sample 717,f3463473-bfa2-4ab3-95c1-a0c383651aa2,See printed sheets in storage location (samples taken 1999-2004),be46a865-ed0c-4dc3-8de1-133c76684864,EE-22,Evin Erder,Evin Erder,,,,,,Stone spall,,Maya,Honduras,9309847d-7a8b-4544-a7ab-fc43f56593b3,,Copán,,"Step 23, 1st block from right, center with biogenic growth",,1-2-H
718,Field Sample 718,9f7e45e2-609c-468c-9c97-09c0b7a6ac07,See printed sheets in storage location (samples taken 1999-2004),be46a865-ed0c-4dc3-8de1-133c76684864,EE-23,Evin Erder,Evin Erder,,,,,,Stone spall,,Maya,Honduras,9309847d-7a8b-4544-a7ab-fc43f56593b3,,Copán,,Seated figure 4 torso,,1-2-H
719,Field Sample 719,9647efef-bae5-4ecc-a3e4-2c65cca0c3fa,See printed sheets in storage location (samples taken 1999-2004),be46a865-ed0c-4dc3-8de1-133c76684864,EE-24,Evin Erder,Evin Erder,,,,20000706,2000-07-06,Stone,Fragment,Maya,Honduras,9309847d-7a8b-4544-a7ab-fc43f56593b3,,Copán,,Seated Figure 1,Detatched stone fragment,1-2-H
720,Field Sample 720,c2627db0-d0cc-47fa-a049-89db4cec14a3,See printed sheets in storage location (samples taken 1999-2004),be46a865-ed0c-4dc3-8de1-133c76684864,EE-24,Evin Erder,Evin Erder,,,,,,Stone,Fragment,Maya,Honduras,9309847d-7a8b-4544-a7ab-fc43f56593b3,,Copán,,Seated Figure 1,Detatched stone fragment,1-2-H
721,Field Sample 721,633a4894-d346-4658-9ca1-ad7b03a9ff97,See printed sheets in storage location (samples taken 1999-2004),be46a865-ed0c-4dc3-8de1-133c76684864,Copan Green Bulk,Evin Erder,Evin Erder,,,,,,,,Maya,Honduras,9309847d-7a8b-4544-a7ab-fc43f56593b3,,Copán,,,,1-2-H
722,Field Sample 722,b9b8d833-76cb-4c19-950a-e770b5164cc4,See printed sheets in storage location (samples taken 1999-2004),be46a865-ed0c-4dc3-8de1-133c76684864,Copan Bulk Red,Evin Erder,Evin Erder,,,,,,,,Maya,Honduras,9309847d-7a8b-4544-a7ab-fc43f56593b3,,Copán,,,,1-2-H
723,Field Sample 723,88a83d02-a27e-4958-84d6-2b26b73c4918,See printed sheets in storage location (samples taken 1999-2004),be46a865-ed0c-4dc3-8de1-133c76684864,Sample Row: 723,,,,,,,,Stone spall,,Maya,Honduras,9309847d-7a8b-4544-a7ab-fc43f56593b3,,Copán,,"Tread of step 39, right side in situ",JPEG photo 36737,1-2-H
724,Field Sample 724,ddb491b5-73df-4786-b6a6-089540ed69c9,See printed sheets in storage location (samples taken 1999-2004),be46a865-ed0c-4dc3-8de1-133c76684864,C.1,Stefan Simon and Elsa Bourguignon,Stefan Simon,Elsa Bourguignon,,,200112,2001-12,,,Maya,Honduras,9309847d-7a8b-4544-a7ab-fc43f56593b3,,Copán,,Seated figure 1,Stone flake taken at the edge of a flaking area with traces of lime. Analyses proposed: SEM. Reason for sampling: Investigation of the possible presence of salts near the stone surface. Sampling method: All samples were taken using a scalpel and then placed in zip lock bags.,1-2-H
725,Field Sample 725,c6ffa4ff-23ca-4b0c-9b0f-9adbf3e9e7da,See printed sheets in storage location (samples taken 1999-2004),be46a865-ed0c-4dc3-8de1-133c76684864,C.2,Stefan Simon and Elsa Bourguignon,Stefan Simon,Elsa Bourguignon,,,200112,2001-12,,,Maya,Honduras,9309847d-7a8b-4544-a7ab-fc43f56593b3,,Copán,,"Step 19, Block 160, bottom left",Stone flake taken at the edge of a flaking area close to cement joint. Darker side = outside. Analyses proposed: SEM. Reason for sampling: Investigation of the possible presence of salts near the stone surface. Sampling method: All samples were taken using a scalpel and then placed in zip lock bags.,1-2-H
726,Field Sample 726,a9483cd2-a5b0-49ac-8b81-df735b7fa5a4,See printed sheets in storage location (samples taken 1999-2004),be46a865-ed0c-4dc3-8de1-133c76684864,C.3.a,Stefan Simon and Elsa Bourguignon,Stefan Simon,Elsa Bourguignon,,,200112,2001-12,,,Maya,Honduras,9309847d-7a8b-4544-a7ab-fc43f56593b3,,Copán,,"Step 21, Block 183, top left of glyph O",Stone flake taken at the edge of a flaking area. Analyses proposed: SEM. Reason for sampling: Investigation of the possible presence of salts near the stone surface. Sampling method: All samples were taken using a scalpel and then placed in zip lock bags.,1-2-H
727,Field Sample 727,5e525fd9-dc0f-4537-836d-af816e69fe45,See printed sheets in storage location (samples taken 1999-2004),be46a865-ed0c-4dc3-8de1-133c76684864,C.4,Stefan Simon and Elsa Bourguignon,Stefan Simon,Elsa Bourguignon,,,200112,2001-12,,,Maya,Honduras,9309847d-7a8b-4544-a7ab-fc43f56593b3,,Copán,,"Seated Figure 3, bottom left",Stone flake taken at the edge of a flaking area. Probably contaminated with Paraloid B72. Analyses proposed: SEM. Reason for sampling: Investigation of the possible presence of salts near the stone surface. Sampling method: All samples were taken using a scalpel and then placed in zip lock bags.,1-2-H
728,Field Sample 728,1afccdff-31f2-4759-8477-4c0eee358080,See printed sheets in storage location (samples taken 1999-2004),be46a865-ed0c-4dc3-8de1-133c76684864,C.5.a,Stefan Simon and Elsa Bourguignon,Stefan Simon,Elsa Bourguignon,,,200112,2001-12,,,Maya,Honduras,9309847d-7a8b-4544-a7ab-fc43f56593b3,,Copán,,"Step 32, Block 302, center left",Stone flake taken at the edge of a flaking area. Analyses proposed: SEM. Reason for sampling: Investigation of the possible presence of salts near the stone surface. Sampling method: All samples were taken using a scalpel and then placed in zip lock bags.,1-2-H
729,Field Sample 729,d8421ba6-d8c5-4bad-bdb0-9c6aa68606ad,See printed sheets in storage location (samples taken 1999-2004),be46a865-ed0c-4dc3-8de1-133c76684864,C.6.a,Stefan Simon and Elsa Bourguignon,Stefan Simon,Elsa Bourguignon,,,200112,2001-12,,,Maya,Honduras,9309847d-7a8b-4544-a7ab-fc43f56593b3,,Copán,,"Step 43, Block 603, bottom left",Stone flake taken at the edge of a flaking area. Analyses proposed: SEM. Reason for sampling: Investigation of the possible presence of salts near the stone surface. Sampling method: All samples were taken using a scalpel and then placed in zip lock bags.,1-2-H
730,Field Sample 730,3d217246-a15b-4d0a-bc9a-bde5fcaef5b3,See printed sheets in storage location (samples taken 1999-2004),be46a865-ed0c-4dc3-8de1-133c76684864,1,Thomas Roby and Elsa Bourguignon,Thomas Roby,Elsa Bourguignon,,,20020416,2002-04-16,,,Maya,Honduras,9309847d-7a8b-4544-a7ab-fc43f56593b3,,Copán,,"Step 10, Block 50. South edge of the block","Previous fill, ""Pasta 1."" Previous edging repair. White cement or Mowilith + Kaolin + CaCO3 + Glass fibers? Reason for sampling: Identification of previous conservation treatments. Sampling method: All samples were taken using a scalpel and then placed in zip lock bags",1-2-H
731,Field Sample 731,0a881545-6158-460f-9ae8-a61515865d90,See printed sheets in storage location (samples taken 1999-2004),be46a865-ed0c-4dc3-8de1-133c76684864,2,Thomas Roby and Elsa Bourguignon,Thomas Roby,Elsa Bourguignon,,,20020416,2002-04-16,,,Maya,Honduras,9309847d-7a8b-4544-a7ab-fc43f56593b3,,Copán,,"Step 12, Block 68. South eedge of the block",Previous fill. Previous edging repair. Mowilith + stone powder? Reason for sampling: Identification of previous conservation treatments. Sampling method: All samples were taken using a scalpel and then placed in zip lock bags,1-2-H
732,Field Sample 732,6b05cf6b-a0d6-4aa5-942c-0bc434b46d3f,See printed sheets in storage location (samples taken 1999-2004),be46a865-ed0c-4dc3-8de1-133c76684864,3,Thomas Roby and Elsa Bourguignon,Thomas Roby,Elsa Bourguignon,,,20020416,2002-04-16,,,Maya,Honduras,9309847d-7a8b-4544-a7ab-fc43f56593b3,,Copán,,"Step 10, Block 56. Thread of the block",Previous fill. Mowilith + stone powder? Reason for sampling: Identification of previous conservation treatments. Sampling method: All samples were taken using a scalpel and then placed in zip lock bags,1-2-H
733,Field Sample 733,17fa5bd2-11e7-4378-8608-ba5655020fe7,See printed sheets in storage location (samples taken 1999-2004),be46a865-ed0c-4dc3-8de1-133c76684864,4,Thomas Roby and Elsa Bourguignon,Thomas Roby,Elsa Bourguignon,,,20020416,2002-04-16,,,Maya,Honduras,9309847d-7a8b-4544-a7ab-fc43f56593b3,,Copán,,"Step 49, Block 453. Thread above glyph B.","Stone flake, surface-treated with Paraloid B-72? Reason for sampling: Identification of previous conservation treatments. Sampling method: All samples were taken using a scalpel and then placed in zip lock bags",1-2-H
734,Field Sample 734,ecb01a3b-77fe-489d-9319-bdbfd68d6b5e,See printed sheets in storage location (samples taken 1999-2004),be46a865-ed0c-4dc3-8de1-133c76684864,5,Thomas Roby and Elsa Bourguignon,Thomas Roby,Elsa Bourguignon,,,20020416,2002-04-16,,,Maya,Honduras,9309847d-7a8b-4544-a7ab-fc43f56593b3,,Copán,,"Step 55, Block 513. Between glyphs A & B.","Stone flake, surface-treated with Paraloid B-72? Reason for sampling: Identification of previous conservation treatments. Sampling method: All samples were taken using a scalpel and then placed in zip lock bags",1-2-H
735,Field Sample 735,d5a4a309-663c-4af3-b4f8-726a9bb82209,See printed sheets in storage location (samples taken 1999-2004),be46a865-ed0c-4dc3-8de1-133c76684864,6,Thomas Roby and Elsa Bourguignon,Thomas Roby,Elsa Bourguignon,,,20020416,2002-04-16,,,Maya,Honduras,9309847d-7a8b-4544-a7ab-fc43f56593b3,,Copán,,"Step 61, Block 567",Surface deposit (drip?) of Paraloid B-72? Reason for sampling: Identification of previous conservation treatments. Sampling method: All samples were taken using a scalpel and then placed in zip lock bags,1-2-H
736,Field Sample 736,5301e0be-dc41-4ce7-a96d-ce1b743fd514,See printed sheets in storage location (samples taken 1999-2004),be46a865-ed0c-4dc3-8de1-133c76684864,7,Thomas Roby and Elsa Bourguignon,Thomas Roby,Elsa Bourguignon,,,20020416,2002-04-16,,,Maya,Honduras,9309847d-7a8b-4544-a7ab-fc43f56593b3,,Copán,,"Step 55, Block 514","Previous edging repair, white in appearance. Mowilith + stone powder? Reason for sampling: Identification of previous conservation treatments. Sampling method: All samples were taken using a scalpel and then placed in zip lock bags",1-2-H
737,Field Sample 737,14c9055e-850b-4cf2-b68a-559b8396f94a,See printed sheets in storage location (samples taken 1999-2004),be46a865-ed0c-4dc3-8de1-133c76684864,8,Elsa Bourguignon,Elsa Bourguignon,,,,20040826,2004-08-26,,,Maya,Honduras,9309847d-7a8b-4544-a7ab-fc43f56593b3,,Copán,,"Step 10, Block 54","Previous edging repair. Paraloid B-72- like behavior when tested with scalpel and acetone. Reason for sampling: Identification of previous conservation treatments. Sampling method: Sample taken using a scalpel and then placed in plastic box, and put in a zip lock bag.",1-2-H
738,Field Sample 738,fac2ca27-da9a-48b1-8aa3-806e04839d04,See printed sheets in storage location (samples taken 1999-2004),be46a865-ed0c-4dc3-8de1-133c76684864,9,Elsa Bourguignon,Elsa Bourguignon,,,,20040826,2004-08-26,,,Maya,Honduras,9309847d-7a8b-4544-a7ab-fc43f56593b3,,Copán,,"Step 33, Block 309","Previous edging repair. Mowilith-like behavior when tested with scalpel and acetone. Reason for sampling: Identification of previous conservation treatments. Sampling method: Sample taken using a scalpel and then placed in plastic box, and put in a zip lock bag.",1-2-H
739,Field Sample 739,9ea55ea9-edaa-4454-aa93-9d0b358d9474,See printed sheets in storage location (samples taken 1999-2004),be46a865-ed0c-4dc3-8de1-133c76684864,10,Elsa Bourguignon,Elsa Bourguignon,,,,20040826,2004-08-26,,,Maya,Honduras,9309847d-7a8b-4544-a7ab-fc43f56593b3,,Copán,,"Step 35, Block 330","Previous edging repair. Paraloid B-72- like behavior when tested with scalpel and acetone. Reason for sampling: Identification of previous conservation treatments. Sampling method: Sample taken using a scalpel and then placed in plastic box, and put in a zip lock bag",1-2-H
740,Field Sample 740,1ad0c4c4-ad25-4a0a-8d1d-87548c00f9fe,See printed sheets in storage location (samples taken 1999-2004),be46a865-ed0c-4dc3-8de1-133c76684864,11,Elsa Bourguignon,Elsa Bourguignon,,,,20040826,2004-08-26,,,Maya,Honduras,9309847d-7a8b-4544-a7ab-fc43f56593b3,,Copán,,"Step 42, Block 396","Previous edging repair. Mowilith-like behavior when tested with scalpel and acetone. Reason for sampling: Identification of previous conservation treatments. Sampling method: Sample taken using a scalpel and then placed in plastic box, and put in a zip lock bag.",1-2-H
741,Field Sample 741,52611ad2-a23b-4b10-a311-c6ed4e179bd7,,,S1-1-1,,,,,,,,Earth,,Maya,El Salvador,93eba51d-6728-4d12-8e1a-84ebc2f413fd,true,Joya de Ceren,,"Structure #1, sampe drilled from a column in the storage area. The column might be from the south west corner of structure #1.",,1-2-J
742,Field Sample 742,621df693-3192-4fe2-9e59-918c09b1a858,,,S1-1-1,,,,,,,,Earth,,Maya,El Salvador,93eba51d-6728-4d12-8e1a-84ebc2f413fd,true,Joya de Ceren,,"Structure #1, sampe drilled from a column in the storage area. The column might be from the south west corner of structure #1.",,1-2-J
743,Field Sample 743,2aca88d8-25ae-4592-a878-24351f41b37f,,,S1-1-1,,,,,,,,Earth,,Maya,El Salvador,93eba51d-6728-4d12-8e1a-84ebc2f413fd,true,Joya de Ceren,,"Structure #1, sampe drilled from a column in the storage area. The column might be from the south west corner of structure #1.",,1-2-J
744,Field Sample 744,bd90ddbf-76fe-4419-9803-999095d7c85f,,,S1-1-1,,,,,,,,Earth,,Maya,El Salvador,93eba51d-6728-4d12-8e1a-84ebc2f413fd,true,Joya de Ceren,,"Structure #1, sampe drilled from a column in the storage area. The column might be from the south west corner of structure #1.",,1-2-J
745,Field Sample 745,deeb87e2-44e1-4c32-944b-a49c135166b3,,,S1-1-1,,,,,,,,Earth,,Maya,El Salvador,93eba51d-6728-4d12-8e1a-84ebc2f413fd,true,Joya de Ceren,,"Structure #1, sampe drilled from a column in the storage area. The column might be from the south west corner of structure #1.",,1-2-J
746,Field Sample 746,18c30d65-4fd4-4019-94db-65c20b99cdd4,,,S1-1-2,,,,,,,,Earth,,Maya,El Salvador,93eba51d-6728-4d12-8e1a-84ebc2f413fd,true,Joya de Ceren,,"Structure #1, sampe drilled from a column in the storage area. The column might be from the south west corner of structure #1.",,1-2-J
747,Field Sample 747,d282b9ab-2a92-41c7-8e8d-fbfe62025786,,,S1-1-2,,,,,,,,Earth,,Maya,El Salvador,93eba51d-6728-4d12-8e1a-84ebc2f413fd,true,Joya de Ceren,,"Structure #1, sampe drilled from a column in the storage area. The column might be from the south west corner of structure #1.",,1-2-J
748,Field Sample 748,e1549d6e-8834-4db9-85ce-eee6bb8f70dc,,,S1-1-2,,,,,,,,Earth,,Maya,El Salvador,93eba51d-6728-4d12-8e1a-84ebc2f413fd,true,Joya de Ceren,,"Structure #1, sampe drilled from a column in the storage area. The column might be from the south west corner of structure #1.",,1-2-J
749,Field Sample 749,bbdb6d9d-be35-4e51-846e-7430e4aa8895,,,S1-1-2,,,,,,,,Earth,,Maya,El Salvador,93eba51d-6728-4d12-8e1a-84ebc2f413fd,true,Joya de Ceren,,"Structure #1, sampe drilled from a column in the storage area. The column might be from the south west corner of structure #1.",,1-2-J
750,Field Sample 750,d6373b45-6a69-43d0-b528-5e787342d084,,,S1-1-2,,,,,,,,Earth,,Maya,El Salvador,93eba51d-6728-4d12-8e1a-84ebc2f413fd,true,Joya de Ceren,,"Structure #1, sampe drilled from a column in the storage area. The column might be from the south west corner of structure #1.",,1-2-J
751,Field Sample 751,6aa40d1b-750d-46c8-aa5a-21dc595bd144,,,S1-1-3,,,,,,,,Earth,,Maya,El Salvador,93eba51d-6728-4d12-8e1a-84ebc2f413fd,true,Joya de Ceren,,"Structure #1, sampe drilled from a column in the storage area. The column might be from the south west corner of structure #1.",,1-2-J
752,Field Sample 752,dba36a22-26cf-4fea-bd3a-45bccaceb64c,,,S1-1-3,,,,,,,,Earth,,Maya,El Salvador,93eba51d-6728-4d12-8e1a-84ebc2f413fd,true,Joya de Ceren,,"Structure #1, sampe drilled from a column in the storage area. The column might be from the south west corner of structure #1.",,1-2-J
753,Field Sample 753,d769a207-30a5-47e5-939c-18a68ce14be8,,,S1-1-3,,,,,,,,Earth,,Maya,El Salvador,93eba51d-6728-4d12-8e1a-84ebc2f413fd,true,Joya de Ceren,,"Structure #1, sampe drilled from a column in the storage area. The column might be from the south west corner of structure #1.",,1-2-J
754,Field Sample 754,234caec0-225c-4f61-add4-99f9db1ed551,,,S1-1-3,,,,,,,,Earth,,Maya,El Salvador,93eba51d-6728-4d12-8e1a-84ebc2f413fd,true,Joya de Ceren,,"Structure #1, sampe drilled from a column in the storage area. The column might be from the south west corner of structure #1.",,1-2-J
755,Field Sample 755,84e8ce14-7da9-4aee-ac86-37e9a4e4d514,,,S1-1-3,,,,,,,,Earth,,Maya,El Salvador,93eba51d-6728-4d12-8e1a-84ebc2f413fd,true,Joya de Ceren,,"Structure #1, sampe drilled from a column in the storage area. The column might be from the south west corner of structure #1.",,1-2-J
756,Field Sample 756,6a12bf16-aaaa-4663-a9fc-244952f2489f,,,S1-3,,,,,,,,Earth,,Maya,El Salvador,93eba51d-6728-4d12-8e1a-84ebc2f413fd,true,Joya de Ceren,,Structure #1,,1-2-J
757,Field Sample 757,f0c1fd11-3e64-4e8f-9dff-66fce5813b56,,,S1-3,,,,,,,,Earth,,Maya,El Salvador,93eba51d-6728-4d12-8e1a-84ebc2f413fd,true,Joya de Ceren,,Structure #1,,1-2-J
758,Field Sample 758,8bf6a150-3f35-4099-80e5-5bff3f599a93,,,S3-1,,,,,,,,Earth,,Maya,El Salvador,93eba51d-6728-4d12-8e1a-84ebc2f413fd,true,Joya de Ceren,,"Structure #3, from storage area",,1-2-J
759,Field Sample 759,f1f189b3-d937-4719-97f6-b7beacfb961c,,,S3-1,,,,,,,,Earth,,Maya,El Salvador,93eba51d-6728-4d12-8e1a-84ebc2f413fd,true,Joya de Ceren,,"Structure #3, from storage area",,1-2-J
760,Field Sample 760,b9e1f259-7828-430c-961c-ec76529f802f,,,S3-1,,,,,,,,Earth,,Maya,El Salvador,93eba51d-6728-4d12-8e1a-84ebc2f413fd,true,Joya de Ceren,,"Structure #3, from storage area",,1-2-J
761,Field Sample 761,a379a04a-a639-4fd5-951a-66815bc0b84e,,,S3-1,,,,,,,,Earth,,Maya,El Salvador,93eba51d-6728-4d12-8e1a-84ebc2f413fd,true,Joya de Ceren,,"Structure #3, from storage area",,1-2-J
762,Field Sample 762,addb4c49-a125-4319-836e-3942bfa40410,,,S3-1,,,,,,,,Earth,,Maya,El Salvador,93eba51d-6728-4d12-8e1a-84ebc2f413fd,true,Joya de Ceren,,"Structure #3, from storage area",,1-2-J
763,Field Sample 763,9330628e-347d-4797-965c-2fa933f6a477,,,S3-5,,,,,,,,Earth,,Maya,El Salvador,93eba51d-6728-4d12-8e1a-84ebc2f413fd,true,Joya de Ceren,,"Structure #3, probably from a cornice.",,1-2-J
764,Field Sample 764,1e816384-0c42-43ef-abc7-158d910b8774,,,S9-8,,,,,,,,Earth,,Maya,El Salvador,93eba51d-6728-4d12-8e1a-84ebc2f413fd,true,Joya de Ceren,,Structure #9,,1-2-J
765,Field Sample 765,54032ea8-deea-4b62-a130-28d1c2903cec,,,S9-8,,,,,,,,Earth,,Maya,El Salvador,93eba51d-6728-4d12-8e1a-84ebc2f413fd,true,Joya de Ceren,,Structure #9,,1-2-J
766,Field Sample 766,35d81338-0258-41bc-b135-8907727ce10e,,,S10-1,,,,,,,,Earth,,Maya,El Salvador,93eba51d-6728-4d12-8e1a-84ebc2f413fd,true,Joya de Ceren,,"Structure #10, from storage area",,1-2-J
767,Field Sample 767,87246546-a39b-43b9-a344-b227c89d6dbe,,,S10-2,,,,,,,,Earth,,Maya,El Salvador,93eba51d-6728-4d12-8e1a-84ebc2f413fd,true,Joya de Ceren,,"Structure #10, from storage area",,1-2-J
768,Field Sample 768,f2671100-5bb6-4bed-8d37-d5c46d249899,,,S10-2,,,,,,,,Earth,,Maya,El Salvador,93eba51d-6728-4d12-8e1a-84ebc2f413fd,true,Joya de Ceren,,"Structure #10, from storage area",,1-2-J
769,Field Sample 769,dd59d435-7cbc-41d6-b4b5-a648bbd618d1,,,S12-1,,,,,,,,Earth,,Maya,El Salvador,93eba51d-6728-4d12-8e1a-84ebc2f413fd,true,Joya de Ceren,,Structure #12,,1-2-J
770,Field Sample 770,f05767d8-3246-454a-be6c-c0a8ecad0216,,,S12-1,,,,,,,,Earth,,Maya,El Salvador,93eba51d-6728-4d12-8e1a-84ebc2f413fd,true,Joya de Ceren,,Structure #12,,1-2-J
771,Field Sample 771,beea632d-1087-43e4-b0ce-0593e24b0c8f,,,S12-1,,,,,,,,Earth,,Maya,El Salvador,93eba51d-6728-4d12-8e1a-84ebc2f413fd,true,Joya de Ceren,,Structure #12,,1-2-J
772,Field Sample 772,63f05313-f5c9-4054-8bcc-226d5e0a0b7a,,,S12-6,,,,,,,,Earth,,Maya,El Salvador,93eba51d-6728-4d12-8e1a-84ebc2f413fd,true,Joya de Ceren,,Structure #12,,1-2-J
773,Field Sample 773,7a4b1f32-9423-418f-90f9-1e9f013fe3f8,,,S12-6,,,,,,,,Earth,,Maya,El Salvador,93eba51d-6728-4d12-8e1a-84ebc2f413fd,true,Joya de Ceren,,Structure #12,,1-2-J
774,Field Sample 774,e14b20cb-82e5-4d3e-aa8c-d47b2a368a4a,,,S?-1,,,,,,,,Earth,,Maya,El Salvador,93eba51d-6728-4d12-8e1a-84ebc2f413fd,true,Joya de Ceren,,"Sample from one of the sructures, storage area",,1-2-J
775,Field Sample 775,978b9bf6-380f-4f6e-84df-128e2df4d5a1,,,S?-1,,,,,,,,Earth,,Maya,El Salvador,93eba51d-6728-4d12-8e1a-84ebc2f413fd,true,Joya de Ceren,,"Sample from one of the sructures, storage area",,1-2-J
776,Field Sample 776,194eefb5-31ae-4832-95fd-f258564452ef,,,S?-1,,,,,,,,Earth,,Maya,El Salvador,93eba51d-6728-4d12-8e1a-84ebc2f413fd,true,Joya de Ceren,,"Sample from one of the sructures, storage area",,1-2-J
777,Field Sample 777,69725a78-0d95-4095-adf8-27326863cf70,,,S?-1,,,,,,,,Earth,,Maya,El Salvador,93eba51d-6728-4d12-8e1a-84ebc2f413fd,true,Joya de Ceren,,"Sample from one of the sructures, storage area",,1-2-J
778,Field Sample 778,28de98bb-8777-42a3-96fa-6ab16ad3892c,,,S7-14,,,,,,,,Earth,,Maya,El Salvador,93eba51d-6728-4d12-8e1a-84ebc2f413fd,true,Joya de Ceren,,Structure #7 ?,,1-2-J
779,Field Sample 779,71e119a2-054c-4ea5-bd7d-3a4ce023becb,,,S7-14,,,,,,,,Earth,,Maya,El Salvador,93eba51d-6728-4d12-8e1a-84ebc2f413fd,true,Joya de Ceren,,Structure #7 ?,,1-2-J
780,Field Sample 780,6a8d2c53-8895-474c-b044-4dd62a42cb79,,,Sample Row: 780,,,,,,,,,,Maya,Guatemala,9a92402e-7a5f-460d-aa4b-e70480f8f448,,Petén,Nakbé,,,"1-1-A, 1-1-B, 1-1-J"
781,Field Sample 781,c4f72fa3-d154-4ea2-8cc0-1b606170b00c,,,278-MT-98,Francesca Pique,Francesca Pique,,,,1998,1998,Treatment - Mortar,,Mosaics,Tunisia,a7447f41-9255-4805-a6c3-72c45768c1c2,true,,,,brick mortar repair components,1-6-E
782,Field Sample 782,108f4059-6e1b-4613-b385-9c02b5d25b78,,,279-MT-98,Francesca Pique,Francesca Pique,,,,1998,1998,Treatment - Mortar,,Mosaics,Tunisia,a7447f41-9255-4805-a6c3-72c45768c1c2,true,,,,limestone mortar repair components,1-6-E
783,Field Sample 783,8d45fbdd-b5eb-4ecf-812f-bdd28910c3b4,,,280-MT-98,Francesca Pique,Francesca Pique,,,,1998,1998,Treatment - Mortar,,Mosaics,Tunisia,a7447f41-9255-4805-a6c3-72c45768c1c2,true,,,,sand inert mortar repair components,1-6-E
784,Field Sample 784,803f6ec6-c968-4df7-87af-5102753235b4,,,281-MT-98,Francesca Pique,Francesca Pique,,,,1998,1998,Treatment - Mortar,,Mosaics,Tunisia,a7447f41-9255-4805-a6c3-72c45768c1c2,true,,,,stone inert mortar components,1-6-E
785,Field Sample 785,a759e049-aba6-4502-880e-a7ebfe218a78,,,282-MT-98,Francesca Pique,Francesca Pique,,,,1998,1998,Treatment - Mortar,,Mosaics,Tunisia,a7447f41-9255-4805-a6c3-72c45768c1c2,true,,,,marble powder mortar repair components,1-6-E
786,Field Sample 786,f03016a2-4e1c-464a-87a8-83e0475947ee,,,283-MT-98,Francesca Pique,Francesca Pique,,,,1998,1998,Treatment - Mortar,,Mosaics,Tunisia,a7447f41-9255-4805-a6c3-72c45768c1c2,true,,,,brick dust mortar repair components,1-6-E
787,Field Sample 787,8cc3f671-055c-4fde-bc18-3665f2e26c17,,,284-MT-98,Francesca Pique,Francesca Pique,,,,1998,1998,Treatment - Mortar,,Mosaics,Tunisia,a7447f41-9255-4805-a6c3-72c45768c1c2,true,,,,sand inert mortar repair components,1-6-E
788,Field Sample 788,6d750928-9197-4f44-8a0a-8f78e48a9421,,,288-MT-98,Francesca Pique,Francesca Pique,,,,1998,1998,Mosaic,Fragment,Mosaics,Tunisia,a7447f41-9255-4805-a6c3-72c45768c1c2,true,,,,Stone sample used at Bardo Museum for tessera replacement: white yellow & pink marble from Chantou,1-6-E
789,Field Sample 789,089d9563-e55e-4591-a646-95198d527b83,,,289-MT-98,Francesca Pique,Francesca Pique,,,,1998,1998,Mosaic,Fragment,Mosaics,Tunisia,a7447f41-9255-4805-a6c3-72c45768c1c2,true,,,,"Stone sample used at Bardo Museum for tessera replacement: white calcareous stone ""Kairouan""",1-6-E
790,Field Sample 790,80c1342d-cd50-4530-a687-1cb2735a8d08,,,290-MT-98,Francesca Pique,Francesca Pique,,,,1998,1998,Mosaic,Fragment,Mosaics,Tunisia,a7447f41-9255-4805-a6c3-72c45768c1c2,true,,,,Stone sample used at Bardo Museum for tessera replacement: pink stone from Gabes (south of Tunisia),1-6-E
791,Field Sample 791,0079a8e2-1cd0-4f47-a063-20f8e956239d,,,291-MT-98,Francesca Pique,Francesca Pique,,,,1998,1998,Mosaic,Fragment,Mosaics,Tunisia,a7447f41-9255-4805-a6c3-72c45768c1c2,true,,,,Stone sample used at Bardo Museum for tessera replacement: white & blue marble from Thela,1-6-E
792,Field Sample 792,66caaf9a-cd34-41bc-881e-067550af39bb,,,292-MT-98,Francesca Pique,Francesca Pique,,,,1998,1998,Mosaic,Fragment,Mosaics,Tunisia,a7447f41-9255-4805-a6c3-72c45768c1c2,true,,,,"Stone sample used at Bardo Museum for tessera replacement: black marble ""Zagouan""",1-6-E
793,Field Sample 793,626c7eae-8f73-4411-9e0b-9a74e22a214b,,,293-MT-98,Francesca Pique,Francesca Pique,,,,1998,1998,Mosaic,Fragment,Mosaics,Tunisia,a7447f41-9255-4805-a6c3-72c45768c1c2,true,,,,Stone sample used at Bardo Museum for tessera replacement: glass,1-6-E
794,Field Sample 794,ef9c1251-3058-4d53-9671-4ff168d6c32c,,,294-MT-98,Francesca Pique,Francesca Pique,,,,1998,1998,Mosaic,Fragment,Mosaics,Tunisia,a7447f41-9255-4805-a6c3-72c45768c1c2,true,,,,"Stone sample used at Bardo Museum for tessera replacement: hard calcareous stone ""fahs vedt""",1-6-E
795,Field Sample 795,d24d74dd-c61f-4fe9-b362-c0184bacb050,,,295-MT-98,Francesca Pique,Francesca Pique,,,,1998,1998,Mosaic,Fragment,Mosaics,Tunisia,a7447f41-9255-4805-a6c3-72c45768c1c2,true,,,,"Stone sample used at Bardo Museum for tessera replacement: red, brown, pink calcareous olive green from Juebel Quest",1-6-E
796,Field Sample 796,d60b3111-ad01-4d96-9848-6dcb6b72979b,,,296-MT-98,Francesca Pique,Francesca Pique,,,,1998,1998,Mosaic,Fragment,Mosaics,Tunisia,a7447f41-9255-4805-a6c3-72c45768c1c2,true,,,,"Stone sample used at Bardo Museum for tessera replacement: Earth sample from Utica ""Maison de la Cascade""",1-6-E
797,Field Sample 797,37f6659e-afe8-41d9-af6b-8b41879bfdbb,,,297-MT-98,Francesca Pique,Francesca Pique,,,,1998,1998,Mosaic,Fragment,Mosaics,Tunisia,a7447f41-9255-4805-a6c3-72c45768c1c2,true,,,,Stone sample used at Bardo Museum for tessera replacement: white marble,1-6-E
798,Field Sample 798,af21c39b-982d-47df-88a6-af7fbb774dbf,,,301-LA-97,Francesca Pique,Francesca Pique,,,,1997,1997,Mosaic,Fragment,Mosaics,United States,12ab92a6-0269-49b0-a116-6998fd2ce65f,,Los Angeles,,,samples of glass tesserae collected at the LA May Company building. The gold is 24 carats probably from Italy,1-2-H
799,Field Sample 799,7bb0d7df-c4da-49c2-a960-5ec6b3761e28,,,325-P-96,Francesca Pique,Francesca Pique,,,,1996,1996,Mosaic,Fragment,Mosaics,Czechia,e680b3ce-b023-42c7-9b78-04e195d4cc32,,Prague,,,Tesserae with solgard,1-2-H
800,Field Sample 800,42a3aa65-100f-40ac-a7f7-b2b09ed1a822,,,326-I-97,Francesca Pique,Francesca Pique,,,,1997,1997,Mosaic,Fragment,Mosaics,Italy,04138f0a-3ae2-4fd0-88c7-7739277f432c,,Rome,,,Glass for Tesserae,1-2-H
801,Field Sample 801,e64ba30b-ac1b-4442-b50a-7fd0b1df5eb1,,,308-SX-91,Francesca Pique,Francesca Pique,,,,1991,1991,Wall painting,Fragment,Terra,United States,12ab92a6-0269-49b0-a116-6998fd2ce65f,,Arizona,San Xavier,,Flakes from bottom of cross,1-2-E
802,Field Sample 802,f8424a17-86ef-44ab-ba5b-7a8f88328d05,,,309-SX-91,Francesca Pique,Francesca Pique,,,,1991,1991,Wall painting,Fragment,Terra,United States,12ab92a6-0269-49b0-a116-6998fd2ce65f,,Arizona,San Xavier,,Flakes from bottom of cross,1-2-E
803,Field Sample 803,2f8c1594-101b-4752-bad2-b5a3ded3c9b3,,,310-SX-91,Francesca Pique,Francesca Pique,,,,1991,1991,Wall painting,Fragment,Terra,United States,12ab92a6-0269-49b0-a116-6998fd2ce65f,,Arizona,San Xavier,,Column resin/varnish,1-2-E
804,Field Sample 804,3869abbd-9c2a-47f9-a510-1d6e49cb3254,,,311-SX-91,Francesca Pique,Francesca Pique,,,,1991,1991,Wall painting,Fragment,Terra,United States,12ab92a6-0269-49b0-a116-6998fd2ce65f,,Arizona,San Xavier,,Blue pigment,1-2-E
805,Field Sample 805,ea41fe38-c24a-455d-a04d-fcf4f6ac656c,,,312-SX-91,Francesca Pique,Francesca Pique,,,,1991,1991,Wall painting,Fragment,Terra,United States,12ab92a6-0269-49b0-a116-6998fd2ce65f,,Arizona,San Xavier,,Blue B,1-2-E
806,Field Sample 806,a3fa408a-74c2-437b-8555-878800e0f116,,,313-SX-91,Francesca Pique,Francesca Pique,,,,1991,1991,Wall painting,Fragment,Terra,United States,12ab92a6-0269-49b0-a116-6998fd2ce65f,,Arizona,San Xavier,,Green pigment,1-2-E
807,Field Sample 807,bd046064-6c4e-4c90-8e18-72398afa4344,,,314-SX-91,Francesca Pique,Francesca Pique,,,,1991,1991,Wall painting,Fragment,Terra,United States,12ab92a6-0269-49b0-a116-6998fd2ce65f,,Arizona,San Xavier,,Red lake,1-2-E
808,Field Sample 808,9c35de01-89c7-4840-95e6-898910788ff2,,,315-SX-91,Francesca Pique,Francesca Pique,,,,1991,1991,Wall painting,Fragment,Terra,United States,12ab92a6-0269-49b0-a116-6998fd2ce65f,,Arizona,San Xavier,,Red A,1-2-E
809,Field Sample 809,5daaf02f-cc5e-454a-9518-050518be0c07,,,316-SX-91,Francesca Pique,Francesca Pique,,,,1991,1991,Wall painting,Fragment,Terra,United States,12ab92a6-0269-49b0-a116-6998fd2ce65f,,Arizona,San Xavier,,Red B,1-2-E
810,Field Sample 810,1ed682ac-f5bd-4ca0-b704-d94094a83f5a,,,317-SX-91,Francesca Pique,Francesca Pique,,,,1991,1991,Wall painting,Fragment,Terra,United States,12ab92a6-0269-49b0-a116-6998fd2ce65f,,Arizona,San Xavier,,sample of cross,1-2-E
811,Field Sample 811,2e48a787-c17b-42dd-8dd4-594cf579fe8c,,,318-SX-91,Francesca Pique,Francesca Pique,,,,1991,1991,Wall painting,Fragment,Terra,United States,12ab92a6-0269-49b0-a116-6998fd2ce65f,,Arizona,San Xavier,,sample of cross,1-2-E
812,Field Sample 812,36104e11-3f44-4d4a-b4b4-dce157f56403,,,319-SX-91,Francesca Pique,Francesca Pique,,,,1991,1991,Wall painting,Fragment,Terra,United States,12ab92a6-0269-49b0-a116-6998fd2ce65f,,Arizona,San Xavier,,green cross,1-2-E
813,Field Sample 813,2c4827ed-7f44-4143-ab5d-6341430e240f,,,320-SX-91,Francesca Pique,Francesca Pique,,,,1991,1991,Wall painting,Fragment,Terra,United States,12ab92a6-0269-49b0-a116-6998fd2ce65f,,Arizona,San Xavier,,green cross,1-2-E
814,Field Sample 814,04de841b-22b1-4e15-841d-e6948dd2e95e,,,321-SX-91,Francesca Pique,Francesca Pique,,,,1991,1991,Wall painting,Fragment,Terra,United States,12ab92a6-0269-49b0-a116-6998fd2ce65f,,Arizona,San Xavier,,cross,1-2-E
815,Field Sample 815,14d2c683-d4a1-473c-ad5a-d1fa277ca42d,,,322-SX-91,Francesca Pique,Francesca Pique,,,,1991,1991,Wall painting,Fragment,Terra,United States,12ab92a6-0269-49b0-a116-6998fd2ce65f,,Arizona,San Xavier,,yellow cross,1-2-E
816,Field Sample 816,7d1714ff-7252-4e56-87d5-4b995a31ee33,,,Sample Row: 816,Jonathan Bell,Jonathan Bell,,,,200808,2008-08,Wall painting,Fragment,Miscellaneous,China,43e2eb0b-477b-40f9-9d43-353c81299c73,,"Dhe-Tsang Monastery, Sichuan Province",Protector Temple,"South wall, East window, East splay, top section",Wall painting fragments obtained by J. Bell as part of a Kham Aid project,1-4-F
817,Field Sample 817,b2979466-f0df-463b-a37f-62725ef70024,,,Sample Row: 817,Jonathan Bell,Jonathan Bell,,,,200808,2008-08,Wall painting,Fragment,Miscellaneous,China,43e2eb0b-477b-40f9-9d43-353c81299c73,,"Dhe-Tsang Monastery, Sichuan Province",Protector Temple,"East wall, South corner",Wall painting fragments obtained by J. Bell as part of a Kham Aid project,1-4-F
818,Field Sample 818,1047a269-cc2f-47f6-9f1d-fb35b23ed828,,,Sample Row: 818,Jonathan Bell,Jonathan Bell,,,,200808,2008-08,Wall painting,Fragment,Miscellaneous,China,43e2eb0b-477b-40f9-9d43-353c81299c73,,"Dhe-Tsang Monastery, Sichuan Province",Protector Temple,"South wall, center towards east, on decorative dado red band (repair)",Wall painting fragments obtained by J. Bell as part of a Kham Aid project,1-4-F
819,Field Sample 819,f5772907-d754-4854-a2c5-9ae8fd6fdd0d,,,M1 / W,,,,,,,,,,Giacomo Chiari,,,,,,Maqueta I,"PHL - PER, mt / ext, ene-23-07",
820,Field Sample 820,f5cc7a6a-5711-420e-a1d5-d685f1429988,,,M1 / GL,,,,,,,,,,Giacomo Chiari,,,,,,Maqueta I,"PHL - PER, mt / ext, ene-23-07",
821,Field Sample 821,aae810b2-ed3a-4869-a562-796128f19aa3,,,M1 / R,,,,,,,,,,Giacomo Chiari,,,,,,Maqueta I,"PHL - PER, mt / ext, ene-23-07",
822,Field Sample 822,ee9224c8-32e5-4de1-9ada-4791b88e3451,,,M2 / BE,,,,,,,,,,Giacomo Chiari,,,,,,Maqueta II,"PHL - PER, mt / ext, ene-23-07",
823,Field Sample 823,f9b64874-eda6-43ba-9eb5-3c740a3b6d03,,,M2 / W1,,,,,,,,,,Giacomo Chiari,,,,,,Maqueta II,"PHL - PER, mt / ext, ene-23-07",
824,Field Sample 824,8924d3a1-1805-4b15-878d-67ff71eb82a8,,,M2 / W2,,,,,,,,,,Giacomo Chiari,,,,,,Maqueta II,"PHL - PER, mt / ext, ene-23-07",
825,Field Sample 825,31a0ec6a-afd7-46a3-8089-edfad81af3eb,,,DG / R,,,,,,,,,,Giacomo Chiari,,,,,,,"Objectos de oro, PHL - PER, ene-23-07",
826,Field Sample 826,bf14b741-e490-4961-bd2a-8656add0da3f,,,DS / R,,,,,,,,,,Giacomo Chiari,,,,,,,"Objectos de oro, PHL - PER, ene-23-07",
827,Field Sample 827,33b0063e-7612-4d1c-b06f-c2463e32874b,,,FP / R,,,,,,,,,,Giacomo Chiari,,,,,,,"Objectos de oro, PHL - PER, ene-23-07",
828,Field Sample 828,5153e1e3-0de4-430f-97b9-d63332014380,,,R3 / B,,,,,,,,,,Giacomo Chiari,,,,,,"Recinto 3, muro norte","PHL - PER, mn / ext, ene-23-07",
829,Field Sample 829,e55e3520-e618-48e6-ab17-e093f0524b21,,,R3 / BC,,,,,,,,,,Giacomo Chiari,,,,,,"Recinto 3, muro norte","PHL - PER, mn / ext, ene-23-07",
830,Field Sample 830,2a430961-5a59-4cfb-b8da-20bf0900f2b7,,,R3 / R,,,,,,,,,,Giacomo Chiari,,,,,,"Recinto 3, muro norte","PHL - PER, mn / ext, ene-23-07",
831,Field Sample 831,0e509064-de39-4bab-bad8-2d93018503c4,,,R3 / W,,,,,,,,,,Giacomo Chiari,,,,,,"Recinto 3, muro norte","PHL - PER, mn / ext, ene-23-07",
832,Field Sample 832,05c80c4d-db50-4aaa-81dd-7aac8f36e6cc,,,R3 / Y,,,,,,,,,,Giacomo Chiari,,,,,,"Recinto 3, muro norte","PHL - PER, mn / ext, ene-23-07",
833,Field Sample 833,ee4ecd02-3011-4742-8867-c7b80ff0662f,,,R3 / BL,,,,,,,,,,Giacomo Chiari,,,,,,"Recinto 3, Muro Oeste","PHL - PER, mn / ext, ene-23-07",
834,Field Sample 834,2232da88-95ea-41d5-8a88-4a229370de74,,,R3 / BL,,,,,,,,,,Giacomo Chiari,,,,,,"Recinto 3, Muro Oeste","PHL - PER, mw / ext, ene-23-07",
835,Field Sample 835,afdd92c8-3627-4439-b683-0da5ce3c0688,,,R3 / BC,,,,,,,,,,Giacomo Chiari,,,,,,"Recinto 3, Muro Oeste","PHL - PER, mw / ext, ene-23-07",
836,Field Sample 836,9ac07dfe-1eb7-41ea-8fe3-6b7fbe4b83aa,,,R3 / R,,,,,,,,,,Giacomo Chiari,,,,,,"Recinto 3, Muro Oeste","PHL - PER, mw / ext, ene-23-07",
837,Field Sample 837,ea995df3-6e60-4773-8d97-c95f48a32253,,,R3 / W,,,,,,,,,,Giacomo Chiari,,,,,,"Recinto 3, Muro Oeste","PHL - PER, mw / ext, ene-23-07",
838,Field Sample 838,69e7f31d-bc4f-4207-9d1f-480df46097de,,,R3/ Y,,,,,,,,,,Giacomo Chiari,,,,,,"Recinto 3, Muro Oeste","PHL - PER, mw / ext, ene-23-07",
839,Field Sample 839,e26bf526-b686-4d1a-ae53-d3f9048ffe61,,,C6M3,,,,,,,,,,Giacomo Chiari,,,,,,Cabeza 6,,
840,Field Sample 840,5433201a-a575-4785-9347-22b58bdf709f,See also printed sheet in storage location (Alice Ormsbee 2001),1bc4c333-40f5-45fe-b662-53ddf505e78f,Sample Row: 840,,,,,,,,Earth,,,Oman,56d54813-b40c-47df-9719-3d9244acbe45,true,Al Balid Graveyard Mosque,,,Adobe,1-3-K
841,Field Sample 841,25aa55b1-f8f3-4eca-87fc-d54fb43775dd,,,Sample Row: 841,Luis Monreal,Luis Monreal,,,,,,,,,Yemen,bae1695a-0d1b-4927-a444-acef0a3b5c81,true,Ameriya Mosque,,,Islamic mortar (Kudad) from early 16th century mosque,1-3-K
842,Field Sample 842,5d5816fc-dd23-46b0-8c6f-cb5128f00e6a,,,Sample Row: 842,Neville Agnew,Neville Agnew,,,,,,,,,Senegal,37f89b9c-f1b0-4e34-aeea-66528b9a3f60,,Mlomp,,,,1-3-K
843,Field Sample 843,4a68b6ed-bd2c-41f2-b236-f37fed2e1b9f,,,Sample Row: 843,,,,,,,,Mortar,,,United States,12ab92a6-0269-49b0-a116-6998fd2ce65f,,Spencer Pierce Little House,,Stone center of base of original center chimney,"Loose dust, presumeably mortar (circa 1700)",1-3-K
844,Field Sample 844,c22b107b-1d2b-4509-816b-44fb0a9dd2c8,"See Analytical Investigation: Summary of results, Mogao Grottoes",842c737f-fbfb-409d-a99d-9342179b7be5,Sample Row: 844,GCI/Dunhuang Academy,Getty Conservation Institute,Dunhuang Academy,,,1997-2000,1997/2000,Wall painting,Dispersions,MOG,China,43e2eb0b-477b-40f9-9d43-353c81299c73,,"Mogao Grottoes, Dunhuang",Cave 85,,White plastic case is filled with XS and dispersions but labeling is not clear.,"1-4-G, 1-4-H, 1-4-K"
845,Field Sample 845,831cc678-e4d6-43e3-bb1c-305fd491ee63,"See Analytical Investigation: Summary of results, Mogao Grottoes",842c737f-fbfb-409d-a99d-9342179b7be5,Sample Row: 845,GCI/Dunhuang Academy,Getty Conservation Institute,Dunhuang Academy,,,1997-2000,1997/2000,Wall painting,Cross-section,MOG,China,43e2eb0b-477b-40f9-9d43-353c81299c73,,"Mogao Grottoes, Dunhuang",Cave 85,,White plastic case is filled with XS and dispersions but labeling is not clear.,"1-4-G, 1-4-H, 1-4-K"
846,Field Sample 846,e33bb670-7ca2-43ac-9b99-bc28acdb7fc8,"See Analytical Investigation: Summary of results, Mogao Grottoes",842c737f-fbfb-409d-a99d-9342179b7be5,85BQ00PE13,GCI/Dunhuang Academy,Getty Conservation Institute,Dunhuang Academy,,,2000,2000,Wall painting,Fragment,MOG,China,43e2eb0b-477b-40f9-9d43-353c81299c73,,"Mogao Grottoes, Dunhuang",Cave 85,"Main chamber, North wall",Red from area with punctate eruptions.,"1-4-G, 1-4-H, 1-4-K"
847,Field Sample 847,33a0cbd1-d367-4c7f-9174-ddd925c86dad,"See Analytical Investigation: Summary of results, Mogao Grottoes",842c737f-fbfb-409d-a99d-9342179b7be5,85BQ00PE13,GCI/Dunhuang Academy,Getty Conservation Institute,Dunhuang Academy,,,2000,2000,Wall painting,Cross-section,MOG,China,43e2eb0b-477b-40f9-9d43-353c81299c73,,"Mogao Grottoes, Dunhuang",Cave 85,"Main chamber, North wall",Red from area with punctate eruptions.,"1-4-G, 1-4-H, 1-4-K"
848,Field Sample 848,ec7c7ed4-11b7-47b9-a7c0-bc6f1dac8a5a,"See Analytical Investigation: Summary of results, Mogao Grottoes",842c737f-fbfb-409d-a99d-9342179b7be5,85BQ00PE14,GCI/Dunhuang Academy,Getty Conservation Institute,Dunhuang Academy,,,2000,2000,Wall painting,Fragment,MOG,China,43e2eb0b-477b-40f9-9d43-353c81299c73,,"Mogao Grottoes, Dunhuang",Cave 85,"Main chamber, North wall",Green from area with no punctate eruptions,"1-4-G, 1-4-H, 1-4-K"
849,Field Sample 849,be303e41-1a59-4403-a3b8-bc92ce586616,"See Analytical Investigation: Summary of results, Mogao Grottoes",842c737f-fbfb-409d-a99d-9342179b7be5,85BQ00PE14,GCI/Dunhuang Academy,Getty Conservation Institute,Dunhuang Academy,,,2000,2000,Wall painting,Cross-section,MOG,China,43e2eb0b-477b-40f9-9d43-353c81299c73,,"Mogao Grottoes, Dunhuang",Cave 85,"Main chamber, North wall",Green from area with no punctate eruptions,"1-4-G, 1-4-H, 1-4-K"
850,Field Sample 850,11806a89-54d5-4c8a-92b9-77de3545998f,"See Analytical Investigation: Summary of results, Mogao Grottoes",842c737f-fbfb-409d-a99d-9342179b7be5,85NP00PE1,GCI/Dunhuang Academy,Getty Conservation Institute,Dunhuang Academy,,,2000,2000,Wall painting,Fragment,MOG,China,43e2eb0b-477b-40f9-9d43-353c81299c73,,"Mogao Grottoes, Dunhuang",Cave 85,"Main chamber, South slope","Black on top of red, maybe color alteration.","1-4-G, 1-4-H, 1-4-K"
851,Field Sample 851,9fb4b3c9-1d9e-4bb2-a5e7-cf709413d341,"See Analytical Investigation: Summary of results, Mogao Grottoes",842c737f-fbfb-409d-a99d-9342179b7be5,85NP00PE1,GCI/Dunhuang Academy,Getty Conservation Institute,Dunhuang Academy,,,2000,2000,Wall painting,Cross-section,MOG,China,43e2eb0b-477b-40f9-9d43-353c81299c73,,"Mogao Grottoes, Dunhuang",Cave 85,"Main chamber, South slope","Black on top of red, maybe color alteration.","1-4-G, 1-4-H, 1-4-K"
852,Field Sample 852,19d1b247-46ca-4fd4-9d01-01b855d68ad4,"See Analytical Investigation: Summary of results, Mogao Grottoes",842c737f-fbfb-409d-a99d-9342179b7be5,85NP00PE2,GCI/Dunhuang Academy,Getty Conservation Institute,Dunhuang Academy,,,2000,2000,Wall painting,Fragment,MOG,China,43e2eb0b-477b-40f9-9d43-353c81299c73,,"Mogao Grottoes, Dunhuang",Cave 85,"Main chamber, South slope",White pigment on damaged area.,"1-4-G, 1-4-H, 1-4-K"
853,Field Sample 853,370068bd-9609-48a6-b3f0-e4fb3a12e5ea,"See Analytical Investigation: Summary of results, Mogao Grottoes",842c737f-fbfb-409d-a99d-9342179b7be5,85NP00PE2,GCI/Dunhuang Academy,Getty Conservation Institute,Dunhuang Academy,,,2000,2000,Wall painting,Cross-section,MOG,China,43e2eb0b-477b-40f9-9d43-353c81299c73,,"Mogao Grottoes, Dunhuang",Cave 85,"Main chamber, South slope",White pigment on damaged area.,"1-4-G, 1-4-H, 1-4-K"
854,Field Sample 854,7d9c880d-0641-4053-abff-f9299d683dc6,"See Analytical Investigation: Summary of results, Mogao Grottoes",842c737f-fbfb-409d-a99d-9342179b7be5,85NP00PE3,GCI/Dunhuang Academy,Getty Conservation Institute,Dunhuang Academy,,,2000,2000,Wall painting,Fragment,MOG,China,43e2eb0b-477b-40f9-9d43-353c81299c73,,"Mogao Grottoes, Dunhuang",Cave 85,"Main chamber, South slope","Black on top of red from severely damaged area, but surrounding areas are sound.","1-4-G, 1-4-H, 1-4-K"
855,Field Sample 855,2da2b97b-29db-4dd9-9d63-3012b84b12cb,"See Analytical Investigation: Summary of results, Mogao Grottoes",842c737f-fbfb-409d-a99d-9342179b7be5,85NP00PE3,GCI/Dunhuang Academy,Getty Conservation Institute,Dunhuang Academy,,,2000,2000,Wall painting,Cross-section,MOG,China,43e2eb0b-477b-40f9-9d43-353c81299c73,,"Mogao Grottoes, Dunhuang",Cave 85,"Main chamber, South slope","Black on top of red from severely damaged area, but surrounding areas are sound.","1-4-G, 1-4-H, 1-4-K"
856,Field Sample 856,5768bf76-4ea7-4261-88d2-26d98a1c9d7e,"See Analytical Investigation: Summary of results, Mogao Grottoes",842c737f-fbfb-409d-a99d-9342179b7be5,85NP00PE4,GCI/Dunhuang Academy,Getty Conservation Institute,Dunhuang Academy,,,2000,2000,Wall painting,Fragment,MOG,China,43e2eb0b-477b-40f9-9d43-353c81299c73,,"Mogao Grottoes, Dunhuang",Cave 85,"Main chamber, South slope","Damaged red area, may contain organic colorants. An insect was found in the sample container.","1-4-G, 1-4-H, 1-4-K"
857,Field Sample 857,9070fed1-1638-452e-b0c5-19964ab78692,"See Analytical Investigation: Summary of results, Mogao Grottoes",842c737f-fbfb-409d-a99d-9342179b7be5,85NP00PE4,GCI/Dunhuang Academy,Getty Conservation Institute,Dunhuang Academy,,,2000,2000,Wall painting,Cross-section,MOG,China,43e2eb0b-477b-40f9-9d43-353c81299c73,,"Mogao Grottoes, Dunhuang",Cave 85,"Main chamber, South slope","Damaged red area, may contain organic colorants. An insect was found in the sample container.","1-4-G, 1-4-H, 1-4-K"
858,Field Sample 858,b1d8ca15-3f06-4180-8f81-86e8238e2708,"See Analytical Investigation: Summary of results, Mogao Grottoes",842c737f-fbfb-409d-a99d-9342179b7be5,85XQ00PE12,GCI/Dunhuang Academy,Getty Conservation Institute,Dunhuang Academy,,,2000,2000,Wall painting,Fragment,MOG,China,43e2eb0b-477b-40f9-9d43-353c81299c73,,"Mogao Grottoes, Dunhuang",Cave 85,"Main chamber, West wall",Red from damaged area.,"1-4-G, 1-4-H, 1-4-K"
859,Field Sample 859,401cd25f-8153-483d-857a-a17e91205ea9,"See Analytical Investigation: Summary of results, Mogao Grottoes",842c737f-fbfb-409d-a99d-9342179b7be5,85XQ00PE12,GCI/Dunhuang Academy,Getty Conservation Institute,Dunhuang Academy,,,2000,2000,Wall painting,Cross-section,MOG,China,43e2eb0b-477b-40f9-9d43-353c81299c73,,"Mogao Grottoes, Dunhuang",Cave 85,"Main chamber, West wall",Red from damaged area.,"1-4-G, 1-4-H, 1-4-K"
860,Field Sample 860,ef09604a-cf48-4807-b194-fb201c030b1f,"See Analytical Investigation: Summary of results, Mogao Grottoes",842c737f-fbfb-409d-a99d-9342179b7be5,85XP00PE10,GCI/Dunhuang Academy,Getty Conservation Institute,Dunhuang Academy,,,2000,2000,Wall painting,Fragment,MOG,China,43e2eb0b-477b-40f9-9d43-353c81299c73,,"Mogao Grottoes, Dunhuang",Cave 85,"Main chamber, West slope",Red from area with deep loss. Complex stratigraphy.,"1-4-G, 1-4-H, 1-4-K"
861,Field Sample 861,9b6081c4-901f-4878-bd82-9e7b1a695c88,"See Analytical Investigation: Summary of results, Mogao Grottoes",842c737f-fbfb-409d-a99d-9342179b7be5,85XP00PE10,GCI/Dunhuang Academy,Getty Conservation Institute,Dunhuang Academy,,,2000,2000,Wall painting,Cross-section,MOG,China,43e2eb0b-477b-40f9-9d43-353c81299c73,,"Mogao Grottoes, Dunhuang",Cave 85,"Main chamber, West slope",Red from area with deep loss. Complex stratigraphy.,"1-4-G, 1-4-H, 1-4-K"
862,Field Sample 862,6b5ddfe3-e4b3-4ca0-8663-302ae3cc9d65,"See Analytical Investigation: Summary of results, Mogao Grottoes",842c737f-fbfb-409d-a99d-9342179b7be5,85DP00PE6,GCI/Dunhuang Academy,Getty Conservation Institute,Dunhuang Academy,,,2000,2000,Wall painting,Fragment,MOG,China,43e2eb0b-477b-40f9-9d43-353c81299c73,,"Mogao Grottoes, Dunhuang",Cave 85,"Main chamber, East slope",Green paint.,"1-4-G, 1-4-H, 1-4-K"
863,Field Sample 863,ed9d7e26-106a-4e37-86d3-b3f3033d259f,"See Analytical Investigation: Summary of results, Mogao Grottoes",842c737f-fbfb-409d-a99d-9342179b7be5,85DP00PE6,GCI/Dunhuang Academy,Getty Conservation Institute,Dunhuang Academy,,,2000,2000,Wall painting,Cross-section,MOG,China,43e2eb0b-477b-40f9-9d43-353c81299c73,,"Mogao Grottoes, Dunhuang",Cave 85,"Main chamber, East slope",Green paint.,"1-4-G, 1-4-H, 1-4-K"
864,Field Sample 864,095820de-7e2e-4e6b-a98a-411d2460abd7,"See Analytical Investigation: Summary of results, Mogao Grottoes",842c737f-fbfb-409d-a99d-9342179b7be5,85BP00PE7,GCI/Dunhuang Academy,Getty Conservation Institute,Dunhuang Academy,,,2000,2000,Wall painting,Fragment,MOG,China,43e2eb0b-477b-40f9-9d43-353c81299c73,,"Mogao Grottoes, Dunhuang",Cave 85,"Main chamber, North slope","White pigment from severe flake, with a disrupted ground.","1-4-G, 1-4-H, 1-4-K"
865,Field Sample 865,b7c83e9b-7499-4882-a5b9-ee3307662686,"See Analytical Investigation: Summary of results, Mogao Grottoes",842c737f-fbfb-409d-a99d-9342179b7be5,85BP00PE8,GCI/Dunhuang Academy,Getty Conservation Institute,Dunhuang Academy,,,2000,2000,Wall painting,Fragment,MOG,China,43e2eb0b-477b-40f9-9d43-353c81299c73,,"Mogao Grottoes, Dunhuang",Cave 85,"Main chamber, North side",Dark red from an area with punctate eruption.,"1-4-G, 1-4-H, 1-4-K"
866,Field Sample 866,e979598e-eaff-419b-9879-fc21cfbd4147,"See Analytical Investigation: Summary of results, Mogao Grottoes",842c737f-fbfb-409d-a99d-9342179b7be5,85BP00PE8,GCI/Dunhuang Academy,Getty Conservation Institute,Dunhuang Academy,,,2000,2000,Wall painting,Cross-section,MOG,China,43e2eb0b-477b-40f9-9d43-353c81299c73,,"Mogao Grottoes, Dunhuang",Cave 85,"Main chamber, North side",Dark red from an area with punctate eruption.,"1-4-G, 1-4-H, 1-4-K"
867,Field Sample 867,3abacc1e-3eee-4ad8-b48d-adcdb8dc0adf,"See Analytical Investigation: Summary of results, Mogao Grottoes",842c737f-fbfb-409d-a99d-9342179b7be5,85BP00PE9,GCI/Dunhuang Academy,Getty Conservation Institute,Dunhuang Academy,,,2000,2000,Wall painting,Fragment,MOG,China,43e2eb0b-477b-40f9-9d43-353c81299c73,,"Mogao Grottoes, Dunhuang",Cave 85,"Main chamber, North slope.",Light red from area with punctate eruption.,"1-4-G, 1-4-H, 1-4-K"
868,Field Sample 868,3d334f2d-2bf7-41c4-893e-e26123865c2f,"See Analytical Investigation: Summary of results, Mogao Grottoes",842c737f-fbfb-409d-a99d-9342179b7be5,85BP00PE9,GCI/Dunhuang Academy,Getty Conservation Institute,Dunhuang Academy,,,2000,2000,Wall painting,Cross-section,MOG,China,43e2eb0b-477b-40f9-9d43-353c81299c73,,"Mogao Grottoes, Dunhuang",Cave 85,"Main chamber, North slope.",Light red from area with punctate eruption.,"1-4-G, 1-4-H, 1-4-K"
869,Field Sample 869,22125200-058e-4203-9364-1980a2b07d2a,"See Analytical Investigation: Summary of results, Mogao Grottoes",842c737f-fbfb-409d-a99d-9342179b7be5,85NQ00PE11,GCI/Dunhuang Academy,Getty Conservation Institute,Dunhuang Academy,,,2000,2000,Wall painting,Fragment,MOG,China,43e2eb0b-477b-40f9-9d43-353c81299c73,,"Mogao Grottoes, Dunhuang",Cave 85,"Main chamber, South wall",Green from damaged area. Was it blue originally?,"1-4-G, 1-4-H, 1-4-K"
870,Field Sample 870,f422101d-8b56-4af3-9c65-3a9a5bdc61e6,"See Analytical Investigation: Summary of results, Mogao Grottoes",842c737f-fbfb-409d-a99d-9342179b7be5,85NQ00PE11,GCI/Dunhuang Academy,Getty Conservation Institute,Dunhuang Academy,,,2000,2000,Wall painting,Cross-section,MOG,China,43e2eb0b-477b-40f9-9d43-353c81299c73,,"Mogao Grottoes, Dunhuang",Cave 85,"Main chamber, South wall",Green from damaged area. Was it blue originally?,"1-4-G, 1-4-H, 1-4-K"
871,Field Sample 871,2d16073b-6726-45aa-816f-3ad1e1e184ab,"See Analytical Investigation: Summary of results, Mogao Grottoes",842c737f-fbfb-409d-a99d-9342179b7be5,85DQ00PE5,GCI/Dunhuang Academy,Getty Conservation Institute,Dunhuang Academy,,,2000,2000,Wall painting,Fragment,MOG,China,43e2eb0b-477b-40f9-9d43-353c81299c73,,"Mogao Grottoes, Dunhuang",Cave 85,"Main chamber, East wall",Green-blue paint that is patchy. Sample exhibits the complete east wall stratigraphy.,"1-4-G, 1-4-H, 1-4-K"
872,Field Sample 872,c84056c3-5c4a-474b-b64d-5b4385fa4b42,"See Analytical Investigation: Summary of results, Mogao Grottoes",842c737f-fbfb-409d-a99d-9342179b7be5,85DQ00PE5,GCI/Dunhuang Academy,Getty Conservation Institute,Dunhuang Academy,,,2000,2000,Wall painting,Cross-section,MOG,China,43e2eb0b-477b-40f9-9d43-353c81299c73,,"Mogao Grottoes, Dunhuang",Cave 85,"Main chamber, East wall",Green-blue paint that is patchy. Sample exhibits the complete east wall stratigraphy.,"1-4-G, 1-4-H, 1-4-K"
873,Field Sample 873,0433331c-f721-41a5-a896-136cf6327b74,"See Analytical Investigation: Summary of results, Mogao Grottoes",842c737f-fbfb-409d-a99d-9342179b7be5,85DQ00PE15,GCI/Dunhuang Academy,Getty Conservation Institute,Dunhuang Academy,,,2000,2000,Wall painting,Fragment,MOG,China,43e2eb0b-477b-40f9-9d43-353c81299c73,,"Mogao Grottoes, Dunhuang",Cave 85,"Main chamber, East wall","Flake of blue paint, adjacent to an area that is exhibiting a blue to green color change.","1-4-G, 1-4-H, 1-4-K"
874,Field Sample 874,727359fc-06b9-4489-bfc4-43fb055f6726,"See Analytical Investigation: Summary of results, Mogao Grottoes",842c737f-fbfb-409d-a99d-9342179b7be5,85DQ00PE15,GCI/Dunhuang Academy,Getty Conservation Institute,Dunhuang Academy,,,2000,2000,Wall painting,Cross-section,MOG,China,43e2eb0b-477b-40f9-9d43-353c81299c73,,"Mogao Grottoes, Dunhuang",Cave 85,"Main chamber, East wall","Flake of blue paint, adjacent to an area that is exhibiting a blue to green color change.","1-4-G, 1-4-H, 1-4-K"
875,Field Sample 875,7bf6436e-a72d-47e0-a911-0d64a232a018,"See Analytical Investigation: Summary of results, Mogao Grottoes",842c737f-fbfb-409d-a99d-9342179b7be5,85DQ00PE16,GCI/Dunhuang Academy,Getty Conservation Institute,Dunhuang Academy,,,2000,2000,Wall painting,Fragment,MOG,China,43e2eb0b-477b-40f9-9d43-353c81299c73,,"Mogao Grottoes, Dunhuang",Cave 85,"Main chamber, East wall",,"1-4-G, 1-4-H, 1-4-K"
876,Field Sample 876,75e01a13-6f87-458f-87c1-b66e37a93173,"See Analytical Investigation: Summary of results, Mogao Grottoes",842c737f-fbfb-409d-a99d-9342179b7be5,85JXDB00P1,GCI/Dunhuang Academy,Getty Conservation Institute,Dunhuang Academy,,,2000,2000,Wall painting,Cross-section,MOG,China,43e2eb0b-477b-40f9-9d43-353c81299c73,,"Mogao Grottoes, Dunhuang",Cave 85,"Main chamber, ceiling","Cranberry red paint, with some discoloration evident.","1-4-G, 1-4-H, 1-4-K"
877,Field Sample 877,ea5f8009-7618-40a7-b99a-8818424df11d,"See Analytical Investigation: Summary of results, Mogao Grottoes",842c737f-fbfb-409d-a99d-9342179b7be5,85NQ01PE11,GCI (Francesca Pique)/Dunhuang Academy,Getty Conservation Institute,Francesca Pique,Dunhuang Academy,,200105,2001-05,Wall painting,Cross-section,MOG,China,43e2eb0b-477b-40f9-9d43-353c81299c73,,"Mogao Grottoes, Dunhuang",Cave 85,"Main chamber, south wall, 362cm from floor, 202cm from east wall","Colored ground, labeled as sample ""11""","1-4-G, 1-4-H, 1-4-K"
878,Field Sample 878,dc5cb288-da9f-4830-b07d-adcb5d6a92d1,"See Analytical Investigation: Summary of results, Mogao Grottoes",842c737f-fbfb-409d-a99d-9342179b7be5,85NQ01PE12,GCI (Francesca Pique)/Dunhuang Academy,Getty Conservation Institute,Francesca Pique,Dunhuang Academy,,200105,2001-05,Wall painting,Cross-section,MOG,China,43e2eb0b-477b-40f9-9d43-353c81299c73,,"Mogao Grottoes, Dunhuang",Cave 85,"Main chamber, south wall, 358cm from floor, 131cm from west wall","white ground from scheme that matches 85NQ01PE11, labeled as sample ""12""","1-4-G, 1-4-H, 1-4-K"
879,Field Sample 879,2b19bab3-5767-46cd-bfef-ce3a717480f4,"See Analytical Investigation: Summary of results, Mogao Grottoes",842c737f-fbfb-409d-a99d-9342179b7be5,85JX01PE13,GCI (Francesca Pique)/Dunhuang Academy,Getty Conservation Institute,Francesca Pique,Dunhuang Academy,,200105,2001-05,Wall painting,Cross-section,MOG,China,43e2eb0b-477b-40f9-9d43-353c81299c73,,"Mogao Grottoes, Dunhuang",Cave 85,"Main chamber, ceiling, 57cm from east side, 4cm from south side","yellowed coating on ceiling panel, labeled as sample ""13""","1-4-G, 1-4-H, 1-4-K"
880,Field Sample 880,3a6b49e8-4f44-4482-8f01-dd19311c6a25,"See Analytical Investigation: Summary of results, Mogao Grottoes",842c737f-fbfb-409d-a99d-9342179b7be5,85YDNQ01PE14,GCI (Francesca Pique)/Dunhuang Academy,Getty Conservation Institute,Francesca Pique,Dunhuang Academy,,200105,2001-05,Wall painting,Cross-section,MOG,China,43e2eb0b-477b-40f9-9d43-353c81299c73,,"Mogao Grottoes, Dunhuang",Cave 85,"Corridor, south wall, 199cm from cloor, 183cm from west side","gray coating on figures, labeled as sample ""14""","1-4-G, 1-4-H, 1-4-K"
881,Field Sample 881,1019c3ba-5f97-4715-bc64-35206ae4a367,"See Analytical Investigation: Summary of results, Mogao Grottoes",842c737f-fbfb-409d-a99d-9342179b7be5,85NP01PE16,GCI (Francesca Pique)/Dunhuang Academy,Getty Conservation Institute,Francesca Pique,Dunhuang Academy,,200105,2001-05,Wall painting,Cross-section,MOG,China,43e2eb0b-477b-40f9-9d43-353c81299c73,,"Mogao Grottoes, Dunhuang",Cave 85,"Main chamber, south slope, 135cm from south wall, 410cm from east slope","red paint from flowing shaped drip mark in Buddha costume, labeled as sample ""16""","1-4-G, 1-4-H, 1-4-K"
882,Field Sample 882,c18ab379-f4fb-4df5-9243-4f457b18319f,"See Analytical Investigation: Summary of results, Mogao Grottoes",842c737f-fbfb-409d-a99d-9342179b7be5,85PLATXQ01PE17,GCI (Francesca Pique)/Dunhuang Academy,Getty Conservation Institute,Francesca Pique,Dunhuang Academy,,200105,2001-05,Wall painting,Cross-section,MOG,China,43e2eb0b-477b-40f9-9d43-353c81299c73,,"Mogao Grottoes, Dunhuang",Cave 85,"Center sculpture platform, west side, 160cm from floor, 66cm from north end","colored ground near loss, labeled as sample ""17""","1-4-G, 1-4-H, 1-4-K"
883,Field Sample 883,2f842a07-4915-484d-abe3-59ebf482c762,"See Analytical Investigation: Summary of results, Mogao Grottoes",842c737f-fbfb-409d-a99d-9342179b7be5,85PLATNQ01PE18,GCI (Francesca Pique)/Dunhuang Academy,Getty Conservation Institute,Francesca Pique,Dunhuang Academy,,200105,2001-05,Wall painting,Cross-section,MOG,China,43e2eb0b-477b-40f9-9d43-353c81299c73,,"Mogao Grottoes, Dunhuang",Cave 85,"Center sculpture platform, south side, 165cm from floor, 23cm from west side","white ground, labeled as sample ""18""","1-4-G, 1-4-H, 1-4-K"
884,Field Sample 884,d8e1f348-a1ba-45ae-ac57-c42e8e26dec4,"See Analytical Investigation: Summary of results, Mogao Grottoes",842c737f-fbfb-409d-a99d-9342179b7be5,85PLATXQ01PE19,GCI (Francesca Pique)/Dunhuang Academy,Getty Conservation Institute,Francesca Pique,Dunhuang Academy,,200105,2001-05,Wall painting,Cross-section,MOG,China,43e2eb0b-477b-40f9-9d43-353c81299c73,,"Mogao Grottoes, Dunhuang",Cave 85,"Center sculpture platform, west side, 157cm from floor, 39cm from south side","red paint with punctate eruption, labeled as sample ""19""","1-4-G, 1-4-H, 1-4-K"
885,Field Sample 885,62810c13-e7ef-41ac-80bd-ce15efd4c3bf,"See Analytical Investigation: Summary of results, Mogao Grottoes",842c737f-fbfb-409d-a99d-9342179b7be5,85PLATXQ01PE20,GCI (Francesca Pique)/Dunhuang Academy,Getty Conservation Institute,Francesca Pique,Dunhuang Academy,,200105,2001-05,Wall painting,Cross-section,MOG,China,43e2eb0b-477b-40f9-9d43-353c81299c73,,"Mogao Grottoes, Dunhuang",Cave 85,"Center sculpture platform,west side, 35cm from south side, 163cm from floor","light red that fades on the sides of the platform, labeled as sample ""20""","1-4-G, 1-4-H, 1-4-K"
886,Field Sample 886,f20d91ac-c7b4-494e-8765-0fa6296f29bb,"See Analytical Investigation: Summary of results, Mogao Grottoes",842c737f-fbfb-409d-a99d-9342179b7be5,85PLATXQ01PE21,GCI (Francesca Pique)/Dunhuang Academy,Getty Conservation Institute,Francesca Pique,Dunhuang Academy,,200105,2001-05,Wall painting,Cross-section,MOG,China,43e2eb0b-477b-40f9-9d43-353c81299c73,,"Mogao Grottoes, Dunhuang",Cave 85,"Center sculpture platform, west side, 156cm from floor, 74cm from south side","dark red and white flakes (side by side colors), has punctate eruption, this figure darkens on the sides of the platform, labeled as sample ""21""","1-4-G, 1-4-H, 1-4-K"
887,Field Sample 887,79b9fb45-980b-4be7-a293-0dbb7e2090ea,"See Analytical Investigation: Summary of results, Mogao Grottoes",842c737f-fbfb-409d-a99d-9342179b7be5,85PLATBQ01PE22,GCI (Francesca Pique)/Dunhuang Academy,Getty Conservation Institute,Francesca Pique,Dunhuang Academy,,200105,2001-05,Wall painting,Cross-section,MOG,China,43e2eb0b-477b-40f9-9d43-353c81299c73,,"Mogao Grottoes, Dunhuang",Cave 85,"Center ceiling platform, north side, 159cm from floor, 4cm from west side",blackened paint (appears white and red on back of platform),"1-4-G, 1-4-H, 1-4-K"
888,Field Sample 888,3916fae6-1192-4ddb-b788-ddec70b19c97,"See Analytical Investigation: Summary of results, Mogao Grottoes",842c737f-fbfb-409d-a99d-9342179b7be5,85BQ99E1,GCI (Francesca Pique)/Dunhuang Academy,Getty Conservation Institute,Francesca Pique,Dunhuang Academy,,199910,1999-10,Plaster,Cross-section,MOG,China,43e2eb0b-477b-40f9-9d43-353c81299c73,,"Mogao Grottoes, Dunhuang",Cave 85,"Main chamber, north wall (sample location closest to the floor)","Plaster from north wall, labeled as ""PL1""","1-4-G, 1-4-H, 1-4-K"
889,Field Sample 889,e4f940db-b784-4cdd-a8c5-932057f4c3a9,"See Analytical Investigation: Summary of results, Mogao Grottoes",842c737f-fbfb-409d-a99d-9342179b7be5,85BQ99E2,GCI (Francesca Pique)/Dunhuang Academy,Getty Conservation Institute,Francesca Pique,Dunhuang Academy,,199910,1999-10,Plaster,Cross-section,MOG,China,43e2eb0b-477b-40f9-9d43-353c81299c73,,"Mogao Grottoes, Dunhuang",Cave 85,"Main chamber, north wall (sample location midway between floor and slope)","Plaster from north wall, labeled as ""PL2""","1-4-G, 1-4-H, 1-4-K"
890,Field Sample 890,de2ce95e-8dd0-474d-bea3-aa1d818c444c,"See Analytical Investigation: Summary of results, Mogao Grottoes",842c737f-fbfb-409d-a99d-9342179b7be5,85BQ99E3,GCI (Francesca Pique)/Dunhuang Academy,Getty Conservation Institute,Francesca Pique,Dunhuang Academy,,199910,1999-10,Plaster,Cross-section,MOG,China,43e2eb0b-477b-40f9-9d43-353c81299c73,,"Mogao Grottoes, Dunhuang",Cave 85,"Main chamber, north wall","Plaster from north wall, labeled as ""PL3""","1-4-G, 1-4-H, 1-4-K"
891,Field Sample 891,5f14e346-e8f9-425b-ac7f-5a4dbff587d8,"See Analytical Investigation: Summary of results, Mogao Grottoes, Dunhuang and Wong and Agnew 2013 (Cave 85 Publication)",cbdc726d-947e-4059-ba8a-93105ebd0d45,MOG.85.F03.S01,GCI/Dunhuang Academy,Getty Conservation Institute,Dunhuang Academy,,,200308,2003-08,Wall painting,Cross-section,MOG,China,43e2eb0b-477b-40f9-9d43-353c81299c73,,"Mogao Grottoes, Dunhuang",Cave 85,"Main chamber, east wall, SE corner",Dark plum (lac?) over white from vertical foliate border,"1-4-G, 1-4-H, 1-4-K"
892,Field Sample 892,9e256152-6ec0-43a6-8e38-11427ac9b88a,"See Analytical Investigation: Summary of results, Mogao Grottoes, Dunhuang and Wong and Agnew 2013 (Cave 85 Publication)",cbdc726d-947e-4059-ba8a-93105ebd0d45,MOG.85.F03.S02,GCI/Dunhuang Academy,Getty Conservation Institute,Dunhuang Academy,,,200308,2003-08,Wall painting,Cross-section,MOG,China,43e2eb0b-477b-40f9-9d43-353c81299c73,,"Mogao Grottoes, Dunhuang",Cave 85,"Main chamber, east wall, SE corner (grid reference: DQ3-12)",Dark plum (lac?) over black from vertical foliate border,"1-4-G, 1-4-H, 1-4-K"
893,Field Sample 893,f8627f60-e14c-4b2c-8b84-0b4ce17c448b,"See Analytical Investigation: Summary of results, Mogao Grottoes, Dunhuang and Wong and Agnew 2013 (Cave 85 Publication)",cbdc726d-947e-4059-ba8a-93105ebd0d45,MOG.85.F03.S03,GCI/Dunhuang Academy,Getty Conservation Institute,Dunhuang Academy,,,200308,2003-08,Wall painting,Cross-section,MOG,China,43e2eb0b-477b-40f9-9d43-353c81299c73,,"Mogao Grottoes, Dunhuang",Cave 85,"Main chamber, east wall, SE corner (grid reference: DQ4-12)",Crimson red over iron oxcide from background of vertical foliate border,"1-4-G, 1-4-H, 1-4-K"
894,Field Sample 894,43758218-8cef-4820-8175-2ab0a6088432,"See Analytical Investigation: Summary of results, Mogao Grottoes, Dunhuang and Wong and Agnew 2013 (Cave 85 Publication)",cbdc726d-947e-4059-ba8a-93105ebd0d45,MOG.85.F03.S04,GCI/Dunhuang Academy,Getty Conservation Institute,Dunhuang Academy,,,200308,2003-08,Wall painting,Cross-section,MOG,China,43e2eb0b-477b-40f9-9d43-353c81299c73,,"Mogao Grottoes, Dunhuang",Cave 86,"Main chamber, east wall, south side",Dark blue over light blue from vertical foliate border,"1-4-G, 1-4-H, 1-4-K"
895,Field Sample 895,25a68ca3-c003-4b3f-a0f7-6d3ae84a537c,"See Analytical Investigation: Summary of results, Mogao Grottoes, Dunhuang and Wong and Agnew 2013 (Cave 85 Publication)",cbdc726d-947e-4059-ba8a-93105ebd0d45,MOG.85.F03.S05,GCI/Dunhuang Academy,Getty Conservation Institute,Dunhuang Academy,,,200308,2003-08,Wall painting,Cross-section,MOG,China,43e2eb0b-477b-40f9-9d43-353c81299c73,,"Mogao Grottoes, Dunhuang",Cave 85,"Main chamber, south wall, east side",Dull yellow from roof tiles alternating paler and darker shades of yellow.,"1-4-G, 1-4-H, 1-4-K"
896,Field Sample 896,fe9e6e08-1af3-4809-8ad0-b0a678918184,"See Analytical Investigation: Summary of results, Mogao Grottoes, Dunhuang and Wong and Agnew 2013 (Cave 85 Publication)",cbdc726d-947e-4059-ba8a-93105ebd0d45,MOG.85.F03.S06,GCI/Dunhuang Academy,Getty Conservation Institute,Dunhuang Academy,,,200308,2003-08,Wall painting,Cross-section,MOG,China,43e2eb0b-477b-40f9-9d43-353c81299c73,,"Mogao Grottoes, Dunhuang",Cave 85,"Main chamber, south wall, east side",Flake of exfoliating upper layer(coating?) from red text cartouche,"1-4-G, 1-4-H, 1-4-K"
897,Field Sample 897,cd710495-33a4-4c4c-8b6a-6f31db245425,"See Analytical Investigation: Summary of results, Mogao Grottoes, Dunhuang and Wong and Agnew 2013 (Cave 85 Publication)",cbdc726d-947e-4059-ba8a-93105ebd0d45,MOG.85.F03.S07,GCI/Dunhuang Academy,Getty Conservation Institute,Dunhuang Academy,,,200308,2003-08,Wall painting,Cross-section,MOG,China,43e2eb0b-477b-40f9-9d43-353c81299c73,,"Mogao Grottoes, Dunhuang",Cave 85,"Main chamber, south wall, east side",Whole stratigraphy from red text cartouche,"1-4-G, 1-4-H, 1-4-K"
898,Field Sample 898,5bb91cfa-47c3-4ee5-8ee5-d488d88d0d0e,"See Analytical Investigation: Summary of results, Mogao Grottoes, Dunhuang and Wong and Agnew 2013 (Cave 85 Publication)",cbdc726d-947e-4059-ba8a-93105ebd0d45,MOG.85.F03.S08,GCI/Dunhuang Academy,Getty Conservation Institute,Dunhuang Academy,,,200308,2003-08,Wall painting,Cross-section,MOG,China,43e2eb0b-477b-40f9-9d43-353c81299c73,,"Mogao Grottoes, Dunhuang",Cave 85,"Main chamber, south wall, center",Thin intense red glaze (cinnabar?) over red iron oxcide on wooden architectureIs the pigment cinnabar?,"1-4-G, 1-4-H, 1-4-K"
899,Field Sample 899,3fd99386-3534-4d1c-a5ab-2e13682962db,"See Analytical Investigation: Summary of results, Mogao Grottoes, Dunhuang and Wong and Agnew 2013 (Cave 85 Publication)",cbdc726d-947e-4059-ba8a-93105ebd0d45,MOG.85.F03.S09,GCI/Dunhuang Academy,Getty Conservation Institute,Dunhuang Academy,,,200308,2003-08,Wall painting,Cross-section,MOG,China,43e2eb0b-477b-40f9-9d43-353c81299c73,,"Mogao Grottoes, Dunhuang",Cave 85,"Main chamber, north slope, center","From bell ornament decoration on bottom drapery. Appearance is blanched, design is obscured.","1-4-G, 1-4-H, 1-4-K"
900,Field Sample 900,cfeeb12f-cf03-4cae-9250-954710a54fde,"See Analytical Investigation: Summary of results, Mogao Grottoes, Dunhuang and Wong and Agnew 2013 (Cave 85 Publication)",cbdc726d-947e-4059-ba8a-93105ebd0d45,MOG.85.F03.S10,GCI/Dunhuang Academy,Getty Conservation Institute,Dunhuang Academy,,,200308,2003-08,Wall painting,Cross-section,MOG,China,43e2eb0b-477b-40f9-9d43-353c81299c73,,"Mogao Grottoes, Dunhuang",Cave 85,"Main chamber, east slope, center","Bell from bottom of drapery, upper slope decoration. Appearance is grayish and metallic looking but may be lead alteration.","1-4-G, 1-4-H, 1-4-K"
901,Field Sample 901,81c3c5ea-2ed3-4c89-a809-617db30dc06a,"See Analytical Investigation: Summary of results, Mogao Grottoes, Dunhuang and Wong and Agnew 2013 (Cave 85 Publication)",cbdc726d-947e-4059-ba8a-93105ebd0d45,MOG.85.F03.S11,GCI/Dunhuang Academy,Getty Conservation Institute,Dunhuang Academy,,,200308,2003-08,Wall painting,Cross-section,MOG,China,43e2eb0b-477b-40f9-9d43-353c81299c73,,"Mogao Grottoes, Dunhuang",Cave 85,"Main chamber, east slope, center",Pomegranate design from horizontal foliate border. Raised dot decoration (darkened - alteration?) on green paint layer,"1-4-G, 1-4-H, 1-4-K"
902,Field Sample 902,083605e0-d383-4e2f-9f48-07d2fd0424a7,"See Analytical Investigation: Summary of results, Mogao Grottoes, Dunhuang and Wong and Agnew 2013 (Cave 85 Publication)",cbdc726d-947e-4059-ba8a-93105ebd0d45,MOG.85.F03.S12,GCI/Dunhuang Academy,Getty Conservation Institute,Dunhuang Academy,,,200308,2003-08,Wall painting,Cross-section,MOG,China,43e2eb0b-477b-40f9-9d43-353c81299c73,,"Mogao Grottoes, Dunhuang",Cave 85,"Main chamber, east slope, center",Pomegranate design from horizontal foliate border. Unaltered dots not applied over green.,"1-4-G, 1-4-H, 1-4-K"
903,Field Sample 903,2c4f4daf-95e7-4b48-9bcf-157120ac9840,"See Analytical Investigation: Summary of results, Mogao Grottoes, Dunhuang and Wong and Agnew 2013 (Cave 85 Publication)",cbdc726d-947e-4059-ba8a-93105ebd0d45,MOG.85.F03.S13,GCI/Dunhuang Academy,Getty Conservation Institute,Dunhuang Academy,,,200308,2003-08,Wall painting,Cross-section,MOG,China,43e2eb0b-477b-40f9-9d43-353c81299c73,,"Mogao Grottoes, Dunhuang",Cave 85,"Main chamber, north wall, east side",Green sample from tree behind seated Buddha figure. Thought to be an example of green prepared with coarse grinding.,"1-4-G, 1-4-H, 1-4-K"
904,Field Sample 904,915704e5-31f5-4116-b8d5-64c0f78f14e7,"See Analytical Investigation: Summary of results, Mogao Grottoes, Dunhuang and Wong and Agnew 2013 (Cave 85 Publication)",cbdc726d-947e-4059-ba8a-93105ebd0d45,MOG.85.F03.S14,GCI/Dunhuang Academy,Getty Conservation Institute,Dunhuang Academy,,,200308,2003-08,Wall painting,Cross-section,MOG,China,43e2eb0b-477b-40f9-9d43-353c81299c73,,"Mogao Grottoes, Dunhuang",Cave 85,"Main chamber, north wall, east side",Green sample from tree behind seated Buddha figure. Thought to be an example of green prepared with medium grinding.,"1-4-G, 1-4-H, 1-4-K"
905,Field Sample 905,be2d69e1-ae44-410a-b91d-f489d2dd4fb8,"See Analytical Investigation: Summary of results, Mogao Grottoes, Dunhuang and Wong and Agnew 2013 (Cave 85 Publication)",cbdc726d-947e-4059-ba8a-93105ebd0d45,MOG.85.F03.S15,GCI/Dunhuang Academy,Getty Conservation Institute,Dunhuang Academy,,,200308,2003-08,Wall painting,Cross-section,MOG,China,43e2eb0b-477b-40f9-9d43-353c81299c73,,"Mogao Grottoes, Dunhuang",Cave 85,"Main chamber, north wall, east side",Sample from area of background green below cartouche. Thought to be an example of green prepared with fine grinding.,"1-4-G, 1-4-H, 1-4-K"
906,Field Sample 906,effe01f5-d2f5-4e25-82f8-9fc315080d76,"See Analytical Investigation: Summary of results, Mogao Grottoes, Dunhuang and Wong and Agnew 2013 (Cave 85 Publication)",cbdc726d-947e-4059-ba8a-93105ebd0d45,MOG.85.F03.S16,GCI/Dunhuang Academy,Getty Conservation Institute,Dunhuang Academy,,,200308,2003-08,Wall painting,Cross-section,MOG,China,43e2eb0b-477b-40f9-9d43-353c81299c73,,"Mogao Grottoes, Dunhuang",Cave 85,"Main chamber, north wall, east side",Red/pink dot from flower sprig. Organic-rich flake curling and flaking off wall.,"1-4-G, 1-4-H, 1-4-K"
907,Field Sample 907,69c809f4-8dc0-406b-aa00-c47de582c1b1,"See Analytical Investigation: Summary of results, Mogao Grottoes, Dunhuang and Wong and Agnew 2013 (Cave 85 Publication)",cbdc726d-947e-4059-ba8a-93105ebd0d45,MOG.85.F03.S17,GCI/Dunhuang Academy,Getty Conservation Institute,Dunhuang Academy,,,200308,2003-08,Wall painting,Cross-section,MOG,China,43e2eb0b-477b-40f9-9d43-353c81299c73,,"Mogao Grottoes, Dunhuang",Cave 85,"Main chamber, east slope, north side",Black dot from flower sprig.,"1-4-G, 1-4-H, 1-4-K"
908,Field Sample 908,2daa9c01-9d32-432e-bce9-610740ff05c8,"See Analytical Investigation: Summary of results, Mogao Grottoes, Dunhuang and Wong and Agnew 2013 (Cave 85 Publication)",cbdc726d-947e-4059-ba8a-93105ebd0d45,MOG.85.F03.S18,GCI/Dunhuang Academy,Getty Conservation Institute,Dunhuang Academy,,,200308,2003-08,Wall painting,Cross-section,MOG,China,43e2eb0b-477b-40f9-9d43-353c81299c73,,"Mogao Grottoes, Dunhuang",Cave 85,"Main chamber, east slope, center",Blue/green garments of many-headed figure.,"1-4-G, 1-4-H, 1-4-K"
909,Field Sample 909,5ff7a227-472f-4172-922d-b563dc0ea45a,"See Analytical Investigation: Summary of results, Mogao Grottoes, Dunhuang and Wong and Agnew 2013 (Cave 85 Publication)",cbdc726d-947e-4059-ba8a-93105ebd0d45,MOG.85.F03.S19,GCI/Dunhuang Academy,Getty Conservation Institute,Dunhuang Academy,,,200308,2003-08,Wall painting,Cross-section,MOG,China,43e2eb0b-477b-40f9-9d43-353c81299c73,,"Mogao Grottoes, Dunhuang",Cave 85,"Main chamber, south wall, east side",Ground with pinkish surface color.,"1-4-G, 1-4-H, 1-4-K"
910,Field Sample 910,717a0b3c-789b-49a3-b693-5f5a55e845be,"See Analytical Investigation: Summary of results, Mogao Grottoes, Dunhuang and Wong and Agnew 2013 (Cave 85 Publication)",cbdc726d-947e-4059-ba8a-93105ebd0d45,MOG.85.F03.S20,GCI/Dunhuang Academy,Getty Conservation Institute,Dunhuang Academy,,,200308,2003-08,Wall painting,Cross-section,MOG,China,43e2eb0b-477b-40f9-9d43-353c81299c73,,"Mogao Grottoes, Dunhuang",Cave 85,"Main chamber, east wall, south side",Flesh painting with opaque appearance masking fine line drawing beneath.,"1-4-G, 1-4-H, 1-4-K"
911,Field Sample 911,1127ccbe-cd24-4d4a-80e9-c872416dc510,"See Analytical Investigation: Summary of results, Mogao Grottoes, Dunhuang and Wong and Agnew 2013 (Cave 85 Publication)",cbdc726d-947e-4059-ba8a-93105ebd0d45,MOG.85.F03.S21,GCI/Dunhuang Academy,Getty Conservation Institute,Dunhuang Academy,,,200308,2003-08,Wall painting,Cross-section,MOG,China,43e2eb0b-477b-40f9-9d43-353c81299c73,,"Mogao Grottoes, Dunhuang",Cave 85,"Main chamber, south wall, east side",Brown translucent color from clouds.,"1-4-G, 1-4-H, 1-4-K"
912,Field Sample 912,9dea8531-80d6-4390-a230-1fe24cdc6244,"See Analytical Investigation: Summary of results, Mogao Grottoes, Dunhuang and Wong and Agnew 2013 (Cave 85 Publication)",cbdc726d-947e-4059-ba8a-93105ebd0d45,MOG.85.F03.S22,GCI/Dunhuang Academy,Getty Conservation Institute,Dunhuang Academy,,,200308,2003-08,Wall painting,Cross-section,MOG,China,43e2eb0b-477b-40f9-9d43-353c81299c73,,"Mogao Grottoes, Dunhuang",Cave 85,"Main chamber, south slope, east side",Representation of horse with similar appearance to MOG.85.F03.S20.,"1-4-G, 1-4-H, 1-4-K"
913,Field Sample 913,9e4ccab1-51c4-4104-9e81-165a3742e0cd,"See Analytical Investigation: Summary of results, Mogao Grottoes, Dunhuang and Wong and Agnew 2013 (Cave 85 Publication)",cbdc726d-947e-4059-ba8a-93105ebd0d45,MOG.85.F03.S23,GCI/Dunhuang Academy,Getty Conservation Institute,Dunhuang Academy,,,200308,2003-08,Wall painting,Cross-section,MOG,China,43e2eb0b-477b-40f9-9d43-353c81299c73,,"Mogao Grottoes, Dunhuang",Cave 85,"Main chamber, south slope, east side",Intense bubblegum pink from garments of kneeling figure.,"1-4-G, 1-4-H, 1-4-K"
914,Field Sample 914,018a9402-845a-46a7-9413-a593d8e73e97,"See Analytical Investigation: Summary of results, Mogao Grottoes, Dunhuang and Wong and Agnew 2013 (Cave 85 Publication)",cbdc726d-947e-4059-ba8a-93105ebd0d45,MOG.85.F03.S24,GCI/Dunhuang Academy,Getty Conservation Institute,Dunhuang Academy,,,200308,2003-08,Wall painting,Cross-section,MOG,China,43e2eb0b-477b-40f9-9d43-353c81299c73,,"Mogao Grottoes, Dunhuang",Cave 85,"Main chamber, south wall, east side",Text cartouche with grayish appearance similar to that of the bells on the upper slope.,"1-4-G, 1-4-H, 1-4-K"
915,Field Sample 915,e8418f01-c474-4d3f-871c-9700e9d5da30,"See Analytical Investigation: Summary of results, Mogao Grottoes, Dunhuang and Wong and Agnew 2013 (Cave 85 Publication)",cbdc726d-947e-4059-ba8a-93105ebd0d45,MOG.85.F03.S25,GCI/Dunhuang Academy,Getty Conservation Institute,Dunhuang Academy,,,200308,2003-08,Wall painting,Cross-section,MOG,China,43e2eb0b-477b-40f9-9d43-353c81299c73,,"Mogao Grottoes, Dunhuang",Cave 85,"South wall, east side",Same text cartouche as MOG.85.F03.S24 with blanched appearance to edges.,"1-4-G, 1-4-H, 1-4-K"
916,Field Sample 916,eeec1f70-21ca-47fc-b85e-e15429c8d689,"See Analytical Investigation: Summary of results, Mogao Grottoes, Dunhuang and Wong and Agnew 2013 (Cave 85 Publication)",cbdc726d-947e-4059-ba8a-93105ebd0d45,MOG.85.F03.S26,GCI/Dunhuang Academy,Getty Conservation Institute,Dunhuang Academy,,,200308,2003-08,Wall painting,Cross-section,MOG,China,43e2eb0b-477b-40f9-9d43-353c81299c73,,"Mogao Grottoes, Dunhuang",Cave 85,"Ceiling panel, west side",Green intentionally applied - not an alteration product from blue. Decoration of squares around latern supporting ceiling panel.,"1-4-G, 1-4-H, 1-4-K"
917,Field Sample 917,00a7ec2c-60ea-4337-b5e6-b8be4ed45f07,"See Analytical Investigation: Summary of results, Mogao Grottoes, Dunhuang and Wong and Agnew 2013 (Cave 85 Publication)",cbdc726d-947e-4059-ba8a-93105ebd0d45,MOG.85.F03.S27,GCI/Dunhuang Academy,Getty Conservation Institute,Dunhuang Academy,,,200308,2003-08,Wall painting,Cross-section,MOG,China,43e2eb0b-477b-40f9-9d43-353c81299c73,,"Mogao Grottoes, Dunhuang",Cave 85,"Ceiling panel, west side",Green alteration product from blue/,"1-4-G, 1-4-H, 1-4-K"
918,Field Sample 918,e4a31409-70d5-4960-9eda-8d0573a9410e,"See Analytical Investigation: Summary of results, Mogao Grottoes, Dunhuang and Wong and Agnew 2013 (Cave 85 Publication)",cbdc726d-947e-4059-ba8a-93105ebd0d45,MOG.85.F03.S28,GCI/Dunhuang Academy,Getty Conservation Institute,Dunhuang Academy,,,200308,2003-08,Wall painting,Cross-section,MOG,China,43e2eb0b-477b-40f9-9d43-353c81299c73,,"Mogao Grottoes, Dunhuang",Cave 85,East side of lantern.,Orange organic colorant? Coating over black: from decoration of squares around lantern supporting the ceiling panel.,"1-4-G, 1-4-H, 1-4-K"
919,Field Sample 919,b96c8899-1b22-43d3-a527-de6ea9c4c138,"See Analytical Investigation: Summary of results, Mogao Grottoes, Dunhuang and Wong and Agnew 2013 (Cave 85 Publication)",cbdc726d-947e-4059-ba8a-93105ebd0d45,MOG.85.F03.S29,GCI/Dunhuang Academy,Getty Conservation Institute,Dunhuang Academy,,,200308,2003-08,Wall painting,Cross-section,MOG,China,43e2eb0b-477b-40f9-9d43-353c81299c73,,"Mogao Grottoes, Dunhuang",Cave 85,"South slope, east side",Coating from Buddha's torso.,"1-4-G, 1-4-H, 1-4-K"
920,Field Sample 920,66d343f2-8bc4-4b5f-a73e-c9116c4fa0ac,"See Analytical Investigation: Summary of results, Mogao Grottoes, Dunhuang and Wong and Agnew 2013 (Cave 85 Publication)",cbdc726d-947e-4059-ba8a-93105ebd0d45,MOG.85.S04.S01,GCI/Dunhuang Academy,Getty Conservation Institute,Dunhuang Academy,,,200403,2004-03,Wall painting,Cross-section,MOG,China,43e2eb0b-477b-40f9-9d43-353c81299c73,,"Mogao Grottoes, Dunhuang",Cave 85,"East Wall, south side",Green over red on ground on plaster,"1-4-G, 1-4-H, 1-4-K"
921,Field Sample 921,75e252a5-eabc-4127-87bc-9a5018c21d4a,"See Analytical Investigation: Summary of results, Mogao Grottoes, Dunhuang and Wong and Agnew 2013 (Cave 85 Publication)",cbdc726d-947e-4059-ba8a-93105ebd0d45,MOG.85.S04.S01,GCI/Dunhuang Academy,Getty Conservation Institute,Dunhuang Academy,,,200403,2004-03,Wall painting,Fragment,MOG,China,43e2eb0b-477b-40f9-9d43-353c81299c73,,"Mogao Grottoes, Dunhuang",Cave 85,"East Wall, south side",Green over red on ground on plaster,"1-4-G, 1-4-H, 1-4-K"
922,Field Sample 922,2a8993ea-704a-4a2b-ae14-68039a72812b,"See Analytical Investigation: Summary of results, Mogao Grottoes, Dunhuang and Wong and Agnew 2013 (Cave 85 Publication)",cbdc726d-947e-4059-ba8a-93105ebd0d45,MOG.85.F04.S01,GCI/Dunhuang Academy,Getty Conservation Institute,Dunhuang Academy,,,200410,2004-10,Wall painting,Fragment,MOG,China,43e2eb0b-477b-40f9-9d43-353c81299c73,,"Mogao Grottoes, Dunhuang",Cave 85,"Corridor, north wall, west side",Bright yellow over ground on plaster,"1-4-G, 1-4-H, 1-4-K"
923,Field Sample 923,c2d27047-ca85-4681-b789-db0fe7aeb6da,"See Analytical Investigation: Summary of results, Mogao Grottoes, Dunhuang and Wong and Agnew 2013 (Cave 85 Publication)",cbdc726d-947e-4059-ba8a-93105ebd0d45,MOG.85.F04.S01,GCI/Dunhuang Academy,Getty Conservation Institute,Dunhuang Academy,,,200410,2004-10,Wall painting,Cross-section,MOG,China,43e2eb0b-477b-40f9-9d43-353c81299c73,,"Mogao Grottoes, Dunhuang",Cave 85,"Corridor, north wall, west side",Bright yellow over ground on plaster,"1-4-G, 1-4-H, 1-4-K"
924,Field Sample 924,d62f791f-e0cd-49b5-a1a4-95ebbf1c5d7f,"See Analytical Investigation: Summary of results, Mogao Grottoes, Dunhuang and Wong and Agnew 2013 (Cave 85 Publication)",cbdc726d-947e-4059-ba8a-93105ebd0d45,MOG.85.F04.S02,GCI/Dunhuang Academy,Getty Conservation Institute,Dunhuang Academy,,,200410,2004-10,Wall painting,Fragment,MOG,China,43e2eb0b-477b-40f9-9d43-353c81299c73,,"Mogao Grottoes, Dunhuang",Cave 85,"Main chamber,  south slope, east side",n/a,"1-4-G, 1-4-H, 1-4-K"
925,Field Sample 925,d586403c-12b3-41d4-b57f-8a9732f84bd7,"See Analytical Investigation: Summary of results, Mogao Grottoes, Dunhuang and Wong and Agnew 2013 (Cave 85 Publication)",cbdc726d-947e-4059-ba8a-93105ebd0d45,MOG.85.F04.S02,GCI/Dunhuang Academy,Getty Conservation Institute,Dunhuang Academy,,,200410,2004-10,Wall painting,Cross-section,MOG,China,43e2eb0b-477b-40f9-9d43-353c81299c73,,"Mogao Grottoes, Dunhuang",Cave 85,"Main chamber, south slope, east side",n/a,"1-4-G, 1-4-H, 1-4-K"
926,Field Sample 926,0b8211ff-a530-4df5-8cbe-73a38c55273c,"See Analytical Investigation: Summary of results, Mogao Grottoes, Dunhuang and Wong and Agnew 2013 (Cave 85 Publication)",cbdc726d-947e-4059-ba8a-93105ebd0d45,MOG.85.S05.S01,GCI/Dunhuang Academy,Getty Conservation Institute,Dunhuang Academy,,,200503,2005-03,Wall painting,Fragment,MOG,China,43e2eb0b-477b-40f9-9d43-353c81299c73,,"Mogao Grottoes, Dunhuang",Cave 85,"Main chamber, southeast corner, first lift Grid ref: DQ 4-12, petal from floral pattern","Dark, rich plum-coloured paint layer taken adjacent to sample area MOG.85.F03.S01","1-4-G, 1-4-H, 1-4-K"
927,Field Sample 927,0f7574cb-dd7a-4e86-99ea-e4322706ac9a,"See Analytical Investigation: Summary of results, Mogao Grottoes, Dunhuang and Wong and Agnew 2013 (Cave 85 Publication)",cbdc726d-947e-4059-ba8a-93105ebd0d45,MOG.85.S05.S02,GCI/Dunhuang Academy,Getty Conservation Institute,Dunhuang Academy,,,200503,2005-03,Wall painting,Fragment,MOG,China,43e2eb0b-477b-40f9-9d43-353c81299c73,,"Mogao Grottoes, Dunhuang",Cave 85,"Main chamber, S slope, E side, second lift Grid ref. NP2-3, kneeling figure","Dark, pinkish red paint layer taken adjacent to sample area MOG.85.F03.S23.","1-4-G, 1-4-H, 1-4-K"
928,Field Sample 928,b7c279d5-24af-4458-93c7-2f7aba597de2,"See Analytical Investigation: Summary of results, Mogao Grottoes, Dunhuang and Wong and Agnew 2013 (Cave 85 Publication)",cbdc726d-947e-4059-ba8a-93105ebd0d45,MOG.85.S05.S01,GCI/Dunhuang Academy,Getty Conservation Institute,Dunhuang Academy,,,200503,2005-03,Wall painting,Fragment,MOG,China,43e2eb0b-477b-40f9-9d43-353c81299c73,,"Mogao Grottoes, Dunhuang",Cave 85,"Main chamber, ceiling, E. face of caisson, SE corner Grid ref. JXD B2,  petal from floral pattern","Dark, rich plum-coloured paint layer taken adjacent to sample area 85JXDB00P1.","1-4-G, 1-4-H, 1-4-K"
929,Field Sample 929,d787ca10-4793-4896-9880-842f68eddee3,,,MOG.85.Summer05.S01,GCI/Dunhuang Academy (Lisa Shekede),Getty Conservation Institute,Dunhuang Academy,Lisa Shekede,,200508,2005-08,Wall painting,Fragment,MOG,China,43e2eb0b-477b-40f9-9d43-353c81299c73,,"Mogao Grottoes, Dunhuang",Cave 85,,,"1-4-G, 1-4-H, 1-4-K"
930,Field Sample 930,95a9f4d9-5629-4857-a97e-ac4ccfda0ecb,,,MOG.85.Summer05.S02,GCI/Dunhuang Academy (Lisa Shekede),Getty Conservation Institute,Dunhuang Academy,Lisa Shekede,,200508,2005-08,Wall painting,Fragment,MOG,China,43e2eb0b-477b-40f9-9d43-353c81299c73,,"Mogao Grottoes, Dunhuang",Cave 85,,,"1-4-G, 1-4-H, 1-4-K"
931,Field Sample 931,4498cabf-b03a-49e7-88a7-581de6d4aa4c,,,MOG.85.Summer05.S03,GCI/Dunhuang Academy (Lisa Shekede),Getty Conservation Institute,Dunhuang Academy,Lisa Shekede,,200508,2005-08,Wall painting,Fragment,MOG,China,43e2eb0b-477b-40f9-9d43-353c81299c73,,"Mogao Grottoes, Dunhuang",Cave 85,,,"1-4-G, 1-4-H, 1-4-K"
932,Field Sample 932,b8d243fd-5fed-4487-bf61-c6292155c7df,,,300-CM-99,Francesca Pique,Francesca Pique,,,,1999,1999,,Powder,MOG,China,43e2eb0b-477b-40f9-9d43-353c81299c73,,"Mogao Grottoes, Dunhuang",,,Weol clay used for mud repairs,"1-4-G, 1-4-H, 1-4-K"
933,Field Sample 933,b2fb9868-8796-4fda-ae85-3cdce55e1c65,,,327-CM-97,Francesca Pique,Francesca Pique,,,,1997,1997,,,MOG,China,43e2eb0b-477b-40f9-9d43-353c81299c73,,"Mogao Grottoes, Dunhuang",,,"Replica of wall painting with various colors, 35 x 3 x 11 cm.","1-4-G, 1-4-H, 1-4-K"
934,Field Sample 934,8ed87559-da5c-4c53-b4c1-55acec298620,,,329-CM-99,Francesca Pique,Francesca Pique,,,,1999,1999,,Powder,MOG,China,43e2eb0b-477b-40f9-9d43-353c81299c73,,"Mogao Grottoes, Dunhuang",,,Earth plaster from Cave 85.,"1-4-G, 1-4-H, 1-4-K"
935,Field Sample 935,b29f62bf-c9e2-46c7-9eb1-90c4517284a7,,,330-CM-99,Francesca Pique,Francesca Pique,,,,1999,1999,,Powder,MOG,China,43e2eb0b-477b-40f9-9d43-353c81299c73,,"Mogao Grottoes, Dunhuang",,,Earth plaster from Cave 85.,"1-4-G, 1-4-H, 1-4-K"
936,Field Sample 936,68d9f8f5-b238-4424-8f69-0b1d9e369d38,,,331-CM-99,Francesca Pique,Francesca Pique,,,,1999,1999,,Powder,MOG,China,43e2eb0b-477b-40f9-9d43-353c81299c73,,"Mogao Grottoes, Dunhuang",,,2 samples of earth plaster from Cave 85.,"1-4-G, 1-4-H, 1-4-K"
937,Field Sample 937,14cb4e33-0daa-41d8-ab77-bbe11e0e10e2,,,332-CM-99,Francesca Pique,Francesca Pique,,,,1999,1999,,Powder,MOG,China,43e2eb0b-477b-40f9-9d43-353c81299c73,,"Mogao Grottoes, Dunhuang",,,3 cross sections of paint flakes from Cave 85.,"1-4-G, 1-4-H, 1-4-K"
938,Field Sample 938,99b5f4c2-f046-41c3-92e2-ceb3639e51d4,,,Sample Row: 938,GCI (Michael Schilling)/Dunhuang Academy,Getty Conservation Institute,Michael Schilling,Dunhuang Academy,,200105,2001-05,Earth,Fragment,MOG,China,43e2eb0b-477b-40f9-9d43-353c81299c73,,"Mogao Grottoes, Dunhuang",Cave 85,"Main chamber, West wall, south end","Fallen material, Labeled ""earth from box of paint flaking on 7/99""","1-4-G, 1-4-H, 1-4-K"
939,Field Sample 939,f863b180-bc5b-4368-9a42-543d4433f9dc,,,Sample Row: 939,GCI (Michael Schilling)/Dunhuang Academy,Getty Conservation Institute,Michael Schilling,Dunhuang Academy,,200105,2001-05,Paint flakes,Fragment,MOG,China,43e2eb0b-477b-40f9-9d43-353c81299c73,,"Mogao Grottoes, Dunhuang",Cave 85,"Main chamber, West wall, north end","Fallen material, Labeled ""paint flakes on 7/99"", Red paint","1-4-G, 1-4-H, 1-4-K"
940,Field Sample 940,0799a50b-4045-4f81-9f3a-6ffd8cdaedf3,,,Sample Row: 940,GCI (Michael Schilling)/Dunhuang Academy,Getty Conservation Institute,Michael Schilling,Dunhuang Academy,,200105,2001-05,Paint flakes,Fragment,MOG,China,43e2eb0b-477b-40f9-9d43-353c81299c73,,"Mogao Grottoes, Dunhuang",Cave 85,"Main chamber, West wall, south end","Fallen material, Labeled ""paint flakes on 7/99""","1-4-G, 1-4-H, 1-4-K"
941,Field Sample 941,4914d90c-b6cf-4872-8d66-9756a06a63f8,,,Sample Row: 941,GCI/Dunhuang Academy,Getty Conservation Institute,Dunhuang Academy,,,200107,2001-07,Wall painting,Fragment,MOG,China,43e2eb0b-477b-40f9-9d43-353c81299c73,,"Mogao Grottoes, Dunhuang",Cave 85,West slope,Painted plaster,"1-4-G, 1-4-H, 1-4-K"
942,Field Sample 942,64928aff-7e3b-49e6-9c4c-ee3ca80c3561,,,Sample Row: 942,GCI/Dunhuang Academy,Getty Conservation Institute,Dunhuang Academy,,,200410,2004-10,Plaster,Fragment,MOG,China,43e2eb0b-477b-40f9-9d43-353c81299c73,,"Mogao Grottoes, Dunhuang",Cave 85,"Antechamber, West wall, south side",Upper plaster,"1-4-G, 1-4-H, 1-4-K"
943,Field Sample 943,40030dd2-fd94-44a4-a5ac-9d2b77ee72d2,,,Sample Row: 943,GCI/Dunhuang Academy,Getty Conservation Institute,Dunhuang Academy,,,200410,2004-10,Plaster,Fragment,MOG,China,43e2eb0b-477b-40f9-9d43-353c81299c73,,"Mogao Grottoes, Dunhuang",Cave 85,"Antechamber, West wall, south side",Lower plaster,"1-4-G, 1-4-H, 1-4-K"
944,Field Sample 944,466b07f4-f696-4eba-9faa-94e51d978fdd,,,Sample Row: 944,GCI/Dunhuang Academy,Getty Conservation Institute,Dunhuang Academy,,,No date,,Wall painting,Fragment,MOG,China,43e2eb0b-477b-40f9-9d43-353c81299c73,,"Mogao Grottoes, Dunhuang",Unknown (possibly Cave 85),unknown,"Painted plaster sample, no information","1-4-G, 1-4-H, 1-4-K"
945,Field Sample 945,05718643-8222-49b7-83f5-3b4c22104bf2,,,Sample Row: 945,GCI/Dunhuang Academy,Getty Conservation Institute,Dunhuang Academy,,,No date,,Wall painting,Coupon,MOG,China,43e2eb0b-477b-40f9-9d43-353c81299c73,,"Mogao Grottoes, Dunhuang",Cave 85,,"Mogao painted wall painting coupons loaded with 1%NaCl, 6%NaCl, 13%NaCl (1 each) for deterioration testing","1-4-G, 1-4-H, 1-4-K"
946,Field Sample 946,0babad18-1d10-4353-9722-6a39637f010c,,,Sample Row: 946,GCI/Dunhuang Academy (Neville Agnew),Getty Conservation Institute,Dunhuang Academy,Neville Agnew,,200010,2000-10,Conglomerate,Bulk material,MOG,China,43e2eb0b-477b-40f9-9d43-353c81299c73,,"Mogao Grottoes, Dunhuang",n/a,Collected from exposure outside Dunhuang Academy Old Conservation Institute,Conglomerate and intercalated fine-grained sandstone,"1-4-G, 1-4-H, 1-4-K"
947,Field Sample 947,5423535e-859e-4fcc-864f-5598eafb5108,,,Sample Row: 947,GCI/Dunhuang Academy,Getty Conservation Institute,Dunhuang Academy,,,No date,,Salts,Bulk material,MOG,China,43e2eb0b-477b-40f9-9d43-353c81299c73,,"Mogao Grottoes, Dunhuang",Cave 85,n/a,"Extracted salt sample, location unknown","1-4-G, 1-4-H, 1-4-K"
948,Field Sample 948,ad54d145-3e97-4ff3-a8a4-ccef1b8567c7,,,Sample Row: 948,GCI/Dunhuang Academy,Getty Conservation Institute,Dunhuang Academy,,,No date,,Reference - Clay,,MOG,China,43e2eb0b-477b-40f9-9d43-353c81299c73,,"Mogao Grottoes, Dunhuang",Cave 85,,Samples of clay from Mogao,"1-4-G, 1-4-H, 1-4-K"
949,Field Sample 949,9a0a0794-c91d-46c2-9cf3-7698ad8e78d7,,,Sample Row: 949,GCI/Dunhuang Academy - obtained by Shuya Wei,Getty Conservation Institute,Dunhuang Academy,Shuya Wei,,200309,2003-09,Reference - Fiber,,MOG,China,43e2eb0b-477b-40f9-9d43-353c81299c73,,"Mogao Grottoes, Dunhuang",Cave 85,,Sample of hemp fiber,"1-4-G, 1-4-H, 1-4-K"
950,Field Sample 950,5249154d-ab22-424f-9365-282e2e27e85e,,,Sample Row: 950,GCI/Dunhuang Academy,Getty Conservation Institute,Dunhuang Academy,,,No date,,Reference - Sand,,MOG,China,43e2eb0b-477b-40f9-9d43-353c81299c73,,"Mogao Grottoes, Dunhuang",Cave 85,,Sample of sand,"1-4-G, 1-4-H, 1-4-K"
951,Field Sample 951,f6d4cfc8-b70d-48ef-bd1e-0d964730d5a6,,,Sample Row: 951,GCI/Dunhuang Academy,Getty Conservation Institute,Dunhuang Academy,,,No date,,Reference - Harbolite,,MOG,China,43e2eb0b-477b-40f9-9d43-353c81299c73,,"Mogao Grottoes, Dunhuang",Cave 85,,Unsieved Harbolite 20x20,"1-4-G, 1-4-H, 1-4-K"
952,Field Sample 952,b86fbdd1-0ab0-4204-adf0-147b5e5c7997,,,Sample Row: 952,GCI/Dunhuang Academy,Getty Conservation Institute,Dunhuang Academy,,,No date,,Reference - Coal ash,,MOG,China,43e2eb0b-477b-40f9-9d43-353c81299c73,,"Mogao Grottoes, Dunhuang",Cave 85,,Gray Coal Ash (75-300 microns),"1-4-G, 1-4-H, 1-4-K"
953,Field Sample 953,8f446252-7a30-4441-99a5-a348b09b639d,,,Sample Row: 953,GCI/Dunhuang Academy,Getty Conservation Institute,Dunhuang Academy,,,No date,,Reference - Scotchlite,,MOG,China,43e2eb0b-477b-40f9-9d43-353c81299c73,,"Mogao Grottoes, Dunhuang",Cave 85,,Scotchlite K1 glass microballoons,"1-4-G, 1-4-H, 1-4-K"
954,Field Sample 954,b08cf106-9b42-4fb0-adc6-f552896ce8d0,,,Sample Row: 954,GCI/Dunhuang Academy,Getty Conservation Institute,Dunhuang Academy,,,No date,,Reference - Pumice,,MOG,China,43e2eb0b-477b-40f9-9d43-353c81299c73,,"Mogao Grottoes, Dunhuang",Cave 85,,Washed and sieved pumice (75-300 microns),"1-4-G, 1-4-H, 1-4-K"
955,Field Sample 955,8a7231b0-706c-4da4-a786-baec13feec7c,,,Sample Row: 955,GCI/Dunhuang Academy,Getty Conservation Institute,Dunhuang Academy,,,No date,,White material (possibly microbiological),Bulk material,MOG,China,43e2eb0b-477b-40f9-9d43-353c81299c73,,"Mogao Grottoes, Dunhuang",Cave 85,West slope,White inclusion from coarse plaster sample,"1-4-G, 1-4-H, 1-4-K"
956,Field Sample 956,4028e9a8-17b2-423c-a012-1c3f66e82aa1,,,86XQ00PE17,GCI/Dunhuang Academy,Getty Conservation Institute,Dunhuang Academy,,,2000,2000,Wall painting,Fragment,MOG,China,43e2eb0b-477b-40f9-9d43-353c81299c73,,"Mogao Grottoes, Dunhuang",Cave 86,West wall,,"1-4-G, 1-4-H, 1-4-K"
957,Field Sample 957,626c0439-6c32-461e-8590-8dbbdd5fc2c3,,,86XQ00PE18,GCI/Dunhuang Academy,Getty Conservation Institute,Dunhuang Academy,,,2000,2000,Wall painting,Fragment,MOG,China,43e2eb0b-477b-40f9-9d43-353c81299c73,,"Mogao Grottoes, Dunhuang",Cave 86,West wall,,"1-4-G, 1-4-H, 1-4-K"
958,Field Sample 958,8a9b784f-db33-422b-aa07-cb1580dec2e5,,,86XP00PE19,GCI/Dunhuang Academy,Getty Conservation Institute,Dunhuang Academy,,,2000,2000,Wall painting,Fragment,MOG,China,43e2eb0b-477b-40f9-9d43-353c81299c73,,"Mogao Grottoes, Dunhuang",Cave 86,West slope,,"1-4-G, 1-4-H, 1-4-K"
959,Field Sample 959,7e97df19-1ef4-4b40-bd3b-14716a221446,,,86XP00PE20,GCI/Dunhuang Academy,Getty Conservation Institute,Dunhuang Academy,,,2000,2000,Wall painting,Fragment,MOG,China,43e2eb0b-477b-40f9-9d43-353c81299c73,,"Mogao Grottoes, Dunhuang",Cave 86,West slope,,"1-4-G, 1-4-H, 1-4-K"
960,Field Sample 960,7e594b01-74c9-499a-ba22-2689ac45f29e,,,86ZJ00PE21,GCI/Dunhuang Academy,Getty Conservation Institute,Dunhuang Academy,,,2000,2000,Wall painting,Fragment,MOG,China,43e2eb0b-477b-40f9-9d43-353c81299c73,,"Mogao Grottoes, Dunhuang",Cave 86,Ceiling,,"1-4-G, 1-4-H, 1-4-K"
961,Field Sample 961,8e0da037-31de-4555-b144-3d5b8e12725f,,,86ZJ00PE22,GCI/Dunhuang Academy,Getty Conservation Institute,Dunhuang Academy,,,2000,2000,Wall painting,Fragment,MOG,China,43e2eb0b-477b-40f9-9d43-353c81299c73,,"Mogao Grottoes, Dunhuang",Cave 86,Ceiling,,"1-4-G, 1-4-H, 1-4-K"
962,Field Sample 962,0f08f2e1-bc9e-4758-b233-54eba102ae9c,,,Sample Row: 962,GCI/Dunhuang Academy/Courtauld Institute of Art,Getty Conservation Institute,Dunhuang Academy,Courtauld Institute of Art,,No date,,Paint,Fragment,MOG,China,43e2eb0b-477b-40f9-9d43-353c81299c73,,"Mogao Grottoes, Dunhuang",Cave 260,unknown,Paint samples for Courtauld Institute of Art/Dunhuang Academy/GCI project in Cave 260,"1-4-G, 1-4-H, 1-4-K"
963,Field Sample 963,bedb032e-f923-4088-bd62-aa2fd3bd8486,,,Sample Row: 963,GCI/Dunhuang Academy/Courtauld Institute of Art,Getty Conservation Institute,Dunhuang Academy,Courtauld Institute of Art,,No date,,Wall painting,Fragment,MOG,China,43e2eb0b-477b-40f9-9d43-353c81299c73,,"Mogao Grottoes, Dunhuang",Cave 94,unknown,Red painted plaster sample,"1-4-G, 1-4-H, 1-4-K"
964,Field Sample 964,718dd15a-b080-493c-b76c-0bc8a4efb9a0,,,Sample Row: 964,GCI/Dunhuang Academy/Courtauld Institute of Art,Getty Conservation Institute,Dunhuang Academy,Courtauld Institute of Art,,No date,,Wall painting,Fragment,MOG,China,43e2eb0b-477b-40f9-9d43-353c81299c73,,"Mogao Grottoes, Dunhuang",Cave 138,unknown,Painted plaster sample,"1-4-G, 1-4-H, 1-4-K"
965,Field Sample 965,301aa4eb-1b91-4bb8-805a-cb33be280df4,,,Sample Row: 965,GCI/Dunhuang Academy/Courtauld Institute of Art,Getty Conservation Institute,Dunhuang Academy,Courtauld Institute of Art,,No date,,Wall painting,Fragment,MOG,China,43e2eb0b-477b-40f9-9d43-353c81299c73,,"Mogao Grottoes, Dunhuang",Cave 347,unknown,Painted plaster sample,"1-4-G, 1-4-H, 1-4-K"
966,Field Sample 966,b9754be5-e3bd-4418-819a-981a1470786c,,,1,Francesca Pique,Francesca Pique,,,,,,,,OMWP,,,,,,,Oro,1-6-F
967,Field Sample 967,7990c416-c6e3-4a0c-9d5b-3723a5086fbe,,,2,Francesca Pique,Francesca Pique,,,,,,,,OMWP,,,,,,,OPD No. 8792,1-6-F
968,Field Sample 968,0d65dd18-031b-4184-b023-03f3ce753057,,,3,Francesca Pique,Francesca Pique,,,,,,,,OMWP,,,,,,,Verde Gallo Nepp,1-6-F
969,Field Sample 969,77ab5cab-8b84-4550-89c5-c04146358a88,,,5,Francesca Pique,Francesca Pique,,,,,,,,OMWP,,,,,,,OPD No. 8793,1-6-F
970,Field Sample 970,cff5d049-b5fa-42fe-bd45-4b939e12bd9c,,,9,Francesca Pique,Francesca Pique,,,,,,,,OMWP,,,,,,,OPD No. 8794,1-6-F
971,Field Sample 971,a2a394e1-1031-4fca-8726-d324804f0eed,,,11,Francesca Pique,Francesca Pique,,,,,,,,OMWP,,,,,,,OPD No. 8795,1-6-F
972,Field Sample 972,4e4548c4-f375-4fd5-b634-71b0eb2c552c,,,14,Francesca Pique,Francesca Pique,,,,,,,,OMWP,,,,,,,OPD No. 8796,1-6-F
973,Field Sample 973,3f5135ff-c8c7-4bc4-8892-f91d6716212e,,,17,Francesca Pique,Francesca Pique,,,,,,,,OMWP,,,,,,,,1-6-F
974,Field Sample 974,50b24d15-5591-45f5-9fa7-d99c467fa10f,See also printed sheet in storage location for OMWP Pozzo study,53db9e00-3d58-4909-8c0c-603dab5cb774,Pozzo_02_ott08,Francesca Pique,Francesca Pique,,,,200810,2008-10,,Cross-section,OMWP,Italy,04138f0a-3ae2-4fd0-88c7-7739277f432c,,"Chiesa di Mondovi, Mondovi Cuneo",,"Location 2, Vault 5","biuoler, in binder",1-6-F
975,Field Sample 975,087c6a39-23ef-4d76-b746-4570f998a193,See also printed sheet in storage location for OMWP Pozzo study,53db9e00-3d58-4909-8c0c-603dab5cb774,Pozzo_02_ott08,Francesca Pique,Francesca Pique,,,,200810,2008-10,,,OMWP,Italy,04138f0a-3ae2-4fd0-88c7-7739277f432c,,"Chiesa di Mondovi, Mondovi Cuneo",,Vault 5,"XRD SE2 biuoler, in binder",1-6-F
976,Field Sample 976,5aeec0c9-0fb5-45c5-8bd2-d229eb40f1f4,See also printed sheet in storage location for OMWP Pozzo study,53db9e00-3d58-4909-8c0c-603dab5cb774,Pozzo_03_ott08,Francesca Pique,Francesca Pique,,,,200810,2008-10,,Cross-section,OMWP,Italy,04138f0a-3ae2-4fd0-88c7-7739277f432c,,"Chiesa di Mondovi, Mondovi Cuneo",,Vault 5,,1-6-F
977,Field Sample 977,39f067c8-6b95-4d3d-a627-dbb31d8bdbd8,See also printed sheet in storage location for OMWP Pozzo study,53db9e00-3d58-4909-8c0c-603dab5cb774,Pozzo_03_ott08,Francesca Pique,Francesca Pique,,,,200810,2008-10,,,OMWP,Italy,04138f0a-3ae2-4fd0-88c7-7739277f432c,,"Chiesa di Mondovi, Mondovi Cuneo",,Vault 5,"SE2, in binder",1-6-F
978,Field Sample 978,1a2e48cd-bf3a-4b3c-ba1b-cb3b5057d692,See also printed sheet in storage location for OMWP Pozzo study,53db9e00-3d58-4909-8c0c-603dab5cb774,Pozzo_04_ott08,Francesca Pique,Francesca Pique,,,,200810,2008-10,,Cross-section,OMWP,Italy,04138f0a-3ae2-4fd0-88c7-7739277f432c,,"Chiesa di Mondovi, Mondovi Cuneo",,Vault 5,,1-6-F
979,Field Sample 979,f45383c6-d46f-4ef1-8e7d-9e53079017d6,See also printed sheet in storage location for OMWP Pozzo study,53db9e00-3d58-4909-8c0c-603dab5cb774,Pozzo_04_ott08,Francesca Pique,Francesca Pique,,,,200810,2008-10,,,OMWP,Italy,04138f0a-3ae2-4fd0-88c7-7739277f432c,,"Chiesa di Mondovi, Mondovi Cuneo",,Vault 5,In binder,1-6-F
980,Field Sample 980,a12c52f7-654c-437a-93f1-7f134f5e7daa,See also printed sheet in storage location for OMWP Pozzo study,53db9e00-3d58-4909-8c0c-603dab5cb774,Pozzo_05_ott08,Francesca Pique,Francesca Pique,,,,200810,2008-10,,Cross-section,OMWP,Italy,04138f0a-3ae2-4fd0-88c7-7739277f432c,,"Chiesa di Mondovi, Mondovi Cuneo",,Vault 5,,1-6-F
981,Field Sample 981,16df3b27-2f09-4efb-97a5-77b4a06efaab,See also printed sheet in storage location for OMWP Pozzo study,53db9e00-3d58-4909-8c0c-603dab5cb774,Pozzo_05_ott08,Francesca Pique,Francesca Pique,,,,200810,2008-10,,,OMWP,Italy,04138f0a-3ae2-4fd0-88c7-7739277f432c,,"Chiesa di Mondovi, Mondovi Cuneo",,Vault 5,In binder,1-6-F
982,Field Sample 982,a65c211c-0474-401f-964d-a2ec23cf1d54,See also printed sheet in storage location for OMWP Pozzo study,53db9e00-3d58-4909-8c0c-603dab5cb774,Pozzo_06_ott08,Francesca Pique,Francesca Pique,,,,200810,2008-10,,,OMWP,Italy,04138f0a-3ae2-4fd0-88c7-7739277f432c,,"Chiesa di Mondovi, Mondovi Cuneo",,Vault 6,In binder,1-6-F
983,Field Sample 983,6606a175-7603-4d8d-b079-eaee9dada5c3,See also printed sheet in storage location for OMWP Pozzo study,53db9e00-3d58-4909-8c0c-603dab5cb774,Pozzo_07_ott08,Francesca Pique,Francesca Pique,,,,200810,2008-10,,Cross-section,OMWP,Italy,04138f0a-3ae2-4fd0-88c7-7739277f432c,,"Chiesa di Mondovi, Mondovi Cuneo",,Vault 5,,1-6-F
984,Field Sample 984,d69fb60c-d97e-4a00-affb-7c6883bcd631,See also printed sheet in storage location for OMWP Pozzo study,53db9e00-3d58-4909-8c0c-603dab5cb774,Pozzo_07_ott08,Francesca Pique,Francesca Pique,,,,200810,2008-10,,,OMWP,Italy,04138f0a-3ae2-4fd0-88c7-7739277f432c,,"Chiesa di Mondovi, Mondovi Cuneo",,Vault 5,In binder,1-6-F
985,Field Sample 985,35352f3d-5930-4dd3-8f03-de6583ed3263,See also printed sheet in storage location for OMWP Pozzo study,53db9e00-3d58-4909-8c0c-603dab5cb774,Pozzo_08_ott08,Francesca Pique,Francesca Pique,,,,200810,2008-10,,Cross-section,OMWP,Italy,04138f0a-3ae2-4fd0-88c7-7739277f432c,,"Chiesa di Mondovi, Mondovi Cuneo",,Vault 5,,1-6-F
986,Field Sample 986,89d2c396-6b5e-4f70-971f-e5acfbd7a5aa,See also printed sheet in storage location for OMWP Pozzo study,53db9e00-3d58-4909-8c0c-603dab5cb774,Pozzo_08_ott08,Francesca Pique,Francesca Pique,,,,200810,2008-10,,,OMWP,Italy,04138f0a-3ae2-4fd0-88c7-7739277f432c,,"Chiesa di Mondovi, Mondovi Cuneo",,Vault 5,In binder,1-6-F
987,Field Sample 987,9b1ac385-fc40-4fe9-b9b7-c0fafa614f93,See also printed sheet in storage location for OMWP Pozzo study,53db9e00-3d58-4909-8c0c-603dab5cb774,Pozzo_09_ott08,Francesca Pique,Francesca Pique,,,,200810,2008-10,,,OMWP,Italy,04138f0a-3ae2-4fd0-88c7-7739277f432c,,"Chiesa di Mondovi, Mondovi Cuneo",,Vault 5,In binder,1-6-F
988,Field Sample 988,7b24d290-af0b-486c-8e5d-a92cfc4b7510,See also printed sheet in storage location for OMWP Pozzo study,53db9e00-3d58-4909-8c0c-603dab5cb774,Pozzo_10_ott08,Francesca Pique,Francesca Pique,,,,200810,2008-10,,,OMWP,Italy,04138f0a-3ae2-4fd0-88c7-7739277f432c,,"Chiesa di Mondovi, Mondovi Cuneo",,Vault 5,In binder,1-6-F
989,Field Sample 989,1896d536-ecba-4b42-819a-11de8be06af1,See also printed sheet in storage location for OMWP Pozzo study,53db9e00-3d58-4909-8c0c-603dab5cb774,Pozzo_11_ott08,Francesca Pique,Francesca Pique,,,,200810,2008-10,,Cross-section,OMWP,Italy,04138f0a-3ae2-4fd0-88c7-7739277f432c,,"Chiesa di Mondovi, Mondovi Cuneo",,Vault 5,,1-6-F
990,Field Sample 990,4c15bc0a-03cc-46dc-a2ec-4f252989237e,See also printed sheet in storage location for OMWP Pozzo study,53db9e00-3d58-4909-8c0c-603dab5cb774,Pozzo_11_ott08,Francesca Pique,Francesca Pique,,,,200810,2008-10,,,OMWP,Italy,04138f0a-3ae2-4fd0-88c7-7739277f432c,,"Chiesa di Mondovi, Mondovi Cuneo",,Vault 5,In binder,1-6-F
991,Field Sample 991,39f85b21-7ecb-488b-a1b4-bbb8ec8ac03a,See also printed sheet in storage location for OMWP Pozzo study,53db9e00-3d58-4909-8c0c-603dab5cb774,Pozzo_12_ottt08,Francesca Pique,Francesca Pique,,,,200810,2008-10,,Cross-section,OMWP,Italy,04138f0a-3ae2-4fd0-88c7-7739277f432c,,"Chiesa di Mondovi, Mondovi Cuneo",,Vault 5,,1-6-F
992,Field Sample 992,8e69be8f-4098-40b2-a980-c5e168fe0604,See also printed sheet in storage location for OMWP Pozzo study,53db9e00-3d58-4909-8c0c-603dab5cb774,Pozzo_12_ottt08,Francesca Pique,Francesca Pique,,,,200810,2008-10,,,OMWP,Italy,04138f0a-3ae2-4fd0-88c7-7739277f432c,,"Chiesa di Mondovi, Mondovi Cuneo",,Vault 5,In binder,1-6-F
993,Field Sample 993,28073cec-f405-4c08-b54c-b5162d15bc1a,See also printed sheet in storage location for OMWP Pozzo study,53db9e00-3d58-4909-8c0c-603dab5cb774,Pozzo_13_ott08,Francesca Pique,Francesca Pique,,,,200810,2008-10,,Cross-section,OMWP,Italy,04138f0a-3ae2-4fd0-88c7-7739277f432c,,"Chiesa di Mondovi, Mondovi Cuneo",,Vault 5,,1-6-F
994,Field Sample 994,26da059d-434f-4a53-9038-d5975a6832a5,See also printed sheet in storage location for OMWP Pozzo study,53db9e00-3d58-4909-8c0c-603dab5cb774,Pozzo_13_ott08,Francesca Pique,Francesca Pique,,,,200810,2008-10,,,OMWP,Italy,04138f0a-3ae2-4fd0-88c7-7739277f432c,,"Chiesa di Mondovi, Mondovi Cuneo",,Vault 6,In binder,1-6-F
995,Field Sample 995,35aec3f3-3e8a-40aa-a7a1-2637d096c73a,See also printed sheet in storage location for OMWP Pozzo study,53db9e00-3d58-4909-8c0c-603dab5cb774,Pozzo_14_ott08,Francesca Pique,Francesca Pique,,,,200810,2008-10,,Cross-section,OMWP,Italy,04138f0a-3ae2-4fd0-88c7-7739277f432c,,"Chiesa di Mondovi, Mondovi Cuneo",,Vault 6,,1-6-F
996,Field Sample 996,9154b4d9-a213-4b55-991e-464d8d1083e1,See also printed sheet in storage location for OMWP Pozzo study,53db9e00-3d58-4909-8c0c-603dab5cb774,Pozzo_14_ott08,Francesca Pique,Francesca Pique,,,,200810,2008-10,,Cross-section,OMWP,Italy,04138f0a-3ae2-4fd0-88c7-7739277f432c,,"Chiesa di Mondovi, Mondovi Cuneo",,Vault 6,,1-6-F
997,Field Sample 997,39cbd9d7-051e-4273-8e21-ecf6afb0507e,See also printed sheet in storage location for OMWP Pozzo study,53db9e00-3d58-4909-8c0c-603dab5cb774,Pozzo_14_ott08,Francesca Pique,Francesca Pique,,,,200810,2008-10,,,OMWP,Italy,04138f0a-3ae2-4fd0-88c7-7739277f432c,,"Chiesa di Mondovi, Mondovi Cuneo",,Vault 6,In binder,1-6-F
998,Field Sample 998,2c25391b-2168-4ded-8202-089bb2e44997,See also printed sheet in storage location for OMWP Pozzo study,53db9e00-3d58-4909-8c0c-603dab5cb774,Pozzo_15_ott08,Francesca Pique,Francesca Pique,,,,200810,2008-10,,Cross-section,OMWP,Italy,04138f0a-3ae2-4fd0-88c7-7739277f432c,,"Chiesa di Mondovi, Mondovi Cuneo",,Vault 6,,1-6-F
999,Field Sample 999,f3739320-f8a4-4c8f-b49c-f5c3c86745f8,See also printed sheet in storage location for OMWP Pozzo study,53db9e00-3d58-4909-8c0c-603dab5cb774,Pozzo_16_ott08,Francesca Pique,Francesca Pique,,,,200810,2008-10,,,OMWP,Italy,04138f0a-3ae2-4fd0-88c7-7739277f432c,,"Chiesa di Mondovi, Mondovi Cuneo",,Vault 6,In binder,1-6-F
1000,Field Sample 1000,8bf4188e-19f1-432e-b3d1-ac03ee8f9643,See also printed sheet in storage location for OMWP Pozzo study,53db9e00-3d58-4909-8c0c-603dab5cb774,Pozzo_16_ott08,Francesca Pique,Francesca Pique,,,,200810,2008-10,,Cross-section,OMWP,Italy,04138f0a-3ae2-4fd0-88c7-7739277f432c,,"Chiesa di Mondovi, Mondovi Cuneo",,Vault 6,,1-6-F
1001,Field Sample 1001,f3821f18-744e-4a3a-ac44-312550495c55,See also printed sheet in storage location for OMWP Pozzo study,53db9e00-3d58-4909-8c0c-603dab5cb774,Pozzo_17_jan09,Francesca Pique,Francesca Pique,,,,200901,2009-01,,,OMWP,Italy,04138f0a-3ae2-4fd0-88c7-7739277f432c,,"Chiesa di Mondovi, Mondovi Cuneo",,Vault 5,Scraping of red paint made with red organic pigment with a few plaster particles. For dye analysis. In binder,1-6-F
1002,Field Sample 1002,bbd0c45b-9b40-4e8a-a465-3ab047dc8d71,See also printed sheet in storage location for OMWP Pozzo study,53db9e00-3d58-4909-8c0c-603dab5cb774,Pozzo_17_jan09,Francesca Pique,Francesca Pique,,,,200901,2009-01,,,OMWP,Italy,04138f0a-3ae2-4fd0-88c7-7739277f432c,,"Chiesa di Mondovi, Mondovi Cuneo",,Vault 5,Scraping of red organic pigment. In binder,1-6-F
1003,Field Sample 1003,7d60ada0-5d86-4eb2-a1dc-5a8b9a2f5d39,See also printed sheet in storage location for OMWP Pozzo study,53db9e00-3d58-4909-8c0c-603dab5cb774,Pozzo_18_jan09,Francesca Pique,Francesca Pique,,,,200901,2009-01,,,OMWP,Italy,04138f0a-3ae2-4fd0-88c7-7739277f432c,,"Chiesa di Mondovi, Mondovi Cuneo",,Vault 5,Scraping of original surface fixative for org. mat. Analysis. In binder.,1-6-F
1004,Field Sample 1004,f2967b58-ca76-4520-a887-9a471195fe5e,See also printed sheet in storage location for OMWP Pozzo study,53db9e00-3d58-4909-8c0c-603dab5cb774,Pozzo_18_jan09,Francesca Pique,Francesca Pique,,,,200901,2009-01,,,OMWP,Italy,04138f0a-3ae2-4fd0-88c7-7739277f432c,,"Chiesa di Mondovi, Mondovi Cuneo",,Vault 5,Scraping of original surface fixative. In binder.,1-6-F
1005,Field Sample 1005,20b4cb5e-788f-4228-b3da-f8282ce6a504,See also printed sheet in storage location for OMWP Pozzo study,53db9e00-3d58-4909-8c0c-603dab5cb774,Pozzo_19_jan09,Francesca Pique,Francesca Pique,,,,200901,2009-01,,,OMWP,Italy,04138f0a-3ae2-4fd0-88c7-7739277f432c,,"Chiesa di Mondovi, Mondovi Cuneo",,Vault 5,Clum of yellow paint for binder identification. In binder,1-6-F
1006,Field Sample 1006,4eb12c54-0a9e-4149-8f0a-d1af2696228d,See also printed sheet in storage location for OMWP Pozzo study,53db9e00-3d58-4909-8c0c-603dab5cb774,Pozzo_19_jan09,Francesca Pique,Francesca Pique,,,,200901,2009-01,,,OMWP,Italy,04138f0a-3ae2-4fd0-88c7-7739277f432c,,"Chiesa di Mondovi, Mondovi Cuneo",,Vault 5,Yellow paint. In binder.,1-6-F
1007,Field Sample 1007,baff272c-d8fc-4d63-863e-28334578a2e7,See also printed sheet in storage location for OMWP Pozzo study,53db9e00-3d58-4909-8c0c-603dab5cb774,Pozzo_22_jan09,Francesca Pique,Francesca Pique,,,,200901,2009-01,,,OMWP,Italy,04138f0a-3ae2-4fd0-88c7-7739277f432c,,"Chiesa di Mondovi, Mondovi Cuneo",,"Under arch, left side",scraping of surface coating. In binder,1-6-F
1008,Field Sample 1008,7d46d89a-e618-45ef-ae4a-c78d87652d6a,See also printed sheet in storage location for OMWP Pozzo study,53db9e00-3d58-4909-8c0c-603dab5cb774,Pozzo_22_jan09,Francesca Pique,Francesca Pique,,,,200901,2009-01,,,OMWP,Italy,04138f0a-3ae2-4fd0-88c7-7739277f432c,,"Chiesa di Mondovi, Mondovi Cuneo",,"Under arch, left side",scraping of surface coating. In binder,1-6-F
1009,Field Sample 1009,c458a83b-044f-4cc9-bfaf-663a2afbc880,See also printed sheet in storage location for OMWP Pozzo study,53db9e00-3d58-4909-8c0c-603dab5cb774,Pozzo_23_jan09,Francesca Pique,Francesca Pique,,,,200901,2009-01,,,OMWP,Italy,04138f0a-3ae2-4fd0-88c7-7739277f432c,,"Chiesa di Mondovi, Mondovi Cuneo",,"Under arch, right",scraping of surface coating. In binder,1-6-F
1010,Field Sample 1010,67dab5a9-59dd-4be6-b7c3-9c35125877e7,See also printed sheet in storage location for OMWP Pozzo study,53db9e00-3d58-4909-8c0c-603dab5cb774,Pozzo_23_jan09,Francesca Pique,Francesca Pique,,,,200901,2009-01,,,OMWP,Italy,04138f0a-3ae2-4fd0-88c7-7739277f432c,,"Chiesa di Mondovi, Mondovi Cuneo",,"Under arch, right",In binder,1-6-F
1011,Field Sample 1011,48cdcf46-d4df-4d02-bef9-ebbe28f73123,See also printed sheet in storage location for OMWP Pozzo study,53db9e00-3d58-4909-8c0c-603dab5cb774,Pozzo_24_mar09,Francesca Pique,Francesca Pique,,,,200903,2009-03,,,OMWP,Italy,04138f0a-3ae2-4fd0-88c7-7739277f432c,,"Chiesa di Mondovi, Mondovi Cuneo",,Vault 5,In binder,1-6-F
1012,Field Sample 1012,21163ed3-854d-4a15-85f3-7f7260c28cc1,See also printed sheet in storage location for OMWP Pozzo study,53db9e00-3d58-4909-8c0c-603dab5cb774,Pozzo_25_mar09,Francesca Pique,Francesca Pique,,,,200903,2009-03,,,OMWP,Italy,04138f0a-3ae2-4fd0-88c7-7739277f432c,,"Chiesa di Mondovi, Mondovi Cuneo",,Vault 5,Giacomo. In binder,1-6-F
1013,Field Sample 1013,51ddbf6e-018e-4b25-b4ed-7fd8ba11d6c8,See also printed sheet in storage location for OMWP Pozzo study,53db9e00-3d58-4909-8c0c-603dab5cb774,Pozzo_26_mar09,Francesca Pique,Francesca Pique,,,,200903,2009-03,,,OMWP,Italy,04138f0a-3ae2-4fd0-88c7-7739277f432c,,"Chiesa di Mondovi, Mondovi Cuneo",,Vault 5,In binder,1-6-F
1014,Field Sample 1014,44a01949-2bcd-4ff0-b86a-a16d847954af,,,C-19,Francesca Pique,Francesca Pique,,,,,,,,OMWP,,,,,,Apse,Pre Rava's luterveaution? 2006/2007,1-6-F
1015,Field Sample 1015,1964e7c3-3506-4ce0-b6d7-fe0b97943407,,,C-19,Francesca Pique,Francesca Pique,,,,,,,,OMWP,,,,,,Apse,"Pre Rava's luterveaution? 2006/2007.  St. Francis(?) sauerio, in mondavi",1-6-F
1016,Field Sample 1016,f5f36405-3b2b-436d-a570-24ff688198fd,,,N3_1,,,,,,,,Paint,,OMWP,,,,Tintori,,,Unmounted paint layer,1-6-F
1017,Field Sample 1017,930eadf4-c98f-4fc3-a835-522c6ed77e4e,,,N3_1,,,,,,,,Paint,Cross-section,OMWP,,,,Tintori,,,Miclotomed + polished,1-6-F
1018,Field Sample 1018,67d0566f-bf20-4367-9e4b-b14ed1b84eb9,,,N3_1,,,,,,,,Paint,Powder,OMWP,,,,Tintori,,,Unmounted,1-6-F
1019,Field Sample 1019,2d85422b-01ca-4775-b674-43b34ecb1d25,,,N3_1,,,,,,,,Paint,,OMWP,,,,Tintori,,,1,1-6-F
1020,Field Sample 1020,5f109394-c2b7-402d-a63f-49c47d90d3a2,,,N3_1_p,,,,,,,,Paint,Cross-section,OMWP,,,,Tintori,,,,1-6-F
1021,Field Sample 1021,a8b24a61-c722-4895-b6a0-226a92e0ec4b,,,N20_A,,,,,,,,Paint,Cross-section,OMWP,,,,Tintori,,,Unmounted paint layer,1-6-F
1022,Field Sample 1022,252d77bf-7fbf-4503-b41a-b517fb53e7e4,,,N20_A,,,,,,,,Paint,Powder,OMWP,,,,Tintori,,,Unmounted,1-6-F
1023,Field Sample 1023,42049ca5-215d-4c24-991b-71152db18d3e,,,N20_A,,,,,,,,Paint,,OMWP,,,,Tintori,,,,1-6-F
1024,Field Sample 1024,766b8ff2-b61a-43df-bb72-171a0c6c981e,,,N20_A_e,,,,,,,,Paint,Cross-section,OMWP,,,,Tintori,,,,1-6-F
1025,Field Sample 1025,a0fc7c67-2e61-4be6-9a9c-065491f85b74,,,N20_A_p,,,,,,,,Paint,Cross-section,OMWP,,,,Tintori,,,,1-6-F
1026,Field Sample 1026,0e503222-3d09-4698-980c-57df5bda4c64,,,N20_C,,,,,,,,Paint,Cross-section,OMWP,,,,Tintori,,,Miclotomed + polished,1-6-F
1027,Field Sample 1027,e6d5b347-bed8-45ff-b38e-285831227ab8,,,N20_C,,,,,,,,Paint,,OMWP,,,,Tintori,,,Unmounted paint layer,1-6-F
1028,Field Sample 1028,c995c98a-cb7d-44f0-bda4-29b6c579d8e0,,,N20_C,,,,,,,,Paint,Powder,OMWP,,,,Tintori,,,Unmounted,1-6-F
1029,Field Sample 1029,e8b22ff8-59a4-433c-8d23-b66c14b8a2e8,,,N20_C,,,,,,,,Paint,,OMWP,,,,Tintori,,,,1-6-F
1030,Field Sample 1030,21e77658-7f52-48a4-9952-01c1b68c5bd3,,,N20_C_e,,,,,,,,Paint,,OMWP,,,,Tintori,,,,1-6-F
1031,Field Sample 1031,a8664f78-8217-497b-9f65-47429477f092,,,N20_C_p,,,,,,,,Paint,Cross-section,OMWP,,,,Tintori,,,,1-6-F
1032,Field Sample 1032,0eef9b0b-1abb-4103-90d3-5287197538fd,,,N29_A,,,,,,,,Paint,,OMWP,,,,Tintori,,,Unmounted paint layer,1-6-F
1033,Field Sample 1033,1f459c97-bf95-4aca-9a20-274f56fd7125,,,N29_A,,,,,,,,Paint,Powder,OMWP,,,,Tintori,,,Unmounted,1-6-F
1034,Field Sample 1034,250a686e-c266-4bb7-9aaf-21f199ec8f93,,,N29_A_a,,,,,,,,Paint,Powder,OMWP,,,,Tintori,,,,1-6-F
1035,Field Sample 1035,9ee056fd-4b5c-431f-b44a-ac00cfdf315d,,,N29_A_e,,,,,,,,Paint,Cross-section,OMWP,,,,Tintori,,,,1-6-F
1036,Field Sample 1036,02db1955-7021-483c-9845-fa6b0b1aeefa,,,N29_A_p,,,,,,,,Paint,Cross-section,OMWP,,,,Tintori,,,,1-6-F
1037,Field Sample 1037,dd0b0a53-ff3d-4149-8ac2-b5c69f49175d,,,N29_C,,,,,,,,Paint,,OMWP,,,,Tintori,,,Unmounted paint layer,1-6-F
1038,Field Sample 1038,47f10c95-5174-42c1-a02e-480f56b04229,,,N29_C,,,,,,,,Paint,Cross-section,OMWP,,,,Tintori,,,Miclotomed + polished,1-6-F
1039,Field Sample 1039,dab12410-0cd8-4b30-8220-a6bdf49c8482,,,N29_C,,,,,,,,Paint,Powder,OMWP,,,,Tintori,,,Miclotomed + polished,1-6-F
1040,Field Sample 1040,1fd4a424-916d-4716-b8c6-756791bb5b67,,,N29_C,,,,,,,,Paint,Powder,OMWP,,,,Tintori,,,Unmounted,1-6-F
1041,Field Sample 1041,75e2e699-4236-472e-ba3c-ee77d22081df,,,N29_C,,,,,,,,Paint,Cross-section,OMWP,,,,Tintori,,,"Miclotomed + polished, 01 P4c",1-6-F
1042,Field Sample 1042,3eac08f0-e960-4684-a64b-ad9db931a246,,,N29_C,,,,,,,,Paint,,OMWP,,,,Tintori,,,"Miclotomed + polished, 01 P4c3",1-6-F
1043,Field Sample 1043,7166221a-d035-42e9-a29c-770101814056,,,N29_C_e,,,,,,,,Paint,Cross-section,OMWP,,,,Tintori,,,,1-6-F
1044,Field Sample 1044,ab248388-9f14-4c88-9cd3-a2da62b7a75c,,,N29_C_p,,,,,,,,Paint,Cross-section,OMWP,,,,Tintori,,,,1-6-F
1045,Field Sample 1045,412e8fa1-92ed-4080-82ee-fb9de76a6dca,,,N38_A,,,,,,,,Paint,,OMWP,,,,Tintori,,,Unmounted paint layer,1-6-F
1046,Field Sample 1046,83104fbd-99f0-4333-9da5-a9741425f5eb,,,N38_A,,,,,,,,Paint,Powder,OMWP,,,,Tintori,,,Unmounted,1-6-F
1047,Field Sample 1047,d5b45f64-a3fb-4592-a697-816ebfd1bb7f,,,N38_A,,,,,,,,Paint,,OMWP,,,,Tintori,,,,1-6-F
1048,Field Sample 1048,7efd9efb-e1ce-4d39-986d-0ec50c4e8092,,,N38_A_p,,,,,,,,Paint,Cross-section,OMWP,,,,Tintori,,,,1-6-F
1049,Field Sample 1049,7a49b537-3960-49cc-855c-fcfbff83bb80,,,N38_B,,,,,,,,Paint,Powder,OMWP,,,,Tintori,,,Unmounted,1-6-F
1050,Field Sample 1050,aba8c628-cdfe-4165-b7cc-6c22e7ce3eea,,,N38_B_a,,,,,,,,Paint,Powder,OMWP,,,,Tintori,,,,1-6-F
1051,Field Sample 1051,03a99247-8a82-4adb-bdb9-a40ec5d152bc,,,N38-C,,,,,,,,Paint,,OMWP,,,,Tintori,,,Unmounted paint layer,1-6-F
1052,Field Sample 1052,a1aaa6f4-196e-4905-a70e-3cd8a347e712,,,N38_C,,,,,,,,Paint,Cross-section,OMWP,,,,Tintori,,,Miclotomed + polished,1-6-F
1053,Field Sample 1053,b0404888-c3a4-469e-8476-59fbc08d4326,,,N38_C,,,,,,,,Paint,Powder,OMWP,,,,Tintori,,,Unmounted,1-6-F
1054,Field Sample 1054,445cde4a-da89-4f69-86e6-f0c8a24cafa6,,,N38_C_e,,,,,,,,Paint,Cross-section,OMWP,,,,Tintori,,,,1-6-F
1055,Field Sample 1055,9bcd3ef1-5959-4dd0-b9e4-3c6e2029a88b,,,N38_C_p,,,,,,,,Paint,Cross-section,OMWP,,,,Tintori,,,,1-6-F
1056,Field Sample 1056,2ce324be-f278-414f-b7ae-677d1a581b13,,,Z8_A1,,,,,,,,Paint,Powder,OMWP,,,,Tintori,,,Unmounted,1-6-F
1057,Field Sample 1057,61dd9597-f34c-43eb-b3dd-dd7744cf1a35,,,Z8_A1,,,,,,,,Paint,,OMWP,,,,Tintori,,,33,1-6-F
1058,Field Sample 1058,be0a2233-202f-48b6-be4b-ea0f503e8508,,,Z8_A1_a,,,,,,,,Paint,Powder,OMWP,,,,Tintori,,,,1-6-F
1059,Field Sample 1059,e5d413a8-5e0f-43bc-8c5a-b04775ab69e0,,,Z8_A1_e,,,,,,,,Paint,Cross-section,OMWP,,,,Tintori,,,,1-6-F
1060,Field Sample 1060,060e82fb-f488-4471-a740-048370d3dd1c,,,Z8_A1_p,,,,,,,,Paint,Cross-section,OMWP,,,,Tintori,,,,1-6-F
1061,Field Sample 1061,1bed0eab-0f19-45c9-8ebc-2ae0e09411f9,,,Z8_B2,,,,,,,,Paint,,OMWP,,,,Tintori,,,Unmounted paint layer,1-6-F
1062,Field Sample 1062,1d7a221f-84ae-4308-ac65-a2a3d4f63e04,,,Z8_B2,,,,,,,,Paint,Powder,OMWP,,,,Tintori,,,Unmounted,1-6-F
1063,Field Sample 1063,ec8d9981-f9ee-4c5c-b835-a0bdf1edba3b,,,Z8_B2,,,,,,,,Paint,,OMWP,,,,Tintori,,,34,1-6-F
1064,Field Sample 1064,9f9a2707-fcde-43fc-b30c-187e497469e6,,,Z8_B2_p,,,,,,,,Paint,Cross-section,OMWP,,,,Tintori,,,,1-6-F
1065,Field Sample 1065,f10ea755-3616-4a32-9823-6c4bb6458727,,,Z8_C3,,,,,,,,Paint,,OMWP,,,,Tintori,,,Unmounted paint layer,1-6-F
1066,Field Sample 1066,40bf87fb-3cea-4a41-b072-82ca13caed46,,,Z8_C3,,,,,,,,Paint,Powder,OMWP,,,,Tintori,,,Unmounted,1-6-F
1067,Field Sample 1067,3fa959b8-e851-46df-bd57-3ca511937cf8,,,Z8_C3,,,,,,,,Paint,,OMWP,,,,Tintori,,,35,1-6-F
1068,Field Sample 1068,2efbcbc0-d005-4319-b4ea-de461650eb78,,,Z8_C3_p,,,,,,,,Paint,Cross-section,OMWP,,,,Tintori,,,,1-6-F
1069,Field Sample 1069,700e186f-a0ea-464a-b1ef-3008e6c3e260,,,Z8_D4,,,,,,,,Paint,,OMWP,,,,Tintori,,,Unmounted paint layer,1-6-F
1070,Field Sample 1070,983b7cc9-4f5b-4cd2-8ca3-72f1bec7dfcc,,,Z8_D4,,,,,,,,Paint,Powder,OMWP,,,,Tintori,,,Miclotomed + polished,1-6-F
1071,Field Sample 1071,ef859cf0-5a6c-4014-9b27-ecaed6248350,,,Z8_D4,,,,,,,,Paint,Powder,OMWP,,,,Tintori,,,Unmounted,1-6-F
1072,Field Sample 1072,69c013e8-d34d-4f8b-a7b0-bb3f01b1bd4e,,,Z8_D4,,,,,,,,Paint,,OMWP,,,,Tintori,,,36,1-6-F
1073,Field Sample 1073,c726d2c1-c432-42e0-b98d-0e3a526fd570,,,Z8_D4,,,,,,,,Paint,Cross-section,OMWP,,,,Tintori,,,"Miclotomed + polished, 01 P4c",1-6-F
1074,Field Sample 1074,f5c01179-cd9b-4733-b3d0-6da029049ea2,,,Z8_D4,,,,,,,,Paint,Cross-section,OMWP,,,,Tintori,,,"Miclotomed + polished, 00 P4c3 T.S",1-6-F
1075,Field Sample 1075,9d8809bf-f1b3-4334-b195-0019954ee954,,,Z8_D4_a,,,,,,,,Paint,Powder,OMWP,,,,Tintori,,,,1-6-F
1076,Field Sample 1076,8bbf5d56-28ab-4807-9b3e-17f5b9658798,,,Z8_D4_e,,,,,,,,Paint,Cross-section,OMWP,,,,Tintori,,,,1-6-F
1077,Field Sample 1077,6bbd910b-3baa-47e3-aa70-87be8a6c8e43,,,Z8_D4_p,,,,,,,,Paint,Cross-section,OMWP,,,,Tintori,,,,1-6-F
1078,Field Sample 1078,20e8f415-34c8-4b9c-becb-f58da3f561bc,,,Z9_A1,,,,,,,,Paint,,OMWP,,,,Tintori,,,Unmounted paint layer,1-6-F
1079,Field Sample 1079,738d398f-c9d4-4ac2-b87e-ba7376d95560,,,Z9_A1,,,,,,,,Paint,Powder,OMWP,,,,Tintori,,,Unmounted,1-6-F
1080,Field Sample 1080,6c5c6f7f-c745-4df5-994d-8f8be3de17fa,,,Z9_A1_e,,,,,,,,Paint,Cross-section,OMWP,,,,Tintori,,,,1-6-F
1081,Field Sample 1081,bdb9db23-560c-4a12-8d66-2c82bebe6c72,,,A9_A1_p,,,,,,,,Paint,Cross-section,OMWP,,,,Tintori,,,,1-6-F
1082,Field Sample 1082,00fac5bb-3e01-481e-b71f-44708bed86c0,,,Z9_B2,,,,,,,,Paint,,OMWP,,,,Tintori,,,Unmounted paint layer,1-6-F
1083,Field Sample 1083,6c4f391e-d2db-4311-8a02-46ebcf971492,,,Z9_B2,,,,,,,,Paint,Powder,OMWP,,,,Tintori,,,Unmounted,1-6-F
1084,Field Sample 1084,ccf5e93d-f4d0-4983-8c33-d0f0ae4f5952,,,Z9_B2_a,,,,,,,,Paint,Powder,OMWP,,,,Tintori,,,,1-6-F
1085,Field Sample 1085,dc8594e4-d178-414d-af3c-251dee86c4ab,,,Z9_B2_p,,,,,,,,Paint,Cross-section,OMWP,,,,Tintori,,,,1-6-F
1086,Field Sample 1086,7682b34e-0d78-4517-a140-49770c355a9c,,,Z9_C3,,,,,,,,Paint,,OMWP,,,,Tintori,,,Unmounted paint layer,1-6-F
1087,Field Sample 1087,e5317e2b-c271-4952-aedf-44a5ef7d9a9c,,,Z9_C3,,,,,,,,Paint,Powder,OMWP,,,,Tintori,,,Unmounted,1-6-F
1088,Field Sample 1088,badeb153-e8ee-4b54-8aed-7746c91dd7c9,,,Z9_C3_01,,,,,,,,Paint,Cross-section,OMWP,,,,Tintori,,,Miclotomed + polished,1-6-F
1089,Field Sample 1089,f695e6c3-2f37-44f7-9707-6c18ce2670e0,,,Z9_C3_01,,,,,,,,Paint,Cross-section,OMWP,,,,Tintori,,,Miclotomed + polished,1-6-F
1090,Field Sample 1090,0606eaf4-6b0f-44bb-8693-d1d259b9be6c,,,Z9_C3_02,,,,,,,,Paint,Cross-section,OMWP,,,,Tintori,,,Miclotomed + polished,1-6-F
1091,Field Sample 1091,786e36a2-c56f-4831-a532-2875d9d92010,,,Z9_C3_p,,,,,,,,Paint,Cross-section,OMWP,,,,Tintori,,,,1-6-F
1092,Field Sample 1092,5fc580a5-b5eb-466a-a1a3-8506c574cc11,,,Z9_D4,,,,,,,,Paint,,OMWP,,,,Tintori,,,Unmounted paint layer,1-6-F
1093,Field Sample 1093,7167f126-6bed-4a54-8f3b-793c23bd624e,,,Z9_D4,,,,,,,,Paint,Powder,OMWP,,,,Tintori,,,Unmounted,1-6-F
1094,Field Sample 1094,ba0ecec0-c6fc-4676-bb38-861a42c301dd,,,Z9_D4_e,,,,,,,,Paint,Cross-section,OMWP,,,,Tintori,,,,1-6-F
1095,Field Sample 1095,18e0927c-2712-43e0-8783-c7e0e2641480,,,Z9_D4_p,,,,,,,,Paint,Cross-section,OMWP,,,,Tintori,,,,1-6-F
1096,Field Sample 1096,e5d2c326-d048-4ac8-b61a-ec07aa3fa5e1,,,OL17_A1,,,,,,,,Paint,,OMWP,,,,Tintori,,,Unmounted paint layer,1-6-F
1097,Field Sample 1097,76dea83e-4fe1-4797-a382-43ffe000e6aa,,,OL17_A1,,,,,,,,Paint,Powder,OMWP,,,,Tintori,,,Unmounted,1-6-F
1098,Field Sample 1098,b79190b6-8cd9-4d4a-baee-52fd4b8f275c,,,OL17Bis_A1,,,,,,,,Paint,Cross-section,OMWP,,,,Tintori,,,Miclotomed + polished,1-6-F
1099,Field Sample 1099,62c08265-41f9-408b-b124-f3ac19298565,,,OL17Bis_A1_a,,,,,,,,Paint,Powder,OMWP,,,,Tintori,,,,1-6-F
1100,Field Sample 1100,635b6778-e0c1-4ccd-8724-d1c9edd628b5,,,OL17Bis_A1_e,,,,,,,,Paint,Cross-section,OMWP,,,,Tintori,,,,1-6-F
1101,Field Sample 1101,36084125-7e4a-4ae9-8c49-c4ca53502404,,,OL17Bis_A1_p,,,,,,,,Paint,Cross-section,OMWP,,,,Tintori,,,,1-6-F
1102,Field Sample 1102,54216399-339a-48f1-9ea4-282c1ad0e682,,,OL17_A4,,,,,,,,Paint,,OMWP,,,,Tintori,,,Unmounted paint layer,1-6-F
1103,Field Sample 1103,c8dcb59b-63a8-4db4-aa6c-ffc42fa60a0a,,,OL17_A4,,,,,,,,Paint,Powder,OMWP,,,,Tintori,,,Unmounted,1-6-F
1104,Field Sample 1104,c4cb72cc-1e8e-4cb2-9d87-a7c6bf604097,,,OL17_A4,,,,,,,,Paint,,OMWP,,,,Tintori,,,2,1-6-F
1105,Field Sample 1105,e2e3b1ef-3c75-4f1a-8386-74a7f1e366e5,,,OL17Bis_A4_a,,,,,,,,Paint,Powder,OMWP,,,,Tintori,,,,1-6-F
1106,Field Sample 1106,ebb4f6d3-b10c-4c24-9102-3bc4f528fdd7,,,OL17Bis_A4_p,,,,,,,,Paint,Cross-section,OMWP,,,,Tintori,,,,1-6-F
1107,Field Sample 1107,57c5d952-cd3b-4d9f-aaeb-70f4ee8f5506,,,OL17_B1,,,,,,,,Paint,,OMWP,,,,Tintori,,,Unmounted paint layer,1-6-F
1108,Field Sample 1108,f5b0e9c6-27f1-4221-8b0f-b88e5e796132,,,OL17_B1,,,,,,,,Paint,Powder,OMWP,,,,Tintori,,,Unmounted,1-6-F
1109,Field Sample 1109,9c573aec-69d0-4c70-934e-6c682a7efc72,,,OL17_B1,,,,,,,,Paint,,OMWP,,,,Tintori,,,7,1-6-F
1110,Field Sample 1110,e46ba7a4-9492-48a5-9b95-a66ebe302ed9,,,OL17Bis_B1,,,,,,,,Paint,Cross-section,OMWP,,,,Tintori,,,Miclotomed + polished,1-6-F
1111,Field Sample 1111,ae39b0af-ee32-4568-ba8e-badac577dde5,,,OL17Bis_B1_p,,,,,,,,Paint,Cross-section,OMWP,,,,Tintori,,,,1-6-F
1112,Field Sample 1112,32996b9f-916f-42ac-a891-973e6e261ea2,,,OL17_B4,,,,,,,,Paint,Powder,OMWP,,,,Tintori,,,Unmounted,1-6-F
1113,Field Sample 1113,de595b60-a04d-420e-bf3e-4a4c89a51f76,,,OL17_B4,,,,,,,,Paint,,OMWP,,,,Tintori,,,4,1-6-F
1114,Field Sample 1114,47017f21-1dd1-4334-8207-48dd7d778ee9,,,OL17Bis_B4_a,,,,,,,,Paint,Powder,OMWP,,,,Tintori,,,,1-6-F
1115,Field Sample 1115,b54066aa-882e-455f-999b-6fb65d095a7a,,,OL17Bis_B4_p,,,,,,,,Paint,Cross-section,OMWP,,,,Tintori,,,,1-6-F
1116,Field Sample 1116,a84bb449-e8b7-4927-a4fe-3a5e519942c8,,,OL17Bis_C4_p,,,,,,,,Paint,Cross-section,OMWP,,,,Tintori,,,,1-6-F
1117,Field Sample 1117,d09cb7c6-735c-4068-b108-5fb1c71f4105,,,OL17_C1,,,,,,,,Paint,,OMWP,,,,Tintori,,,Unmounted paint layer,1-6-F
1118,Field Sample 1118,93598003-105c-4d2a-b66d-acce193774f3,,,OL17_C1,,,,,,,,Paint,Powder,OMWP,,,,Tintori,,,Unmounted,1-6-F
1119,Field Sample 1119,621d3125-3cec-4c4b-b1ab-dc7d7b761262,,,OL17_C1,,,,,,,,Paint,,OMWP,,,,Tintori,,,8,1-6-F
1120,Field Sample 1120,1c0b0006-74bd-4f31-9d0d-9f71ec69c9a2,,,OL17Bis_C1_a,,,,,,,,Paint,Powder,OMWP,,,,Tintori,,,,1-6-F
1121,Field Sample 1121,de82ecde-8a10-4d21-8a75-61c5355e884e,,,OL17Bis_C1_p,,,,,,,,Paint,Cross-section,OMWP,,,,Tintori,,,,1-6-F
1122,Field Sample 1122,7461c246-6fa1-4d7e-a11e-afa78bb43a21,,,OL17_C4,,,,,,,,Paint,,OMWP,,,,Tintori,,,Unmounted paint layer,1-6-F
1123,Field Sample 1123,821e3f5b-8862-44e3-baa2-80e192fa2777,,,OL17_C4,,,,,,,,Paint,Powder,OMWP,,,,Tintori,,,Unmounted,1-6-F
1124,Field Sample 1124,0c77f659-1fb8-47d8-94f6-52bfd1c48cf5,,,OL17_C4,,,,,,,,Paint,,OMWP,,,,Tintori,,,5,1-6-F
1125,Field Sample 1125,120b571e-f68f-48eb-b72e-fdb57e64ceb3,,,OL17Bis_C4_a,,,,,,,,Paint,Powder,OMWP,,,,Tintori,,,,1-6-F
1126,Field Sample 1126,cdd50de1-496f-44de-a7b6-5b8f81a6bb24,,,OL17Bis_C4_e,,,,,,,,Paint,Cross-section,OMWP,,,,Tintori,,,,1-6-F
1127,Field Sample 1127,0b19bae9-f49f-4558-a912-e831e99f9904,,,OL17_C4_t,,,,,,,,Paint,,OMWP,,,,Tintori,,,,1-6-F
1128,Field Sample 1128,4d26ea61-8526-4cec-ab56-fafd3fdf1e33,,,OL18_A1,,,,,,,,Paint,,OMWP,,,,Tintori,,,Unmounted paint layer,1-6-F
1129,Field Sample 1129,52dd8d08-e920-4077-9684-a2e8a78e0389,,,OL18_A1,,,,,,,,Paint,Powder,OMWP,,,,Tintori,,,Unmounted,1-6-F
1130,Field Sample 1130,4f358ab1-e0cd-45cb-9d69-8b9adb409781,,,OL18_A1,,,,,,,,Paint,,OMWP,,,,Tintori,,,11,1-6-F
1131,Field Sample 1131,ec05dd0c-4c45-41bd-b266-4fffa67bcc0b,,,OL18Bis_A1,,,,,,,,Paint,Cross-section,OMWP,,,,Tintori,,,Miclotomed + polished,1-6-F
1132,Field Sample 1132,3386c6d1-f356-47dc-a725-5ffde46b8883,,,OL18Bis_A1_a,,,,,,,,Paint,Powder,OMWP,,,,Tintori,,,,1-6-F
1133,Field Sample 1133,e97e2e5e-715a-4f19-9a49-bde0c52b60aa,,,OL18Bis_A1_e,,,,,,,,Paint,Cross-section,OMWP,,,,Tintori,,,,1-6-F
1134,Field Sample 1134,354bcb46-9c13-45ec-8516-6948ba58c3ea,,,OL18Bis_A1_p,,,,,,,,Paint,Cross-section,OMWP,,,,Tintori,,,,1-6-F
1135,Field Sample 1135,9109dc26-0a6d-40fe-963c-5d8a5aa73b51,,,OL18_A4,,,,,,,,Paint,,OMWP,,,,Tintori,,,Unmounted paint layer,1-6-F
1136,Field Sample 1136,4dafbb79-aad6-4b09-804e-5db8ece56bb6,,,OL18_A4,,,,,,,,Paint,Powder,OMWP,,,,Tintori,,,Unmounted,1-6-F
1137,Field Sample 1137,3ea873eb-4901-409b-bbd3-ab86054da51c,,,OL18_A4,,,,,,,,Paint,,OMWP,,,,Tintori,,,16,1-6-F
1138,Field Sample 1138,fe15ed08-1bc1-4c67-98d9-47c413707b49,,,OL18Bis_A4_p,,,,,,,,Paint,Cross-section,OMWP,,,,Tintori,,,,1-6-F
1139,Field Sample 1139,0c11beaf-069f-4f84-860d-16447327f276,,,OL18_B1,,,,,,,,Paint,Powder,OMWP,,,,Tintori,,,Unmounted,1-6-F
1140,Field Sample 1140,f1369154-4755-4617-80b1-a2f882a82fdf,,,OL18_B1,,,,,,,,Paint,,OMWP,,,,Tintori,,,12,1-6-F
1141,Field Sample 1141,7887403e-ad2b-4834-b862-8a6c1d6a5ee7,,,OL18Bis_B1,,,,,,,,Paint,Cross-section,OMWP,,,,Tintori,,,Miclotomed + polished,1-6-F
1142,Field Sample 1142,d5abec63-af7a-4630-9c0b-4ad75ef75013,,,OL18Bis_B1_a,,,,,,,,Paint,Powder,OMWP,,,,Tintori,,,,1-6-F
1143,Field Sample 1143,deb8a440-6a2e-4987-9bcd-69389b7f4110,,,OL18Bis_B1_p,,,,,,,,Paint,Cross-section,OMWP,,,,Tintori,,,,1-6-F
1144,Field Sample 1144,757db4fb-7101-4d3f-a233-5d627b91b7f6,,,OL18_B4,,,,,,,,Paint,,OMWP,,,,Tintori,,,Unmounted paint layer,1-6-F
1145,Field Sample 1145,e0be9604-a9c9-454b-b74e-fe4cd7188cb5,,,OL18_B4,,,,,,,,Paint,Powder,OMWP,,,,Tintori,,,Unmounted,1-6-F
1146,Field Sample 1146,7e6350ad-62d8-4050-a7c3-3a5a475d70a3,,,OL18_B4,,,,,,,,Paint,,OMWP,,,,Tintori,,,17,1-6-F
1147,Field Sample 1147,4b6f4722-806c-4f6e-ba5a-26bea983d3e4,,,OL18Bis_B4_p,,,,,,,,Paint,Cross-section,OMWP,,,,Tintori,,,,1-6-F
1148,Field Sample 1148,7f098449-ea14-45c3-a060-fa4a6a4dff13,,,OL18_C1,,,,,,,,Paint,,OMWP,,,,Tintori,,,Unmounted paint layer,1-6-F
1149,Field Sample 1149,acc43bf0-3c51-4fe3-ac62-b877382d7567,,,OL18_C1,,,,,,,,Paint,Powder,OMWP,,,,Tintori,,,Unmounted,1-6-F
1150,Field Sample 1150,4c0d5da0-7636-4a2c-8449-d9a91710d148,,,OL18Bis_C1_a,,,,,,,,Paint,Powder,OMWP,,,,Tintori,,,,1-6-F
1151,Field Sample 1151,564f612c-22b1-4829-a1a6-115dcf3a3fc1,,,OL18Bis_C1_p,,,,,,,,Paint,Cross-section,OMWP,,,,Tintori,,,,1-6-F
1152,Field Sample 1152,577bf8a1-9c2a-49dc-b707-3fb9936acb53,,,OL18_C4,,,,,,,,Paint,,OMWP,,,,Tintori,,,Unmounted paint layer,1-6-F
1153,Field Sample 1153,f69b2604-a6c8-444f-af93-2d1b043045eb,,,OL18_C4,,,,,,,,Paint,Powder,OMWP,,,,Tintori,,,Unmounted,1-6-F
1154,Field Sample 1154,ee1d884f-327b-4757-8dc5-abd0737a4716,,,OL18_C4,,,,,,,,Paint,,OMWP,,,,Tintori,,,19,1-6-F
1155,Field Sample 1155,51716a46-2448-46a4-a469-753c3607e620,,,OL18Bis_C4_e,,,,,,,,Paint,Cross-section,OMWP,,,,Tintori,,,,1-6-F
1156,Field Sample 1156,3fe55201-3fc4-4571-9db1-5ae3693cbbdd,,,OL18Bis_C4_p,,,,,,,,Paint,Cross-section,OMWP,,,,Tintori,,,,1-6-F
1157,Field Sample 1157,a08333ab-946a-4b1a-934e-adaefb8b757f,,,AZ1_A1,,,,,,,,Paint,Powder,OMWP,,,,Tintori,,,Unmounted,1-6-F
1158,Field Sample 1158,62a87fb0-cd96-4afc-b088-2d1c5e20c195,,,AZ1_A1,,,,,,,,Paint,,OMWP,,,,Tintori,,,Unmounted paint layer,1-6-F
1159,Field Sample 1159,d8271318-d48b-4083-80e7-f7c976efe8dc,,,AZ1Bis_A1_a,,,,,,,,Paint,Powder,OMWP,,,,Tintori,,,,1-6-F
1160,Field Sample 1160,9b99316f-dd53-4d11-96c3-93c546849f43,,,AZ1Bis_A1_p,,,,,,,,Paint,Cross-section,OMWP,,,,Tintori,,,,1-6-F
1161,Field Sample 1161,66cdf6c8-9d69-4a15-a7d4-3f23722c86c2,,,AZ1_A4,,,,,,,,Paint,Powder,OMWP,,,,Tintori,,,Unmounted,1-6-F
1162,Field Sample 1162,e05227f7-6678-4177-88c4-201b547f6004,,,AZ1Bis_A4_a,,,,,,,,Paint,Powder,OMWP,,,,Tintori,,,,1-6-F
1163,Field Sample 1163,60aca246-ba45-4de7-adab-4b6016e8f41c,,,AZ1Bis_A4_p,,,,,,,,Paint,Cross-section,OMWP,,,,Tintori,,,,1-6-F
1164,Field Sample 1164,ffd5069c-22b2-47a0-9cdb-0de4036fbd0c,,,AZ1_B1,,,,,,,,Paint,Powder,OMWP,,,,Tintori,,,Unmounted,1-6-F
1165,Field Sample 1165,ce95094e-939d-4c01-8771-f21eb25077b9,,,AZ1_B1,,,,,,,,Paint,,OMWP,,,,Tintori,,,25,1-6-F
1166,Field Sample 1166,6def9ba5-2f68-470f-bcf4-2fc3e8b1186b,,,AZ1Bis_B1,,,,,,,,Paint,Cross-section,OMWP,,,,Tintori,,,Miclotomed + polished,1-6-F
1167,Field Sample 1167,2ba55353-b22b-49d2-bca0-cf073c4a9213,,,AZ1Bis_B1,,,,,,,,Paint,Cross-section,OMWP,,,,Tintori,,,Miclotomed + polished,1-6-F
1168,Field Sample 1168,9f61e235-bac6-4fbd-a6ce-1289a5a660a8,,,AZ1Bis_B1,,,,,,,,Paint,Powder,OMWP,,,,Tintori,,,Miclotomed + polished,1-6-F
1169,Field Sample 1169,fb21f9b8-fde2-4255-8bda-187c0a5df20d,,,AZ1Bis_B1,,,,,,,,Paint,Cross-section,OMWP,,,,Tintori,,,"Miclotomed + polished, P4c3",1-6-F
1170,Field Sample 1170,9f33c890-eec3-430f-80ad-7c5eb1ae2d45,,,AZ1Bis_B1_e,,,,,,,,Paint,Cross-section,OMWP,,,,Tintori,,,,1-6-F
1171,Field Sample 1171,5f83ecc5-c5af-4192-ad97-aef881bbaf5f,,,AZ1_B1_t,,,,,,,,Paint,Cross-section,OMWP,,,,Tintori,,,,1-6-F
1172,Field Sample 1172,e8f16659-3ac2-404a-9bd0-c054dbb19ec7,,,AZ1Bis_B1_p,,,,,,,,Paint,Cross-section,OMWP,,,,Tintori,,,,1-6-F
1173,Field Sample 1173,ee5e2160-2b2c-4d9b-9181-3680928a852e,,,AZ1Bis_B2_p,,,,,,,,Paint,Cross-section,OMWP,,,,Tintori,,,,1-6-F
1174,Field Sample 1174,12782d2f-b381-4f5f-873b-464ee2a6c1cd,,,AZ1_B4,,,,,,,,Paint,,OMWP,,,,Tintori,,,Unmounted paint layer,1-6-F
1175,Field Sample 1175,8c35f202-6672-449a-bc3f-3c820e4cfc25,,,AZ1_B4,,,,,,,,Paint,Cross-section,OMWP,,,,Tintori,,,Unmounted,1-6-F
1176,Field Sample 1176,9e064df2-4638-4b53-9188-75af905e14a7,,,AZ1Bis_B4,,,,,,,,Paint,Cross-section,OMWP,,,,Tintori,,,"Miclotomed + polished, P4c3",1-6-F
1177,Field Sample 1177,550ecf59-f70a-465d-bb91-19ecb7fe117e,,,AZ1Bis_B4,,,,,,,,Paint,Cross-section,OMWP,,,,Tintori,,,"Miclotomed + polished, P4c3",1-6-F
1178,Field Sample 1178,c92935bc-4f38-4556-b28a-c1cb9a429f48,,,AZ1Bis_B4_a,,,,,,,,Paint,Powder,OMWP,,,,Tintori,,,,1-6-F
1179,Field Sample 1179,8b18c1ed-6730-4802-ab11-4e8e73e07dc8,,,AZ1Bis_B4_e,,,,,,,,Paint,Cross-section,OMWP,,,,Tintori,,,,1-6-F
1180,Field Sample 1180,d9602422-53da-4e61-a640-2d14e1edf265,,,AZ1Bis_B4_p,,,,,,,,Paint,Cross-section,OMWP,,,,Tintori,,,,1-6-F
1181,Field Sample 1181,ba9795ee-dbd8-46dd-8491-9cb643b661e9,,,AZ1_C1,,,,,,,,Paint,,OMWP,,,,Tintori,,,Unmounted paint layer,1-6-F
1182,Field Sample 1182,8451a7c2-1ecf-4766-b4ac-735a628e19a8,,,AZ1_C1,,,,,,,,Paint,Powder,OMWP,,,,Tintori,,,Unmounted,1-6-F
1183,Field Sample 1183,e2e699d4-71c0-428a-9dbc-c615eca388bf,,,AZ1Bis_C1,,,,,,,,Paint,Cross-section,OMWP,,,,Tintori,,,Miclotomed + polished,1-6-F
1184,Field Sample 1184,67a90c14-f6eb-4e6e-ac45-bec830648d90,,,AZ1Bis_C1_p,,,,,,,,Paint,Cross-section,OMWP,,,,Tintori,,,,1-6-F
1185,Field Sample 1185,9e071270-3a41-4267-8612-9886206a0afc,,,AZ1_C4,,,,,,,,Paint,,OMWP,,,,Tintori,,,Unmounted paint layer,1-6-F
1186,Field Sample 1186,97fac8af-917b-40be-8d50-c85b75d3f9df,,,AZ1_C4,,,,,,,,Paint,Cross-section,OMWP,,,,Tintori,,,Unmounted,1-6-F
1187,Field Sample 1187,7654bef7-98fd-4faf-8bc5-875e2b919d1e,,,AZ1Bis_C4_a,,,,,,,,Paint,Powder,OMWP,,,,Tintori,,,,1-6-F
1188,Field Sample 1188,a189a6ec-cb39-4312-865b-f05728ffee41,,,AZ1Bis_C4_e,,,,,,,,Paint,Cross-section,OMWP,,,,Tintori,,,,1-6-F
1189,Field Sample 1189,2592f4d4-29e3-4d36-a998-a45784a88d02,,,AZ1Bis_C4_p,,,,,,,,Paint,Cross-section,OMWP,,,,Tintori,,,,1-6-F
1190,Field Sample 1190,d187379d-93c6-4f24-a94b-aaeaa4394445,,,AZ1_C5,,,,,,,,Paint,,OMWP,,,,Tintori,,,Unmounted paint layer,1-6-F
1191,Field Sample 1191,3a82d472-b534-4abd-91c3-78acd839fd25,,,AZ1_C5,,,,,,,,Paint,Powder,OMWP,,,,Tintori,,,Unmounted,1-6-F
1192,Field Sample 1192,354bd83f-82f9-43b6-a7d3-7019c3243b3b,,,AZ1Bis_C5_a,,,,,,,,Paint,Powder,OMWP,,,,Tintori,,,,1-6-F
1193,Field Sample 1193,ef674db4-a79f-46a3-a207-eac2b0352a64,,,AZ1Bis_C5_p,,,,,,,,Paint,Cross-section,OMWP,,,,Tintori,,,,1-6-F
1194,Field Sample 1194,c649857e-5e6d-4faf-a7b0-bae42862f338,,,AZ1-D1,,,,,,,,Paint,,OMWP,,,,Tintori,,,Unmounted paint layer,1-6-F
1195,Field Sample 1195,d4569809-cd58-4308-a1a5-7fc5b674cacf,,,AZ1_D1,,,,,,,,Paint,Powder,OMWP,,,,Tintori,,,Unmounted,1-6-F
1196,Field Sample 1196,351c439e-77c7-40a6-af2c-4555ab32c8cc,,,AZ1Bis_D1,,,,,,,,Paint,Cross-section,OMWP,,,,Tintori,,,Miclotomed + polished,1-6-F
1197,Field Sample 1197,4defd3c5-94e0-4dd3-bcc9-d4346d6723bb,,,AZ1Bis_D1_p,,,,,,,,Paint,Cross-section,OMWP,,,,Tintori,,,,1-6-F
1198,Field Sample 1198,9de5ebc8-e512-416c-8d83-c5a9a11e6d41,,,AZ1-D3,,,,,,,,Paint,,OMWP,,,,Tintori,,,Unmounted paint layer,1-6-F
1199,Field Sample 1199,4b2689ce-8ede-4d18-bde7-7cabae152809,,,AZ1_D3,,,,,,,,Paint,Cross-section,OMWP,,,,Tintori,,,Unmounted,1-6-F
1200,Field Sample 1200,9ab89ab0-6fe2-42ae-9735-b0085962fc2b,,,AZ1Bis_D3_a,,,,,,,,Paint,Powder,OMWP,,,,Tintori,,,,1-6-F
1201,Field Sample 1201,cd79c6b1-b77b-4ac0-b1ab-edaac0f94e54,,,AZ1Bis_D3_e,,,,,,,,Paint,Cross-section,OMWP,,,,Tintori,,,,1-6-F
1202,Field Sample 1202,c57a7860-40b4-4613-91b6-bbcc620c3b4b,,,AZ1Bis_D3_p,,,,,,,,Paint,Cross-section,OMWP,,,,Tintori,,,,1-6-F
1203,Field Sample 1203,73451bf9-f106-4d18-adba-036a9a20169e,,,AZ2_A1,,,,,,,,Paint,,OMWP,,,,Tintori,,,Unmounted paint layer,1-6-F
1204,Field Sample 1204,92a4a4ff-6c15-40aa-9070-89e254920139,,,AZ2_A1,,,,,,,,Paint,,OMWP,,,,Tintori,,,3,1-6-F
1205,Field Sample 1205,80d3feb7-0535-4b5b-8c02-a6a9f8b9ec69,,,AZ2_A1,,,,,,,,Paint,Powder,OMWP,,,,Tintori,,,Unmounted,1-6-F
1206,Field Sample 1206,e9565600-538e-4661-8ca7-f88e371e62b7,,,AZ2Bis_A1,,,,,,20040519,2004-05-19,Paint,Powder,OMWP,,,,Tintori,,,"Unmounted, Perugia",1-6-F
1207,Field Sample 1207,38aeb9dd-e6f7-4144-8a16-03d1943c5abd,,,AZ2Bis_A1_a,,,,,,,,Paint,Powder,OMWP,,,,Tintori,,,,1-6-F
1208,Field Sample 1208,5760b697-312f-4f58-b3de-ffd5d01978d0,,,AZ2Bis_A1_p,,,,,,,,Paint,Cross-section,OMWP,,,,Tintori,,,,1-6-F
1209,Field Sample 1209,8e243550-23d0-458b-8686-5f1c6f6025a4,,,AZ2_A4,,,,,,,,Paint,,OMWP,,,,Tintori,,,Unmounted paint layer,1-6-F
1210,Field Sample 1210,0e538103-7896-4b7d-bcda-9b24bead44a4,,,AZ2Bis_A4_p,,,,,,,,Paint,Cross-section,OMWP,,,,Tintori,,,,1-6-F
1211,Field Sample 1211,43492c5d-aa82-4ee9-b8ad-e94ea372533a,,,AZ2Bis_A5_a,,,,,,,,Paint,Powder,OMWP,,,,Tintori,,,,1-6-F
1212,Field Sample 1212,65a66034-6cee-44d1-80b7-9f2a0ed4e57c,,,AZ2_A4,,,,,,,,Paint,Powder,OMWP,,,,Tintori,,,Unmounted,1-6-F
1213,Field Sample 1213,e68f4d43-f439-4cd0-872a-b1a02c9017ca,,,AZ2_B1,,,,,,,,Paint,Powder,OMWP,,,,Tintori,,,Unmounted,1-6-F
1214,Field Sample 1214,1058003c-7a29-44eb-9694-bb86c7da3d44,,,AZ2_B4,,,,,,,,Paint,,OMWP,,,,Tintori,,,Unmounted paint layer,1-6-F
1215,Field Sample 1215,ca8d8d24-3cae-42e5-b7cb-47b848b534bc,,,AZ2_B4,,,,,,,,Paint,Powder,OMWP,,,,Tintori,,,Unmounted,1-6-F
1216,Field Sample 1216,51bfe10c-638e-403a-8540-da785ee6255f,,,AZ2_B7,,,,,,,,Paint,,OMWP,,,,Tintori,,,Unmounted paint layer,1-6-F
1217,Field Sample 1217,9aeac960-9a07-475d-8ba3-dc78a83cd6aa,,,AZ2_C1,,,,,,,,Paint,,OMWP,,,,Tintori,,,Unmounted paint layer,1-6-F
1218,Field Sample 1218,326b7ffa-62b2-409d-81a5-36c3980cd9da,,,AZ2_C1,,,,,,,,Paint,Powder,OMWP,,,,Tintori,,,Unmounted,1-6-F
1219,Field Sample 1219,d98950ac-80dc-447d-a491-7d30d4c95d59,,,AZ2Bis_C1_e,,,,,,,,Paint,Cross-section,OMWP,,,,Tintori,,,,1-6-F
1220,Field Sample 1220,3092e628-e25b-4514-b70c-33d410152c6a,,,AZ2Bis_C1_p,,,,,,,,Paint,Cross-section,OMWP,,,,Tintori,,,,1-6-F
1221,Field Sample 1221,d6d5dbac-9872-4896-a6f8-520a1b3f6e45,,,AZ2_C4,,,,,,,,Paint,,OMWP,,,,Tintori,,,Unmounted paint layer,1-6-F
1222,Field Sample 1222,fc31a93c-3eae-4f0d-a88b-9356de00bcec,,,AZ2_C4,,,,,,,,Paint,Powder,OMWP,,,,Tintori,,,Unmounted,1-6-F
1223,Field Sample 1223,12ff1c74-3ec9-4dd9-9dc8-a5092f9fcf06,,,AZ2Bis_C4,,,,,,,,Paint,Cross-section,OMWP,,,,Tintori,,,"Miclotomed + polished, P4c3",1-6-F
1224,Field Sample 1224,e459e3c8-f256-46e6-b29c-7fe5c3c67686,,,AZ2Bis_C4,,,,,,,,Paint,Cross-section,OMWP,,,,Tintori,,,"Miclotomed + polished, P4c3 T.S 01b",1-6-F
1225,Field Sample 1225,15e40f88-5453-4c36-83f1-55b84aab9b5b,,,AZ2Bis_C4,,,,,,,,Paint,Cross-section,OMWP,,,,Tintori,,,"Miclotomed + polished,  P4c3 TS 01a",1-6-F
1226,Field Sample 1226,5df0153b-f539-4e3e-b19a-5385632fa180,,,AZ2Bis_C4_e,,,,,,,,Paint,Cross-section,OMWP,,,,Tintori,,,,1-6-F
1227,Field Sample 1227,81376dc1-3319-4f8c-9d52-eca06357f340,,,AZ2Bis_C4_p,,,,,,,,Paint,Cross-section,OMWP,,,,Tintori,,,,1-6-F
1228,Field Sample 1228,08380763-d58a-4b89-b5a0-1e6e6defe8bc,,,AZ2_D1,,,,,,,,Paint,,OMWP,,,,Tintori,,,Unmounted paint layer,1-6-F
1229,Field Sample 1229,e4c68ce1-ae87-4006-a7e7-4341772f7f43,,,AZ2Bis_D1_p,,,,,,,,Paint,Cross-section,OMWP,,,,Tintori,,,,1-6-F
1230,Field Sample 1230,426c2650-bcb7-4490-b61b-2c1b1d55e026,,,AZ2_D1,,,,,,,,Paint,Powder,OMWP,,,,Tintori,,,Unmounted,1-6-F
1231,Field Sample 1231,0bdca2ac-2451-4c94-8c0d-1f67660a2045,,,AZ2_D3,,,,,,,,Paint,Powder,OMWP,,,,Tintori,,,Unmounted,1-6-F
1232,Field Sample 1232,ec078027-960e-47f6-9227-d78d2f703a71,,,AZ2Bis_D3_a,,,,,,,,Paint,Powder,OMWP,,,,Tintori,,,,1-6-F
1233,Field Sample 1233,28c92ef7-eddc-42e0-9cce-7f962e39dc97,,,AZ2Bis_D3_e,,,,,,,,Paint,Cross-section,OMWP,,,,Tintori,,,,1-6-F
1234,Field Sample 1234,a9d85f1c-5da1-4dad-aadc-693e78222151,,,AZ2Bis_D3_p,,,,,,,,Paint,Cross-section,OMWP,,,,Tintori,,,,1-6-F
1235,Field Sample 1235,e9696756-9dd8-4d0f-b705-0c400313cc68,,,B1,,,,,,,,Paint,Cross-section,OMWP,,,,Tintori,,,Miclotomed + polished,1-6-F
1236,Field Sample 1236,a782e575-5c29-4534-a62e-8d789c99df5f,,,B4,,,,,,,,Paint,Cross-section,OMWP,,,,Tintori,,,Miclotomed + polished,1-6-F
1237,Field Sample 1237,95ebf650-5682-400b-8822-379a4fb5c796,,,B4,,,,,,,,Paint,Cross-section,OMWP,,,,Tintori,,,Miclotomed + polished,1-6-F
1238,Field Sample 1238,f26efa8c-276f-4833-95cc-8fcf890b47ba,,,C0,,,,,,,,Paint,Cross-section,OMWP,,,,Tintori,,,Miclotomed + polished,1-6-F
1239,Field Sample 1239,7cf5f416-cd95-42f9-9666-7aaa09ee9dbb,,,QV_2010_R01,Lori Wong & S. Rickerby,Lori Wong,Stephen Rickerby,,,2010,2010,Repair plaster components,Bulk material,QV,Egypt,e37e4bc7-188b-48ac-b510-9ac596b79756,,"Queens Valley, West Bank, Luxor",,Queens Valley hib deposit,Hib,1-5-I
1240,Field Sample 1240,79b4375f-f934-4a34-bd32-0930aa232ef5,,,QV_2010_R02,Lori Wong & S. Rickerby,Lori Wong,Stephen Rickerby,,,2010,2010,Repair plaster components,Bulk material,QV,Egypt,e37e4bc7-188b-48ac-b510-9ac596b79756,,"Queens Valley, West Bank, Luxor",,,"Limestone, crushed",1-5-I
1241,Field Sample 1241,37dad8dc-7192-4f72-a554-bcfd3ed4873b,,,QV_2010_R03,Lori Wong & S. Rickerby,Lori Wong,Stephen Rickerby,,,2010,2010,Repair plaster components,Bulk material,QV,Egypt,e37e4bc7-188b-48ac-b510-9ac596b79756,,"Queens Valley, West Bank, Luxor",,,"Limestone, crushed",1-5-I
1242,Field Sample 1242,d72e30cf-c029-49ea-8247-825616029b68,,,QV_2010_R04,Lori Wong & S. Rickerby,Lori Wong,Stephen Rickerby,,,2010,2010,Repair plaster components,Bulk material,QV,Egypt,e37e4bc7-188b-48ac-b510-9ac596b79756,,"West Bank, Luxor",,,"Clay, local",1-5-I
1243,Field Sample 1243,610d821c-5397-4407-b360-730189527f1d,,,QV_2010_R05,Lori Wong & S. Rickerby,Lori Wong,Stephen Rickerby,,,2010,2010,Repair plaster components,Bulk material,QV,Egypt,e37e4bc7-188b-48ac-b510-9ac596b79756,,Unknown,,,Plaster of Paris,1-5-I
1244,Field Sample 1244,6ed70b3d-6e87-4eb3-95b4-77aa6feffb6f,,,QV_2010_R06,Lori Wong & S. Rickerby,Lori Wong,Stephen Rickerby,,,2010,2010,Repair plaster components,Bulk material,QV,Egypt,e37e4bc7-188b-48ac-b510-9ac596b79756,,Unknown,,,"Sand, local builder's",1-5-I
1245,Field Sample 1245,f95aba8a-ede8-4174-9c02-be622363e2d3,,,QV_2010_R07,Lori Wong & S. Rickerby,Lori Wong,Stephen Rickerby,,,2010,2010,Repair plaster components,Bulk material,QV,Egypt,e37e4bc7-188b-48ac-b510-9ac596b79756,,Unknown,,,"Straw, chopped",1-5-I
1246,Field Sample 1246,88ab88a0-1c9c-4e50-a8ef-9cba21abb6cc,,,QV_2010_R08,Lori Wong & S. Rickerby,Lori Wong,Stephen Rickerby,,,201011,2010-11,Repair plaster components,Bulk material,QV,Egypt,e37e4bc7-188b-48ac-b510-9ac596b79756,,Unknown,,,"Hib, mountain",1-5-I
1247,Field Sample 1247,63b3499e-3d41-404d-9dd5-3f9746902656,,,QV_2010_R09,Lori Wong & S. Rickerby,Lori Wong,Stephen Rickerby,,,201011,2010-11,Repair plaster components,Bulk material,QV,Egypt,e37e4bc7-188b-48ac-b510-9ac596b79756,,Unknown,,,"Limestone, crushed powder",1-5-I
1248,Field Sample 1248,6882cce3-205e-4757-a73d-54bf09e5ae00,,,QV_2010_R10,Lori Wong & S. Rickerby,Lori Wong,Stephen Rickerby,,,201011,2010-11,Repair plaster components,Bulk material,QV,Egypt,e37e4bc7-188b-48ac-b510-9ac596b79756,,Unknown,,,"Limestone, crushed",1-5-I
1249,Field Sample 1249,1a2fb476-0f58-41fc-98d9-0d5306d374a5,,,QV_2012_R01,Lori Wong & S. Rickerby,Lori Wong,Stephen Rickerby,,,201211,2012-11,Repair plaster components,Bulk material,QV,Egypt,e37e4bc7-188b-48ac-b510-9ac596b79756,,"Queens Valley, West Bank, Luxor",,Queens Valley hib deposit 1,"Hib, unsieved",1-5-I
1250,Field Sample 1250,fb0132a1-6955-4e45-b621-7b52a546776b,,,QV_2012_R02,Lori Wong & S. Rickerby,Lori Wong,Stephen Rickerby,,,201211,2012-11,Repair plaster components,Bulk material,QV,Egypt,e37e4bc7-188b-48ac-b510-9ac596b79756,,"Queens Valley, West Bank, Luxor",,Queens Valley hib deposit 2,"Hib, unsieved",1-5-I
1251,Field Sample 1251,1c9c7b20-a21a-45ae-90a9-ae3455e4f191,,,QV_2012_R03,Lori Wong & S. Rickerby,Lori Wong,Stephen Rickerby,,,201211,2012-11,Repair plaster components,Bulk material,QV,Egypt,e37e4bc7-188b-48ac-b510-9ac596b79756,,"Queens Valley, West Bank, Luxor",,,"Limestone, crushed. Sieved, between 10-20 mesh.",1-5-I
1252,Field Sample 1252,a11091b9-e88a-4ae7-83ba-80fc595228f3,,,QV_2012_R04,Lori Wong & S. Rickerby,Lori Wong,Stephen Rickerby,,,201211,2012-11,Repair plaster components,Bulk material,QV,Egypt,e37e4bc7-188b-48ac-b510-9ac596b79756,,"Queens Valley, West Bank, Luxor",,,"Limestone, crushed. Sieved, 20 mesh.",1-5-I
1253,Field Sample 1253,6464921b-a11b-4e9e-81e7-fdbbb9a4f613,,,QV_2013_R01,Jen Porter,Jen Porter,,,,201303,2013-03,Repair plaster components,Bulk material,QV,Egypt,e37e4bc7-188b-48ac-b510-9ac596b79756,,"Queens Valley, West Bank, Luxor",,Above QV 42-43,"Limestone, crushed. Sieved, between 10-20 mesh",1-5-I
1254,Field Sample 1254,e4a2138c-688b-4be3-a5c1-023b4db33bf5,,,QV_2013_R02,Jen Porter,Jen Porter,,,,201303,2013-03,Repair plaster components,Bulk material,QV,Egypt,e37e4bc7-188b-48ac-b510-9ac596b79756,,"Queens Valley, West Bank, Luxor",,Above QV 42-43,"Limestone, crushed. Sieved, between 20-40 mesh",1-5-I
1255,Field Sample 1255,eca3e79b-dccd-469e-9c23-8a11986f69e5,,,QV_2013_R03,Jen Porter,Jen Porter,,,,201303,2013-03,Repair plaster components,Bulk material,QV,Egypt,e37e4bc7-188b-48ac-b510-9ac596b79756,,"Queens Valley, West Bank, Luxor",,Above QV 42-43,"Limestone, crushed. Sieved, below 40 mesh",1-5-I
1256,Field Sample 1256,7845f0cb-dcb7-4905-a5fd-71df0e7b080b,,,QV_2013_R04,Jen Porter,Jen Porter,,,,201303,2013-03,Repair plaster components,Bulk material,QV,Egypt,e37e4bc7-188b-48ac-b510-9ac596b79756,,"Queens Valley, West Bank, Luxor",,"Queen's Valley, upper path","Limestone, crushed. Sieved, 10-20 mesh",1-5-I
1257,Field Sample 1257,72f35172-482d-4e8f-a380-3bfe5425c423,,,QV_2013_R05,Jen Porter,Jen Porter,,,,201303,2013-03,Repair plaster components,Bulk material,QV,Egypt,e37e4bc7-188b-48ac-b510-9ac596b79756,,"Queens Valley, West Bank, Luxor",,"Queen's Valley, upper path","Limestone, crushed. Sieved, 20-40 mesh",1-5-I
1258,Field Sample 1258,362a7356-17e4-4fd5-a2c8-db305196d6f2,,,QV_2013_R06,Jen Porter,Jen Porter,,,,201303,2013-03,Repair plaster components,Bulk material,QV,Egypt,e37e4bc7-188b-48ac-b510-9ac596b79756,,"Queens Valley, West Bank, Luxor",,"Queen's Valley, Limestone mound A. Close to entrance of valley","Limestone, crushed. Sieved, 10-20 mesh. Washed",1-5-I
1259,Field Sample 1259,02e67479-efb1-4bda-915d-e9d2a8c86dff,,,QV_2013_R07,Jen Porter,Jen Porter,,,,201303,2013-03,Repair plaster components,Bulk material,QV,Egypt,e37e4bc7-188b-48ac-b510-9ac596b79756,,"Queens Valley, West Bank, Luxor",,"Queen's Valley, Limestone mound A. Close to entrance of valley","Limestone, crushed. Sieved, 20-40 mesh. Washed",1-5-I
1260,Field Sample 1260,f2733ead-e5ed-4a5c-91ba-e77ae5432615,,,QV_2007_R01,Neville Agnew,Neville Agnew,,,,20070213,2007-02-13,Gum,,QV,Egypt,e37e4bc7-188b-48ac-b510-9ac596b79756,,West bank inspectorate office,,,Taken from an Acacia tree. Gum arabic?,1-5-I
1261,Field Sample 1261,ad40f94f-8154-4a74-902c-92b8704c0b65,,,QV_2013_repair_01,J Porter and S Rickerby,Jen Porter,Stephen Rickerby,,,,,,,QV,Egypt,e37e4bc7-188b-48ac-b510-9ac596b79756,,,,,2013 Repair plaster. Upper plaster60/68/73. 2pt KV Hiba 1A. 1 pt med limestone. 1pt fine limestone,1-5-I
1262,Field Sample 1262,acccafba-f5e8-4e2c-a5e1-731169e11394,,,QV_2013_repair_02,J Porter and S Rickerby,Jen Porter,Stephen Rickerby,,,,,,,QV,Egypt,e37e4bc7-188b-48ac-b510-9ac596b79756,,,,,2013 Repair plaster. Upper plaster60/68/73. 1pt earth 10m. 5 pt KV Hiba 1A unsieved. 1pt med limestone.,1-5-I
1263,Field Sample 1263,82164d92-2e49-4816-80e5-51016b7839ee,,,KV_2012_R01,Lori Wong & S. Rickerby,Lori Wong,Stephen Rickerby,,,201203,2012-03,Repair plaster components,Bulk material,QV,Egypt,e37e4bc7-188b-48ac-b510-9ac596b79756,,"Kings Valley, West Bank, Luxor",,Source near Thutmosis IV,Hib. Sieved 10 mesh,1-5-I
1264,Field Sample 1264,d91338f6-12c9-4df2-ace1-475c0f341fb1,,,KV_2012_R02,Lori Wong & S. Rickerby,Lori Wong,Stephen Rickerby,,,201211,2012-11,Repair plaster components,Bulk material,QV,Egypt,e37e4bc7-188b-48ac-b510-9ac596b79756,,"Kings Valley, West Bank, Luxor",,KV hib deposit 1,Hib unsieved,1-5-I
1265,Field Sample 1265,1d024fec-ff5f-4360-ba5a-e4b2882b354b,,,KV_2012_R03,Lori Wong & S. Rickerby,Lori Wong,Stephen Rickerby,,,201211,2012-11,Repair plaster components,Bulk material,QV,Egypt,e37e4bc7-188b-48ac-b510-9ac596b79756,,"Kings Valley, West Bank, Luxor",,KV hib deposit 1,"Hib sieved, 20 mesh",1-5-I
1266,Field Sample 1266,1729914d-3416-4335-9030-896c818978fe,,,KV_2012_R04,Lori Wong & S. Rickerby,Lori Wong,Stephen Rickerby,,,201211,2012-11,Repair plaster components,Bulk material,QV,Egypt,e37e4bc7-188b-48ac-b510-9ac596b79756,,"Kings Valley, West Bank, Luxor",,,"KV Limestone, crushed.",1-5-I
1267,Field Sample 1267,91011556-740a-491c-a6d4-c4edcf67f752,,,KV_2012_R05,Lori Wong & S. Rickerby,Lori Wong,Stephen Rickerby,,,201211,2012-11,Repair plaster components,Bulk material,QV,Egypt,e37e4bc7-188b-48ac-b510-9ac596b79756,,"Kings Valley, West Bank, Luxor",,,"KV Limestone, crushed.",1-5-I
1268,Field Sample 1268,7687a74e-901a-4d74-bcc5-581d945d7059,,,QV20.08.01,Jonathan Bell,Jonathan Bell,,,,20080218,2008-02-18,Rock,,QV,Egypt,e37e4bc7-188b-48ac-b510-9ac596b79756,,"Queens Valley, West Bank, Luxor",QV 20,,Shale,1-5-I
1269,Field Sample 1269,f1075a98-3e0f-460c-b9ca-8deb7c410edf,,,QV20.08.01,Jonathan Bell,Jonathan Bell,,,,20080218,2008-02-18,,Thin-section,QV,Egypt,e37e4bc7-188b-48ac-b510-9ac596b79756,,"Queens Valley, West Bank, Luxor",QV 20,,Shale,1-5-I
1270,Field Sample 1270,24ee4e56-95da-4013-93c3-4ecb9708f258,,,QV20.08.02,Jonathan Bell,Jonathan Bell,,,,20080218,2008-02-18,Rock,,QV,Egypt,e37e4bc7-188b-48ac-b510-9ac596b79756,,"Queens Valley, West Bank, Luxor",QV 20,,Shale,1-5-I
1271,Field Sample 1271,7136615b-19ec-43be-a69c-20ebd387ccd7,,,QV20.08.02,Jonathan Bell,Jonathan Bell,,,,20080218,2008-02-18,,Thin-section,QV,Egypt,e37e4bc7-188b-48ac-b510-9ac596b79756,,"Queens Valley, West Bank, Luxor",QV 20,,Shale,1-5-I
1272,Field Sample 1272,b1b14f59-b81e-4e06-be8f-3c8ad55cdb52,,,QV20.08.02 B,Jonathan Bell,Jonathan Bell,,,,20080218,2008-02-18,Rock,Fragment,QV,Egypt,e37e4bc7-188b-48ac-b510-9ac596b79756,,"Queens Valley, West Bank, Luxor",QV 20,,Shale,1-5-I
1273,Field Sample 1273,882fef2b-a7fd-4dba-a1f5-2776bf6a6754,,,QV21.08.01,Jonathan Bell,Jonathan Bell,,,,20080218,2008-02-18,Rock,Fragment,QV,Egypt,e37e4bc7-188b-48ac-b510-9ac596b79756,,"Queens Valley, West Bank, Luxor",QV 21,,Interstitial layer between marl and shale,1-5-I
1274,Field Sample 1274,24dcb16f-4afb-44a2-b460-9b187185ebe2,,,QV31_2010_S01,Stephen Rickerby,Stephen Rickerby,,,,2010,2010,Plaster,Fragment,QV,Egypt,e37e4bc7-188b-48ac-b510-9ac596b79756,,"Queens Valley, West Bank, Luxor",QV 31,Chamber C,Lower wall plaster. Analyzed by Petroclays as sample # 1.,1-5-I
1275,Field Sample 1275,fd274664-0bb3-438f-8dd3-e7c6a73ddef5,,,QV31_2010_S01,Stephen Rickerby,Stephen Rickerby,,,,2010,2010,Plaster,Thin-section,QV,Egypt,e37e4bc7-188b-48ac-b510-9ac596b79756,,"Queens Valley, West Bank, Luxor",QV 31,Chamber C,Lower wall plaster. Thin section prepared by and analyzed by Petroclays as sample # 1.,1-5-I
1276,Field Sample 1276,2273a2c1-6c83-4926-8e89-027d4872b397,,,QV31_2010_S02A,Stephen Rickerby,Stephen Rickerby,,,,2010,2010,Plaster,Fragment,QV,Egypt,e37e4bc7-188b-48ac-b510-9ac596b79756,,"Queens Valley, West Bank, Luxor",QV 31,Chamber C,Upper plaster. Analyzed by Petroclays as sample # 2a.,1-5-I
1277,Field Sample 1277,115ab850-ecb6-4a55-bdbd-a31beb2adc0b,,,QV31_2010_S02B,Stephen Rickerby,Stephen Rickerby,,,,2010,2010,Plaster,Fragment,QV,Egypt,e37e4bc7-188b-48ac-b510-9ac596b79756,,"Queens Valley, West Bank, Luxor",QV 31,Chamber C,Lower plaster. Thin section prepared by and analyzed by Petroclays as sample # 2b.,1-5-I
1278,Field Sample 1278,6680af5c-2905-4fc3-8b74-87d5555d7f92,,,QV31_2010_S02A+B,Stephen Rickerby,Stephen Rickerby,,,,2010,2010,Plaster,Thin-section,QV,Egypt,e37e4bc7-188b-48ac-b510-9ac596b79756,,"Queens Valley, West Bank, Luxor",QV 31,Chamber C,Thin section of upper and lower plasters (samples 2a and 2b). Analyzed by Petroclays as sample # 2.,1-5-I
1279,Field Sample 1279,d270bde0-5b17-4712-8676-252ea99dd993,,,QV31_2010_S01,Stephen Rickerby,Stephen Rickerby,,,,2010,2010,Plaster,Fragment,QV,Egypt,e37e4bc7-188b-48ac-b510-9ac596b79756,,"Queens Valley, West Bank, Luxor",QV 31,Chamber C,Lower wall plaster. Analyzed by Petroclays as sample # 1.,1-5-I
1280,Field Sample 1280,4fe80964-6628-4e06-91b0-6c122ce95596,,,QV31_2010_S01,Stephen Rickerby,Stephen Rickerby,,,,2010,2010,Plaster,Thin-section,QV,Egypt,e37e4bc7-188b-48ac-b510-9ac596b79756,,"Queens Valley, West Bank, Luxor",QV 31,Chamber C,Lower wall plaster. Thin section prepared by and analyzed by Petroclays as sample # 1.,1-5-I
1281,Field Sample 1281,b20a8511-589f-4adc-be85-ad9b98d6d76e,,,QV33_2010_S03,Stephen Rickerby,Stephen Rickerby,,,,2010,2010,Plaster,Fragment,QV,Egypt,e37e4bc7-188b-48ac-b510-9ac596b79756,,"Queens Valley, West Bank, Luxor",QV 33,,Lower plaster. Analyzed by Petroclays as sample # 3.,1-5-I
1282,Field Sample 1282,bdce985a-d41f-4c1e-9252-7658db81ab42,,,QV33_2010_S03,Stephen Rickerby,Stephen Rickerby,,,,2010,2010,Plaster,Thin-section,QV,Egypt,e37e4bc7-188b-48ac-b510-9ac596b79756,,"Queens Valley, West Bank, Luxor",QV 33,,Lower plaster. Thin section prepared by and analyzed by Petroclays as sample # 3.,1-5-I
1283,Field Sample 1283,8b844399-bb24-4721-9086-e80e6e4bd09b,,,QV33_2010_S04,Stephen Rickerby,Stephen Rickerby,,,,2010,2010,Plaster,Fragment,QV,Egypt,e37e4bc7-188b-48ac-b510-9ac596b79756,,"Queens Valley, West Bank, Luxor",QV 33,,Upper plaster. Analyzed by Petroclays as sample # 4.,1-5-I
1284,Field Sample 1284,2fb8ed5d-618a-4ecb-8dc9-60f70b91526c,,,QV33_2010_S04,Stephen Rickerby,Stephen Rickerby,,,,2010,2010,Plaster,Thin-section,QV,Egypt,e37e4bc7-188b-48ac-b510-9ac596b79756,,"Queens Valley, West Bank, Luxor",QV 33,,Upper plaster. Thin section prepared by and analyzed by Petroclays as sample # 4.,1-5-I
1285,Field Sample 1285,58228c63-8098-4390-82c9-79ae5284815c,,,QV36_2010_S05,Stephen Rickerby,Stephen Rickerby,,,,2010,2010,Plaster,Fragment,QV,Egypt,e37e4bc7-188b-48ac-b510-9ac596b79756,,"Queens Valley, West Bank, Luxor",QV 36,,Lower plaster. Analyzed by Petroclays as sample # 5.,1-5-I
1286,Field Sample 1286,a56cd9d4-0c77-4fca-9480-8a8444ac834e,,,QV36_2010_S05,Stephen Rickerby,Stephen Rickerby,,,,2010,2010,Plaster,Thin-section,QV,Egypt,e37e4bc7-188b-48ac-b510-9ac596b79756,,"Queens Valley, West Bank, Luxor",QV 36,,Lower plaster. Thin section prepared by and analyzed by Petroclays as sample # 5.,1-5-I
1287,Field Sample 1287,72e70ff2-48d3-43cc-856e-a99cdb495616,,,QV36_2010_S06,Stephen Rickerby,Stephen Rickerby,,,,2010,2010,Plaster,Fragment,QV,Egypt,e37e4bc7-188b-48ac-b510-9ac596b79756,,"Queens Valley, West Bank, Luxor",QV 36,,Upper plaster. Analyzed by Petroclays as sample # 6.,1-5-I
1288,Field Sample 1288,31991604-786f-42fa-acbd-cf5fb1b06c17,,,QV36_2010_S06,Stephen Rickerby,Stephen Rickerby,,,,2010,2010,Plaster,Thin-section,QV,Egypt,e37e4bc7-188b-48ac-b510-9ac596b79756,,"Queens Valley, West Bank, Luxor",QV 36,,Upper plaster. Thin section prepared by and analyzed by Petroclays as sample # 6.,1-5-I
1289,Field Sample 1289,49285c77-cfee-4a92-91db-00b5305f0624,,,QV38.10.01,Lori Wong,Lori Wong,,,,2010,2010,Rock,Fragment,QV,Egypt,e37e4bc7-188b-48ac-b510-9ac596b79756,,"Queens Valley, West Bank, Luxor",QV 38,Tomb exterior,Limestone,1-5-I
1290,Field Sample 1290,aa0b65c5-389d-4c85-bf10-4f019bc0f769,,,QV42_2010_S07,Stephen Rickerby,Stephen Rickerby,,,,2010,2010,Plaster,Fragment,QV,Egypt,e37e4bc7-188b-48ac-b510-9ac596b79756,,"Queens Valley, West Bank, Luxor",QV 42,,Upper plaster. Analyzed by Petroclays as sample # 7.,1-5-I
1291,Field Sample 1291,e2743184-faf5-4830-a843-11d0f3e60066,,,QV42_2010_S07,Stephen Rickerby,Stephen Rickerby,,,,2010,2010,Plaster,Thin-section,QV,Egypt,e37e4bc7-188b-48ac-b510-9ac596b79756,,"Queens Valley, West Bank, Luxor",QV 42,,Upper plaster. Thin section prepared by and analyzed by Petroclays as sample # 7.,1-5-I
1292,Field Sample 1292,45588c64-68f1-46e0-b399-211cce56df79,,,QV55.01,?,,,,,?,,Powder,,QV,Egypt,e37e4bc7-188b-48ac-b510-9ac596b79756,,"Queens Valley, West Bank, Luxor",QV 55,,"Powder. No information. Marked only ""top""",1-5-I
1293,Field Sample 1293,59dd757e-f03a-4f71-aa29-9f47a84cd9a2,,,QV55.02,?,,,,,?,,Powder,,QV,Egypt,e37e4bc7-188b-48ac-b510-9ac596b79756,,"Queens Valley, West Bank, Luxor",QV 55,,"Powder. No information. Marked only ""middle""",1-5-I
1294,Field Sample 1294,5be71c19-75e9-4f9d-8365-3debf4ddea98,,,QV55.03,?,,,,,?,,Powder,,QV,Egypt,e37e4bc7-188b-48ac-b510-9ac596b79756,,"Queens Valley, West Bank, Luxor",QV 55,,"Powder. No information. Marked only ""bottom""",1-5-I
1295,Field Sample 1295,3d2cf445-9957-44d0-9801-a9d53bfb3504,,,QV60.08.01,Jonathan Bell,Jonathan Bell,,,,2008,2008,Rock,,QV,Egypt,e37e4bc7-188b-48ac-b510-9ac596b79756,,"Queens Valley, West Bank, Luxor",QV 60,,Marl chert,1-5-I
1296,Field Sample 1296,3d8587af-5a2d-4075-afcc-b63b38a03aef,,,QV60.08.01 B,Jonathan Bell,Jonathan Bell,,,,2008,2008,Rock,,QV,Egypt,e37e4bc7-188b-48ac-b510-9ac596b79756,,"Queens Valley, West Bank, Luxor",QV 60,,Marl chert,1-5-I
1297,Field Sample 1297,09af5c30-d37f-4bd4-9a01-7e374fd6e23d,,,QV60.08.01 salt,Jonathan Bell,Jonathan Bell,,,,20080214,2008-02-14,Salt,,QV,Egypt,e37e4bc7-188b-48ac-b510-9ac596b79756,,"Queens Valley, West Bank, Luxor",QV 60,"Main chamber, N wall, central doorway, W jamb",Presumed KCl,1-5-I
1298,Field Sample 1298,b5ed40b0-1cc1-4894-adc1-b58cb369801b,,,QV60.08.02,Jonathan Bell,Jonathan Bell,,,,2008,2008,Rock,,QV,Egypt,e37e4bc7-188b-48ac-b510-9ac596b79756,,"Queens Valley, West Bank, Luxor",QV 60,,Marl chert,1-5-I
1299,Field Sample 1299,7cba63d2-fdc4-4a29-a06a-0fdfd1bedc59,,,QV60.08.02,Jonathan Bell,Jonathan Bell,,,,2008,2008,,Thin-section,QV,Egypt,e37e4bc7-188b-48ac-b510-9ac596b79756,,"Queens Valley, West Bank, Luxor",QV 60,,Marl chert,1-5-I
1300,Field Sample 1300,8a5f43f2-e0a3-4d7d-b3d1-ed0ab43312b5,,,QV60_2010_S01,Lori Wong,Lori Wong,,,,2010,2010,Plaster,,QV,Egypt,e37e4bc7-188b-48ac-b510-9ac596b79756,,"Queens Valley, West Bank, Luxor",QV 60,,Fallen plaster collected from tomb,1-5-I
1301,Field Sample 1301,a44eb1c0-d7cb-4d4d-a2d1-8ba8082039cc,,,QV60_2010_S01a,Lori Wong,Lori Wong,,,,2010,2010,Plaster,,QV,Egypt,e37e4bc7-188b-48ac-b510-9ac596b79756,,"Queens Valley, West Bank, Luxor",QV 60,,Fallen plaster collected from tomb. Wahsed x3,1-5-I
1302,Field Sample 1302,3e7c5f54-3860-48b0-bb6f-b4cc50cd4270,,,QV60_2010_S08,Stephen Rickerby,Stephen Rickerby,,,,2010,2010,Plaster,,QV,Egypt,e37e4bc7-188b-48ac-b510-9ac596b79756,,"Queens Valley, West Bank, Luxor",QV 60,,Upper plaster. Analyzed by Petroclays as sample # 8.,1-5-I
1303,Field Sample 1303,722d6959-cc31-47d0-a0ad-648596a61d04,,,QV60_2010_S08,Stephen Rickerby,Stephen Rickerby,,,,2010,2010,Plaster,Thin-section,QV,Egypt,e37e4bc7-188b-48ac-b510-9ac596b79756,,"Queens Valley, West Bank, Luxor",QV 60,,Upper plaster. Thin section prepared by and analyzed by Petroclays as sample # 8.,1-5-I
1304,Field Sample 1304,83e7a91b-6dda-47a9-adcb-fead515bde4e,,,QV60_2010_S09,Stephen Rickerby,Stephen Rickerby,,,,2010,2010,Plaster,,QV,Egypt,e37e4bc7-188b-48ac-b510-9ac596b79756,,"Queens Valley, West Bank, Luxor",QV 60,,Crushed plaster containing both 9A (thin upper plaster) and 9B (lower plaster). Analyzed by Petroclays as sample # 9A.,1-5-I
1305,Field Sample 1305,5f82d260-9b03-42ac-b54c-900ac37d8a70,,,QV60_2010_S09A,Stephen Rickerby,Stephen Rickerby,,,,2010,2010,Plaster,Thin-section,QV,Egypt,e37e4bc7-188b-48ac-b510-9ac596b79756,,"Queens Valley, West Bank, Luxor",QV 60,,Thin section contains both 9A (thin upper plaster) and 9B (lower plaster). Prepared by and analyzed by Petroclays as sample # 9A.,1-5-I
1306,Field Sample 1306,cac3e329-88b4-4282-810e-e601484d314c,,,QV60_2012_S01,,,,,,2013,2013,Plaster,,QV,Egypt,e37e4bc7-188b-48ac-b510-9ac596b79756,,"Queens Valley, West Bank, Luxor",QV 60,Fallen plaster,,1-5-I
1307,Field Sample 1307,5f6ddb48-a639-48d9-bd66-c3ff341ed55a,,,QV60_2012_S02,,,,,,2013,2013,Plaster,,QV,Egypt,e37e4bc7-188b-48ac-b510-9ac596b79756,,"Queens Valley, West Bank, Luxor",QV 60,,Reconstituted plaster,1-5-I
1308,Field Sample 1308,552b8dd7-aee1-43ca-9b41-961da9ea2885,,,QV62_S01,,,,,,,,Plaster,,QV,Egypt,e37e4bc7-188b-48ac-b510-9ac596b79756,,"Queens Valley, West Bank, Luxor",QV 62,,,1-5-I
1309,Field Sample 1309,47ebd76c-6282-4ae2-b3cb-b10573e997a1,,,QV70.08.01,Jonathan Bell,Jonathan Bell,,,,20080129,2008-01-29,Salt,,QV,Egypt,e37e4bc7-188b-48ac-b510-9ac596b79756,,"Queens Valley, West Bank, Luxor",QV 70,"Rear wall, ceiling fracture infill.",Presumed halite.,1-5-I
1310,Field Sample 1310,fa607936-0bc8-4784-9b2f-f7802d67416c,,,QV70.08.02,Jonathan Bell,Jonathan Bell,,,,20080129,2008-01-29,Salt,,QV,Egypt,e37e4bc7-188b-48ac-b510-9ac596b79756,,"Queens Valley, West Bank, Luxor",QV 70,"Rear wall, ceiling fracture infill.",Presumed gypsum/anhydrite,1-5-I
1311,Field Sample 1311,1c2fc90f-2783-4965-a487-e9c0f8f552ec,,,QV71.06.01,Jonathan Bell,Jonathan Bell,,,,200603,2006-03,Salt,,QV,Egypt,e37e4bc7-188b-48ac-b510-9ac596b79756,,"Queens Valley, West Bank, Luxor",QV 71,"Rear wall, fracture infill",Presumed halite.,1-5-I
1312,Field Sample 1312,aaf757d6-0a01-42c0-8b73-2b37e464ae98,,,QV71.06.02,Jonathan Bell,Jonathan Bell,,,,200603,2006-03,Salt,,QV,Egypt,e37e4bc7-188b-48ac-b510-9ac596b79756,,"Queens Valley, West Bank, Luxor",QV 71,Rear Chamber,Whisker-like crystal growth. Presumed halite.,1-5-I
1313,Field Sample 1313,99831865-220e-485e-9caf-9b1b6261ce91,,,0,Stephen Rickerby,Stephen Rickerby,,,,2010,2010,Plaster,,QV,Egypt,e37e4bc7-188b-48ac-b510-9ac596b79756,,"Queens Valley, West Bank, Luxor",QV 71,,"Lower earthen plaster, fallen material. Prepared and analyzed by Petroclays as samples # 20.",1-5-I
1314,Field Sample 1314,d96426fb-faf8-4c3d-a18b-990f346de20e,,,QV71_2010_S20,Stephen Rickerby,Stephen Rickerby,,,,2010,2010,,Thin-section,QV,Egypt,e37e4bc7-188b-48ac-b510-9ac596b79756,,"Queens Valley, West Bank, Luxor",QV 71,,"Lower earthen plaster, fallen material. Thin section prepared and analyzed by Petroclays as samples # 20.",1-5-I
1315,Field Sample 1315,07e3e4a2-e5c3-49b4-89cb-b6e15dcf7b86,,,QV71_recon_01,Stephen Rickerby,Stephen Rickerby,,,,2010,2010,Plaster,,QV,Egypt,e37e4bc7-188b-48ac-b510-9ac596b79756,,"Queens Valley, West Bank, Luxor",QV 71,,Reconstituted lower plaster,1-5-I
1316,Field Sample 1316,4dfc0030-d215-49b9-9782-2a460b43c71a,,,QV71_2010_S21,Stephen Rickerby,Stephen Rickerby,,,,2010,2010,Plaster,,QV,Egypt,e37e4bc7-188b-48ac-b510-9ac596b79756,,"Queens Valley, West Bank, Luxor",QV 71,,"Upper earthen plaster, fallen material. Prepared and analyzed by Petroclays as samples # 21.",1-5-I
1317,Field Sample 1317,2afb8d4d-2247-4a5c-a53c-f44a97c724bb,,,QV71_2010_S21,Stephen Rickerby,Stephen Rickerby,,,,2010,2010,,Thin-section,QV,Egypt,e37e4bc7-188b-48ac-b510-9ac596b79756,,"Queens Valley, West Bank, Luxor",QV 71,,"Upper earthen plaster, fallen material. Thin section prepared and analyzed by Petroclays as samples # 21.",1-5-I
1318,Field Sample 1318,56af5742-a1a6-4cf4-93a5-b5dd67893bfb,,,QV75.07.01,Neville Agnew,Neville Agnew,,,,20070213,2007-02-13,Bat?,,QV,Egypt,e37e4bc7-188b-48ac-b510-9ac596b79756,,"Queens Valley, West Bank, Luxor",QV 75,Ceiling,Uric acid from bats?,1-5-I
1319,Field Sample 1319,d1923bdc-7dcf-40f3-a043-b95522c382b3,,,QV75_2010_S22,Stephen Rickerby,Stephen Rickerby,,,,2010,2010,Plaster,,QV,Egypt,e37e4bc7-188b-48ac-b510-9ac596b79756,,"Queens Valley, West Bank, Luxor",QV 75,,Upper plaster. Prepared and analyzed by Petroclays as samples # 22.,1-5-I
1320,Field Sample 1320,d6bb6215-6b44-4b16-9162-fc61806c2d12,,,QV75_2010_S22,Stephen Rickerby,Stephen Rickerby,,,,2010,2010,,Thin-section,QV,Egypt,e37e4bc7-188b-48ac-b510-9ac596b79756,,"Queens Valley, West Bank, Luxor",QV 75,,Upper plaster. Thin section prepared and analyzed by Petroclays as samples # 22.,1-5-I
1321,Field Sample 1321,b1edc0c4-066f-461c-bafe-50b320e3d215,,,QV_75U,,,,,,,,Plaster,,QV,Egypt,e37e4bc7-188b-48ac-b510-9ac596b79756,,"Queens Valley, West Bank, Luxor",QV 75,,Upper plaster,1-5-I
1322,Field Sample 1322,80c97a02-efc8-45e9-a1cc-3b4df177580b,,,QV_75L,,,,,,,,Plaster,,QV,Egypt,e37e4bc7-188b-48ac-b510-9ac596b79756,,"Queens Valley, West Bank, Luxor",QV 75,,Upper plaster,1-5-I
1323,Field Sample 1323,7dfe9f7d-7485-4c2f-829d-c563d2f8c12b,,,QV95.08.01,Jonathan Bell,Jonathan Bell,,,,,,Plaster?,,QV,Egypt,e37e4bc7-188b-48ac-b510-9ac596b79756,,"Queens Valley, West Bank, Luxor",QV95,,Rock? Plaster?,1-5-I
1324,Field Sample 1324,72877721-24ee-43e5-a6f8-a1d61b9fd39d,,,QV96.08.01,Jonathan Bell,Jonathan Bell,,,,20080129,2008-01-29,Salt,,QV,Egypt,e37e4bc7-188b-48ac-b510-9ac596b79756,,"Queens Valley, West Bank, Luxor",QV 96,"Rear wall, near ceiling.",Presumed halite.,1-5-I
1325,Field Sample 1325,bd941f3d-b64c-42d0-af6b-fbe1034814d2,,,QV66_S10,,,,,,,,Plaster,Thin-section,QV NEF,Egypt,e37e4bc7-188b-48ac-b510-9ac596b79756,,"Queens Valley, West Bank, Luxor",QV 66,,Thin section prepared and analyzed by Petroclays as sample # 10. Two part plaster system which was also divided for analysis by Petroclays as samples # 11 and 12 (see below). Also catalogged under earlier GCI numbering system as Fragment 1.,1-5-I
1326,Field Sample 1326,eeb58713-2259-44c7-b10b-f31866888899,,,QV66_S11,,,,,,,,Plaster,,QV NEF,Egypt,e37e4bc7-188b-48ac-b510-9ac596b79756,,"Queens Valley, West Bank, Luxor",QV 66,,Lower plaster. Analyzed by Petroclays as sample # 11. Also taken from Fragment 1.,1-5-I
1327,Field Sample 1327,c5e88465-0b4d-4a51-9635-4b84c0d464cb,,,QV66_S12,,,,,,,,Plaster,,QV NEF,Egypt,e37e4bc7-188b-48ac-b510-9ac596b79756,,"Queens Valley, West Bank, Luxor",QV 66,,Upper plaster. Analyzed by Petroclays as sample # 12. Also taken from Fragment 1.,1-5-I
1328,Field Sample 1328,be20771c-8f0a-4605-b8be-16e7893c7d19,,,QV66_S13,,,,,,,,,Thin-section,QV NEF,Egypt,e37e4bc7-188b-48ac-b510-9ac596b79756,,"Queens Valley, West Bank, Luxor",QV 66,,Thin section prepared and analyzed by Petroclays as sample # 13. Taken from Fragment 2B.,1-5-I
1329,Field Sample 1329,84fc0c25-05a5-4609-bd2a-2c5ef5f03ed0,,,QV66_S13,,,,,,,,Plaster,,QV NEF,Egypt,e37e4bc7-188b-48ac-b510-9ac596b79756,,"Queens Valley, West Bank, Luxor",QV 66,,Analyzed by Petroclays as sample # 13. Taken from Fragment 2B.,1-5-I
1330,Field Sample 1330,936629b2-f9ad-4805-b5d7-69a6e16df16e,,,QV66_S14,,,,,,,,,Thin-section,QV NEF,Egypt,e37e4bc7-188b-48ac-b510-9ac596b79756,,"Queens Valley, West Bank, Luxor",QV 66,,Thin section prepared and analyzed by Petroclays as sample # 14. Taken from Fragment 3.,1-5-I
1331,Field Sample 1331,80f17b1e-e1fd-4bde-99f8-d7ced0d24424,,,QV66_S14,,,,,,,,Plaster,,QV NEF,Egypt,e37e4bc7-188b-48ac-b510-9ac596b79756,,"Queens Valley, West Bank, Luxor",QV 66,,Lower plaster. Analyzed by Petroclays as sample # 14. Taken from Fragment 3.,1-5-I
1332,Field Sample 1332,5a40165b-6f4e-4694-9d56-0f050250506a,,,QV66_S15,,,,,,,,,Thin-section,QV NEF,Egypt,e37e4bc7-188b-48ac-b510-9ac596b79756,,"Queens Valley, West Bank, Luxor",QV 66,,Thin section prepared and analyzed by Petroclays as sample # 15. Includes 2 plaster layers.Taken from Fragment 4.,1-5-I
1333,Field Sample 1333,1053f589-6235-498e-ba2e-acc408113c52,,,QV66_S16,,,,,,,,Plaster,,QV NEF,Egypt,e37e4bc7-188b-48ac-b510-9ac596b79756,,"Queens Valley, West Bank, Luxor",QV 66,,Lower plaster. Analyzed by Petroclays as sample # 16. Taken from Fragment 4.,1-5-I
1334,Field Sample 1334,2e971f00-8987-4ff2-9404-6401ec6806ab,,,QV66_S16,,,,,,,,Straw,,QV NEF,Egypt,e37e4bc7-188b-48ac-b510-9ac596b79756,,"Queens Valley, West Bank, Luxor",QV 66,,Straw isolated from plaster. Analyzed by Petroclays as sample # 16. Taken from Fragment 4.,1-5-I
1335,Field Sample 1335,382bf1b5-040e-4556-b0ee-cb8a4b75e521,,,QV66_S17,,,,,,,,Plaster,Thin-section,QV NEF,Egypt,e37e4bc7-188b-48ac-b510-9ac596b79756,,"Queens Valley, West Bank, Luxor",QV 66,,Thin section prepared and analyzed by Petroclays as sample # 17. Includes 2 plaster layers.Taken from Fragment 15A.,1-5-I
1336,Field Sample 1336,54964cdf-787d-4cac-8fcd-0399b2f5e43b,,,QV66_S18&19,,,,,,,,Plaster,,QV NEF,Egypt,e37e4bc7-188b-48ac-b510-9ac596b79756,,"Queens Valley, West Bank, Luxor",QV 66,,Prepared and analyzed by Petroclays as samples # 18 (lower plaster) & 19 (upper plaster). Includes 2 plaster layers.Taken from Fragment 15A.,1-5-I
1337,Field Sample 1337,cc5cdef1-0885-457e-9711-15ea276b18d6,,,GCI-89-0005,,,,,,1989,1989,Paint,,QV NEF,Egypt,e37e4bc7-188b-48ac-b510-9ac596b79756,,"Queens Valley, West Bank, Luxor",QV 66,,"""Red capsule #1 - green""",1-5-I
1338,Field Sample 1338,2051a06f-d7cc-4513-bc51-aa03243bff73,,,GCI-89-0006,,,,,,1989,1989,Paint,,QV NEF,Egypt,e37e4bc7-188b-48ac-b510-9ac596b79756,,"Queens Valley, West Bank, Luxor",QV 66,,"""Red capsule #2 - blue""",1-5-I
1339,Field Sample 1339,48d07bfd-0e05-41f5-9dd9-2a07fae94300,,,GCI-89-0028,,,,,,1989,1989,Paint,,QV NEF,Egypt,e37e4bc7-188b-48ac-b510-9ac596b79756,,"Queens Valley, West Bank, Luxor",QV 66,,"""Red capsule #3 - red""",1-5-I
1340,Field Sample 1340,1efdeb05-f83d-427f-86aa-e91c92973018,,,GCI-89-0029,,,,,,1989,1989,Paint,,QV NEF,Egypt,e37e4bc7-188b-48ac-b510-9ac596b79756,,"Queens Valley, West Bank, Luxor",QV 66,,"""Red capsule #5 - black""",1-5-I
1341,Field Sample 1341,91c79b1b-0230-4260-83b6-3fb36bc4e439,,,GCI-89-0030,,,,,,1989,1989,Paint,,QV NEF,Egypt,e37e4bc7-188b-48ac-b510-9ac596b79756,,"Queens Valley, West Bank, Luxor",QV 66,,"""Yellow capsule #1 - green""",1-5-I
1342,Field Sample 1342,bb869677-f61a-4469-906c-6ad94d1c4ac6,,,GCI-89-0031,,,,,,1989,1989,Paint,,QV NEF,Egypt,e37e4bc7-188b-48ac-b510-9ac596b79756,,"Queens Valley, West Bank, Luxor",QV 66,,"""Yellow capsule # 3 - red""",1-5-I
1343,Field Sample 1343,17f111a8-8d79-400c-9918-8a2f25f73c58,,,GCI-89-0032,,,,,,1989,1989,Paint,,QV NEF,Egypt,e37e4bc7-188b-48ac-b510-9ac596b79756,,"Queens Valley, West Bank, Luxor",QV 66,,"""Yellow capsule #4 - yellow""",1-5-I
1344,Field Sample 1344,54bee8ec-25ba-4a3c-a4c6-3035b4638f66,,,GCI-89-0033,,,,,,1989,1989,Paint,,QV NEF,Egypt,e37e4bc7-188b-48ac-b510-9ac596b79756,,"Queens Valley, West Bank, Luxor",QV 66,,"""Yellow capsule # 5 - black""",1-5-I
1345,Field Sample 1345,7dc62ea0-c0e7-4094-9050-7b3a376b2ad2,,,GCI-89-0034,,,,,,1989,1989,Paint,,QV NEF,Egypt,e37e4bc7-188b-48ac-b510-9ac596b79756,,"Queens Valley, West Bank, Luxor",QV 66,,"""Green capsule # 1 - green""",1-5-I
1346,Field Sample 1346,6f5ef999-2649-4ded-86dd-54e7d905e2c6,,,GCI-89-0035,,,,,,1989,1989,Paint,,QV NEF,Egypt,e37e4bc7-188b-48ac-b510-9ac596b79756,,"Queens Valley, West Bank, Luxor",QV 66,,"""Green capsule #2 - blue""",1-5-I
1347,Field Sample 1347,c441e984-0b85-4730-91d1-fbe92338837b,,,GCI-89-0036,,,,,,1989,1989,Paint,,QV NEF,Egypt,e37e4bc7-188b-48ac-b510-9ac596b79756,,"Queens Valley, West Bank, Luxor",QV 66,,"""Green capsule # 4 - yellow""",1-5-I
1348,Field Sample 1348,39769d81-c358-4e2d-9842-40497b062c63,,,GCI-89-0037,,,,,,1989,1989,Paint,,QV NEF,Egypt,e37e4bc7-188b-48ac-b510-9ac596b79756,,"Queens Valley, West Bank, Luxor",QV 66,,"""Green capsule # 5 - black""",1-5-I
1349,Field Sample 1349,583b58f0-3649-483e-9b58-3c9169b97f0b,,,QV66_1989_S01,Neville Agnew,Neville Agnew,,,,19891118,1989-11-18,Salt,,QV NEF,Egypt,e37e4bc7-188b-48ac-b510-9ac596b79756,,"Queens Valley, West Bank, Luxor",QV 66,Ceiling of innermost chamber,Salt whiskers,1-5-I
1350,Field Sample 1350,990a9bf5-a23c-4457-b855-c0723a9f7a84,,,QV66_1989_S02,Neville Agnew,Neville Agnew,,,,19891118,1989-11-18,Salt,,QV NEF,Egypt,e37e4bc7-188b-48ac-b510-9ac596b79756,,"Queens Valley, West Bank, Luxor",QV 66,Ceiling of innermost chamber,Salt - massive,1-5-I
1351,Field Sample 1351,d4f175c6-23c6-4c01-b1b2-053fcc3b86db,,,QV66_1989_S03,L. Mora,L. Mora,,,,19891118,1989-11-18,Plaster,,QV NEF,Egypt,e37e4bc7-188b-48ac-b510-9ac596b79756,,"Queens Valley, West Bank, Luxor",QV 66,,Plaster,1-5-I
1352,Field Sample 1352,47577ad8-42f1-4d11-8d4b-8e6a56703aa4,,,QV66_1989_S04,L. Mora,L. Mora,,,,19891118,1989-11-18,Salt,,QV NEF,Egypt,e37e4bc7-188b-48ac-b510-9ac596b79756,,"Queens Valley, West Bank, Luxor",QV 66,Exterior of tomb,Gypsum?,1-5-I
1353,Field Sample 1353,4c0b5ca5-a658-4e83-8cc9-7b8da1534aae,,,QV66_1989_S05,L. Mora,L. Mora,,,,19891118,1989-11-18,Salt,,QV NEF,Egypt,e37e4bc7-188b-48ac-b510-9ac596b79756,,"Queens Valley, West Bank, Luxor",QV 66,Exterior of tomb,Gypsum?,1-5-I
1354,Field Sample 1354,1d674173-879a-4bea-b0da-1e103df6f6ec,,,QV66_1989_S06,Neville Agnew,Neville Agnew,,,,19891118,1989-11-18,Salt,,QV NEF,Egypt,e37e4bc7-188b-48ac-b510-9ac596b79756,,"Queens Valley, West Bank, Luxor",QV 66,,Plaster with varnished surface,1-5-I
1355,Field Sample 1355,e664ae56-70d6-4a8b-a1ff-48e95f0c2bfd,,,QV_NEF_01,,,,,,,,Plaster,,QV NEF,Egypt,e37e4bc7-188b-48ac-b510-9ac596b79756,,"Queens Valley, West Bank, Luxor",QV 66,,,1-5-I
1356,Field Sample 1356,d5086913-e712-46b7-b786-8454311c4629,,,QV_NEF_02,,,,,,,,Plaster,,QV NEF,Egypt,e37e4bc7-188b-48ac-b510-9ac596b79756,,"Queens Valley, West Bank, Luxor",QV 66,,,1-5-I
1357,Field Sample 1357,66ee15e2-35da-4039-9682-708e0bd8c2bd,,,QV_NEF_03,,,,,,,,Plaster,,QV NEF,Egypt,e37e4bc7-188b-48ac-b510-9ac596b79756,,"Queens Valley, West Bank, Luxor",QV 66,,,1-5-I
1358,Field Sample 1358,9f91671d-5c8d-4527-98f6-771e449b2d13,,,QV_NEF_04,,,,,,,,Plaster,,QV NEF,Egypt,e37e4bc7-188b-48ac-b510-9ac596b79756,,"Queens Valley, West Bank, Luxor",QV 66,,,1-5-I
1359,Field Sample 1359,11ebdf8d-2685-4569-af2e-3dfc9a248e60,,,QV_NEF_05,,,,,,,,Plaster,,QV NEF,Egypt,e37e4bc7-188b-48ac-b510-9ac596b79756,,"Queens Valley, West Bank, Luxor",QV 66,,2 plaster layers,1-5-I
1360,Field Sample 1360,2845cd91-7452-4f07-ad1c-fa936e23abfa,,,QV_NEF_06,,,,,,,,Salt,,QV NEF,Egypt,e37e4bc7-188b-48ac-b510-9ac596b79756,,"Queens Valley, West Bank, Luxor",QV 66,,"White compact material, vertical striations, one vertical line across whole fragment. Gypsum? Labelled as ""Gypsum sample #1""",1-5-I
1361,Field Sample 1361,f8023a65-01ae-40ec-8249-8399f8890657,,,QV_NEF_07,,,,,,,,Salt,,QV NEF,Egypt,e37e4bc7-188b-48ac-b510-9ac596b79756,,"Queens Valley, West Bank, Luxor",QV 66,,"White compact material, vertical striations, one vertical line across whole fragment. Gypsum? Labelled as ""Gypsum sample #2""",1-5-I
1362,Field Sample 1362,e06ef323-4e5e-4432-b0ed-04a90ab8620d,,,QV_NEF_08,,,,,,,,Salt,,QV NEF,Egypt,e37e4bc7-188b-48ac-b510-9ac596b79756,,"Queens Valley, West Bank, Luxor",QV 66,,"White compact material, vertical striations, one vertical line across whole fragment. Gypsum? Labelled as ""Gypsum sample #3""",1-5-I
1363,Field Sample 1363,7b84039d-c436-429e-96d3-854d440c74d3,,,QV_NEF_09,,,,,,,,Salt,,QV NEF,Egypt,e37e4bc7-188b-48ac-b510-9ac596b79756,,"Queens Valley, West Bank, Luxor",QV 66,,"Compact, translucent material with vertical striations. Whisker-like formation. Labelled ""Salt samples, niche top. 14-1-83""",1-5-I
1364,Field Sample 1364,ebfb5ea6-715b-46d6-bf22-2b990cbab577,,,QV_NEF_10,,,,,,1986?,1986?,Plaster,,QV NEF,Egypt,e37e4bc7-188b-48ac-b510-9ac596b79756,,"Queens Valley, West Bank, Luxor",QV 66,,"Plaster layer, evidence of having been packed between rocks. Limestone aggregate, sand. Taken from box labelled ""Plaster fragments from box in Niche Q""",1-5-I
1365,Field Sample 1365,3b3fa255-bed9-408d-938e-2fdeddf726db,,,QV_NEF_11,,,,,,1986?,1986?,Plaster,,QV NEF,Egypt,e37e4bc7-188b-48ac-b510-9ac596b79756,,"Queens Valley, West Bank, Luxor",QV 66,,"Unidentified surface layer, possibly modern coating. One buff plaster layer with limestone chips. Taken from box labelled ""Plaster fragments from box in Niche Q""",1-5-I
1366,Field Sample 1366,f6056c0c-8e6f-4257-9fd1-168bdf6447ef,,,QV_NEF_12,,,,,,1986?,1986?,Plaster,,QV NEF,Egypt,e37e4bc7-188b-48ac-b510-9ac596b79756,,"Queens Valley, West Bank, Luxor",QV 66,,"Unidentified surface layer, possibly modern coating. One buff plaster layer with limestone chips. Taken from box labelled ""Plaster fragments from box in Niche Q""",1-5-I
1367,Field Sample 1367,47722991-1979-4f14-9a52-5d235e148d2b,,,QV_NEF_13,,,,,,1986?,1986?,Plaster,,QV NEF,Egypt,e37e4bc7-188b-48ac-b510-9ac596b79756,,"Queens Valley, West Bank, Luxor",QV 66,,"Unidentified surface layer, possibly modern coating. One buff plaster layer with limestone chips. Taken from box labelled ""Plaster fragments from box in Niche Q""",1-5-I
1368,Field Sample 1368,695a8129-ce37-4194-9089-fa0866860d02,,,QV_NEF_14A,,,,,,19860916,1986-09-16,Plaster,,QV NEF,Egypt,e37e4bc7-188b-48ac-b510-9ac596b79756,,"Queens Valley, West Bank, Luxor",QV 66,"Labelled ""Plaster samples taken from ceiling of Niche Q"".",Plaster,1-5-I
1369,Field Sample 1369,b5c5ef50-eae1-4ea5-bc68-d3d5c1ef2474,,,QV_NEF_14B,,,,,,19860916,1986-09-16,Plaster,,QV NEF,Egypt,e37e4bc7-188b-48ac-b510-9ac596b79756,,"Queens Valley, West Bank, Luxor",QV 66,"Labelled ""Plaster samples taken from ceiling of Niche Q"".",Plaster,1-5-I
1370,Field Sample 1370,42438c28-7a7c-4e46-8734-56505563a2c7,,,QV_NEF_14C,,,,,,19860916,1986-09-16,Plaster,,QV NEF,Egypt,e37e4bc7-188b-48ac-b510-9ac596b79756,,"Queens Valley, West Bank, Luxor",QV 66,"Labelled ""Plaster samples taken from ceiling of Niche Q"".",Plaster,1-5-I
1371,Field Sample 1371,43803f10-a577-456d-9466-61d467a21a8d,,,QV_NEF_14D,,,,,,19860916,1986-09-16,Plaster,,QV NEF,Egypt,e37e4bc7-188b-48ac-b510-9ac596b79756,,"Queens Valley, West Bank, Luxor",QV 66,"Labelled ""Plaster samples taken from ceiling of Niche Q"".",Plaster,1-5-I
1372,Field Sample 1372,003b1be3-0897-4fbb-8b76-ff905d4b56c0,,,QV_NEF_15A,,,,,,19860916,1986-09-16,Plaster,,QV NEF,Egypt,e37e4bc7-188b-48ac-b510-9ac596b79756,,"Queens Valley, West Bank, Luxor",QV 66,"Labelled ""Plaster samples taken from ceiling of Niche Q"".",Sample now exisits under numbers QV66_S17 and QV66_S18&19.,1-5-I
1373,Field Sample 1373,2ee74eee-51dc-4d5e-b3ba-981e90d29130,,,QV_NEF_15B,,,,,,19860916,1986-09-16,Plaster,,QV NEF,Egypt,e37e4bc7-188b-48ac-b510-9ac596b79756,,"Queens Valley, West Bank, Luxor",QV 66,"Labelled ""Plaster samples taken from ceiling of Niche Q"".",Plaster,1-5-I
1374,Field Sample 1374,2d27a795-88b9-42a4-ab22-5642cb8fbeda,,,QV_NEF_15C,,,,,,19860916,1986-09-16,Plaster,,QV NEF,Egypt,e37e4bc7-188b-48ac-b510-9ac596b79756,,"Queens Valley, West Bank, Luxor",QV 66,"Labelled ""Plaster samples taken from ceiling of Niche Q"".",Plaster,1-5-I
1375,Field Sample 1375,acb0df86-4a48-4ff0-ade3-1f250a94f563,,,QV_NEF_15D,,,,,,19860916,1986-09-16,,,QV NEF,Egypt,e37e4bc7-188b-48ac-b510-9ac596b79756,,"Queens Valley, West Bank, Luxor",QV 66,"Labelled ""Plaster samples taken from ceiling of Niche Q"".",Plaster,1-5-I
1376,Field Sample 1376,d6d799f3-2744-4ed2-9732-7950d9e00158,,,QV_NEF_15E,,,,,,19860916,1986-09-16,,,QV NEF,Egypt,e37e4bc7-188b-48ac-b510-9ac596b79756,,"Queens Valley, West Bank, Luxor",QV 66,"Labelled ""Plaster samples taken from ceiling of Niche Q"".",Plaster,1-5-I
1377,Field Sample 1377,e27b2a8b-4a46-4ebf-9446-2aa29528b33b,,,QV_NEF_15F,,,,,,19860916,1986-09-16,,,QV NEF,Egypt,e37e4bc7-188b-48ac-b510-9ac596b79756,,"Queens Valley, West Bank, Luxor",QV 66,"Labelled ""Plaster samples taken from ceiling of Niche Q"".",Plaster,1-5-I
1378,Field Sample 1378,50a52d4f-8b1a-48e8-80aa-7c1295b4ab76,,,QV_NEF_15G,,,,,,19860916,1986-09-16,,,QV NEF,Egypt,e37e4bc7-188b-48ac-b510-9ac596b79756,,"Queens Valley, West Bank, Luxor",QV 66,"Labelled ""Plaster samples taken from ceiling of Niche Q"".",Plaster,1-5-I
1379,Field Sample 1379,eaeac469-2018-41f0-8b5d-a92ac2856ac1,,,QV_NEF_15H,,,,,,19860916,1986-09-16,Plaster,,QV NEF,Egypt,e37e4bc7-188b-48ac-b510-9ac596b79756,,"Queens Valley, West Bank, Luxor",QV 66,"Labelled ""Plaster samples taken from ceiling of Niche Q"".",Plaster,1-5-I
1380,Field Sample 1380,90d623e8-4f64-4f8e-865b-fbcd0f3079a4,,,QV_NEF_15I,,,,,,19860916,1986-09-16,Plaster,,QV NEF,Egypt,e37e4bc7-188b-48ac-b510-9ac596b79756,,"Queens Valley, West Bank, Luxor",QV 66,"Labelled ""Plaster samples taken from ceiling of Niche Q"".",Plaster,1-5-I
1381,Field Sample 1381,ba627b68-d8d9-4e14-8722-cde1700c962d,,,QV_NEF_15J,,,,,,19860916,1986-09-16,Plaster,,QV NEF,Egypt,e37e4bc7-188b-48ac-b510-9ac596b79756,,"Queens Valley, West Bank, Luxor",QV 66,"Labelled ""Plaster samples taken from ceiling of Niche Q"".",Plaster,1-5-I
1382,Field Sample 1382,059eb1fa-ff19-45a3-804a-f5d9b0b190eb,,,QV_NEF_15K,,,,,,19860916,1986-09-16,Plaster,,QV NEF,Egypt,e37e4bc7-188b-48ac-b510-9ac596b79756,,"Queens Valley, West Bank, Luxor",QV 66,"Labelled ""Plaster samples taken from ceiling of Niche Q"".",Plaster,1-5-I
1383,Field Sample 1383,d2b9d8db-a60d-4201-8518-fa790570157a,,,QV_NEF_16A-C,,,,,,19860916,1986-09-16,Plaster,,QV NEF,Egypt,e37e4bc7-188b-48ac-b510-9ac596b79756,,"Queens Valley, West Bank, Luxor",QV 66,"Labelled ""Plaster samples taken from ceiling of Niche Q"".",Plaster,1-5-I
1384,Field Sample 1384,85205277-d5ff-4046-a41f-cebb30307a99,,,QV_NEF_16D-F,,,,,,19860916,1986-09-16,Plaster,,QV NEF,Egypt,e37e4bc7-188b-48ac-b510-9ac596b79756,,"Queens Valley, West Bank, Luxor",QV 66,"Labelled ""Plaster samples taken from ceiling of Niche Q"".",Plaster,1-5-I
1385,Field Sample 1385,eddc9ada-7409-4cf3-8b6d-c4c28d85456e,,,QV_NEF_17,,,,,,19860916,1986-09-16,Plaster,,QV NEF,Egypt,e37e4bc7-188b-48ac-b510-9ac596b79756,,"Queens Valley, West Bank, Luxor",QV 66,"Labelled ""Plaster samples taken from ceiling of Niche Q"".",Plaster,1-5-I
1386,Field Sample 1386,742aab4a-bdae-4b53-9552-4d9f72a9c721,,,QV_NEF_18,,,,,,19860916,1986-09-16,Plaster,,QV NEF,Egypt,e37e4bc7-188b-48ac-b510-9ac596b79756,,"Queens Valley, West Bank, Luxor",QV 66,"Labelled ""Plaster samples taken from ceiling of Niche Q"".",Plaster,1-5-I
1387,Field Sample 1387,6953e5c0-2a29-4df1-afbf-6255d60d3cf3,,,RPC 1,Page & Turnbull,Page & Turnbull,,,,20080731,2008-07-31,,,,United States,12ab92a6-0269-49b0-a116-6998fd2ce65f,,Royal Presidio Chapel,,,Sample 1 (77-6E). Orange dado/red column,1-6-F
1388,Field Sample 1388,41461762-07ed-4c84-8377-53d9892e157f,,,RPC 2,Page & Turnbull,Page & Turnbull,,,,20080731,2008-07-31,,,,United States,12ab92a6-0269-49b0-a116-6998fd2ce65f,,Royal Presidio Chapel,,North-east window,Sample 2 (61-9E). North-east window surround,1-6-F
1389,Field Sample 1389,658b84a1-add9-4aa9-b7ad-69d85ca62f23,,,RPC 3,Page & Turnbull,Page & Turnbull,,,,20080731,2008-07-31,,,,United States,12ab92a6-0269-49b0-a116-6998fd2ce65f,,Royal Presidio Chapel,,North-east spandrel,Sample 3 (59-14E). North-east spandrel,1-6-F
1390,Field Sample 1390,962749b9-98df-4c4e-8c16-d095c4d9dd3f,,,RPC 4,Page & Turnbull,Page & Turnbull,,,,20080731,2008-07-31,,,,United States,12ab92a6-0269-49b0-a116-6998fd2ce65f,,Royal Presidio Chapel,,North-east arch,Sample 4 (60-14E). North-east arch,1-6-F
1391,Field Sample 1391,0e46907d-f73a-45ae-9fb2-f600cbb23b14,,,RPC 5,Page & Turnbull,Page & Turnbull,,,,20080731,2008-07-31,,,,United States,12ab92a6-0269-49b0-a116-6998fd2ce65f,,Royal Presidio Chapel,,East Diamond,Sample 5 (35-8E). East Diamond Dado,1-6-F
1392,Field Sample 1392,ed79862d-8a2f-427f-b191-ca2db9324ffd,,,RPC 6,Page & Turnbull,Page & Turnbull,,,,20080731,2008-07-31,,,,United States,12ab92a6-0269-49b0-a116-6998fd2ce65f,,Royal Presidio Chapel,,West front,"Sample 6 (78-1W). West front, red details",1-6-F
1393,Field Sample 1393,1e4754f0-4d37-46ba-8bad-d2a4feb966a1,,,RPC 7,Page & Turnbull,Page & Turnbull,,,,20080731,2008-07-31,,,,United States,12ab92a6-0269-49b0-a116-6998fd2ce65f,,Royal Presidio Chapel,,North banderol,Sample 7 (71-NW). North banderol,1-6-F
1394,Field Sample 1394,e1b85ce6-c6be-48eb-9f79-7c7f5cbac465,,,RPC 8,Page & Turnbull,Page & Turnbull,,,,20080731,2008-07-31,,,,United States,12ab92a6-0269-49b0-a116-6998fd2ce65f,,Royal Presidio Chapel,,Choir Loft,Sample 8 (56-NW). Choir loft figure,1-6-F
1395,Field Sample 1395,095aea36-26dc-4eee-ba54-c96a1b84cf4a,,,RPC 9,Page & Turnbull,Page & Turnbull,,,,20080731,2008-07-31,,,,United States,12ab92a6-0269-49b0-a116-6998fd2ce65f,,Royal Presidio Chapel,,,Sample 9 (47-6W). Orange dado,1-6-F
1396,Field Sample 1396,6ed9c9b1-e1a6-4074-b6a9-553b950858a3,,,RPC 10,Page & Turnbull,Page & Turnbull,,,,20080731,2008-07-31,,,,United States,12ab92a6-0269-49b0-a116-6998fd2ce65f,,Royal Presidio Chapel,,,Sample 10 (38-6E). Black leaves,1-6-F
1397,Field Sample 1397,d3c7302e-4a26-4025-9ca9-954b33a9cb14,,,RPC 11,Page & Turnbull,Page & Turnbull,,,,20080731,2008-07-31,,,,United States,12ab92a6-0269-49b0-a116-6998fd2ce65f,,Royal Presidio Chapel,,East Portada,Sample 11 (67-EP). East Portada dado,1-6-F
1398,Field Sample 1398,98fb39e7-182d-40dd-a656-205bccf24499,,,RPC 12,Page & Turnbull,Page & Turnbull,,,,20080731,2008-07-31,,,,United States,12ab92a6-0269-49b0-a116-6998fd2ce65f,,Royal Presidio Chapel,,,Sample 12 (76-7W). High Ochre dado,1-6-F
1399,Field Sample 1399,42bfe89d-8ceb-446f-bea7-d2c1cd3da89a,"See Analytical Investigation: Summary of results, Shuxiang Temple, Chengde (November 2004)",86156fa5-6c16-43f8-842c-6717c5e5a2cd,SX.HC.F02.S01,GCI/Chengde Bureau,Getty Conservation Institute,Chengde Bureau,,,Fall 2002,2002-23,Painted plaster (caihua),Fragment,CP,China,43e2eb0b-477b-40f9-9d43-353c81299c73,,"Shuxiang Temple, Chengde",Huicheng Hall,fallen fragment thought to be from exterior beam on north facade,"Large sample of painted plaster, severly deteriorated and covered with a layer of dirt, areas of blue and green paint and raised decoration visible",1-4-I
1400,Field Sample 1400,9fefd33c-54e7-4a35-a1a4-c3035cac12fc,"See Analytical Investigation: Summary of results, Shuxiang Temple, Chengde (November 2004)",86156fa5-6c16-43f8-842c-6717c5e5a2cd,SX.HC.F02.S01,GCI/Chengde Bureau,Getty Conservation Institute,Chengde Bureau,,,Fall 2002,2002-23,Painted plaster (caihua),Cross-section,CP,China,43e2eb0b-477b-40f9-9d43-353c81299c73,,"Shuxiang Temple, Chengde",Huicheng Hall,fallen fragment thought to be from exterior beam on north facade,"Large sample of painted plaster, severly deteriorated and covered with a layer of dirt, areas of blue and green paint and raised decoration visible",1-4-I
1401,Field Sample 1401,8ce31fc1-bcf1-463e-8576-667f5b5adfb8,"See Analytical Investigation: Summary of results, Shuxiang Temple, Chengde (November 2004)",86156fa5-6c16-43f8-842c-6717c5e5a2cd,SX.HC.F02.S02,GCI/Chengde Bureau,Getty Conservation Institute,Chengde Bureau,,,Fall 2002,2002-23,Painted plaster (caihua),Fragment,CP,China,43e2eb0b-477b-40f9-9d43-353c81299c73,,"Shuxiang Temple, Chengde",Huicheng Hall,"fallen fragment thought to be from interior, southwest corner","large sample of painted plaster with green and gold, severe cupping of surface",1-4-I
1402,Field Sample 1402,62cb0769-be20-43eb-ac9b-83b27c0915cb,"See Analytical Investigation: Summary of results, Shuxiang Temple, Chengde (November 2004)",86156fa5-6c16-43f8-842c-6717c5e5a2cd,SX.HC.F02.S02,GCI/Chengde Bureau,Getty Conservation Institute,Chengde Bureau,,,Fall 2002,2002-23,Painted plaster (caihua),Cross-section,CP,China,43e2eb0b-477b-40f9-9d43-353c81299c73,,"Shuxiang Temple, Chengde",Huicheng Hall,"fallen fragment thought to be from interior, southwest corner","large sample of painted plaster with green and gold, severe cupping of surface",1-4-I
1403,Field Sample 1403,d613a09d-41bb-4ef6-8125-115f2b0fe613,"See Analytical Investigation: Summary of results, Shuxiang Temple, Chengde (November 2004)",86156fa5-6c16-43f8-842c-6717c5e5a2cd,SX.HC.F02.S03,GCI/Chengde Bureau,Getty Conservation Institute,Chengde Bureau,,,Fall 2002,2002-23,Painted plaster (caihua),Fragment,CP,China,43e2eb0b-477b-40f9-9d43-353c81299c73,,"Shuxiang Temple, Chengde",Huicheng Hall,"fallen fragment thought to be from interior beam, eastern end of norther corridor",large sample of painted plaster with many colors visible. Paint layer is cracked and cupped.,1-4-I
1404,Field Sample 1404,6523863c-7fb6-4135-9117-1e57059d4415,"See Analytical Investigation: Summary of results, Shuxiang Temple, Chengde (November 2004)",86156fa5-6c16-43f8-842c-6717c5e5a2cd,SX.HC.F02.S03,GCI/Chengde Bureau,Getty Conservation Institute,Chengde Bureau,,,Fall 2002,2002-23,Painted plaster (caihua),Cross-section,CP,China,43e2eb0b-477b-40f9-9d43-353c81299c73,,"Shuxiang Temple, Chengde",Huicheng Hall,"fallen fragment thought to be from interior beam, eastern end of norther corridor",large sample of painted plaster with many colors visible. Paint layer is cracked and cupped.,1-4-I
1405,Field Sample 1405,a5f38829-d807-473d-bcf6-84463c2edd89,"See Analytical Investigation: Summary of results, Shuxiang Temple, Chengde (November 2004)",86156fa5-6c16-43f8-842c-6717c5e5a2cd,SX.HC.F02.S04,GCI/Chengde Bureau,Getty Conservation Institute,Chengde Bureau,,,Fall 2002,2002-23,Painted plaster (caihua),Fragment,CP,China,43e2eb0b-477b-40f9-9d43-353c81299c73,,"Shuxiang Temple, Chengde",Huicheng Hall,"taken from an area of interior wall plaster, north corridor, south wall",sample of red painted wall plaster,1-4-I
1406,Field Sample 1406,eafbe4d0-c6ce-4651-bbe6-b5de9ce847b7,"See Analytical Investigation: Summary of results, Shuxiang Temple, Chengde (November 2004)",86156fa5-6c16-43f8-842c-6717c5e5a2cd,SX.HC.F02.S04,GCI/Chengde Bureau,Getty Conservation Institute,Chengde Bureau,,,Fall 2002,2002-23,Painted plaster (caihua),Cross-section,CP,China,43e2eb0b-477b-40f9-9d43-353c81299c73,,"Shuxiang Temple, Chengde",Huicheng Hall,"collected from an area of interior wall plaster, north corridor, south wall",sample of red painted wall plaster,1-4-I
1407,Field Sample 1407,e3e25694-384d-40bf-8195-00b0828cb1fe,"See Analytical Investigation: Summary of results, Shuxiang Temple, Chengde (November 2004)",86156fa5-6c16-43f8-842c-6717c5e5a2cd,SX.HC.F02.S05?,GCI/Chengde Bureau,Getty Conservation Institute,Chengde Bureau,,,Fall 2002,2002-23,Painted plaster (caihua),Cross-section,CP,China,43e2eb0b-477b-40f9-9d43-353c81299c73,,"Shuxiang Temple, Chengde",Huicheng Hall,collected from area of loss on the exterior wall plaster from the west facade,sample of pink-colored upper layer of plaster (on a lower clay plaster base),1-4-I
1408,Field Sample 1408,f0f5b707-fe02-4452-ac6a-1db83559e318,"See Analytical Investigation: Summary of results, Shuxiang Temple, Chengde (November 2004)",86156fa5-6c16-43f8-842c-6717c5e5a2cd,SX.HC.F02.S06,GCI/Chengde Bureau,Getty Conservation Institute,Chengde Bureau,,,Fall 2002,2002-23,Painted plaster from altar table,Fragment,CP,China,43e2eb0b-477b-40f9-9d43-353c81299c73,,"Shuxiang Temple, Chengde",Huicheng Hall,"collected from westernmost altar table, eastern end.",one sample contains red paint,1-4-I
1409,Field Sample 1409,034d3a92-c25a-4606-a6e4-0c763ce4477a,"See Analytical Investigation: Summary of results, Shuxiang Temple, Chengde (November 2004)",86156fa5-6c16-43f8-842c-6717c5e5a2cd,SX.HC.F02.S06,GCI/Chengde Bureau,Getty Conservation Institute,Chengde Bureau,,,Fall 2002,2002-23,Painted plaster from altar table,Fragment,CP,China,43e2eb0b-477b-40f9-9d43-353c81299c73,,"Shuxiang Temple, Chengde",Huicheng Hall,"collected from westernmost altar table, eastern end.",Sample contains gold decoration,1-4-I
1410,Field Sample 1410,79437ecf-f5c2-4c5b-8754-3a8b7f5ff351,"See Analytical Investigation: Summary of results, Shuxiang Temple, Chengde (November 2004)",86156fa5-6c16-43f8-842c-6717c5e5a2cd,SX.HC.F02.S06,GCI/Chengde Bureau,Getty Conservation Institute,Chengde Bureau,,,Fall 2002,2002-23,Painted plaster from altar table,Cross-section,CP,China,43e2eb0b-477b-40f9-9d43-353c81299c73,,"Shuxiang Temple, Chengde",Huicheng Hall,"collected from westernmost altar table, eastern end.",,1-4-I
1411,Field Sample 1411,86bb52db-c355-4393-b6bc-8befa72be069,"See Analytical Investigation: Summary of results, Shuxiang Temple, Chengde (November 2004)",86156fa5-6c16-43f8-842c-6717c5e5a2cd,SX.HC.F02.S07,GCI/Chengde Bureau,Getty Conservation Institute,Chengde Bureau,,,Fall 2002,2002-23,Painted plaster on textile from altar table,Fragment,CP,China,43e2eb0b-477b-40f9-9d43-353c81299c73,,"Shuxiang Temple, Chengde",Huicheng Hall,collected from altar table (unknown location),sample of woven cloth used to adhere plaster to the wood support. Cloth is brown and appears to be impregnated with an adhesive. Painted plaster is visible in areas,1-4-I
1412,Field Sample 1412,c2da1d3b-b30a-4aba-94ae-aab3dc208337,"See Analytical Investigation: Summary of results, Shuxiang Temple, Chengde (November 2004)",86156fa5-6c16-43f8-842c-6717c5e5a2cd,SX.HC.F02.S08,GCI/Chengde Bureau,Getty Conservation Institute,Chengde Bureau,,,Fall 2002,2002-23,Painted plaster from sutra shelves,Fragment,CP,China,43e2eb0b-477b-40f9-9d43-353c81299c73,,"Shuxiang Temple, Chengde",Huicheng Hall,collected from built-in sutra shelves on west wall,sample has red and light red stipes.,1-4-I
1413,Field Sample 1413,0f904f78-3ff5-4d73-bd0c-e52fa27f6c5f,"See Analytical Investigation: Summary of results, Shuxiang Temple, Chengde (November 2004)",86156fa5-6c16-43f8-842c-6717c5e5a2cd,SX.HC.F02.S08,GCI/Chengde Bureau,Getty Conservation Institute,Chengde Bureau,,,Fall 2002,2002-23,Painted plaster from sutra shelves,Cross-section,CP,China,43e2eb0b-477b-40f9-9d43-353c81299c73,,"Shuxiang Temple, Chengde",Huicheng Hall,collected from built-in sutra shelves on west wall,,1-4-I
1414,Field Sample 1414,8b98fead-5cb5-4260-a333-38986e2fc191,"See Analytical Investigation: Summary of results, Shuxiang Temple, Chengde (November 2004)",86156fa5-6c16-43f8-842c-6717c5e5a2cd,CHE.MP.F02.A1,GCI/Chengde Bureau,Getty Conservation Institute,Chengde Bureau,,,Fall 2003,2003-23,Painted plaster (youshi),Cross-section,CP,China,43e2eb0b-477b-40f9-9d43-353c81299c73,,"Summer Resort, Chengde",Mountain Pavilion,from an exterior green column (exact location unknown),fallen fragments from green painted column,1-4-J
1415,Field Sample 1415,cb29ed8a-396a-40a1-a3ac-e74c96f57419,"See Analytical Investigation: Summary of results, Shuxiang Temple, Chengde (November 2004)",86156fa5-6c16-43f8-842c-6717c5e5a2cd,CHE.MP.F02.A3,GCI/Chengde Bureau,Getty Conservation Institute,Chengde Bureau,,,Fall 2004,2004-23,Painted plaster (youshi),Cross-section,CP,China,43e2eb0b-477b-40f9-9d43-353c81299c73,,"Summer Resort, Chengde",Mountain Pavilion,from an exterior green column (exact location unknown),fallen fragments from green painted column,1-4-J
1416,Field Sample 1416,57b4379d-952a-4052-9425-b2fdfbee9306,"See Analytical Investigation: Summary of results, Shuxiang Temple, Chengde (November 2004)",86156fa5-6c16-43f8-842c-6717c5e5a2cd,CHE.MP.F02.A1 and A3,GCI/Chengde Bureau,Getty Conservation Institute,Chengde Bureau,,,Fall 2004,2004-23,Painted plaster (youshi),Fragment,CP,China,43e2eb0b-477b-40f9-9d43-353c81299c73,,"Summer Resort, Chengde",Mountain Pavilion,from an exterior green column (exact location unknown),fallen fragments from green painted column,1-4-J
1417,Field Sample 1417,ffafaec3-3ec6-458a-9d8d-739390683b5f,"See Analytical Investigation: Summary of results, Shuxiang Temple, Chengde (November 2004)",86156fa5-6c16-43f8-842c-6717c5e5a2cd,SX.HC.F03.S01,GCI/Chengde Bureau,Getty Conservation Institute,Chengde Bureau,,,September 2003,2003-09,Painted plaster from altar table,Fragment,CP,China,43e2eb0b-477b-40f9-9d43-353c81299c73,,"Shuxiang Temple, Chengde",Huicheng Hall,"Interior, west altar table, west end, south side","red paint, plaster and underlying textile",1-4-I
1418,Field Sample 1418,0bae3bdd-abce-4b7c-ada0-2974143fab62,"See Analytical Investigation: Summary of results, Shuxiang Temple, Chengde (November 2004)",86156fa5-6c16-43f8-842c-6717c5e5a2cd,SX.HC.F03.S02a-c,GCI/Chengde Bureau,Getty Conservation Institute,Chengde Bureau,,,September 2003,2003-09,Painted plaster from statue,Fragment,CP,China,43e2eb0b-477b-40f9-9d43-353c81299c73,,"Shuxiang Temple, Chengde",Huicheng Hall,Removed from fallen fragment assumed from gilded mandorla of middle altar statue,Sample a: red metallic surface and small black dot underside has plaster or adhesive layer; sample b: woven piece of cloth; sample c: wood with traces of plaster?,1-4-I
1419,Field Sample 1419,643c934f-7691-4752-b957-dc61c42796ad,"See Analytical Investigation: Summary of results, Shuxiang Temple, Chengde (November 2004)",86156fa5-6c16-43f8-842c-6717c5e5a2cd,SX.HC.F03.S03,GCI/Chengde Bureau,Getty Conservation Institute,Chengde Bureau,,,September 2003,2003-09,Painted plaster (caihua),Fragment,CP,China,43e2eb0b-477b-40f9-9d43-353c81299c73,,"Shuxiang Temple, Chengde",Huicheng Hall,"Interior, fallen paint from southeast beam","sample contains 7 pieces of blue, blue and white, gold, gold and red, green (2), red/pink all from same fragment; no sample report, presumed no XS",1-4-I
1420,Field Sample 1420,d1db9b5f-2926-47bb-bd68-8f150a2f89ed,"See Analytical Investigation: Summary of results, Shuxiang Temple, Chengde (November 2004)",86156fa5-6c16-43f8-842c-6717c5e5a2cd,SX.HC.F03.S04,GCI/Chengde Bureau,Getty Conservation Institute,Chengde Bureau,,,September 2003,2003-09,Painted plaster (caihua),Fragment,CP,China,43e2eb0b-477b-40f9-9d43-353c81299c73,,"Shuxiang Temple, Chengde",Huicheng Hall,"Interior, fallen paint from northwest beam","sample contains 4 pieces from sample fallen fragment: cream/white (2), black, red/orange; no sample report, presumed no XS",1-4-I
1421,Field Sample 1421,3f490161-5e38-44ba-9a99-6bd29d906c0b,"See Analytical Investigation: Summary of results, Shuxiang Temple, Chengde (November 2004)",86156fa5-6c16-43f8-842c-6717c5e5a2cd,SX.HC.F03.S05,GCI/Chengde Bureau,Getty Conservation Institute,Chengde Bureau,,,September 2003,2003-09,Painted plaster from sutra shelf,Fragment,CP,China,43e2eb0b-477b-40f9-9d43-353c81299c73,,"Shuxiang Temple, Chengde",Huicheng Hall,"west wall sutra shelf, fourth bay from north, top of first shelf from bottom","Sample contains plaster, original red paint and presumed later intervention",1-4-I
1422,Field Sample 1422,2d535c07-a2b5-46c8-9235-00e83dd4a15e,"See Analytical Investigation: Summary of results, Shuxiang Temple, Chengde (November 2004)",86156fa5-6c16-43f8-842c-6717c5e5a2cd,SX.HC.F03.S06,GCI/Chengde Bureau,Getty Conservation Institute,Chengde Bureau,,,September 2003,2003-09,Painted plaster (youshi),Fragment,CP,China,43e2eb0b-477b-40f9-9d43-353c81299c73,,"Shuxiang Temple, Chengde",Huicheng Hall,"interior north doors, second west bay, middle door, east side, lower panel",red paint and plaster (two samples each),1-4-I
1423,Field Sample 1423,1c44a9ab-836b-461a-9839-582dc25a694e,"See Analytical Investigation: Summary of results, Shuxiang Temple, Chengde (November 2004)",86156fa5-6c16-43f8-842c-6717c5e5a2cd,SX.HC.F03.S07,GCI/Chengde Bureau,Getty Conservation Institute,Chengde Bureau,,,September 2003,2003-09,Mortar,Fragment,CP,China,43e2eb0b-477b-40f9-9d43-353c81299c73,,"Shuxiang Temple, Chengde",Huicheng Hall,"Mianyue Dian, directly southwest of Huicheng Hall, exterior, east side of remains","lime fill with weathered surface, between two facades of wall",1-4-I
1424,Field Sample 1424,c11ba373-a16a-496c-9afc-327a2a009623,"See Analytical Investigation: Summary of results, Shuxiang Temple, Chengde (November 2004)",86156fa5-6c16-43f8-842c-6717c5e5a2cd,SX.HC.F03.S08,GCI/Chengde Bureau,Getty Conservation Institute,Chengde Bureau,,,September 2003,2003-09,Mortar,Fragment,CP,China,43e2eb0b-477b-40f9-9d43-353c81299c73,,"Shuxiang Temple, Chengde",Huicheng Hall,"exterior, west wall, center, area with plaster loss",mortar with aggregate (lime/clay/gravel/brick),1-4-I
1425,Field Sample 1425,754401d2-c158-4357-8cf1-f501f8eb6813,"See Analytical Investigation: Summary of results, Shuxiang Temple, Chengde (November 2004)",86156fa5-6c16-43f8-842c-6717c5e5a2cd,SX.HC.F03.S11,GCI/Chengde Bureau,Getty Conservation Institute,Chengde Bureau,,,September 2003,2003-09,Painted plaster (youshi),Fragment,CP,China,43e2eb0b-477b-40f9-9d43-353c81299c73,,"Shuxiang Temple, Chengde",Huicheng Hall,"exterior, north facade, easternmost door, edge",sample contains paint on cloth and binder,1-4-I
1426,Field Sample 1426,c477de69-e0b4-485d-b680-2e7aa3c99bb5,"See Analytical Investigation: Summary of results, Shuxiang Temple, Chengde (November 2004)",86156fa5-6c16-43f8-842c-6717c5e5a2cd,SX.HC.F03.S14a-b,GCI/Chengde Bureau,Getty Conservation Institute,Chengde Bureau,,,September 2003,2003-09,Painted plaster from sutra shelves,Fragment,CP,China,43e2eb0b-477b-40f9-9d43-353c81299c73,,"Shuxiang Temple, Chengde",Huicheng Hall,"interior, southwest corner, top of sutra shelves, near window","sample a - plaster layer and blue paint layer; sample b - plaster layer and green paint layer; both have woven texture on underside, both are possible later interventions",1-4-I
1427,Field Sample 1427,6c5052ff-3ee5-488a-bdad-39f363d2afb3,"See Analytical Investigation: Summary of results, Shuxiang Temple, Chengde (November 2004)",86156fa5-6c16-43f8-842c-6717c5e5a2cd,SX.HC.F03.S15a-b,GCI/Chengde Bureau,Getty Conservation Institute,Chengde Bureau,,,September 2003,2003-09,Painted plaster from statue,Fragment,CP,China,43e2eb0b-477b-40f9-9d43-353c81299c73,,"Shuxiang Temple, Chengde",Huicheng Hall,"interior, statuary, Puxian elephant (east statue), 1 fallen and other from left front flank","sample a: 3 layers of paper, top layer covered with ground; sample b: white paint layer on top of thin gold layer on white-colored ground",1-4-I
1428,Field Sample 1428,409067ac-c23c-40b3-b8db-d08c0c622233,"See Analytical Investigation: Summary of results, Shuxiang Temple, Chengde (November 2004)",86156fa5-6c16-43f8-842c-6717c5e5a2cd,SX.HC.F03.S15a-b,GCI/Chengde Bureau,Getty Conservation Institute,Chengde Bureau,,,September 2003,2003-09,Painted plaster from statue,Cross-section,CP,China,43e2eb0b-477b-40f9-9d43-353c81299c73,,"Shuxiang Temple, Chengde",Huicheng Hall,"interior, statuary, Puxian elephant (east statue), 1 fallen and other from left front flank","sample a: 3 layers of paper, top layer covered with ground; sample b: white paint layer on top of thin gold layer on white-colored ground",1-4-I
1429,Field Sample 1429,8afcdcc1-538c-4ea4-b9a1-8f3f26da9025,"See Analytical Investigation: Summary of results, Shuxiang Temple, Chengde (November 2004)",86156fa5-6c16-43f8-842c-6717c5e5a2cd,SX.HC.F03.S16a-c,GCI/Chengde Bureau,Getty Conservation Institute,Chengde Bureau,,,September 2003,2003-09,Painted plaster from statue,Fragment,CP,China,43e2eb0b-477b-40f9-9d43-353c81299c73,,"Shuxiang Temple, Chengde",Huicheng Hall,"interior, statuary wenshu lion (center statue), fallen samples assumed from animals chin and tail",sample a: blue paint layer with gold lion on thin ground; sample b: 2 pieces of blue paint on plaster layer; sample c: 3 pieces of green paint layer on plaster,1-4-I
1430,Field Sample 1430,6049f8cd-9d36-440b-806c-45c9bf7e521d,"See Analytical Investigation: Summary of results, Shuxiang Temple, Chengde (November 2004)",86156fa5-6c16-43f8-842c-6717c5e5a2cd,SX.HC.F03.S17,GCI/Chengde Bureau,Getty Conservation Institute,Chengde Bureau,,,September 2003,2003-09,Painted plaster from statue,Fragment,CP,China,43e2eb0b-477b-40f9-9d43-353c81299c73,,"Shuxiang Temple, Chengde",Huicheng Hall,"interior, statuary, guanyin hou (west statue), fallen sample assumed from animal belly",pink/orange paint with underlying ground layer,1-4-I
1431,Field Sample 1431,6f122f32-ec6d-45a7-b299-df63fff08095,"See Analytical Investigation: Summary of results, Shuxiang Temple, Chengde (November 2004)",86156fa5-6c16-43f8-842c-6717c5e5a2cd,SX.BX.F03.S09,GCI/Chengde Bureau,Getty Conservation Institute,Chengde Bureau,,,September 2003,2003-09,Paint,Fragment,CP,China,43e2eb0b-477b-40f9-9d43-353c81299c73,,"Shuxiang Temple, Chengde",Baoxiang Pavilion,"exterior west side, threshold beneath north door",Red paint already detached,1-4-I
1432,Field Sample 1432,e52cd351-209c-4549-80ec-8e0dcd07a946,"See Analytical Investigation: Summary of results, Shuxiang Temple, Chengde (November 2004)",86156fa5-6c16-43f8-842c-6717c5e5a2cd,SX.BX.F03.S09a,GCI/Chengde Bureau,Getty Conservation Institute,Chengde Bureau,,,September 2003,2003-09,Paint,Fragment,CP,China,43e2eb0b-477b-40f9-9d43-353c81299c73,,"Shuxiang Temple, Chengde",Baoxiang Pavilion,"interior, fallen sample",Red paint,1-4-I
1433,Field Sample 1433,1a6ce8a0-7159-4b4c-b097-b9527fd4d830,"See Analytical Investigation: Summary of results, Shuxiang Temple, Chengde (November 2004)",86156fa5-6c16-43f8-842c-6717c5e5a2cd,SX.BX.F03.S10,GCI/Chengde Bureau,Getty Conservation Institute,Chengde Bureau,,,September 2003,2003-09,Gold,Fragment,CP,China,43e2eb0b-477b-40f9-9d43-353c81299c73,,"Shuxiang Temple, Chengde",Baoxiang Pavilion,"interior, north side of stone platform, top",fallen gold leaf (modern restoration),1-4-I
1434,Field Sample 1434,94af5db8-cbe4-4bca-b6b4-64fb23f6d424,"See Analytical Investigation: Summary of results, Shuxiang Temple, Chengde (November 2004)",86156fa5-6c16-43f8-842c-6717c5e5a2cd,SX.BX.F03.18,GCI/Chengde Bureau,Getty Conservation Institute,Chengde Bureau,,,September 2003,2003-09,Paint,Fragment,CP,China,43e2eb0b-477b-40f9-9d43-353c81299c73,,"Shuxiang Temple, Chengde",Baoxiang Pavilion,"interior stone platform, northwest section",blue paint (modern restoration),1-4-I
1435,Field Sample 1435,e5fde7b0-c141-4c45-8e47-9168bd7ec507,"See Analytical Investigation: Summary of results, Shuxiang Temple, Chengde (November 2004)",86156fa5-6c16-43f8-842c-6717c5e5a2cd,SX.BX.F03.S19,GCI/Chengde Bureau,Getty Conservation Institute,Chengde Bureau,,,September 2003,2003-09,Paint,Fragment,CP,China,43e2eb0b-477b-40f9-9d43-353c81299c73,,"Shuxiang Temple, Chengde",Baoxiang Pavilion,"interior stone platform, northwest section",green paint (modern restoration),1-4-I
1436,Field Sample 1436,b046a4bd-08f5-49c5-91e1-72e55c6aff87,"See Analytical Investigation: Summary of results, Shuxiang Temple, Chengde (November 2004)",86156fa5-6c16-43f8-842c-6717c5e5a2cd,SX.BX.F03.S20,GCI/Chengde Bureau,Getty Conservation Institute,Chengde Bureau,,,September 2003,2003-09,Paint,Fragment,CP,China,43e2eb0b-477b-40f9-9d43-353c81299c73,,"Shuxiang Temple, Chengde",Baoxiang Pavilion,"interior stone platform, northwest section",yellow paint (modern restoration),1-4-I
1437,Field Sample 1437,559cb737-48b3-47c5-a61f-b86527be4471,"See Analytical Investigation: Summary of results, Shuxiang Temple, Chengde (November 2004)",86156fa5-6c16-43f8-842c-6717c5e5a2cd,SX.HC.S04.S01,GCI/Chengde Bureau,Getty Conservation Institute,Chengde Bureau,,,Spring 2004,2004-21,Exterior painted plaster (caihua),Fragment,CP,China,43e2eb0b-477b-40f9-9d43-353c81299c73,,"Shuxiang Temple, Chengde",Huicheng Hall,"fallen fragment collected from exterior east facade, lower level, between next south and center bays",From areas of solid green caihua which decorated the shua tou,1-4-I
1438,Field Sample 1438,c6f856f1-b618-4c32-a692-258effddc9db,"See Analytical Investigation: Summary of results, Shuxiang Temple, Chengde (November 2004)",86156fa5-6c16-43f8-842c-6717c5e5a2cd,SX.HC.S04.S03,GCI/Chengde Bureau,Getty Conservation Institute,Chengde Bureau,,,Spring 2004,2004-21,Exterior paint (caihua),Fragment,CP,China,43e2eb0b-477b-40f9-9d43-353c81299c73,,"Shuxiang Temple, Chengde",Huicheng Hall,"Collected from exterior south facade, upper level, next east bay",from an area of blue/green with black foliate line decoration,1-4-I
1439,Field Sample 1439,f3f2f9ec-d894-4192-99df-fc400bee1b57,"See Analytical Investigation: Summary of results, Shuxiang Temple, Chengde (November 2004)",86156fa5-6c16-43f8-842c-6717c5e5a2cd,SX.HC.S04.S04,GCI/Chengde Bureau,Getty Conservation Institute,Chengde Bureau,,,Spring 2004,2004-21,Exterior paint (caihua),Fragment,CP,China,43e2eb0b-477b-40f9-9d43-353c81299c73,,"Shuxiang Temple, Chengde",Huicheng Hall,"Exterior south facade, upper level, next east bay",area of purple paint,1-4-I
1440,Field Sample 1440,88f718ac-e82b-41df-b045-8744009aee1d,"See Analytical Investigation: Summary of results, Shuxiang Temple, Chengde (November 2004)",86156fa5-6c16-43f8-842c-6717c5e5a2cd,SX.HC.S04.S05,GCI/Chengde Bureau,Getty Conservation Institute,Chengde Bureau,,,Spring 2004,2004-21,Exterior paint (caihua),Fragment,CP,China,43e2eb0b-477b-40f9-9d43-353c81299c73,,"Shuxiang Temple, Chengde",Huicheng Hall,"Exterior south facade, upper level, easternmost bay","area of blue, black and white painted stripes",1-4-I
1441,Field Sample 1441,80ff5fe2-fd12-41b4-a53a-e165d8f5f23e,"See Analytical Investigation: Summary of results, Shuxiang Temple, Chengde (November 2004)",86156fa5-6c16-43f8-842c-6717c5e5a2cd,SX.HC.S04.S06,GCI/Chengde Bureau,Getty Conservation Institute,Chengde Bureau,,,Spring 2004,2004-21,Exterior paint (caihua),Fragment,CP,China,43e2eb0b-477b-40f9-9d43-353c81299c73,,"Shuxiang Temple, Chengde",Huicheng Hall,"Exterior south facade, upper level, easternmost bay",contains raised paint decoration,1-4-I
1442,Field Sample 1442,025ea5eb-989c-4ee6-9072-51f95374dc3a,"See Analytical Investigation: Summary of results, Shuxiang Temple, Chengde (November 2004)",86156fa5-6c16-43f8-842c-6717c5e5a2cd,SX.HC.S04.S07,GCI/Chengde Bureau,Getty Conservation Institute,Chengde Bureau,,,Spring 2004,2004-21,Exterior Paint (caihua),Fragment,CP,China,43e2eb0b-477b-40f9-9d43-353c81299c73,,"Shuxiang Temple, Chengde",Huicheng Hall,"Exterior south facade, upper level, easternmost bay",contains raised paint decoration and gold,1-4-I
1443,Field Sample 1443,e592dc4c-e6e3-4af2-84dd-f1cfa110116d,No sample report,3819bb21-f590-45d3-b672-1d7de8ba9e78,SX.HC.S04.S07,GCI/Chengde Bureau,Getty Conservation Institute,Chengde Bureau,,,Spring 2004,2004-21,Gold (caihua),Fragment,CP,China,43e2eb0b-477b-40f9-9d43-353c81299c73,,"Shuxiang Temple, Chengde",Huicheng Hall,"Exterior east facade, lower level",Gold,1-4-I
1444,Field Sample 1444,2a010f6d-2d3c-431c-a387-02ca32683830,"See Analytical Investigation: Summary of results, Shuxiang Temple, Chengde (November 2004)",86156fa5-6c16-43f8-842c-6717c5e5a2cd,SX.HC.S04.S08,GCI/Chengde Bureau,Getty Conservation Institute,Chengde Bureau,,,Spring 2004,2004-21,Exterior Paint (caihua),Fragment,CP,China,43e2eb0b-477b-40f9-9d43-353c81299c73,,"Shuxiang Temple, Chengde",Huicheng Hall,"exterior east facade, lower level, center bay","contains blue paint and ""dirt layer""",1-4-I
1445,Field Sample 1445,ad632847-b065-4d71-9a02-65f828641836,"See Analytical Investigation: Summary of results, Shuxiang Temple, Chengde (November 2004)",86156fa5-6c16-43f8-842c-6717c5e5a2cd,SX.HC.S04.S08,GCI/Chengde Bureau,Getty Conservation Institute,Chengde Bureau,,,Spring 2004,2004-21,Exterior Paint (caihua),Cross-section,CP,China,43e2eb0b-477b-40f9-9d43-353c81299c73,,"Shuxiang Temple, Chengde",Huicheng Hall,"exterior east facade, lower level, center bay","contains blue paint and ""dirt layer""",1-4-I
1446,Field Sample 1446,cad40c44-d2da-4308-bc3a-7455e479730c,"See Analytical Investigation: Summary of results, Shuxiang Temple, Chengde (November 2004)",86156fa5-6c16-43f8-842c-6717c5e5a2cd,SX.HC.S04.S09,GCI/Chengde Bureau,Getty Conservation Institute,Chengde Bureau,,,Spring 2004,2004-21,Exterior paint (caihua),Fragment,CP,China,43e2eb0b-477b-40f9-9d43-353c81299c73,,"Shuxiang Temple, Chengde",Huicheng Hall,"exterior east facade, lower level, center bay",from an area of darkened paint layer,1-4-I
1447,Field Sample 1447,b5139f9e-10a1-4c37-8bf5-4abe121c72de,"See Analytical Investigation: Summary of results, Shuxiang Temple, Chengde (November 2004)",86156fa5-6c16-43f8-842c-6717c5e5a2cd,SX.HC.S04.S10,GCI/Chengde Bureau,Getty Conservation Institute,Chengde Bureau,,,Spring 2004,2004-21,Exterior paint (caihua),Fragment,CP,China,43e2eb0b-477b-40f9-9d43-353c81299c73,,"Shuxiang Temple, Chengde",Huicheng Hall,"exterior south facade, lower level, next east bay",from an area of cupped and curling paint layer,1-4-I
1448,Field Sample 1448,8454f7c9-5fad-4606-b939-2eab2e0afde0,"See Analytical Investigation: Summary of results, Shuxiang Temple, Chengde (November 2004)",86156fa5-6c16-43f8-842c-6717c5e5a2cd,SX.HC.S04.S12,GCI/Chengde Bureau,Getty Conservation Institute,Chengde Bureau,,,Spring 2004,2004-21,Plaster,Fragment,CP,China,43e2eb0b-477b-40f9-9d43-353c81299c73,,"Shuxiang Temple, Chengde",Huicheng Hall,"Exterior south facade, upper level, next east bay",plaster sample from wood fill,1-4-I
1449,Field Sample 1449,c806dffc-edc1-40da-813d-23f7f6488d27,"See Analytical Investigation: Summary of results, Shuxiang Temple, Chengde (November 2004)",86156fa5-6c16-43f8-842c-6717c5e5a2cd,SX.HC.S04.S13,GCI/Chengde Bureau,Getty Conservation Institute,Chengde Bureau,,,Spring 2004,2004-21,Metal nail,Fragment,CP,China,43e2eb0b-477b-40f9-9d43-353c81299c73,,"Shuxiang Temple, Chengde",Huicheng Hall,"collected from ground following removal of bird netting on east facade, lower level","metal nail holding of bird netting on east facade, lower level",1-4-I
1450,Field Sample 1450,983e2997-03d5-4341-ab0d-d720296cf35b,"See Analytical Investigation: Summary of results, Shuxiang Temple, Chengde (November 2004)",86156fa5-6c16-43f8-842c-6717c5e5a2cd,SX.HC.S04.S14,GCI/Chengde Bureau,Getty Conservation Institute,Chengde Bureau,,,Spring 2004,2004-21,Bird netting,Fragment,CP,China,43e2eb0b-477b-40f9-9d43-353c81299c73,,"Shuxiang Temple, Chengde",Huicheng Hall,"collected from ground following removal of bird netting on east facade, lower level",pieces of metal bird netting,1-4-I
1451,Field Sample 1451,6c939947-706f-4190-9196-cc8a2a474dad,"See Analytical Investigation: Summary of results, Shuxiang Temple, Chengde (November 2004)",86156fa5-6c16-43f8-842c-6717c5e5a2cd,SX.HC.Summer04.S01,GCI/Chengde Bureau,Getty Conservation Institute,Chengde Bureau,,,200408,2004-08,Exterior painted plaster (youshi),Fragment,CP,China,43e2eb0b-477b-40f9-9d43-353c81299c73,,"Shuxiang Temple, Chengde",Huicheng Hall,"North facade, easternmost column, mid height, from outside of metal hoop on column",Exterior red youshi paint sample,1-4-I
1452,Field Sample 1452,8e30a356-428f-4da3-a284-e74c238369b1,"See Analytical Investigation: Summary of results, Shuxiang Temple, Chengde (November 2004)",86156fa5-6c16-43f8-842c-6717c5e5a2cd,SX.HC.Summer04.S01,GCI/Chengde Bureau,Getty Conservation Institute,Chengde Bureau,,,200408,2004-08,Exterior painted plaster (youshi),Cross-section,CP,China,43e2eb0b-477b-40f9-9d43-353c81299c73,,"Shuxiang Temple, Chengde",Huicheng Hall,"North facade, easternmost column, mid height, from outside of metal hoop on column",Exterior red youshi paint sample,1-4-I
1453,Field Sample 1453,093e5bb7-f08a-48e6-836e-150ae2967fcb,"See Analytical Investigation: Summary of results, Shuxiang Temple, Chengde (November 2004)",86156fa5-6c16-43f8-842c-6717c5e5a2cd,Yongyou.S1,GCI/Chengde Bureau,Getty Conservation Institute,Chengde Bureau,,,Summer 2004,2004-22,Painted plaster from statue,Fragment,CP,China,43e2eb0b-477b-40f9-9d43-353c81299c73,,"Summer Resort, Chengde",Yongyou Temple,,Large painted fragment from a sculpture,1-4-J
1454,Field Sample 1454,a595251a-bf83-441d-9431-13ad22b2d0e2,,,SX.HC.F05.S01,GCI/Chengde Bureau,Getty Conservation Institute,Chengde Bureau,,,200510,2005-10,Plaster,Fragment,CP,China,43e2eb0b-477b-40f9-9d43-353c81299c73,,"Shuxiang Temple, Chengde",Huicheng Hall,n/a,Unpainted plaster,1-4-I
1455,Field Sample 1455,22b85b5e-7aa7-43e4-923d-1f323ef86f95,,,SX.F05.S01,GCI/Chengde Bureau,Getty Conservation Institute,Chengde Bureau,,,200510,2005-10,Modern architectural paint,Fragment,CP,China,43e2eb0b-477b-40f9-9d43-353c81299c73,,"Shuxiang Temple, Chengde",modern architectural painted panel,n/a,Traditional red from modern architectural paint panel,1-4-I
1456,Field Sample 1456,0eb99ca6-e44d-456a-a6d5-838b499d8857,,,SX.F05.S02,GCI/Chengde Bureau,Getty Conservation Institute,Chengde Bureau,,,200510,2005-10,Modern architectural paint,Fragment,CP,China,43e2eb0b-477b-40f9-9d43-353c81299c73,,"Shuxiang Temple, Chengde",modern architectural painted panel,n/a,Synthetic red from modern architectural paint panel,1-4-I
1457,Field Sample 1457,b173a295-3616-429d-bf41-5e68f682b07a,,,SX.F05.S03,GCI/Chengde Bureau,Getty Conservation Institute,Chengde Bureau,,,200510,2005-10,Modern caihua paint,Fragment,CP,China,43e2eb0b-477b-40f9-9d43-353c81299c73,,"Shuxiang Temple, Chengde",modern caihua painted panel,n/a,"Red paint, bone glue binder, from modern caihua panel",1-4-I
1458,Field Sample 1458,aaef579a-4fd2-46ad-a675-5c3e148f87c4,,,SX.F05.S04,GCI/Chengde Bureau,Getty Conservation Institute,Chengde Bureau,,,200510,2005-10,Modern caihua paint,Fragment,CP,China,43e2eb0b-477b-40f9-9d43-353c81299c73,,"Shuxiang Temple, Chengde",modern caihua painted panel,n/a,"blue paint, bone glue binder, from modern caihua panel",1-4-I
1459,Field Sample 1459,b079abc9-28c6-45a4-9466-37b4cfc4f2a1,,,SX.F05.S05,GCI/Chengde Bureau,Getty Conservation Institute,Chengde Bureau,,,200510,2005-10,Modern caihua paint,Fragment,CP,China,43e2eb0b-477b-40f9-9d43-353c81299c73,,"Shuxiang Temple, Chengde",modern caihua painted panel,n/a,"green paint, bone glue binder, from modern caihua panel",1-4-I
1460,Field Sample 1460,32a41c63-585f-46bd-8738-655cd76f3014,,,SX.HC.F06.S01,,,,,,200610,2006-10,Exterior paint (caihua),Fragment,CP,China,43e2eb0b-477b-40f9-9d43-353c81299c73,,"Shuxiang Temple, Chengde",Huicheng Hall,"East elevation, lower, second north bay, bracket, 1st north triangle",Exterior caihua: lower layer of red paint sampled from back of top layer of plaster (from brackets),1-4-I
1461,Field Sample 1461,c3d10cd3-2111-4834-b9e1-416f3ac60229,,,SX.HC.F06.S02,GCI/Chengde Bureau,Getty Conservation Institute,Chengde Bureau,,,200610,2006-10,Exterior paint (caihua),Fragment,CP,China,43e2eb0b-477b-40f9-9d43-353c81299c73,,"Shuxiang Temple, Chengde",Huicheng Hall,"East elevation, lower, second north bay, bracket, 1st north triangle",Exterior caihua: upper layer of red (pinkish) paint sampled from exposed painted surface (from brackets),1-4-I
1462,Field Sample 1462,ab07f774-b357-42db-8b8d-6c72b15bb5d8,,,SX.HC.F06.S03,GCI/Chengde Bureau,Getty Conservation Institute,Chengde Bureau,,,200610,2006-10,Exterior paint (caihua),Fragment,CP,China,43e2eb0b-477b-40f9-9d43-353c81299c73,,"Shuxiang Temple, Chengde",Huicheng Hall,"East elevation, lower, second north bay, bracket, 3rd north triangle",Exterior youshi: red paint from beam behind brackets.,1-4-I
1463,Field Sample 1463,7ba63da2-f398-47cc-9a6b-4243da3beac7,,,SX.HC.F06.S04,GCI/Chengde Bureau,Getty Conservation Institute,Chengde Bureau,,,200610,2006-10,Exterior paint (caihua),Fragment,CP,China,43e2eb0b-477b-40f9-9d43-353c81299c73,,"Shuxiang Temple, Chengde",Huicheng Hall,"East elevation, lower, second north bay, bracket 2nd south bracket","Exterior caihua: double layer of paint, green paint is on top of blue (from brackets)",1-4-I
1464,Field Sample 1464,e253876b-11a3-4d43-a00e-e99925039158,,,SX.HC.F06.S05,GCI/Chengde Bureau,Getty Conservation Institute,Chengde Bureau,,,200610,2006-10,Exterior paint (caihua),Fragment,CP,China,43e2eb0b-477b-40f9-9d43-353c81299c73,,"Shuxiang Temple, Chengde",Huicheng Hall,"East elevation, lower, second north bay, bracket, 2nd north bracket","Exterior caihua: double layer of paint, blue paint under green (from brackets)",1-4-I
1465,Field Sample 1465,dbcbf8a4-073d-4542-a419-acfce7374b27,,,SX.HC.F06.S06,GCI/Chengde Bureau,Getty Conservation Institute,Chengde Bureau,,,200610,2006-10,Exterior paint (caihua),Fragment,CP,China,43e2eb0b-477b-40f9-9d43-353c81299c73,,"Shuxiang Temple, Chengde",Huicheng Hall,"East elevation, lower, second north bay, bracket, 2nd north bracket",Exterior caihua: single layer of green pigment (from brackets),1-4-I
1466,Field Sample 1466,a9522518-3165-460b-9dc1-f18f89f6707e,,,SX.HC.F06.S07,GCI/Chengde Bureau,Getty Conservation Institute,Chengde Bureau,,,200610,2006-10,Exterior paint (caihua),Fragment,CP,China,43e2eb0b-477b-40f9-9d43-353c81299c73,,"Shuxiang Temple, Chengde",Huicheng Hall,"East elevation, lower, second north bay, bracket, 2nd north bracket",Exterior caihua: single layer of blue pigment (from brackets),1-4-I
1467,Field Sample 1467,27f99335-8f03-4c3c-a049-d9956d8b1250,,,SX.HC.F06.S08,GCI/Chengde Bureau,Getty Conservation Institute,Chengde Bureau,,,200610,2006-10,Exterior paint (caihua),Fragment,CP,China,43e2eb0b-477b-40f9-9d43-353c81299c73,,"Shuxiang Temple, Chengde",Huicheng Hall,"East elevation, lower, second north bay, bracket, 2nd north bracket",Exterior caihua: green paint driop found on ledge in front of triangle decoration (from brackets),1-4-I
1468,Field Sample 1468,0cb34516-69dd-4355-af52-3915a1d7a939,,,SX.HC.F06.S09,GCI/Chengde Bureau,Getty Conservation Institute,Chengde Bureau,,,200610,2006-10,Gold (caihua),Fragment,CP,China,43e2eb0b-477b-40f9-9d43-353c81299c73,,"Shuxiang Temple, Chengde",Huicheng Hall,"East elevation, lower, second north bay, bracket, 2nd north bracket",Exterior caihua: gold  (from brackets),1-4-I
1469,Field Sample 1469,8d7c3ce4-a18b-4932-a16a-13a74502071e,,,SX.HC.F06.S10,GCI/Chengde Bureau,Getty Conservation Institute,Chengde Bureau,,,200610,2006-10,Exterior paint (caihua),Fragment,CP,China,43e2eb0b-477b-40f9-9d43-353c81299c73,,"Shuxiang Temple, Chengde",Huicheng Hall,"East elevation, lower, second north bay, bracket, 2nd north bracket, fallen",Exterior caihua: gold and white border decoration (from brackets),1-4-I
1470,Field Sample 1470,c5909b9e-0f34-44c5-8de4-a0e3d235ca17,,,SX.HC.F06.S11,GCI/Chengde Bureau,Getty Conservation Institute,Chengde Bureau,,,200610,2006-10,Exterior paint (caihua),Fragment,CP,China,43e2eb0b-477b-40f9-9d43-353c81299c73,,"Shuxiang Temple, Chengde",Huicheng Hall,"East elevation, upper, northernmost bay","Exterior caihua: double layer of paint, green over blue (from architraves)",1-4-I
1471,Field Sample 1471,0513f77b-edcc-4564-bf6b-bec511341d32,,,SX.HC.F06.S12,GCI/Chengde Bureau,Getty Conservation Institute,Chengde Bureau,,,200610,2006-10,Exterior paint (youshi),Fragment,CP,China,43e2eb0b-477b-40f9-9d43-353c81299c73,,"Shuxiang Temple, Chengde",Huicheng Hall,"East elevation, upper, 12th rafter from north.",Exterior youshi: red paint from rafters.,1-4-I
1472,Field Sample 1472,357144c6-9235-4d61-bd85-9ecb4e37d417,,,SX.HC.F06.S13,GCI/Chengde Bureau,Getty Conservation Institute,Chengde Bureau,,,200610,2006-10,Paint from plaque,Fragment,CP,China,43e2eb0b-477b-40f9-9d43-353c81299c73,,"Shuxiang Temple, Chengde",Huicheng Hall,"South elevation, upper, center bay, name plaque.",Exterior Name Plaque: blue paint from sign.,1-4-I
1473,Field Sample 1473,0db614e1-6eff-4ab3-83a6-3ec57fe8a390,,,SX.HC.F06.S14,GCI/Chengde Bureau,Getty Conservation Institute,Chengde Bureau,,,200610,2006-10,Paint from plaque,Fragment,CP,China,43e2eb0b-477b-40f9-9d43-353c81299c73,,"Shuxiang Temple, Chengde",Huicheng Hall,Central beam fallen paint fragments.,Exterior Name Plaque: red paint from dragons on frame.,1-4-I
1474,Field Sample 1474,9c850858-1177-455b-93c4-fe233b04cbba,,,SX.HC.F06.S15,GCI/Chengde Bureau,Getty Conservation Institute,Chengde Bureau,,,200610,2006-10,Interior paint (caihua),Fragment,CP,China,43e2eb0b-477b-40f9-9d43-353c81299c73,,"Shuxiang Temple, Chengde",Huicheng Hall,Central beam fallen paint fragments.,Interior caihua: red paint from central beam.,1-4-I
1475,Field Sample 1475,d8754648-0a30-4e96-ba91-15ee64677864,,,SX.HC.F06.S16,GCI/Chengde Bureau,Getty Conservation Institute,Chengde Bureau,,,200610,2006-10,Interior paint (caihua),Fragment,CP,China,43e2eb0b-477b-40f9-9d43-353c81299c73,,"Shuxiang Temple, Chengde",Huicheng Hall,Central beam fallen paint fragments.,Interior caihua: blue paint sample from central beam.,1-4-I
1476,Field Sample 1476,935c7b86-43d6-43e6-aa8d-45accdb3a60e,,,SX.HC.F06.S17,GCI/Chengde Bureau,Getty Conservation Institute,Chengde Bureau,,,200610,2006-10,Interior paint (caihua),Fragment,CP,China,43e2eb0b-477b-40f9-9d43-353c81299c73,,"Shuxiang Temple, Chengde",Huicheng Hall,Central beam fallen paint fragments.,Interior caihua: green paint sample from central beam.,1-4-I
1477,Field Sample 1477,235c1b43-a2ad-4ca9-9ec2-fe199e0639e1,,,SX.HC.F06.S18,GCI/Chengde Bureau,Getty Conservation Institute,Chengde Bureau,,,200610,2006-10,Interior paint (caihua),Fragment,CP,China,43e2eb0b-477b-40f9-9d43-353c81299c73,,"Shuxiang Temple, Chengde",Huicheng Hall,Central beam fallen paint fragments.,Interior caihua: gold sample from central beam.,1-4-I
1478,Field Sample 1478,a58247f9-11c8-407f-a9ef-0b1477f8a986,"See Analytical Investigation: Summary of results, Shuxiang Temple, Chengde (November 2004)",86156fa5-6c16-43f8-842c-6717c5e5a2cd,SX.HC.S07.S01,GCI/Chengde Bureau,Getty Conservation Institute,Chengde Bureau,,,200705,2007-05,Lacquer from tablet,Fragment,CP,China,43e2eb0b-477b-40f9-9d43-353c81299c73,,"Shuxiang Temple, Chengde",Huicheng Hall,,Black paint on tablet,1-4-I
1479,Field Sample 1479,7b9c70bf-5ed2-4312-9730-41bdddca5adf,"See Analytical Investigation: Summary of results, Shuxiang Temple, Chengde (November 2004)",86156fa5-6c16-43f8-842c-6717c5e5a2cd,SX.HC.S07.S02,GCI/Chengde Bureau,Getty Conservation Institute,Chengde Bureau,,,200705,2007-05,Lacquer from statue,Fragment,CP,China,43e2eb0b-477b-40f9-9d43-353c81299c73,,"Shuxiang Temple, Chengde",Huicheng Hall,"Guanyin statue, Lower section of back of mandorla",Red paint,1-4-I
1480,Field Sample 1480,7618dec7-0458-4509-9d87-21401be63883,"See Analytical Investigation: Summary of results, Shuxiang Temple, Chengde (November 2004)",86156fa5-6c16-43f8-842c-6717c5e5a2cd,SX.HC.S07.S03,GCI/Chengde Bureau,Getty Conservation Institute,Chengde Bureau,,,200705,2007-05,Lacquer from statue,Fragment,CP,China,43e2eb0b-477b-40f9-9d43-353c81299c73,,"Shuxiang Temple, Chengde",Huicheng Hall,"Puxian statue, Lower section of mandorla","multilayer paint and gilding, Sample 3-1 (top)",1-4-I
1481,Field Sample 1481,44bd1e92-2de7-4b1a-9353-5b97e8eedc42,"See Analytical Investigation: Summary of results, Shuxiang Temple, Chengde (November 2004)",86156fa5-6c16-43f8-842c-6717c5e5a2cd,SX.HC.S07.S03,GCI/Chengde Bureau,Getty Conservation Institute,Chengde Bureau,,,200705,2007-05,Lacquer from statue,Fragment,CP,China,43e2eb0b-477b-40f9-9d43-353c81299c73,,"Shuxiang Temple, Chengde",Huicheng Hall,"Puxian statue, Lower section of mandorla","multilayer paint and gilding, Sample 3-2",1-4-I
1482,Field Sample 1482,81485856-4bec-490c-b03b-15a3f9b2f699,"See Analytical Investigation: Summary of results, Shuxiang Temple, Chengde (November 2004)",86156fa5-6c16-43f8-842c-6717c5e5a2cd,SX.HC.S07.S03,GCI/Chengde Bureau,Getty Conservation Institute,Chengde Bureau,,,200705,2007-05,Lacquer from statue,Fragment,CP,China,43e2eb0b-477b-40f9-9d43-353c81299c73,,"Shuxiang Temple, Chengde",Huicheng Hall,"Puxian statue, Lower section of mandorla","multilayer paint and gilding, Sample 3-3a",1-4-I
1483,Field Sample 1483,7f6cd596-7491-4a6c-b9e2-d945126eaaf7,"See Analytical Investigation: Summary of results, Shuxiang Temple, Chengde (November 2004)",86156fa5-6c16-43f8-842c-6717c5e5a2cd,SX.HC.S07.S03,GCI/Chengde Bureau,Getty Conservation Institute,Chengde Bureau,,,200705,2007-05,Lacquer from statue,Fragment,CP,China,43e2eb0b-477b-40f9-9d43-353c81299c73,,"Shuxiang Temple, Chengde",Huicheng Hall,"Puxian statue, Lower section of mandorla","multilayer paint and gilding, Sample 3-3b",1-4-I
1484,Field Sample 1484,b16ab595-e9ad-45c3-90e2-21f5a603d42e,"See Analytical Investigation: Summary of results, Shuxiang Temple, Chengde (November 2004)",86156fa5-6c16-43f8-842c-6717c5e5a2cd,SX.HC.S07.S03,GCI/Chengde Bureau,Getty Conservation Institute,Chengde Bureau,,,200705,2007-05,Lacquer from statue,Fragment,CP,China,43e2eb0b-477b-40f9-9d43-353c81299c73,,"Shuxiang Temple, Chengde",Huicheng Hall,"Puxian statue, Lower section of mandorla","multilayer paint and gilding, Sample 3-4",1-4-I
1485,Field Sample 1485,c629bff6-e330-414b-b134-f085ec9ce850,"See Analytical Investigation: Summary of results, Shuxiang Temple, Chengde (November 2004)",86156fa5-6c16-43f8-842c-6717c5e5a2cd,SX.HC.S07.S03,GCI/Chengde Bureau,Getty Conservation Institute,Chengde Bureau,,,200705,2007-05,Lacquer from statue,Fragment,CP,China,43e2eb0b-477b-40f9-9d43-353c81299c73,,"Shuxiang Temple, Chengde",Huicheng Hall,"Puxian statue, Lower section of mandorla","multilayer paint and gilding, Sample 3-5",1-4-I
1486,Field Sample 1486,60940ad6-27e6-4b87-815b-d9d57e83d189,"See Analytical Investigation: Summary of results, Shuxiang Temple, Chengde (November 2004)",86156fa5-6c16-43f8-842c-6717c5e5a2cd,SX.HC.S07.S04,GCI/Chengde Bureau,Getty Conservation Institute,Chengde Bureau,,,200705,2007-05,Lacquer from statue,Fragment,CP,China,43e2eb0b-477b-40f9-9d43-353c81299c73,,"Shuxiang Temple, Chengde",Huicheng Hall,"Guanyin statue, Back of mandorla",Sealing material,1-4-I
1487,Field Sample 1487,18da45fa-6e9d-4e85-8028-80ccae2b4a10,"See Analytical Investigation: Summary of results, Shuxiang Temple, Chengde (November 2004)",86156fa5-6c16-43f8-842c-6717c5e5a2cd,SX.HC.S07.S05,GCI/Chengde Bureau,Getty Conservation Institute,Chengde Bureau,,,200705,2007-05,Lacquer from statue,Fragment,CP,China,43e2eb0b-477b-40f9-9d43-353c81299c73,,"Shuxiang Temple, Chengde",Huicheng Hall,"Puxian statue, Head of mandorla",Black plaster,1-4-I
1488,Field Sample 1488,7a39ac7d-e3ed-4450-a81d-56f6e5eaecec,"See Analytical Investigation: Summary of results, Shuxiang Temple, Chengde (November 2004)",86156fa5-6c16-43f8-842c-6717c5e5a2cd,SX.2004.S05,GCI/Chengde Bureau,Getty Conservation Institute,Chengde Bureau,,,200407,2004-07,Rock,Fragment,CP,China,43e2eb0b-477b-40f9-9d43-353c81299c73,,"Shuxiang Temple, Chengde",n/a,,Grey.purple tuff stone,1-4-I
1489,Field Sample 1489,276b5000-275f-487a-9a77-5941afbbcb2e,"See Analytical Investigation: Summary of results, Shuxiang Temple, Chengde (November 2004)",86156fa5-6c16-43f8-842c-6717c5e5a2cd,SX.2004.S06,GCI/Chengde Bureau,Getty Conservation Institute,Chengde Bureau,,,200407,2004-07,Rock,Fragment,CP,China,43e2eb0b-477b-40f9-9d43-353c81299c73,,"Shuxiang Temple, Chengde",n/a,,Red Sandstone,1-4-I
1490,Field Sample 1490,63c5f4da-8d45-4a05-9e0a-133221adae9c,"See Analytical Investigation: Summary of results, Shuxiang Temple, Chengde (November 2004)",86156fa5-6c16-43f8-842c-6717c5e5a2cd,SX.2004.S07,GCI/Chengde Bureau,Getty Conservation Institute,Chengde Bureau,,,200407,2004-07,Rock,Fragment,CP,China,43e2eb0b-477b-40f9-9d43-353c81299c73,,"Shuxiang Temple, Chengde",near Huicheng Hall,,"Red Sandstone, scaling flagstone, various degree of disintegration",1-4-I
1491,Field Sample 1491,5bc4d58b-146d-45c8-864d-4e040ddfd1d4,"See Analytical Investigation: Summary of results, Shuxiang Temple, Chengde (November 2004)",86156fa5-6c16-43f8-842c-6717c5e5a2cd,SX.2004.S08,GCI/Chengde Bureau,Getty Conservation Institute,Chengde Bureau,,,200407,2004-07,Rock,Fragment,CP,China,43e2eb0b-477b-40f9-9d43-353c81299c73,,"Shuxiang Temple, Chengde",near Huicheng Hall,,Red sandstone flagstone,1-4-I
1492,Field Sample 1492,db801c25-cfcb-46ff-96ef-c6cf729fefef,"See Analytical Investigation: Summary of results, Shuxiang Temple, Chengde (November 2004)",86156fa5-6c16-43f8-842c-6717c5e5a2cd,SX.2004.S09,GCI/Chengde Bureau,Getty Conservation Institute,Chengde Bureau,,,200407,2004-07,Rock,Fragment,CP,China,43e2eb0b-477b-40f9-9d43-353c81299c73,,"Shuxiang Temple, Chengde","paving, near Huicheng Hall",,Green sandstone,1-4-I
1493,Field Sample 1493,5075b16d-45d0-4bb5-8e6a-594a2ca9778c,"See Analytical Investigation: Summary of results, Shuxiang Temple, Chengde (November 2004)",86156fa5-6c16-43f8-842c-6717c5e5a2cd,Box of Thin Sections,GCI/Chengde Bureau,Getty Conservation Institute,Chengde Bureau,,,200407,2004-07,Rock,Thin-section,CP,China,43e2eb0b-477b-40f9-9d43-353c81299c73,,"Shuxiang Temple, Chengde",,,,1-4-I
1494,Field Sample 1494,ff8b1b18-0b35-4fb4-88f7-438e11e31315,,,Clay Nuggets,GCI/Chengde Bureau,Getty Conservation Institute,Chengde Bureau,,,200409,2004-09,Reference - Plaster (painted caihua),,CP,China,43e2eb0b-477b-40f9-9d43-353c81299c73,,"Shuxiang Temple, Chengde",,,Clay Nuggests,1-4-I
1495,Field Sample 1495,d2291000-6cf9-4ae2-bdb1-c8454396f262,,,Peach Gum,GCI/Chengde Bureau,Getty Conservation Institute,Chengde Bureau,,,200606,2006-06,Reference - Plaster (painted caihua),,CP,China,43e2eb0b-477b-40f9-9d43-353c81299c73,,"Shuxiang Temple, Chengde",,,Peach gum,1-4-I
1496,Field Sample 1496,03613bb5-34e6-4e94-b73a-fc572a7e71a3,,,Pine Resin,GCI/Chengde Bureau,Getty Conservation Institute,Chengde Bureau,,,No date,,Reference - Resin,,CP,China,43e2eb0b-477b-40f9-9d43-353c81299c73,,"Shuxiang Temple, Chengde",,,Resin from Pinua tabulaeformis,1-4-I
1497,Field Sample 1497,02533ea3-2f46-4bff-b245-26ed98bd74b6,,,Resin from column,GCI/Chengde Bureau,Getty Conservation Institute,Chengde Bureau,,,No date,,Reference - Resin,,CP,China,43e2eb0b-477b-40f9-9d43-353c81299c73,,"Shuxiang Temple, Chengde",Huicheng Hall,"East of central bay, second columns",Gum found oozed from temple column,1-4-I
1498,Field Sample 1498,8359e7a5-4df8-4458-b56a-c65318ac381c,,,Hemp Fiber,GCI/Chengde Bureau,Getty Conservation Institute,Chengde Bureau,,,No date,,Reference - Fiber,,CP,China,43e2eb0b-477b-40f9-9d43-353c81299c73,,"Shuxiang Temple, Chengde",,,Hemp fibers used by craftsman at Shuxiang Temple,1-4-I
1499,Field Sample 1499,831184d2-3f00-4dce-844e-2152adf62596,,,Brick powder,GCI/Chengde Bureau,Getty Conservation Institute,Chengde Bureau,,,200610,2006-10,Reference - Plaster (caihua),,CP,China,43e2eb0b-477b-40f9-9d43-353c81299c73,,"Shuxiang Temple, Chengde",,,white earth powder (bai tu fen),1-4-I
1500,Field Sample 1500,9b9a4240-bb0a-421d-983c-b6c72bfbf57b,,,Brick powder,GCI/Chengde Bureau,Getty Conservation Institute,Chengde Bureau,,,200610,2006-10,Reference - Plaster aggregate,,CP,China,43e2eb0b-477b-40f9-9d43-353c81299c73,,"Shuxiang Temple, Chengde",,,Fine brick powder (xi hui),1-4-I
1501,Field Sample 1501,6a24a1ae-b41d-4c6a-b068-d46e3d6433c0,,,Brick powder,GCI/Chengde Bureau,Getty Conservation Institute,Chengde Bureau,,,200610,2006-10,Reference - Plaster aggregate,,CP,China,43e2eb0b-477b-40f9-9d43-353c81299c73,,"Shuxiang Temple, Chengde",,,Medium brick powder (zhong hui),1-4-I
1502,Field Sample 1502,a9ac0b9a-6c90-44a7-ae71-db33ff102685,,,Brick powder,GCI/Chengde Bureau,Getty Conservation Institute,Chengde Bureau,,,200610,2006-10,Reference - Plaster aggregate,,CP,China,43e2eb0b-477b-40f9-9d43-353c81299c73,,"Shuxiang Temple, Chengde",,,Fine particles of brick powder (yu zi),1-4-I
1503,Field Sample 1503,16810675-2c1f-47f2-949d-e9e7c3f4db45,,,Brick powder,GCI/Chengde Bureau,Getty Conservation Institute,Chengde Bureau,,,200610,2006-10,Reference - Plaster aggregate,,CP,China,43e2eb0b-477b-40f9-9d43-353c81299c73,,"Shuxiang Temple, Chengde",,,Small particles of brick powder (xiao zi),1-4-I
1504,Field Sample 1504,e7e26689-ed58-4880-adb6-23c548e55e62,,,Brick powder,GCI/Chengde Bureau,Getty Conservation Institute,Chengde Bureau,,,200610,2006-10,Reference - Plaster aggregate,,CP,China,43e2eb0b-477b-40f9-9d43-353c81299c73,,"Shuxiang Temple, Chengde",,,Medium size brick particles (zhong zi),1-4-I
1505,Field Sample 1505,d323dcd5-b2ed-4128-9d56-78def5d51dde,,,Uncooked Tung Oil,GCI/Chengde Bureau,Getty Conservation Institute,Chengde Bureau,,,No date,,Reference - Plaster (youman),,CP,China,43e2eb0b-477b-40f9-9d43-353c81299c73,,"Shuxiang Temple, Chengde",,,Uncooked tung oil,1-4-I
1506,Field Sample 1506,6315ede3-f0ae-46c1-a51b-2e18b2116c02,,,Cooked Tung Oil,GCI/Chengde Bureau,Getty Conservation Institute,Chengde Bureau,,,No date,,Reference - Plaster (youman),,CP,China,43e2eb0b-477b-40f9-9d43-353c81299c73,,"Shuxiang Temple, Chengde",,,Cooked tung oil,1-4-I
1507,Field Sample 1507,73721f95-435e-4981-9627-f9ae386105e9,,,Modern Paint Samples,GCI/Chengde Bureau,Getty Conservation Institute,Chengde Bureau,,,No date,,Reference - Painting,,CP,China,43e2eb0b-477b-40f9-9d43-353c81299c73,,"Shuxiang Temple, Chengde",,,Modern paint samples for caihua,1-4-I
1508,Field Sample 1508,409ea319-8b33-40b6-98ab-519dfc9a0652,,,Caihua Plaster,GCI/Chengde Bureau,Getty Conservation Institute,Chengde Bureau,,,200606,2006-06,Reference - Plaster,,CP,China,43e2eb0b-477b-40f9-9d43-353c81299c73,,"Shuxiang Temple, Chengde",Huicheng Hall,,Youman (now dried) used during caihua conservation testing on exterior of Huicheng Hall,1-4-I
1509,Field Sample 1509,da4b634b-d435-48a0-9304-4e42cfdc03c0,,,Caihua Plaster,GCI/Chengde Bureau,Getty Conservation Institute,Chengde Bureau,,,200606,2006-06,Reference - Plaster,,CP,China,43e2eb0b-477b-40f9-9d43-353c81299c73,,"Shuxiang Temple, Chengde",Huicheng Hall,,Sample of crack filling and base plaster (now dried) used in caihua conservation testing on exterior of Huicheng Hall,1-4-I
1510,Field Sample 1510,e792f6fe-4cdf-4c15-93a6-46330631a47d,,,Caihua Plaster Replica,GCI/Chengde Bureau,Getty Conservation Institute,Chengde Bureau,,,No date,,Reference - Plaster,,CP,China,43e2eb0b-477b-40f9-9d43-353c81299c73,,"Shuxiang Temple, Chengde",,,"Caihua plaster built up layer by  layer to 2 hemp 6 plaster layer technique ""liang ma liu hui""",1-4-I
1511,Field Sample 1511,8b546c96-55a7-4d20-9d97-0d1647c31394,,,SIQ_2012_1,Leslie Rainer,Leslie Rainer,,,,2012,2012,Wall painting,Powder,Siquieros,United States,12ab92a6-0269-49b0-a116-6998fd2ce65f,,America Tropical,,Lower right in rocks,Whitewash over green,1-3-G
1512,Field Sample 1512,8318b839-d650-4d31-b103-66501df832b4,,,SIQ_2012_2,Leslie Rainer,Leslie Rainer,,,,2012,2012,Brick,Core sample,Siquieros,United States,12ab92a6-0269-49b0-a116-6998fd2ce65f,,America Tropical,,"South Wall, Interior,  Italian Hall",,1-3-G
1513,Field Sample 1513,fce89c10-bc35-475a-a2cd-00ec6a5fb665,,,SIQ_2012_3,Leslie Rainer,Leslie Rainer,,,,2012,2012,Brick,Fragment,Siquieros,United States,12ab92a6-0269-49b0-a116-6998fd2ce65f,,America Tropical,,Mural Site,,1-3-G
1514,Field Sample 1514,25a67ae0-7c4e-4705-9d01-38cf36ab519f,,,SIQ_2011_1,Leslie Rainer,Leslie Rainer,,,,2011,2011,Dirt,Powder,Siquieros,United States,12ab92a6-0269-49b0-a116-6998fd2ce65f,,America Tropical,,Mural Site,,1-3-G
1515,Field Sample 1515,5b31862f-ff09-4039-87cb-99c7c4ad26c0,,,SIQ_2002_1,"Leslie Rainer, Michael Schilling, Herant Khanjian, Aneta Zebala",Leslie Rainer,Michael Schilling,Herant Khanjian,Aneta Zebala,2002,2002,Wall painting,Dispersion,Siquieros,United States,12ab92a6-0269-49b0-a116-6998fd2ce65f,,America Tropical,,"1400.200, 1713 from west, 287 from floor","white, impasto",1-3-G
1516,Field Sample 1516,2523af87-e55d-49b2-9ee9-1101e291e33a,,,SIQ_2002_2,"Leslie Rainer, Michael Schilling, Herant Khanjian, Aneta Zebala",Leslie Rainer,Michael Schilling,Herant Khanjian,Aneta Zebala,2002,2002,Wall painting,Dispersion,Siquieros,United States,12ab92a6-0269-49b0-a116-6998fd2ce65f,,America Tropical,,"1400.200, 1738 from west, 215 from floor",white impasto over red,1-3-G
1517,Field Sample 1517,f91b8b73-33f2-4869-8310-929c23916138,,,SIQ_2002_3,"Leslie Rainer, Michael Schilling, Herant Khanjian, Aneta Zebala",Leslie Rainer,Michael Schilling,Herant Khanjian,Aneta Zebala,2002,2002,Wall painting,Dispersion,Siquieros,United States,12ab92a6-0269-49b0-a116-6998fd2ce65f,,America Tropical,,"400.400, 624.5 from west, 406.5 cm from floor",green on wall painting,1-3-G
1518,Field Sample 1518,e6a38edf-2930-47d8-8e79-975a9752b641,,,SIQ_2002_4,"Leslie Rainer, Michael Schilling, Herant Khanjian, Aneta Zebala",Leslie Rainer,Michael Schilling,Herant Khanjian,Aneta Zebala,2002,2002,Wall painting,Dispersion,Siquieros,United States,12ab92a6-0269-49b0-a116-6998fd2ce65f,,America Tropical,,"800.400, 972 from west, 482 from floor",beige (transformation?) over white,1-3-G
1519,Field Sample 1519,9af8bac6-7830-4929-a984-21fca4b84a98,,,SIQ_2002_4_XS,"Leslie Rainer, Michael Schilling, Herant Khanjian, Aneta Zebala",Leslie Rainer,Michael Schilling,Herant Khanjian,Aneta Zebala,2002,2002,Wall painting,Cross-section,Siquieros,United States,12ab92a6-0269-49b0-a116-6998fd2ce65f,,America Tropical,,"800.400, 972 from west, 482 from floor",beige (transformation?) over white,1-3-G
1520,Field Sample 1520,b3a647ea-7c3b-4ebf-86d8-9bbc9bd03952,,,SIQ_2002_5,"Leslie Rainer, Michael Schilling, Herant Khanjian, Aneta Zebala",Leslie Rainer,Michael Schilling,Herant Khanjian,Aneta Zebala,2002,2002,Dirt,Powder,Siquieros,United States,12ab92a6-0269-49b0-a116-6998fd2ce65f,,America Tropical,,On shelter wall,"Dirt, may contain cooking residue",1-3-G
1521,Field Sample 1521,973cc14a-9528-431a-90e3-08a4b5fc6ec2,,,SIQ_2002_6,"Leslie Rainer, Michael Schilling, Herant Khanjian, Aneta Zebala",Leslie Rainer,Michael Schilling,Herant Khanjian,Aneta Zebala,2002,2002,Wall painting,Dispersion,Siquieros,United States,12ab92a6-0269-49b0-a116-6998fd2ce65f,,America Tropical,,"2000.200, 2220 from west, 287 from floor",whitewash from under door arch,1-3-G
1522,Field Sample 1522,d3b5e8e2-0789-425d-9c27-2e1b0a8740e3,,,SIQ_2002_6_XS,"Leslie Rainer, Michael Schilling, Herant Khanjian, Aneta Zebala",Leslie Rainer,Michael Schilling,Herant Khanjian,Aneta Zebala,2002,2002,Wall painting,Cross-section,Siquieros,United States,12ab92a6-0269-49b0-a116-6998fd2ce65f,,America Tropical,,"2000.200, 2220 from west, 287 from floor",whitewash from under door arch,1-3-G
1523,Field Sample 1523,248083cb-0452-422a-9fc4-ec67a8776642,,,SIQ_2002_7,"Leslie Rainer, Michael Schilling, Herant Khanjian, Aneta Zebala",Leslie Rainer,Michael Schilling,Herant Khanjian,Aneta Zebala,2002,2002,Wall painting,Dispersion,Siquieros,United States,12ab92a6-0269-49b0-a116-6998fd2ce65f,,America Tropical,,"2000.200, 2217 from west, 286 from floor",green paint from under door arch,1-3-G
1524,Field Sample 1524,ea56373c-3334-4e71-b8ce-40fee879fb1e,,,SIQ_2002_8,"Leslie Rainer, Michael Schilling, Herant Khanjian, Aneta Zebala",Leslie Rainer,Michael Schilling,Herant Khanjian,Aneta Zebala,2002,2002,Bird droppings,Bulk material,Siquieros,United States,12ab92a6-0269-49b0-a116-6998fd2ce65f,,America Tropical,,"1800.200, 184 from floor, 1973 from west",bird dropping over white paint,1-3-G
1525,Field Sample 1525,65a39912-54ce-42a8-8ad5-6f89ae239014,,,SIQ_2002_9,"Leslie Rainer, Michael Schilling, Herant Khanjian, Aneta Zebala",Leslie Rainer,Michael Schilling,Herant Khanjian,Aneta Zebala,2002,2002,Wall painting,,Siquieros,United States,12ab92a6-0269-49b0-a116-6998fd2ce65f,,America Tropical,,"1800.200, 2220 from west, 205 cm from bottom of door",green paint from door,no sample material remaining
1526,Field Sample 1526,c8abb832-b412-435c-b65e-4f55da7543d1,,,SIQ_2002_10,"Leslie Rainer, Michael Schilling, Herant Khanjian, Aneta Zebala",Leslie Rainer,Michael Schilling,Herant Khanjian,Aneta Zebala,2002,2002,Wall painting,Dispersion,Siquieros,United States,12ab92a6-0269-49b0-a116-6998fd2ce65f,,America Tropical,,"800.00, 19 from edge of shutter, 24 cm from bottom of shutter",green paint from metal shutter right interior,1-3-G
1527,Field Sample 1527,50bb0b94-35af-4202-939b-bc7a2fa455cd,,,SIQ_2002_11,"Leslie Rainer, Michael Schilling, Herant Khanjian, Aneta Zebala",Leslie Rainer,Michael Schilling,Herant Khanjian,Aneta Zebala,2002,2002,Wall painting,Dispersion,Siquieros,United States,12ab92a6-0269-49b0-a116-6998fd2ce65f,,America Tropical,,"1400.00, 116 from west edge of shutter, 87 from bottom of shutter",silver paint from metal shutter right interior,1-3-G
1528,Field Sample 1528,92cc163f-1b66-4c8f-87ec-75fd9ebcb1c6,,,SIQ_2002_12,"Leslie Rainer, Michael Schilling, Herant Khanjian, Aneta Zebala",Leslie Rainer,Michael Schilling,Herant Khanjian,Aneta Zebala,2002,2002,Wall painting,Dispersion,Siquieros,United States,12ab92a6-0269-49b0-a116-6998fd2ce65f,,America Tropical,,"1800.00, 1991 from west, 131 from floor",whitewash from sculpture head,1-3-G
1529,Field Sample 1529,f68d0c50-1987-4857-a15a-4b2640411c2c,,,SIQ_2002_13,"Leslie Rainer, Michael Schilling, Herant Khanjian, Aneta Zebala",Leslie Rainer,Michael Schilling,Herant Khanjian,Aneta Zebala,2002,2002,Wall painting,Powder,Siquieros,United States,12ab92a6-0269-49b0-a116-6998fd2ce65f,,America Tropical,,"1600.00, 1460 deom west, 166 from floor",white wash from rock,1-3-G
1530,Field Sample 1530,d8353a3c-0f13-43fe-8c1f-2f433810b521,,,SIQ_2002_14,"Leslie Rainer, Michael Schilling, Herant Khanjian, Aneta Zebala",Leslie Rainer,Michael Schilling,Herant Khanjian,Aneta Zebala,2002,2002,Wall painting,Powder,Siquieros,United States,12ab92a6-0269-49b0-a116-6998fd2ce65f,,America Tropical,,"1200.00, 1460 from west, 166 from floor",whitewash from behind shutter door (east),1-3-G
1531,Field Sample 1531,7c399ef9-9888-42d8-8e2a-81d683b40d8a,,,SIQ_2002_15,"Leslie Rainer, Michael Schilling, Herant Khanjian, Aneta Zebala",Leslie Rainer,Michael Schilling,Herant Khanjian,Aneta Zebala,2002,2002,Wall painting,Dispersion,Siquieros,United States,12ab92a6-0269-49b0-a116-6998fd2ce65f,,America Tropical,,"1000.00, 1077 from west, 17 from floor",tar from base of wall,1-3-G
1532,Field Sample 1532,9064e3ad-1f38-4500-ab05-e0385ab4f700,,,SIQ_2002_16,"Leslie Rainer, Michael Schilling, Herant Khanjian, Aneta Zebala",Leslie Rainer,Michael Schilling,Herant Khanjian,Aneta Zebala,2002,2002,Metal with paint,Powder,Siquieros,United States,12ab92a6-0269-49b0-a116-6998fd2ce65f,,America Tropical,,"800.00, 11 cm from left, 2 cm from bottom",metal sample from exterior of shutter,1-3-G
1533,Field Sample 1533,2233d6c2-2afd-46c9-825a-edbba6d63bd9,,,SIQ_2002_16_XS,"Leslie Rainer, Michael Schilling, Herant Khanjian, Aneta Zebala",Leslie Rainer,Michael Schilling,Herant Khanjian,Aneta Zebala,2002,2002,Metal with paint,Cross-section,Siquieros,United States,12ab92a6-0269-49b0-a116-6998fd2ce65f,,America Tropical,,"800.00, 11 cm from left, 2 cm from bottom",metal sample from exterior of shutter,1-3-G
1534,Field Sample 1534,6ecfb4e0-6943-42bb-94eb-c21727ec535f,,,SIQ_2002_17,"Leslie Rainer, Joanna Rowntree",Leslie Rainer,Joanna Rowntree,,,2002,2002,Metal with paint,Cross-section,Siquieros,United States,12ab92a6-0269-49b0-a116-6998fd2ce65f,,America Tropical,,"1000.00, 1077 from west, 17 from floor",metal sample from interior of shutter,1-3-G
1535,Field Sample 1535,4a832efe-2920-42e1-b4af-2caec58ddc88,,,SIQ_2002_18,"Leslie Rainer, Joanna Rowntree",Leslie Rainer,Joanna Rowntree,,,2002,2002,Metal with paint,,Siquieros,United States,12ab92a6-0269-49b0-a116-6998fd2ce65f,,America Tropical,,"WE 400, 4 cm from west edge/410 cm from bottom",Blue paint from far west end,sample missing
1536,Field Sample 1536,eb82df93-31c6-4e4b-8d71-d4f306c7ce43,,,SIQ_2002_19,"Leslie Rainer, Michael Schilling, Herant Khanjian, Aneta Zebala",Leslie Rainer,Michael Schilling,Herant Khanjian,Aneta Zebala,2002,2002,Plaster with paint,Powder,Siquieros,United States,12ab92a6-0269-49b0-a116-6998fd2ce65f,,America Tropical,,"WE 400, 4 cm from west edge/410 cm from bottom",Plaster with original(?) blue paint,no sample material remaining
1537,Field Sample 1537,9f02c9ba-e499-422e-ad01-ecc4ce72323c,,,SIQ_2002_20,"Leslie Rainer, Michael Schilling, Herant Khanjian, Aneta Zebala",Leslie Rainer,Michael Schilling,Herant Khanjian,Aneta Zebala,2002,2002,Plaster with paint,Powder,Siquieros,United States,12ab92a6-0269-49b0-a116-6998fd2ce65f,,America Tropical,,"2000.200, 2194 cm from west/284 cm from bottom/24 cm from outside edge",plaster with overpaint and original paint stratigraphy from under arch above door,1-3-G
1538,Field Sample 1538,09fe8cf9-728b-464f-89eb-1e5f90fd5132,,,SIQ_2002_20_XS,"Leslie Rainer, Michael Schilling, Herant Khanjian, Aneta Zebala",Leslie Rainer,Michael Schilling,Herant Khanjian,Aneta Zebala,2002,2002,Plaster with paint,Cross-section,Siquieros,United States,12ab92a6-0269-49b0-a116-6998fd2ce65f,,America Tropical,,"2000.200, 2194 cm from west/284 cm from bottom/24 cm from outside edge",plaster with overpaint and original paint stratigraphy from under arch above door,1-3-G
1539,Field Sample 1539,70d67495-74b0-4731-bb5c-e0d02b1fd828,,,SIQ_2002_21,"Leslie Rainer, Michael Schilling, Herant Khanjian, Aneta Zebala",Leslie Rainer,Michael Schilling,Herant Khanjian,Aneta Zebala,2002,2002,Wall painting,Fragment,Siquieros,United States,12ab92a6-0269-49b0-a116-6998fd2ce65f,,America Tropical,,CH WEST,plaster with traces of red paint and tar,1-3-G
1540,Field Sample 1540,34a8b876-a064-4fec-9024-9b8be13382b4,,,SIQ_2002_21,"Leslie Rainer, Michael Schilling, Herant Khanjian, Aneta Zebala",Leslie Rainer,Michael Schilling,Herant Khanjian,Aneta Zebala,2002,2002,Wall painting,Fragment,Siquieros,United States,12ab92a6-0269-49b0-a116-6998fd2ce65f,,America Tropical,,CH WEST,plaster with traces of red paint and tar,1-3-G
1541,Field Sample 1541,61b3446a-83bb-4ea4-807e-640d515c7d62,,,SIQ_2002_21_XS,"Leslie Rainer, Michael Schilling, Herant Khanjian, Aneta Zebala",Leslie Rainer,Michael Schilling,Herant Khanjian,Aneta Zebala,2002,2002,Wall painting,Cross-section,Siquieros,United States,12ab92a6-0269-49b0-a116-6998fd2ce65f,,America Tropical,,CH WEST,plaster with traces of red paint and tar,1-3-G
1542,Field Sample 1542,473e15ff-346d-455f-ae16-658cd1708479,,,SIQ_2002_22,"Leslie Rainer, Michael Schilling, Herant Khanjian, Aneta Zebala",Leslie Rainer,Michael Schilling,Herant Khanjian,Aneta Zebala,2002,2002,Wall painting,Fragment,Siquieros,United States,12ab92a6-0269-49b0-a116-6998fd2ce65f,,America Tropical,,2000.2,Plaster from vertical crack above door,1-3-G
1543,Field Sample 1543,13d86f1e-7689-43a9-9c44-aeb3b61778fd,,,SIQ_2002_23,"Leslie Rainer, Michael Schilling, Herant Khanjian, Aneta Zebala",Leslie Rainer,Michael Schilling,Herant Khanjian,Aneta Zebala,2002,2002,Wall painting,Fragment,Siquieros,United States,12ab92a6-0269-49b0-a116-6998fd2ce65f,,America Tropical,,CHIMNEY,Plaster and red paint from chimney,1-3-G
1544,Field Sample 1544,8fa33e61-4733-4307-b3ac-7c8872cc2581,,,SIQ_1994_1,,,,,,1994,1994,Wall painting,Powder,Siquieros,United States,12ab92a6-0269-49b0-a116-6998fd2ce65f,,America Tropical,,,,1-3-G
1545,Field Sample 1545,5532527d-fee9-4a8b-9974-2bfb3b40e3f1,,,SIQ_1994_2,,,,,,1994,1994,Wall painting,Powder,Siquieros,United States,12ab92a6-0269-49b0-a116-6998fd2ce65f,,America Tropical,,,,1-3-G
1546,Field Sample 1546,46aa71e3-0819-4cf7-85c6-c7ebab8d5df6,,,SIQ_1994_3,,,,,,1994,1994,Wall painting,Powder,Siquieros,United States,12ab92a6-0269-49b0-a116-6998fd2ce65f,,America Tropical,,,,1-3-G
1547,Field Sample 1547,404bf48a-9eec-4354-babf-2479a7992b20,,,SIQ_1994_4,,,,,,1994,1994,Wall painting,Powder,Siquieros,United States,12ab92a6-0269-49b0-a116-6998fd2ce65f,,America Tropical,,,,1-3-G
1548,Field Sample 1548,66f309c2-d2cc-4a4e-aece-844a9738b7b8,,,SIQ_1994_5,,,,,,1994,1994,Wall painting,Powder,Siquieros,United States,12ab92a6-0269-49b0-a116-6998fd2ce65f,,America Tropical,,,,1-3-G
1549,Field Sample 1549,6b9609bd-4043-4935-a843-79f08fe41ab5,,,SIQ_1994_6,,,,,,1994,1994,Wall painting,Powder,Siquieros,United States,12ab92a6-0269-49b0-a116-6998fd2ce65f,,America Tropical,,,,1-3-G
1550,Field Sample 1550,f97344f4-dd1c-4b1e-a9d0-0ef4615f7c16,,,SIQ_1994_7,,,,,,1994,1994,Wall painting,Powder,Siquieros,United States,12ab92a6-0269-49b0-a116-6998fd2ce65f,,America Tropical,,,,1-3-G
1551,Field Sample 1551,5d58839d-3dcf-4027-8460-ef39005971c2,,,SIQ_1994_8,,,,,,1994,1994,Wall painting,Powder,Siquieros,United States,12ab92a6-0269-49b0-a116-6998fd2ce65f,,America Tropical,,,,1-3-G
1552,Field Sample 1552,8e189b21-e5e8-45d6-93da-3d908e1966c8,,,SIQ_1994_9,,,,,,1994,1994,Wall painting,Powder,Siquieros,United States,12ab92a6-0269-49b0-a116-6998fd2ce65f,,America Tropical,,,,1-3-G
1553,Field Sample 1553,882bf7c0-13b8-4107-977f-35142343312d,,,SIQ_1994_10,,,,,,1994,1994,Wall painting,Powder,Siquieros,United States,12ab92a6-0269-49b0-a116-6998fd2ce65f,,America Tropical,,,,1-3-G
1554,Field Sample 1554,f5f83033-9975-4544-80ba-64b425d84726,,,SIQ_1994_11,,,,,,1994,1994,Wall painting,Powder,Siquieros,United States,12ab92a6-0269-49b0-a116-6998fd2ce65f,,America Tropical,,,,1-3-G
1555,Field Sample 1555,7f173a1d-bb6f-4cd1-9570-771381e11516,,,SIQ_1994_12,,,,,,1994,1994,Wall painting,Powder,Siquieros,United States,12ab92a6-0269-49b0-a116-6998fd2ce65f,,America Tropical,,,,1-3-G
1556,Field Sample 1556,67a0da83-d0c9-4bbc-8702-adaff40d6fe8,,,SIQ_1994_13,,,,,,1994,1994,Wall painting,Powder,Siquieros,United States,12ab92a6-0269-49b0-a116-6998fd2ce65f,,America Tropical,,,,1-3-G
1557,Field Sample 1557,35ba4453-abb9-45ef-a53d-9a2b92890e70,,,SIQ_1994_14,,,,,,1994,1994,Wall painting,Powder,Siquieros,United States,12ab92a6-0269-49b0-a116-6998fd2ce65f,,America Tropical,,,,1-3-G
1558,Field Sample 1558,8c99715a-48b2-4ca7-9bea-e2d30710f0b4,,,SIQ_1987_E5,"Michael Schilling, David Scott",Michael Schilling,David Scott,,,19871111,1987-11-11,Wall painting,Powder,Siquieros,United States,12ab92a6-0269-49b0-a116-6998fd2ce65f,,America Tropical,,,Red pigment sample,1-3-G
1559,Field Sample 1559,8d7e4359-7804-4cb1-87fb-222f5622145c,,,SIQ_1987_G7,"Michael Schilling, David Scott",Michael Schilling,David Scott,,,19871111,1987-11-11,Wall painting,Powder,Siquieros,United States,12ab92a6-0269-49b0-a116-6998fd2ce65f,,America Tropical,,,Brown pigment sample,1-3-G
1560,Field Sample 1560,2329cdef-665c-4c83-aba3-724e56568fdd,,,SIQ_1987_G7_XS,"Michael Schilling, David Scott",Michael Schilling,David Scott,,,19871111,1987-11-11,Wall painting,Cross-section,Siquieros,United States,12ab92a6-0269-49b0-a116-6998fd2ce65f,,America Tropical,,,Brown pigment sample,
1561,Field Sample 1561,7e6b8a3f-ab97-4a44-8d30-06f7886eb2d7,,,SIQ_1987_I9,"Michael Schilling, David Scott",Michael Schilling,David Scott,,,19871111,1987-11-11,Wall painting,Powder,Siquieros,United States,12ab92a6-0269-49b0-a116-6998fd2ce65f,,America Tropical,,,Black near eye,1-3-G
1562,Field Sample 1562,f4f30ec0-fc05-48c0-ab68-2ff93a7ac3e2,,,SIQ_1987_H8,"Michael Schilling, David Scott",Michael Schilling,David Scott,,,19871111,1987-11-11,Wall painting,Powder,Siquieros,United States,12ab92a6-0269-49b0-a116-6998fd2ce65f,,America Tropical,,,Yellow pigment sample,1-3-G
1563,Field Sample 1563,b6752529-ffe4-4ce9-9720-a4ba0df81f39,,,SIQ_1987_K11,"Michael Schilling, David Scott",Michael Schilling,David Scott,,,19871111,1987-11-11,Wall painting,Powder,Siquieros,United States,12ab92a6-0269-49b0-a116-6998fd2ce65f,,America Tropical,,,Tan pigment sample,1-3-G
1564,Field Sample 1564,1ec7a4d8-89d4-4bea-9b46-c54246d38f9d,,,SIQ_1987_L12,"Michael Schilling, David Scott",Michael Schilling,David Scott,,,19871111,1987-11-11,Wall painting,Powder,Siquieros,United States,12ab92a6-0269-49b0-a116-6998fd2ce65f,,America Tropical,,,White pigment sample,1-3-G
1565,Field Sample 1565,edb962bb-b1df-4de6-a067-513bc84fd4a9,,,SIQ_1987_J10,"Michael Schilling, David Scott",Michael Schilling,David Scott,,,19871111,1987-11-11,Wall painting,Powder,Siquieros,United States,12ab92a6-0269-49b0-a116-6998fd2ce65f,,America Tropical,,,Pink pigment,1-3-G
1566,Field Sample 1566,0b755a65-1573-4a68-88f3-48a6b02173e8,,,SIQ_1987_F6,"Michael Schilling, David Scott",Michael Schilling,David Scott,,,19871111,1987-11-11,Wall painting,Powder,Siquieros,United States,12ab92a6-0269-49b0-a116-6998fd2ce65f,,America Tropical,,,Green pigment over area near face,1-3-G
1567,Field Sample 1567,1963bd0e-d372-4c93-a401-a37a123df6c6,,,SIQ_ca1971_SG_1,Shifra Goldman,Shifra Goldman,,,,,,Wall painting,,Siquieros,United States,12ab92a6-0269-49b0-a116-6998fd2ce65f,,America Tropical,,,,1-3-G
1568,Field Sample 1568,288ed17c-dcd5-44c9-bf11-da7ea68dc44e,,,SIQ_nodate_SG_2,Shifra Goldman,Shifra Goldman,,,,,,Tar Paper,,Siquieros,United States,12ab92a6-0269-49b0-a116-6998fd2ce65f,,America Tropical,,,,1-3-G
1569,Field Sample 1569,9d68c55d-2b09-4925-9268-51e77b97ddc3,,,CC,,,,,,,,Earth,,Terra,Peru,d124bf25-8952-43ce-a189-c70fc540a194,,Chan Chan,,,,1-1-G
1570,Field Sample 1570,97b0b203-4fa3-4e96-a447-0345a5fa4e6b,,,FU-HS30-1,,,,,,,,Earth,,Terra,United States,12ab92a6-0269-49b0-a116-6998fd2ce65f,,Fort Union,,Historical structure 30,,1-1-D
1571,Field Sample 1571,e8bec274-91ff-471d-9c30-151c7ba81219,,,FU-HS30-1,,,,,,,,Earth,,Terra,United States,12ab92a6-0269-49b0-a116-6998fd2ce65f,,Fort Union,,Historical structure 31,,1-1-D
1572,Field Sample 1572,ff1b6649-49f2-43e6-8216-704bff888e6e,,,FU-HS30-1,,,,,,,,Earth,,Terra,United States,12ab92a6-0269-49b0-a116-6998fd2ce65f,,Fort Union,,Historical structure 32,,1-1-D
1573,Field Sample 1573,5dc11257-8230-4ea2-b770-c9a7e9c3020b,,,FU-HS30-1,,,,,,,,Earth,,Terra,United States,12ab92a6-0269-49b0-a116-6998fd2ce65f,,Fort Union,,Historical structure 33,,1-1-D
1574,Field Sample 1574,a6bdde92-590e-47a0-a238-83342e2d00e0,,,FU-HS30-1,,,,,,,,Earth,,Terra,United States,12ab92a6-0269-49b0-a116-6998fd2ce65f,,Fort Union,,Historical structure 34,,1-1-D
1575,Field Sample 1575,12431740-9bbf-4c10-b4c1-167a7fde922a,,,FU-HS30-2,,,,,,,,Earth,,Terra,United States,12ab92a6-0269-49b0-a116-6998fd2ce65f,,Fort Union,,Historical structure 35,,1-1-D
1576,Field Sample 1576,ada715dc-eb87-453e-9cf5-e478471d873a,,,FU-HS30-2,,,,,,,,Earth,,Terra,United States,12ab92a6-0269-49b0-a116-6998fd2ce65f,,Fort Union,,Historical structure 36,,1-1-D
1577,Field Sample 1577,ef4808fe-0b43-433f-903c-2e13fdc193e2,,,FU-HS30-2,,,,,,,,Earth,,Terra,United States,12ab92a6-0269-49b0-a116-6998fd2ce65f,,Fort Union,,Historical structure 37,,1-1-D
1578,Field Sample 1578,d43a1791-74a4-42c2-a0f0-142d35c08e85,,,FU-HS30-2,,,,,,,,Earth,,Terra,United States,12ab92a6-0269-49b0-a116-6998fd2ce65f,,Fort Union,,Historical structure 38,,1-1-D
1579,Field Sample 1579,2d3efd81-93ab-449e-af06-2ab37bcfc957,,,FU-HS30-3,,,,,,,,Earth,,Terra,United States,12ab92a6-0269-49b0-a116-6998fd2ce65f,,Fort Union,,Historical structure 39,,1-1-D
1580,Field Sample 1580,54b83363-5a93-457a-ae3a-7e3c9329888f,,,FU-HS30-3,,,,,,,,Earth,,Terra,United States,12ab92a6-0269-49b0-a116-6998fd2ce65f,,Fort Union,,Historical structure 40,,1-1-D
1581,Field Sample 1581,82285191-febb-4353-9c7d-f2c33bbca894,,,FU-HS30-3,,,,,,,,Earth,,Terra,United States,12ab92a6-0269-49b0-a116-6998fd2ce65f,,Fort Union,,Historical structure 41,,1-1-D
1582,Field Sample 1582,439a062b-1721-4216-8b4a-1517ff4bbcb3,,,FU-HS30-3,,,,,,,,Earth,,Terra,United States,12ab92a6-0269-49b0-a116-6998fd2ce65f,,Fort Union,,Historical structure 42,,1-1-D
1583,Field Sample 1583,d1fce57a-4bbc-4bc6-853f-975f17882246,,,FU-HS30-3,,,,,,,,Earth,,Terra,United States,12ab92a6-0269-49b0-a116-6998fd2ce65f,,Fort Union,,Historical structure 43,,1-1-D
1584,Field Sample 1584,8d3c07e4-a5f6-4eff-87a3-087c8959f271,,,FU-HS30-4,,,,,,,,Earth,,Terra,United States,12ab92a6-0269-49b0-a116-6998fd2ce65f,,Fort Union,,"Historical structure 30, from the inner wall, collapsed lower part",,1-1-D
1585,Field Sample 1585,5a57d680-0a3c-460c-b680-fc8815c1b619,,,FU-HS30-5,,,,,,,,Earth,,Terra,United States,12ab92a6-0269-49b0-a116-6998fd2ce65f,,Fort Union,,"Historical structure 30, from the inner wall, collapsed lower part",,1-1-D
1586,Field Sample 1586,fb5b21a7-f6eb-406e-b9f8-97e9f641b2d8,,,FU-HS30-6,,,,,,,,Earth,,Terra,United States,12ab92a6-0269-49b0-a116-6998fd2ce65f,,Fort Union,,"Historical structure 30, from the inner wall, collapsed lower part",,1-1-D
1587,Field Sample 1587,60a28f2b-6057-4cb7-9659-a685a98b1266,,,FU-HS30-7,,,,,,,,Earth,,Terra,United States,12ab92a6-0269-49b0-a116-6998fd2ce65f,,Fort Union,,"Historical structure 30, from the inner wall, collapsed lower part",,1-1-D
1588,Field Sample 1588,1d244445-30bd-4238-97a9-71f0568aa01b,,,FU-HS30-8,,,,,,,,Earth,,Terra,United States,12ab92a6-0269-49b0-a116-6998fd2ce65f,,Fort Union,,"Historical structure 30, from the inner wall, collapsed lower part",,1-1-D
1589,Field Sample 1589,fb41990b-4016-43fa-9a59-a518e7d586b8,,,LS1,,,,,,,,Earth,,Terra,United States,12ab92a6-0269-49b0-a116-6998fd2ce65f,,Leasburg Station,,From a inner wall of the building,,1-1-H
1590,Field Sample 1590,44d2a922-eeb1-4709-adc7-6cc5d184c91a,,,LS2,,,,,,,,Earth,,Terra,United States,12ab92a6-0269-49b0-a116-6998fd2ce65f,,Leasburg Station,,From a inner wall of the building,,1-1-H
1591,Field Sample 1591,080a070a-d29a-48da-bdc0-8e04ab026720,,,LS3-1,,,,,,,,Earth,,Terra,United States,12ab92a6-0269-49b0-a116-6998fd2ce65f,,Leasburg Station,,From a inner wall of the building,,1-1-H
1592,Field Sample 1592,ff49542e-4cc7-427f-afaa-91a678d34f1e,,,LS3-2,,,,,,,,Earth,,Terra,United States,12ab92a6-0269-49b0-a116-6998fd2ce65f,,Leasburg Station,,From a inner wall of the building,,1-1-H
1593,Field Sample 1593,017af3af-625f-4b9b-ab1d-f44ba6cb459b,,,LS3-3,,,,,,,,Earth,,Terra,United States,12ab92a6-0269-49b0-a116-6998fd2ce65f,,Leasburg Station,,"Mud mortar from which adhered to the samples LS3-1, LS3-2",,1-1-H
1594,Field Sample 1594,4ed63978-3e16-4f78-a8d2-707ffa867409,,,LS,,,,,,,,Earth,,Terra,United States,12ab92a6-0269-49b0-a116-6998fd2ce65f,,Leasburg Station,,Unknown,,1-1-H
1595,Field Sample 1595,15a34589-3527-4cd7-bbb8-e937527acff1,,,STH11-1,,,,,,,,Earth,,Terra,United States,12ab92a6-0269-49b0-a116-6998fd2ce65f,,Mesa Verde,,"Spruce Tree House, Site #5MV640, West Interior of Room 11(1)",,1-2-E
1596,Field Sample 1596,3bdf8e20-dc06-4f2f-ae27-b8f18b15602d,,,STH13-1,,,,,,,,Earth,,Terra,United States,12ab92a6-0269-49b0-a116-6998fd2ce65f,,Mesa Verde,,"Spruce Tree House, Site #5MV640, West Interior of Room 13(1)",,1-2-E
1597,Field Sample 1597,c1a99b68-0fe3-4138-9739-227291f9cccb,,,STH13-2,,,,,,,,Earth,,Terra,United States,12ab92a6-0269-49b0-a116-6998fd2ce65f,,Mesa Verde,,"Spruce Tree House, Site #5MV640, Interior Floor of Room 13(1)",,1-2-E
1598,Field Sample 1598,9f9e789b-06cf-4ef3-b7ed-452ca2668a16,,,STH13-3,,,,,,,,Earth,,Terra,United States,12ab92a6-0269-49b0-a116-6998fd2ce65f,,Mesa Verde,,"Spruce Tree House, Site #5MV640, West Interior of Room 13(1)",,1-2-E
1599,Field Sample 1599,f82a1f52-8b4c-4101-8e68-027ae1b898a8,,,"SHT15-1
(=STH-1)",,,,,,,,Earth,,Terra,United States,12ab92a6-0269-49b0-a116-6998fd2ce65f,,Mesa Verde,,"Spruce Tree House, Site #5MV640, East-a Interior of Room 15(1)",,1-2-E
1600,Field Sample 1600,3c242c1b-4641-4149-9b2c-fad6aa5053fa,,,STH15-2,,,,,,,,Earth,,Terra,United States,12ab92a6-0269-49b0-a116-6998fd2ce65f,,Mesa Verde,,"Spruce Tree House, Site #5MV640, East-a Interior of Room 15(1)",,1-2-E
1601,Field Sample 1601,cc4b36ff-73e7-44c0-9e09-248321c19f64,,,STH15-3,,,,,,,,Earth,,Terra,United States,12ab92a6-0269-49b0-a116-6998fd2ce65f,,Mesa Verde,,"Spruce Tree House, Site #5MV640, East-a Interior of Room 15(1), collected from floor",,1-2-E
1602,Field Sample 1602,104f3e70-52c5-47e1-b133-a1d240be6802,,,STH15-4,,,,,,,,Earth,,Terra,United States,12ab92a6-0269-49b0-a116-6998fd2ce65f,,Mesa Verde,,"Spruce Tree House, Site #5MV640, North Interior of Room 15(1), collected from floor",,1-2-E
1603,Field Sample 1603,9586469d-f713-4401-b6ae-586ad77ab580,,,STH16-1,,,,,,,,Earth,,Terra,United States,12ab92a6-0269-49b0-a116-6998fd2ce65f,,Mesa Verde,,"Spruce Tree House, Site #5MV640, South Interior of Open Area 25",,1-2-E
1604,Field Sample 1604,24baa1ee-d96c-46a4-bbd0-b626696d1d3e,,,STH16-1,,,,,,,,Earth,,Terra,United States,12ab92a6-0269-49b0-a116-6998fd2ce65f,,Mesa Verde,,"Spruce Tree House, Site #5MV640, South Interior of Open Area 26",,1-2-E
1605,Field Sample 1605,787dc5e6-16f0-49d8-b10e-61898d6f906f,,,STH16-1,,,,,,,,Earth,,Terra,United States,12ab92a6-0269-49b0-a116-6998fd2ce65f,,Mesa Verde,,"Spruce Tree House, Site #5MV640, South Interior of Open Area 27",,1-2-E
1606,Field Sample 1606,490f7d4c-563f-4fc1-9f23-812fd144c351,,,STH16-1,,,,,,,,Earth,,Terra,United States,12ab92a6-0269-49b0-a116-6998fd2ce65f,,Mesa Verde,,"Spruce Tree House, Site #5MV640, South Interior of Open Area 28",,1-2-E
1607,Field Sample 1607,661fbf9e-fea8-4b32-8ea3-522d14786c93,,,STH49-1w,,,,,,,,Earth,,Terra,United States,12ab92a6-0269-49b0-a116-6998fd2ce65f,,Mesa Verde,,"Spruce Tree House, Site #5MV640, West Interior of Room 49; a sample of detached white wash was collected from the floor",,1-2-E
1608,Field Sample 1608,e11d3092-66d2-4cab-9d92-cb4d37d6346f,,,STH49-1g,,,,,,,,Earth,,Terra,United States,12ab92a6-0269-49b0-a116-6998fd2ce65f,,Mesa Verde,,"Spruce Tree House, Site #5MV640, West Interior of Room 49; a sample of detached white wash was collected from the floor",,1-2-E
1609,Field Sample 1609,22014982-63af-4ef4-9d9d-9ce7c23fcb88,,,CP-OAJ-1,,,,,,,,Earth,,Terra,United States,12ab92a6-0269-49b0-a116-6998fd2ce65f,,Mesa Verde,,"Cliff Palace, Site #5MV625, East Interior of Open Area J, Exterior of Room 25(1)",,1-2-E
1610,Field Sample 1610,0d99032e-53b0-4528-a6b2-e27975ee9d92,,,CP-OAJ-2,,,,,,,,Earth,,Terra,United States,12ab92a6-0269-49b0-a116-6998fd2ce65f,,Mesa Verde,,"Cliff Palace, Site #5MV625, South Interior of Open Area J, Exterior of Room 23(1)",,1-2-E
1611,Field Sample 1611,eca7cda5-bead-4c00-904f-2d6bca02d3ed,,,CP-N-1,,,,,,,,Earth,,Terra,United States,12ab92a6-0269-49b0-a116-6998fd2ce65f,,Mesa Verde,,"Cliff Palace, Site #5MV625, East Interior of Room 49(1)",,1-2-E
1612,Field Sample 1612,3bec1935-e7e2-4344-85d4-e3ab6fada3f8,,,CP-N-2r,,,,,,,,Earth,,Terra,United States,12ab92a6-0269-49b0-a116-6998fd2ce65f,,Mesa Verde,,"Cliff Palace, Site #5MV625, East Interior of Room 49(1)",,1-2-E
1613,Field Sample 1613,c61666cb-4f0a-455d-9f0a-22887408055c,,,CP-N-2p,,,,,,,,Earth,,Terra,United States,12ab92a6-0269-49b0-a116-6998fd2ce65f,,Mesa Verde,,"Cliff Palace, Site #5MV625, East Interior of Room 49(1)",,1-2-E
1614,Field Sample 1614,c7d79433-791f-46d8-a811-d5c7d6c92250,,,CP-N-2p,,,,,,,,Earth,,Terra,United States,12ab92a6-0269-49b0-a116-6998fd2ce65f,,Mesa Verde,,"Cliff Palace, Site #5MV625, East Interior of Room 49(1)",,1-2-E
1615,Field Sample 1615,ca8c9889-0888-47f7-bfd5-b16f96291415,,,CP-N-3,,,,,,,,Earth,,Terra,United States,12ab92a6-0269-49b0-a116-6998fd2ce65f,,Mesa Verde,,"Cliff Palace, Site #5MV625, Unknown original provenience, sample found in the North-East corner at the Interior of Room 49(1)",,1-2-E
1616,Field Sample 1616,8cc0e8cf-1ae5-437b-a239-7e339ffb1ad2,,,CP-N-3,,,,,,,,Earth,,Terra,United States,12ab92a6-0269-49b0-a116-6998fd2ce65f,,Mesa Verde,,"Cliff Palace, Site #5MV625, Unknown original provenience, sample found in the North-East corner at the Interior of Room 49(1)",,1-2-E
1617,Field Sample 1617,408fd3e4-0317-4d74-b634-800cb9aef1c4,,,CP-N-4,,,,,,,,Earth,,Terra,United States,12ab92a6-0269-49b0-a116-6998fd2ce65f,,Mesa Verde,,"Cliff Palace, Site #5MV625, Unknown original provenience, sample found in the North-East corner at the Interior of Room 49(1)",,1-2-E
1618,Field Sample 1618,f160f9eb-4044-4867-845d-59761d001d57,,,CP-N-5,,,,,,,,Earth,,Terra,United States,12ab92a6-0269-49b0-a116-6998fd2ce65f,,Mesa Verde,,"Cliff Palace, Site #5MV625, Unknown original provenience, sample found in the North-East corner at the Interior of Room 49(1)",,1-2-E
1619,Field Sample 1619,247cac84-24f9-47fb-8b96-5bed01cffef4,,,CP-N-6,,,,,,,,Earth,,Terra,United States,12ab92a6-0269-49b0-a116-6998fd2ce65f,,Mesa Verde,,"Cliff Palace, Site #5MV625, South Interior of Room 49(1)",,1-2-E
1620,Field Sample 1620,f7473b8e-ae33-45eb-ac67-8e6877bf71db,,,CP-N-6,,,,,,,,Earth,,Terra,United States,12ab92a6-0269-49b0-a116-6998fd2ce65f,,Mesa Verde,,"Cliff Palace, Site #5MV625, South Interior of Room 49(1)",,1-2-E
1621,Field Sample 1621,59b5031f-f0e6-48d5-887e-f6af30c3d4b0,,,CP-UN-1,,,,,,,,Earth,,Terra,United States,12ab92a6-0269-49b0-a116-6998fd2ce65f,,Mesa Verde,,"Cliff Palace, Site #5MV625, Unknown original provenience, sample found on the Visitor Trail below Open Area 21",,1-2-E
1622,Field Sample 1622,b8b09d85-9294-4eb1-9aad-d570bcff4b0a,,,CP-UN-1,,,,,,,,Earth,,Terra,United States,12ab92a6-0269-49b0-a116-6998fd2ce65f,,Mesa Verde,,"Cliff Palace, Site #5MV625, Unknown original provenience, sample found on the Visitor Trail below Open Area 22",,1-2-E
1623,Field Sample 1623,01814b5a-0eda-411a-82e4-f70c1eb1c69b,,,CP-UN-1,,,,,,,,Earth,,Terra,United States,12ab92a6-0269-49b0-a116-6998fd2ce65f,,Mesa Verde,,"Cliff Palace, Site #5MV625, Unknown original provenience, sample found on the Visitor Trail below Open Area 23",,1-2-E
1624,Field Sample 1624,c26e7db9-ca39-439e-81d2-73bf0712252e,,,CP-KN-1,,,,,,,,Earth,,Terra,United States,12ab92a6-0269-49b0-a116-6998fd2ce65f,,Mesa Verde,,"Cliff Palace, Site #5MV625, Banquet 1 of Kiva N",,1-2-E
1625,Field Sample 1625,1e5066ed-625d-4303-9083-82fd7c003c8f,,,CP-OAM-1,,,,,,,,Earth,,Terra,United States,12ab92a6-0269-49b0-a116-6998fd2ce65f,,Mesa Verde,,"Cliff Palace, Site #5MV625, North Interior of Open Area M, Exterior of Room 48(1)",,1-2-E
1626,Field Sample 1626,6c41716d-017d-4cab-84cf-0c8c1513e52d,,,SAn,,,,,,,,Earth,,Terra,United States,12ab92a6-0269-49b0-a116-6998fd2ce65f,,Mission San Antonio,,Mission San Antonio; no further information concerning the exact location of the sample,,1-1-E
1627,Field Sample 1627,fd1dee3f-1642-4099-b72d-6fbe66586cb4,,,SJC,,,,,,,,Earth,,Terra,United States,12ab92a6-0269-49b0-a116-6998fd2ce65f,,San Juan Capistrano,,"Mission San Juan Capistrano, originally part of a adobe wall supporting an arch in the nave of the church",,1-1-F
1628,Field Sample 1628,053ab7d2-a216-4dc7-b43a-2059685624f5,,,SM,,,,,,,,Earth,,Terra,United States,12ab92a6-0269-49b0-a116-6998fd2ce65f,,Mission San Miguel,,Mission San Miguel; no further information concerning the exact location of the sample,,1-2-D
1629,Field Sample 1629,79bbfb00-c15e-4b87-a759-167efd1816e5,,,SXB,,,,,,,,Earth,,Terra,United States,12ab92a6-0269-49b0-a116-6998fd2ce65f,,Mission San Xavier,,No information,,1-2-E
1630,Field Sample 1630,7d430d73-f677-411d-83d9-1910bcd898e9,,,RC,,,,,,,,Earth,,Terra,United States,12ab92a6-0269-49b0-a116-6998fd2ce65f,,Rancho Camulus,,,,1-1-G
1631,Field Sample 1631,11b6b1a4-e92b-4223-b665-7f4ed11d4ffc,,,RLF-R6E-1,,,,,,,,Earth,,Terra,United States,12ab92a6-0269-49b0-a116-6998fd2ce65f,,Rancho Las Flores,,"Rancho Las Flores, San Diego County, Room # 6, East wall, height 260 cm, bedding mortar from last course of adobe bricks",,1-2-G
1632,Field Sample 1632,f2cc17bf-21ff-415d-bbe0-2b3723df4417,,,RLF-R6E-2a,,,,,,,,Earth,,Terra,United States,12ab92a6-0269-49b0-a116-6998fd2ce65f,,Rancho Las Flores,,"RLF, SDC, Room # 6, East wall, height 260 cm, fragment from last course of adobe bricks",,1-2-G
1633,Field Sample 1633,fae74489-5bdd-4548-a94a-bc7e7d219805,,,RLF-R6E-2b,,,,,,,,Earth,,Terra,United States,12ab92a6-0269-49b0-a116-6998fd2ce65f,,Rancho Las Flores,,"RLF, SDC, Room # 6, East wall, height 260 cm, earthen bedding mortar",,1-2-G
1634,Field Sample 1634,a010d6bc-5dec-4042-8e4d-5c16cd5329cf,,,RLF-R6E-2c,,,,,,,,Earth,,Terra,United States,12ab92a6-0269-49b0-a116-6998fd2ce65f,,Rancho Las Flores,,"RLF, SDC, Room # 6, East wall, height 260 cm, earth plaster",,1-2-G
1635,Field Sample 1635,43b67dc5-e5cc-431b-90c3-eba01321c96b,,,RLF-R6E-2d,,,,,,,,Earth,,Terra,United States,12ab92a6-0269-49b0-a116-6998fd2ce65f,,Rancho Las Flores,,"RLF, SDC, Room # 6, East wall, height 260 cm, white wash",,1-2-G
1636,Field Sample 1636,d584880e-01fc-4bd5-86dc-b5b653c8101b,,,TD,,,,,,,,Earth,,Terra,Israel,1c61ce84-cdc9-4870-b29e-5149188f0408,,Tel Dan,,No information,,1-2-F
1637,Field Sample 1637,60f5cb18-3686-4f9f-99c7-261ba3219ed2,,,TDNB,,,,,,,,Earth,,Terra,Israel,1c61ce84-cdc9-4870-b29e-5149188f0408,,Tel Dan,,No information,,1-2-F
1638,Field Sample 1638,702a4480-3c63-4ac5-9448-ef270dd3f0aa,,,Kar,,,,,,,,Earth,,Terra,Egypt,e37e4bc7-188b-48ac-b510-9ac596b79756,,Karnak,,No information,,1-2-G
1639,Field Sample 1639,2dac1319-db85-468f-82ca-16a66840755e,"Conservation of Maya Limestone at Xunantunich, Belize
William S Ginell and Rakesh Kumar, May 2002
see sample storage location",6dedbbb5-6707-4412-b116-67f0107f724c,Sample Row: 1639,,,,,,,,,,Maya,Belize,1c64b3d2-1687-4c37-95a0-7652dd614029,true,Xunantunich,,,,"1-2-K, 1-2-L"
1640,Field Sample 1640,415ba6df-6072-4646-9cef-ea8cc0ba2832,,,1-CY-91,Francesca Pique,Francesca Pique,,,,1991,1991,Polychrome sculpture,Fragment,Yungang,China,43e2eb0b-477b-40f9-9d43-353c81299c73,,Yungang Grottoes,Cave 6,"Stupa pillar, south face, lower band.","Red on stone, no evidence of preparation, on 3rd figure, east side.",1-4-H
1641,Field Sample 1641,b0b11d38-6601-4d11-afa0-dbfa5492f38f,,,2-CY-91,Francesca Pique,Francesca Pique,,,,1991,1991,Polychrome sculpture,Fragment,Yungang,China,43e2eb0b-477b-40f9-9d43-353c81299c73,,Yungang Grottoes,Cave 6,,"Ground on red directly applied on stone, on 3rd figure, east side",1-4-H
1642,Field Sample 1642,fcced632-d1ec-4a30-a337-50a5fbf5ffd9,,,3-CY-91,Francesca Pique,Francesca Pique,,,,1991,1991,Polychrome sculpture,Fragment,Yungang,China,43e2eb0b-477b-40f9-9d43-353c81299c73,,Yungang Grottoes,Cave 6,"Stupa pillar, south face, lower band.","Green on white on blue applied directly on the stone, 3rd figure, east side.",1-4-H
1643,Field Sample 1643,e5e4c3bc-158d-4223-ac26-0eff8fc8203b,,,4-CY-91,Francesca Pique,Francesca Pique,,,,1991,1991,Polychrome sculpture,Fragment,Yungang,China,43e2eb0b-477b-40f9-9d43-353c81299c73,,Yungang Grottoes,Cave 6,"Stupa pillar, south face, lower band.",Same Stratigraphy as sample 3 but in a zone where green is darker.,1-4-H
1644,Field Sample 1644,32434bad-3338-4643-a169-a86335f46537,,,5-CY-91,Francesca Pique,Francesca Pique,,,,1991,1991,Polychrome sculpture,Fragment,Yungang,China,43e2eb0b-477b-40f9-9d43-353c81299c73,,Yungang Grottoes,Cave 6,"Stupa pillar, south face, lower band.","Blue pigment applied directly on stone, 3rd figure, east side.",1-4-H
1645,Field Sample 1645,81e5af7d-b29a-49e6-a330-732750887cde,,,6-CY-91,Francesca Pique,Francesca Pique,,,,1991,1991,Polychrome sculpture,Fragment,Yungang,China,43e2eb0b-477b-40f9-9d43-353c81299c73,,Yungang Grottoes,Cave 6,"Stupa pillar, south face, lower band.","Blue pigment applied on white ground on stone, 3rd figure, east side.",1-4-H
1646,Field Sample 1646,f2e27d6a-3e08-4579-8bf9-a195317f20b8,,,7-CY-91,Francesca Pique,Francesca Pique,,,,1991,1991,Polychrome sculpture,Fragment,Yungang,China,43e2eb0b-477b-40f9-9d43-353c81299c73,,Yungang Grottoes,Cave 6,"Stupa pillar, south face, lower band.","Blue pigment on stone, similar to sample 5 & 6, 3rd figure, east side.",1-4-H
1647,Field Sample 1647,471d4bd0-f8d6-4254-8a7e-f97a738baf7e,,,8-CY-91,Francesca Pique,Francesca Pique,,,,1991,1991,Polychrome sculpture,Fragment,Yungang,China,43e2eb0b-477b-40f9-9d43-353c81299c73,,Yungang Grottoes,Cave 6,"Stupa pillar, south face, lower band.","Yellow pigment on white ground on stone, 3rd figure, east side.",1-4-H
1648,Field Sample 1648,4737566e-e81a-458d-a6fa-01e1299d02a3,,,9-CY-91,Francesca Pique,Francesca Pique,,,,1991,1991,Polychrome sculpture,Fragment,Yungang,China,43e2eb0b-477b-40f9-9d43-353c81299c73,,Yungang Grottoes,Cave 6,"Stupa pillar, south face, lower band.","Yellow pigment on white ground on stone, 3rd figure, east side.",1-4-H
1649,Field Sample 1649,65a467ee-d183-4a4b-8cf7-ada872b6efb9,,,11-CY-91,Francesca Pique,Francesca Pique,,,,1991,1991,Polychrome sculpture,Fragment,Yungang,China,43e2eb0b-477b-40f9-9d43-353c81299c73,,Yungang Grottoes,Cave 6,"Stupa pillar, south face, lower band.","Red on pink ground (UV fluor. Yello.), 3rd figure, east side.",1-4-H
1650,Field Sample 1650,843ee58e-5713-4c22-a7f2-745ca9110192,,,12-CY-91,Francesca Pique,Francesca Pique,,,,1991,1991,Polychrome sculpture,Fragment,Yungang,China,43e2eb0b-477b-40f9-9d43-353c81299c73,,Yungang Grottoes,Cave 6,"Stupa pillar, south face, lower band.","Gray color directly applied on stone, 4th figure, west side.",1-4-H
1651,Field Sample 1651,0896eff3-4b50-4792-830c-c577154f9857,,,13-CY-91,Francesca Pique,Francesca Pique,,,,1991,1991,Polychrome sculpture,Fragment,Yungang,China,43e2eb0b-477b-40f9-9d43-353c81299c73,,Yungang Grottoes,Cave 6,"Stupa pillar, south face, lower band.","Pink flesh tone from face could be trace  of mud plaster, 4th figure, west side.",1-4-H
1652,Field Sample 1652,bf27223a-c922-49dd-9d93-35ba594fd005,,,14-CY-91,Francesca Pique,Francesca Pique,,,,1991,1991,Polychrome sculpture,Fragment,Yungang,China,43e2eb0b-477b-40f9-9d43-353c81299c73,,Yungang Grottoes,Cave 6,,"On flesh probably rests of gliding, on small figures, west side.",1-4-H
1653,Field Sample 1653,dafe6652-1d2f-4d99-9ec9-5b7ea6457868,,,15-CY-91,Francesca Pique,Francesca Pique,,,,1991,1991,Polychrome sculpture,Fragment,Yungang,China,43e2eb0b-477b-40f9-9d43-353c81299c73,,Yungang Grottoes,Cave 6,"Stupa pillar, south face, lower band.","Blue paint layer on white preparation on red on stone, 4th figure, west side.",1-4-H
1654,Field Sample 1654,d0f5d94d-dde0-4b8e-b411-c8149eb22095,,,16-CY-91,Francesca Pique,Francesca Pique,,,,1991,1991,Polychrome sculpture,Fragment,Yungang,China,43e2eb0b-477b-40f9-9d43-353c81299c73,,Yungang Grottoes,Cave 6,"Stupa pillar, south face, lower band.","Green on white ground on stone (UV fluor. Yellow.), 3rd figure, west side.",1-4-H
1655,Field Sample 1655,1756902c-672b-45bf-9fa1-43ae12802b15,,,17-CY-91,Francesca Pique,Francesca Pique,,,,1991,1991,Polychrome sculpture,Fragment,Yungang,China,43e2eb0b-477b-40f9-9d43-353c81299c73,,Yungang Grottoes,Cave 6,"Stupa pillar, south face, lower band.","Red-pink (UV fluor. Yellow.) directly applied on stone, 3rd figure, west side.",1-4-H
1656,Field Sample 1656,8f6d7aa9-91ae-47df-8bf5-75c6ff58e18e,,,18-CY-91,Francesca Pique,Francesca Pique,,,,1991,1991,Polychrome sculpture,Fragment,Yungang,China,43e2eb0b-477b-40f9-9d43-353c81299c73,,Yungang Grottoes,Cave 6,"Stupa pillar, south face, lower band.","Blue on white on green on white on red on stone, 4th figure, west side.",1-4-H
1657,Field Sample 1657,c85d1a68-a08d-472d-bbe2-dd62a935bd05,,,19-CY-91,Francesca Pique,Francesca Pique,,,,1991,1991,Polychrome sculpture,Fragment,Yungang,China,43e2eb0b-477b-40f9-9d43-353c81299c73,,Yungang Grottoes,Cave 6,"Crown, west side, UV fluor.",Yellow paint layer on red on stone.,1-4-H
1658,Field Sample 1658,8f63c06d-71ff-40f5-9e51-d14b0221f123,,,21-CY-91,Francesca Pique,Francesca Pique,,,,1991,1991,Polychrome sculpture,Fragment,Yungang,China,43e2eb0b-477b-40f9-9d43-353c81299c73,,Yungang Grottoes,Cave 6,"Stupa pillar, south face, lower band.","Red paint layer (strong UV fluor. Orange.), 4th figure, west side.",1-4-H
1659,Field Sample 1659,d697ffae-fc16-4599-9cfc-466ead51dace,,,22-CY-91,Francesca Pique,Francesca Pique,,,,1991,1991,Polychrome sculpture,Fragment,Yungang,China,43e2eb0b-477b-40f9-9d43-353c81299c73,,Yungang Grottoes,Cave 6,"Stupa pillar, south face, lower band.","Yellow w/ clay appearance (UV flluor.) on red on stone 2nd figure, west side.",1-4-H
1660,Field Sample 1660,9def5219-8294-43b0-ab90-bdf72ad17955,,,23-CY-91,Francesca Pique,Francesca Pique,,,,1991,1991,Polychrome sculpture,Fragment,Yungang,China,43e2eb0b-477b-40f9-9d43-353c81299c73,,Yungang Grottoes,Cave 6,,"Crown, west side, UV fluor. Yellow paint layer on red on stone.",1-4-H
1661,Field Sample 1661,f65a4a18-9424-4119-b073-2168bdb5f73a,,,24-CY-91,Francesca Pique,Francesca Pique,,,,1991,1991,Polychrome sculpture,Fragment,Yungang,China,43e2eb0b-477b-40f9-9d43-353c81299c73,,Yungang Grottoes,Cave 6,"Stupa pillar, south face, lower band.","Yellow paint layer for beard & hair on yellow ground on stone, 4th figure south.",1-4-H
1662,Field Sample 1662,c28becb9-c500-4ace-99a3-17038d0567e7,,,25-CY-91,Francesca Pique,Francesca Pique,,,,1991,1991,Polychrome sculpture,Fragment,Yungang,China,43e2eb0b-477b-40f9-9d43-353c81299c73,,Yungang Grottoes,Cave 6,"Stupa pillar, south face, lower band.","Red paint layer for beard & hair on yellow ground on stone, 4th figure south.",1-4-H
1663,Field Sample 1663,c643b454-da33-4f90-8544-71e28b74a22f,,,26-CY-91,Francesca Pique,Francesca Pique,,,,1991,1991,Polychrome sculpture,Fragment,Yungang,China,43e2eb0b-477b-40f9-9d43-353c81299c73,,Yungang Grottoes,Cave 6,"Stupa pillar, south face, lower band.","Green halo decoration on 3rd figure south, perhaps on yellow ground.",1-4-H
1664,Field Sample 1664,263c9bd3-ff1f-4bcd-9b7c-7f65d639b59a,,,27-CY-91,Francesca Pique,Francesca Pique,,,,1991,1991,Polychrome sculpture,Fragment,Yungang,China,43e2eb0b-477b-40f9-9d43-353c81299c73,,Yungang Grottoes,Cave 6,"Stupa pillar, south face, lower band.","Black halo decoration on red ground on stone, 3rd figure south.",1-4-H
1665,Field Sample 1665,758ac11b-1844-496f-98e7-8a85eeb006e0,,,28-CY-91,Francesca Pique,Francesca Pique,,,,1991,1991,Polychrome sculpture,Fragment,Yungang,China,43e2eb0b-477b-40f9-9d43-353c81299c73,,Yungang Grottoes,Cave 6,"Stupa pillar, south face, lower band.",Red halo decoration on 3rd figure south.,1-4-H
1666,Field Sample 1666,a2c67e27-ff54-45fb-8f5f-f97301be5a41,,,29-CY-91,Francesca Pique,Francesca Pique,,,,1991,1991,Polychrome sculpture,Fragment,Yungang,China,43e2eb0b-477b-40f9-9d43-353c81299c73,,Yungang Grottoes,Cave 6,"Stupa pillar, south face, lower band.",Small dark remnant on paint layer on the neck of 3rd figure south.,1-4-H
1667,Field Sample 1667,14400401-84d0-44f7-9ddc-72a87a216589,,,30-CY-91,Francesca Pique,Francesca Pique,,,,1991,1991,Polychrome sculpture,Fragment,Yungang,China,43e2eb0b-477b-40f9-9d43-353c81299c73,,Yungang Grottoes,Cave 6,"East wall, bottom story, lower band.","Green paint layer on roof, may be original northern Wei color scheme.",1-4-H
1668,Field Sample 1668,c5230b77-5f54-4be0-a408-fd30ce10c6a5,,,35-CY-91,Francesca Pique,Francesca Pique,,,,1991,1991,Polychrome sculpture,Fragment,Yungang,China,43e2eb0b-477b-40f9-9d43-353c81299c73,,Yungang Grottoes,Cave 6,"Stupa pillar, South face, east corner figure.",Red colored fluorescing varnish.,1-4-H
1669,Field Sample 1669,5cbcb84f-9350-4c05-9474-f19fa02f8483,,,36-CY-91,Francesca Pique,Francesca Pique,,,,1991,1991,Polychrome sculpture,Fragment,Yungang,China,43e2eb0b-477b-40f9-9d43-353c81299c73,,Yungang Grottoes,Cave 6,"Stupa pillar, upper band, south face, east corner figure.",Red colored base on stone.,1-4-H
1670,Field Sample 1670,c2de6ad8-4218-4c36-a9e8-6a963a2797c2,,,37-CY-91,Francesca Pique,Francesca Pique,,,,1991,1991,Polychrome sculpture,Fragment,Yungang,China,43e2eb0b-477b-40f9-9d43-353c81299c73,,Yungang Grottoes,Cave 6,,Red varnished (UV fluor.) paint layer on freen on white prep. on red on stone.,1-4-H
1671,Field Sample 1671,dc053704-7861-48ca-a2c7-0a176e7db609,,,38-CY-91,Francesca Pique,Francesca Pique,,,,1991,1991,Polychrome sculpture,Fragment,Yungang,China,43e2eb0b-477b-40f9-9d43-353c81299c73,,Yungang Grottoes,Cave 6,"East face, south corne figure.",Black repain from belt.,1-4-H
1672,Field Sample 1672,75939b7b-2c89-4971-b8ff-c1c180ed4ca2,,,41-CY-91,Francesca Pique,Francesca Pique,,,,1991,1991,Polychrome sculpture,Fragment,Yungang,China,43e2eb0b-477b-40f9-9d43-353c81299c73,,Yungang Grottoes,Cave 6,"South face, central standing Buddha.","Red paint layer directly applied on stone, underneath paper gilding.",1-4-H
1673,Field Sample 1673,41c50490-59cd-4869-9041-bec9ff19c599,,,42-CY-91,Francesca Pique,Francesca Pique,,,,1991,1991,Polychrome sculpture,Fragment,Yungang,China,43e2eb0b-477b-40f9-9d43-353c81299c73,,Yungang Grottoes,Cave 6,"South face, central standing Buddha.","Red repaint on nine storey padoga, on east corner figure.",1-4-H
1674,Field Sample 1674,c7956208-3c4f-405f-b3ce-c2ac754b9830,,,43-CY-91,Francesca Pique,Francesca Pique,,,,1991,1991,Polychrome sculpture,Fragment,Yungang,China,43e2eb0b-477b-40f9-9d43-353c81299c73,,Yungang Grottoes,Cave 6,"East face, central standing Buddha.",Green overpaint on white ground on red on stone on drapery.,1-4-H
1675,Field Sample 1675,8724ba62-d658-4026-8cc1-5a03e79dcb02,,,44-CY-91,Francesca Pique,Francesca Pique,,,,1991,1991,Polychrome sculpture,Fragment,Yungang,China,43e2eb0b-477b-40f9-9d43-353c81299c73,,Yungang Grottoes,Cave 6,East face. Central standing Buddha.,Red over a dark layer which could be darkened lead.,1-4-H
1676,Field Sample 1676,92bd1ee4-a076-4adf-a3cc-bb36cf9b66ea,,,45-CY-91,Francesca Pique,Francesca Pique,,,,1991,1991,Polychrome sculpture,Fragment,Yungang,China,43e2eb0b-477b-40f9-9d43-353c81299c73,,Yungang Grottoes,Cave 6,"North face, east corner figure.",Green on white on red on stone(black layer over green not sampled.).,1-4-H
1677,Field Sample 1677,96a7f2da-3031-44d4-911c-c4c5ae5e518c,,,46-CY-91,Francesca Pique,Francesca Pique,,,,1991,1991,Polychrome sculpture,Fragment,Yungang,China,43e2eb0b-477b-40f9-9d43-353c81299c73,,Yungang Grottoes,Cave 6,"North face, east corner figure.",Red repaint on nine storey pagoda (weak uv fluor.) west corner figure.,1-4-H
1678,Field Sample 1678,13e9af58-20f9-49e8-970f-7176a43406bc,,,47-CY-91,Francesca Pique,Francesca Pique,,,,1991,1991,Polychrome sculpture,Fragment,Yungang,China,43e2eb0b-477b-40f9-9d43-353c81299c73,,Yungang Grottoes,Cave 6,"Stupa pillar, west face, lower band.",Blue paint layer from halo 4th figure in the west.,1-4-H
1679,Field Sample 1679,07bc625c-2f09-45f8-9dae-bc92b02c7d1d,,,48-CY-91,Francesca Pique,Francesca Pique,,,,1991,1991,Polychrome sculpture,Fragment,Yungang,China,43e2eb0b-477b-40f9-9d43-353c81299c73,,Yungang Grottoes,Cave 6,"Stupa pillar, east face lower band, 4th figure south.",Fragment of fluor. (Yellow-orange.) yellow layer.,1-4-H
1680,Field Sample 1680,390e51b3-d551-4efd-a1b7-40fa0ff2eee4,,,49-CY-91,Francesca Pique,Francesca Pique,,,,1991,1991,Polychrome sculpture,Fragment,Yungang,China,43e2eb0b-477b-40f9-9d43-353c81299c73,,Yungang Grottoes,Cave 6,"Stupa pillar, south face, upper band. Blue repaint on paper support on clay on stone, west corner figure.",,1-4-H
1681,Field Sample 1681,676a2f96-397d-486a-b624-d8c937e626ac,,,50-CY-91,Francesca Pique,Francesca Pique,,,,1991,1991,Polychrome sculpture,Fragment,Yungang,China,43e2eb0b-477b-40f9-9d43-353c81299c73,,Yungang Grottoes,Cave 6,"Stupa pillar, south face, upper band. Blue repaint on paper support on clay on stone, west corner figure.","On dress blue on green on white on stone, on east corner figure.",1-4-H
1682,Field Sample 1682,43f323d4-89ad-4a4f-91ca-a15859394206,,,51-CY-91,Francesca Pique,Francesca Pique,,,,1991,1991,Polychrome sculpture,Fragment,Yungang,China,43e2eb0b-477b-40f9-9d43-353c81299c73,,Yungang Grottoes,Cave 6,"Stupa pillar, south face, upper band.","Dark blue repaint on paper, on east corner figure.",1-4-H
1683,Field Sample 1683,56250b2c-4c5b-4c6b-a462-98f8ba3b15e8,,,52-CY-91,Francesca Pique,Francesca Pique,,,,1991,1991,Polychrome sculpture,Fragment,Yungang,China,43e2eb0b-477b-40f9-9d43-353c81299c73,,Yungang Grottoes,Cave 6,"Stupa pillar, south face, upper band.","Green on white on stone from the crown, on east corner figure.",1-4-H
1684,Field Sample 1684,6e1980fc-a05e-407d-b3f6-fcc8a28cad51,,,53-CY-91,Francesca Pique,Francesca Pique,,,,1991,1991,Polychrome sculpture,Fragment,Yungang,China,43e2eb0b-477b-40f9-9d43-353c81299c73,,Yungang Grottoes,Cave 6,"Window, west splay.",Dark blue on white on stone.,1-4-H
1685,Field Sample 1685,e9512725-593d-41df-9a0c-3aa6a31603e8,,,54-CY-91,Francesca Pique,Francesca Pique,,,,1991,1991,Polychrome sculpture,Fragment,Yungang,China,43e2eb0b-477b-40f9-9d43-353c81299c73,,Yungang Grottoes,Cave 6,,,1-4-H
1686,Field Sample 1686,2f5b955c-7cc9-4482-971c-3a814917d84a,,,55-CY-91,Francesca Pique,Francesca Pique,,,,1991,1991,Polychrome sculpture,Fragment,Yungang,China,43e2eb0b-477b-40f9-9d43-353c81299c73,,Yungang Grottoes,Cave 6,"Stupa, south face, lower band.","Green paint layer, 2nd figure, east, different than green most commonly found",1-4-H
1687,Field Sample 1687,2f8ed128-858a-4544-828e-b449979791fa,,,56-CY-91,Francesca Pique,Francesca Pique,,,,1991,1991,Polychrome sculpture,Fragment,Yungang,China,43e2eb0b-477b-40f9-9d43-353c81299c73,,Yungang Grottoes,Cave 6,"Stupa pillar, south face, lower band.","Dark blue on white on stone from little niche, west side.",1-4-H
1688,Field Sample 1688,410fac71-b0e8-4739-abdf-96e402d2fed7,,,57-CY-92,Francesca Pique,Francesca Pique,,,,1992,1992,Polychrome sculpture,Fragment,Yungang,China,43e2eb0b-477b-40f9-9d43-353c81299c73,,Yungang Grottoes,Cave 6,"West wall, middle band, south niche.","Pale green on mud brown preparation, background color almost totally lost.",1-4-H
1689,Field Sample 1689,d911f4ec-2e58-45ee-a666-597be8db0177,,,58-CY-92,Francesca Pique,Francesca Pique,,,,1992,1992,Polychrome sculpture,Fragment,Yungang,China,43e2eb0b-477b-40f9-9d43-353c81299c73,,Yungang Grottoes,Cave 6,"West wall, middle band, south niche.","Red on stone, base color of decoration above the niche",1-4-H
1690,Field Sample 1690,c102f0be-70f9-48e0-8291-843a55f7fe14,,,59-CY-92,Francesca Pique,Francesca Pique,,,,1992,1992,Polychrome sculpture,Fragment,Yungang,China,43e2eb0b-477b-40f9-9d43-353c81299c73,,Yungang Grottoes,Cave 6,"West wall, middle band, south niche.",Green on mud plaster on seated Buddha,1-4-H
1691,Field Sample 1691,cb583fcc-0dda-4b02-aba1-ef680c5ffe2c,,,60-CY-92,Francesca Pique,Francesca Pique,,,,1992,1992,Polychrome sculpture,Fragment,Yungang,China,43e2eb0b-477b-40f9-9d43-353c81299c73,,Yungang Grottoes,Cave 6,"West wall, middle band, south niche.",Darkened red from Buddha's crown.,1-4-H
1692,Field Sample 1692,57c8f118-310c-48b1-bc26-e8272057d12a,,,61-CY-92,Francesca Pique,Francesca Pique,,,,1992,1992,Polychrome sculpture,Fragment,Yungang,China,43e2eb0b-477b-40f9-9d43-353c81299c73,,Yungang Grottoes,Cave 6,"Stupa pillar, south face, lower band.","White wash ground, on halo of 1st west figure in the upper row.",1-4-H
1693,Field Sample 1693,63e2ea8c-252b-4052-96b3-e81653820428,,,62-CY-92,Francesca Pique,Francesca Pique,,,,1992,1992,Polychrome sculpture,Fragment,Yungang,China,43e2eb0b-477b-40f9-9d43-353c81299c73,,Yungang Grottoes,Cave 6,"Stupa pillar, south face, lower band.",Red on white on gilded remain on right arm of 1st west figure in upper row.,1-4-H
1694,Field Sample 1694,be3a1325-e989-4381-9322-8d086f303cae,,,63-CY-92,Francesca Pique,Francesca Pique,,,,1992,1992,Polychrome sculpture,Fragment,Yungang,China,43e2eb0b-477b-40f9-9d43-353c81299c73,,Yungang Grottoes,Cave 6,"Stupa pillar, south face, lower band.",Black on green on white (sample 8) from hair of 1st west figure in upper row.,1-4-H
1695,Field Sample 1695,4555b6d0-caa4-4780-8740-d544de792178,,,64-CY-92,Francesca Pique,Francesca Pique,,,,1992,1992,Polychrome sculpture,Fragment,Yungang,China,43e2eb0b-477b-40f9-9d43-353c81299c73,,Yungang Grottoes,Cave 6,"Stupa pillar, south face, lower band.",Brilliant green left on corner of halo of 2nd west figure in upper row.,1-4-H
1696,Field Sample 1696,620512b3-b822-4ac9-a36b-77206659995f,,,65-CY-92,Francesca Pique,Francesca Pique,,,,1992,1992,Polychrome sculpture,Fragment,Yungang,China,43e2eb0b-477b-40f9-9d43-353c81299c73,,Yungang Grottoes,Cave 6,"Stupa pillar, south face, lower band.",Gilded rest on dress of 1st west figure in the stories of Buddha's life row.,1-4-H
1697,Field Sample 1697,bc293d31-2326-417f-8c18-5cdf8ee3d0d9,,,66-CY-92,Francesca Pique,Francesca Pique,,,,1992,1992,Polychrome sculpture,Fragment,Yungang,China,43e2eb0b-477b-40f9-9d43-353c81299c73,,Yungang Grottoes,Cave 6,"Stupa pillar, south face, lower band.",Pink from lips of 2nd west figure in upper row.,1-4-H
1698,Field Sample 1698,b4340131-a781-4164-bd2d-e0666b41f8d7,,,67-CY-92,Francesca Pique,Francesca Pique,,,,1992,1992,Polychrome sculpture,Fragment,Yungang,China,43e2eb0b-477b-40f9-9d43-353c81299c73,,Yungang Grottoes,Cave 6,"South wall, lower story, middle niche.",Green from roof decoration below niche.,1-4-H
1699,Field Sample 1699,f0f067d8-6c27-4933-a8ec-a247f23b5b14,,,68-CY-92,Francesca Pique,Francesca Pique,,,,1992,1992,Polychrome sculpture,Fragment,Yungang,China,43e2eb0b-477b-40f9-9d43-353c81299c73,,Yungang Grottoes,Cave 6,"South wall, lower story, middle niche.",Blue from flower on east side decoration of niche.,1-4-H
1700,Field Sample 1700,516a8d9f-2a55-473f-803d-c7882d051955,,,69-CY-92,Francesca Pique,Francesca Pique,,,,1992,1992,Polychrome sculpture,Fragment,Yungang,China,43e2eb0b-477b-40f9-9d43-353c81299c73,,Yungang Grottoes,Cave 6,"South wall, lower story, east niche.",Traces of gilding from missing hand of Buddha.,1-4-H
1701,Field Sample 1701,78a26fd1-d4af-4226-9a7f-64f01844335a,,,70-CY-92,Francesca Pique,Francesca Pique,,,,1992,1992,Polychrome sculpture,Fragment,Yungang,China,43e2eb0b-477b-40f9-9d43-353c81299c73,,Yungang Grottoes,Cave 6,"East wall, lower story, south niche.","Skin tone from flying angel, stone/pink/brown white.",1-4-H
1702,Field Sample 1702,37514df8-9491-4eb6-b542-91c5104e105e,,,71-CY-92,Francesca Pique,Francesca Pique,,,,1992,1992,Polychrome sculpture,Fragment,Yungang,China,43e2eb0b-477b-40f9-9d43-353c81299c73,,Yungang Grottoes,Cave 6,"East wall, lower story, south niche.",Green from Buddha's dress.,1-4-H
1703,Field Sample 1703,c761ced6-f3dd-4451-8950-9acc97cfe0c7,,,72-CY-92,Francesca Pique,Francesca Pique,,,,1992,1992,Polychrome sculpture,Fragment,Yungang,China,43e2eb0b-477b-40f9-9d43-353c81299c73,,Yungang Grottoes,Cave 6,"Stupa pillar, north face, lower band.",Black-blue from dress of 2nd figure east in upper row.,1-4-H
1704,Field Sample 1704,527ea18b-10a2-45c4-9411-667b47c5d8e8,,,73-CY-92,Francesca Pique,Francesca Pique,,,,1992,1992,Polychrome sculpture,Fragment,Yungang,China,43e2eb0b-477b-40f9-9d43-353c81299c73,,Yungang Grottoes,Cave 6,"Stupa pillar, north face, lower band.","Pale green on white, common background color.",1-4-H
1705,Field Sample 1705,fed162d5-ace7-446b-979f-731805de3376,,,74-CY-92,Francesca Pique,Francesca Pique,,,,1992,1992,Polychrome sculpture,Fragment,Yungang,China,43e2eb0b-477b-40f9-9d43-353c81299c73,,Yungang Grottoes,Cave 6,"Stupa pillar, north face, lower band.",Pink color on white on red from stories of Buddha's life now.,1-4-H
1706,Field Sample 1706,a35e94cf-c459-4e27-a2d2-b10169215374,,,75-CY-92,Francesca Pique,Francesca Pique,,,,1992,1992,Polychrome sculpture,Fragment,Yungang,China,43e2eb0b-477b-40f9-9d43-353c81299c73,,Yungang Grottoes,Cave 6,,resin from sample 55-CY-91,1-4-H
1707,Field Sample 1707,3d673e80-8794-4bc8-94b4-5637908c8e63,,,76-CY-92,Francesca Pique,Francesca Pique,,,,1992,1992,Polychrome sculpture,Fragment,Yungang,China,43e2eb0b-477b-40f9-9d43-353c81299c73,,Yungang Grottoes,Cave 6,,resin from sample 35-CY-91,1-4-H
1708,Field Sample 1708,572a19bb-3253-4968-9f7d-0467f47b1f75,,,77-CY-92,Francesca Pique,Francesca Pique,,,,1992,1992,Polychrome sculpture,Fragment,Yungang,China,43e2eb0b-477b-40f9-9d43-353c81299c73,,Yungang Grottoes,Cave 6,,resin from sample 23-CY-91,1-4-H
1709,Field Sample 1709,950fbb8f-258f-4ace-854b-a06bf2155b4f,,,78-CY-92,Francesca Pique,Francesca Pique,,,,1992,1992,Polychrome sculpture,Fragment,Yungang,China,43e2eb0b-477b-40f9-9d43-353c81299c73,,Yungang Grottoes,Cave 6,,resin from sample 21-CY-91,1-4-H
1710,Field Sample 1710,8acb5f80-0691-4303-953e-d0610d3a4d3a,,,79-CY-92,Francesca Pique,Francesca Pique,,,,1992,1992,Polychrome sculpture,Fragment,Yungang,China,43e2eb0b-477b-40f9-9d43-353c81299c73,,Yungang Grottoes,Cave 6,,sample of resin,1-4-H
1711,Field Sample 1711,0817090c-d3d2-4dff-8a33-96d277fff24b,,,80-CY-92,Francesca Pique,Francesca Pique,,,,1992,1992,Polychrome sculpture,Fragment,Yungang,China,43e2eb0b-477b-40f9-9d43-353c81299c73,,Yungang Grottoes,Cave 6,,resin from sample 14-CY-91,1-4-H
1712,Field Sample 1712,6f307717-649f-48e2-837f-48f7eb14e7d1,,,81-CY-92,Francesca Pique,Francesca Pique,,,,1992,1992,Polychrome sculpture,Fragment,Yungang,China,43e2eb0b-477b-40f9-9d43-353c81299c73,,Yungang Grottoes,Cave 6,,resin from sample 64-CY-92,1-4-H
1713,Field Sample 1713,79b23e8d-2c17-4a9b-928c-9373626b44e0,,,82-CY-92,Francesca Pique,Francesca Pique,,,,1992,1992,Polychrome sculpture,Cross-section,Yungang,China,43e2eb0b-477b-40f9-9d43-353c81299c73,,Yungang Grottoes,Cave 6,,cross section of sample 1-CY-91,1-4-H
1714,Field Sample 1714,69b15a48-a09d-446b-812c-e0bc3555c5fe,,,83-CY-92,Francesca Pique,Francesca Pique,,,,1992,1992,Polychrome sculpture,Cross-section,Yungang,China,43e2eb0b-477b-40f9-9d43-353c81299c73,,Yungang Grottoes,Cave 6,,cross section of sample 2-CY-91,1-4-H
1715,Field Sample 1715,adf98993-08d8-41a2-becc-d6918fec963e,,,84-CY-92,Francesca Pique,Francesca Pique,,,,1992,1992,Polychrome sculpture,Cross-section,Yungang,China,43e2eb0b-477b-40f9-9d43-353c81299c73,,Yungang Grottoes,Cave 6,,cross section of sample 2-CY-91,1-4-H
1716,Field Sample 1716,55885f34-0b97-4550-b80c-477eec7d0c2f,,,85-CY-92,Francesca Pique,Francesca Pique,,,,1992,1992,Polychrome sculpture,Cross-section,Yungang,China,43e2eb0b-477b-40f9-9d43-353c81299c73,,Yungang Grottoes,Cave 6,,cross section of sample 2-CY-91,1-4-H
1717,Field Sample 1717,10a52eff-ad33-45e7-a5da-aaee60019510,,,86-CY-92,Francesca Pique,Francesca Pique,,,,1992,1992,Polychrome sculpture,Cross-section,Yungang,China,43e2eb0b-477b-40f9-9d43-353c81299c73,,Yungang Grottoes,Cave 6,,cross section of sample 2-CY-91,1-4-H
1718,Field Sample 1718,a46f93ea-2776-4009-848a-ff7cb6615c4c,,,87-CY-92,Francesca Pique,Francesca Pique,,,,1992,1992,Polychrome sculpture,Cross-section,Yungang,China,43e2eb0b-477b-40f9-9d43-353c81299c73,,Yungang Grottoes,Cave 6,,cross section of sample 3-CY-91,1-4-H
1719,Field Sample 1719,44fbf810-127b-4ba8-8bb8-00d8b48017c0,,,88-CY-92,Francesca Pique,Francesca Pique,,,,1992,1992,Polychrome sculpture,Cross-section,Yungang,China,43e2eb0b-477b-40f9-9d43-353c81299c73,,Yungang Grottoes,Cave 6,,cross section of sample 3-CY-91,1-4-H
1720,Field Sample 1720,7d218164-4471-484f-b3c4-ac50ffc80854,,,89-CY-92,Francesca Pique,Francesca Pique,,,,1992,1992,Polychrome sculpture,Cross-section,Yungang,China,43e2eb0b-477b-40f9-9d43-353c81299c73,,Yungang Grottoes,Cave 6,,cross section of sample 4-CY-92,1-4-H
1721,Field Sample 1721,196616f5-985b-48f0-ad77-2d5542e90814,,,90-CY-92,Francesca Pique,Francesca Pique,,,,1992,1992,Polychrome sculpture,Cross-section,Yungang,China,43e2eb0b-477b-40f9-9d43-353c81299c73,,Yungang Grottoes,Cave 6,,cross section of sample 5-CY-91,1-4-H
1722,Field Sample 1722,1bdc831b-eb90-41f8-9b82-2dc15289160a,,,91-CY-92,Francesca Pique,Francesca Pique,,,,1992,1992,Polychrome sculpture,Cross-section,Yungang,China,43e2eb0b-477b-40f9-9d43-353c81299c73,,Yungang Grottoes,Cave 6,,cross section of sample 6-CY-91,1-4-H
1723,Field Sample 1723,22526306-c408-4041-a4ad-48653ca7aa6b,,,92-CY-92,Francesca Pique,Francesca Pique,,,,1992,1992,Polychrome sculpture,Cross-section,Yungang,China,43e2eb0b-477b-40f9-9d43-353c81299c73,,Yungang Grottoes,Cave 6,,cross section of sample 8-CY-91,1-4-H
1724,Field Sample 1724,06197ac8-cb0c-489f-a317-b8e21de75ab4,,,93-CY-92,Francesca Pique,Francesca Pique,,,,1992,1992,Polychrome sculpture,Cross-section,Yungang,China,43e2eb0b-477b-40f9-9d43-353c81299c73,,Yungang Grottoes,Cave 6,,cross section of sample 9-CY-91,1-4-H
1725,Field Sample 1725,03112358-70cb-43de-a22f-63fb44094206,,,94-CY-92,Francesca Pique,Francesca Pique,,,,1992,1992,Polychrome sculpture,Cross-section,Yungang,China,43e2eb0b-477b-40f9-9d43-353c81299c73,,Yungang Grottoes,Cave 6,,cross section of sample 10-CY-91,1-4-H
1726,Field Sample 1726,12c26db2-526c-4b36-9388-c1e57eb905f9,,,95-CY-92,Francesca Pique,Francesca Pique,,,,1992,1992,Polychrome sculpture,Cross-section,Yungang,China,43e2eb0b-477b-40f9-9d43-353c81299c73,,Yungang Grottoes,Cave 6,,cross section of sample 11-CY-91,1-4-H
1727,Field Sample 1727,43b34560-5b17-44e4-b463-3324b307266a,,,96-CY-92,Francesca Pique,Francesca Pique,,,,1992,1992,Polychrome sculpture,Cross-section,Yungang,China,43e2eb0b-477b-40f9-9d43-353c81299c73,,Yungang Grottoes,Cave 6,,cross section of sample 12-CY-91,1-4-H
1728,Field Sample 1728,226d7deb-3ce4-40b6-8e9c-7db4f1e18970,,,97-CY-92,Francesca Pique,Francesca Pique,,,,1992,1992,Polychrome sculpture,Cross-section,Yungang,China,43e2eb0b-477b-40f9-9d43-353c81299c73,,Yungang Grottoes,Cave 6,,cross section of sample 13-CY-91,1-4-H
1729,Field Sample 1729,40909197-1e69-46fd-9a73-7d1b2dafe46d,,,98-CY-92,Francesca Pique,Francesca Pique,,,,1992,1992,Polychrome sculpture,Cross-section,Yungang,China,43e2eb0b-477b-40f9-9d43-353c81299c73,,Yungang Grottoes,Cave 6,,cross section of sample 15-CY-91,1-4-H
1730,Field Sample 1730,492bd1b9-180f-4d7a-ae28-c7e7f6476337,,,99-CY-92,Francesca Pique,Francesca Pique,,,,1992,1992,Polychrome sculpture,Cross-section,Yungang,China,43e2eb0b-477b-40f9-9d43-353c81299c73,,Yungang Grottoes,Cave 6,,cross section of sample 15-CY-91,1-4-H
1731,Field Sample 1731,2e7b434c-bc4c-4543-a6f5-1eaa94aa0d1e,,,100-CY-92,Francesca Pique,Francesca Pique,,,,1992,1992,Polychrome sculpture,Cross-section,Yungang,China,43e2eb0b-477b-40f9-9d43-353c81299c73,,Yungang Grottoes,Cave 6,,cross section of sample 15-CY-91,1-4-H
1732,Field Sample 1732,e49d9a2c-7f7c-4c06-8abe-7a6707daa84d,,,101-CY-92,Francesca Pique,Francesca Pique,,,,1992,1992,Polychrome sculpture,Cross-section,Yungang,China,43e2eb0b-477b-40f9-9d43-353c81299c73,,Yungang Grottoes,Cave 6,,cross section of sample 15-CY-91,1-4-H
1733,Field Sample 1733,b57f3954-98b0-4a76-b2f7-136149c1eb5d,,,102-CY-92,Francesca Pique,Francesca Pique,,,,1992,1992,Polychrome sculpture,Cross-section,Yungang,China,43e2eb0b-477b-40f9-9d43-353c81299c73,,Yungang Grottoes,Cave 6,,cross section of sample 15-CY-91,1-4-H
1734,Field Sample 1734,10cca9ac-3a35-414b-9a17-3c628c6917bc,,,103-CY-92,Francesca Pique,Francesca Pique,,,,1992,1992,Polychrome sculpture,Cross-section,Yungang,China,43e2eb0b-477b-40f9-9d43-353c81299c73,,Yungang Grottoes,Cave 6,,cross section of sample 16-CY-91,1-4-H
1735,Field Sample 1735,41275334-727f-4635-8ce5-58ed1808d75e,,,104-CY-92,Francesca Pique,Francesca Pique,,,,1992,1992,Polychrome sculpture,Cross-section,Yungang,China,43e2eb0b-477b-40f9-9d43-353c81299c73,,Yungang Grottoes,Cave 6,,cross section of sample 17-CY-91,1-4-H
1736,Field Sample 1736,48586f64-60a0-407f-a83e-d37a20be6e26,,,105-CY-92,Francesca Pique,Francesca Pique,,,,1992,1992,Polychrome sculpture,Cross-section,Yungang,China,43e2eb0b-477b-40f9-9d43-353c81299c73,,Yungang Grottoes,Cave 6,,cross section of sample 18-CY-91,1-4-H
1737,Field Sample 1737,797c7826-4bdc-47f9-bfba-043cf1679951,,,106-CY-92,Francesca Pique,Francesca Pique,,,,1992,1992,Polychrome sculpture,Cross-section,Yungang,China,43e2eb0b-477b-40f9-9d43-353c81299c73,,Yungang Grottoes,Cave 6,,cross section of sample 18-CY-91,1-4-H
1738,Field Sample 1738,56090cc5-2c54-476d-84ce-807b4ed706bb,,,107-CY-92,Francesca Pique,Francesca Pique,,,,1992,1992,Polychrome sculpture,Cross-section,Yungang,China,43e2eb0b-477b-40f9-9d43-353c81299c73,,Yungang Grottoes,Cave 6,,cross section of sample 18-CY-91,1-4-H
1739,Field Sample 1739,67c9e13f-e384-457a-8df5-1628d5926ada,,,108-CY-92,Francesca Pique,Francesca Pique,,,,1992,1992,Polychrome sculpture,Cross-section,Yungang,China,43e2eb0b-477b-40f9-9d43-353c81299c73,,Yungang Grottoes,Cave 6,,cross section of sample 18-CY-91,1-4-H
1740,Field Sample 1740,0489c858-16cd-4081-87ef-dacd97215b08,,,109-CY-92,Francesca Pique,Francesca Pique,,,,1992,1992,Polychrome sculpture,Cross-section,Yungang,China,43e2eb0b-477b-40f9-9d43-353c81299c73,,Yungang Grottoes,Cave 6,,cross section of sample 19-CY-91,1-4-H
1741,Field Sample 1741,dfeb5f20-4a36-47e6-882e-699261bafe30,,,110-CY-92,Francesca Pique,Francesca Pique,,,,1992,1992,Polychrome sculpture,Cross-section,Yungang,China,43e2eb0b-477b-40f9-9d43-353c81299c73,,Yungang Grottoes,Cave 6,,cross section of sample 19-CY-91,1-4-H
1742,Field Sample 1742,28408e91-85cd-4e1f-86c0-2b83d3e8d1a8,,,111-CY-92,Francesca Pique,Francesca Pique,,,,1992,1992,Polychrome sculpture,Cross-section,Yungang,China,43e2eb0b-477b-40f9-9d43-353c81299c73,,Yungang Grottoes,Cave 6,,cross section of sample 21-CY-91,1-4-H
1743,Field Sample 1743,e2020b36-236e-44fe-94ba-a8f1abe7c55e,,,112-CY-92,Francesca Pique,Francesca Pique,,,,1992,1992,Polychrome sculpture,Cross-section,Yungang,China,43e2eb0b-477b-40f9-9d43-353c81299c73,,Yungang Grottoes,Cave 6,,cross section of sample 21-CY-91,1-4-H
1744,Field Sample 1744,4f895232-4dea-4d4a-b10e-bbfc0592093f,,,113-CY-92,Francesca Pique,Francesca Pique,,,,1992,1992,Polychrome sculpture,Cross-section,Yungang,China,43e2eb0b-477b-40f9-9d43-353c81299c73,,Yungang Grottoes,Cave 6,,cross section of sample 22-CY-91,1-4-H
1745,Field Sample 1745,0bf728c3-2446-4809-9a2a-d82775383fd4,,,114-CY-92,Francesca Pique,Francesca Pique,,,,1992,1992,Polychrome sculpture,Cross-section,Yungang,China,43e2eb0b-477b-40f9-9d43-353c81299c73,,Yungang Grottoes,Cave 6,,cross section of sample 23-CY-91,1-4-H
1746,Field Sample 1746,2d596c93-ba1c-4554-8e67-0765c7577cb0,,,115-CY-92,Francesca Pique,Francesca Pique,,,,1992,1992,Polychrome sculpture,Cross-section,Yungang,China,43e2eb0b-477b-40f9-9d43-353c81299c73,,Yungang Grottoes,Cave 6,,cross section of sample 24-CY-91,1-4-H
1747,Field Sample 1747,7f7df4e1-43d0-4745-97e6-e5db5939ab3b,,,116-CY-92,Francesca Pique,Francesca Pique,,,,1992,1992,Polychrome sculpture,Cross-section,Yungang,China,43e2eb0b-477b-40f9-9d43-353c81299c73,,Yungang Grottoes,Cave 6,,cross section of sample 24-CY-91,1-4-H
1748,Field Sample 1748,e617cbc3-2f41-4019-ae7f-f15fe6cec48b,,,117-CY-92,Francesca Pique,Francesca Pique,,,,1992,1992,Polychrome sculpture,Cross-section,Yungang,China,43e2eb0b-477b-40f9-9d43-353c81299c73,,Yungang Grottoes,Cave 6,,cross section of sample 25-CY-91,1-4-H
1749,Field Sample 1749,1e3fdb21-f942-4e8c-803e-cbf9c7f10588,,,118-CY-92,Francesca Pique,Francesca Pique,,,,1992,1992,Polychrome sculpture,Cross-section,Yungang,China,43e2eb0b-477b-40f9-9d43-353c81299c73,,Yungang Grottoes,Cave 6,,cross section of sample 26-CY-91,1-4-H
1750,Field Sample 1750,a0caf2bf-6d44-4f50-bacd-38fd885cd8bc,,,119-CY-92,Francesca Pique,Francesca Pique,,,,1992,1992,Polychrome sculpture,Cross-section,Yungang,China,43e2eb0b-477b-40f9-9d43-353c81299c73,,Yungang Grottoes,Cave 6,,cross section of sample 27-CY-91,1-4-H
1751,Field Sample 1751,b112b315-c645-4ca4-955b-ee3103d382ca,,,120-CY-92,Francesca Pique,Francesca Pique,,,,1992,1992,Polychrome sculpture,Cross-section,Yungang,China,43e2eb0b-477b-40f9-9d43-353c81299c73,,Yungang Grottoes,Cave 6,,cross section of sample 28-CY-91,1-4-H
1752,Field Sample 1752,6a7a1bbe-7f12-40d3-9a5a-45906f95b2ef,,,121-CY-92,Francesca Pique,Francesca Pique,,,,1992,1992,Polychrome sculpture,Cross-section,Yungang,China,43e2eb0b-477b-40f9-9d43-353c81299c73,,Yungang Grottoes,Cave 6,,cross section of sample 29-CY-91,1-4-H
1753,Field Sample 1753,2905fcca-f155-40ec-a481-b6dc3a2e1866,,,122-CY-92,Francesca Pique,Francesca Pique,,,,1992,1992,Polychrome sculpture,Cross-section,Yungang,China,43e2eb0b-477b-40f9-9d43-353c81299c73,,Yungang Grottoes,Cave 6,,cross section of sample 30-CY-91,1-4-H
1754,Field Sample 1754,d8edb844-9df5-4db6-b497-43673aa63f5a,,,123-CY-92,Francesca Pique,Francesca Pique,,,,1992,1992,Polychrome sculpture,Cross-section,Yungang,China,43e2eb0b-477b-40f9-9d43-353c81299c73,,Yungang Grottoes,Cave 6,,cross section of sample 35-CY-91,1-4-H
1755,Field Sample 1755,154643c4-2202-49dd-9b81-d5bf56a9751c,,,124-CY-92,Francesca Pique,Francesca Pique,,,,1992,1992,Polychrome sculpture,Cross-section,Yungang,China,43e2eb0b-477b-40f9-9d43-353c81299c73,,Yungang Grottoes,Cave 6,,cross section of sample 36-CY-91,1-4-H
1756,Field Sample 1756,bd349597-6ed9-4b1e-bf2c-b8c881ab8ae7,,,125-CY-92,Francesca Pique,Francesca Pique,,,,1992,1992,Polychrome sculpture,Cross-section,Yungang,China,43e2eb0b-477b-40f9-9d43-353c81299c73,,Yungang Grottoes,Cave 6,,cross section of sample 37-CY-91,1-4-H
1757,Field Sample 1757,577e4598-ea0d-4d7f-9ec6-c85c7612b15e,,,126-CY-92,Francesca Pique,Francesca Pique,,,,1992,1992,Polychrome sculpture,Cross-section,Yungang,China,43e2eb0b-477b-40f9-9d43-353c81299c73,,Yungang Grottoes,Cave 6,,cross section of sample 37-CY-91,1-4-H
1758,Field Sample 1758,0fa5a65d-6fb2-402b-a799-2072d9162e31,,,127-CY-92,Francesca Pique,Francesca Pique,,,,1992,1992,Polychrome sculpture,Cross-section,Yungang,China,43e2eb0b-477b-40f9-9d43-353c81299c73,,Yungang Grottoes,Cave 6,,cross section of sample 38-CY-91,1-4-H
1759,Field Sample 1759,debc440c-1ce4-4d3c-bc9e-a48e6448af3a,,,128-CY-92,Francesca Pique,Francesca Pique,,,,1992,1992,Polychrome sculpture,Cross-section,Yungang,China,43e2eb0b-477b-40f9-9d43-353c81299c73,,Yungang Grottoes,Cave 6,,cross section of sample 41-CY-91,1-4-H
1760,Field Sample 1760,f6c13bd1-d3d3-41db-8ede-74ff9f9dde93,,,129-CY-92,Francesca Pique,Francesca Pique,,,,1992,1992,Polychrome sculpture,Cross-section,Yungang,China,43e2eb0b-477b-40f9-9d43-353c81299c73,,Yungang Grottoes,Cave 6,,cross section of sample 42-CY-91,1-4-H
1761,Field Sample 1761,ae8c9b2f-e0ce-4919-9855-70df93f3a775,,,130-CY-92,Francesca Pique,Francesca Pique,,,,1992,1992,Polychrome sculpture,Cross-section,Yungang,China,43e2eb0b-477b-40f9-9d43-353c81299c73,,Yungang Grottoes,Cave 6,,cross section of sample 42-CY-91,1-4-H
1762,Field Sample 1762,fa226bff-89a0-4022-abd7-37e705452557,,,131-CY-92,Francesca Pique,Francesca Pique,,,,1992,1992,Polychrome sculpture,Cross-section,Yungang,China,43e2eb0b-477b-40f9-9d43-353c81299c73,,Yungang Grottoes,Cave 6,,cross section of sample 43-CY-91,1-4-H
1763,Field Sample 1763,03aa8b95-f567-445d-a47d-ce1e2cc9f4d6,,,132-CY-92,Francesca Pique,Francesca Pique,,,,1992,1992,Polychrome sculpture,Cross-section,Yungang,China,43e2eb0b-477b-40f9-9d43-353c81299c73,,Yungang Grottoes,Cave 6,,cross section of sample 44-CY-91,1-4-H
1764,Field Sample 1764,8fed5c81-d26c-4c44-b9e4-53b54cf16d70,,,133-CY-92,Francesca Pique,Francesca Pique,,,,1992,1992,Polychrome sculpture,Cross-section,Yungang,China,43e2eb0b-477b-40f9-9d43-353c81299c73,,Yungang Grottoes,Cave 6,,cross section of sample 45-CY-91,1-4-H
1765,Field Sample 1765,6c6e4c13-fa3e-4c10-9aab-b85a7f061b59,,,134-CY-92,Francesca Pique,Francesca Pique,,,,1992,1992,Polychrome sculpture,Cross-section,Yungang,China,43e2eb0b-477b-40f9-9d43-353c81299c73,,Yungang Grottoes,Cave 6,,cross section of sample 45-CY-91,1-4-H
1766,Field Sample 1766,ad8e82cd-3f9b-41a9-aca1-39de83cf900a,,,135-CY-92,Francesca Pique,Francesca Pique,,,,1992,1992,Polychrome sculpture,Cross-section,Yungang,China,43e2eb0b-477b-40f9-9d43-353c81299c73,,Yungang Grottoes,Cave 6,,cross section of sample 46-CY-91,1-4-H
1767,Field Sample 1767,bce585e0-59e1-41bb-b961-9fea3bbde0ad,,,136-CY-92,Francesca Pique,Francesca Pique,,,,1992,1992,Polychrome sculpture,Cross-section,Yungang,China,43e2eb0b-477b-40f9-9d43-353c81299c73,,Yungang Grottoes,Cave 6,,cross section of sample 46-CY-91,1-4-H
1768,Field Sample 1768,b082fbce-c015-43c2-b7e9-88972f5524c1,,,137-CY-92,Francesca Pique,Francesca Pique,,,,1992,1992,Polychrome sculpture,Cross-section,Yungang,China,43e2eb0b-477b-40f9-9d43-353c81299c73,,Yungang Grottoes,Cave 6,,cross section of sample 47-CY-91,1-4-H
1769,Field Sample 1769,55aa156d-95ce-42aa-a89a-ec7b26100d8b,,,138-CY-92,Francesca Pique,Francesca Pique,,,,1992,1992,Polychrome sculpture,Cross-section,Yungang,China,43e2eb0b-477b-40f9-9d43-353c81299c73,,Yungang Grottoes,Cave 6,,cross section of sample 48-CY-91,1-4-H
1770,Field Sample 1770,cb636460-7f32-4d93-8a15-9917c42052e2,,,139-CY-92,Francesca Pique,Francesca Pique,,,,1992,1992,Polychrome sculpture,Cross-section,Yungang,China,43e2eb0b-477b-40f9-9d43-353c81299c73,,Yungang Grottoes,Cave 6,,cross section of sample 49-CY-91,1-4-H
1771,Field Sample 1771,48fadc6e-48c3-4130-90f9-532f8c3fb657,,,140-CY-92,Francesca Pique,Francesca Pique,,,,1992,1992,Polychrome sculpture,Cross-section,Yungang,China,43e2eb0b-477b-40f9-9d43-353c81299c73,,Yungang Grottoes,Cave 6,,cross section of sample 50-CY-91,1-4-H
1772,Field Sample 1772,ec050139-d39f-4cdc-af41-c897daa34032,,,141-CY-92,Francesca Pique,Francesca Pique,,,,1992,1992,Polychrome sculpture,Cross-section,Yungang,China,43e2eb0b-477b-40f9-9d43-353c81299c73,,Yungang Grottoes,Cave 6,,cross section of sample 51-CY-91,1-4-H
1773,Field Sample 1773,c0d1bb83-9f88-47fa-b088-ff0f81cbccf7,,,142-CY-92,Francesca Pique,Francesca Pique,,,,1992,1992,Polychrome sculpture,Cross-section,Yungang,China,43e2eb0b-477b-40f9-9d43-353c81299c73,,Yungang Grottoes,Cave 6,,cross section of sample 52-CY-91,1-4-H
1774,Field Sample 1774,c3d20f2e-45d3-4344-907a-06bad8e38b31,,,143-CY-92,Francesca Pique,Francesca Pique,,,,1992,1992,Polychrome sculpture,Cross-section,Yungang,China,43e2eb0b-477b-40f9-9d43-353c81299c73,,Yungang Grottoes,Cave 6,,cross section of sample 53-CY-91,1-4-H
1775,Field Sample 1775,5cdea197-f7e6-4069-9183-3e9b84f8ec46,,,144-CY-92,Francesca Pique,Francesca Pique,,,,1992,1992,Polychrome sculpture,Cross-section,Yungang,China,43e2eb0b-477b-40f9-9d43-353c81299c73,,Yungang Grottoes,Cave 6,,cross section of sample 54-CY-91,1-4-H
1776,Field Sample 1776,63d551a6-8af7-4847-b3f1-890e3f5461f4,,,145-CY-92,Francesca Pique,Francesca Pique,,,,1992,1992,Polychrome sculpture,Cross-section,Yungang,China,43e2eb0b-477b-40f9-9d43-353c81299c73,,Yungang Grottoes,Cave 6,,cross section of sample 55-CY-91,1-4-H
1777,Field Sample 1777,130393d8-5f8a-4a26-8ed0-b2f4f11ff016,,,146-CY-92,Francesca Pique,Francesca Pique,,,,1992,1992,Polychrome sculpture,Cross-section,Yungang,China,43e2eb0b-477b-40f9-9d43-353c81299c73,,Yungang Grottoes,Cave 6,,cross section of sample 56-CY-91,1-4-H
1778,Field Sample 1778,6996573c-5181-480b-8dae-8ac079f791f7,,,147-CY-92,Francesca Pique,Francesca Pique,,,,1992,1992,Polychrome sculpture,Cross-section,Yungang,China,43e2eb0b-477b-40f9-9d43-353c81299c73,,Yungang Grottoes,Cave 6,,cross section,1-4-H
1779,Field Sample 1779,18076421-f5e5-400e-8896-e3b70c3600c4,,,148-CY-92,Francesca Pique,Francesca Pique,,,,1992,1992,Polychrome sculpture,Cross-section,Yungang,China,43e2eb0b-477b-40f9-9d43-353c81299c73,,Yungang Grottoes,Cave 6,,cross section,1-4-H
1780,Field Sample 1780,e3b17e90-18fa-4ed2-8246-aab364f8f718,,,149-CY-92,Francesca Pique,Francesca Pique,,,,1992,1992,Polychrome sculpture,Cross-section,Yungang,China,43e2eb0b-477b-40f9-9d43-353c81299c73,,Yungang Grottoes,Cave 6,,cross section,1-4-H
1781,Field Sample 1781,e26c7ebd-370a-4200-acd8-911f38aac1f5,,,150-CY-92,Francesca Pique,Francesca Pique,,,,1992,1992,Polychrome sculpture,Cross-section,Yungang,China,43e2eb0b-477b-40f9-9d43-353c81299c73,,Yungang Grottoes,Cave 6,,cross section of 35-CY-91,1-4-H
1782,Field Sample 1782,a2372bfa-216a-4262-8932-af8b9504be05,,,151-CY-92,Francesca Pique,Francesca Pique,,,,1992,1992,Polychrome sculpture,Cross-section,Yungang,China,43e2eb0b-477b-40f9-9d43-353c81299c73,,Yungang Grottoes,Cave 6,,cross section of 35-CY-91,1-4-H
1783,Field Sample 1783,cbdef8dd-e1eb-4e5c-be2a-c48f189b5c25,,,152-CY-92,Francesca Pique,Francesca Pique,,,,1992,1992,Polychrome sculpture,Cross-section,Yungang,China,43e2eb0b-477b-40f9-9d43-353c81299c73,,Yungang Grottoes,Cave 6,,cross section of 57-CY-92,1-4-H
1784,Field Sample 1784,284750ad-bebc-46f6-9d64-828c76d6c51f,,,153-CY-92,Francesca Pique,Francesca Pique,,,,1992,1992,Polychrome sculpture,Cross-section,Yungang,China,43e2eb0b-477b-40f9-9d43-353c81299c73,,Yungang Grottoes,Cave 6,,cross section of 58-CY-92,1-4-H
1785,Field Sample 1785,ddbd7aff-ead3-455c-adc3-46a5a5b1a116,,,154-CY-92,Francesca Pique,Francesca Pique,,,,1992,1992,Polychrome sculpture,Cross-section,Yungang,China,43e2eb0b-477b-40f9-9d43-353c81299c73,,Yungang Grottoes,Cave 6,,cross section of 60-CY-92,1-4-H
1786,Field Sample 1786,a1f2c234-f70a-4b5f-8af1-b8a2067ac351,,,155-CY-92,Francesca Pique,Francesca Pique,,,,1992,1992,Polychrome sculpture,Cross-section,Yungang,China,43e2eb0b-477b-40f9-9d43-353c81299c73,,Yungang Grottoes,Cave 6,,cross section of 62-CY-92,1-4-H
1787,Field Sample 1787,a829bb10-fbb7-4f4a-8656-ad91d4ce1682,,,156-CY-92,Francesca Pique,Francesca Pique,,,,1992,1992,Polychrome sculpture,Cross-section,Yungang,China,43e2eb0b-477b-40f9-9d43-353c81299c73,,Yungang Grottoes,Cave 6,,cross section of 65-CY-92,1-4-H
1788,Field Sample 1788,4e2ed24a-75f1-4ef6-9db6-88dd0053d502,,,157-CY-92,Francesca Pique,Francesca Pique,,,,1992,1992,Polychrome sculpture,Cross-section,Yungang,China,43e2eb0b-477b-40f9-9d43-353c81299c73,,Yungang Grottoes,Cave 6,,cross section of sample 66-CY-92,1-4-H
1789,Field Sample 1789,57473e18-207f-4102-bd6e-b52e019badaa,,,158-CY-92,Francesca Pique,Francesca Pique,,,,1992,1992,Polychrome sculpture,Cross-section,Yungang,China,43e2eb0b-477b-40f9-9d43-353c81299c73,,Yungang Grottoes,Cave 6,,cross section of sample 68-CY-92,1-4-H
1790,Field Sample 1790,21f7e3b3-4760-4721-aaa9-0e6e170df514,,,159-CY-92,Francesca Pique,Francesca Pique,,,,1992,1992,Polychrome sculpture,Cross-section,Yungang,China,43e2eb0b-477b-40f9-9d43-353c81299c73,,Yungang Grottoes,Cave 6,,cross section,1-4-H
1791,Field Sample 1791,372ed8ea-2512-4796-8a95-cc72315c261b,,,160-CY-92,Francesca Pique,Francesca Pique,,,,1992,1992,Polychrome sculpture,Cross-section,Yungang,China,43e2eb0b-477b-40f9-9d43-353c81299c73,,Yungang Grottoes,Cave 6,,cross section,1-4-H
1792,Field Sample 1792,b78aa6dd-d5b3-4131-b151-0052df14f4fe,,,161-CY-92,Francesca Pique,Francesca Pique,,,,1992,1992,Polychrome sculpture,Cross-section,Yungang,China,43e2eb0b-477b-40f9-9d43-353c81299c73,,Yungang Grottoes,Cave 6,,cross section of sample 74-CY-92,1-4-H
1793,Field Sample 1793,ccc6f3fe-9a82-4be4-9a76-932585ddedf4,,,162-CY-91,Francesca Pique,Francesca Pique,,,,1991,1991,Polychrome sculpture,Cross-section,Yungang,China,43e2eb0b-477b-40f9-9d43-353c81299c73,,Yungang Grottoes,Cave 6,,resin from sample 1-CY-91,1-4-H
1794,Field Sample 1794,ab609289-55d5-4ec9-948f-9e7f773fe38a,,,163-CY-91,Francesca Pique,Francesca Pique,,,,1991,1991,Polychrome sculpture,Cross-section,Yungang,China,43e2eb0b-477b-40f9-9d43-353c81299c73,,Yungang Grottoes,Cave 6,,resin from sample 58-CY-92,1-4-H
1795,Field Sample 1795,55495243-6a86-4110-83e1-7e2721a310e4,,,164-CY-91,Francesca Pique,Francesca Pique,,,,1991,1991,Polychrome sculpture,Fragment,Yungang,China,43e2eb0b-477b-40f9-9d43-353c81299c73,,Yungang Grottoes,Cave 6,,resin from smaple 589-CY-92,1-4-H
1796,Field Sample 1796,af4e22b5-5d55-4af2-8026-1bbec1ce4945,,,165-CY-91,Francesca Pique,Francesca Pique,,,,1991,1991,Polychrome sculpture,Fragment,Yungang,China,43e2eb0b-477b-40f9-9d43-353c81299c73,,Yungang Grottoes,Cave 6,,resin from sample 5-CY-91,1-4-H
1797,Field Sample 1797,68559a11-d0aa-4e10-b95a-6b375e7a14eb,,,166-CY-91,Francesca Pique,Francesca Pique,,,,1991,1991,Polychrome sculpture,Fragment,Yungang,China,43e2eb0b-477b-40f9-9d43-353c81299c73,,Yungang Grottoes,Cave 6,,resin from sample 60-CY-92,1-4-H
1798,Field Sample 1798,2d8f40f8-bbf2-4ef4-9916-446b0ed3e758,,,167-CY-91,Francesca Pique,Francesca Pique,,,,1991,1991,Polychrome sculpture,Fragment,Yungang,China,43e2eb0b-477b-40f9-9d43-353c81299c73,,Yungang Grottoes,Cave 6,,resin from sample 61-CY-92,1-4-H
1799,Field Sample 1799,fda7cda7-3135-4d7b-ad71-2d3d22aa1b3e,,,168-CY-91,Francesca Pique,Francesca Pique,,,,1991,1991,Polychrome sculpture,Fragment,Yungang,China,43e2eb0b-477b-40f9-9d43-353c81299c73,,Yungang Grottoes,Cave 6,,resin from sample 62-CY-92,1-4-H
1800,Field Sample 1800,ab92dafa-7b1f-4c06-aef3-c262e5268959,,,169-CY-91,Francesca Pique,Francesca Pique,,,,1991,1991,Polychrome sculpture,Fragment,Yungang,China,43e2eb0b-477b-40f9-9d43-353c81299c73,,Yungang Grottoes,Cave 6,,resin from sample 64-CY-92,1-4-H
1801,Field Sample 1801,06b672c0-4704-482a-bb79-72427d8d5b70,,,170-CY-91,Francesca Pique,Francesca Pique,,,,1991,1991,Polychrome sculpture,Fragment,Yungang,China,43e2eb0b-477b-40f9-9d43-353c81299c73,,Yungang Grottoes,Cave 6,,resin from sample 13-CY-91,1-4-H
1802,Field Sample 1802,ff6a16d2-2bf6-490e-ac3d-5e26c787ee41,,,171-CY-91,Francesca Pique,Francesca Pique,,,,1991,1991,Polychrome sculpture,Fragment,Yungang,China,43e2eb0b-477b-40f9-9d43-353c81299c73,,Yungang Grottoes,Cave 6,,resin from sample 66-CY-92,1-4-H
1803,Field Sample 1803,d890a00e-4911-4124-9b60-260a9fd9be28,,,172-CY-91,Francesca Pique,Francesca Pique,,,,1991,1991,Polychrome sculpture,Fragment,Yungang,China,43e2eb0b-477b-40f9-9d43-353c81299c73,,Yungang Grottoes,Cave 6,,resin from sample 68-CY-92,1-4-H
1804,Field Sample 1804,04d520eb-14ca-4f84-a892-722c7b461dde,,,173-CY-91,Francesca Pique,Francesca Pique,,,,1991,1991,Polychrome sculpture,Fragment,Yungang,China,43e2eb0b-477b-40f9-9d43-353c81299c73,,Yungang Grottoes,Cave 6,,resin from sample 23-CY-91,1-4-H
1805,Field Sample 1805,70f6ae70-be9c-450f-83e4-8b85ab2bbfb5,,,174-CY-91,Francesca Pique,Francesca Pique,,,,1991,1991,Polychrome sculpture,Fragment,Yungang,China,43e2eb0b-477b-40f9-9d43-353c81299c73,,Yungang Grottoes,Cave 6,,resin from sample 71-CY-92,1-4-H
1806,Field Sample 1806,372e2247-8167-4bca-85a4-bf151548f30d,,,175-CY-91,Francesca Pique,Francesca Pique,,,,1991,1991,Polychrome sculpture,Fragment,Yungang,China,43e2eb0b-477b-40f9-9d43-353c81299c73,,Yungang Grottoes,Cave 6,,resin from sample 25-CY-91,1-4-H
1807,Field Sample 1807,2c661502-42f8-40a2-a407-25275ae8a494,,,176-CY-91,Francesca Pique,Francesca Pique,,,,1991,1991,Polychrome sculpture,Fragment,Yungang,China,43e2eb0b-477b-40f9-9d43-353c81299c73,,Yungang Grottoes,Cave 6,,resin from sample 26-CY-91,1-4-H
1808,Field Sample 1808,9e597582-60c3-4ba5-9815-3b91e0d942a7,,,177-CY-91,Francesca Pique,Francesca Pique,,,,1991,1991,Polychrome sculpture,Fragment,Yungang,China,43e2eb0b-477b-40f9-9d43-353c81299c73,,Yungang Grottoes,Cave 6,,resin from sample 27-CY-91,1-4-H
1809,Field Sample 1809,15c12846-1368-4eb5-b69c-b405892d7cab,,,178-CY-91,Francesca Pique,Francesca Pique,,,,1991,1991,Polychrome sculpture,Fragment,Yungang,China,43e2eb0b-477b-40f9-9d43-353c81299c73,,Yungang Grottoes,Cave 6,,resin from sample 74-CY-92,1-4-H
1810,Field Sample 1810,ca8be40a-a644-4237-a1d1-3f603219a5e2,,,179-CY-91,Francesca Pique,Francesca Pique,,,,1991,1991,Polychrome sculpture,Fragment,Yungang,China,43e2eb0b-477b-40f9-9d43-353c81299c73,,Yungang Grottoes,Cave 6,,resin from sample 35-CY-91,1-4-H
1811,Field Sample 1811,6e593312-6e1e-49ca-97f4-186092410736,,,180-CY-91,Francesca Pique,Francesca Pique,,,,1991,1991,Polychrome sculpture,Fragment,Yungang,China,43e2eb0b-477b-40f9-9d43-353c81299c73,,Yungang Grottoes,Cave 6,,resin from sample 43-CY-91,1-4-H
1812,Field Sample 1812,76a076ee-c136-4afc-ac67-c095de90c45e,,,181-CY-91,Francesca Pique,Francesca Pique,,,,1991,1991,Polychrome sculpture,Fragment,Yungang,China,43e2eb0b-477b-40f9-9d43-353c81299c73,,Yungang Grottoes,Cave 6,,resin from sample 44-CY-91,1-4-H
1813,Field Sample 1813,b9d761e6-ae48-4219-b810-ae9a7b362d48,,,182-CY-91,Francesca Pique,Francesca Pique,,,,1991,1991,Polychrome sculpture,Fragment,Yungang,China,43e2eb0b-477b-40f9-9d43-353c81299c73,,Yungang Grottoes,Cave 6,,resin from sample 47-CY-91,1-4-H
1814,Field Sample 1814,214f007d-7aa2-47cc-850a-b2be776bdb64,,,183-CY-91,Francesca Pique,Francesca Pique,,,,1991,1991,Polychrome sculpture,Fragment,Yungang,China,43e2eb0b-477b-40f9-9d43-353c81299c73,,Yungang Grottoes,Cave 6,,resin from sample 50-CY-91,1-4-H
1815,Field Sample 1815,c3c4f7da-8c67-4ea3-a21b-a513a24393ba,,,184-CY-91,Francesca Pique,Francesca Pique,,,,1991,1991,Polychrome sculpture,Fragment,Yungang,China,43e2eb0b-477b-40f9-9d43-353c81299c73,,Yungang Grottoes,Cave 6,,resin from sample 52-CY-91,1-4-H
1816,Field Sample 1816,802667f4-613f-485f-af08-79038b3fe19a,,,185-CY-91,Francesca Pique,Francesca Pique,,,,1991,1991,Polychrome sculpture,Fragment,Yungang,China,43e2eb0b-477b-40f9-9d43-353c81299c73,,Yungang Grottoes,Cave 6,,resin from sample 54-CY-91,1-4-H
1817,Field Sample 1817,7544afe6-2703-4da2-890a-492207a6ce69,,,186-CY-91,Francesca Pique,Francesca Pique,,,,1991,1991,Polychrome sculpture,Fragment,Yungang,China,43e2eb0b-477b-40f9-9d43-353c81299c73,,Yungang Grottoes,Cave 6,,resin from sample 56-CY-91,1-4-H
1818,Field Sample 1818,63d380c5-b192-456e-96e9-cff7c5ba7492,,,187-CY-91,Francesca Pique,Francesca Pique,,,,1991,1991,Polychrome sculpture,Fragment,Yungang,China,43e2eb0b-477b-40f9-9d43-353c81299c73,,Yungang Grottoes,Cave 6,,resin from sample 55-CY-91,1-4-H
1819,Field Sample 1819,c332b7dd-1d6b-4f67-ae00-f69b3d4a689c,,,188-CY-91,Francesca Pique,Francesca Pique,,,,1991,1991,Polychrome sculpture,Fragment,Yungang,China,43e2eb0b-477b-40f9-9d43-353c81299c73,,Yungang Grottoes,Cave 6,,resin from sample,1-4-H
1820,Field Sample 1820,07094c3f-460c-4b7d-a3ad-5f30f2436716,,,189-CY-92,Francesca Pique,Francesca Pique,,,,1992,1992,Polychrome sculpture,Fragment,Yungang,China,43e2eb0b-477b-40f9-9d43-353c81299c73,,Yungang Grottoes,Cave 6,,resin from sample 57-CY-92,1-4-H
1821,Field Sample 1821,9d00c4d7-7fe0-4bd6-ab78-31c6ebc9c514,,,190-CY-92,Francesca Pique,Francesca Pique,,,,1992,1992,Polychrome sculpture,Fragment,Yungang,China,43e2eb0b-477b-40f9-9d43-353c81299c73,,Yungang Grottoes,Cave 6,,resin from sample 3-CY-91,1-4-H
1822,Field Sample 1822,b22907df-8487-4f12-988e-e4d875e6acaa,,,191-CY-92,Francesca Pique,Francesca Pique,,,,1992,1992,Polychrome sculpture,Fragment,Yungang,China,43e2eb0b-477b-40f9-9d43-353c81299c73,,Yungang Grottoes,Cave 6,,resin from sample 6-CY-91,1-4-H
1823,Field Sample 1823,85ade14a-a443-47ca-904f-4563b97e8e12,,,192-CY-92,Francesca Pique,Francesca Pique,,,,1992,1992,Polychrome sculpture,Fragment,Yungang,China,43e2eb0b-477b-40f9-9d43-353c81299c73,,Yungang Grottoes,Cave 6,,resin from sample 8-CY-91,1-4-H
1824,Field Sample 1824,1db48bbe-4f5b-43d0-9057-6804f3474d51,,,193-CY-92,Francesca Pique,Francesca Pique,,,,1992,1992,Polychrome sculpture,Fragment,Yungang,China,43e2eb0b-477b-40f9-9d43-353c81299c73,,Yungang Grottoes,Cave 6,,resin from sample 8-CY-91,1-4-H
1825,Field Sample 1825,086c8dbd-f286-4efb-a5d5-ca79ad169736,,,194-CY-92,Francesca Pique,Francesca Pique,,,,1992,1992,Polychrome sculpture,Fragment,Yungang,China,43e2eb0b-477b-40f9-9d43-353c81299c73,,Yungang Grottoes,Cave 6,,resin from sample 9-CY-91,1-4-H
1826,Field Sample 1826,9c1aa77b-68da-47e2-8a13-22d7513038c4,,,195-CY-92,Francesca Pique,Francesca Pique,,,,1992,1992,Polychrome sculpture,Fragment,Yungang,China,43e2eb0b-477b-40f9-9d43-353c81299c73,,Yungang Grottoes,Cave 6,,resin from sample 9-CY-91,1-4-H
1827,Field Sample 1827,65066865-41c8-4736-b04c-e11bafa75f0c,,,196-CY-92,Francesca Pique,Francesca Pique,,,,1992,1992,Polychrome sculpture,Fragment,Yungang,China,43e2eb0b-477b-40f9-9d43-353c81299c73,,Yungang Grottoes,Cave 6,,resin from sample 63-CY-92,1-4-H
1828,Field Sample 1828,530566d0-c9b1-41bb-85da-2db3a881b485,,,197-CY-92,Francesca Pique,Francesca Pique,,,,1992,1992,Polychrome sculpture,Fragment,Yungang,China,43e2eb0b-477b-40f9-9d43-353c81299c73,,Yungang Grottoes,Cave 6,,resin from sample 63-CY-92,1-4-H
1829,Field Sample 1829,ae48e69b-491b-47ef-948e-4f68473072eb,,,198-CY-92,Francesca Pique,Francesca Pique,,,,1992,1992,Polychrome sculpture,Fragment,Yungang,China,43e2eb0b-477b-40f9-9d43-353c81299c73,,Yungang Grottoes,Cave 6,,resin from sample 66-CY-92,1-4-H
1830,Field Sample 1830,10794d1f-c770-4057-8ffb-8b5b57993d17,,,199-CY-92,Francesca Pique,Francesca Pique,,,,1992,1992,Polychrome sculpture,Fragment,Yungang,China,43e2eb0b-477b-40f9-9d43-353c81299c73,,Yungang Grottoes,Cave 6,,resin from sample 15-CY-91,1-4-H
1831,Field Sample 1831,3ec34db5-af18-495a-a039-7a4d2239352e,,,200-CY-92,Francesca Pique,Francesca Pique,,,,1992,1992,Polychrome sculpture,Fragment,Yungang,China,43e2eb0b-477b-40f9-9d43-353c81299c73,,Yungang Grottoes,Cave 6,,resin from sample 15-CY-91,1-4-H
1832,Field Sample 1832,bd9cf118-85e1-4b1c-8548-130c715320ba,,,201-CY-92,Francesca Pique,Francesca Pique,,,,1992,1992,Polychrome sculpture,Fragment,Yungang,China,43e2eb0b-477b-40f9-9d43-353c81299c73,,Yungang Grottoes,Cave 6,,resin from sample 15-CY-91,1-4-H
1833,Field Sample 1833,31802495-bcd4-43e8-883c-99548bb01e6a,,,202-CY-92,Francesca Pique,Francesca Pique,,,,1992,1992,Polychrome sculpture,Fragment,Yungang,China,43e2eb0b-477b-40f9-9d43-353c81299c73,,Yungang Grottoes,Cave 6,,resin from sample 15-CY-91,1-4-H
1834,Field Sample 1834,8a3d066e-9041-416b-a7ba-bf096b26a63b,,,203-CY-92,Francesca Pique,Francesca Pique,,,,1992,1992,Polychrome sculpture,Fragment,Yungang,China,43e2eb0b-477b-40f9-9d43-353c81299c73,,Yungang Grottoes,Cave 6,,resin from sample 15-CY-91,1-4-H
1835,Field Sample 1835,6ad1b503-d0c1-4314-b6a8-d672efc7af0c,,,204-CY-92,Francesca Pique,Francesca Pique,,,,1992,1992,Polychrome sculpture,Fragment,Yungang,China,43e2eb0b-477b-40f9-9d43-353c81299c73,,Yungang Grottoes,Cave 6,,resin from sample 17-CY-91,1-4-H
1836,Field Sample 1836,4146a611-ca6a-4548-97c6-9545e7745de6,,,205-CY-92,Francesca Pique,Francesca Pique,,,,1992,1992,Polychrome sculpture,Fragment,Yungang,China,43e2eb0b-477b-40f9-9d43-353c81299c73,,Yungang Grottoes,Cave 6,,resin from sample 17-CY-91,1-4-H
1837,Field Sample 1837,715a40ca-9c7a-4681-b6e3-12d85cef6f1f,,,206-CY-92,Francesca Pique,Francesca Pique,,,,1992,1992,Polychrome sculpture,Fragment,Yungang,China,43e2eb0b-477b-40f9-9d43-353c81299c73,,Yungang Grottoes,Cave 6,,resin from sample 18-CY-91,1-4-H
1838,Field Sample 1838,eaebfe66-cf7d-4019-96a3-cd73bc2e6469,,,207-CY-92,Francesca Pique,Francesca Pique,,,,1992,1992,Polychrome sculpture,Fragment,Yungang,China,43e2eb0b-477b-40f9-9d43-353c81299c73,,Yungang Grottoes,Cave 6,,resin from sample 18-CY-91,1-4-H
1839,Field Sample 1839,027a34fa-7d5e-41cf-ae14-65c9299d8be1,,,208-CY-92,Francesca Pique,Francesca Pique,,,,1992,1992,Polychrome sculpture,Fragment,Yungang,China,43e2eb0b-477b-40f9-9d43-353c81299c73,,Yungang Grottoes,Cave 6,,resin from sample 18-CY-91,1-4-H
1840,Field Sample 1840,d76795ba-2042-4652-8825-03bebc024483,,,209-CY-92,Francesca Pique,Francesca Pique,,,,1992,1992,Polychrome sculpture,Fragment,Yungang,China,43e2eb0b-477b-40f9-9d43-353c81299c73,,Yungang Grottoes,Cave 6,,resin from sample 18-CY-91,1-4-H
1841,Field Sample 1841,70d41d09-519c-4fc7-96d9-efdc4978e70b,,,210-CY-92,Francesca Pique,Francesca Pique,,,,1992,1992,Polychrome sculpture,Fragment,Yungang,China,43e2eb0b-477b-40f9-9d43-353c81299c73,,Yungang Grottoes,Cave 6,,resin from sample 18-CY-91,1-4-H
1842,Field Sample 1842,31ce0ada-4477-4da6-b84a-753664a822cd,,,211-CY-92,Francesca Pique,Francesca Pique,,,,1992,1992,Polychrome sculpture,Fragment,Yungang,China,43e2eb0b-477b-40f9-9d43-353c81299c73,,Yungang Grottoes,Cave 6,,resin from sample,1-4-H
1843,Field Sample 1843,bde85827-7f8f-4169-809c-bcee29a37272,,,212-CY-92,Francesca Pique,Francesca Pique,,,,1992,1992,Polychrome sculpture,Fragment,Yungang,China,43e2eb0b-477b-40f9-9d43-353c81299c73,,Yungang Grottoes,Cave 6,,resin from sample 19-CY-91,1-4-H
1844,Field Sample 1844,90be0bf4-b476-4c6b-acfc-3332f96d3d5c,,,213-CY-92,Francesca Pique,Francesca Pique,,,,1992,1992,Polychrome sculpture,Fragment,Yungang,China,43e2eb0b-477b-40f9-9d43-353c81299c73,,Yungang Grottoes,Cave 6,,resin from sample 19-CY-91,1-4-H
1845,Field Sample 1845,05570cb2-73e0-4b36-9f4b-99b1ae372234,,,214-CY-92,Francesca Pique,Francesca Pique,,,,1992,1992,Polychrome sculpture,Fragment,Yungang,China,43e2eb0b-477b-40f9-9d43-353c81299c73,,Yungang Grottoes,Cave 6,,resin from sample 19-CY-91,1-4-H
1846,Field Sample 1846,86c8fd9b-877b-452f-b5d4-adbbea27e55b,,,215-CY-92,Francesca Pique,Francesca Pique,,,,1992,1992,Polychrome sculpture,Fragment,Yungang,China,43e2eb0b-477b-40f9-9d43-353c81299c73,,Yungang Grottoes,Cave 6,,resin from sample,1-4-H
1847,Field Sample 1847,7304310d-4db2-4da2-92cc-98ddc28ec7f3,,,216-CY-92,Francesca Pique,Francesca Pique,,,,1992,1992,Polychrome sculpture,Fragment,Yungang,China,43e2eb0b-477b-40f9-9d43-353c81299c73,,Yungang Grottoes,Cave 6,,resin from sample 21-CY-91,1-4-H
1848,Field Sample 1848,33a14c42-3efc-4bd3-8a93-fe3effd85486,,,217-CY-92,Francesca Pique,Francesca Pique,,,,1992,1992,Polychrome sculpture,Fragment,Yungang,China,43e2eb0b-477b-40f9-9d43-353c81299c73,,Yungang Grottoes,Cave 6,,resin from sample 21-CY-91,1-4-H
1849,Field Sample 1849,c8daac09-370d-4a4d-a4dd-ee510d33849a,,,218-CY-92,Francesca Pique,Francesca Pique,,,,1992,1992,Polychrome sculpture,Fragment,Yungang,China,43e2eb0b-477b-40f9-9d43-353c81299c73,,Yungang Grottoes,Cave 6,,resin from sample 21-CY-91,1-4-H
1850,Field Sample 1850,4249fdc3-833f-4127-82a5-c55f0c4c604b,,,219-CY-92,Francesca Pique,Francesca Pique,,,,1992,1992,Polychrome sculpture,Fragment,Yungang,China,43e2eb0b-477b-40f9-9d43-353c81299c73,,Yungang Grottoes,Cave 6,,resin from sample,1-4-H
1851,Field Sample 1851,692fa2df-89ce-4b0b-9a8b-bf45ec11c3b3,,,220-CY-92,Francesca Pique,Francesca Pique,,,,1992,1992,Polychrome sculpture,Fragment,Yungang,China,43e2eb0b-477b-40f9-9d43-353c81299c73,,Yungang Grottoes,Cave 6,,resin from sample 72-CY-92,1-4-H
1852,Field Sample 1852,820bcc21-4a4f-411a-8447-9690b6415fd6,,,221-CY-92,Francesca Pique,Francesca Pique,,,,1992,1992,Polychrome sculpture,Fragment,Yungang,China,43e2eb0b-477b-40f9-9d43-353c81299c73,,Yungang Grottoes,Cave 6,,resin from sample 30-CY-91,1-4-H
1853,Field Sample 1853,84b425e9-fa57-49bc-819b-75b8b4f5892c,,,222-CY-92,Francesca Pique,Francesca Pique,,,,1992,1992,Polychrome sculpture,Fragment,Yungang,China,43e2eb0b-477b-40f9-9d43-353c81299c73,,Yungang Grottoes,Cave 6,,resin from sample 30-CY-91,1-4-H
1854,Field Sample 1854,41c90b83-5a44-4c86-91ba-6b6ca0dce0f8,,,223-CY-92,Francesca Pique,Francesca Pique,,,,1992,1992,Polychrome sculpture,Fragment,Yungang,China,43e2eb0b-477b-40f9-9d43-353c81299c73,,Yungang Grottoes,Cave 6,,resin from sample 37-CY-91,1-4-H
1855,Field Sample 1855,55cdc1b0-c864-4bec-92a0-d58a08a6074a,,,224-CY-92,Francesca Pique,Francesca Pique,,,,1992,1992,Polychrome sculpture,Fragment,Yungang,China,43e2eb0b-477b-40f9-9d43-353c81299c73,,Yungang Grottoes,Cave 6,,resin from sample 38-CY-91,1-4-H
1856,Field Sample 1856,60e9bf2d-5d71-4314-b7a0-5c1f1cf65e64,,,225-CY-92,Francesca Pique,Francesca Pique,,,,1992,1992,Polychrome sculpture,Fragment,Yungang,China,43e2eb0b-477b-40f9-9d43-353c81299c73,,Yungang Grottoes,Cave 6,,resin from sample 38-CY-91,1-4-H
1857,Field Sample 1857,dea14cb4-6415-4d72-99a4-60124a0f5d8f,,,226-CY-92,Francesca Pique,Francesca Pique,,,,1992,1992,Polychrome sculpture,Fragment,Yungang,China,43e2eb0b-477b-40f9-9d43-353c81299c73,,Yungang Grottoes,Cave 6,,resin from sample 42-CY-91,1-4-H
1858,Field Sample 1858,227891d7-e554-48a2-93d3-fe05da0631c3,,,227-CY-92,Francesca Pique,Francesca Pique,,,,1992,1992,Polychrome sculpture,Fragment,Yungang,China,43e2eb0b-477b-40f9-9d43-353c81299c73,,Yungang Grottoes,Cave 6,,resin from sample 42-CY-91,1-4-H
1859,Field Sample 1859,4babec34-c52e-4403-ad2e-08c599408462,,,228-CY-92,Francesca Pique,Francesca Pique,,,,1992,1992,Polychrome sculpture,Fragment,Yungang,China,43e2eb0b-477b-40f9-9d43-353c81299c73,,Yungang Grottoes,Cave 6,,resin from sample 42-CY-91,1-4-H
1860,Field Sample 1860,08679762-fc76-44e6-bf7a-9ae6984ded05,,,229-CY-92,Francesca Pique,Francesca Pique,,,,1992,1992,Polychrome sculpture,Fragment,Yungang,China,43e2eb0b-477b-40f9-9d43-353c81299c73,,Yungang Grottoes,Cave 6,,resin from sample 42-CY-91,1-4-H
1861,Field Sample 1861,683af8f8-36e0-402c-8ba7-647640dd15c0,,,230-CY-92,Francesca Pique,Francesca Pique,,,,1992,1992,Polychrome sculpture,Fragment,Yungang,China,43e2eb0b-477b-40f9-9d43-353c81299c73,,Yungang Grottoes,Cave 6,,resin from sample 51-CY-91,1-4-H
1862,Field Sample 1862,e61cc4ef-01e0-44e3-a28f-bff80711bd67,,,231-CY-92,Francesca Pique,Francesca Pique,,,,1992,1992,Reference - Polychrome sculpture,Bulk material,Yungang,China,43e2eb0b-477b-40f9-9d43-353c81299c73,,Yungang Grottoes,Cave 6,,tang oil,1-4-H
1863,Field Sample 1863,2d1dedcb-722f-481c-963d-8ec0a852cae8,,,232-CY-92,Francesca Pique,Francesca Pique,,,,1992,1992,Reference - Polychrome sculpture,Powder,Yungang,China,43e2eb0b-477b-40f9-9d43-353c81299c73,,Yungang Grottoes,Cave 6,,"synthetic malachite, globular verditer",1-4-H
1864,Field Sample 1864,153ff41e-3e89-41bb-a619-043bfc7b5088,,,233-CY-92,Francesca Pique,Francesca Pique,,,,1992,1992,Reference - Polychrome sculpture,Powder,Yungang,China,43e2eb0b-477b-40f9-9d43-353c81299c73,,Yungang Grottoes,Cave 6,,atacamite II,1-4-H
1865,Field Sample 1865,624217fd-1365-4ba6-b2d2-cb2aa28a4ab8,,,234-CY-92,Francesca Pique,Francesca Pique,,,,1992,1992,Reference - Polychrome sculpture,Powder,Yungang,China,43e2eb0b-477b-40f9-9d43-353c81299c73,,Yungang Grottoes,Cave 6,,atacamite I,1-4-H
1866,Field Sample 1866,bc0d877d-2b25-4be2-a0d4-ff5fc7968732,"BMcCarthy, 1999",e8e49b92-e719-4dc1-8c81-47a9da96e3ef,4_3_96,Francesca Pique,Francesca Pique,,,,1996,1996,,Cross-section,Abomey,Benin,4b2bfd3f-4953-4585-bcf4-63355288594f,true,Abomey,,,"Also 4.6, 4 cross sections, bas relief #1",1-3-H
1867,Field Sample 1867,ac102603-024b-461c-8873-40c06d210af8,,,96_9_93,Francesca Pique,Francesca Pique,,,,1993,1993,,Cross-section,Abomey,Benin,4b2bfd3f-4953-4585-bcf4-63355288594f,true,Abomey,,,blue bas relief #16,1-3-H
1868,Field Sample 1868,9e77758c-a0f8-4018-b9c0-ca9a0bba5415,,,13_96,Francesca Pique,Francesca Pique,,,,1996,1996,,Cross-section,Abomey,Benin,4b2bfd3f-4953-4585-bcf4-63355288594f,true,Abomey,,,resin from blue layer #6,1-3-H
1869,Field Sample 1869,ccddd005-60a9-41ea-b9ff-4391c5e1d3ec,,,94_9_93,Francesca Pique,Francesca Pique,,,,1993,1993,,Cross-section,Abomey,Benin,4b2bfd3f-4953-4585-bcf4-63355288594f,true,Abomey,,,blue bas relief #6,1-3-H
1870,Field Sample 1870,fbb49d7b-c279-46bf-9598-65fc816a5ef3,,,95_9_93,Francesca Pique,Francesca Pique,,,,1993,1993,,Cross-section,Abomey,Benin,4b2bfd3f-4953-4585-bcf4-63355288594f,true,Abomey,,,yellow paint bas relief #26,1-3-H
1871,Field Sample 1871,eb0a8337-1349-4f5c-90a5-35fd992b361d,,,12_95,Francesca Pique,Francesca Pique,,,,1995,1995,,Fragment,Abomey,Benin,4b2bfd3f-4953-4585-bcf4-63355288594f,true,Abomey,,,fragments of sample #12,1-3-H
1872,Field Sample 1872,e6cb4e03-c715-45cf-b81d-588f3c2f0da6,,,261_A_94,Francesca Pique,Francesca Pique,,,,1994,1994,,Powder,Abomey,Benin,4b2bfd3f-4953-4585-bcf4-63355288594f,true,Abomey,,,"red earth sample, Benin, Abomey #20",1-3-H
1873,Field Sample 1873,20505f85-6755-4ef9-814b-3fc4459c69bf,,,262_A_94,Francesca Pique,Francesca Pique,,,,1994,1994,,Powder,Abomey,Benin,4b2bfd3f-4953-4585-bcf4-63355288594f,true,Abomey,,,"yellow earth sample, Benin, Abomey",1-3-H
1874,Field Sample 1874,6f35cc87-6786-4bb0-a626-0c2cded65b8b,,,263_A_94,Francesca Pique,Francesca Pique,,,,1994,1994,,Bulk material,Abomey,Benin,4b2bfd3f-4953-4585-bcf4-63355288594f,true,Abomey,,,"earth from quarry used to repair bas reliefs, Benin, Abomey",1-3-H
1875,Field Sample 1875,d532f7dd-cd60-4fe7-a2b4-7369293d94c9,,,264_A_95,Francesca Pique,Francesca Pique,,,,1995,1995,,Fragment,Abomey,Benin,4b2bfd3f-4953-4585-bcf4-63355288594f,true,Abomey,,,"sample of pigments - red and yellow orchre & lime, Benin, Abomey",1-3-H
1876,Field Sample 1876,ddb1c0d1-de26-4301-9ae1-decfbaf73736,,,265_A_94,Francesca Pique,Francesca Pique,,,,1994,1994,,Fragment,Abomey,Benin,4b2bfd3f-4953-4585-bcf4-63355288594f,true,Abomey,,,bas relief #46 paint flakes from body of fish,1-3-H
1877,Field Sample 1877,0aaa860a-1044-4fe0-8516-7a22210ee84e,,,266_A_94,Francesca Pique,Francesca Pique,,,,1994,1994,,Fragment,Abomey,Benin,4b2bfd3f-4953-4585-bcf4-63355288594f,true,Abomey,,,bas relief #3 fragments from back leg,1-3-H
1878,Field Sample 1878,db667488-2a25-4838-a4a9-38583b1f10cf,,,267_A_96,Francesca Pique,Francesca Pique,,,,1996,1996,,Fragment,Abomey,Benin,4b2bfd3f-4953-4585-bcf4-63355288594f,true,Abomey,,,bas relief #1 sample of niche,1-3-H
1879,Field Sample 1879,8e9f5841-c456-4b4e-94e3-71f66f4ed777,,,268_A_94,Francesca Pique,Francesca Pique,,,,1994,1994,,Fragment,Abomey,Benin,4b2bfd3f-4953-4585-bcf4-63355288594f,true,Abomey,,,"potash (KOH) from Benin, Abomey",1-3-H
1880,Field Sample 1880,02f63984-a13a-40e4-bb49-c4ff0b65ebf7,,,269_A_94,Francesca Pique,Francesca Pique,,,,1994,1994,,Fragment,Abomey,Benin,4b2bfd3f-4953-4585-bcf4-63355288594f,true,Abomey,,,"allum Al(OH3) from market used as binder, Benin, Abomey",1-3-H
1881,Field Sample 1881,21d67621-55de-4c3e-9a5d-63becbed348b,,,270_A_94,Francesca Pique,Francesca Pique,,,,1994,1994,,Fragment,Abomey,Benin,4b2bfd3f-4953-4585-bcf4-63355288594f,true,Abomey,,,"antimoine from market used as black colorant, Benin, Abomey",1-3-H
1882,Field Sample 1882,d6085e4a-bdcc-43be-bf3c-9c3f778c123a,,,272_A_94,Francesca Pique,Francesca Pique,,,,1994,1994,,Bulk material,Abomey,Benin,4b2bfd3f-4953-4585-bcf4-63355288594f,true,Abomey,,,"refined palm oil from market, Benin, Abomey",1-3-H
1883,Field Sample 1883,f7862d68-65c1-4e05-9573-f062b30ad365,,,273_A_93,Francesca Pique,Francesca Pique,,,,1993,1993,,Bulk material,Abomey,Benin,4b2bfd3f-4953-4585-bcf4-63355288594f,true,Abomey,,,polychrome piece bas relief original earth support,1-3-H
1884,Field Sample 1884,19989e2c-fdba-4a76-bbe1-ea51e98d7ad1,,,274_A_93,Francesca Pique,Francesca Pique,,,,1993,1993,,Bullk material,Abomey,Benin,4b2bfd3f-4953-4585-bcf4-63355288594f,true,Abomey,,,added support framing bas relief,1-3-H
1885,Field Sample 1885,62da53a0-fd9f-42da-9b7f-605815d5b208,,,275_A_94,Francesca Pique,Francesca Pique,,,,1994,1994,,Powder,Abomey,Benin,4b2bfd3f-4953-4585-bcf4-63355288594f,true,Abomey,,,"kaolin ball from market used as white pigments, Benin, Abomey",1-3-H
1886,Field Sample 1886,54d1a0c7-f91c-425f-a5a7-f11944b94469,,,276_A_93,Francesca Pique,Francesca Pique,,,,1993,1993,,Bulk material,Abomey,Benin,4b2bfd3f-4953-4585-bcf4-63355288594f,true,Abomey,,,earth from termite hill,1-3-H
1887,Field Sample 1887,b5b74930-6e35-4c54-bf0b-ae3fd0794320,,,277_A_93,Francesca Pique,Francesca Pique,,,,1993,1993,,Bulk material,Abomey,Benin,4b2bfd3f-4953-4585-bcf4-63355288594f,true,Abomey,,,Finishing earth plaster for bas relief,1-3-H
1888,Field Sample 1888,60bae082-e09b-4cd5-9e5c-345df9499781,"BMcCarthy, 1999",e8e49b92-e719-4dc1-8c81-47a9da96e3ef,15_2_97,Francesca Pique,Francesca Pique,,,,1997,1997,,Powder/fragments,Abomey,Benin,4b2bfd3f-4953-4585-bcf4-63355288594f,true,Abomey,,,"Cross sections, powder, dispersions. Bas relief #33",1-3-H
1889,Field Sample 1889,de663333-6e9e-44d7-9a3f-9c45ef4894eb,"BMcCarthy, 1999",e8e49b92-e719-4dc1-8c81-47a9da96e3ef,14_2_97,Francesca Pique,Francesca Pique,,,,1997,1997,,Powder/fragments,Abomey,Benin,4b2bfd3f-4953-4585-bcf4-63355288594f,true,Abomey,,,,1-3-H
1890,Field Sample 1890,05eb17d2-6bc1-4ee6-86e4-feda94fd0029,,,13._2_97,Francesca Pique,Francesca Pique,,,,1997,1997,,Powder/fragments,Abomey,Benin,4b2bfd3f-4953-4585-bcf4-63355288594f,true,Abomey,,,,1-3-H
1891,Field Sample 1891,6c5de520-f604-42da-a806-e0e863fb7510,,,12_2_97,Francesca Pique,Francesca Pique,,,,1997,1997,,Powder/fragments,Abomey,Benin,4b2bfd3f-4953-4585-bcf4-63355288594f,true,Abomey,,,,1-3-H
1892,Field Sample 1892,8f0b8e9f-6060-4471-9043-07039bfda016,,,9_2_97,Francesca Pique,Francesca Pique,,,,1997,1997,,Powder/fragments,Abomey,Benin,4b2bfd3f-4953-4585-bcf4-63355288594f,true,Abomey,,,,1-3-H
1893,Field Sample 1893,a414e8fb-1de4-4a69-ae64-cd73123700f3,,,1_3_96,Francesca Pique,Francesca Pique,,,,1996,1996,,Powder/fragments,Abomey,Benin,4b2bfd3f-4953-4585-bcf4-63355288594f,true,Abomey,,,,1-3-H
1894,Field Sample 1894,893ad523-ae8a-4bee-9731-b0ec842f23f0,"BMcCarthy, 1999",e8e49b92-e719-4dc1-8c81-47a9da96e3ef,4_2_97,Francesca Pique,Francesca Pique,,,,1997,1997,,Powder/fragments,Abomey,Benin,4b2bfd3f-4953-4585-bcf4-63355288594f,true,Abomey,,,bas relief #22,1-3-H
1895,Field Sample 1895,cd5ab48f-9671-4bd6-8542-dcde601254f8,"BMcCarthy, 1999",e8e49b92-e719-4dc1-8c81-47a9da96e3ef,5_2_97,Francesca Pique,Francesca Pique,,,,1997,1997,,Powder/fragments,Abomey,Benin,4b2bfd3f-4953-4585-bcf4-63355288594f,true,Abomey,,,bas relief #22,1-3-H
1896,Field Sample 1896,d4091cbd-e056-4cd3-bf69-f71ca29b81fd,"BMcCarthy, 1999",e8e49b92-e719-4dc1-8c81-47a9da96e3ef,6_2_97,Francesca Pique,Francesca Pique,,,,1997,1997,,Powder/fragments,Abomey,Benin,4b2bfd3f-4953-4585-bcf4-63355288594f,true,Abomey,,,bas relief #22,1-3-H
1897,Field Sample 1897,21500282-9bfd-4d33-9880-9b77611baad0,,,7_7,Francesca Pique,Francesca Pique,,,,,,,Powder/fragments,Abomey,Benin,4b2bfd3f-4953-4585-bcf4-63355288594f,true,Abomey,,,,1-3-H
1898,Field Sample 1898,40833acf-30ec-4ae5-9efd-0a0d83851493,"BMcCarthy, 1999",e8e49b92-e719-4dc1-8c81-47a9da96e3ef,8_2_97,Francesca Pique,Francesca Pique,,,,1997,1997,,Powder/fragments,Abomey,Benin,4b2bfd3f-4953-4585-bcf4-63355288594f,true,Abomey,,,bas relief #22,1-3-H
1899,Field Sample 1899,7db58e52-e1e0-46de-94cd-48b4fca13d70,,,16_2_97,Francesca Pique,Francesca Pique,,,,1997,1997,,Powder/fragments,Abomey,Benin,4b2bfd3f-4953-4585-bcf4-63355288594f,true,Abomey,,,,1-3-H
1900,Field Sample 1900,7e398614-e89e-4600-8fc2-ba6a5377d649,,,HERC_bcn_52_201505,Leslie Rainer,Leslie Rainer,,,,05-22-2015,2015-05-22,Wall painting,,Herculaneum,Italy,04138f0a-3ae2-4fd0-88c7-7739277f432c,,Herculaneum,,WU_3,red monochrome background- upper wall,1-3-D. 1-3-E
1901,Field Sample 1901,2ebcd685-1a9a-42a3-a065-b69e8fb6018f,,,MOR_plaster_nov14,Lori Wong,Lori Wong,,,,11/1/2014,2014-11-01,plaster,fragments,EAI_MOR,Morocco,39f58e5c-dc7e-4dcf-8e9f-786836391377,,Ouarzazate,Caid Residence,Fallen fragments,,1-2-D
1902,Field Sample 1902,3c5a6cdc-4d26-42de-8b0e-eeec193c9868,,,MOR_repairmat_nov14,Lori Wong,Lori Wong,,,,11/2/2014,2014-11-02,repair materials,,EAI_MOR,Morocco,39f58e5c-dc7e-4dcf-8e9f-786836391377,,Ouarzazate,Caid Residence,Fallen fragments,,1-2-D
1903,Field Sample 1903,c9a9d293-59c2-47dd-95fb-e0b4bb9ea96d,,,MOR_fragments_nov14,Lori Wong,Lori Wong,,,,11/3/2014,2014-11-03,painted plaster,fragments,EAI_MOR,Morocco,39f58e5c-dc7e-4dcf-8e9f-786836391377,,Ouarzazate,Caid Residence,Fallen fragments,,1-2-D
1904,Field Sample 1904,8ee52825-6247-4784-b937-283653bdf499,,,Sample Row: 1904,Groupe de recherche en Archeologie Gallo-Romaine (Anne le Bot-Helly),Groupe de recherche en Archeologie Gallo-Romaine,Anne le Bot-Helly,,,4/28/1981,1981-04-28,wall paintings materials,various,,France,795a2be8-5d4e-49e5-90e3-7cd429123b7b,,"Lyon: rue des Farges, Vienne, Isere: Worksite of the Bank of France, worksite of the place Saint-Pierre; Saint-Romain en Gal: worksite on rue Garon",,,"various fragments, pigments, ground layers  in six boxes","2-2, upper shelves"
1905,Field Sample 1905,ea0172da-92fa-46f5-a504-1c2218156f3e,,,Sample Row: 1905,,,,,,9/1/2012,2012-09-01,paint,Flake(s),Siquieros,United States,12ab92a6-0269-49b0-a116-6998fd2ce65f,,America Tropical,,metal shutter,paint flakes and chips taken from metal shutter and adhered to piece of black electrical tape,1-3-G
1906,Field Sample 1906,fd1c81be-db52-4a8f-90f3-11bdcce2adae,,,Sample Row: 1906,L. Rainer,Leslie Rainer,,,,,,reference material,Fragment,Siquieros,United States,12ab92a6-0269-49b0-a116-6998fd2ce65f,,America Tropical,,,large fragment of tarry roofing material from Hammel building roof,1-3-G
1907,Field Sample 1907,9ba8dcb0-4fd0-4eaa-b086-040935f53b67,,,YAN:N5C2.S14C,,,,,,,,,Cross-section,,,,,,,,Blue and other painted layers,"1-5-D, first drawer on the left"
1908,Field Sample 1908,b06c1014-8438-48a2-8354-8ba4dda4f4b7,"x-sec,thin section,  XRD, micro-Raman, ESEM-EDX (CIRCe & GCI)",7e454c8b-05d9-40e2-b99f-c8c3da0f08f0,HERC_BCN_40B_NOV13,Francesca Pique and Caterina Barnaba,Francesca Pique,Caterina Barnaba,,,201311,2013-11,Wall painting,Cross-section,Herculaneum,Italy,04138f0a-3ae2-4fd0-88c7-7739277f432c,,Herculaneum,BCN,"BCN, Tablino, East wall","Sample exists as bulk material, powder, thin section, and cross section; one powder sample is mixed with ZnO","1-3-D, 1-3-E"
1909,Field Sample 1909,3350c676-9b16-40a6-b6af-082a289efe77,"x-sec,thin section,  XRD, micro-Raman, ESEM-EDX (CIRCe & GCI)",7e454c8b-05d9-40e2-b99f-c8c3da0f08f0,HERC_BCN_44B_NOV13,Francesca Pique and Caterina Barnaba,Francesca Pique,Caterina Barnaba,,,201311,2013-11,Wall painting,Cross-section,Herculaneum,Italy,04138f0a-3ae2-4fd0-88c7-7739277f432c,,Herculaneum,BCN,"BCN, Tablino, East wall","Selective sample of the original plaster which would have been applied directly over the tuff support wall: sample exists as bulk material, cross section, thin section, and powder; some powder has been mixed with ZnO for analysis","1-3-D, 1-3-E"
1910,Field Sample 1910,2c6f9c47-1f29-433c-aac4-a283006ead4c,"x-sec,thin section,  XRD, micro-Raman, ESEM-EDX (CIRCe & GCI)",7e454c8b-05d9-40e2-b99f-c8c3da0f08f0,HERC_BCN_43B_NOV13,Francesca Pique and Caterina Barnaba,Francesca Pique,Caterina Barnaba,,,201311,2013-11,Wall painting,Cross-section,Herculaneum,Italy,04138f0a-3ae2-4fd0-88c7-7739277f432c,,Herculaneum,BCN,"BCN, Tablino, East wall","Selective sampling of a fill, possibly cement: sample exists as bulk material, powder, thin section, and cross section; some powdered sample mixed with ZnO","1-3-D, 1-3-E"
1911,Field Sample 1911,47f7fea3-108e-416e-93cc-f0ebecf43f3a,"x-sec,thin section,  XRD, micro-Raman, ESEM-EDX (CIRCe & GCI)",7e454c8b-05d9-40e2-b99f-c8c3da0f08f0,HERC_BCN_50B,Francesca Pique and Caterina Barnaba,Francesca Pique,Caterina Barnaba,,,201311,2013-11,Wall painting,Cross-section,Herculaneum,Italy,04138f0a-3ae2-4fd0-88c7-7739277f432c,,Herculaneum,BCN,"BCN, Tablino, West wall","Selective sampling of backing plaster, termed M3: sample exists as powder, thin section, and cross section; some powder has been mixed with ZnO for analysis","1-3-D, 1-3-E"
1912,Field Sample 1912,7802d329-c9bd-4312-80c3-94eea1ae2500,"x-sec, XRD, micro-Raman, ESEM-EDX (CIRCe & GCI)",5c33a636-23cd-4655-ae5f-a3b9f3d1721a,HERC_BCN_45B_NOV13,Francesca Pique and Caterina Barnaba,Francesca Pique,Caterina Barnaba,,,201311,2013-11,Wall painting,Cross-section,Herculaneum,Italy,04138f0a-3ae2-4fd0-88c7-7739277f432c,,Herculaneum,BCN,"BCN, Tablino, East wall","Original plaster layers, including the tinted pink plaster: sample exists as bulk material, thin section, and cross section; some powder has been mixed with ZnO for analysis","1-3-D, 1-3-E"
1913,Field Sample 1913,77d21b3a-802c-4640-be73-901095daa711,"x-sec,thin section,  XRD, micro-Raman, ESEM-EDX (CIRCe & GCI)",7e454c8b-05d9-40e2-b99f-c8c3da0f08f0,HERC_BCN_39B_NOV13,Francesca Pique and Caterina Barnaba,Francesca Pique,Caterina Barnaba,,,201311,2013-11,Wall painting,Thin-section,Herculaneum,Italy,04138f0a-3ae2-4fd0-88c7-7739277f432c,,Herculaneum,BCN,"BCN, Tablino, East wall","Selective sampling of the repair grout, termed M4; sample exists as bulk material, powder, thin section, and cross section; some powder has been mixed with ZnO for analysis","1-3-D, 1-3-E"
1914,Field Sample 1914,4efa01b3-5077-4a80-a1f9-cf17bd80eb26,"x-sec,thin section,  XRD, micro-Raman, ESEM-EDX (CIRCe & GCI)",7e454c8b-05d9-40e2-b99f-c8c3da0f08f0,HERC_BCN_38B_NOV13,Francesca Pique and Caterina Barnaba,Francesca Pique,Caterina Barnaba,,,201311,2013-11,Wall painting,Cross-section,Herculaneum,Italy,04138f0a-3ae2-4fd0-88c7-7739277f432c,,Herculaneum,BCN,"BCN, Tablino, East wall","Selective sampling of backing plaster, termed M3; a small portion of the original plaster was also unitentionally sampled (see base of wall); sample exists as bulk material, cross section, thin section, and powder; some powder has been mixed with ZnO for analysis","1-3-D, 1-3-E"
1915,Field Sample 1915,8dfacbba-7668-4176-97cb-0c2122908cc0,1 bcn_e1_12_jul07_data synth.pptx,95c757f4-384d-46e0-a575-5b39d0d7d8f2,herc_bcn_e1_12_xs_feb08,"F. Pique, A. De Vita",Francesca Pique,Alessandra De Vita,,,7/27/2007,2007-07-27,Wall painting,Cross-section,Herculaneum,Italy,04138f0a-3ae2-4fd0-88c7-7739277f432c,,Casa del Bicentenario,"Tablino, East Wall",Neck of bacant,Partial stratigraphy collected as a flake with ground; Upper wax layer over yellow/white layer over white preparation (layers are not clearly visible on the cross-section),
1916,Field Sample 1916,ce137869-ba8c-4c9f-af23-45b63e49d3f2,bcn_16_apr08.ppt,d10086bb-7267-4954-90ae-b5ae76ff4eb9,herc_bcn_e2_16_apr08,,,,,,,,Wall painting,,Herculaneum,Italy,04138f0a-3ae2-4fd0-88c7-7739277f432c,,Casa del Bicentenario,"Tablino, East Wall",,Full stratigraphy. Should contain Hg paint layer.,
1917,Field Sample 1917,b39ea4b2-cae4-44b5-891e-8ebbbb3a2719,Herc_bcn_ss10-su2-rosso4.pptx,80f0279f-c5b4-4f02-90d5-a6f42ff966e6,herc_bcn_ss10_su2_rosso4,"F. Pique, K. Graves",Francesca Pique,K. Graves,,,5/27/2015,2015-05-27,Non-original coating,Scraping,Herculaneum,Italy,04138f0a-3ae2-4fd0-88c7-7739277f432c,,Casa del Bicentenario,BCN,"BCN, Tablino, South wall","White haze covering red monochrome background; scrapings of superficial layer, at time of sampling it felt waxy and sticky; Upper layer: non-original coating – possibly wax + dirt and other surface material
Lower layer: possibly sampled pigment particles, either within the superficial layer or from the uppermost layer of the painting","1-3-D, 1-3-E"
1918,Field Sample 1918,a32aab26-80e1-420c-83a1-28030346f58c,Herc_bcn_ss11-wf2-blanching3.pptx,0f52e434-da11-470c-bfb6-ccb604cce494,Herc_bcn_ss11-wf2-blanching3,F. Pique and K. Graves,Francesca Pique,K. Graves,,,5/27/2015,2015-05-27,Non-original coating,Scraping,Herculaneum,Italy,04138f0a-3ae2-4fd0-88c7-7739277f432c,,Casa del Bicentenario,BCN,"BCN, Tablino, West wall","Peach haze covering frieze; scrapings of superficial layer, at time of sampling it felt waxy and extremely sticky; Upper layer: non-original coating – possibly wax + dirt and other surface material
Lower layer: possibly sampled pigment particles, either within the superficial layer or from the uppermost layer of the painting","1-3-D, 1-3-E"
1919,Field Sample 1919,76b51c4a-7a58-4748-b0a7-633c3985e1be,Herc_bcn_ss12-wv2-blanching2.pptx,2cfe1b61-e16e-481a-ba94-cfa8f1ba38c4,Herc_bcn_ss12_wv2_2blanching,F. Pique and K. Graves,Francesca Pique,K. Graves,,,5/27/2015,2015-05-27,Non-original coating,Scraping,Herculaneum,Italy,04138f0a-3ae2-4fd0-88c7-7739277f432c,,Casa del Bicentenario,BCN,"BCN, Tablino, West wall","white ‘blanching’ or haze over the northern-most vertical band on the west wall. scrapings of superficial layer, at time of sampling it felt waxy and extremely sticky, the layer was extremely thick; Upper layer: non-original coating – possibly wax + dirt and other surface material
Lower layer: possibly sampled pigment particles, either within the superficial layer or from the uppermost layer of the painting","1-3-D, 1-3-E"
1920,Field Sample 1920,30e273f2-5757-45ea-b256-167123592621,Herc_bcn_ss13-wr2.pptx,4ac7411a-f93c-4248-a43a-f2fb10ca922a,Herc_bcn_ss13_ws2_Verdi1,F. Pique and K. Graves,Francesca Pique,K. Graves,,,5/27/2015,2015-05-27,Non-original coating,Scraping,Herculaneum,Italy,04138f0a-3ae2-4fd0-88c7-7739277f432c,,Casa del Bicentenario,BCN,"BCN, Tablinum, West wall","discolored brown shiny surface material found over the top of the rectangular scene on the west wall. scrapings of superficial layer, at time of sampling it felt extremely hard and brittle; Upper layer: non-original coating – possibly wax + dirt and other surface material
Lower layer: possibly sampled pigment particles, either within the superficial layer or from the uppermost layer of the painting","1-3-D, 1-3-E"
1921,Field Sample 1921,6f6c3249-2609-48b5-91dd-b498876a71bb,Herc_bcn_ss14_wc2_shiny5.pptx,5d0dea12-dff8-443c-9014-a47982cd1746,Herc_bcn_ss14_wc2_7shiny,F. Pique and K. Graves,Francesca Pique,K. Graves,,,5/27/2015,2015-05-27,Non-original coating,Scraping,Herculaneum,Italy,04138f0a-3ae2-4fd0-88c7-7739277f432c,,Casa del Bicentenario,BCN,"Tablinum, West wall","white shiny materials over the red monochrome background which bands the rectangular scene on the west wall.
 scrapings of superficial layer, at time of sampling it felt waxy and extremely sticky; Upper layer: non-original coating – possibly wax + dirt and other surface material
Lower layer: possibly sampled pigment particles, either within the superficial layer or from the uppermost layer of the painting","1-3-D, 1-3-E"
1922,Field Sample 1922,1a493e83-c6cd-450b-861f-ad5108bea36e,Herc_bcn_ss15_er2_verdi6.pptx,2ca79725-dccb-4668-bc29-31c645abd5b0,Herc_bcn_ss15_er2_verdi6,F. Pique and K. Graves,Francesca Pique,K. Graves,,,5/27/2015,2015-05-27,Non-original coating,ESEM Stub,Herculaneum,Italy,04138f0a-3ae2-4fd0-88c7-7739277f432c,,Casa del Bicentenario,BCN,"BCN, Tablinum, East wall","discolored brown shiny surface material found over the top of the rectangular scene on the east wall. scrapings of superficial layer, at time of sampling it felt extremely hard and brittle; Upper layer: non-original coating – possibly wax + dirt and other surface material
Lower layer: possibly sampled pigment particles, either within the superficial layer or from the uppermost layer of the painting","1-3-D, 1-3-E"
1923,Field Sample 1923,8d4befb2-04f9-499e-bf05-6d0636b5b378,Herc_bcn_ss16_ev1_bianco5.pptx,bfa8c96e-334d-406f-afc5-49b000b46112,Herc_bcn_ss16_ev1_bianco5,F. Pique and K. Graves,Francesca Pique,K. Graves,,,5/27/2015,2015-05-27,Non-original coating,ESEM Stub,Herculaneum,Italy,04138f0a-3ae2-4fd0-88c7-7739277f432c,,Casa del Bicentenario,BCN,"BCN, Tablinum, East wall","discolored brown opaque surface material found over the top of the edge of the northern-most vertical band on the east wall. scrapings of superficial layer, at time of sampling it felt waxy and sticky; Upper layer: non-original coating – possibly wax + dirt and other surface material
Lower layer: possibly sampled pigment particles, either within the superficial layer or from the uppermost layer of the painting","1-3-D, 1-3-E"
1924,Field Sample 1924,1b37ed96-843f-4a50-bb42-05fa67209b93,Herc_bcn_ss17_eb3_saltsA.pptx,0c5e1f62-0905-4ab7-89ee-2bd8e4af7115,Herc_bcn_ss18_ec2_saltsA,F. Pique and K. Graves,Francesca Pique,K. Graves,,,5/27/2015,2015-05-27,Non-original coating,Scraping,Herculaneum,Italy,04138f0a-3ae2-4fd0-88c7-7739277f432c,,Casa del Bicentenario,BCN,"BCN, Tablinum, East wall","over top and/or within painted plaster on base of east wall. White, spindly, very fluffy; this is where a lithium based consolidant was applied and the salts may correlate to this.","1-3-D, 1-3-E"
1925,Field Sample 1925,5f6b9beb-df17-4c23-bab5-a8dcf0f574d4,Herc_bcn_ss17_eu1_giallo1.pptx,b7b67177-63e5-4ede-ade1-659055f19a7e,Herc_bcn_ss17_eu1_giallo1,F. Pique and K. Graves,Francesca Pique,K. Graves,,,5/27/2015,2015-05-27,Non-original coating,ESEM Stub,Herculaneum,Italy,04138f0a-3ae2-4fd0-88c7-7739277f432c,,Casa del Bicentenario,BCN,"BCN, Tablinum, East wall","clear shiny surface material found on the upper part of the east wall.
 scrapings of superficial layer, at time of sampling it felt waxy and sticky; Upper layer: non-original coating – possibly wax + dirt and other surface material
Lower layer: possibly sampled pigment particles, either within the superficial layer or from the uppermost layer of the painting","1-3-D, 1-3-E"
1926,Field Sample 1926,b311b846-432d-455f-90ef-16680a933838,Herc_bcn_ss18_eb3_saltsB.pptx,7ca00d5f-bad6-49df-acd5-a45caf66ff32,Herc_bcn_ss19_eb3_saltsB,F. Pique and K. Graves,Francesca Pique,K. Graves,,,5/27/2015,2015-05-27,Salt and original material,Scraping,Herculaneum,Italy,04138f0a-3ae2-4fd0-88c7-7739277f432c,,Casa del Bicentenario,BCN,"BCN, Tablinum, East wall","Salt scrapings found over top and/or within painted plaster on base of east wall. 
 White, spindly, very fluffy","1-3-D, 1-3-E"
1927,Field Sample 1927,da0845c0-7690-4859-bb35-3c4b1713c726,Herc_bcn_ss19_eb3_saltsC.pptx,affc8f79-0ab4-4e64-adb8-341c294f6be8,Herc_bcn_ss20_ec3_saltsC,F. Pique and K. Graves,Francesca Pique,K. Graves,,,5/27/2015,2015-05-27,Salt and original material,Scraping,Herculaneum,Italy,04138f0a-3ae2-4fd0-88c7-7739277f432c,,Casa del Bicentenario,BCN,"BCN, Tablinum, East Wall (base)","over top and/or within painted plaster on base of east wall. Hard, clear, bluish and well-adhered to the wall; Efflorescence and some original paint because of difficulty of removing salts","1-3-D, 1-3-E"
1928,Field Sample 1928,1968daa4-de74-4b78-b19b-908080b2c05f,Herc_bcn_ss20_eb3_saltsD.pptx,992994cd-28ae-4b56-9c8f-ab6b2403de65,Herc_bcn_ss21_ec2_saltsD,F. Pique and K. Graves,Francesca Pique,K. Graves,,,5/27/2015,2015-05-27,Non-original coating,,Herculaneum,Italy,04138f0a-3ae2-4fd0-88c7-7739277f432c,,Casa del Bicentenario,BCN,"BCN, Tablinum, East Wall (base)","over top and/or within painted plaster on base of east wall. White, spindly, very fluffy; Surface efflorescence and some original material from the red background","1-3-D, 1-3-E"
1929,Field Sample 1929,5813e931-1d04-444b-b569-ade6bea4bae6,Herc_bcn_ss21_eb3_saltsE.pptx,4c2fc72a-87ff-44a2-bb42-86de79a0a836,Herc_bcn_ss22_eb3_saltsE,F. Pique and K. Graves,Francesca Pique,K. Graves,,,5/27/2015,2015-05-27,salt efflorescence,Scraping,Herculaneum,Italy,04138f0a-3ae2-4fd0-88c7-7739277f432c,,Casa del Bicentenario,"Tablinum, west (?) wall (base)",over top and/or within painted plaster on base of east wall,"White, spindly, very fluffy; Only surface efflorescence sampled",
1930,Field Sample 1930,a17d6a50-1605-4159-bdc9-3ad5fe43e913,Herc_July 2013_Sample sheets.pptx,28bba918-5c94-407e-b998-5ee93d080768,herc_vpa_07_jul13,"G. Zolfo, L. Rainer, E. MacDonald-Korth",Giuseppe Zolfo,Leslie Rainer,Emily MacDonald-Korth,,7/5/2013,2013-07-05,Wall painting,powder,Herculaneum,Italy,04138f0a-3ae2-4fd0-88c7-7739277f432c,,Villa de Papiri,Ambiente H,,"untreated, red (estimated to be “fresco”; very smooth layer): red; red+pink; pink; white plaster; gray plaster; mixed powder; mixed powder; samples are powder in vials",
1931,Field Sample 1931,1b5120d9-5bb2-44ba-9ad6-b61ce08a9015,Herc_July 2013_Sample sheets.pptx,28bba918-5c94-407e-b998-5ee93d080768,Herc_vpa_07_jul13_xs,"G. Zolfo, L. Rainer, E. MacDonald-Korth",Giuseppe Zolfo,Leslie Rainer,Emily MacDonald-Korth,,7/5/2013,2013-07-05,Wall painting,Cross-section,Herculaneum,Italy,04138f0a-3ae2-4fd0-88c7-7739277f432c,,Villa de Papiri,Ambiente H,,"untreated, red (estimated to be “fresco”; very smooth layer): red; red+pink; pink; white plaster; gray plaster; mixed powder; mixed powder",
1932,Field Sample 1932,77da017d-f68f-4112-8685-60855ac89db6,Herc_July 2013_Sample sheets.pptx,28bba918-5c94-407e-b998-5ee93d080768,Herc_vpa_08_jul13,"G. Zolfo, L. Rainer, E. MacDonald-Korth",Giuseppe Zolfo,Leslie Rainer,Emily MacDonald-Korth,,7/5/2013,2013-07-05,Wall painting,powder,Herculaneum,Italy,04138f0a-3ae2-4fd0-88c7-7739277f432c,,Villa de Papiri,Ambiente H,,"Wall painting fragment, untreated, white (estimated to be “fresco”; very smooth layer); samples (powder in vials): herc_vpa_08_jul13_white, herc_vpa_08_jul13_beigeplstr, herc_vpa_08_jul13_grayplastr, herc_vpa_08_jul13_mixed",
1933,Field Sample 1933,fd945161-228e-4c68-bf6f-d974bbec2ea3,Herc_July 2013_Sample sheets.pptx,28bba918-5c94-407e-b998-5ee93d080768,Herc_vpa_08_jul13_xs,"G. Zolfo, L. Rainer, E. MacDonald-Korth",Giuseppe Zolfo,Leslie Rainer,Emily MacDonald-Korth,,7/5/2013,2013-07-05,Wall painting,Cross-section,Herculaneum,Italy,04138f0a-3ae2-4fd0-88c7-7739277f432c,,Villa de Papiri,Ambiente H,,"Wall painting fragment, untreated, white (estimated to be “fresco”; very smooth layer)",
1934,Field Sample 1934,7a44bd33-d45d-4907-bfcb-f59e34315565,Herc_July 2013_Sample sheets.pptx,28bba918-5c94-407e-b998-5ee93d080768,Herc_vpa_09_jul13,"G. Zolfo, L. Rainer, E. MacDonald-Korth",Giuseppe Zolfo,Leslie Rainer,Emily MacDonald-Korth,,7/5/2013,2013-07-05,Wall painting,powder,Herculaneum,Italy,04138f0a-3ae2-4fd0-88c7-7739277f432c,,Villa de Papiri,Ambiente H,,"Description: Wall painting fragment, untreated, black (estimated to be “fresco”; very smooth layer): samples (powder in vials) herc_vpa_09_jul13_black, herc_vpa_09_jul13_white, herc_vpa_09_jul13_darkgray, herc_vpa_09_jul13_gray, herc_vpa_09_jul13_mixed",
1935,Field Sample 1935,09e8b1f8-a432-4150-a8d9-86b30e87ac80,Herc_July 2013_Sample sheets.pptx,28bba918-5c94-407e-b998-5ee93d080768,Herc_vpa_09_jul13_xs,"G. Zolfo, L. Rainer, E. MacDonald-Korth",Giuseppe Zolfo,Leslie Rainer,Emily MacDonald-Korth,,7/5/2013,2013-07-05,Wall painting,Cross-section,Herculaneum,Italy,04138f0a-3ae2-4fd0-88c7-7739277f432c,,Villa de Papiri,Ambiente H,,"Estimated stratigraphy (from lowest layer): gray plaster, dark gray plaster, white plaster, black",
1936,Field Sample 1936,789f6b1d-8edb-4857-98aa-1b31388af4fd,Herc_July 2013_Sample sheets.pptx,28bba918-5c94-407e-b998-5ee93d080768,Herc_vpa_10_jul13,"G. Zolfo, L. Rainer, E. MacDonald-Korth",Giuseppe Zolfo,Leslie Rainer,Emily MacDonald-Korth,,7/5/2013,2013-07-05,Wall painting,powder,Herculaneum,Italy,04138f0a-3ae2-4fd0-88c7-7739277f432c,,Villa de Papiri,Ambiente H,,"Description: Wall painting fragment, untreated, yellow (estimated to be “fresco”; very smooth layer) ; Layers collected: yellow; yellow + pink; pink; pink + white; fine white plaster; coarse white plaster; mixed powder",
1937,Field Sample 1937,850d65cc-ce20-4d6c-8bd8-ff3f5fc7908e,Herc_July 2013_Sample sheets.pptx,28bba918-5c94-407e-b998-5ee93d080768,Herc_vpa_10_jul14_xs,"G. Zolfo, L. Rainer, E. MacDonald-Korth",Giuseppe Zolfo,Leslie Rainer,Emily MacDonald-Korth,,7/5/2013,2013-07-05,Wall painting,Cross-section,Herculaneum,Italy,04138f0a-3ae2-4fd0-88c7-7739277f432c,,Villa de Papiri,Ambiente H,,"Description: Wall painting fragment, untreated, yellow (estimated to be “fresco”; very smooth layer) ;Estimated stratigraphy (from lowest layer): white coarse plaster, white fine plaster, pink, yellow",
1938,Field Sample 1938,e111bcf4-dc4d-4c7e-8b85-e7de496b2b18,Herc_July 2013_Sample sheets.pptx,28bba918-5c94-407e-b998-5ee93d080768,Herc_vpa_11_jul13,"G. Zolfo, L. Rainer, E. MacDonald-Korth",Giuseppe Zolfo,Leslie Rainer,Emily MacDonald-Korth,,7/5/2013,2013-07-05,Wall painting,powder,Herculaneum,Italy,04138f0a-3ae2-4fd0-88c7-7739277f432c,,Villa de Papiri,Ambiente H,,"Wall painting fragment, untreated, yellow-green and white leaves (estimated to be “secco”; bodied paint) over green (estimated to be “fresco”; very smooth layer): Samples (powder in vials):
Herc_vpa_11_jul13_yellowgreen
Herc_vpa_11_jul13_green
Herc_vpa_11_jul13_purple
Herc_vpa_11_jul13_whiteplstr
Herc_vpa_11_jul13_grayplstr
Herc_vpa_11_jul13_mixed",
1939,Field Sample 1939,84f714ed-fb82-4ef4-9aff-b3bec67e70eb,Herc_July 2013_Sample sheets.pptx,28bba918-5c94-407e-b998-5ee93d080768,Herc_vpa_11_jul13_xs,"G. Zolfo, L. Rainer, E. MacDonald-Korth",Giuseppe Zolfo,Leslie Rainer,Emily MacDonald-Korth,,7/5/2013,2013-07-05,Wall painting,Cross-section,Herculaneum,Italy,04138f0a-3ae2-4fd0-88c7-7739277f432c,,Villa de Papiri,Ambiente H,,"Estimated stratigraphy (from lowest layer): gray plaster, white plaster, purple underlayer, green, yellow-green",
1940,Field Sample 1940,26cdb46a-6cc3-46e4-9439-2a9d13293d28,Herc_July 2013_Sample sheets.pptx,28bba918-5c94-407e-b998-5ee93d080768,Herc_vpa_12_jul13,"G. Zolfo, L. Rainer, E. MacDonald-Korth",Giuseppe Zolfo,Leslie Rainer,Emily MacDonald-Korth,,7/5/2013,2013-07-05,Wall painting,powder,Herculaneum,Italy,04138f0a-3ae2-4fd0-88c7-7739277f432c,,Villa de Papiri,Ambiente H,,"Description: Wall painting fragment, untreated, pink stripes (estimated to be “secco”; slightly bodied) over white (estimated to be “fresco”; very smooth layer); Samples (powder in vials): Herc_vpa_12_jul13_pinkwhite
Herc_vpa_12_jul13_white
Herc_vpa_12_jul13_pinkpurple
Herc_vpa_12_jul13_whiteplstr
Herc_vpa_12_jul13_grayplstr
Herc_vpa_12_jul13_mixed",
1941,Field Sample 1941,7a72ac14-0eb9-44c4-8a1b-8ed377663f0b,Herc_July 2013_Sample sheets.pptx,28bba918-5c94-407e-b998-5ee93d080768,Herc_vpa_12_jul13_xs,"G. Zolfo, L. Rainer, E. MacDonald-Korth",Giuseppe Zolfo,Leslie Rainer,Emily MacDonald-Korth,,7/5/2013,2013-07-05,Wall painting,Cross-section,Herculaneum,Italy,04138f0a-3ae2-4fd0-88c7-7739277f432c,,Villa de Papiri,Ambiente H,,"Description: Wall painting fragment, untreated, pink stripes (estimated to be “secco”; slightly bodied) over white (estimated to be “fresco”; very smooth layer); Estimated stratigraphy (from lowest layer): gray plaster, white plaster, pink and purple adjacent underlayers (purple on one side, etc.), white layer, pink layer",
1942,Field Sample 1942,d8cb6450-8c93-4bfa-85d7-c6fd9e025883,See printed sheets in storage location,39ea6c66-4d25-4ff7-a777-a85ff3b6c086,Sample Row: 1942,,,,,,,,,,Maya,Guatemala,9a92402e-7a5f-460d-aa4b-e70480f8f448,,El Mirador,,,"Various fragments, bulk/raw material",1-2-L
1943,Field Sample 1943,60e040ce-cbcf-476b-8d89-c66b01f94120,,,Sample Row: 1943,K. Graves,K. Graves,,,,,,,,Anti-graffiti,United States,12ab92a6-0269-49b0-a116-6998fd2ce65f,,Isle of California,,,flakes and scrapings from project on anti-graffiti coatings at Isle of California,1-3-B
1944,Field Sample 1944,30feec3f-31b5-485a-9cac-c77f8aa9cab8,"x-sec, XRD, micro-Raman, ESEM-EDX (CIRCe & GCI)",5c33a636-23cd-4655-ae5f-a3b9f3d1721a,HERC_BCN_29_OCT13,Francesca Pique and Caterina Barnaba,Francesca Pique,Caterina Barnaba,,,201310,2013-10,Wall painting,Cross-section,Herculaneum,Italy,04138f0a-3ae2-4fd0-88c7-7739277f432c,,Herculaneum,BCN,"BCN, Tablinlo, East wall",Fragment with complete upper plaster stratigraphy,"1-3-D, 1-3-E"
1945,Field Sample 1945,cdf52540-c099-416f-a2c5-6f8a819c5f19,"x-sec, XRD, micro-Raman, ESEM-EDX (CIRCe & GCI)",5c33a636-23cd-4655-ae5f-a3b9f3d1721a,HERC_BCN_31F_OCT13 (GCI),Francesca Pique and Leslie Rainer,Francesca Pique,Leslie Rainer,,,201310,2013-10,Wall painting,Fragment,Herculaneum,Italy,04138f0a-3ae2-4fd0-88c7-7739277f432c,,Herculaneum,BCN,"BCN, Tablino, East wall",Tinted frieze plaster and design layers,"1-3-D, 1-3-E"
1946,Field Sample 1946,8d58e1a1-24ed-41a6-90af-6ecc22799feb,"x-sec, XRD, micro-Raman, ESEM-EDX (CIRCe & GCI)",5c33a636-23cd-4655-ae5f-a3b9f3d1721a,HERC_BCN_31R1_OCT13,Francesca Pique and Leslie Rainer,Francesca Pique,Leslie Rainer,,,201310,2013-10,Wall painting,Fragment,Herculaneum,Italy,04138f0a-3ae2-4fd0-88c7-7739277f432c,,Herculaneum,BCN,"BCN, Tablino, East wall","Upper plaster, tinted plaster and monochrome background","1-3-D, 1-3-E"
1947,Field Sample 1947,ce7feab5-d991-4add-af5b-5833429ffa52,"XRD, micro-Raman, ESEM-EDX (CIRCe & GCI)",7c2f5400-60db-4308-a48d-ae2486ffd56c,HERC_BCN_34b_NOV13,Francesca Pique and Caterina Barnaba,Francesca Pique,Caterina Barnaba,,,201311,2013-11,Wall painting,Scraping,Herculaneum,Italy,04138f0a-3ae2-4fd0-88c7-7739277f432c,,Herculaneum,BCN,"BCN, Tablino, East wall","Selective scraping of the second base plaster layer, characterized by its rose color.","1-3-D, 1-3-E"
1948,Field Sample 1948,96642c3e-2b6b-409d-bd3e-f551c1d7f3ef,,,HERC_30_35,,,,,,,,Wall Painting,Cross-section,Herculaneum,Italy,04138f0a-3ae2-4fd0-88c7-7739277f432c,,,,,"Double sample, both scrapings, cross sections mounted together.",1-3
1949,Field Sample 1949,ab0134d8-4a2e-4087-ad59-f5f408d0e3c7,,,Herc_BCN_30,,,,,,,,Wall Painting,Cross-section,Herculaneum,Italy,04138f0a-3ae2-4fd0-88c7-7739277f432c,,Herculaneum,BCN,"BCN, Tablinlo, East wall",Scraping of the cream colored paint layer directly on top of the final plaster layer from the loss in Venus' arm.,"1-3-D, 1-3-E"
1950,Field Sample 1950,ef7af798-9f1f-4ca2-b484-950ad260c0a7,,,HERC_BCN_35,,,,,,,,Wall Painting,Cross-section,Herculaneum,Italy,04138f0a-3ae2-4fd0-88c7-7739277f432c,,Herculaneum,BCN,"BCN, Tablino, East wall",Selective sample of the first base plaster layer,"1-3-D, 1-3-E"
1951,Field Sample 1951,182747d6-1544-4db2-93df-082b2232dbab,"XRD, micro-Raman, ESEM-EDX (CIRCe & GCI)",7c2f5400-60db-4308-a48d-ae2486ffd56c,HERC_BCN_34_NOV13,Francesca Pique and Caterina Barnaba,Francesca Pique,Caterina Barnaba,,,201311,2013-11,Wall painting,Cross-section,Herculaneum,Italy,04138f0a-3ae2-4fd0-88c7-7739277f432c,,Herculaneum,BCN,"BCN, Tablino, East wall","Selective scraping of the second base plaster layer, characterized by its rose color.","1-3-D, 1-3-E"
1952,Field Sample 1952,2c2cc5f5-47d6-4471-82d7-c37f50fa6836,"x-sec, XRD, micro-Raman, ESEM-EDX (CIRCe & GCI)",5c33a636-23cd-4655-ae5f-a3b9f3d1721a,HERC_BCN_42a_OCT14,Francesca Pique and CIRCe team,Francesca Pique,CIRCe team,,,201410,2014-10,Wall painting,Cross-section,Herculaneum,Italy,04138f0a-3ae2-4fd0-88c7-7739277f432c,,Herculaneum,BCN,"BCN, Tablino, South wall","Possible grout or whitewash, plaster layer and design layers","1-3-D, 1-3-E"
1953,Field Sample 1953,996bd764-e0ea-450b-9ce0-3fc8dfd01ca3,"x-sec,thin section,  XRD, micro-Raman, ESEM-EDX (CIRCe & GCI)",7e454c8b-05d9-40e2-b99f-c8c3da0f08f0,HERC_BCN_44_NOV13,Francesca Pique and Caterina Barnaba,Francesca Pique,Caterina Barnaba,,,201311,2013-11,Wall painting,Thin-section,Herculaneum,Italy,04138f0a-3ae2-4fd0-88c7-7739277f432c,,Herculaneum,BCN,"BCN, Tablino, East wall",Selective sample of the original plaster which would have been applied directly over the tuff support wall.,"1-3-D, 1-3-E"
1954,Field Sample 1954,e6ebb22f-34f9-4daa-9feb-c6e12888856f,"x-sec,thin section,  XRD, micro-Raman, ESEM-EDX (CIRCe & GCI)",7e454c8b-05d9-40e2-b99f-c8c3da0f08f0,HERC_BCN_44_NOV13,Francesca Pique and Caterina Barnaba,Francesca Pique,Caterina Barnaba,,,201311,2013-11,Wall painting,Scraping,Herculaneum,Italy,04138f0a-3ae2-4fd0-88c7-7739277f432c,,Herculaneum,BCN,"BCN, Tablino, East wall",Selective sample of the original plaster which would have been applied directly over the tuff support wall.,"1-3-D, 1-3-E"
1955,Field Sample 1955,87b3cc0f-e0c3-43a8-824b-0e09da615e9f,"x-sec,thin section,  XRD, micro-Raman, ESEM-EDX (CIRCe & GCI)",7e454c8b-05d9-40e2-b99f-c8c3da0f08f0,HERC_BCN_44_NOV13,Francesca Pique and Caterina Barnaba,Francesca Pique,Caterina Barnaba,,,201311,2013-11,Wall painting,Fragment,Herculaneum,Italy,04138f0a-3ae2-4fd0-88c7-7739277f432c,,Herculaneum,BCN,"BCN, Tablino, East wall",Selective sample of the original plaster which would have been applied directly over the tuff support wall.,"1-3-D, 1-3-E"
1956,Field Sample 1956,eba11538-c1b1-48f8-8238-ffe24778ea22,"x-sec,thin section,  XRD, micro-Raman, ESEM-EDX (CIRCe & GCI)",7e454c8b-05d9-40e2-b99f-c8c3da0f08f0,HERC_BCN_36_NOV13,Francesca Pique and Caterina Barnaba,Francesca Pique,Caterina Barnaba,,,201311,2013-11,Wall painting,Thin-section,Herculaneum,Italy,04138f0a-3ae2-4fd0-88c7-7739277f432c,,Herculaneum,BCN,"BCN, Tablino, East wall","Selective sample of the first repair plaster layer, termed M1","1-3-D, 1-3-E"
1957,Field Sample 1957,55ff2da5-5972-48e2-b338-43992d4e7077,"x-sec,thin section,  XRD, micro-Raman, ESEM-EDX (CIRCe & GCI)",7e454c8b-05d9-40e2-b99f-c8c3da0f08f0,HERC_BCN_36_NOV13,Francesca Pique and Caterina Barnaba,Francesca Pique,Caterina Barnaba,,,201311,2013-11,Wall painting,Scraping,Herculaneum,Italy,04138f0a-3ae2-4fd0-88c7-7739277f432c,,Herculaneum,BCN,"BCN, Tablino, East wall","Selective sample of the first repair plaster layer, termed M1","1-3-D, 1-3-E"
1958,Field Sample 1958,eec3fbc8-4a84-4bb5-be1b-31bbfa283cb4,"x-sec,thin section,  XRD, micro-Raman, ESEM-EDX (CIRCe & GCI)",7e454c8b-05d9-40e2-b99f-c8c3da0f08f0,HERC_BCN_36_NOV13,Francesca Pique and Caterina Barnaba,Francesca Pique,Caterina Barnaba,,,201311,2013-11,Wall painting,Fragment,Herculaneum,Italy,04138f0a-3ae2-4fd0-88c7-7739277f432c,,Herculaneum,BCN,"BCN, Tablino, East wall","Selective sample of the first repair plaster layer, termed M1","1-3-D, 1-3-E"
1959,Field Sample 1959,69cc9f87-b5a6-4835-89da-c5a36a82dc53,"x-sec,thin section,  XRD, micro-Raman, ESEM-EDX (CIRCe & GCI)",7e454c8b-05d9-40e2-b99f-c8c3da0f08f0,HERC_BCN_37_NOV13,Francesca Pique and Caterina Barnaba,Francesca Pique,Caterina Barnaba,,,201311,2013-11,Wall painting,Thin-section,Herculaneum,Italy,04138f0a-3ae2-4fd0-88c7-7739277f432c,,Herculaneum,BCN,"BCN, Tablino, East wall","Selective sample of the second repair plaster layer, termed M2","1-3-D, 1-3-E"
1960,Field Sample 1960,c4f5fcaa-274d-4638-81f5-f1504552bcd8,"x-sec,thin section,  XRD, micro-Raman, ESEM-EDX (CIRCe & GCI)",7e454c8b-05d9-40e2-b99f-c8c3da0f08f0,HERC_BCN_37_NOV13,Francesca Pique and Caterina Barnaba,Francesca Pique,Caterina Barnaba,,,201311,2013-11,Wall painting,Scraping,Herculaneum,Italy,04138f0a-3ae2-4fd0-88c7-7739277f432c,,Herculaneum,BCN,"BCN, Tablino, East wall","Selective sample of the second repair plaster layer, termed M2","1-3-D, 1-3-E"
1961,Field Sample 1961,1ead69c3-a95f-45ee-bb48-08ad8b929665,"x-sec,thin section,  XRD, micro-Raman, ESEM-EDX (CIRCe & GCI)",7e454c8b-05d9-40e2-b99f-c8c3da0f08f0,HERC_BCN_37_NOV13,Francesca Pique and Caterina Barnaba,Francesca Pique,Caterina Barnaba,,,201311,2013-11,Wall painting,Fragment,Herculaneum,Italy,04138f0a-3ae2-4fd0-88c7-7739277f432c,,Herculaneum,BCN,"BCN, Tablino, East wall","Selective sample of the second repair plaster layer, termed M2","1-3-D, 1-3-E"
1962,Field Sample 1962,4cc6108d-1246-4325-8f22-c519564e9cc8,"x-sec,thin section,  XRD, micro-Raman, ESEM-EDX (CIRCe & GCI)",7e454c8b-05d9-40e2-b99f-c8c3da0f08f0,HERC_BCN_38_NOV13,Francesca Pique and Caterina Barnaba,Francesca Pique,Caterina Barnaba,,,201311,2013-11,Wall painting,Scraping,Herculaneum,Italy,04138f0a-3ae2-4fd0-88c7-7739277f432c,,Herculaneum,BCN,"BCN, Tablino, East wall","Selective sampling of backing plaster, termed M3; a small portion of the original plaster was also unitentionally sampled (see base of wall)","1-3-D, 1-3-E"
1963,Field Sample 1963,5a3e05e8-0f17-4f9f-94eb-c51d64966a2f,"x-sec,thin section,  XRD, micro-Raman, ESEM-EDX (CIRCe & GCI)",7e454c8b-05d9-40e2-b99f-c8c3da0f08f0,HERC_BCN_39B_NOV13,Francesca Pique and Caterina Barnaba,Francesca Pique,Caterina Barnaba,,,201311,2013-11,Wall painting,Scraping,Herculaneum,Italy,04138f0a-3ae2-4fd0-88c7-7739277f432c,,Herculaneum,BCN,"BCN, Tablino, East wall","Selective sampling of the repair grout, termed M4; sample exists as bulk material, powder, thin section, and cross section; some powder has been mixed with ZnO for analysis","1-3-D, 1-3-E"
1964,Field Sample 1964,db733b75-6f18-40b6-a982-2c4125a77e97,"x-sec,thin section,  XRD, micro-Raman, ESEM-EDX (CIRCe & GCI)",7e454c8b-05d9-40e2-b99f-c8c3da0f08f0,HERC_BCN_39B_NOV13,Francesca Pique and Caterina Barnaba,Francesca Pique,Caterina Barnaba,,,201311,2013-11,Wall painting,Fragment,Herculaneum,Italy,04138f0a-3ae2-4fd0-88c7-7739277f432c,,Herculaneum,BCN,"BCN, Tablino, East wall","Selective sampling of the repair grout, termed M4; sample exists as bulk material, powder, thin section, and cross section; some powder has been mixed with ZnO for analysis","1-3-D, 1-3-E"
1965,Field Sample 1965,e8c2420d-b7fb-41c3-8cc8-e2ea4d92dafb,"x-sec,thin section,  XRD, micro-Raman, ESEM-EDX (CIRCe & GCI)",7e454c8b-05d9-40e2-b99f-c8c3da0f08f0,HERC_BCN_40_NOV13,Francesca Pique and Caterina Barnaba,Francesca Pique,Caterina Barnaba,,,201311,2013-11,Wall painting,Thin-section,Herculaneum,Italy,04138f0a-3ae2-4fd0-88c7-7739277f432c,,Herculaneum,BCN,"BCN, Tablino, East wall",(Discuss with leslie-or double check FP's table) -- NOT in FP's table?  -- afine to 38 backing plaster?,"1-3-D, 1-3-E"
1966,Field Sample 1966,24c305e5-e7b3-4b52-8e34-2f49faa4c5af,"x-sec,thin section,  XRD, micro-Raman, ESEM-EDX (CIRCe & GCI)",7e454c8b-05d9-40e2-b99f-c8c3da0f08f0,HERC_BCN_40_NOV13,Francesca Pique and Caterina Barnaba,Francesca Pique,Caterina Barnaba,,,201311,2013-11,Wall painting,Scraping,Herculaneum,Italy,04138f0a-3ae2-4fd0-88c7-7739277f432c,,Herculaneum,BCN,"BCN, Tablino, East wall",(Discuss with leslie-or double check FP's table) -- NOT in FP's table?  -- afine to 38 backing plaster?,"1-3-D, 1-3-E"
1967,Field Sample 1967,0782ae7e-5923-4074-a0e9-e575d60a86dc,"x-sec,thin section,  XRD, micro-Raman, ESEM-EDX (CIRCe & GCI)",7e454c8b-05d9-40e2-b99f-c8c3da0f08f0,HERC_BCN_40_NOV13,Francesca Pique and Caterina Barnaba,Francesca Pique,Caterina Barnaba,,,201311,2013-11,Wall painting,Fragment,Herculaneum,Italy,04138f0a-3ae2-4fd0-88c7-7739277f432c,,Herculaneum,BCN,"BCN, Tablino, East wall",(Discuss with leslie-or double check FP's table) -- NOT in FP's table?  -- afine to 38 backing plaster?,"1-3-D, 1-3-E"
1968,Field Sample 1968,9fbc1748-5b62-4e35-8300-66646c52650f,"x-sec,thin section,  XRD, micro-Raman, ESEM-EDX (CIRCe & GCI)",7e454c8b-05d9-40e2-b99f-c8c3da0f08f0,HERC_BCN_41_NOV13,Francesca Pique and Caterina Barnaba,Francesca Pique,Caterina Barnaba,,,201311,2013-11,Wall painting,Thin-section,Herculaneum,Italy,04138f0a-3ae2-4fd0-88c7-7739277f432c,,Herculaneum,BCN,"BCN, Tablino, East wall",Fragment containing material from the first and second repair plasters as well as the finishing grey wash,"1-3-D, 1-3-E"
1969,Field Sample 1969,665e1494-5367-40f7-8c0c-794830320758,"x-sec,thin section,  XRD, micro-Raman, ESEM-EDX (CIRCe & GCI)",7e454c8b-05d9-40e2-b99f-c8c3da0f08f0,HERC_BCN_41_NOV13,Francesca Pique and Caterina Barnaba,Francesca Pique,Caterina Barnaba,,,201311,2013-11,Wall painting,Scraping,Herculaneum,Italy,04138f0a-3ae2-4fd0-88c7-7739277f432c,,Herculaneum,BCN,"BCN, Tablino, East wall",Fragment containing material from the first and second repair plasters as well as the finishing grey wash,"1-3-D, 1-3-E"
1970,Field Sample 1970,1bef6446-dce7-4ffe-bffd-328e1947804b,"x-sec,thin section,  XRD, micro-Raman, ESEM-EDX (CIRCe & GCI)",7e454c8b-05d9-40e2-b99f-c8c3da0f08f0,HERC_BCN_41_NOV13,Francesca Pique and Caterina Barnaba,Francesca Pique,Caterina Barnaba,,,201311,2013-11,Wall painting,Fragment,Herculaneum,Italy,04138f0a-3ae2-4fd0-88c7-7739277f432c,,Herculaneum,BCN,"BCN, Tablino, East wall",Fragment containing material from the first and second repair plasters as well as the finishing grey wash,"1-3-D, 1-3-E"
1971,Field Sample 1971,744a28c7-7e8c-42fa-a155-ecffecd0d57e,"x-sec,thin section,  XRD, micro-Raman, ESEM-EDX (CIRCe & GCI)",7e454c8b-05d9-40e2-b99f-c8c3da0f08f0,HERC_BCN_43_NOV13,Francesca Pique and Caterina Barnaba,Francesca Pique,Caterina Barnaba,,,201311,2013-11,Wall painting,Thin-section,Herculaneum,Italy,04138f0a-3ae2-4fd0-88c7-7739277f432c,,Herculaneum,BCN,"BCN, Tablino, East wall","Selective sampling of a fill, possibly cement, termed Mc","1-3-D, 1-3-E"
1972,Field Sample 1972,7e1f5a32-e3ff-40ee-8d62-b7d6dc01358b,"x-sec,thin section,  XRD, micro-Raman, ESEM-EDX (CIRCe & GCI)",7e454c8b-05d9-40e2-b99f-c8c3da0f08f0,HERC_BCN_43_NOV13,Francesca Pique and Caterina Barnaba,Francesca Pique,Caterina Barnaba,,,201311,2013-11,Wall painting,Scraping,Herculaneum,Italy,04138f0a-3ae2-4fd0-88c7-7739277f432c,,Herculaneum,BCN,"BCN, Tablino, East wall","Selective sampling of a fill, possibly cement, termed Mc","1-3-D, 1-3-E"
1973,Field Sample 1973,b865d993-cdb0-45b7-b886-f954f2298117,"x-sec,thin section,  XRD, micro-Raman, ESEM-EDX (CIRCe & GCI)",7e454c8b-05d9-40e2-b99f-c8c3da0f08f0,HERC_BCN_43_NOV13,Francesca Pique and Caterina Barnaba,Francesca Pique,Caterina Barnaba,,,201311,2013-11,Wall painting,Fragment,Herculaneum,Italy,04138f0a-3ae2-4fd0-88c7-7739277f432c,,Herculaneum,BCN,"BCN, Tablino, East wall","Selective sampling of a fill, possibly cement, termed Mc","1-3-D, 1-3-E"
1974,Field Sample 1974,93cea22c-8919-4f25-9cbd-dc0be8becd7e,"x-sec,thin section,  XRD, micro-Raman, ESEM-EDX (CIRCe & GCI)",7e454c8b-05d9-40e2-b99f-c8c3da0f08f0,HERC_BCN_48_NOV13,Francesca Pique and Caterina Barnaba,Francesca Pique,Caterina Barnaba,,,201311,2013-11,Wall painting,Thin-section,Herculaneum,Italy,04138f0a-3ae2-4fd0-88c7-7739277f432c,,Herculaneum,BCN,"BCN, Tablino, West wall",New tuff contaminated by salts,"1-3-D, 1-3-E"
1975,Field Sample 1975,cae664ae-81b4-46d1-ad4a-175124c155ab,"x-sec,thin section,  XRD, micro-Raman, ESEM-EDX (CIRCe & GCI)",7e454c8b-05d9-40e2-b99f-c8c3da0f08f0,HERC_BCN_48_NOV13,Francesca Pique and Caterina Barnaba,Francesca Pique,Caterina Barnaba,,,201311,2013-11,Wall painting,Cross-section,Herculaneum,Italy,04138f0a-3ae2-4fd0-88c7-7739277f432c,,Herculaneum,BCN,"BCN, Tablino, West wall",New tuff contaminated by salts,"1-3-D, 1-3-E"
1976,Field Sample 1976,5921bb2e-c761-4644-beb1-46d2faa057a2,"x-sec,thin section,  XRD, micro-Raman, ESEM-EDX (CIRCe & GCI)",7e454c8b-05d9-40e2-b99f-c8c3da0f08f0,HERC_BCN_48_NOV13,Francesca Pique and Caterina Barnaba,Francesca Pique,Caterina Barnaba,,,201311,2013-11,Wall painting,Scraping,Herculaneum,Italy,04138f0a-3ae2-4fd0-88c7-7739277f432c,,Herculaneum,BCN,"BCN, Tablino, West wall",New tuff contaminated by salts,"1-3-D, 1-3-E"
1977,Field Sample 1977,c4ea99ca-1f29-4f24-a559-bbd3b5b072ea,"x-sec,thin section,  XRD, micro-Raman, ESEM-EDX (CIRCe & GCI)",7e454c8b-05d9-40e2-b99f-c8c3da0f08f0,HERC_BCN_50,Francesca Pique and Caterina Barnaba,Francesca Pique,Caterina Barnaba,,,201311,2013-11,Wall painting,Thin-section,Herculaneum,Italy,04138f0a-3ae2-4fd0-88c7-7739277f432c,,Herculaneum,BCN,"BCN, Tablino, West wall","Selective sampling of backing plaster, termed M3.","1-3-D, 1-3-E"
1978,Field Sample 1978,f65919d6-2af7-49b9-8729-c0e8bb5ab0be,"x-sec,thin section,  XRD, micro-Raman, ESEM-EDX (CIRCe & GCI)",7e454c8b-05d9-40e2-b99f-c8c3da0f08f0,HERC_BCN_50,Francesca Pique and Caterina Barnaba,Francesca Pique,Caterina Barnaba,,,201311,2013-11,Wall painting,Scraping,Herculaneum,Italy,04138f0a-3ae2-4fd0-88c7-7739277f432c,,Herculaneum,BCN,"BCN, Tablino, West wall","Selective sampling of backing plaster, termed M3.","1-3-D, 1-3-E"
1979,Field Sample 1979,6b61f49f-6427-44a7-bb70-670feaa930d3,"x-sec,thin section,  XRD, micro-Raman, ESEM-EDX (CIRCe & GCI)",7e454c8b-05d9-40e2-b99f-c8c3da0f08f0,HERC_BCN_50,Francesca Pique and Caterina Barnaba,Francesca Pique,Caterina Barnaba,,,201311,2013-11,Wall painting,Fragment,Herculaneum,Italy,04138f0a-3ae2-4fd0-88c7-7739277f432c,,Herculaneum,BCN,"BCN, Tablino, West wall","Selective sampling of backing plaster, termed M3.","1-3-D, 1-3-E"
1980,Field Sample 1980,8a3d54c6-4020-4891-a6c2-f43e4687c6db,,,Herc_BCN_53,LR and KG,Leslie Rainer,K. Graves,,,20150901,2015-09-01,Wall painting,"Cross-section
Scraping
Unmounted materials",Herculaneum,Italy,04138f0a-3ae2-4fd0-88c7-7739277f432c,,Herculaneum,BCN,"BCN, Tablinlo, South wall","Red background, pink and white plaster","1-3-D, 1-3-E"
1981,Field Sample 1981,da7c2ac1-7099-4192-be29-a8e5f50f03c3,,,Herc_BCN_54,LR and KG,Leslie Rainer,K. Graves,,,20150901,2015-09-01,Wall painting,"Cross-section
Scraping
Unmounted materials",HerHerculaneum,Italy,04138f0a-3ae2-4fd0-88c7-7739277f432c,,Herculaneum,BCN,"BCN, Tablino, East wall (Frieze - EFI)",Black background and yellow background and tinted plaster,"1-3-D, 1-3-E"
1982,Field Sample 1982,e61a2055-daf9-4f89-badf-c272bd6f280b,,,Herc_BCN_55,LR and KG,Leslie Rainer,K. Graves,,,20150901,2015-09-01,Wall painting,"Cross-section
Scraping
Unmounted materials",Herculaneum,Italy,04138f0a-3ae2-4fd0-88c7-7739277f432c,,Herculaneum,BCN,"BCN, Tablino, West wall (Frieze - WF3)","Black background, Red background,and tinted plaster",
1983,Field Sample 1983,1f89652b-2799-4422-a39c-afb6862e1f54,,,Herc_BCN_56,LR and KG,Leslie Rainer,K. Graves,,,20150901,2015-09-01,Wall painting,"Cross-section
Scraping
Unmounted materials",Herculaneum,Italy,04138f0a-3ae2-4fd0-88c7-7739277f432c,,Herculaneum,BCN,"BCN, Tablino, South wall (Frieze - SW2)","Black background, red background, and tinted plaster","1-3-D, 1-3-E"
1984,Field Sample 1984,490f9504-6abd-411e-9467-3e035c7762e4,,,Herc_BCN_57,LR and KG,Leslie Rainer,K. Graves,,,20150901,2015-09-01,Wall painting,"Cross-section
Scraping
Unmounted materials",Herculaneum,Italy,04138f0a-3ae2-4fd0-88c7-7739277f432c,,Herculaneum,BCN,"BCN, Tablino, West wall (Frieze - WF2)",Red and yellow paint/egg and dart,"1-3-D, 1-3-E"
1985,Field Sample 1985,bbc29e07-3d01-44a6-955f-cce7daab8039,,,Herc_BCN_58,LR and KG,Leslie Rainer,K. Graves,,,20150901,2015-09-01,Wall painting,Unmounted materials,Herculaneum,Italy,04138f0a-3ae2-4fd0-88c7-7739277f432c,,Herculaneum,BCN,"BCN, Tablino, West wall (Frieze - WU1)","Red background, white plaster, grey plaster","1-3-D, 1-3-E"
1986,Field Sample 1986,8b73d284-18f0-4d16-b91a-ae60bb52e3f5,,,Herc_BCN_58_1,LR and KG,Leslie Rainer,K. Graves,,,20150901,2015-09-01,Wall painting,Cross-section,Herculaneum,Italy,04138f0a-3ae2-4fd0-88c7-7739277f432c,,Herculaneum,BCN,"BCN, Tablino, West wall (Frieze WU1)","Red background, white plaster, grey plaster","1-3-D, 1-3-E"
1987,Field Sample 1987,a3eb5db6-0aeb-4941-b97e-0acfdcc68812,,,Herc_BCN_58_2,LR and KG,Leslie Rainer,K. Graves,,,20150901,2015-09-01,Wall painting,Cross-section,Herculaneum,Italy,04138f0a-3ae2-4fd0-88c7-7739277f432c,,Herculaneum,BCN,"BCN, Tablino, West wall (WU1)","Red background, white plaster, grey plaster","1-3-D, 1-3-E"
1988,Field Sample 1988,d36879fa-4ae5-4f6c-a984-99d325a4bf0e,,,Herc_BCN_58_3,LR and KG,Leslie Rainer,K. Graves,,,20150901,2015-09-01,Wall painting,Cross-section,Herculaneum,Italy,04138f0a-3ae2-4fd0-88c7-7739277f432c,,Herculaneum,BCN,"BCN, Tablino, West wall (Frieze WU1)","Red background, white plaster, grey plaster","1-3-D, 1-3-E"
1989,Field Sample 1989,fee3f860-7e20-41a4-b3e5-ea5ebc235517,,,Herc_BCN_59,LR and KG,Leslie Rainer,K. Graves,,,20150901,2015-09-01,Wall painting,Unmounted materials,Herculaneum,Italy,04138f0a-3ae2-4fd0-88c7-7739277f432c,,Herculaneum,BCN,"BCN, Tablino, West wall (Frieze - WV1)","Black background, tinted plaster, grey plaster","1-3-D, 1-3-E"
1990,Field Sample 1990,233fd23f-51db-4ef1-94b0-c242b724e67c,,,Herc_BCN_59_1,LR and KG,Leslie Rainer,K. Graves,,,20150901,2015-09-01,Wall painting,Cross-section,Herculaneum,Italy,04138f0a-3ae2-4fd0-88c7-7739277f432c,,Herculaneum,BCN,"BCN, Tablino, West wall, (Frieze WV1)","Black background, tinted plaster, grey plaster","1-3-D, 1-3-E"
1991,Field Sample 1991,00299967-d149-46d6-8376-3a1df288a9ef,,,Herc_BCN_59_2,LR and KG,Leslie Rainer,K. Graves,,,20150901,2015-09-01,Wall painting,Cross-section,Herculaneum,Italy,04138f0a-3ae2-4fd0-88c7-7739277f432c,,Herculaneum,BCN,"BCN, Tablino, West wall (WV1)","Black background, tinted plaster, grey plaster","1-3-D, 1-3-E"
1992,Field Sample 1992,918e9ba4-ca82-4e75-9420-dd77b4d81ce2,,,Herc_BCN_59_3,LR and KG,Leslie Rainer,K. Graves,,,20150901,2015-09-01,Wall painting,Cross-section,Herculaneum,Italy,04138f0a-3ae2-4fd0-88c7-7739277f432c,,Herculaneum,BCN,"BCN, Tablino, West wall (WV1)","Black background, tinted plaster, grey plaster","1-3-D, 1-3-E"
1993,Field Sample 1993,649ae819-81ad-45f1-ae8f-ad2d9b007f2e,,,Herc_BCN_60,LR and KG,Leslie Rainer,K. Graves,,,20150901,2015-09-01,Wall painting,Fragment,Herculaneum,Italy,04138f0a-3ae2-4fd0-88c7-7739277f432c,,Herculaneum,BCN,"BCN, Tablino, East wall (Frieze EB3)",Grey plaster,"1-3-D, 1-3-E"
1994,Field Sample 1994,185184fb-d38d-414b-a06b-01a92fd6d7a9,,,Herc_BCN_60_1-5,LR and KG,Leslie Rainer,K. Graves,,,20150901,2015-09-01,Wall painting,Unmounted materials,Herculaneum,Italy,04138f0a-3ae2-4fd0-88c7-7739277f432c,,Herculaneum,BCN,"BCN, Tablino, East wall (Frieze - EB3)",Grey plaster,"1-3-D, 1-3-E"
1995,Field Sample 1995,7bd73f82-c789-4a3b-af40-44a737ad0154,,,Herc_BCN_60_1-2,LR and KG,Leslie Rainer,K. Graves,,,20150901,2015-09-01,Wall painting,Cross-section,Herculaneum,Italy,04138f0a-3ae2-4fd0-88c7-7739277f432c,,Herculaneum,BCN,"BCN, Tablino, East wall (Frieze EB3)",Grey plaster,"1-3-D, 1-3-E"
1996,Field Sample 1996,ea5f8254-364e-426f-a1c8-4de6094cd3c2,,,Herc_BCN_60_3,LR and KG,Leslie Rainer,K. Graves,,,20150901,2015-09-01,Wall painting,Cross-section,Herculaneum,Italy,04138f0a-3ae2-4fd0-88c7-7739277f432c,,Herculaneum,BCN,"BCN, Tablino, East wall (Frieze EB3)",Grey plaster,"1-3-D, 1-3-E"
1997,Field Sample 1997,258faaf9-4a54-43e9-895d-a1311111e8ad,,,Herc_BCN_60_4,LR and KG,Leslie Rainer,K. Graves,,,20150901,2015-09-01,Wall painting,Cross-section,Herculaneum,Italy,04138f0a-3ae2-4fd0-88c7-7739277f432c,,Herculaneum,BCN,"BCN, Tablino, East wall (Frieze EB3)",Grey plaster,"1-3-D, 1-3-E"
1998,Field Sample 1998,5d1fd708-bd81-48f7-8fe3-9f99c5051ea2,,,Herc_BCN_60_5,LR and KG,Leslie Rainer,K. Graves,,,20150901,2015-09-01,Wall painting,Cross-section,Herculaneum,Italy,04138f0a-3ae2-4fd0-88c7-7739277f432c,,Herculaneum,BCN,"BCN, Tablino, East wall (Frieze EB3)",Grey plaster,"1-3-D, 1-3-E"
1999,Field Sample 1999,7aa1a25e-c978-4a86-8c53-0dd3e525eb87,,,Herc_BCN_58_59_60,LR and KG,Leslie Rainer,K. Graves,,,20150901,2015-09-01,Wall painting,Powder/fragments,Herculaneum,Italy,04138f0a-3ae2-4fd0-88c7-7739277f432c,,Herculaneum,BCN,"BCN, Tablino
58: West wall (Frieze WU1)
59: West wall (Frieze WV1)
60: East wall (Frieze EB3)","XRD powders
58: Red background, white plaster, grey plaster
59: Black background, tinted plaster
60: Grey plaster","1-3-D, 1-3-E"
2000,Field Sample 2000,954ff94e-8b29-493c-95e9-41be5e6b3ecc,,,Herc_BCN_52,LR,Leslie Rainer,,,,201509,2015-09,Wall painting,"Cross-section
Unmounted materials",Herculaneum,Italy,04138f0a-3ae2-4fd0-88c7-7739277f432c,,Herculaneum,BCN,,,"1-3-D, 1-3-E"
2001,Field Sample 2001,964dfdf2-c856-4821-a599-815cf60e8b26,,,Herc_BCN_ss32,MG,MG,,,,20151005,2015-10-05,Wall painting,Scraping,Herculaneum,Italy,04138f0a-3ae2-4fd0-88c7-7739277f432c,,Herculaneum,BCN,"BCN, Tablino, West wall (WL1)",,"1-3-D, 1-3-E"
2002,Field Sample 2002,bff68523-99b2-4680-8a9b-1bef063c3b43,,,Herc_BCN_58,LR and KG,Leslie Rainer,K. Graves,,,201509,2015-09,Wall painting,"Powder
Scraping",Herculaneum,Italy,04138f0a-3ae2-4fd0-88c7-7739277f432c,,Herculaneum,BCN,"BCN, Tablino, West wall (WU1)","Red background, white plaster, grey plaster","1-3-D, 1-3-E"
2003,Field Sample 2003,ec7b8419-a043-42f9-858b-181c724c4ab1,,,Herc_BCN_59,LR and KG,Leslie Rainer,K. Graves,,,201509,2015-09,Wall painting,Scraping,Herculaneum,Italy,04138f0a-3ae2-4fd0-88c7-7739277f432c,,Herculaneum,BCN,"BCN, Tablino, West wall (WV1)","Black background, tinted plaster, grey plaster","1-3-D, 1-3-E"
2004,Field Sample 2004,bba121a8-1026-46c8-ab11-df8e4a4f7884,,,Herc_BCN_ss31,MG,MG,,,,20151005,2015-10-05,Wall painting,ESEM Stub,Herculaneum,Italy,04138f0a-3ae2-4fd0-88c7-7739277f432c,,Herculaneum,BCN,"BCN, Tablino, West wall (WL1)",Non-original coating with some pigment,"1-3-D, 1-3-E"
2005,Field Sample 2005,6666c804-006b-4331-8377-cda0cd19eb5b,,,Herc_BCN_57b,LR and KG,Leslie Rainer,K. Graves,,,20150901,2015-09-01,Wall painting,Scraping,Herculaneum,Italy,04138f0a-3ae2-4fd0-88c7-7739277f432c,,Herculaneum,BCN,"Herc_BCN_Tablino, West Wall (Frieze - WF2)","Red and yellow paint, egg and dart","1-3-D, 1-3-F"
2006,Field Sample 2006,75e36134-ea14-459f-b2ce-1f5ffa3b5f72,,,M7,GCI,Getty Conservation Institute,,,,200105,2001-05,Mortar,,Maya,Honduras,9309847d-7a8b-4544-a7ab-fc43f56593b3,,Copán,,Hieroglyphic Stairway,Lime (?). One large piece with smaller powder flaking off from it.,1-2-I
2007,Field Sample 2007,c5e88652-484a-4ac4-9d58-70e7e9ef5b73,,,M8,,,,,,200105,2001-05,Mortar,,Maya,Honduras,9309847d-7a8b-4544-a7ab-fc43f56593b3,,Copán,,"Hieroglyphic Stairway, East patio",Mortar - new work,1-2-I
2008,Field Sample 2008,cf4cc69e-6196-4971-999b-4926468bb5c0,,,M9,,,,,,200105,2001-05,Mortar,,Maya,Honduras,9309847d-7a8b-4544-a7ab-fc43f56593b3,,Copán,,Hieroglyphic Stairway,,1-2-I
2009,Field Sample 2009,ca904d46-89f2-4e30-a39c-745c18d026df,,,M10,,,,,,200105,2001-05,Mortar,,Maya,Honduras,9309847d-7a8b-4544-a7ab-fc43f56593b3,,Copán,,Hieroglyphic Stairway,Soft mortar,1-2-I
2010,Field Sample 2010,5a2181a3-04f0-4e38-8cab-9f88634e2d1b,,,EAI_SRP_7a_dec2015,Clemencia Vernaza,Clemencia Vernaza,,,,201512,2015-12,Wall painting,Fragment,EAI_SRP,Peru,d124bf25-8952-43ce-a189-c70fc540a194,,Cusco,Kuno Tambo,North Wall N8T,Red color. First decoration.,4-F
2011,Field Sample 2011,4cb4ae0e-b4d5-44c4-9ac3-f36e7ea4a111,,,EAI_SRP_8a_dec2015,Clemencia Vernaza,Clemencia Vernaza,,,,201512,2015-12,Wall painting,Powder/fragments,EAI_SRP,Peru,d124bf25-8952-43ce-a189-c70fc540a194,,Cusco,Kuno Tambo,East Wall E1B,Red color. First decoration?,4-F
2012,Field Sample 2012,cdcd3b5e-6547-4ec7-998d-c17fa308a06b,,,EAI_SRP_11a_dec2015,Clemencia Vernaza,Clemencia Vernaza,,,,201512,2015-12,Wall painting,Fragment,EAI_SRP,Peru,d124bf25-8952-43ce-a189-c70fc540a194,,Cusco,Kuno Tambo,East Wall E1B,Yellow ochre color. Layer?,4-F
2013,Field Sample 2013,5d60d3f9-39f9-4c97-a860-57e96ac92589,,,EAI_SRP_14a_dec2015,Clemencia Vernaza,Clemencia Vernaza,,,,201512,2015-12,Wall painting,Scraping,EAI_SRP,Peru,d124bf25-8952-43ce-a189-c70fc540a194,,Cusco,Kuno Tambo,North Column (Columna N),Red color. Layer?,4-F
2014,Field Sample 2014,65532f9d-39c8-4dd6-9b0b-96fd690c0a01,,,EAI_SRP_16a_dec2015,Clemencia Vernaza,Clemencia Vernaza,,,,201512,2015-12,Wall painting,Fragment,EAI_SRP,Peru,d124bf25-8952-43ce-a189-c70fc540a194,,Cusco,Kuno Tambo,South Wall S6B,"Red color. Layer?

Fragment in foil; fibers in vial.",4-F
2015,Field Sample 2015,8652f072-a1e0-42db-9284-3f6f1a712fcc,,,EAI_SRP_19a_dec2015,Clemencia Vernaza,Clemencia Vernaza,,,,201512,2015-12,Wall painting,Fragment,EAI_SRP,Peru,d124bf25-8952-43ce-a189-c70fc540a194,,Cusco,Kuno Tambo,South Wall S11T,Red color. Layer?,4-F
2016,Field Sample 2016,2e6fd2ac-e57f-4ad7-941f-d0773244f076,,,EAI_SRP_22a_dec2015,Clemencia Vernaza,Clemencia Vernaza,,,,201512,2015-12,Wall painting,Powder/fragments,EAI_SRP,Peru,d124bf25-8952-43ce-a189-c70fc540a194,,Cusco,Kuno Tambo,North Wall N3B,Red color checkered pattern. Layer?,4-F
2017,Field Sample 2017,18b1fbee-084d-494d-9a63-b61a2dfaee0c,,,EAI_SRP_23a_dec2015,Clemencia Vernaza,Clemencia Vernaza,,,,201512,2015-12,Wall painting,Powder/fragments,EAI_SRP,Peru,d124bf25-8952-43ce-a189-c70fc540a194,,Cusco,Kuno Tambo,North Wall N3B,Yellow ochre checkered pattern. Layer?,4-F
2018,Field Sample 2018,9d92d2c4-8911-4c15-93b1-4d64db8f21af,,,EAI_SRP_24a_dec2015,Clemencia Vernaza,Clemencia Vernaza,,,,201512,2015-12,Wall painting,Powder/fragments,EAI_SRP,Peru,d124bf25-8952-43ce-a189-c70fc540a194,,Cusco,Kuno Tambo,North Wall N3B,Red division lines checkered pattern. Layer?,4-F
2019,Field Sample 2019,d9908b83-a31a-40db-8be9-e0dbc161baaa,,,EAI_SRP_36a_dec2015,Clemencia Vernaza,Clemencia Vernaza,,,,201512,2015-12,Wall painting,Powder/fragments,EAI_SRP,Peru,d124bf25-8952-43ce-a189-c70fc540a194,,Cusco,Kuno Tambo,East Wall E1N (Coro),Red. Layer?,4-F
2020,Field Sample 2020,11cf713a-de46-4ca2-889c-5b56927c5e82,,,EAI_SRP_36b_dec2015,Clemencia Vernaza,Clemencia Vernaza,,,,201512,2015-12,Wall painting,Powder/fragments,EAI_SRP,Peru,d124bf25-8952-43ce-a189-c70fc540a194,,Cusco,Kuno Tambo,East Wall E1N (Coro),Green. Layer?,4-F
2021,Field Sample 2021,ce98a7f0-14b9-49f8-8ed4-9aecf8bb853b,,,EAI_SRP_36c_dec2015,Clemencia Vernaza,Clemencia Vernaza,,,,201512,2015-12,Wall painting,Fragment,EAI_SRP,Peru,d124bf25-8952-43ce-a189-c70fc540a194,,Cusco,Kuno Tambo,East Wall E1N (Coro),Yellow ochre. Layer?,4-F
2022,Field Sample 2022,e52d60c6-1fb8-484b-896d-3d804277c33a,,,EAI_SRP_38_dec2015,Clemencia Vernaza,Clemencia Vernaza,,,,201512,2015-12,Walll painting,Earth render,EAI_SRP,Peru,d124bf25-8952-43ce-a189-c70fc540a194,,Cusco,Kuno Tambo,South Wall S4B,Earth render,4-F
2023,Field Sample 2023,e756ff47-5ae4-4c33-a618-be72d4f03dd9,,,EAI_SRP_17_dec2015,Clemencia Vernaza,Clemencia Vernaza,,,,201512,2015-12,Wall painting,Powder/fragments,EAI_SRP,Peru,d124bf25-8952-43ce-a189-c70fc540a194,,Cusco,Kuno Tambo,,,4-F
2024,Field Sample 2024,8dc48fa7-94ac-4508-8129-a503259d19c6,,,EAI_SRP_20_dec2015,Clemencia Vernaza,Clemencia Vernaza,,,,201512,2015-12,Wall painting,Powder/fragments,EAI_SRP,Peru,d124bf25-8952-43ce-a189-c70fc540a194,,Cusco,Kuno Tambo,S10B,,4-F
2025,Field Sample 2025,3bbed294-3e88-40e3-a3bf-5ada1f280364,,,eai_srp_16a,,,,,,,,,,,,,,,,,,
2026,Field Sample 2026,1e100b6a-c527-492d-842a-91e359d41815,,,BR_MCh_2013_OWM1,GCI,Getty Conservation Institute,,,,2013,2013,Mortar,,Mosaics,Tunisia,a7447f41-9255-4805-a6c3-72c45768c1c2,true,Bulla Regia,Maison de la Chasse,Walls in Maison de la Chasse,"Original wall mortar from Maison de la Chasse, Bulla Regia.",1-4-F-4
2027,Field Sample 2027,5e1f9560-0574-4581-aa44-0cb595f5e361,,,BR_MCh_2013_OWM2,GCI,Getty Conservation Institute,,,,2013,2013,Mortar,,Mosaics,Tunisia,a7447f41-9255-4805-a6c3-72c45768c1c2,true,Bulla Regia,Maison de la Chasse,Walls in Maison de la Chasse,"Original wall mortar from Maison de la Chasse, Bulla Regia.",1-4-F-4
2028,Field Sample 2028,2c32113b-74f3-4c22-9ce4-cfdf82c37916,,,BR_MCh_2013_OWM3,GCI,Getty Conservation Institute,,,,2013,2013,Mortar,,Mosaics,Tunisia,a7447f41-9255-4805-a6c3-72c45768c1c2,true,Bulla Regia,Maison de la Chasse,Walls in Maison de la Chasse,"Original wall mortar from Maison de la Chasse, Bulla Regia.",1-4-F-4
2029,Field Sample 2029,55b1682b-6f78-42c8-968c-f0b11498e80e,,,BR_MCh_2013_OWM3,GCI,Getty Conservation Institute,,,,2013,2013,Mortar,,Mosaics,Tunisia,a7447f41-9255-4805-a6c3-72c45768c1c2,true,Bulla Regia,Maison de la Chasse,Walls in Maison de la Chasse,"Original wall mortar from Maison de la Chasse, Bulla Regia",1-4-F-4
2030,Field Sample 2030,a5470649-37fd-4e06-b85d-3c65d745c443,,,BR_MCh_2013_OWS1,GCI,Getty Conservation Institute,,,,2013,2013,Stone,,Mosaics,Tunisia,a7447f41-9255-4805-a6c3-72c45768c1c2,true,Bulla Regia,Maison de la Chasse,Walls in Maison de la Chasse,"Stone from walls. Maison de la Chasse, Bulla Regia.",1-4-F-4
2031,Field Sample 2031,1e2930ef-441d-434e-9f0b-3189d42bf8c3,,,BR_MCh_2013_T1,GCI,Getty Conservation Institute,,,,2013,2013,Tesserae,,Mosaics,Tunisia,a7447f41-9255-4805-a6c3-72c45768c1c2,true,Bulla Regia,Maison de la Chasse,,"Random tesserae from Maison de la Chasse, Bulla Regia.",1-4-F-4
2032,Field Sample 2032,99b39506-8951-4a86-9a17-3fe3c10e4994,,,BR_2013_BIN11b,GCI,Getty Conservation Institute,,,,2013,2013,Cement,Powder,Mosaics,Tunisia,a7447f41-9255-4805-a6c3-72c45768c1c2,true,Bulla Regia,,,Binder Specimen: Gray portland cement,1-6-E
2033,Field Sample 2033,2702e399-4880-4331-a521-e9e46b481fc5,,,BR_2013_BIN12b,GCI,Getty Conservation Institute,,,,2013,2013,Cement,Powder,Mosaics,Tunisia,a7447f41-9255-4805-a6c3-72c45768c1c2,true,Bulla Regia,,,Binder Specimen: White cement (unknown local Tunisian source),1-6-E
2034,Field Sample 2034,0dbd96de-c4d0-457e-8d00-9cdd3d024d8e,,,BR_2013_BIN5,GCI,Getty Conservation Institute,,,,2013,2013,Limestone,Powder,Mosaics,Tunisia,a7447f41-9255-4805-a6c3-72c45768c1c2,true,Bulla Regia,,,Binder Specimen: QUICKLIME SOLIMAN/FOUNDUK JADID Limestone,1-6-E
2035,Field Sample 2035,11a00004-da78-42f7-a32e-1e3241e0b690,,,BR_2013_BIN11a,GCI,Getty Conservation Institute,,,,2013,2013,Cement,Powder,Mosaics,Tunisia,a7447f41-9255-4805-a6c3-72c45768c1c2,true,Bulla Regia,,,Binder Specimen: Gray portland cement,1-6-E
2036,Field Sample 2036,c7acc01d-e2cf-47d7-be04-720fcf73f326,,,BR_2013_BIN12a,GCI,Getty Conservation Institute,,,,2013,2013,Cement,Powder,Mosaics,Tunisia,a7447f41-9255-4805-a6c3-72c45768c1c2,true,Bulla Regia,,,Binder Specimen: White cement (unknown local Tunisian source),1-6-E
2037,Field Sample 2037,bb439a00-8b57-4695-bfe4-5e571c1f8855,,,BR_2013_BIN4,GCI,Getty Conservation Institute,,,,2013,2013,Quicklime,Powder,Mosaics,Tunisia,a7447f41-9255-4805-a6c3-72c45768c1c2,true,Bulla Regia,,,Binder Specimen: Quicklime SFAX,1-6-E
2038,Field Sample 2038,4a2dcccc-d9a6-4852-aa10-9ff467c14a54,,,BR_2013_BIN1a,GCI,Getty Conservation Institute,,,,2013,2013,Cement,Powder,Mosaics,Tunisia,a7447f41-9255-4805-a6c3-72c45768c1c2,true,Bulla Regia,,,Binder Specimen: CEM II/ A-L 42.5 N White Cement (Tunisian standards-TS),1-6-E
2039,Field Sample 2039,0fdc88ae-cf0e-4a3b-9067-d9ef9439afa7,,,BR_2013_BIN1b,GCI,Getty Conservation Institute,,,,2013,2013,Cement,Powder,Mosaics,Tunisia,a7447f41-9255-4805-a6c3-72c45768c1c2,true,Bulla Regia,,,Binder Specimen: CEM II/ A-L 42.5 N White Cement (Tunisian standards-TS),1-6-E
2040,Field Sample 2040,67fd6141-d73e-42bc-8675-ef0108567f0f,,,BR_2013_OM5,GCI,Getty Conservation Institute,,,,2013,2013,Soil,Raw material,Mosaics,Tunisia,a7447f41-9255-4805-a6c3-72c45768c1c2,true,Bulla Regia,,,Soil Bulla Regia,1-4-F-4
2041,Field Sample 2041,ec714c36-fefb-475c-b97f-bf8557c28cb6,,,BR_2013_GSBS1,GCI,Getty Conservation Institute,,,,2013,2013,Gravel,Raw material,Mosaics,Tunisia,a7447f41-9255-4805-a6c3-72c45768c1c2,true,Bulla Regia,,,"Gravel, Sand, Brick, and Soil Specimens: Gravel Rouissat",1-6-D1
2042,Field Sample 2042,85206479-5888-4ab5-8b66-4369d3c91e17,,,BR_2013_GSBS2,GCI,Getty Conservation Institute,,,,2013,2013,Gravel,Raw material,Mosaics,Tunisia,a7447f41-9255-4805-a6c3-72c45768c1c2,true,Bulla Regia,,,"Gravel, Sand, Brick, and Soil Specimens: Beige Gravel from nearby quarry",1-6-D1
2043,Field Sample 2043,c46a84df-bc19-48f9-bd2e-af0cdfc60f24,,,BR_2013_GSBS3,GCI,Getty Conservation Institute,,,,2013,2013,Gravel,Powder,Mosaics,Tunisia,a7447f41-9255-4805-a6c3-72c45768c1c2,true,Bulla Regia,,,"Gravel, Sand, Brick, and Soil Specimens: Beige Gravel from Bulla Regia (0-5mm)",1-6-D1
2044,Field Sample 2044,9d0c7f62-b5d7-4a60-af1f-fcc9dde058e0,,,BR_2013_BIN10a,GCI,Getty Conservation Institute,,,,2013,2013,,Powder,Mosaics,Tunisia,a7447f41-9255-4805-a6c3-72c45768c1c2,true,Bulla Regia,,,Binder Specimen: NHL 6.0,1-6-E
2045,Field Sample 2045,55697b65-cc5f-40a1-b28e-29ffe285b32c,,,BR_2013_BIN10b,GCI,Getty Conservation Institute,,,,2013,2013,,Powder,Mosaics,Tunisia,a7447f41-9255-4805-a6c3-72c45768c1c2,true,Bulla Regia,,,Binder Specimen: NHL 6.0,1-6-E
2046,Field Sample 2046,99411514-0e27-4efa-880e-934f7a4263d6,,,BR_2013_GSBS6a,GCI,Getty Conservation Institute,,,,2013,2013,Brick. l,Powder,Mosaics,Tunisia,a7447f41-9255-4805-a6c3-72c45768c1c2,true,Beja,,,"Gravel, Sand, Brick, and Soil Specimen: Fired brick from Beja (BD-B, Red brick dust)",1-6-D1
2047,Field Sample 2047,5b795df7-d375-4aba-9d28-9f72b0ca9c64,,,BR_2013_GSBS6b,GCI,Getty Conservation Institute,,,,2013,2013,Brick,Powder,Mosaics,Tunisia,a7447f41-9255-4805-a6c3-72c45768c1c2,true,Beja,,,"Gravel, Sand, Brick, and Soil Specimen: Fired brick from Beja (BD-B)",1-6-D1
2048,Field Sample 2048,3fce2f75-4328-48eb-8fa7-f6b3fb37fa04,,,BR_2013_GSBS6c,GCI,Getty Conservation Institute,,,,2013,2013,Brick,Powder,Mosaics,Tunisia,a7447f41-9255-4805-a6c3-72c45768c1c2,true,Beja,,,"Gravel, Sand, Brick, and Soil Specimen: Fired brick from Beja (Fired local Brick)",1-6-D1
2049,Field Sample 2049,efa54b79-07e8-4c8a-b271-8919d9c054dd,,,BR_2013_GSBS7a,GCI,Getty Conservation Institute,,,,2013,2013,Brick,Raw material,Mosaics,Tunisia,a7447f41-9255-4805-a6c3-72c45768c1c2,true,Kairouan,,,"Gravel, Sand, Brick, and Soil Specimen: Raw bricks from Kairouan kiln",1-6-D1
2050,Field Sample 2050,d9e931b5-c159-47aa-a229-5b9b447cb274,,,BR_2013_GSBS7b,GCI,Getty Conservation Institute,,,,2013,2013,Brick,Raw material,Mosaics,Tunisia,a7447f41-9255-4805-a6c3-72c45768c1c2,true,Kairouan,,,"Gravel, Sand, Brick, and Soil Specimen: Raw bricks from Kairouan kiln",1-6-D1
2051,Field Sample 2051,54965cf5-161a-4f80-b85a-edcfdfcb2adb,,,BR_2013_GSBS9,GCI,Getty Conservation Institute,,,,2013,2013,Sand,Raw material,Mosaics,Tunisia,a7447f41-9255-4805-a6c3-72c45768c1c2,true,Jendouba,,,"Gravel, Sand, Brick, and Soil Specimen: Orange sand (Sand reburial 2013 from Jendouba, sieved 4mm)",1-6-D1
2052,Field Sample 2052,a3938d2f-dfad-4b1c-84a0-124cb63088fb,,,BR_2013_GSBS8a,GCI,Getty Conservation Institute,,,,2013,2013,Brick,Raw material,Mosaics,Tunisia,a7447f41-9255-4805-a6c3-72c45768c1c2,true,Kairouan,,,"Gravel, Sand, Brick, and Soil Specimen: Fired bricks from Kairouan kiln (BD-R, Red brick)",1-6-D1
2053,Field Sample 2053,e616b382-50c2-4774-be25-884fc9964b57,,,BR_2013_GSBS8b,GCI,Getty Conservation Institute,,,,2013,2013,Brick,Raw material,Mosaics,Tunisia,a7447f41-9255-4805-a6c3-72c45768c1c2,true,Kairouan,,,"Gravel, Sand, Brick, and Soil Specimen: Fired bricks from Kairouan kiln (BD-Y, Yellow-white brick)",1-6-D1
2054,Field Sample 2054,c33675ab-8821-4946-a9e5-f6e480f1505c,,,BR_2013_GSBS8c,GCI,Getty Conservation Institute,,,,2013,2013,Brick,Powder,Mosaics,Tunisia,a7447f41-9255-4805-a6c3-72c45768c1c2,true,Kairouan,,,"Gravel, Sand, Brick, and Soil Specimen: Fired bricks from Kairouan kiln (BD-G, Green brick dust)",1-6-D1
2055,Field Sample 2055,d59e7f88-8c76-4c1c-a01e-2246b1a9020c,,,BR_2013_GSBS8d,GCI,Getty Conservation Institute,,,,2013,2013,Brick,Powder,Mosaics,Tunisia,a7447f41-9255-4805-a6c3-72c45768c1c2,true,Kairouan,,,"Gravel, Sand, Brick, and Soil Specimen: Fired bricks from Kairouan kiln (BD-R, Red brick dust)",1-6-D1
2056,Field Sample 2056,82909125-d282-4551-b6c6-96e30311d9f0,,,BR_2013_GSBS8e,GCI,Getty Conservation Institute,,,,2013,2013,Brick,Powder,Mosaics,Tunisia,a7447f41-9255-4805-a6c3-72c45768c1c2,true,Kairouan,,,"Gravel, Sand, Brick, and Soil Specimen: Fired bricks from Kairouan kiln (BD-Y, Yellow-white brick dust)",1-6-D1
2057,Field Sample 2057,fd5a77b9-c698-407a-b1b4-5bfce3f5fc87,,,BR_2013_GSBS8f,GCI,Getty Conservation Institute,,,,2013,2013,Brick,Powder,Mosaics,Tunisia,a7447f41-9255-4805-a6c3-72c45768c1c2,true,Kairouan,,,"Gravel, Sand, Brick, and Soil Specimen: Fired bricks from Kairouan kiln (BD-G, Green brick dust)",1-6-D1
2058,Field Sample 2058,b370a7fe-fce2-495b-b142-d64435c442e7,,,BR_2013_GSBS10,GCI,Getty Conservation Institute,,,,2013,2013,Sand,Raw material,Mosaics,Tunisia,a7447f41-9255-4805-a6c3-72c45768c1c2,true,Bulla Regia,,,"Gravel, Sand, Brick, and Soil Specimens: Light yellow sand",1-6-D1
2059,Field Sample 2059,cac066e0-b31f-426a-acfb-b4727f783e96,,,BR_2013_GSBS11,GCI,Getty Conservation Institute,,,,2013,2013,Sand,Raw material,Mosaics,Tunisia,a7447f41-9255-4805-a6c3-72c45768c1c2,true,Bulla Regia,,,"Gravel, Sand, Brick, and Soil Specimens: White sand for interstices",1-6-D1
2060,Field Sample 2060,fa22bc24-75c8-4cc4-8efd-5ecb0812a6a2,,,BR_2013_GSBS12a,GCI,Getty Conservation Institute,,,,2013,2013,Sand,Raw material,Mosaics,Tunisia,a7447f41-9255-4805-a6c3-72c45768c1c2,true,Bulla Regia,,,"Gravel, Sand, Brick, and Soil Specimens: Yellow sand (0-3mm)",1-6-D1
2061,Field Sample 2061,b2958555-9967-45e5-a35b-4f9cc8c143ac,,,BR_2013_GSBS12b,GCI,Getty Conservation Institute,,,,2013,2013,Sand,Raw material,Mosaics,Tunisia,a7447f41-9255-4805-a6c3-72c45768c1c2,true,Bulla Regia,,,"Gravel, Sand, Brick, and Soil Specimens: Yellow sand",1-6-D1
2062,Field Sample 2062,fa4bddd6-735d-4d2f-8da5-19e13e6324db,,,BR_2013_TOZ1,GCI,Getty Conservation Institute,,,,2013,2013,Brick,Fragment,Mosaics,Tunisia,a7447f41-9255-4805-a6c3-72c45768c1c2,true,Tozeur,,,Bricks from Tozeur (fragments and brick dust),1-6-D1
2063,Field Sample 2063,3e386483-9cab-42ec-892b-e5850d088ee9,,,Sample Row: 2063,,,,,,,,,"Soil, tuff",Laetoli,Tanzania,f6e0501b-8938-4d79-92b1-e699c71db831,,Laetoli Trackway,,,,1-3-I
2064,Field Sample 2064,47fc4a1a-d630-4c4d-931f-5986d9e80aa6,,,Sample Row: 2064,,,,,,,,,Tuff,Laetoli,Tanzania,f6e0501b-8938-4d79-92b1-e699c71db831,,Laetoli Trackway,,,,1-3-L
2065,Field Sample 2065,bcad50cd-18f4-4ef9-9e1c-34372aca4bc2,Laetoli Trip Report 1995. 1995 Laetoli sample log,892030ff-8955-439e-8a4a-a9e7bc25d3dc,1,Po-Ming Lin,Po-Ming Lin,,,,1995-07-04,1995-07-04,Soil,Loose material,Laetoli,Tanzania,f6e0501b-8938-4d79-92b1-e699c71db831,,Laetoli Trackway,,"2 meters from SE of the trackway. Tree No. 125, North 0cm, surface",Bag of soil in ziplock bag,1-3-L
2066,Field Sample 2066,3515c4a5-0de8-4cbe-8aca-d45883bbac3f,Laetoli Trip Report 1995. 1995 Laetoli sample log,892030ff-8955-439e-8a4a-a9e7bc25d3dc,2,Po-Ming Lin,Po-Ming Lin,,,,1995-07-04,1995-07-04,Soil,Loose material,Laetoli,Tanzania,f6e0501b-8938-4d79-92b1-e699c71db831,,Laetoli Trackway,,"2 meters from SE of the trackway. Tree No. 125, North 0cm, 10cm depth from surface",Bag of soil in ziplock bag,1-3-L
2067,Field Sample 2067,dbdf4ab9-d879-4442-a7ea-f32a7cddf78a,Laetoli Trip Report 1995. 1995 Laetoli sample log,892030ff-8955-439e-8a4a-a9e7bc25d3dc,3,Po-Ming Lin,Po-Ming Lin,,,,1995-07-04,1995-07-04,Soil,Loose material,Laetoli,Tanzania,f6e0501b-8938-4d79-92b1-e699c71db831,,Laetoli Trackway,,"2 meters from SE of the trackway. Tree No. 125, North 0cm, 20cm depth from surface",Bag of soil in ziplock bag,1-3-L
2068,Field Sample 2068,083f1f38-45e2-4ea5-a460-c43705ecc65e,Laetoli Trip Report 1995. 1995 Laetoli sample log,892030ff-8955-439e-8a4a-a9e7bc25d3dc,4,Po-Ming Lin,Po-Ming Lin,,,,1995-07-04,1995-07-04,Soil,Loose material,Laetoli,Tanzania,f6e0501b-8938-4d79-92b1-e699c71db831,,Laetoli Trackway,,"2 meters from SE of the trackway. Tree No. 125, South 0cm, surface",Bag of soil in ziplock bag,1-3-L
2069,Field Sample 2069,5242f0cb-a88f-41c1-b537-59ad5689f74d,Laetoli Trip Report 1995. 1995 Laetoli sample log,892030ff-8955-439e-8a4a-a9e7bc25d3dc,5,Po-Ming Lin,Po-Ming Lin,,,,1995-07-04,1995-07-04,Soil,Loose material,Laetoli,Tanzania,f6e0501b-8938-4d79-92b1-e699c71db831,,Laetoli Trackway,,"2 meters from SE of the trackway. Tree No. 125, South 0cm, 10cm depth from surface",Bag of soil in ziplock bag,1-3-L
2070,Field Sample 2070,6d5a88ff-5b61-4f21-ac1e-ccb2b596a5f1,Laetoli Trip Report 1995. 1995 Laetoli sample log,892030ff-8955-439e-8a4a-a9e7bc25d3dc,6,Po-Ming Lin,Po-Ming Lin,,,,1995-07-04,1995-07-04,Soil,Loose material,Laetoli,Tanzania,f6e0501b-8938-4d79-92b1-e699c71db831,,Laetoli Trackway,,"2 meters from SE of the trackway. Tree No. 125, South 0cm, 20cm depth from surface",Bag of soil in ziplock bag,1-3-L
2071,Field Sample 2071,77e63a28-b088-42cd-9d8a-6b3af3f0ed36,Laetoli Trip Report 1995. 1995 Laetoli sample log,892030ff-8955-439e-8a4a-a9e7bc25d3dc,7,Po-Ming Lin,Po-Ming Lin,,,,1995-07-04,1995-07-04,Soil,Loose material,Laetoli,Tanzania,f6e0501b-8938-4d79-92b1-e699c71db831,,Laetoli Trackway,,"2 meters from SE of the trackway. Tree No. 125, East 0cm, surface",Bag of soil in ziplock bag,1-3-L
2072,Field Sample 2072,2df46b5c-a767-4fbd-ab0a-c44cc79a4853,Laetoli Trip Report 1995. 1995 Laetoli sample log,892030ff-8955-439e-8a4a-a9e7bc25d3dc,8,Po-Ming Lin,Po-Ming Lin,,,,1995-07-04,1995-07-04,Soil,Loose material,Laetoli,Tanzania,f6e0501b-8938-4d79-92b1-e699c71db831,,Laetoli Trackway,,"2 meters from SE of the trackway. Tree No. 125, East 0cm, 10cm depth from surface",Bag of soil in ziplock bag,1-3-L
2073,Field Sample 2073,722cf8d2-0e37-4b0c-93d5-fc850b6883d9,Laetoli Trip Report 1995. 1995 Laetoli sample log,892030ff-8955-439e-8a4a-a9e7bc25d3dc,9,Po-Ming Lin,Po-Ming Lin,,,,1995-07-04,1995-07-04,Soil,Loose material,Laetoli,Tanzania,f6e0501b-8938-4d79-92b1-e699c71db831,,Laetoli Trackway,,"2 meters from SE of the trackway. Tree No. 125, East 0cm, 20cm depth from surface",Bag of soil in ziplock bag,1-3-L
2074,Field Sample 2074,78005bdb-fabf-4120-9ecb-0e4c86696b9f,Laetoli Trip Report 1995. 1995 Laetoli sample log,892030ff-8955-439e-8a4a-a9e7bc25d3dc,10,Po-Ming Lin,Po-Ming Lin,,,,1995-07-04,1995-07-04,Soil,Loose material,Laetoli,Tanzania,f6e0501b-8938-4d79-92b1-e699c71db831,,Laetoli Trackway,,"2 meters from SE of the trackway. Tree No. 125, West 0cm, surface",Bag of soil in ziplock bag,1-3-L
2075,Field Sample 2075,ef338cc9-7e29-47f9-a2e2-bed4521f067b,Laetoli Trip Report 1995. 1995 Laetoli sample log,892030ff-8955-439e-8a4a-a9e7bc25d3dc,11,Po-Ming Lin,Po-Ming Lin,,,,1995-07-04,1995-07-04,Soil,Loose material,Laetoli,Tanzania,f6e0501b-8938-4d79-92b1-e699c71db831,,Laetoli Trackway,,"2 meters from SE of the trackway. Tree No. 125, West 0cm, 10cm depth from surface",Bag of soil in ziplock bag,1-3-L
2076,Field Sample 2076,576d9773-89fa-4e18-904d-f30aa6d059cb,Laetoli Trip Report 1995. 1995 Laetoli sample log,892030ff-8955-439e-8a4a-a9e7bc25d3dc,12,Po-Ming Lin,Po-Ming Lin,,,,1995-07-04,1995-07-04,Soil,Loose material,Laetoli,Tanzania,f6e0501b-8938-4d79-92b1-e699c71db831,,Laetoli Trackway,,"2 meters from SE of the trackway. Tree No. 125, West 0cm, 20cm depth from surface",Bag of soil in ziplock bag,1-3-L
2077,Field Sample 2077,cf5fa49f-5dd0-4882-b885-8efe9a2cb134,Laetoli Trip Report 1995. 1995 Laetoli sample log,892030ff-8955-439e-8a4a-a9e7bc25d3dc,13,Po-Ming Lin,Po-Ming Lin,,,,1995-07-04,1995-07-04,Soil,Loose material,Laetoli,Tanzania,f6e0501b-8938-4d79-92b1-e699c71db831,,Laetoli Trackway,,"30cm North of Tree No. 125, surface",Bags of soil in ziplock bag,1-3-L
2078,Field Sample 2078,c7a16875-05cc-43f6-883b-b06d12966721,Laetoli Trip Report 1995. 1995 Laetoli sample log,892030ff-8955-439e-8a4a-a9e7bc25d3dc,14,Po-Ming Lin,Po-Ming Lin,,,,1995-07-04,1995-07-04,Soil,Loose material,Laetoli,Tanzania,f6e0501b-8938-4d79-92b1-e699c71db831,,Laetoli Trackway,,"30cm North of Tree No. 125, 10cm depth from surface",Bag of soil in ziplock bag,1-3-L
2079,Field Sample 2079,5f56f42f-5bd1-4690-b5a7-a2d232449c72,Laetoli Trip Report 1995. 1995 Laetoli sample log,892030ff-8955-439e-8a4a-a9e7bc25d3dc,15,Po-Ming Lin,Po-Ming Lin,,,,1995-07-04,1995-07-04,Soil,Loose material,Laetoli,Tanzania,f6e0501b-8938-4d79-92b1-e699c71db831,,Laetoli Trackway,,"30cm North of Tree No. 125, 20cm depth from surface",Bags of soil in ziplock bag,1-3-L
2080,Field Sample 2080,17da1a56-a5bc-4230-9851-c4ca6e8811ea,Laetoli Trip Report 1995. 1995 Laetoli sample log,892030ff-8955-439e-8a4a-a9e7bc25d3dc,16,Po-Ming Lin,Po-Ming Lin,,,,1995-07-04,1995-07-04,Soil,Loose material,Laetoli,Tanzania,f6e0501b-8938-4d79-92b1-e699c71db831,,Laetoli Trackway,,"30cm South of Tree No. 125, surface",Bag of soil in ziplock bag,1-3-L
2081,Field Sample 2081,27993e96-b762-430b-9110-f3ebd9d63bd3,Laetoli Trip Report 1995. 1995 Laetoli sample log,892030ff-8955-439e-8a4a-a9e7bc25d3dc,17,Po-Ming Lin,Po-Ming Lin,,,,1995-07-04,1995-07-04,Soil,Loose material,Laetoli,Tanzania,f6e0501b-8938-4d79-92b1-e699c71db831,,Laetoli Trackway,,"30cm South of Tree No. 125, 10cm depth from surface",Bags of soil in ziplock bag,1-3-L
2082,Field Sample 2082,0350eb95-30cf-4724-bcca-5a07c0d9bdda,Laetoli Trip Report 1995. 1995 Laetoli sample log,892030ff-8955-439e-8a4a-a9e7bc25d3dc,18,Po-Ming Lin,Po-Ming Lin,,,,1995-07-04,1995-07-04,Soil,Loose material,Laetoli,Tanzania,f6e0501b-8938-4d79-92b1-e699c71db831,,Laetoli Trackway,,"30cm South of Tree No. 125, 20cm depth from surface",Bag of soil in ziplock bag,1-3-L
2083,Field Sample 2083,0c04ad84-98c3-41ed-bd3c-ce65f99d900b,Laetoli Trip Report 1995. 1995 Laetoli sample log,892030ff-8955-439e-8a4a-a9e7bc25d3dc,19,Po-Ming Lin,Po-Ming Lin,,,,1995-07-04,1995-07-04,Soil,Loose material,Laetoli,Tanzania,f6e0501b-8938-4d79-92b1-e699c71db831,,Laetoli Trackway,,"30cm East of Tree No. 125, surface",Bags of soil in ziplock bag,1-3-L
2084,Field Sample 2084,d053ce82-dad8-49f0-9772-3fbb25fb018e,Laetoli Trip Report 1995. 1995 Laetoli sample log,892030ff-8955-439e-8a4a-a9e7bc25d3dc,20,Po-Ming Lin,Po-Ming Lin,,,,1995-07-04,1995-07-04,Soil,Loose material,Laetoli,Tanzania,f6e0501b-8938-4d79-92b1-e699c71db831,,Laetoli Trackway,,"30cm East of Tree No. 125, 10cm depth from surface",Bag of soil in ziplock bag,1-3-L
2085,Field Sample 2085,648ccca7-204d-4b28-b305-bb836b6aadde,Laetoli Trip Report 1995. 1995 Laetoli sample log,892030ff-8955-439e-8a4a-a9e7bc25d3dc,21,Po-Ming Lin,Po-Ming Lin,,,,1995-07-04,1995-07-04,Soil,Loose material,Laetoli,Tanzania,f6e0501b-8938-4d79-92b1-e699c71db831,,Laetoli Trackway,,"30cm East of Tree No. 125, 20cm depth from surface",Bags of soil in ziplock bag,1-3-L
2086,Field Sample 2086,44ed2d06-63da-417f-b717-f4a965520481,Laetoli Trip Report 1995. 1995 Laetoli sample log,892030ff-8955-439e-8a4a-a9e7bc25d3dc,22,Po-Ming Lin,Po-Ming Lin,,,,1995-07-04,1995-07-04,Soil,Loose material,Laetoli,Tanzania,f6e0501b-8938-4d79-92b1-e699c71db831,,Laetoli Trackway,,"30cm West of Tree No. 125, surface",Bag of soil in ziplock bag,1-3-L
2087,Field Sample 2087,7359b5d9-d3a0-4797-87a1-ea44bf4910d6,Laetoli Trip Report 1995. 1995 Laetoli sample log,892030ff-8955-439e-8a4a-a9e7bc25d3dc,23,Po-Ming Lin,Po-Ming Lin,,,,1995-07-04,1995-07-04,Soil,Loose material,Laetoli,Tanzania,f6e0501b-8938-4d79-92b1-e699c71db831,,Laetoli Trackway,,"30cm West of Tree No. 125, 10cm depth from surface",Bags of soil in ziplock bag,1-3-L
2088,Field Sample 2088,b9173006-664f-4aae-994b-39bdf5cefb6e,Laetoli Trip Report 1995. 1995 Laetoli sample log,892030ff-8955-439e-8a4a-a9e7bc25d3dc,24,Po-Ming Lin,Po-Ming Lin,,,,1995-07-04,1995-07-04,Soil,Loose material,Laetoli,Tanzania,f6e0501b-8938-4d79-92b1-e699c71db831,,Laetoli Trackway,,"30cm West of Tree No. 125, 20cm depth from surface",Bag of soil in ziplock bag,1-3-L
2089,Field Sample 2089,65d74fac-3a58-4c4b-ae5b-62a4b8ab8a4b,Laetoli Trip Report 1995. 1995 Laetoli sample log,892030ff-8955-439e-8a4a-a9e7bc25d3dc,25,Po-Ming Lin,Po-Ming Lin,,,,1995-07-04,1995-07-04,Soil,Loose material,Laetoli,Tanzania,f6e0501b-8938-4d79-92b1-e699c71db831,,Laetoli Trackway,,"Tree No. 5, North 0cm, surface",Bags of soil in ziplock bag,1-3-L
2090,Field Sample 2090,fa28d0b0-d044-448a-a60d-9ce81fabf6d2,Laetoli Trip Report 1995. 1995 Laetoli sample log,892030ff-8955-439e-8a4a-a9e7bc25d3dc,26,Po-Ming Lin,Po-Ming Lin,,,,1995-07-04,1995-07-04,Soil,Loose material,Laetoli,Tanzania,f6e0501b-8938-4d79-92b1-e699c71db831,,Laetoli Trackway,,"Tree No. 5, North 0cm, 10cm depth from surface",Bag of soil in ziplock bag,1-3-L
2091,Field Sample 2091,a22cff61-bbde-451a-abbf-7535b8946734,Laetoli Trip Report 1995. 1995 Laetoli sample log,892030ff-8955-439e-8a4a-a9e7bc25d3dc,27,Po-Ming Lin,Po-Ming Lin,,,,1995-07-04,1995-07-04,Soil,Loose material,Laetoli,Tanzania,f6e0501b-8938-4d79-92b1-e699c71db831,,Laetoli Trackway,,"Tree No. 5, North 0cm, 20cm depth from surface",Bags of soil in ziplock bag,1-3-L
2092,Field Sample 2092,8fc684dd-1eb1-45fb-9463-63a224dec968,Laetoli Trip Report 1995. 1995 Laetoli sample log,892030ff-8955-439e-8a4a-a9e7bc25d3dc,28,Po-Ming Lin,Po-Ming Lin,,,,1995-07-04,1995-07-04,Soil,Loose material,Laetoli,Tanzania,f6e0501b-8938-4d79-92b1-e699c71db831,,Laetoli Trackway,,"Tree No. 5, South 0cm, surface",Bag of soil in ziplock bag,1-3-L
2093,Field Sample 2093,aef90aa2-225c-4e0f-b8d7-14e3df1b113a,Laetoli Trip Report 1995. 1995 Laetoli sample log,892030ff-8955-439e-8a4a-a9e7bc25d3dc,29,Po-Ming Lin,Po-Ming Lin,,,,1995-07-04,1995-07-04,Soil,Loose material,Laetoli,Tanzania,f6e0501b-8938-4d79-92b1-e699c71db831,,Laetoli Trackway,,"Tree No. 5, South 0cm, 10cm depth from surface",Bags of soil in ziplock bag,1-3-L
2094,Field Sample 2094,2672beb7-0d07-40c9-9c58-8a080a51e5a6,Laetoli Trip Report 1995. 1995 Laetoli sample log,892030ff-8955-439e-8a4a-a9e7bc25d3dc,30,Po-Ming Lin,Po-Ming Lin,,,,1995-07-04,1995-07-04,Soil,Loose material,Laetoli,Tanzania,f6e0501b-8938-4d79-92b1-e699c71db831,,Laetoli Trackway,,"Tree No. 5, South 0cm, 20cm depth from surface",Bag of soil in ziplock bag,1-3-L
2095,Field Sample 2095,b31ae33c-1b40-4c0f-ae9c-0f447622a897,Laetoli Trip Report 1995. 1995 Laetoli sample log,892030ff-8955-439e-8a4a-a9e7bc25d3dc,31,Po-Ming Lin,Po-Ming Lin,,,,1995-07-04,1995-07-04,Soil,Loose material,Laetoli,Tanzania,f6e0501b-8938-4d79-92b1-e699c71db831,,Laetoli Trackway,,"Tree No. 5, East 0cm, surface",Bags of soil in ziplock bag,1-3-L
2096,Field Sample 2096,07ab64ea-3c64-4a77-bef8-d191c7dc949c,Laetoli Trip Report 1995. 1995 Laetoli sample log,892030ff-8955-439e-8a4a-a9e7bc25d3dc,32,Po-Ming Lin,Po-Ming Lin,,,,1995-07-04,1995-07-04,Soil,Loose material,Laetoli,Tanzania,f6e0501b-8938-4d79-92b1-e699c71db831,,Laetoli Trackway,,"Tree No. 5, East 0cm, 10cm depth from surface",Bag of soil in ziplock bag,1-3-L
2097,Field Sample 2097,3aedd525-38e6-461a-976d-ac871fd5d830,Laetoli Trip Report 1995. 1995 Laetoli sample log,892030ff-8955-439e-8a4a-a9e7bc25d3dc,33,Po-Ming Lin,Po-Ming Lin,,,,1995-07-04,1995-07-04,Soil,Loose material,Laetoli,Tanzania,f6e0501b-8938-4d79-92b1-e699c71db831,,Laetoli Trackway,,"Tree No. 5, East 0cm, 20cm depth from surface",Bags of soil in ziplock bag,1-3-L
2098,Field Sample 2098,41f14c0f-d33c-4c73-9064-00d63fbe8d67,Laetoli Trip Report 1995. 1995 Laetoli sample log,892030ff-8955-439e-8a4a-a9e7bc25d3dc,34,Po-Ming Lin,Po-Ming Lin,,,,1995-07-04,1995-07-04,Soil,Loose material,Laetoli,Tanzania,f6e0501b-8938-4d79-92b1-e699c71db831,,Laetoli Trackway,,"Tree No. 5, West 0cm, surface",Bag of soil in ziplock bag,1-3-L
2099,Field Sample 2099,8f2f0baf-dbe6-4c2c-8773-252112b72978,Laetoli Trip Report 1995. 1995 Laetoli sample log,892030ff-8955-439e-8a4a-a9e7bc25d3dc,35,Po-Ming Lin,Po-Ming Lin,,,,1995-07-04,1995-07-04,Soil,Loose material,Laetoli,Tanzania,f6e0501b-8938-4d79-92b1-e699c71db831,,Laetoli Trackway,,"Tree No. 5, West 0cm, 10cm depth from surface",Bags of soil in ziplock bag,1-3-L
2100,Field Sample 2100,aaff3f59-8c01-401e-8855-a051149a7f23,Laetoli Trip Report 1995. 1995 Laetoli sample log,892030ff-8955-439e-8a4a-a9e7bc25d3dc,36,Po-Ming Lin,Po-Ming Lin,,,,1995-07-04,1995-07-04,Soil,Loose material,Laetoli,Tanzania,f6e0501b-8938-4d79-92b1-e699c71db831,,Laetoli Trackway,,"Tree No. 5, West 0cm, 20cm depth from surface",Bag of soil in ziplock bag,1-3-L
2101,Field Sample 2101,1ee30232-5e23-44f3-9160-8e9aa5672103,Laetoli Trip Report 1995. 1995 Laetoli sample log,892030ff-8955-439e-8a4a-a9e7bc25d3dc,37,Po-Ming Lin,Po-Ming Lin,,,,1995-07-04,1995-07-04,Soil,Loose material,Laetoli,Tanzania,f6e0501b-8938-4d79-92b1-e699c71db831,,Laetoli Trackway,,"30cm North of Tree No. 5, surface",Bags of soil in ziplock bag,1-3-L
2102,Field Sample 2102,37468c52-b7ff-4071-97cd-0131db0e6e03,Laetoli Trip Report 1995. 1995 Laetoli sample log,892030ff-8955-439e-8a4a-a9e7bc25d3dc,38,Po-Ming Lin,Po-Ming Lin,,,,1995-07-04,1995-07-04,Soil,Loose material,Laetoli,Tanzania,f6e0501b-8938-4d79-92b1-e699c71db831,,Laetoli Trackway,,"30cm North of Tree No. 5, 10cm depth from surface",Bag of soil in ziplock bag,1-3-L
2103,Field Sample 2103,0beabb5f-f74d-44d6-bbf7-49215bca2952,Laetoli Trip Report 1995. 1995 Laetoli sample log,892030ff-8955-439e-8a4a-a9e7bc25d3dc,39,Po-Ming Lin,Po-Ming Lin,,,,1995-07-04,1995-07-04,Soil,Loose material,Laetoli,Tanzania,f6e0501b-8938-4d79-92b1-e699c71db831,,Laetoli Trackway,,"30cm North of Tree No. 5, 20cm depth from surface",Bags of soil in ziplock bag,1-3-L
2104,Field Sample 2104,0bf4505c-4ac3-4fda-bfd1-56bf0bc6c524,Laetoli Trip Report 1995. 1995 Laetoli sample log,892030ff-8955-439e-8a4a-a9e7bc25d3dc,40,Po-Ming Lin,Po-Ming Lin,,,,1995-07-04,1995-07-04,Soil,Loose material,Laetoli,Tanzania,f6e0501b-8938-4d79-92b1-e699c71db831,,Laetoli Trackway,,"30cm South of Tree No. 5, surface",Bag of soil in ziplock bag,1-3-L
2105,Field Sample 2105,b58ac0d1-f07f-4b19-af2c-5c6d0e5b9d54,Laetoli Trip Report 1995. 1995 Laetoli sample log,892030ff-8955-439e-8a4a-a9e7bc25d3dc,41,Po-Ming Lin,Po-Ming Lin,,,,1995-07-04,1995-07-04,Soil,Loose material,Laetoli,Tanzania,f6e0501b-8938-4d79-92b1-e699c71db831,,Laetoli Trackway,,"30cm South of Tree No. 5, 10cm depth from surface",Bags of soil in ziplock bag,1-3-L
2106,Field Sample 2106,7a4231da-b2e1-4ba1-9212-e401580fb701,Laetoli Trip Report 1995. 1995 Laetoli sample log,892030ff-8955-439e-8a4a-a9e7bc25d3dc,42,Po-Ming Lin,Po-Ming Lin,,,,1995-07-04,1995-07-04,Soil,Loose material,Laetoli,Tanzania,f6e0501b-8938-4d79-92b1-e699c71db831,,Laetoli Trackway,,"30cm South of Tree No. 5, 20cm depth from surface",Bag of soil in ziplock bag,1-3-L
2107,Field Sample 2107,a0ee650f-28c1-47a9-a559-5c71012d3e43,Laetoli Trip Report 1995. 1995 Laetoli sample log,892030ff-8955-439e-8a4a-a9e7bc25d3dc,43,Po-Ming Lin,Po-Ming Lin,,,,1995-07-04,1995-07-04,Soil,Loose material,Laetoli,Tanzania,f6e0501b-8938-4d79-92b1-e699c71db831,,Laetoli Trackway,,"30cm East of Tree No. 5, surface",Bags of soil in ziplock bag,1-3-L
2108,Field Sample 2108,a88dc015-1d71-4a1c-bb50-6366df5232fb,Laetoli Trip Report 1995. 1995 Laetoli sample log,892030ff-8955-439e-8a4a-a9e7bc25d3dc,44,Po-Ming Lin,Po-Ming Lin,,,,1995-07-04,1995-07-04,Soil,Loose material,Laetoli,Tanzania,f6e0501b-8938-4d79-92b1-e699c71db831,,Laetoli Trackway,,"30cm East of Tree No. 5, 10cm depth from surface",Bag of soil in ziplock bag,1-3-L
2109,Field Sample 2109,24158f57-0081-49ff-94a5-903442ddbb3c,Laetoli Trip Report 1995. 1995 Laetoli sample log,892030ff-8955-439e-8a4a-a9e7bc25d3dc,45,Po-Ming Lin,Po-Ming Lin,,,,1995-07-04,1995-07-04,Soil,Loose material,Laetoli,Tanzania,f6e0501b-8938-4d79-92b1-e699c71db831,,Laetoli Trackway,,"30cm East of Tree No. 5, 20cm depth from surface",Bags of soil in ziplock bag,1-3-L
2110,Field Sample 2110,9f296924-fb5e-401f-9f44-f29aa2f670fa,Laetoli Trip Report 1995. 1995 Laetoli sample log,892030ff-8955-439e-8a4a-a9e7bc25d3dc,46,Po-Ming Lin,Po-Ming Lin,,,,1995-07-04,1995-07-04,Soil,Loose material,Laetoli,Tanzania,f6e0501b-8938-4d79-92b1-e699c71db831,,Laetoli Trackway,,"30cm West of Tree No. 5, surface",Bag of soil in ziplock bag,1-3-L
2111,Field Sample 2111,0b489703-5a84-42c2-b602-48ebbf130b6c,Laetoli Trip Report 1995. 1995 Laetoli sample log,892030ff-8955-439e-8a4a-a9e7bc25d3dc,47,Po-Ming Lin,Po-Ming Lin,,,,1995-07-04,1995-07-04,Soil,Loose material,Laetoli,Tanzania,f6e0501b-8938-4d79-92b1-e699c71db831,,Laetoli Trackway,,"30cm West of Tree No. 5, 10cm depth from surface",Bags of soil in ziplock bag,1-3-L
2112,Field Sample 2112,919fb1a9-dca1-4f0d-a118-c63dc8ba6d7a,Laetoli Trip Report 1995. 1995 Laetoli sample log,892030ff-8955-439e-8a4a-a9e7bc25d3dc,48,Po-Ming Lin,Po-Ming Lin,,,,1995-07-04,1995-07-04,Soil,Loose material,Laetoli,Tanzania,f6e0501b-8938-4d79-92b1-e699c71db831,,Laetoli Trackway,,"30cm West of Tree No. 5, 20cm depth from surface",Bag of soil in ziplock bag,1-3-L
2113,Field Sample 2113,dc6f2bf7-ab2a-4254-872f-60618a60b069,Laetoli Trip Report 1995. 1995 Laetoli sample log,892030ff-8955-439e-8a4a-a9e7bc25d3dc,49,Po-Ming Lin,Po-Ming Lin,,,,1995-07-04,1995-07-04,Soil,Loose material,Laetoli,Tanzania,f6e0501b-8938-4d79-92b1-e699c71db831,,Laetoli Trackway,,"East of trackway. Tree No. 56, North 0cm, surface",Bags of soil in ziplock bag,1-3-L
2114,Field Sample 2114,2bc7c6ef-659d-468a-8dd7-01e1ac3f95e8,Laetoli Trip Report 1995. 1995 Laetoli sample log,892030ff-8955-439e-8a4a-a9e7bc25d3dc,50,Po-Ming Lin,Po-Ming Lin,,,,1995-07-04,1995-07-04,Soil,Loose material,Laetoli,Tanzania,f6e0501b-8938-4d79-92b1-e699c71db831,,Laetoli Trackway,,"East of trackway. Tree No. 56, North 0cm, 5cm depth from surface",Bag of soil in ziplock bag,1-3-L
2115,Field Sample 2115,eadb71c4-5435-4a15-bc52-d52915c83978,Laetoli Trip Report 1995. 1995 Laetoli sample log,892030ff-8955-439e-8a4a-a9e7bc25d3dc,51,Po-Ming Lin,Po-Ming Lin,,,,1995-07-04,1995-07-04,Soil,Loose material,Laetoli,Tanzania,f6e0501b-8938-4d79-92b1-e699c71db831,,Laetoli Trackway,,"East of trackway. Tree No. 56, South 0cm, surface",Bags of soil in ziplock bag,1-3-L
2116,Field Sample 2116,d9d3c151-b6ab-410a-a3ba-149884d8485c,Laetoli Trip Report 1995. 1995 Laetoli sample log,892030ff-8955-439e-8a4a-a9e7bc25d3dc,52,Po-Ming Lin,Po-Ming Lin,,,,1995-07-04,1995-07-04,Soil,Loose material,Laetoli,Tanzania,f6e0501b-8938-4d79-92b1-e699c71db831,,Laetoli Trackway,,"East of trackway. Tree No. 56, South 0cm, 5cm depth from surface",Bag of soil in ziplock bag,1-3-L
2117,Field Sample 2117,40e9dbaa-fde2-4f5a-8292-f38b633baa29,Laetoli Trip Report 1995. 1995 Laetoli sample log,892030ff-8955-439e-8a4a-a9e7bc25d3dc,53,Po-Ming Lin,Po-Ming Lin,,,,1995-07-04,1995-07-04,Soil,Loose material,Laetoli,Tanzania,f6e0501b-8938-4d79-92b1-e699c71db831,,Laetoli Trackway,,"East of trackway. Tree No. 56, East 0cm, surface",Bags of soil in ziplock bag,1-3-L
2118,Field Sample 2118,1cfc1114-c107-4e64-b332-8d0ab9b9ab10,Laetoli Trip Report 1995. 1995 Laetoli sample log,892030ff-8955-439e-8a4a-a9e7bc25d3dc,54,Po-Ming Lin,Po-Ming Lin,,,,1995-07-04,1995-07-04,Soil,Loose material,Laetoli,Tanzania,f6e0501b-8938-4d79-92b1-e699c71db831,,Laetoli Trackway,,"East of trackway. Tree No. 56, East 0cm, 5cm depth from surface",Bag of soil in ziplock bag,1-3-L
2119,Field Sample 2119,91fbe9f1-25cf-41fe-b839-4b7da31c8314,Laetoli Trip Report 1995. 1995 Laetoli sample log,892030ff-8955-439e-8a4a-a9e7bc25d3dc,55,Po-Ming Lin,Po-Ming Lin,,,,1995-07-04,1995-07-04,Soil,Loose material,Laetoli,Tanzania,f6e0501b-8938-4d79-92b1-e699c71db831,,Laetoli Trackway,,"East of trackway. Tree No. 56, West 0cm, surface",Bags of soil in ziplock bag,1-3-L
2120,Field Sample 2120,d57511f7-9f46-479a-af7c-f0cd32eaecef,Laetoli Trip Report 1995. 1995 Laetoli sample log,892030ff-8955-439e-8a4a-a9e7bc25d3dc,56,Po-Ming Lin,Po-Ming Lin,,,,1995-07-04,1995-07-04,Soil,Loose material,Laetoli,Tanzania,f6e0501b-8938-4d79-92b1-e699c71db831,,Laetoli Trackway,,"East of trackway. Tree No. 56, West 0cm, 5cm depth from surface",Bag of soil in ziplock bag,1-3-L
2121,Field Sample 2121,cdd6313e-85bd-48ad-bd75-dae31b8d3123,Laetoli Trip Report 1995. 1995 Laetoli sample log,892030ff-8955-439e-8a4a-a9e7bc25d3dc,57,Po-Ming Lin,Po-Ming Lin,,,,1995-07-04,1995-07-04,Soil,Loose material,Laetoli,Tanzania,f6e0501b-8938-4d79-92b1-e699c71db831,,Laetoli Trackway,,"East of trackway. Tree No. 56, North 30cm, surface",Bags of soil in ziplock bag,1-3-L
2122,Field Sample 2122,050bd56e-e99a-4851-9d44-89ac9fb3b41a,Laetoli Trip Report 1995. 1995 Laetoli sample log,892030ff-8955-439e-8a4a-a9e7bc25d3dc,58,Po-Ming Lin,Po-Ming Lin,,,,1995-07-04,1995-07-04,Soil,Loose material,Laetoli,Tanzania,f6e0501b-8938-4d79-92b1-e699c71db831,,Laetoli Trackway,,"East of trackway. Tree No. 56, North 30cm, 5cm depth from surface",Bag of soil in ziplock bag,1-3-L
2123,Field Sample 2123,0f370b87-d66c-404d-891d-9e71ea34ea50,Laetoli Trip Report 1995. 1995 Laetoli sample log,892030ff-8955-439e-8a4a-a9e7bc25d3dc,59,Po-Ming Lin,Po-Ming Lin,,,,1995-07-04,1995-07-04,Soil,Loose material,Laetoli,Tanzania,f6e0501b-8938-4d79-92b1-e699c71db831,,Laetoli Trackway,,"East of trackway. Tree No. 56, South 30cm, surface",Bags of soil in ziplock bag,1-3-L
2124,Field Sample 2124,a875d524-033d-4b36-bf88-7b831f914d0a,Laetoli Trip Report 1995. 1995 Laetoli sample log,892030ff-8955-439e-8a4a-a9e7bc25d3dc,60,Po-Ming Lin,Po-Ming Lin,,,,1995-07-04,1995-07-04,Soil,Loose material,Laetoli,Tanzania,f6e0501b-8938-4d79-92b1-e699c71db831,,Laetoli Trackway,,"East of trackway. Tree No. 56, South 30cm, 5cm depth from surface",Bag of soil in ziplock bag,1-3-L
2125,Field Sample 2125,966a4005-1a31-4950-bc02-7bdae0a032d3,Laetoli Trip Report 1995. 1995 Laetoli sample log,892030ff-8955-439e-8a4a-a9e7bc25d3dc,61,Po-Ming Lin,Po-Ming Lin,,,,1995-07-04,1995-07-04,Soil,Loose material,Laetoli,Tanzania,f6e0501b-8938-4d79-92b1-e699c71db831,,Laetoli Trackway,,"East of trackway. Tree No. 56, East 30cm, surface",Bags of soil in ziplock bag,1-3-L
2126,Field Sample 2126,10003d35-0437-45ea-9231-7752c7feec11,Laetoli Trip Report 1995. 1995 Laetoli sample log,892030ff-8955-439e-8a4a-a9e7bc25d3dc,62,Po-Ming Lin,Po-Ming Lin,,,,1995-07-04,1995-07-04,Soil,Loose material,Laetoli,Tanzania,f6e0501b-8938-4d79-92b1-e699c71db831,,Laetoli Trackway,,"East of trackway. Tree No. 56, East 30cm, 5cm depth from surface",Bag of soil in ziplock bag,1-3-L
2127,Field Sample 2127,3bed6814-006a-442b-8caa-51226b2521a3,Laetoli Trip Report 1995. 1995 Laetoli sample log,892030ff-8955-439e-8a4a-a9e7bc25d3dc,63,Po-Ming Lin,Po-Ming Lin,,,,1995-07-04,1995-07-04,Soil,Loose material,Laetoli,Tanzania,f6e0501b-8938-4d79-92b1-e699c71db831,,Laetoli Trackway,,"East of trackway. Tree No. 56, West 30cm, surface",Bags of soil in ziplock bag,1-3-L
2128,Field Sample 2128,37f74d07-8cbd-426e-b8c8-19ccd44da8d3,Laetoli Trip Report 1995. 1995 Laetoli sample log,892030ff-8955-439e-8a4a-a9e7bc25d3dc,64,Po-Ming Lin,Po-Ming Lin,,,,1995-07-04,1995-07-04,Soil,Loose material,Laetoli,Tanzania,f6e0501b-8938-4d79-92b1-e699c71db831,,Laetoli Trackway,,"East of trackway. Tree No. 56, West 30cm, 5cm depth from surface",Bag of soil in ziplock bag,1-3-L
2129,Field Sample 2129,deffd108-6a15-452e-ba90-d459ef2051ff,Laetoli Trip Report 1995. 1995 Laetoli sample log,892030ff-8955-439e-8a4a-a9e7bc25d3dc,73,Po-Ming Lin,Po-Ming Lin,,,,1995,1995,Soil,Loose material,Laetoli,Tanzania,f6e0501b-8938-4d79-92b1-e699c71db831,,Laetoli Trackway,,"Trench 3. East of Tree No. 27, 35cm depth from surface",Bag of soil in ziplock bag,1-3-L
2130,Field Sample 2130,37be1f80-4580-43e7-b948-eee6d09e4e8d,Laetoli Trip Report 1995. 1995 Laetoli sample log,892030ff-8955-439e-8a4a-a9e7bc25d3dc,74,Martha Demas,Martha Demas,,,,1995-07-01,1995-07-01,Soil,Loose material,Laetoli,Tanzania,f6e0501b-8938-4d79-92b1-e699c71db831,,Laetoli Trackway,,"Trench 1, SW corner, v compacted fill. Level 8. Calcified?",Bag of soil in ziplock bag,1-3-L
2131,Field Sample 2131,530e5fed-d7ef-411f-8c65-9ff4ff24ad0f,Laetoli Trip Report 1995. 1995 Laetoli sample log,892030ff-8955-439e-8a4a-a9e7bc25d3dc,75,Martha Demas,Martha Demas,,,,1995,1995,Soil,Loose material,Laetoli,Tanzania,f6e0501b-8938-4d79-92b1-e699c71db831,,Laetoli Trackway,,"Trench 2. wet, clayey-sandy soil above tuff along west baulk",Bag of soil in ziplock bag,1-3-L
2132,Field Sample 2132,ddac7d0c-d0eb-4345-907b-ce508e416c6e,Laetoli Trip Report 1995. 1995 Laetoli sample log,892030ff-8955-439e-8a4a-a9e7bc25d3dc,76,Po-Ming Lin,Po-Ming Lin,,,,1995,1995,Soil,Loose material,Laetoli,Tanzania,f6e0501b-8938-4d79-92b1-e699c71db831,,Laetoli Trackway,,"Trench 3. North of Tree No. 27, 35cm depth from surface",Bag of soil in ziplock bag,1-3-L
2133,Field Sample 2133,b6cebc1f-4853-486d-93be-982da005d462,Laetoli Trip Report 1995. 1995 Laetoli sample log,892030ff-8955-439e-8a4a-a9e7bc25d3dc,77,Po-Ming Lin,Po-Ming Lin,,,,1995,1995,Soil,Loose material,Laetoli,Tanzania,f6e0501b-8938-4d79-92b1-e699c71db831,,Laetoli Trackway,,"Trench 3. West of Tree No. 27, 35cm depth from surface",Bag of soil in ziplock bag,1-3-L
2134,Field Sample 2134,8d27521d-7015-4da9-95f1-c3ec59ccae42,Laetoli Trip Report 1995. 1995 Laetoli sample log,892030ff-8955-439e-8a4a-a9e7bc25d3dc,78,Po-Ming Lin,Po-Ming Lin,,,,1995,1995,Soil,Loose material,Laetoli,Tanzania,f6e0501b-8938-4d79-92b1-e699c71db831,,Laetoli Trackway,,"Trench 3. South of Tree No. 27, 35cm depth from surface",Bag of soil in ziplock bag,1-3-L
2135,Field Sample 2135,339e44bf-8e46-423a-a824-2a9599667536,See TUT Dust Analysis Summary (20170729),71bafb1b-e611-49d3-9509-b5593dd49315,Dust sample no. 2,,,,,,20161120,2016-11-20,Dust,Fragment,TUT,Egypt,e37e4bc7-188b-48ac-b510-9ac596b79756,,"Kings Valley, West Bank, Luxor",KV 62: Tomb of Tutankhamen,"Burial chamber, glass lid covering sarcophagus",Small sample tube containing dust. Housed in plastic bag.,1-5-H
2136,Field Sample 2136,71c02e72-25df-4f15-893d-27b54f2bf40c,See TUT Dust Analysis Summary (20170729),71bafb1b-e611-49d3-9509-b5593dd49315,Dust sample no. 3,,,,,,20161120,2016-11-20,Dust,Fragment,TUT,Egypt,e37e4bc7-188b-48ac-b510-9ac596b79756,,"Kings Valley, West Bank, Luxor",KV 62: Tomb of Tutankhamen,North face of sarcophagus,Small sample tube containing dust. Housed in plastic bag,1-5-H
2137,Field Sample 2137,53f82347-765a-4b38-b526-919cc3d223e1,See TUT Dust Analysis Summary (20170729),71bafb1b-e611-49d3-9509-b5593dd49315,Dust sample no. 4,,,,,,20170218,2017-02-18,Dust,Fragment,TUT,Egypt,e37e4bc7-188b-48ac-b510-9ac596b79756,,"Kings Valley, West Bank, Luxor",KV 62: Tomb of Tutankhamen,Dust on sarcophagus lid,Large ziploc bag containing approx large quantity dust,1-5-H
2138,Field Sample 2138,b62eac54-b95a-4015-a17f-e56e6cd520bd,See TUT Dust Analysis Summary (20170729),71bafb1b-e611-49d3-9509-b5593dd49315,Sample Row: 2138,,,,,,20170218,2017-02-18,Dust,SEM stubs,TUT,Egypt,e37e4bc7-188b-48ac-b510-9ac596b79756,,"Kings Valley, West Bank, Luxor",KV 62: Tomb of Tutankhamen,Burial chamber walls and sarcophagus,"SEM stubs of dust samples ""east wall"", ""glass lid no. 2"", and ""North face no. 3""",1-5-H
2139,Field Sample 2139,5b3108ad-469a-432f-9dfd-23a41a27ca1c,Tuff thin sections Chengde.ED.13Oct'04.doc,e6057d02-46a3-4d32-8671-80b7230a0916,4 T a gray tuff,,,,,,No date,,Rock,Fragment,CP,China,43e2eb0b-477b-40f9-9d43-353c81299c73,,"Shuxiang Temple, Chengde",,,2 pieces of gray tuff; polished on some faces,1-4-J
2140,Field Sample 2140,d7f56924-9ac7-4558-bdef-25961d6a1840,Tuff thin sections Chengde.ED.13Oct'04.doc,e6057d02-46a3-4d32-8671-80b7230a0916,4 Y b gray tuff,,,,,,No date,,Rock,Fragment,CP,China,43e2eb0b-477b-40f9-9d43-353c81299c73,,"Shuxiang Temple, Chengde",,,piece of gray tuff slab with section cut out,1-4-J
2141,Field Sample 2141,86288ddf-b52c-407f-8ee8-185b1260d254,Tuff thin sections Chengde.ED.13Oct'04.doc,e6057d02-46a3-4d32-8671-80b7230a0916,9 Green sandstone,,,,,,No date,,Rock,Fragment,CP,China,43e2eb0b-477b-40f9-9d43-353c81299c73,,"Shuxiang Temple, Chengde",,,4 small pieces rock; partially polished,1-4-J
2142,Field Sample 2142,72ac276e-0577-4537-b72c-67f4a1d93b4b,,,Dust sample no. 1,,,,,,20161120,2016-11-20,Dust,Fragment,TUT,Egypt,e37e4bc7-188b-48ac-b510-9ac596b79756,,"Kings Valley, West Bank, Luxor",KV 62: Tomb of Tutankhamen,"Burial chamber, East wall",Small sample tube containing dust. Housed in plastic bag.,1-5-H
2143,Field Sample 2143,2eb4f101-eca7-428a-b63d-f20cbbd6fd7b,See TUT Dust Analysis Summary (20170729),71bafb1b-e611-49d3-9509-b5593dd49315,Dust sample no. 2,,,,,,20161120,2016-11-20,Dust,Fragment,TUT,Egypt,e37e4bc7-188b-48ac-b510-9ac596b79756,,"Kings Valley, West Bank, Luxor",KV 62: Tomb of Tutankhamen,"Burial chamber, glass lid covering sarcophagus",Small sample tube containing dust. Housed in plastic bag.,1-5-H
2144,Field Sample 2144,70809562-f553-4be7-8f6b-701b45c7ef79,See TUT Dust Analysis Summary (20170729),71bafb1b-e611-49d3-9509-b5593dd49315,Dust sample no. 3,,,,,,20161120,2016-11-20,Dust,Fragment,TUT,Egypt,e37e4bc7-188b-48ac-b510-9ac596b79756,,"Kings Valley, West Bank, Luxor",KV 62: Tomb of Tutankhamen,North face of sarcophagus,Small sample tube containing dust. Housed in plastic bag,1-5-H
2145,Field Sample 2145,9fce2cbb-0818-4e07-b16b-9eaa5fa61d75,See TUT Dust Analysis Summary (20170729),71bafb1b-e611-49d3-9509-b5593dd49315,Dust sample no. 4,,,,,,20170218,2017-02-18,Dust,Fragment,TUT,Egypt,e37e4bc7-188b-48ac-b510-9ac596b79756,,"Kings Valley, West Bank, Luxor",KV 62: Tomb of Tutankhamen,Dust on sarcophagus lid,Large ziploc bag containing approx large quantity dust,1-5-H
2146,Field Sample 2146,4798f2c8-26c0-4de0-af51-e5bd54a4ff2f,See TUT Dust Analysis Summary (20170729),71bafb1b-e611-49d3-9509-b5593dd49315,Sample Row: 2146,,,,,,20170218,2017-02-18,Dust,SEM stubs,TUT,Egypt,e37e4bc7-188b-48ac-b510-9ac596b79756,,"Kings Valley, West Bank, Luxor",KV 62: Tomb of Tutankhamen,Burial chamber walls and sarcophagus,"SEM stubs of dust samples ""east wall"", ""glass lid no. 2"", and ""North face no. 3""",1-5-H
2147,Field Sample 2147,86d1f329-25e7-4567-ad0d-2bf37bfb7c13,,,TUT_3.2012_01,Lori Wong & S. Rickerby,Lori Wong,Stephen Rickerby,,,,,Hib,TUT,TUT,Egypt,e37e4bc7-188b-48ac-b510-9ac596b79756,,"Kings Valley, West Bank, Luxor",KV 62: Tomb of Tutankhamen,near entrance to tomb of Tutmosis IV,hib deposit,1-5-H
2148,Field Sample 2148,1de16ab1-ff81-493c-8d8e-ebe2ba86e62b,,,QV_NEF_12,GCI,Getty Conservation Institute,,,,2013,2013,Plaster,XRD powder,QV,Egypt,e37e4bc7-188b-48ac-b510-9ac596b79756,,"Queens Valley, West Bank, Luxor",QV 66,,Sample used for XRD,1-5-I
2149,Field Sample 2149,d0f8e41e-56a6-49db-9b11-b471afdbc9c4,,,QV_2010_S01,GCI,Getty Conservation Institute,,,,unknown,,Plaster,XRD powder,QV,Egypt,e37e4bc7-188b-48ac-b510-9ac596b79756,,"Queens Valley, West Bank, Luxor",QV 66,,Sample used for XRD,1-5-I
2150,Field Sample 2150,85be175e-1b3d-4f32-a900-b28de58a3ac8,,,QV_75L,GCI,Getty Conservation Institute,,,,2013,2013,Plaster,XRD powder,QV,Egypt,e37e4bc7-188b-48ac-b510-9ac596b79756,,"Queens Valley, West Bank, Luxor",QV75,,Sample used for XRD,1-5-I
2151,Field Sample 2151,0e79ae03-be13-451b-98a2-8b356b6d93e7,,,QV_60_recon,GCI,Getty Conservation Institute,,,,2013,2013,Plaster,XRD powder,QV,Egypt,e37e4bc7-188b-48ac-b510-9ac596b79756,,"Queens Valley, West Bank, Luxor",QV 60,,Sample used for XRD. Reconstituted plaster.,1-5-I
2152,Field Sample 2152,a7f3850e-13ab-454d-b161-b2332c993ef9,,,QV Hiba 2,GCI,Getty Conservation Institute,,,,20130510,2013-05-10,Earth,XRD powder,QV,Egypt,e37e4bc7-188b-48ac-b510-9ac596b79756,,"Queens Valley, West Bank, Luxor",,,Hiba refernce sample. QV Hiba 2. XRD sample,1-5-I
2153,Field Sample 2153,bbcc9e06-d1b7-41dd-b7f7-0b8a814742c9,,,KV Hiba 1A,GCI,Getty Conservation Institute,,,,2013-09-01,2013-09-01,Earth,XRD powder,QV,Egypt,e37e4bc7-188b-48ac-b510-9ac596b79756,,"Kings Valley, West Bank, Luxor",,,Kings Valley Hiba 1A XRD sample,1-5-I
2154,Field Sample 2154,0ff09ffd-1ca9-4c13-abe3-865c89df9925,,,KV Hiba 1B,GCI,Getty Conservation Institute,,,,2013-09-01,2013-09-01,Earth,XRD powder,QV,Egypt,e37e4bc7-188b-48ac-b510-9ac596b79756,,"Kings Valley, West Bank, Luxor",,,Kings Valley Hiba 1B XRD sample,1-5-I
2155,Field Sample 2155,6a7eebcb-f4c7-452b-bf4c-51e02797bd40,,,KV Hiba 2B,GCI,Getty Conservation Institute,,,,2013-09-01,2013-09-01,Earth,XRD powder,QV,Egypt,e37e4bc7-188b-48ac-b510-9ac596b79756,,"Kings Valley, West Bank, Luxor",,,Kings Valley Hiba 2B XRD sample,1-5-I
2156,Field Sample 2156,b7bbdb48-afe4-4f50-a7df-7d874e6b420c,,,QV Hiba 1,GCI,Getty Conservation Institute,,,,2013-09-01,2013-09-01,Earth,XRD powder,QV,Egypt,e37e4bc7-188b-48ac-b510-9ac596b79756,,"Queens Valley, West Bank, Luxor",,,Hiba refernce sample. QV Hiba 1. XRD sample,1-5-I
2157,Field Sample 2157,bfa08d0d-9fa3-4655-9939-617532fa742c,,,QV_2010_R04,GCI,Getty Conservation Institute,,,,2013-09-01,2013-09-01,Earth,XRD powder,QV,Egypt,e37e4bc7-188b-48ac-b510-9ac596b79756,,"Queens Valley, West Bank, Luxor",,,QV_2010_R04 soil . XRD sample,1-5-I
2158,Field Sample 2158,3659fef3-9db8-42e4-b3bf-98ea8d03266d,,,QV_71_recon,GCI,Getty Conservation Institute,,,,2013,2013,Plaster,XRD powder,QV,Egypt,e37e4bc7-188b-48ac-b510-9ac596b79756,,"Queens Valley, West Bank, Luxor",QV 71,,Sample used for XRD. Reconstituted plaster.,1-5-I
2159,Field Sample 2159,8ac38fff-c062-4cda-b28e-b97e31653ab6,,,Unknown,GCI,Getty Conservation Institute,,,,2013,2013,Plaster,XRD powder,QV,Egypt,e37e4bc7-188b-48ac-b510-9ac596b79756,,"Queens Valley, West Bank, Luxor",QV 60,,Sample used for XRD. QV60,1-5-I
2160,Field Sample 2160,55491e53-5e09-4abe-bdce-fe5abbbff74f,,,QV31C,,,,,,,,organic matter,fibres,QV,Egypt,e37e4bc7-188b-48ac-b510-9ac596b79756,,"Queens Valley, West Bank, Luxor",QV 31,,Organic matter separated from sample QV 31C,1-5-I
2161,Field Sample 2161,974a12e2-ef4e-4fde-b9c5-cb7408d34775,,,QV 60 recon,GCI,Getty Conservation Institute,,,,2013-09-01,2013-09-01,Plaster,Thin section and plaster,QV,Egypt,e37e4bc7-188b-48ac-b510-9ac596b79756,,"Queens Valley, West Bank, Luxor",QV 60,,Thin section and remaining sample material. Analysed by Petroclays in 2013 as 1,1-5-I
2162,Field Sample 2162,c5898bbe-db0a-4089-8ade-0babfdaef905,,,QV 71 recon,GCI,Getty Conservation Institute,,,,2013,2013,Plaster,Thin section and plaster,QV,Egypt,e37e4bc7-188b-48ac-b510-9ac596b79756,,"Queens Valley, West Bank, Luxor",QV 71,,Thin section and remaining sample material.  Analysed by Petroclays in 2013 as 2,1-5-I
2163,Field Sample 2163,5907eb36-75b7-4119-890e-d257e00f5f14,,,2013 upper plaster,GCI,Getty Conservation Institute,,,,2013,2013,Plaster,Thin section and plaster,QV,Egypt,e37e4bc7-188b-48ac-b510-9ac596b79756,,"Queens Valley, West Bank, Luxor",unknown,,Thin section and remaining sample material.  Analysed by Petroclays in 2013 as 3. Suspected repair plaster,1-5-I
2164,Field Sample 2164,1b207858-6d74-44be-bc1d-99b4976b2d01,,,2013 lower plaster,GCI,Getty Conservation Institute,,,,2013,2013,Plaster,Thin section and plaster,QV,Egypt,e37e4bc7-188b-48ac-b510-9ac596b79756,,"Queens Valley, West Bank, Luxor",unknown,,Thin section and remaining sample material.  Analysed by Petroclays in 2013 as 4. Suspected repair plaster,1-5-I
2165,Field Sample 2165,344f3140-14b4-4b2f-bffd-a8511b94690d,,,QV 31c,GCI,Getty Conservation Institute,,,,,,Plaster,Thin section and plaster,QV,Egypt,e37e4bc7-188b-48ac-b510-9ac596b79756,,"Queens Valley, West Bank, Luxor",QV31,,Thin section and remaining sample material.  Analysed by Petroclays in 2013 as 5,1-5-I
2166,Field Sample 2166,68c8ae43-3c5c-4c18-a945-c2e5eba931bf,,,QV 60,GCI,Getty Conservation Institute,,,,2013,2013,Plaster,Thin section and plaster,QV,Egypt,e37e4bc7-188b-48ac-b510-9ac596b79756,,"Queens Valley, West Bank, Luxor",QV60,,Thin section and remaining sample material.  Analysed by Petroclays in 2013 as 6,1-5-I
2167,Field Sample 2167,02dacf7c-a9e5-476b-aa64-86fefb41cc47,,,QV 60_2010_S01,GCI,Getty Conservation Institute,,,,2013,2013,Plaster,Thin section and plaster,QV,Egypt,e37e4bc7-188b-48ac-b510-9ac596b79756,,"Queens Valley, West Bank, Luxor",QV60,,Thin section and remaining sample material.  Analysed by Petroclays in 2013 as 7,1-5-I
2168,Field Sample 2168,2074a3c8-57cf-4b5a-b788-abe7aca1983b,,,QV_NEF_12,GCI,Getty Conservation Institute,,,,2013,2013,Plaster,Thin section and plaster,QV,Egypt,e37e4bc7-188b-48ac-b510-9ac596b79756,,"Queens Valley, West Bank, Luxor",QV66,,Thin section and remaining sample material.  Analysed by Petroclays in 2013 as 8,1-5-I
2169,Field Sample 2169,08cead0c-9642-4c8b-b9e3-08a3302b962d,,,QV 71 L,GCI,Getty Conservation Institute,,,,2013,2013,Plaster,Thin section and plaster,QV,Egypt,e37e4bc7-188b-48ac-b510-9ac596b79756,,"Queens Valley, West Bank, Luxor",QV71,,Thin section and remaining sample material.  Analysed by Petroclays in 2013 as 9,1-5-I
2170,Field Sample 2170,d8983192-6697-474e-8039-6cc7590e8b96,,,QV 75L,GCI,Getty Conservation Institute,,,,2013,2013,Plaster,Thin section and plaster,QV,Egypt,e37e4bc7-188b-48ac-b510-9ac596b79756,,"Queens Valley, West Bank, Luxor",QV75,,Thin section and remaining sample material.  Analysed by Petroclays in 2013 as 10,1-5-I
2171,Field Sample 2171,e503420a-b0e9-4f03-a253-7bb79e74b5e3,,,QV 75U,GCI,Getty Conservation Institute,,,,2013,2013,Plaster,Thin section and plaster,QV,Egypt,e37e4bc7-188b-48ac-b510-9ac596b79756,,"Queens Valley, West Bank, Luxor",QV75,,Thin section and remaining sample material.  Analysed by Petroclays in 2013 as 11,1-5-I
2172,Field Sample 2172,9dcfb67d-d3f6-4b72-9311-4d0c7ab9aef9,,,QV60_2010_S01,GCI,Getty Conservation Institute,,,,,,Plaster,Pieces and powder,QV,Egypt,e37e4bc7-188b-48ac-b510-9ac596b79756,,"Queens Valley, West Bank, Luxor",QV60,,"Bag of sample, unknown use history - perhaps unused.",1-5-I
2173,Field Sample 2173,f3b9fa0c-023e-47b7-9670-85b720b6dff2,,,QV71L,,,,,,,,Plaster,Fragments,QV,Egypt,e37e4bc7-188b-48ac-b510-9ac596b79756,,"Queens Valley, West Bank, Luxor",,,Small bag of plaster fragments,1-5-I
2174,Field Sample 2174,1b40a323-8a59-4b9f-aa84-6a772b4bf3f4,,,QV75U,,,,,,,,Plaster,Fragments,QV,Egypt,e37e4bc7-188b-48ac-b510-9ac596b79756,,"Queens Valley, West Bank, Luxor",,,Small bag of plaster fragments,1-5-I
2175,Field Sample 2175,4afce4d6-70e9-4da6-823e-20e12869a635,,,Qv31c,,,,,,,,Plaster,Fragments,QV,Egypt,e37e4bc7-188b-48ac-b510-9ac596b79756,,"Queens Valley, West Bank, Luxor",,,Small bag of plaster fragments,1-5-I
2176,Field Sample 2176,0954fae5-6c7f-490e-8209-63c6ea0fa2ef,,,QV60 2010,,,,,,,,Plaster,Fragments,QV,Egypt,e37e4bc7-188b-48ac-b510-9ac596b79756,,"Queens Valley, West Bank, Luxor",,,Small bag of plaster fragments,1-5-I
2177,Field Sample 2177,8135eb4d-da45-42c1-8cd0-bfb6e13439c7,,,QV71 recon,,,,,,,,Plaster,Fragments,QV,Egypt,e37e4bc7-188b-48ac-b510-9ac596b79756,,"Queens Valley, West Bank, Luxor",,,Small bag of plaster fragments,1-5-I
2178,Field Sample 2178,a4340f3d-0d4d-42d6-9a13-580f4155d054,,,QV60 recon,,,,,,,,Plaster,Fragments,QV,Egypt,e37e4bc7-188b-48ac-b510-9ac596b79756,,"Queens Valley, West Bank, Luxor",,,Small bag of plaster fragments,1-5-I
2179,Field Sample 2179,5d50ae48-0590-46be-b36c-959472cb80e0,,,2013 lower plaster,,,,,,,,Plaster,Fragments,QV,Egypt,e37e4bc7-188b-48ac-b510-9ac596b79756,,"Queens Valley, West Bank, Luxor",,,Small bag of plaster fragments,1-5-I
2180,Field Sample 2180,f3685af2-14f7-47be-b5c4-8b2ef34ccbc5,,,2013 upper plaster,,,,,,,,Plaster,Fragments,QV,Egypt,e37e4bc7-188b-48ac-b510-9ac596b79756,,"Queens Valley, West Bank, Luxor",,,Small bag of plaster fragments,1-5-I
2181,Field Sample 2181,6886984b-fc13-4002-a5bc-8e770796420f,,,QV66 Nef_13,,,,,,,,Plaster,Fragments,QV,Egypt,e37e4bc7-188b-48ac-b510-9ac596b79756,,"Queens Valley, West Bank, Luxor",,,Small bag of plaster fragments,1-5-I
2182,Field Sample 2182,f64b6926-c85e-48db-8a33-e76864487065,,,QV66 Ned_12,,,,,,,,Plaster,Fragments,QV,Egypt,e37e4bc7-188b-48ac-b510-9ac596b79756,,"Queens Valley, West Bank, Luxor",,,Small bag of plaster fragments,1-5-I
2183,Field Sample 2183,053fa2d4-8831-4b03-a9e1-6dcc9ca31320,,,QV66 S14,,,,,,,,Plaster,Fragments,QV,Egypt,e37e4bc7-188b-48ac-b510-9ac596b79756,,"Queens Valley, West Bank, Luxor",,,Small bag of plaster fragments,1-5-I
2184,Field Sample 2184,74e2ba9d-2f45-4542-b817-3ba6bc7a66b9,G:\Buildings_Sites\Queens Valley - Egypt\3_Site Stabilization\Rock Analysis,297689a3-d8fe-4465-bb03-30970ac01fa6,QV42 0901,Thomas Roby,Thomas Roby,,,,2009-02-01,2009-02-01,Rock,Fragments,QV,Egypt,e37e4bc7-188b-48ac-b510-9ac596b79756,,"Queens Valley, West Bank, Luxor",QV 42,Area of rock loss in NE wall of the pillared burial chamber.,Rock sample with resinous surface.,1-5-I
2185,Field Sample 2185,643d74ec-ac1a-4425-8114-ce9181a76671,,,Dust,,,,,,19890411,1989-04-11,Dust,Dust,Mogao,China,43e2eb0b-477b-40f9-9d43-353c81299c73,,"Mogao Grottoes, Dunhuang",Cave 29,,Dust from louvre door in screw-cap ontainer,1-4-G
2186,Field Sample 2186,76114f06-37c3-4194-a3d4-e4ccb537b1c4,,,Dust,,,,,,19890411,1989-04-11,Dust,Dust,Mogao,China,43e2eb0b-477b-40f9-9d43-353c81299c73,,"Mogao Grottoes, Dunhuang",Cave 35,,Dust from louvre door in screw-cap ontainer,1-4-G
2187,Field Sample 2187,75d9c221-f340-4c8a-b9d9-df6d1b5ac755,,,Paint,,,,,,199710,1997-10,Paint flakes,Unmounted paint flakes,Mogao,China,43e2eb0b-477b-40f9-9d43-353c81299c73,,"Mogao Grottoes, Dunhuang",Cave 138,unknown,White paint flakes in small nalgene screw top container,1-4-G
2188,Field Sample 2188,90c14fea-6774-44e6-8115-d6c7c1b88234,,,Paint,,,,,,199710,1997-10,Paint flakes,Unmounted paint flakes,Mogao,China,43e2eb0b-477b-40f9-9d43-353c81299c73,,"Mogao Grottoes, Dunhuang",Cave 138,unknown,Housed in paper inside plastic box,1-4-G
2189,Field Sample 2189,b028dc7f-3dff-4f39-846a-e1e029becda2,,,Paint,,,,,,199710,1997-10,Paint flakes,Unmounted paint flakes,Mogao,China,43e2eb0b-477b-40f9-9d43-353c81299c73,,"Mogao Grottoes, Dunhuang",Cave 138,unknown,Housed in paper inside plastic box,1-4-G
2190,Field Sample 2190,3da6cfff-ec04-4279-a135-d392b3b67329,,,Earth,,,,,,No date,,Earth,Earth,Mogao,China,43e2eb0b-477b-40f9-9d43-353c81299c73,,"Mogao Grottoes, Dunhuang",unknown,unknown,"Bag of ""local earth"" for Mogao cave 85 project grout. Marked 352.6g.",1-4-G
2191,Field Sample 2191,45fb586f-edcf-4c04-8d21-1d8fffcaded6,,,Perlite,,,,,,,,,Powder,Mogao,China,43e2eb0b-477b-40f9-9d43-353c81299c73,,"Mogao Grottoes, Dunhuang",unknown,unknown,Chinese perlite. Unsieved,1-4-H
2192,Field Sample 2192,c4cac673-1fc1-4fd5-9321-4e23ddf4078f,,,Perlite,,,,,,,,,Powder,Mogao,China,43e2eb0b-477b-40f9-9d43-353c81299c73,,"Mogao Grottoes, Dunhuang",unknown,unknown,Chinese perlite.Sieved 300-75 micron,1-4-H
2193,Field Sample 2193,ab2d735c-1cb5-43b8-8aa9-94c920d19c91,,,Perlite,,,,,,,,,Powder,Mogao,China,43e2eb0b-477b-40f9-9d43-353c81299c73,,"Mogao Grottoes, Dunhuang",unknown,unknown,Chinese perlite.Crushed. Sieved 300-75 micron,1-4-H
2194,Field Sample 2194,c5520ad1-6484-4a89-a49a-f73d5ec918e7,SAR%2085NQ00E1.doc,c65902c5-a855-4e59-ae8b-a7c54be1630a,85NQ00E1,,,,,,April 2000,2000-04,Plaster,,Mogao,China,43e2eb0b-477b-40f9-9d43-353c81299c73,,"Mogao Grottoes, Dunhuang",Cave 85,"South Wall: 127cm from floor, 592cm from East Wall. Photo: NQ 1-8Q",Plaster near damage,1-4-G
2195,Field Sample 2195,9c38d28d-1663-4add-856b-4da2a7072428,SAR%2085NQ00E4.doc,6a556e52-6647-41ba-b722-a25d73d8de9d,85NQ00E4,,,,,,April 2000,2000-04,Plaster,,Mogao,China,43e2eb0b-477b-40f9-9d43-353c81299c73,,"Mogao Grottoes, Dunhuang",Cave 85,"South Wall: 243cm from floor, 143cm from West Wall. Photo: NQ 3-12Q",Plaster near damage,1-4-G
2196,Field Sample 2196,4828ed37-01df-4773-82c0-b7fb4fee2384,G:\Buildings_Sites\Cave85\4.Project Data_Findings\Analytical Results\Mogao-macrophotos\Thin Section #1,51146a88-5401-480f-b7c8-c21999d6e754,Thin section 1,,,,,,July 2001,2001-07,Plaster,Thin section,Mogao,China,43e2eb0b-477b-40f9-9d43-353c81299c73,,"Mogao Grottoes, Dunhuang",Cave 85,West slope,Coarse plaster,1-4-G
2197,Field Sample 2197,05cbfedc-9a2e-4dfc-9ee8-20461e0d9f2b,G:\Buildings_Sites\Cave85\4.Project Data_Findings\Analytical Results\Mogao-macrophotos\Thin Section #2,149b539a-2615-4076-b839-b718f7618c90,Thin section 2,,,,,,July 2001,2001-07,Plaster,Thin section,Mogao,China,43e2eb0b-477b-40f9-9d43-353c81299c73,,"Mogao Grottoes, Dunhuang",Cave 85,West slope,Coarse and fine plaster,1-4-G
2198,Field Sample 2198,f9687988-736e-498d-b73c-6e0828ea9b75,,,Wall Painting,,,,,,No date,,Wall painting,Cross-section,Mogao,China,43e2eb0b-477b-40f9-9d43-353c81299c73,,"Mogao Grottoes, Dunhuang",Cave 138,unknown,Painted plaster sample,1-4-G
2199,Field Sample 2199,e3c8e4a4-e628-461c-8f1b-6a115f673563,,,Salts 6,,,,,,No date,,Wall painting,Cross-section,Mogao,China,43e2eb0b-477b-40f9-9d43-353c81299c73,,"Mogao Grottoes, Dunhuang",Cave 85 (assumed),West wall,"Salt, dust, flake. West wall blister",1-4-G
2200,Field Sample 2200,0cc6ab85-1881-455c-8344-a124e98a4889,,,Salts,,,,,,No date,,Wall painting,Cross-section,Mogao,China,43e2eb0b-477b-40f9-9d43-353c81299c73,,"Mogao Grottoes, Dunhuang",Cave 85,Base?,Deliquesces at 80% RH,1-4-G
2201,Field Sample 2201,421cfc72-b0fc-48ab-9663-709b508ed956,,,Earth,,,,,,No date,,Earth,Reference? Earth,Mogao,China,43e2eb0b-477b-40f9-9d43-353c81299c73,,"Mogao Grottoes, Dunhuang",-,-,Labelled chengbantu in Chinese.  澄板土,1-4-H
2202,Field Sample 2202,f33c5663-3860-48cd-98a1-fedd23eb15e8,,,Paint fragment,unknown,,,,,No date,,Fragment,Fragment,Mogao,China,43e2eb0b-477b-40f9-9d43-353c81299c73,,"Mogao Grottoes, Dunhuang",Cave 85,unknown,"""Crater eruption from green area # 2""",1-4-G
2203,Field Sample 2203,9d29746a-6520-4e72-86cd-22fabb8603b7,,,Wall Painting,unknown,,,,,No date,,Wall painting,Fragment,Mogao,China,43e2eb0b-477b-40f9-9d43-353c81299c73,,"Mogao Grottoes, Dunhuang",Cave 138,unknown,Square fragment of painted plaster.,1-4-G
2204,Field Sample 2204,95ab941c-229e-4244-b7db-e8d5e2dc5d58,G:\Buildings_Sites\Cave85\WorkingFolder - Wang Xiaowei\Working Folder - Zheng Jun G:\Buildings_Sites\Cave85\Images\Investigations&Implementation\Conservation Interventions,3dd2d689-7901-4472-8107-2d0ce176bb08,Soot cleaning tests,,,,,,,,,Replicas,Mogao,China,43e2eb0b-477b-40f9-9d43-353c81299c73,,"Mogao Grottoes, Dunhuang",Replicas,,Replicas for soot cleaning tests. 8 panels (circa 2 x 4 inch) and various small cubes,1-4-B
2205,Field Sample 2205,e9f8c152-0169-4323-9be7-2ecc4d35e72e,,,Soot cleaning tests,,,,,,,,,Cross-sections,Mogao,China,43e2eb0b-477b-40f9-9d43-353c81299c73,,"Mogao Grottoes, Dunhuang",,,Three sets of cross sections relating to soot cleaning research,1-4-B
2206,Field Sample 2206,af291732-3c49-482a-82ed-b6412873d221,,,53 # 1-9,,,,,,n.d.,,,Cross-sections,Mogao,China,43e2eb0b-477b-40f9-9d43-353c81299c73,,"Mogao Grottoes, Dunhuang",Cave 53?,,Eight mounted XS. Unclear if original material or replica.,1-4-B
2207,Field Sample 2207,13494cc8-722b-4fc7-9b9d-ffd69dc757f7,,,"310 # 1-3, 5, 9",,,,,,n.d.,,,Cross-sections,Mogao,China,43e2eb0b-477b-40f9-9d43-353c81299c73,,"Mogao Grottoes, Dunhuang",Cave 310?,,Five mounted XS. Unclear if original material or replica.,1-4-B
2208,Field Sample 2208,7d3937bd-bd97-4df3-b7e5-20faeb38ba35,,,Sample Row: 2208,,,,,,20170223,2017-02-23,wax,Fragment,TUT,Egypt,e37e4bc7-188b-48ac-b510-9ac596b79756,,"Kings Valley, West Bank, Luxor",KV 62: Tomb of Tutankhamen,under sarcophagus,suspected wax used for treatment during the time of Carter,1-5-H
2209,Field Sample 2209,08e920a2-89c4-46b6-99ea-9f954f6e6889,,,Sample Row: 2209,,,,,,20170226,2017-02-26,Brown Spot,Flake(s),TUT,Egypt,e37e4bc7-188b-48ac-b510-9ac596b79756,,"Kings Valley, West Bank, Luxor",KV 62: Tomb of Tutankhamen,"Base of North wall, Burial chamber",brown spot which fell off after cleaning from base of wall in unpainted area,1-5-H
