resourceinstanceid,graphid,graphpublicationid,principaluser_id,group_name_tileid,group_name_name_content,group_name_name_type,group_name_name_language,group_name_nodegroupid
19f9b6b2-02bf-4018-ae12-ed619d81571a,36956e50-d770-11ef-8f5d-0275dc2ded29,166c7b56-b36e-4cfa-9dc0-7d232f147d69,1,1ec83084-19a3-41d6-8f93-f32eddca6860,"{""en"": {""value"": ""National Fire Protection Association (NFPA)"", ""direction"": ""ltr""}}","[{""uri"": ""http://localhost:8000/plugins/controlled-list-manager/item/5f400d39-3b6b-4b8a-939b-4e49787c7444"", ""labels"": [{""id"": ""0070cd3b-1dd7-48ee-9f29-b97266bf5afb"", ""value"": ""preferred terms"", ""language_id"": ""en"", ""list_item_id"": ""5f400d39-3b6b-4b8a-939b-4e49787c7444"", ""valuetype_id"": ""prefLabel""}], ""list_id"": ""80028d07-9c98-48cf-84db-f77bc01c8bbc""}]","[{""uri"": ""http://localhost:8000/plugins/controlled-list-manager/item/38729dbe-6d1c-48ce-bf47-e2a18945600e"", ""labels"": [{""id"": ""08a9b0bd-4713-4ea6-a829-66a64240e254"", ""value"": ""English (language)"", ""language_id"": ""en"", ""list_item_id"": ""38729dbe-6d1c-48ce-bf47-e2a18945600e"", ""valuetype_id"": ""prefLabel""}], ""list_id"": ""f7fc4f6d-fd46-4881-846f-4a08bc1a3fef""}]",3695cff8-d770-11ef-8f5d-0275dc2ded29
d1f32bdd-2581-4532-957b-cef19ec0bd21,36956e50-d770-11ef-8f5d-0275dc2ded29,166c7b56-b36e-4cfa-9dc0-7d232f147d69,1,36155a41-611d-4315-9209-8d3314139da4,"{""en"": {""value"": ""Ilford Imaging Switzerland GmbH"", ""direction"": ""ltr""}}","[{""uri"": ""http://localhost:8000/plugins/controlled-list-manager/item/5f400d39-3b6b-4b8a-939b-4e49787c7444"", ""labels"": [{""id"": ""0070cd3b-1dd7-48ee-9f29-b97266bf5afb"", ""value"": ""preferred terms"", ""language_id"": ""en"", ""list_item_id"": ""5f400d39-3b6b-4b8a-939b-4e49787c7444"", ""valuetype_id"": ""prefLabel""}], ""list_id"": ""80028d07-9c98-48cf-84db-f77bc01c8bbc""}]","[{""uri"": ""http://localhost:8000/plugins/controlled-list-manager/item/38729dbe-6d1c-48ce-bf47-e2a18945600e"", ""labels"": [{""id"": ""08a9b0bd-4713-4ea6-a829-66a64240e254"", ""value"": ""English (language)"", ""language_id"": ""en"", ""list_item_id"": ""38729dbe-6d1c-48ce-bf47-e2a18945600e"", ""valuetype_id"": ""prefLabel""}], ""list_id"": ""f7fc4f6d-fd46-4881-846f-4a08bc1a3fef""}]",3695cff8-d770-11ef-8f5d-0275dc2ded29
59b0f28d-6d0b-4542-8979-bbeaca115abd,36956e50-d770-11ef-8f5d-0275dc2ded29,166c7b56-b36e-4cfa-9dc0-7d232f147d69,1,bad2f1cb-e305-4689-aed0-4b21ddeac270,"{""en"": {""value"": ""Hull"", ""direction"": ""ltr""}}","[{""uri"": ""http://localhost:8000/plugins/controlled-list-manager/item/5f400d39-3b6b-4b8a-939b-4e49787c7444"", ""labels"": [{""id"": ""0070cd3b-1dd7-48ee-9f29-b97266bf5afb"", ""value"": ""preferred terms"", ""language_id"": ""en"", ""list_item_id"": ""5f400d39-3b6b-4b8a-939b-4e49787c7444"", ""valuetype_id"": ""prefLabel""}], ""list_id"": ""80028d07-9c98-48cf-84db-f77bc01c8bbc""}]","[{""uri"": ""http://localhost:8000/plugins/controlled-list-manager/item/38729dbe-6d1c-48ce-bf47-e2a18945600e"", ""labels"": [{""id"": ""08a9b0bd-4713-4ea6-a829-66a64240e254"", ""value"": ""English (language)"", ""language_id"": ""en"", ""list_item_id"": ""38729dbe-6d1c-48ce-bf47-e2a18945600e"", ""valuetype_id"": ""prefLabel""}], ""list_id"": ""f7fc4f6d-fd46-4881-846f-4a08bc1a3fef""}]",3695cff8-d770-11ef-8f5d-0275dc2ded29
27a4a8ab-b62c-4e38-835f-92f7f0b090c8,36956e50-d770-11ef-8f5d-0275dc2ded29,166c7b56-b36e-4cfa-9dc0-7d232f147d69,1,a4abb21f-4a99-4f26-8222-b0cdb66f3039,"{""en"": {""value"": ""J.L Hamburger"", ""direction"": ""ltr""}}","[{""uri"": ""http://localhost:8000/plugins/controlled-list-manager/item/5f400d39-3b6b-4b8a-939b-4e49787c7444"", ""labels"": [{""id"": ""0070cd3b-1dd7-48ee-9f29-b97266bf5afb"", ""value"": ""preferred terms"", ""language_id"": ""en"", ""list_item_id"": ""5f400d39-3b6b-4b8a-939b-4e49787c7444"", ""valuetype_id"": ""prefLabel""}], ""list_id"": ""80028d07-9c98-48cf-84db-f77bc01c8bbc""}]","[{""uri"": ""http://localhost:8000/plugins/controlled-list-manager/item/38729dbe-6d1c-48ce-bf47-e2a18945600e"", ""labels"": [{""id"": ""08a9b0bd-4713-4ea6-a829-66a64240e254"", ""value"": ""English (language)"", ""language_id"": ""en"", ""list_item_id"": ""38729dbe-6d1c-48ce-bf47-e2a18945600e"", ""valuetype_id"": ""prefLabel""}], ""list_id"": ""f7fc4f6d-fd46-4881-846f-4a08bc1a3fef""}]",3695cff8-d770-11ef-8f5d-0275dc2ded29
c8add100-e4a8-4be8-bd2c-ecd073194095,36956e50-d770-11ef-8f5d-0275dc2ded29,166c7b56-b36e-4cfa-9dc0-7d232f147d69,1,a6731ac5-97ee-4802-bdfa-66b3455fa8f4,"{""en"": {""value"": ""Alois Martan"", ""direction"": ""ltr""}}","[{""uri"": ""http://localhost:8000/plugins/controlled-list-manager/item/5f400d39-3b6b-4b8a-939b-4e49787c7444"", ""labels"": [{""id"": ""0070cd3b-1dd7-48ee-9f29-b97266bf5afb"", ""value"": ""preferred terms"", ""language_id"": ""en"", ""list_item_id"": ""5f400d39-3b6b-4b8a-939b-4e49787c7444"", ""valuetype_id"": ""prefLabel""}], ""list_id"": ""80028d07-9c98-48cf-84db-f77bc01c8bbc""}]","[{""uri"": ""http://localhost:8000/plugins/controlled-list-manager/item/38729dbe-6d1c-48ce-bf47-e2a18945600e"", ""labels"": [{""id"": ""08a9b0bd-4713-4ea6-a829-66a64240e254"", ""value"": ""English (language)"", ""language_id"": ""en"", ""list_item_id"": ""38729dbe-6d1c-48ce-bf47-e2a18945600e"", ""valuetype_id"": ""prefLabel""}], ""list_id"": ""f7fc4f6d-fd46-4881-846f-4a08bc1a3fef""}]",3695cff8-d770-11ef-8f5d-0275dc2ded29
49715e42-8630-4b06-8d7a-53c6dd64c219,36956e50-d770-11ef-8f5d-0275dc2ded29,166c7b56-b36e-4cfa-9dc0-7d232f147d69,1,6686c6db-b15d-4b14-b172-66149c1d15ea,"{""en"": {""value"": ""Bibbiena"", ""direction"": ""ltr""}}","[{""uri"": ""http://localhost:8000/plugins/controlled-list-manager/item/5f400d39-3b6b-4b8a-939b-4e49787c7444"", ""labels"": [{""id"": ""0070cd3b-1dd7-48ee-9f29-b97266bf5afb"", ""value"": ""preferred terms"", ""language_id"": ""en"", ""list_item_id"": ""5f400d39-3b6b-4b8a-939b-4e49787c7444"", ""valuetype_id"": ""prefLabel""}], ""list_id"": ""80028d07-9c98-48cf-84db-f77bc01c8bbc""}]","[{""uri"": ""http://localhost:8000/plugins/controlled-list-manager/item/38729dbe-6d1c-48ce-bf47-e2a18945600e"", ""labels"": [{""id"": ""08a9b0bd-4713-4ea6-a829-66a64240e254"", ""value"": ""English (language)"", ""language_id"": ""en"", ""list_item_id"": ""38729dbe-6d1c-48ce-bf47-e2a18945600e"", ""valuetype_id"": ""prefLabel""}], ""list_id"": ""f7fc4f6d-fd46-4881-846f-4a08bc1a3fef""}]",3695cff8-d770-11ef-8f5d-0275dc2ded29
04241a7f-ad59-48f2-881d-e1f0f823e9f8,36956e50-d770-11ef-8f5d-0275dc2ded29,166c7b56-b36e-4cfa-9dc0-7d232f147d69,1,02d506f6-da00-480a-9411-239c688a44a7,"{""en"": {""value"": ""R. Fullam"", ""direction"": ""ltr""}}","[{""uri"": ""http://localhost:8000/plugins/controlled-list-manager/item/5f400d39-3b6b-4b8a-939b-4e49787c7444"", ""labels"": [{""id"": ""0070cd3b-1dd7-48ee-9f29-b97266bf5afb"", ""value"": ""preferred terms"", ""language_id"": ""en"", ""list_item_id"": ""5f400d39-3b6b-4b8a-939b-4e49787c7444"", ""valuetype_id"": ""prefLabel""}], ""list_id"": ""80028d07-9c98-48cf-84db-f77bc01c8bbc""}]","[{""uri"": ""http://localhost:8000/plugins/controlled-list-manager/item/38729dbe-6d1c-48ce-bf47-e2a18945600e"", ""labels"": [{""id"": ""08a9b0bd-4713-4ea6-a829-66a64240e254"", ""value"": ""English (language)"", ""language_id"": ""en"", ""list_item_id"": ""38729dbe-6d1c-48ce-bf47-e2a18945600e"", ""valuetype_id"": ""prefLabel""}], ""list_id"": ""f7fc4f6d-fd46-4881-846f-4a08bc1a3fef""}]",3695cff8-d770-11ef-8f5d-0275dc2ded29
4ecf6a96-54f8-4790-8c55-4655ffdb7bd8,36956e50-d770-11ef-8f5d-0275dc2ded29,166c7b56-b36e-4cfa-9dc0-7d232f147d69,1,9ad49a71-a9e6-42ff-a4eb-0cf182a9a70b,"{""en"": {""value"": ""La Campagnie des Ocres"", ""direction"": ""ltr""}}","[{""uri"": ""http://localhost:8000/plugins/controlled-list-manager/item/5f400d39-3b6b-4b8a-939b-4e49787c7444"", ""labels"": [{""id"": ""0070cd3b-1dd7-48ee-9f29-b97266bf5afb"", ""value"": ""preferred terms"", ""language_id"": ""en"", ""list_item_id"": ""5f400d39-3b6b-4b8a-939b-4e49787c7444"", ""valuetype_id"": ""prefLabel""}], ""list_id"": ""80028d07-9c98-48cf-84db-f77bc01c8bbc""}]","[{""uri"": ""http://localhost:8000/plugins/controlled-list-manager/item/38729dbe-6d1c-48ce-bf47-e2a18945600e"", ""labels"": [{""id"": ""08a9b0bd-4713-4ea6-a829-66a64240e254"", ""value"": ""English (language)"", ""language_id"": ""en"", ""list_item_id"": ""38729dbe-6d1c-48ce-bf47-e2a18945600e"", ""valuetype_id"": ""prefLabel""}], ""list_id"": ""f7fc4f6d-fd46-4881-846f-4a08bc1a3fef""}]",3695cff8-d770-11ef-8f5d-0275dc2ded29
78906f8e-e687-42f0-8fb6-b1972ba80b37,36956e50-d770-11ef-8f5d-0275dc2ded29,166c7b56-b36e-4cfa-9dc0-7d232f147d69,1,f88a04e9-9a46-4804-b67c-b11ee39e00dd,"{""en"": {""value"": ""Avecia"", ""direction"": ""ltr""}}","[{""uri"": ""http://localhost:8000/plugins/controlled-list-manager/item/5f400d39-3b6b-4b8a-939b-4e49787c7444"", ""labels"": [{""id"": ""0070cd3b-1dd7-48ee-9f29-b97266bf5afb"", ""value"": ""preferred terms"", ""language_id"": ""en"", ""list_item_id"": ""5f400d39-3b6b-4b8a-939b-4e49787c7444"", ""valuetype_id"": ""prefLabel""}], ""list_id"": ""80028d07-9c98-48cf-84db-f77bc01c8bbc""}]","[{""uri"": ""http://localhost:8000/plugins/controlled-list-manager/item/38729dbe-6d1c-48ce-bf47-e2a18945600e"", ""labels"": [{""id"": ""08a9b0bd-4713-4ea6-a829-66a64240e254"", ""value"": ""English (language)"", ""language_id"": ""en"", ""list_item_id"": ""38729dbe-6d1c-48ce-bf47-e2a18945600e"", ""valuetype_id"": ""prefLabel""}], ""list_id"": ""f7fc4f6d-fd46-4881-846f-4a08bc1a3fef""}]",3695cff8-d770-11ef-8f5d-0275dc2ded29
58b336ba-e18b-49ce-9c91-97284890ffbd,36956e50-d770-11ef-8f5d-0275dc2ded29,166c7b56-b36e-4cfa-9dc0-7d232f147d69,1,4cfd6f82-aefe-4fe0-a06c-e3949da4cade,"{""en"": {""value"": ""Tong Ren Tang Pharmacy, Beijing"", ""direction"": ""ltr""}}","[{""uri"": ""http://localhost:8000/plugins/controlled-list-manager/item/5f400d39-3b6b-4b8a-939b-4e49787c7444"", ""labels"": [{""id"": ""0070cd3b-1dd7-48ee-9f29-b97266bf5afb"", ""value"": ""preferred terms"", ""language_id"": ""en"", ""list_item_id"": ""5f400d39-3b6b-4b8a-939b-4e49787c7444"", ""valuetype_id"": ""prefLabel""}], ""list_id"": ""80028d07-9c98-48cf-84db-f77bc01c8bbc""}]","[{""uri"": ""http://localhost:8000/plugins/controlled-list-manager/item/38729dbe-6d1c-48ce-bf47-e2a18945600e"", ""labels"": [{""id"": ""08a9b0bd-4713-4ea6-a829-66a64240e254"", ""value"": ""English (language)"", ""language_id"": ""en"", ""list_item_id"": ""38729dbe-6d1c-48ce-bf47-e2a18945600e"", ""valuetype_id"": ""prefLabel""}], ""list_id"": ""f7fc4f6d-fd46-4881-846f-4a08bc1a3fef""}]",3695cff8-d770-11ef-8f5d-0275dc2ded29
3605096f-bbc7-44b2-bdae-840a267cf497,36956e50-d770-11ef-8f5d-0275dc2ded29,166c7b56-b36e-4cfa-9dc0-7d232f147d69,1,c851a7b5-d5d0-494e-ad5c-52bad00f0d5d,"{""en"": {""value"": ""Polysciences, Inc."", ""direction"": ""ltr""}}","[{""uri"": ""http://localhost:8000/plugins/controlled-list-manager/item/5f400d39-3b6b-4b8a-939b-4e49787c7444"", ""labels"": [{""id"": ""0070cd3b-1dd7-48ee-9f29-b97266bf5afb"", ""value"": ""preferred terms"", ""language_id"": ""en"", ""list_item_id"": ""5f400d39-3b6b-4b8a-939b-4e49787c7444"", ""valuetype_id"": ""prefLabel""}], ""list_id"": ""80028d07-9c98-48cf-84db-f77bc01c8bbc""}]","[{""uri"": ""http://localhost:8000/plugins/controlled-list-manager/item/38729dbe-6d1c-48ce-bf47-e2a18945600e"", ""labels"": [{""id"": ""08a9b0bd-4713-4ea6-a829-66a64240e254"", ""value"": ""English (language)"", ""language_id"": ""en"", ""list_item_id"": ""38729dbe-6d1c-48ce-bf47-e2a18945600e"", ""valuetype_id"": ""prefLabel""}], ""list_id"": ""f7fc4f6d-fd46-4881-846f-4a08bc1a3fef""}]",3695cff8-d770-11ef-8f5d-0275dc2ded29
ac052912-48ba-42fe-8b9c-0c82ea8b93ce,36956e50-d770-11ef-8f5d-0275dc2ded29,166c7b56-b36e-4cfa-9dc0-7d232f147d69,1,60463399-e5c1-44ba-8494-9c12671ccf67,"{""en"": {""value"": ""Mrs. Gooch's Natural Foods"", ""direction"": ""ltr""}}","[{""uri"": ""http://localhost:8000/plugins/controlled-list-manager/item/5f400d39-3b6b-4b8a-939b-4e49787c7444"", ""labels"": [{""id"": ""0070cd3b-1dd7-48ee-9f29-b97266bf5afb"", ""value"": ""preferred terms"", ""language_id"": ""en"", ""list_item_id"": ""5f400d39-3b6b-4b8a-939b-4e49787c7444"", ""valuetype_id"": ""prefLabel""}], ""list_id"": ""80028d07-9c98-48cf-84db-f77bc01c8bbc""}]","[{""uri"": ""http://localhost:8000/plugins/controlled-list-manager/item/38729dbe-6d1c-48ce-bf47-e2a18945600e"", ""labels"": [{""id"": ""08a9b0bd-4713-4ea6-a829-66a64240e254"", ""value"": ""English (language)"", ""language_id"": ""en"", ""list_item_id"": ""38729dbe-6d1c-48ce-bf47-e2a18945600e"", ""valuetype_id"": ""prefLabel""}], ""list_id"": ""f7fc4f6d-fd46-4881-846f-4a08bc1a3fef""}]",3695cff8-d770-11ef-8f5d-0275dc2ded29
8edec299-50bb-4d30-95ab-e6f7b4024179,36956e50-d770-11ef-8f5d-0275dc2ded29,166c7b56-b36e-4cfa-9dc0-7d232f147d69,1,aa7a35c8-9e15-4f22-a4cb-9e3cc1c03b33,"{""en"": {""value"": ""Zimmerman"", ""direction"": ""ltr""}}","[{""uri"": ""http://localhost:8000/plugins/controlled-list-manager/item/5f400d39-3b6b-4b8a-939b-4e49787c7444"", ""labels"": [{""id"": ""0070cd3b-1dd7-48ee-9f29-b97266bf5afb"", ""value"": ""preferred terms"", ""language_id"": ""en"", ""list_item_id"": ""5f400d39-3b6b-4b8a-939b-4e49787c7444"", ""valuetype_id"": ""prefLabel""}], ""list_id"": ""80028d07-9c98-48cf-84db-f77bc01c8bbc""}]","[{""uri"": ""http://localhost:8000/plugins/controlled-list-manager/item/38729dbe-6d1c-48ce-bf47-e2a18945600e"", ""labels"": [{""id"": ""08a9b0bd-4713-4ea6-a829-66a64240e254"", ""value"": ""English (language)"", ""language_id"": ""en"", ""list_item_id"": ""38729dbe-6d1c-48ce-bf47-e2a18945600e"", ""valuetype_id"": ""prefLabel""}], ""list_id"": ""f7fc4f6d-fd46-4881-846f-4a08bc1a3fef""}]",3695cff8-d770-11ef-8f5d-0275dc2ded29
8ed6c7c0-cf38-46cb-bde7-2f933f09bac2,36956e50-d770-11ef-8f5d-0275dc2ded29,166c7b56-b36e-4cfa-9dc0-7d232f147d69,1,9c773f59-0d1c-4e26-a3c3-b8b12335af84,"{""en"": {""value"": ""LA State"", ""direction"": ""ltr""}}","[{""uri"": ""http://localhost:8000/plugins/controlled-list-manager/item/5f400d39-3b6b-4b8a-939b-4e49787c7444"", ""labels"": [{""id"": ""0070cd3b-1dd7-48ee-9f29-b97266bf5afb"", ""value"": ""preferred terms"", ""language_id"": ""en"", ""list_item_id"": ""5f400d39-3b6b-4b8a-939b-4e49787c7444"", ""valuetype_id"": ""prefLabel""}], ""list_id"": ""80028d07-9c98-48cf-84db-f77bc01c8bbc""}]","[{""uri"": ""http://localhost:8000/plugins/controlled-list-manager/item/38729dbe-6d1c-48ce-bf47-e2a18945600e"", ""labels"": [{""id"": ""08a9b0bd-4713-4ea6-a829-66a64240e254"", ""value"": ""English (language)"", ""language_id"": ""en"", ""list_item_id"": ""38729dbe-6d1c-48ce-bf47-e2a18945600e"", ""valuetype_id"": ""prefLabel""}], ""list_id"": ""f7fc4f6d-fd46-4881-846f-4a08bc1a3fef""}]",3695cff8-d770-11ef-8f5d-0275dc2ded29
bfd05c32-ecbf-4937-ba5a-f105c6959a98,36956e50-d770-11ef-8f5d-0275dc2ded29,166c7b56-b36e-4cfa-9dc0-7d232f147d69,1,437dcdc9-28e6-4b29-a9ee-02a8a3d8fc52,"{""en"": {""value"": ""Sanford Corp."", ""direction"": ""ltr""}}","[{""uri"": ""http://localhost:8000/plugins/controlled-list-manager/item/5f400d39-3b6b-4b8a-939b-4e49787c7444"", ""labels"": [{""id"": ""0070cd3b-1dd7-48ee-9f29-b97266bf5afb"", ""value"": ""preferred terms"", ""language_id"": ""en"", ""list_item_id"": ""5f400d39-3b6b-4b8a-939b-4e49787c7444"", ""valuetype_id"": ""prefLabel""}], ""list_id"": ""80028d07-9c98-48cf-84db-f77bc01c8bbc""}]","[{""uri"": ""http://localhost:8000/plugins/controlled-list-manager/item/38729dbe-6d1c-48ce-bf47-e2a18945600e"", ""labels"": [{""id"": ""08a9b0bd-4713-4ea6-a829-66a64240e254"", ""value"": ""English (language)"", ""language_id"": ""en"", ""list_item_id"": ""38729dbe-6d1c-48ce-bf47-e2a18945600e"", ""valuetype_id"": ""prefLabel""}], ""list_id"": ""f7fc4f6d-fd46-4881-846f-4a08bc1a3fef""}]",3695cff8-d770-11ef-8f5d-0275dc2ded29
c041b240-601c-4217-8b78-7793c3c6b431,36956e50-d770-11ef-8f5d-0275dc2ded29,166c7b56-b36e-4cfa-9dc0-7d232f147d69,1,25bb86be-50a3-4052-b6fd-f529b5ff5a09,"{""en"": {""value"": ""Sigma Chemical Company"", ""direction"": ""ltr""}}","[{""uri"": ""http://localhost:8000/plugins/controlled-list-manager/item/5f400d39-3b6b-4b8a-939b-4e49787c7444"", ""labels"": [{""id"": ""0070cd3b-1dd7-48ee-9f29-b97266bf5afb"", ""value"": ""preferred terms"", ""language_id"": ""en"", ""list_item_id"": ""5f400d39-3b6b-4b8a-939b-4e49787c7444"", ""valuetype_id"": ""prefLabel""}], ""list_id"": ""80028d07-9c98-48cf-84db-f77bc01c8bbc""}]","[{""uri"": ""http://localhost:8000/plugins/controlled-list-manager/item/38729dbe-6d1c-48ce-bf47-e2a18945600e"", ""labels"": [{""id"": ""08a9b0bd-4713-4ea6-a829-66a64240e254"", ""value"": ""English (language)"", ""language_id"": ""en"", ""list_item_id"": ""38729dbe-6d1c-48ce-bf47-e2a18945600e"", ""valuetype_id"": ""prefLabel""}], ""list_id"": ""f7fc4f6d-fd46-4881-846f-4a08bc1a3fef""}]",3695cff8-d770-11ef-8f5d-0275dc2ded29
f7a4f651-8c76-40d6-b5b6-1f97063a786f,36956e50-d770-11ef-8f5d-0275dc2ded29,166c7b56-b36e-4cfa-9dc0-7d232f147d69,1,68ff3bb5-a815-47d2-9994-ab135e137576,"{""en"": {""value"": ""Brico"", ""direction"": ""ltr""}}","[{""uri"": ""http://localhost:8000/plugins/controlled-list-manager/item/5f400d39-3b6b-4b8a-939b-4e49787c7444"", ""labels"": [{""id"": ""0070cd3b-1dd7-48ee-9f29-b97266bf5afb"", ""value"": ""preferred terms"", ""language_id"": ""en"", ""list_item_id"": ""5f400d39-3b6b-4b8a-939b-4e49787c7444"", ""valuetype_id"": ""prefLabel""}], ""list_id"": ""80028d07-9c98-48cf-84db-f77bc01c8bbc""}]","[{""uri"": ""http://localhost:8000/plugins/controlled-list-manager/item/38729dbe-6d1c-48ce-bf47-e2a18945600e"", ""labels"": [{""id"": ""08a9b0bd-4713-4ea6-a829-66a64240e254"", ""value"": ""English (language)"", ""language_id"": ""en"", ""list_item_id"": ""38729dbe-6d1c-48ce-bf47-e2a18945600e"", ""valuetype_id"": ""prefLabel""}], ""list_id"": ""f7fc4f6d-fd46-4881-846f-4a08bc1a3fef""}]",3695cff8-d770-11ef-8f5d-0275dc2ded29
9c9ce173-9566-4330-9324-82e8809de263,36956e50-d770-11ef-8f5d-0275dc2ded29,166c7b56-b36e-4cfa-9dc0-7d232f147d69,1,33118a07-80fe-4efa-91f5-92183efb99d5,"{""en"": {""value"": ""Ilford Limited"", ""direction"": ""ltr""}}","[{""uri"": ""http://localhost:8000/plugins/controlled-list-manager/item/5f400d39-3b6b-4b8a-939b-4e49787c7444"", ""labels"": [{""id"": ""0070cd3b-1dd7-48ee-9f29-b97266bf5afb"", ""value"": ""preferred terms"", ""language_id"": ""en"", ""list_item_id"": ""5f400d39-3b6b-4b8a-939b-4e49787c7444"", ""valuetype_id"": ""prefLabel""}], ""list_id"": ""80028d07-9c98-48cf-84db-f77bc01c8bbc""}]","[{""uri"": ""http://localhost:8000/plugins/controlled-list-manager/item/38729dbe-6d1c-48ce-bf47-e2a18945600e"", ""labels"": [{""id"": ""08a9b0bd-4713-4ea6-a829-66a64240e254"", ""value"": ""English (language)"", ""language_id"": ""en"", ""list_item_id"": ""38729dbe-6d1c-48ce-bf47-e2a18945600e"", ""valuetype_id"": ""prefLabel""}], ""list_id"": ""f7fc4f6d-fd46-4881-846f-4a08bc1a3fef""}]",3695cff8-d770-11ef-8f5d-0275dc2ded29
49471e83-cf29-4177-9309-2b02c6ee219f,36956e50-d770-11ef-8f5d-0275dc2ded29,166c7b56-b36e-4cfa-9dc0-7d232f147d69,1,d629a1b1-dac2-4258-bb26-b54f5287a61a,"{""en"": {""value"": ""Nanda Wickramasinghe"", ""direction"": ""ltr""}}","[{""uri"": ""http://localhost:8000/plugins/controlled-list-manager/item/5f400d39-3b6b-4b8a-939b-4e49787c7444"", ""labels"": [{""id"": ""0070cd3b-1dd7-48ee-9f29-b97266bf5afb"", ""value"": ""preferred terms"", ""language_id"": ""en"", ""list_item_id"": ""5f400d39-3b6b-4b8a-939b-4e49787c7444"", ""valuetype_id"": ""prefLabel""}], ""list_id"": ""80028d07-9c98-48cf-84db-f77bc01c8bbc""}]","[{""uri"": ""http://localhost:8000/plugins/controlled-list-manager/item/38729dbe-6d1c-48ce-bf47-e2a18945600e"", ""labels"": [{""id"": ""08a9b0bd-4713-4ea6-a829-66a64240e254"", ""value"": ""English (language)"", ""language_id"": ""en"", ""list_item_id"": ""38729dbe-6d1c-48ce-bf47-e2a18945600e"", ""valuetype_id"": ""prefLabel""}], ""list_id"": ""f7fc4f6d-fd46-4881-846f-4a08bc1a3fef""}]",3695cff8-d770-11ef-8f5d-0275dc2ded29
2203f6e2-2f6e-47e1-96d9-55fa82789c54,36956e50-d770-11ef-8f5d-0275dc2ded29,166c7b56-b36e-4cfa-9dc0-7d232f147d69,1,45159f72-fd1f-4755-9062-b693553a0c6b,"{""en"": {""value"": ""Panpastel"", ""direction"": ""ltr""}}","[{""uri"": ""http://localhost:8000/plugins/controlled-list-manager/item/5f400d39-3b6b-4b8a-939b-4e49787c7444"", ""labels"": [{""id"": ""0070cd3b-1dd7-48ee-9f29-b97266bf5afb"", ""value"": ""preferred terms"", ""language_id"": ""en"", ""list_item_id"": ""5f400d39-3b6b-4b8a-939b-4e49787c7444"", ""valuetype_id"": ""prefLabel""}], ""list_id"": ""80028d07-9c98-48cf-84db-f77bc01c8bbc""}]","[{""uri"": ""http://localhost:8000/plugins/controlled-list-manager/item/38729dbe-6d1c-48ce-bf47-e2a18945600e"", ""labels"": [{""id"": ""08a9b0bd-4713-4ea6-a829-66a64240e254"", ""value"": ""English (language)"", ""language_id"": ""en"", ""list_item_id"": ""38729dbe-6d1c-48ce-bf47-e2a18945600e"", ""valuetype_id"": ""prefLabel""}], ""list_id"": ""f7fc4f6d-fd46-4881-846f-4a08bc1a3fef""}]",3695cff8-d770-11ef-8f5d-0275dc2ded29
21e78a1f-1c52-45f5-9f9a-7d6f0198c78d,36956e50-d770-11ef-8f5d-0275dc2ded29,166c7b56-b36e-4cfa-9dc0-7d232f147d69,1,e9d7e419-c744-42e5-b244-15f2400428aa,"{""en"": {""value"": ""Gamblin Artist Colors"", ""direction"": ""ltr""}}","[{""uri"": ""http://localhost:8000/plugins/controlled-list-manager/item/5f400d39-3b6b-4b8a-939b-4e49787c7444"", ""labels"": [{""id"": ""0070cd3b-1dd7-48ee-9f29-b97266bf5afb"", ""value"": ""preferred terms"", ""language_id"": ""en"", ""list_item_id"": ""5f400d39-3b6b-4b8a-939b-4e49787c7444"", ""valuetype_id"": ""prefLabel""}], ""list_id"": ""80028d07-9c98-48cf-84db-f77bc01c8bbc""}]","[{""uri"": ""http://localhost:8000/plugins/controlled-list-manager/item/38729dbe-6d1c-48ce-bf47-e2a18945600e"", ""labels"": [{""id"": ""08a9b0bd-4713-4ea6-a829-66a64240e254"", ""value"": ""English (language)"", ""language_id"": ""en"", ""list_item_id"": ""38729dbe-6d1c-48ce-bf47-e2a18945600e"", ""valuetype_id"": ""prefLabel""}], ""list_id"": ""f7fc4f6d-fd46-4881-846f-4a08bc1a3fef""}]",3695cff8-d770-11ef-8f5d-0275dc2ded29
b3eb611a-2137-4fcb-9aaa-d02c065b8a35,36956e50-d770-11ef-8f5d-0275dc2ded29,166c7b56-b36e-4cfa-9dc0-7d232f147d69,1,4d56d11a-4bde-4315-b8bb-45dfb9c8b210,"{""en"": {""value"": ""Verfmolen 'De Kat'"", ""direction"": ""ltr""}}","[{""uri"": ""http://localhost:8000/plugins/controlled-list-manager/item/5f400d39-3b6b-4b8a-939b-4e49787c7444"", ""labels"": [{""id"": ""0070cd3b-1dd7-48ee-9f29-b97266bf5afb"", ""value"": ""preferred terms"", ""language_id"": ""en"", ""list_item_id"": ""5f400d39-3b6b-4b8a-939b-4e49787c7444"", ""valuetype_id"": ""prefLabel""}], ""list_id"": ""80028d07-9c98-48cf-84db-f77bc01c8bbc""}]","[{""uri"": ""http://localhost:8000/plugins/controlled-list-manager/item/38729dbe-6d1c-48ce-bf47-e2a18945600e"", ""labels"": [{""id"": ""08a9b0bd-4713-4ea6-a829-66a64240e254"", ""value"": ""English (language)"", ""language_id"": ""en"", ""list_item_id"": ""38729dbe-6d1c-48ce-bf47-e2a18945600e"", ""valuetype_id"": ""prefLabel""}], ""list_id"": ""f7fc4f6d-fd46-4881-846f-4a08bc1a3fef""}]",3695cff8-d770-11ef-8f5d-0275dc2ded29
ab1a59ef-9485-48aa-8439-445dc66fafe9,36956e50-d770-11ef-8f5d-0275dc2ded29,166c7b56-b36e-4cfa-9dc0-7d232f147d69,1,4f232e39-b63f-46b7-b28a-47769961b134,"{""en"": {""value"": ""Permanent Pigments, Inc."", ""direction"": ""ltr""}}","[{""uri"": ""http://localhost:8000/plugins/controlled-list-manager/item/5f400d39-3b6b-4b8a-939b-4e49787c7444"", ""labels"": [{""id"": ""0070cd3b-1dd7-48ee-9f29-b97266bf5afb"", ""value"": ""preferred terms"", ""language_id"": ""en"", ""list_item_id"": ""5f400d39-3b6b-4b8a-939b-4e49787c7444"", ""valuetype_id"": ""prefLabel""}], ""list_id"": ""80028d07-9c98-48cf-84db-f77bc01c8bbc""}]","[{""uri"": ""http://localhost:8000/plugins/controlled-list-manager/item/38729dbe-6d1c-48ce-bf47-e2a18945600e"", ""labels"": [{""id"": ""08a9b0bd-4713-4ea6-a829-66a64240e254"", ""value"": ""English (language)"", ""language_id"": ""en"", ""list_item_id"": ""38729dbe-6d1c-48ce-bf47-e2a18945600e"", ""valuetype_id"": ""prefLabel""}], ""list_id"": ""f7fc4f6d-fd46-4881-846f-4a08bc1a3fef""}]",3695cff8-d770-11ef-8f5d-0275dc2ded29
05064833-5bdc-4738-b718-f65ab0697bef,36956e50-d770-11ef-8f5d-0275dc2ded29,166c7b56-b36e-4cfa-9dc0-7d232f147d69,1,4fdb4a02-8836-43f4-8396-7592dc4cc0ed,"{""en"": {""value"": ""Niagara"", ""direction"": ""ltr""}}","[{""uri"": ""http://localhost:8000/plugins/controlled-list-manager/item/5f400d39-3b6b-4b8a-939b-4e49787c7444"", ""labels"": [{""id"": ""0070cd3b-1dd7-48ee-9f29-b97266bf5afb"", ""value"": ""preferred terms"", ""language_id"": ""en"", ""list_item_id"": ""5f400d39-3b6b-4b8a-939b-4e49787c7444"", ""valuetype_id"": ""prefLabel""}], ""list_id"": ""80028d07-9c98-48cf-84db-f77bc01c8bbc""}]","[{""uri"": ""http://localhost:8000/plugins/controlled-list-manager/item/38729dbe-6d1c-48ce-bf47-e2a18945600e"", ""labels"": [{""id"": ""08a9b0bd-4713-4ea6-a829-66a64240e254"", ""value"": ""English (language)"", ""language_id"": ""en"", ""list_item_id"": ""38729dbe-6d1c-48ce-bf47-e2a18945600e"", ""valuetype_id"": ""prefLabel""}], ""list_id"": ""f7fc4f6d-fd46-4881-846f-4a08bc1a3fef""}]",3695cff8-d770-11ef-8f5d-0275dc2ded29
dc6c4ca3-e06b-4f94-ab75-1711d8a636ed,36956e50-d770-11ef-8f5d-0275dc2ded29,166c7b56-b36e-4cfa-9dc0-7d232f147d69,1,69658780-048b-40a9-85fb-289f9282dd8c,"{""en"": {""value"": ""JPGM Dec Arts Conservation"", ""direction"": ""ltr""}}","[{""uri"": ""http://localhost:8000/plugins/controlled-list-manager/item/5f400d39-3b6b-4b8a-939b-4e49787c7444"", ""labels"": [{""id"": ""0070cd3b-1dd7-48ee-9f29-b97266bf5afb"", ""value"": ""preferred terms"", ""language_id"": ""en"", ""list_item_id"": ""5f400d39-3b6b-4b8a-939b-4e49787c7444"", ""valuetype_id"": ""prefLabel""}], ""list_id"": ""80028d07-9c98-48cf-84db-f77bc01c8bbc""}]","[{""uri"": ""http://localhost:8000/plugins/controlled-list-manager/item/38729dbe-6d1c-48ce-bf47-e2a18945600e"", ""labels"": [{""id"": ""08a9b0bd-4713-4ea6-a829-66a64240e254"", ""value"": ""English (language)"", ""language_id"": ""en"", ""list_item_id"": ""38729dbe-6d1c-48ce-bf47-e2a18945600e"", ""valuetype_id"": ""prefLabel""}], ""list_id"": ""f7fc4f6d-fd46-4881-846f-4a08bc1a3fef""}]",3695cff8-d770-11ef-8f5d-0275dc2ded29
97b4474e-4ddf-4f44-b458-079307ee5556,36956e50-d770-11ef-8f5d-0275dc2ded29,166c7b56-b36e-4cfa-9dc0-7d232f147d69,1,b636e512-c5b1-4327-9e0e-3985264829ef,"{""en"": {""value"": ""Indio Products, Inc."", ""direction"": ""ltr""}}","[{""uri"": ""http://localhost:8000/plugins/controlled-list-manager/item/5f400d39-3b6b-4b8a-939b-4e49787c7444"", ""labels"": [{""id"": ""0070cd3b-1dd7-48ee-9f29-b97266bf5afb"", ""value"": ""preferred terms"", ""language_id"": ""en"", ""list_item_id"": ""5f400d39-3b6b-4b8a-939b-4e49787c7444"", ""valuetype_id"": ""prefLabel""}], ""list_id"": ""80028d07-9c98-48cf-84db-f77bc01c8bbc""}]","[{""uri"": ""http://localhost:8000/plugins/controlled-list-manager/item/38729dbe-6d1c-48ce-bf47-e2a18945600e"", ""labels"": [{""id"": ""08a9b0bd-4713-4ea6-a829-66a64240e254"", ""value"": ""English (language)"", ""language_id"": ""en"", ""list_item_id"": ""38729dbe-6d1c-48ce-bf47-e2a18945600e"", ""valuetype_id"": ""prefLabel""}], ""list_id"": ""f7fc4f6d-fd46-4881-846f-4a08bc1a3fef""}]",3695cff8-d770-11ef-8f5d-0275dc2ded29
dfd2a9b7-f253-45b3-80ed-9de78cf5e041,36956e50-d770-11ef-8f5d-0275dc2ded29,166c7b56-b36e-4cfa-9dc0-7d232f147d69,1,ad0d3369-6506-45dc-9808-90439aeb367a,"{""en"": {""value"": ""3M Italia S.P.A."", ""direction"": ""ltr""}}","[{""uri"": ""http://localhost:8000/plugins/controlled-list-manager/item/5f400d39-3b6b-4b8a-939b-4e49787c7444"", ""labels"": [{""id"": ""0070cd3b-1dd7-48ee-9f29-b97266bf5afb"", ""value"": ""preferred terms"", ""language_id"": ""en"", ""list_item_id"": ""5f400d39-3b6b-4b8a-939b-4e49787c7444"", ""valuetype_id"": ""prefLabel""}], ""list_id"": ""80028d07-9c98-48cf-84db-f77bc01c8bbc""}]","[{""uri"": ""http://localhost:8000/plugins/controlled-list-manager/item/38729dbe-6d1c-48ce-bf47-e2a18945600e"", ""labels"": [{""id"": ""08a9b0bd-4713-4ea6-a829-66a64240e254"", ""value"": ""English (language)"", ""language_id"": ""en"", ""list_item_id"": ""38729dbe-6d1c-48ce-bf47-e2a18945600e"", ""valuetype_id"": ""prefLabel""}], ""list_id"": ""f7fc4f6d-fd46-4881-846f-4a08bc1a3fef""}]",3695cff8-d770-11ef-8f5d-0275dc2ded29
7061755a-5f9a-40c3-b45b-4f3345f0ad74,36956e50-d770-11ef-8f5d-0275dc2ded29,166c7b56-b36e-4cfa-9dc0-7d232f147d69,1,b5ba55ab-f1f8-48c9-b757-4aa84d5cd926,"{""en"": {""value"": ""Ellis & Everard"", ""direction"": ""ltr""}}","[{""uri"": ""http://localhost:8000/plugins/controlled-list-manager/item/5f400d39-3b6b-4b8a-939b-4e49787c7444"", ""labels"": [{""id"": ""0070cd3b-1dd7-48ee-9f29-b97266bf5afb"", ""value"": ""preferred terms"", ""language_id"": ""en"", ""list_item_id"": ""5f400d39-3b6b-4b8a-939b-4e49787c7444"", ""valuetype_id"": ""prefLabel""}], ""list_id"": ""80028d07-9c98-48cf-84db-f77bc01c8bbc""}]","[{""uri"": ""http://localhost:8000/plugins/controlled-list-manager/item/38729dbe-6d1c-48ce-bf47-e2a18945600e"", ""labels"": [{""id"": ""08a9b0bd-4713-4ea6-a829-66a64240e254"", ""value"": ""English (language)"", ""language_id"": ""en"", ""list_item_id"": ""38729dbe-6d1c-48ce-bf47-e2a18945600e"", ""valuetype_id"": ""prefLabel""}], ""list_id"": ""f7fc4f6d-fd46-4881-846f-4a08bc1a3fef""}]",3695cff8-d770-11ef-8f5d-0275dc2ded29
dba322e7-8e19-4e55-8f90-433eb6dbc81d,36956e50-d770-11ef-8f5d-0275dc2ded29,166c7b56-b36e-4cfa-9dc0-7d232f147d69,1,9f1c50ba-2371-4818-bfe9-eb29b2d8c06c,"{""en"": {""value"": ""Wei T'o Associates, Inc."", ""direction"": ""ltr""}}","[{""uri"": ""http://localhost:8000/plugins/controlled-list-manager/item/5f400d39-3b6b-4b8a-939b-4e49787c7444"", ""labels"": [{""id"": ""0070cd3b-1dd7-48ee-9f29-b97266bf5afb"", ""value"": ""preferred terms"", ""language_id"": ""en"", ""list_item_id"": ""5f400d39-3b6b-4b8a-939b-4e49787c7444"", ""valuetype_id"": ""prefLabel""}], ""list_id"": ""80028d07-9c98-48cf-84db-f77bc01c8bbc""}]","[{""uri"": ""http://localhost:8000/plugins/controlled-list-manager/item/38729dbe-6d1c-48ce-bf47-e2a18945600e"", ""labels"": [{""id"": ""08a9b0bd-4713-4ea6-a829-66a64240e254"", ""value"": ""English (language)"", ""language_id"": ""en"", ""list_item_id"": ""38729dbe-6d1c-48ce-bf47-e2a18945600e"", ""valuetype_id"": ""prefLabel""}], ""list_id"": ""f7fc4f6d-fd46-4881-846f-4a08bc1a3fef""}]",3695cff8-d770-11ef-8f5d-0275dc2ded29
ecb0153d-c029-48bd-b3ed-ff5d5a255337,36956e50-d770-11ef-8f5d-0275dc2ded29,166c7b56-b36e-4cfa-9dc0-7d232f147d69,1,d2fed916-76d7-4c32-ad16-00b12e110033,"{""en"": {""value"": ""Flying Eagle Oil Colours M512"", ""direction"": ""ltr""}}","[{""uri"": ""http://localhost:8000/plugins/controlled-list-manager/item/5f400d39-3b6b-4b8a-939b-4e49787c7444"", ""labels"": [{""id"": ""0070cd3b-1dd7-48ee-9f29-b97266bf5afb"", ""value"": ""preferred terms"", ""language_id"": ""en"", ""list_item_id"": ""5f400d39-3b6b-4b8a-939b-4e49787c7444"", ""valuetype_id"": ""prefLabel""}], ""list_id"": ""80028d07-9c98-48cf-84db-f77bc01c8bbc""}]","[{""uri"": ""http://localhost:8000/plugins/controlled-list-manager/item/38729dbe-6d1c-48ce-bf47-e2a18945600e"", ""labels"": [{""id"": ""08a9b0bd-4713-4ea6-a829-66a64240e254"", ""value"": ""English (language)"", ""language_id"": ""en"", ""list_item_id"": ""38729dbe-6d1c-48ce-bf47-e2a18945600e"", ""valuetype_id"": ""prefLabel""}], ""list_id"": ""f7fc4f6d-fd46-4881-846f-4a08bc1a3fef""}]",3695cff8-d770-11ef-8f5d-0275dc2ded29
ce1c13af-2adb-48c0-a436-6946a0365882,36956e50-d770-11ef-8f5d-0275dc2ded29,166c7b56-b36e-4cfa-9dc0-7d232f147d69,1,b6fb698e-0dab-42aa-93dd-e8672ea0d0e3,"{""en"": {""value"": ""Fabbriche Riunite Metalli"", ""direction"": ""ltr""}}","[{""uri"": ""http://localhost:8000/plugins/controlled-list-manager/item/5f400d39-3b6b-4b8a-939b-4e49787c7444"", ""labels"": [{""id"": ""0070cd3b-1dd7-48ee-9f29-b97266bf5afb"", ""value"": ""preferred terms"", ""language_id"": ""en"", ""list_item_id"": ""5f400d39-3b6b-4b8a-939b-4e49787c7444"", ""valuetype_id"": ""prefLabel""}], ""list_id"": ""80028d07-9c98-48cf-84db-f77bc01c8bbc""}]","[{""uri"": ""http://localhost:8000/plugins/controlled-list-manager/item/38729dbe-6d1c-48ce-bf47-e2a18945600e"", ""labels"": [{""id"": ""08a9b0bd-4713-4ea6-a829-66a64240e254"", ""value"": ""English (language)"", ""language_id"": ""en"", ""list_item_id"": ""38729dbe-6d1c-48ce-bf47-e2a18945600e"", ""valuetype_id"": ""prefLabel""}], ""list_id"": ""f7fc4f6d-fd46-4881-846f-4a08bc1a3fef""}]",3695cff8-d770-11ef-8f5d-0275dc2ded29
0a84c07d-138c-41e9-be15-b4b114891ae0,36956e50-d770-11ef-8f5d-0275dc2ded29,166c7b56-b36e-4cfa-9dc0-7d232f147d69,1,74cade7e-c8db-4822-b241-88ad13314120,"{""en"": {""value"": ""Harman Technology Limited"", ""direction"": ""ltr""}}","[{""uri"": ""http://localhost:8000/plugins/controlled-list-manager/item/5f400d39-3b6b-4b8a-939b-4e49787c7444"", ""labels"": [{""id"": ""0070cd3b-1dd7-48ee-9f29-b97266bf5afb"", ""value"": ""preferred terms"", ""language_id"": ""en"", ""list_item_id"": ""5f400d39-3b6b-4b8a-939b-4e49787c7444"", ""valuetype_id"": ""prefLabel""}], ""list_id"": ""80028d07-9c98-48cf-84db-f77bc01c8bbc""}]","[{""uri"": ""http://localhost:8000/plugins/controlled-list-manager/item/38729dbe-6d1c-48ce-bf47-e2a18945600e"", ""labels"": [{""id"": ""08a9b0bd-4713-4ea6-a829-66a64240e254"", ""value"": ""English (language)"", ""language_id"": ""en"", ""list_item_id"": ""38729dbe-6d1c-48ce-bf47-e2a18945600e"", ""valuetype_id"": ""prefLabel""}], ""list_id"": ""f7fc4f6d-fd46-4881-846f-4a08bc1a3fef""}]",3695cff8-d770-11ef-8f5d-0275dc2ded29
0658a821-647e-45cb-9620-11fdc2030e9d,36956e50-d770-11ef-8f5d-0275dc2ded29,166c7b56-b36e-4cfa-9dc0-7d232f147d69,1,3d7be1e7-86fa-4e35-a097-d0b6246d0306,"{""en"": {""value"": ""Charles Trentelman"", ""direction"": ""ltr""}}","[{""uri"": ""http://localhost:8000/plugins/controlled-list-manager/item/5f400d39-3b6b-4b8a-939b-4e49787c7444"", ""labels"": [{""id"": ""0070cd3b-1dd7-48ee-9f29-b97266bf5afb"", ""value"": ""preferred terms"", ""language_id"": ""en"", ""list_item_id"": ""5f400d39-3b6b-4b8a-939b-4e49787c7444"", ""valuetype_id"": ""prefLabel""}], ""list_id"": ""80028d07-9c98-48cf-84db-f77bc01c8bbc""}]","[{""uri"": ""http://localhost:8000/plugins/controlled-list-manager/item/38729dbe-6d1c-48ce-bf47-e2a18945600e"", ""labels"": [{""id"": ""08a9b0bd-4713-4ea6-a829-66a64240e254"", ""value"": ""English (language)"", ""language_id"": ""en"", ""list_item_id"": ""38729dbe-6d1c-48ce-bf47-e2a18945600e"", ""valuetype_id"": ""prefLabel""}], ""list_id"": ""f7fc4f6d-fd46-4881-846f-4a08bc1a3fef""}]",3695cff8-d770-11ef-8f5d-0275dc2ded29
f253dd8e-827e-4ec4-9815-2d717129eec1,36956e50-d770-11ef-8f5d-0275dc2ded29,166c7b56-b36e-4cfa-9dc0-7d232f147d69,1,5d53a187-e77b-4f41-9a4f-db46d321d401,"{""en"": {""value"": ""H. Schmincke & Company"", ""direction"": ""ltr""}}","[{""uri"": ""http://localhost:8000/plugins/controlled-list-manager/item/5f400d39-3b6b-4b8a-939b-4e49787c7444"", ""labels"": [{""id"": ""0070cd3b-1dd7-48ee-9f29-b97266bf5afb"", ""value"": ""preferred terms"", ""language_id"": ""en"", ""list_item_id"": ""5f400d39-3b6b-4b8a-939b-4e49787c7444"", ""valuetype_id"": ""prefLabel""}], ""list_id"": ""80028d07-9c98-48cf-84db-f77bc01c8bbc""}]","[{""uri"": ""http://localhost:8000/plugins/controlled-list-manager/item/38729dbe-6d1c-48ce-bf47-e2a18945600e"", ""labels"": [{""id"": ""08a9b0bd-4713-4ea6-a829-66a64240e254"", ""value"": ""English (language)"", ""language_id"": ""en"", ""list_item_id"": ""38729dbe-6d1c-48ce-bf47-e2a18945600e"", ""valuetype_id"": ""prefLabel""}], ""list_id"": ""f7fc4f6d-fd46-4881-846f-4a08bc1a3fef""}]",3695cff8-d770-11ef-8f5d-0275dc2ded29
027d5987-a0d1-4fb3-9c8d-6fea9361ab68,36956e50-d770-11ef-8f5d-0275dc2ded29,166c7b56-b36e-4cfa-9dc0-7d232f147d69,1,c6b28372-ed5a-4fd7-ab59-f86eee8671b8,"{""en"": {""value"": ""Sue Gatenby"", ""direction"": ""ltr""}}","[{""uri"": ""http://localhost:8000/plugins/controlled-list-manager/item/5f400d39-3b6b-4b8a-939b-4e49787c7444"", ""labels"": [{""id"": ""0070cd3b-1dd7-48ee-9f29-b97266bf5afb"", ""value"": ""preferred terms"", ""language_id"": ""en"", ""list_item_id"": ""5f400d39-3b6b-4b8a-939b-4e49787c7444"", ""valuetype_id"": ""prefLabel""}], ""list_id"": ""80028d07-9c98-48cf-84db-f77bc01c8bbc""}]","[{""uri"": ""http://localhost:8000/plugins/controlled-list-manager/item/38729dbe-6d1c-48ce-bf47-e2a18945600e"", ""labels"": [{""id"": ""08a9b0bd-4713-4ea6-a829-66a64240e254"", ""value"": ""English (language)"", ""language_id"": ""en"", ""list_item_id"": ""38729dbe-6d1c-48ce-bf47-e2a18945600e"", ""valuetype_id"": ""prefLabel""}], ""list_id"": ""f7fc4f6d-fd46-4881-846f-4a08bc1a3fef""}]",3695cff8-d770-11ef-8f5d-0275dc2ded29
e3a212ca-da38-40a4-b1cd-3bdaa08fa97b,36956e50-d770-11ef-8f5d-0275dc2ded29,166c7b56-b36e-4cfa-9dc0-7d232f147d69,1,29164e09-7cae-4c72-a804-210fd7e0874d,"{""en"": {""value"": ""Lukas"", ""direction"": ""ltr""}}","[{""uri"": ""http://localhost:8000/plugins/controlled-list-manager/item/5f400d39-3b6b-4b8a-939b-4e49787c7444"", ""labels"": [{""id"": ""0070cd3b-1dd7-48ee-9f29-b97266bf5afb"", ""value"": ""preferred terms"", ""language_id"": ""en"", ""list_item_id"": ""5f400d39-3b6b-4b8a-939b-4e49787c7444"", ""valuetype_id"": ""prefLabel""}], ""list_id"": ""80028d07-9c98-48cf-84db-f77bc01c8bbc""}]","[{""uri"": ""http://localhost:8000/plugins/controlled-list-manager/item/38729dbe-6d1c-48ce-bf47-e2a18945600e"", ""labels"": [{""id"": ""08a9b0bd-4713-4ea6-a829-66a64240e254"", ""value"": ""English (language)"", ""language_id"": ""en"", ""list_item_id"": ""38729dbe-6d1c-48ce-bf47-e2a18945600e"", ""valuetype_id"": ""prefLabel""}], ""list_id"": ""f7fc4f6d-fd46-4881-846f-4a08bc1a3fef""}]",3695cff8-d770-11ef-8f5d-0275dc2ded29
8ad18b1d-a2db-44af-9170-e2c36651312d,36956e50-d770-11ef-8f5d-0275dc2ded29,166c7b56-b36e-4cfa-9dc0-7d232f147d69,1,e0954ee0-cf97-410d-be10-9ee7970ba1cb,"{""en"": {""value"": ""CPC Int'l Inc. (successor to T. Kingsford & Son)"", ""direction"": ""ltr""}}","[{""uri"": ""http://localhost:8000/plugins/controlled-list-manager/item/5f400d39-3b6b-4b8a-939b-4e49787c7444"", ""labels"": [{""id"": ""0070cd3b-1dd7-48ee-9f29-b97266bf5afb"", ""value"": ""preferred terms"", ""language_id"": ""en"", ""list_item_id"": ""5f400d39-3b6b-4b8a-939b-4e49787c7444"", ""valuetype_id"": ""prefLabel""}], ""list_id"": ""80028d07-9c98-48cf-84db-f77bc01c8bbc""}]","[{""uri"": ""http://localhost:8000/plugins/controlled-list-manager/item/38729dbe-6d1c-48ce-bf47-e2a18945600e"", ""labels"": [{""id"": ""08a9b0bd-4713-4ea6-a829-66a64240e254"", ""value"": ""English (language)"", ""language_id"": ""en"", ""list_item_id"": ""38729dbe-6d1c-48ce-bf47-e2a18945600e"", ""valuetype_id"": ""prefLabel""}], ""list_id"": ""f7fc4f6d-fd46-4881-846f-4a08bc1a3fef""}]",3695cff8-d770-11ef-8f5d-0275dc2ded29
33163cf5-54f8-408e-ac3d-db8d5a75ff85,36956e50-d770-11ef-8f5d-0275dc2ded29,166c7b56-b36e-4cfa-9dc0-7d232f147d69,1,cb9f199b-c26a-43e5-9290-c12ebc29253b,"{""en"": {""value"": ""Rohm & Haas"", ""direction"": ""ltr""}}","[{""uri"": ""http://localhost:8000/plugins/controlled-list-manager/item/5f400d39-3b6b-4b8a-939b-4e49787c7444"", ""labels"": [{""id"": ""0070cd3b-1dd7-48ee-9f29-b97266bf5afb"", ""value"": ""preferred terms"", ""language_id"": ""en"", ""list_item_id"": ""5f400d39-3b6b-4b8a-939b-4e49787c7444"", ""valuetype_id"": ""prefLabel""}], ""list_id"": ""80028d07-9c98-48cf-84db-f77bc01c8bbc""}]","[{""uri"": ""http://localhost:8000/plugins/controlled-list-manager/item/38729dbe-6d1c-48ce-bf47-e2a18945600e"", ""labels"": [{""id"": ""08a9b0bd-4713-4ea6-a829-66a64240e254"", ""value"": ""English (language)"", ""language_id"": ""en"", ""list_item_id"": ""38729dbe-6d1c-48ce-bf47-e2a18945600e"", ""valuetype_id"": ""prefLabel""}], ""list_id"": ""f7fc4f6d-fd46-4881-846f-4a08bc1a3fef""}]",3695cff8-d770-11ef-8f5d-0275dc2ded29
38ba07e2-cb45-438a-8d96-4de7b2edcf48,36956e50-d770-11ef-8f5d-0275dc2ded29,166c7b56-b36e-4cfa-9dc0-7d232f147d69,1,1e1ae905-306c-49aa-a195-0e21e6117223,"{""en"": {""value"": ""David Davis Artist Materials & Services"", ""direction"": ""ltr""}}","[{""uri"": ""http://localhost:8000/plugins/controlled-list-manager/item/5f400d39-3b6b-4b8a-939b-4e49787c7444"", ""labels"": [{""id"": ""0070cd3b-1dd7-48ee-9f29-b97266bf5afb"", ""value"": ""preferred terms"", ""language_id"": ""en"", ""list_item_id"": ""5f400d39-3b6b-4b8a-939b-4e49787c7444"", ""valuetype_id"": ""prefLabel""}], ""list_id"": ""80028d07-9c98-48cf-84db-f77bc01c8bbc""}]","[{""uri"": ""http://localhost:8000/plugins/controlled-list-manager/item/38729dbe-6d1c-48ce-bf47-e2a18945600e"", ""labels"": [{""id"": ""08a9b0bd-4713-4ea6-a829-66a64240e254"", ""value"": ""English (language)"", ""language_id"": ""en"", ""list_item_id"": ""38729dbe-6d1c-48ce-bf47-e2a18945600e"", ""valuetype_id"": ""prefLabel""}], ""list_id"": ""f7fc4f6d-fd46-4881-846f-4a08bc1a3fef""}]",3695cff8-d770-11ef-8f5d-0275dc2ded29
43aede8f-07ea-4ac2-921d-80787657c2ad,36956e50-d770-11ef-8f5d-0275dc2ded29,166c7b56-b36e-4cfa-9dc0-7d232f147d69,1,87b0a9c5-21d5-492c-a5e3-87c0aa03aa27,"{""en"": {""value"": ""Scientific Polymer Products, Inc."", ""direction"": ""ltr""}}","[{""uri"": ""http://localhost:8000/plugins/controlled-list-manager/item/5f400d39-3b6b-4b8a-939b-4e49787c7444"", ""labels"": [{""id"": ""0070cd3b-1dd7-48ee-9f29-b97266bf5afb"", ""value"": ""preferred terms"", ""language_id"": ""en"", ""list_item_id"": ""5f400d39-3b6b-4b8a-939b-4e49787c7444"", ""valuetype_id"": ""prefLabel""}], ""list_id"": ""80028d07-9c98-48cf-84db-f77bc01c8bbc""}]","[{""uri"": ""http://localhost:8000/plugins/controlled-list-manager/item/38729dbe-6d1c-48ce-bf47-e2a18945600e"", ""labels"": [{""id"": ""08a9b0bd-4713-4ea6-a829-66a64240e254"", ""value"": ""English (language)"", ""language_id"": ""en"", ""list_item_id"": ""38729dbe-6d1c-48ce-bf47-e2a18945600e"", ""valuetype_id"": ""prefLabel""}], ""list_id"": ""f7fc4f6d-fd46-4881-846f-4a08bc1a3fef""}]",3695cff8-d770-11ef-8f5d-0275dc2ded29
36685c75-d96b-4bad-a80c-390d2c28710a,36956e50-d770-11ef-8f5d-0275dc2ded29,166c7b56-b36e-4cfa-9dc0-7d232f147d69,1,0fbe1cd4-323d-423e-82f3-338417786a5b,"{""en"": {""value"": ""Ripon Microslides Laboratory"", ""direction"": ""ltr""}}","[{""uri"": ""http://localhost:8000/plugins/controlled-list-manager/item/5f400d39-3b6b-4b8a-939b-4e49787c7444"", ""labels"": [{""id"": ""0070cd3b-1dd7-48ee-9f29-b97266bf5afb"", ""value"": ""preferred terms"", ""language_id"": ""en"", ""list_item_id"": ""5f400d39-3b6b-4b8a-939b-4e49787c7444"", ""valuetype_id"": ""prefLabel""}], ""list_id"": ""80028d07-9c98-48cf-84db-f77bc01c8bbc""}]","[{""uri"": ""http://localhost:8000/plugins/controlled-list-manager/item/38729dbe-6d1c-48ce-bf47-e2a18945600e"", ""labels"": [{""id"": ""08a9b0bd-4713-4ea6-a829-66a64240e254"", ""value"": ""English (language)"", ""language_id"": ""en"", ""list_item_id"": ""38729dbe-6d1c-48ce-bf47-e2a18945600e"", ""valuetype_id"": ""prefLabel""}], ""list_id"": ""f7fc4f6d-fd46-4881-846f-4a08bc1a3fef""}]",3695cff8-d770-11ef-8f5d-0275dc2ded29
93c83ca6-64d2-43b4-b5cd-cca0e3695038,36956e50-d770-11ef-8f5d-0275dc2ded29,166c7b56-b36e-4cfa-9dc0-7d232f147d69,1,7b130bc0-1f93-494d-972c-e094d7e6c00a,"{""en"": {""value"": ""Binney & Smith"", ""direction"": ""ltr""}}","[{""uri"": ""http://localhost:8000/plugins/controlled-list-manager/item/5f400d39-3b6b-4b8a-939b-4e49787c7444"", ""labels"": [{""id"": ""0070cd3b-1dd7-48ee-9f29-b97266bf5afb"", ""value"": ""preferred terms"", ""language_id"": ""en"", ""list_item_id"": ""5f400d39-3b6b-4b8a-939b-4e49787c7444"", ""valuetype_id"": ""prefLabel""}], ""list_id"": ""80028d07-9c98-48cf-84db-f77bc01c8bbc""}]","[{""uri"": ""http://localhost:8000/plugins/controlled-list-manager/item/38729dbe-6d1c-48ce-bf47-e2a18945600e"", ""labels"": [{""id"": ""08a9b0bd-4713-4ea6-a829-66a64240e254"", ""value"": ""English (language)"", ""language_id"": ""en"", ""list_item_id"": ""38729dbe-6d1c-48ce-bf47-e2a18945600e"", ""valuetype_id"": ""prefLabel""}], ""list_id"": ""f7fc4f6d-fd46-4881-846f-4a08bc1a3fef""}]",3695cff8-d770-11ef-8f5d-0275dc2ded29
09744f4c-bbf7-4303-86e7-9b4da3d48866,36956e50-d770-11ef-8f5d-0275dc2ded29,166c7b56-b36e-4cfa-9dc0-7d232f147d69,1,ccf15deb-67d6-4bbd-8931-8f477d463965,"{""en"": {""value"": ""Billings & Stover"", ""direction"": ""ltr""}}","[{""uri"": ""http://localhost:8000/plugins/controlled-list-manager/item/5f400d39-3b6b-4b8a-939b-4e49787c7444"", ""labels"": [{""id"": ""0070cd3b-1dd7-48ee-9f29-b97266bf5afb"", ""value"": ""preferred terms"", ""language_id"": ""en"", ""list_item_id"": ""5f400d39-3b6b-4b8a-939b-4e49787c7444"", ""valuetype_id"": ""prefLabel""}], ""list_id"": ""80028d07-9c98-48cf-84db-f77bc01c8bbc""}]","[{""uri"": ""http://localhost:8000/plugins/controlled-list-manager/item/38729dbe-6d1c-48ce-bf47-e2a18945600e"", ""labels"": [{""id"": ""08a9b0bd-4713-4ea6-a829-66a64240e254"", ""value"": ""English (language)"", ""language_id"": ""en"", ""list_item_id"": ""38729dbe-6d1c-48ce-bf47-e2a18945600e"", ""valuetype_id"": ""prefLabel""}], ""list_id"": ""f7fc4f6d-fd46-4881-846f-4a08bc1a3fef""}]",3695cff8-d770-11ef-8f5d-0275dc2ded29
2db20330-cfb5-4b32-b73b-b0ad850f555d,36956e50-d770-11ef-8f5d-0275dc2ded29,166c7b56-b36e-4cfa-9dc0-7d232f147d69,1,867d7184-ecc7-492f-8635-94155f9e23b4,"{""en"": {""value"": ""Acrilex Tintas Especiais"", ""direction"": ""ltr""}}","[{""uri"": ""http://localhost:8000/plugins/controlled-list-manager/item/5f400d39-3b6b-4b8a-939b-4e49787c7444"", ""labels"": [{""id"": ""0070cd3b-1dd7-48ee-9f29-b97266bf5afb"", ""value"": ""preferred terms"", ""language_id"": ""en"", ""list_item_id"": ""5f400d39-3b6b-4b8a-939b-4e49787c7444"", ""valuetype_id"": ""prefLabel""}], ""list_id"": ""80028d07-9c98-48cf-84db-f77bc01c8bbc""}]","[{""uri"": ""http://localhost:8000/plugins/controlled-list-manager/item/38729dbe-6d1c-48ce-bf47-e2a18945600e"", ""labels"": [{""id"": ""08a9b0bd-4713-4ea6-a829-66a64240e254"", ""value"": ""English (language)"", ""language_id"": ""en"", ""list_item_id"": ""38729dbe-6d1c-48ce-bf47-e2a18945600e"", ""valuetype_id"": ""prefLabel""}], ""list_id"": ""f7fc4f6d-fd46-4881-846f-4a08bc1a3fef""}]",3695cff8-d770-11ef-8f5d-0275dc2ded29
47fb76db-72c3-470a-96a9-b1b8c9d9d095,36956e50-d770-11ef-8f5d-0275dc2ded29,166c7b56-b36e-4cfa-9dc0-7d232f147d69,1,c2f95919-ad79-499e-8df5-3cfd68ffa684,"{""en"": {""value"": ""Pelikan"", ""direction"": ""ltr""}}","[{""uri"": ""http://localhost:8000/plugins/controlled-list-manager/item/5f400d39-3b6b-4b8a-939b-4e49787c7444"", ""labels"": [{""id"": ""0070cd3b-1dd7-48ee-9f29-b97266bf5afb"", ""value"": ""preferred terms"", ""language_id"": ""en"", ""list_item_id"": ""5f400d39-3b6b-4b8a-939b-4e49787c7444"", ""valuetype_id"": ""prefLabel""}], ""list_id"": ""80028d07-9c98-48cf-84db-f77bc01c8bbc""}]","[{""uri"": ""http://localhost:8000/plugins/controlled-list-manager/item/38729dbe-6d1c-48ce-bf47-e2a18945600e"", ""labels"": [{""id"": ""08a9b0bd-4713-4ea6-a829-66a64240e254"", ""value"": ""English (language)"", ""language_id"": ""en"", ""list_item_id"": ""38729dbe-6d1c-48ce-bf47-e2a18945600e"", ""valuetype_id"": ""prefLabel""}], ""list_id"": ""f7fc4f6d-fd46-4881-846f-4a08bc1a3fef""}]",3695cff8-d770-11ef-8f5d-0275dc2ded29
727fd676-16a0-428c-a452-595d07a8dc4b,36956e50-d770-11ef-8f5d-0275dc2ded29,166c7b56-b36e-4cfa-9dc0-7d232f147d69,1,c94ede5d-4af0-4d1a-8203-44059f0e19e5,"{""en"": {""value"": ""Zecchi"", ""direction"": ""ltr""}}","[{""uri"": ""http://localhost:8000/plugins/controlled-list-manager/item/5f400d39-3b6b-4b8a-939b-4e49787c7444"", ""labels"": [{""id"": ""0070cd3b-1dd7-48ee-9f29-b97266bf5afb"", ""value"": ""preferred terms"", ""language_id"": ""en"", ""list_item_id"": ""5f400d39-3b6b-4b8a-939b-4e49787c7444"", ""valuetype_id"": ""prefLabel""}], ""list_id"": ""80028d07-9c98-48cf-84db-f77bc01c8bbc""}]","[{""uri"": ""http://localhost:8000/plugins/controlled-list-manager/item/38729dbe-6d1c-48ce-bf47-e2a18945600e"", ""labels"": [{""id"": ""08a9b0bd-4713-4ea6-a829-66a64240e254"", ""value"": ""English (language)"", ""language_id"": ""en"", ""list_item_id"": ""38729dbe-6d1c-48ce-bf47-e2a18945600e"", ""valuetype_id"": ""prefLabel""}], ""list_id"": ""f7fc4f6d-fd46-4881-846f-4a08bc1a3fef""}]",3695cff8-d770-11ef-8f5d-0275dc2ded29
ba60eaf7-6c56-44fb-a7e8-8d16f3037459,36956e50-d770-11ef-8f5d-0275dc2ded29,166c7b56-b36e-4cfa-9dc0-7d232f147d69,1,4579ab06-f640-4fc8-b014-7bfbdf3f5f80,"{""en"": {""value"": ""Liquitex Artist Materials"", ""direction"": ""ltr""}}","[{""uri"": ""http://localhost:8000/plugins/controlled-list-manager/item/5f400d39-3b6b-4b8a-939b-4e49787c7444"", ""labels"": [{""id"": ""0070cd3b-1dd7-48ee-9f29-b97266bf5afb"", ""value"": ""preferred terms"", ""language_id"": ""en"", ""list_item_id"": ""5f400d39-3b6b-4b8a-939b-4e49787c7444"", ""valuetype_id"": ""prefLabel""}], ""list_id"": ""80028d07-9c98-48cf-84db-f77bc01c8bbc""}]","[{""uri"": ""http://localhost:8000/plugins/controlled-list-manager/item/38729dbe-6d1c-48ce-bf47-e2a18945600e"", ""labels"": [{""id"": ""08a9b0bd-4713-4ea6-a829-66a64240e254"", ""value"": ""English (language)"", ""language_id"": ""en"", ""list_item_id"": ""38729dbe-6d1c-48ce-bf47-e2a18945600e"", ""valuetype_id"": ""prefLabel""}], ""list_id"": ""f7fc4f6d-fd46-4881-846f-4a08bc1a3fef""}]",3695cff8-d770-11ef-8f5d-0275dc2ded29
152730cd-ef56-42dc-8652-8d39d0959265,36956e50-d770-11ef-8f5d-0275dc2ded29,166c7b56-b36e-4cfa-9dc0-7d232f147d69,1,1723cac6-b3d8-4bbb-a17d-6d9c330a3978,"{""en"": {""value"": ""Testfabrics Inc."", ""direction"": ""ltr""}}","[{""uri"": ""http://localhost:8000/plugins/controlled-list-manager/item/5f400d39-3b6b-4b8a-939b-4e49787c7444"", ""labels"": [{""id"": ""0070cd3b-1dd7-48ee-9f29-b97266bf5afb"", ""value"": ""preferred terms"", ""language_id"": ""en"", ""list_item_id"": ""5f400d39-3b6b-4b8a-939b-4e49787c7444"", ""valuetype_id"": ""prefLabel""}], ""list_id"": ""80028d07-9c98-48cf-84db-f77bc01c8bbc""}]","[{""uri"": ""http://localhost:8000/plugins/controlled-list-manager/item/38729dbe-6d1c-48ce-bf47-e2a18945600e"", ""labels"": [{""id"": ""08a9b0bd-4713-4ea6-a829-66a64240e254"", ""value"": ""English (language)"", ""language_id"": ""en"", ""list_item_id"": ""38729dbe-6d1c-48ce-bf47-e2a18945600e"", ""valuetype_id"": ""prefLabel""}], ""list_id"": ""f7fc4f6d-fd46-4881-846f-4a08bc1a3fef""}]",3695cff8-d770-11ef-8f5d-0275dc2ded29
466a2eaa-a401-4cad-ac9c-596e16f361c1,36956e50-d770-11ef-8f5d-0275dc2ded29,166c7b56-b36e-4cfa-9dc0-7d232f147d69,1,a2f7c1d2-805f-4cbe-b077-48d7632eff44,"{""en"": {""value"": ""Canadian Conservation Institute"", ""direction"": ""ltr""}}","[{""uri"": ""http://localhost:8000/plugins/controlled-list-manager/item/5f400d39-3b6b-4b8a-939b-4e49787c7444"", ""labels"": [{""id"": ""0070cd3b-1dd7-48ee-9f29-b97266bf5afb"", ""value"": ""preferred terms"", ""language_id"": ""en"", ""list_item_id"": ""5f400d39-3b6b-4b8a-939b-4e49787c7444"", ""valuetype_id"": ""prefLabel""}], ""list_id"": ""80028d07-9c98-48cf-84db-f77bc01c8bbc""}]","[{""uri"": ""http://localhost:8000/plugins/controlled-list-manager/item/38729dbe-6d1c-48ce-bf47-e2a18945600e"", ""labels"": [{""id"": ""08a9b0bd-4713-4ea6-a829-66a64240e254"", ""value"": ""English (language)"", ""language_id"": ""en"", ""list_item_id"": ""38729dbe-6d1c-48ce-bf47-e2a18945600e"", ""valuetype_id"": ""prefLabel""}], ""list_id"": ""f7fc4f6d-fd46-4881-846f-4a08bc1a3fef""}]",3695cff8-d770-11ef-8f5d-0275dc2ded29
a5bda1ef-6e4c-44ca-9f6d-bf3f772df66e,36956e50-d770-11ef-8f5d-0275dc2ded29,166c7b56-b36e-4cfa-9dc0-7d232f147d69,1,a28d044c-3549-49c8-8fae-483b8b6ee4e6,"{""en"": {""value"": ""Roy Trop. Inst., Amsterdam"", ""direction"": ""ltr""}}","[{""uri"": ""http://localhost:8000/plugins/controlled-list-manager/item/5f400d39-3b6b-4b8a-939b-4e49787c7444"", ""labels"": [{""id"": ""0070cd3b-1dd7-48ee-9f29-b97266bf5afb"", ""value"": ""preferred terms"", ""language_id"": ""en"", ""list_item_id"": ""5f400d39-3b6b-4b8a-939b-4e49787c7444"", ""valuetype_id"": ""prefLabel""}], ""list_id"": ""80028d07-9c98-48cf-84db-f77bc01c8bbc""}]","[{""uri"": ""http://localhost:8000/plugins/controlled-list-manager/item/38729dbe-6d1c-48ce-bf47-e2a18945600e"", ""labels"": [{""id"": ""08a9b0bd-4713-4ea6-a829-66a64240e254"", ""value"": ""English (language)"", ""language_id"": ""en"", ""list_item_id"": ""38729dbe-6d1c-48ce-bf47-e2a18945600e"", ""valuetype_id"": ""prefLabel""}], ""list_id"": ""f7fc4f6d-fd46-4881-846f-4a08bc1a3fef""}]",3695cff8-d770-11ef-8f5d-0275dc2ded29
e07b692d-f538-49de-a9b5-5470f35fa767,36956e50-d770-11ef-8f5d-0275dc2ded29,166c7b56-b36e-4cfa-9dc0-7d232f147d69,1,53f12ba8-1ff1-4ec8-bd03-b7aadf96b309,"{""en"": {""value"": ""C. Stavroudis"", ""direction"": ""ltr""}}","[{""uri"": ""http://localhost:8000/plugins/controlled-list-manager/item/5f400d39-3b6b-4b8a-939b-4e49787c7444"", ""labels"": [{""id"": ""0070cd3b-1dd7-48ee-9f29-b97266bf5afb"", ""value"": ""preferred terms"", ""language_id"": ""en"", ""list_item_id"": ""5f400d39-3b6b-4b8a-939b-4e49787c7444"", ""valuetype_id"": ""prefLabel""}], ""list_id"": ""80028d07-9c98-48cf-84db-f77bc01c8bbc""}]","[{""uri"": ""http://localhost:8000/plugins/controlled-list-manager/item/38729dbe-6d1c-48ce-bf47-e2a18945600e"", ""labels"": [{""id"": ""08a9b0bd-4713-4ea6-a829-66a64240e254"", ""value"": ""English (language)"", ""language_id"": ""en"", ""list_item_id"": ""38729dbe-6d1c-48ce-bf47-e2a18945600e"", ""valuetype_id"": ""prefLabel""}], ""list_id"": ""f7fc4f6d-fd46-4881-846f-4a08bc1a3fef""}]",3695cff8-d770-11ef-8f5d-0275dc2ded29
08d7e749-8ef3-4652-8c5f-59b860e0cad5,36956e50-d770-11ef-8f5d-0275dc2ded29,166c7b56-b36e-4cfa-9dc0-7d232f147d69,1,549af356-f1c4-44ed-9b2a-904fcfaccc9c,"{""en"": {""value"": ""China Anhui Ink \""Xin Xian, Lao Hu Kaiwen\"" Ink factory"", ""direction"": ""ltr""}}","[{""uri"": ""http://localhost:8000/plugins/controlled-list-manager/item/5f400d39-3b6b-4b8a-939b-4e49787c7444"", ""labels"": [{""id"": ""0070cd3b-1dd7-48ee-9f29-b97266bf5afb"", ""value"": ""preferred terms"", ""language_id"": ""en"", ""list_item_id"": ""5f400d39-3b6b-4b8a-939b-4e49787c7444"", ""valuetype_id"": ""prefLabel""}], ""list_id"": ""80028d07-9c98-48cf-84db-f77bc01c8bbc""}]","[{""uri"": ""http://localhost:8000/plugins/controlled-list-manager/item/38729dbe-6d1c-48ce-bf47-e2a18945600e"", ""labels"": [{""id"": ""08a9b0bd-4713-4ea6-a829-66a64240e254"", ""value"": ""English (language)"", ""language_id"": ""en"", ""list_item_id"": ""38729dbe-6d1c-48ce-bf47-e2a18945600e"", ""valuetype_id"": ""prefLabel""}], ""list_id"": ""f7fc4f6d-fd46-4881-846f-4a08bc1a3fef""}]",3695cff8-d770-11ef-8f5d-0275dc2ded29
a2ae4cac-a644-40f2-86c0-00d4b5064355,36956e50-d770-11ef-8f5d-0275dc2ded29,166c7b56-b36e-4cfa-9dc0-7d232f147d69,1,b6952c33-9064-449c-a8c4-0c49439afa43,"{""en"": {""value"": ""Rockwool Manufacturing Co."", ""direction"": ""ltr""}}","[{""uri"": ""http://localhost:8000/plugins/controlled-list-manager/item/5f400d39-3b6b-4b8a-939b-4e49787c7444"", ""labels"": [{""id"": ""0070cd3b-1dd7-48ee-9f29-b97266bf5afb"", ""value"": ""preferred terms"", ""language_id"": ""en"", ""list_item_id"": ""5f400d39-3b6b-4b8a-939b-4e49787c7444"", ""valuetype_id"": ""prefLabel""}], ""list_id"": ""80028d07-9c98-48cf-84db-f77bc01c8bbc""}]","[{""uri"": ""http://localhost:8000/plugins/controlled-list-manager/item/38729dbe-6d1c-48ce-bf47-e2a18945600e"", ""labels"": [{""id"": ""08a9b0bd-4713-4ea6-a829-66a64240e254"", ""value"": ""English (language)"", ""language_id"": ""en"", ""list_item_id"": ""38729dbe-6d1c-48ce-bf47-e2a18945600e"", ""valuetype_id"": ""prefLabel""}], ""list_id"": ""f7fc4f6d-fd46-4881-846f-4a08bc1a3fef""}]",3695cff8-d770-11ef-8f5d-0275dc2ded29
ffa0b557-817f-4edc-a498-70a7389cf8f6,36956e50-d770-11ef-8f5d-0275dc2ded29,166c7b56-b36e-4cfa-9dc0-7d232f147d69,1,aa8443f1-c2cb-4fd8-841f-242ef565ed91,"{""en"": {""value"": ""Kodak Limited"", ""direction"": ""ltr""}}","[{""uri"": ""http://localhost:8000/plugins/controlled-list-manager/item/5f400d39-3b6b-4b8a-939b-4e49787c7444"", ""labels"": [{""id"": ""0070cd3b-1dd7-48ee-9f29-b97266bf5afb"", ""value"": ""preferred terms"", ""language_id"": ""en"", ""list_item_id"": ""5f400d39-3b6b-4b8a-939b-4e49787c7444"", ""valuetype_id"": ""prefLabel""}], ""list_id"": ""80028d07-9c98-48cf-84db-f77bc01c8bbc""}]","[{""uri"": ""http://localhost:8000/plugins/controlled-list-manager/item/38729dbe-6d1c-48ce-bf47-e2a18945600e"", ""labels"": [{""id"": ""08a9b0bd-4713-4ea6-a829-66a64240e254"", ""value"": ""English (language)"", ""language_id"": ""en"", ""list_item_id"": ""38729dbe-6d1c-48ce-bf47-e2a18945600e"", ""valuetype_id"": ""prefLabel""}], ""list_id"": ""f7fc4f6d-fd46-4881-846f-4a08bc1a3fef""}]",3695cff8-d770-11ef-8f5d-0275dc2ded29
edb48f26-cafc-4fb4-9ed8-0ab6e6bb0f92,36956e50-d770-11ef-8f5d-0275dc2ded29,166c7b56-b36e-4cfa-9dc0-7d232f147d69,1,70bd9059-4e7f-4d16-a297-08169d78de4f,"{""en"": {""value"": ""Dept. store on Wangfujing St., Beijing"", ""direction"": ""ltr""}}","[{""uri"": ""http://localhost:8000/plugins/controlled-list-manager/item/5f400d39-3b6b-4b8a-939b-4e49787c7444"", ""labels"": [{""id"": ""0070cd3b-1dd7-48ee-9f29-b97266bf5afb"", ""value"": ""preferred terms"", ""language_id"": ""en"", ""list_item_id"": ""5f400d39-3b6b-4b8a-939b-4e49787c7444"", ""valuetype_id"": ""prefLabel""}], ""list_id"": ""80028d07-9c98-48cf-84db-f77bc01c8bbc""}]","[{""uri"": ""http://localhost:8000/plugins/controlled-list-manager/item/38729dbe-6d1c-48ce-bf47-e2a18945600e"", ""labels"": [{""id"": ""08a9b0bd-4713-4ea6-a829-66a64240e254"", ""value"": ""English (language)"", ""language_id"": ""en"", ""list_item_id"": ""38729dbe-6d1c-48ce-bf47-e2a18945600e"", ""valuetype_id"": ""prefLabel""}], ""list_id"": ""f7fc4f6d-fd46-4881-846f-4a08bc1a3fef""}]",3695cff8-d770-11ef-8f5d-0275dc2ded29
c68361b8-6f90-4a7e-b5ec-6e4e766fc824,36956e50-d770-11ef-8f5d-0275dc2ded29,166c7b56-b36e-4cfa-9dc0-7d232f147d69,1,945b85ad-1216-4c3f-bd5a-e7661a5b66bb,"{""en"": {""value"": ""Farm in Dunhuang, China"", ""direction"": ""ltr""}}","[{""uri"": ""http://localhost:8000/plugins/controlled-list-manager/item/5f400d39-3b6b-4b8a-939b-4e49787c7444"", ""labels"": [{""id"": ""0070cd3b-1dd7-48ee-9f29-b97266bf5afb"", ""value"": ""preferred terms"", ""language_id"": ""en"", ""list_item_id"": ""5f400d39-3b6b-4b8a-939b-4e49787c7444"", ""valuetype_id"": ""prefLabel""}], ""list_id"": ""80028d07-9c98-48cf-84db-f77bc01c8bbc""}]","[{""uri"": ""http://localhost:8000/plugins/controlled-list-manager/item/38729dbe-6d1c-48ce-bf47-e2a18945600e"", ""labels"": [{""id"": ""08a9b0bd-4713-4ea6-a829-66a64240e254"", ""value"": ""English (language)"", ""language_id"": ""en"", ""list_item_id"": ""38729dbe-6d1c-48ce-bf47-e2a18945600e"", ""valuetype_id"": ""prefLabel""}], ""list_id"": ""f7fc4f6d-fd46-4881-846f-4a08bc1a3fef""}]",3695cff8-d770-11ef-8f5d-0275dc2ded29
20bd8696-b16f-444f-83ce-78d6d6e9d742,36956e50-d770-11ef-8f5d-0275dc2ded29,166c7b56-b36e-4cfa-9dc0-7d232f147d69,1,d4a52b8c-7276-4e2b-92f9-15f5be075a5d,"{""en"": {""value"": ""Eimer and Amend"", ""direction"": ""ltr""}}","[{""uri"": ""http://localhost:8000/plugins/controlled-list-manager/item/5f400d39-3b6b-4b8a-939b-4e49787c7444"", ""labels"": [{""id"": ""0070cd3b-1dd7-48ee-9f29-b97266bf5afb"", ""value"": ""preferred terms"", ""language_id"": ""en"", ""list_item_id"": ""5f400d39-3b6b-4b8a-939b-4e49787c7444"", ""valuetype_id"": ""prefLabel""}], ""list_id"": ""80028d07-9c98-48cf-84db-f77bc01c8bbc""}]","[{""uri"": ""http://localhost:8000/plugins/controlled-list-manager/item/38729dbe-6d1c-48ce-bf47-e2a18945600e"", ""labels"": [{""id"": ""08a9b0bd-4713-4ea6-a829-66a64240e254"", ""value"": ""English (language)"", ""language_id"": ""en"", ""list_item_id"": ""38729dbe-6d1c-48ce-bf47-e2a18945600e"", ""valuetype_id"": ""prefLabel""}], ""list_id"": ""f7fc4f6d-fd46-4881-846f-4a08bc1a3fef""}]",3695cff8-d770-11ef-8f5d-0275dc2ded29
c4932a51-ecf2-4926-9f6d-5b34ce07b2a2,36956e50-d770-11ef-8f5d-0275dc2ded29,166c7b56-b36e-4cfa-9dc0-7d232f147d69,1,8f6549ac-7647-4db8-a61e-4e78f8c67983,"{""en"": {""value"": ""Tolvebra SA"", ""direction"": ""ltr""}}","[{""uri"": ""http://localhost:8000/plugins/controlled-list-manager/item/5f400d39-3b6b-4b8a-939b-4e49787c7444"", ""labels"": [{""id"": ""0070cd3b-1dd7-48ee-9f29-b97266bf5afb"", ""value"": ""preferred terms"", ""language_id"": ""en"", ""list_item_id"": ""5f400d39-3b6b-4b8a-939b-4e49787c7444"", ""valuetype_id"": ""prefLabel""}], ""list_id"": ""80028d07-9c98-48cf-84db-f77bc01c8bbc""}]","[{""uri"": ""http://localhost:8000/plugins/controlled-list-manager/item/38729dbe-6d1c-48ce-bf47-e2a18945600e"", ""labels"": [{""id"": ""08a9b0bd-4713-4ea6-a829-66a64240e254"", ""value"": ""English (language)"", ""language_id"": ""en"", ""list_item_id"": ""38729dbe-6d1c-48ce-bf47-e2a18945600e"", ""valuetype_id"": ""prefLabel""}], ""list_id"": ""f7fc4f6d-fd46-4881-846f-4a08bc1a3fef""}]",3695cff8-d770-11ef-8f5d-0275dc2ded29
2b070add-0304-43c0-ac33-ac71382c97f1,36956e50-d770-11ef-8f5d-0275dc2ded29,166c7b56-b36e-4cfa-9dc0-7d232f147d69,1,f29a6c44-393b-44fb-b2e9-caac93fa6173,"{""en"": {""value"": ""The Italian Art Store"", ""direction"": ""ltr""}}","[{""uri"": ""http://localhost:8000/plugins/controlled-list-manager/item/5f400d39-3b6b-4b8a-939b-4e49787c7444"", ""labels"": [{""id"": ""0070cd3b-1dd7-48ee-9f29-b97266bf5afb"", ""value"": ""preferred terms"", ""language_id"": ""en"", ""list_item_id"": ""5f400d39-3b6b-4b8a-939b-4e49787c7444"", ""valuetype_id"": ""prefLabel""}], ""list_id"": ""80028d07-9c98-48cf-84db-f77bc01c8bbc""}]","[{""uri"": ""http://localhost:8000/plugins/controlled-list-manager/item/38729dbe-6d1c-48ce-bf47-e2a18945600e"", ""labels"": [{""id"": ""08a9b0bd-4713-4ea6-a829-66a64240e254"", ""value"": ""English (language)"", ""language_id"": ""en"", ""list_item_id"": ""38729dbe-6d1c-48ce-bf47-e2a18945600e"", ""valuetype_id"": ""prefLabel""}], ""list_id"": ""f7fc4f6d-fd46-4881-846f-4a08bc1a3fef""}]",3695cff8-d770-11ef-8f5d-0275dc2ded29
9a90a2a1-b397-4dfb-9685-9453ef6ee699,36956e50-d770-11ef-8f5d-0275dc2ded29,166c7b56-b36e-4cfa-9dc0-7d232f147d69,1,aefa0061-ac11-40fb-8ae4-a80b372dc2af,"{""en"": {""value"": ""Ninon"", ""direction"": ""ltr""}}","[{""uri"": ""http://localhost:8000/plugins/controlled-list-manager/item/5f400d39-3b6b-4b8a-939b-4e49787c7444"", ""labels"": [{""id"": ""0070cd3b-1dd7-48ee-9f29-b97266bf5afb"", ""value"": ""preferred terms"", ""language_id"": ""en"", ""list_item_id"": ""5f400d39-3b6b-4b8a-939b-4e49787c7444"", ""valuetype_id"": ""prefLabel""}], ""list_id"": ""80028d07-9c98-48cf-84db-f77bc01c8bbc""}]","[{""uri"": ""http://localhost:8000/plugins/controlled-list-manager/item/38729dbe-6d1c-48ce-bf47-e2a18945600e"", ""labels"": [{""id"": ""08a9b0bd-4713-4ea6-a829-66a64240e254"", ""value"": ""English (language)"", ""language_id"": ""en"", ""list_item_id"": ""38729dbe-6d1c-48ce-bf47-e2a18945600e"", ""valuetype_id"": ""prefLabel""}], ""list_id"": ""f7fc4f6d-fd46-4881-846f-4a08bc1a3fef""}]",3695cff8-d770-11ef-8f5d-0275dc2ded29
b67ce9a4-55f0-4ee8-9c0b-f168b32bb8ea,36956e50-d770-11ef-8f5d-0275dc2ded29,166c7b56-b36e-4cfa-9dc0-7d232f147d69,1,92880d75-82fb-4ed9-a3b9-1a03bd93ad80,"{""en"": {""value"": ""K-Line"", ""direction"": ""ltr""}}","[{""uri"": ""http://localhost:8000/plugins/controlled-list-manager/item/5f400d39-3b6b-4b8a-939b-4e49787c7444"", ""labels"": [{""id"": ""0070cd3b-1dd7-48ee-9f29-b97266bf5afb"", ""value"": ""preferred terms"", ""language_id"": ""en"", ""list_item_id"": ""5f400d39-3b6b-4b8a-939b-4e49787c7444"", ""valuetype_id"": ""prefLabel""}], ""list_id"": ""80028d07-9c98-48cf-84db-f77bc01c8bbc""}]","[{""uri"": ""http://localhost:8000/plugins/controlled-list-manager/item/38729dbe-6d1c-48ce-bf47-e2a18945600e"", ""labels"": [{""id"": ""08a9b0bd-4713-4ea6-a829-66a64240e254"", ""value"": ""English (language)"", ""language_id"": ""en"", ""list_item_id"": ""38729dbe-6d1c-48ce-bf47-e2a18945600e"", ""valuetype_id"": ""prefLabel""}], ""list_id"": ""f7fc4f6d-fd46-4881-846f-4a08bc1a3fef""}]",3695cff8-d770-11ef-8f5d-0275dc2ded29
58242f22-3756-41e4-b833-f818f590ae68,36956e50-d770-11ef-8f5d-0275dc2ded29,166c7b56-b36e-4cfa-9dc0-7d232f147d69,1,e7fc34a3-098b-4c8b-8736-17d2935389a4,"{""en"": {""value"": ""Polaroid Corporation"", ""direction"": ""ltr""}}","[{""uri"": ""http://localhost:8000/plugins/controlled-list-manager/item/5f400d39-3b6b-4b8a-939b-4e49787c7444"", ""labels"": [{""id"": ""0070cd3b-1dd7-48ee-9f29-b97266bf5afb"", ""value"": ""preferred terms"", ""language_id"": ""en"", ""list_item_id"": ""5f400d39-3b6b-4b8a-939b-4e49787c7444"", ""valuetype_id"": ""prefLabel""}], ""list_id"": ""80028d07-9c98-48cf-84db-f77bc01c8bbc""}]","[{""uri"": ""http://localhost:8000/plugins/controlled-list-manager/item/38729dbe-6d1c-48ce-bf47-e2a18945600e"", ""labels"": [{""id"": ""08a9b0bd-4713-4ea6-a829-66a64240e254"", ""value"": ""English (language)"", ""language_id"": ""en"", ""list_item_id"": ""38729dbe-6d1c-48ce-bf47-e2a18945600e"", ""valuetype_id"": ""prefLabel""}], ""list_id"": ""f7fc4f6d-fd46-4881-846f-4a08bc1a3fef""}]",3695cff8-d770-11ef-8f5d-0275dc2ded29
a7cf9bbe-6a85-4f96-b956-657e35dac704,36956e50-d770-11ef-8f5d-0275dc2ded29,166c7b56-b36e-4cfa-9dc0-7d232f147d69,1,9e12458c-3b61-4a45-b323-248f9e5b0d27,"{""en"": {""value"": ""Forte Photochemical Co."", ""direction"": ""ltr""}}","[{""uri"": ""http://localhost:8000/plugins/controlled-list-manager/item/5f400d39-3b6b-4b8a-939b-4e49787c7444"", ""labels"": [{""id"": ""0070cd3b-1dd7-48ee-9f29-b97266bf5afb"", ""value"": ""preferred terms"", ""language_id"": ""en"", ""list_item_id"": ""5f400d39-3b6b-4b8a-939b-4e49787c7444"", ""valuetype_id"": ""prefLabel""}], ""list_id"": ""80028d07-9c98-48cf-84db-f77bc01c8bbc""}]","[{""uri"": ""http://localhost:8000/plugins/controlled-list-manager/item/38729dbe-6d1c-48ce-bf47-e2a18945600e"", ""labels"": [{""id"": ""08a9b0bd-4713-4ea6-a829-66a64240e254"", ""value"": ""English (language)"", ""language_id"": ""en"", ""list_item_id"": ""38729dbe-6d1c-48ce-bf47-e2a18945600e"", ""valuetype_id"": ""prefLabel""}], ""list_id"": ""f7fc4f6d-fd46-4881-846f-4a08bc1a3fef""}]",3695cff8-d770-11ef-8f5d-0275dc2ded29
66d84c63-1a46-4a0a-a2f3-ea6d772cdd45,36956e50-d770-11ef-8f5d-0275dc2ded29,166c7b56-b36e-4cfa-9dc0-7d232f147d69,1,7ea69328-89c1-466f-b2b3-765e5d6acd7f,"{""en"": {""value"": ""Clariant"", ""direction"": ""ltr""}}","[{""uri"": ""http://localhost:8000/plugins/controlled-list-manager/item/5f400d39-3b6b-4b8a-939b-4e49787c7444"", ""labels"": [{""id"": ""0070cd3b-1dd7-48ee-9f29-b97266bf5afb"", ""value"": ""preferred terms"", ""language_id"": ""en"", ""list_item_id"": ""5f400d39-3b6b-4b8a-939b-4e49787c7444"", ""valuetype_id"": ""prefLabel""}], ""list_id"": ""80028d07-9c98-48cf-84db-f77bc01c8bbc""}]","[{""uri"": ""http://localhost:8000/plugins/controlled-list-manager/item/38729dbe-6d1c-48ce-bf47-e2a18945600e"", ""labels"": [{""id"": ""08a9b0bd-4713-4ea6-a829-66a64240e254"", ""value"": ""English (language)"", ""language_id"": ""en"", ""list_item_id"": ""38729dbe-6d1c-48ce-bf47-e2a18945600e"", ""valuetype_id"": ""prefLabel""}], ""list_id"": ""f7fc4f6d-fd46-4881-846f-4a08bc1a3fef""}]",3695cff8-d770-11ef-8f5d-0275dc2ded29
6227829a-3fe7-4aa8-bc52-a92278548bce,36956e50-d770-11ef-8f5d-0275dc2ded29,166c7b56-b36e-4cfa-9dc0-7d232f147d69,1,aac603ec-d506-484c-a91f-de44e59564dd,"{""en"": {""value"": ""Berk Ltd."", ""direction"": ""ltr""}}","[{""uri"": ""http://localhost:8000/plugins/controlled-list-manager/item/5f400d39-3b6b-4b8a-939b-4e49787c7444"", ""labels"": [{""id"": ""0070cd3b-1dd7-48ee-9f29-b97266bf5afb"", ""value"": ""preferred terms"", ""language_id"": ""en"", ""list_item_id"": ""5f400d39-3b6b-4b8a-939b-4e49787c7444"", ""valuetype_id"": ""prefLabel""}], ""list_id"": ""80028d07-9c98-48cf-84db-f77bc01c8bbc""}]","[{""uri"": ""http://localhost:8000/plugins/controlled-list-manager/item/38729dbe-6d1c-48ce-bf47-e2a18945600e"", ""labels"": [{""id"": ""08a9b0bd-4713-4ea6-a829-66a64240e254"", ""value"": ""English (language)"", ""language_id"": ""en"", ""list_item_id"": ""38729dbe-6d1c-48ce-bf47-e2a18945600e"", ""valuetype_id"": ""prefLabel""}], ""list_id"": ""f7fc4f6d-fd46-4881-846f-4a08bc1a3fef""}]",3695cff8-d770-11ef-8f5d-0275dc2ded29
1b90b5cc-5570-4eb0-bfc2-f0d87e826119,36956e50-d770-11ef-8f5d-0275dc2ded29,166c7b56-b36e-4cfa-9dc0-7d232f147d69,1,f29542ad-aa2e-4a6f-bbee-b349acfbf68a,"{""en"": {""value"": ""Phillips"", ""direction"": ""ltr""}}","[{""uri"": ""http://localhost:8000/plugins/controlled-list-manager/item/5f400d39-3b6b-4b8a-939b-4e49787c7444"", ""labels"": [{""id"": ""0070cd3b-1dd7-48ee-9f29-b97266bf5afb"", ""value"": ""preferred terms"", ""language_id"": ""en"", ""list_item_id"": ""5f400d39-3b6b-4b8a-939b-4e49787c7444"", ""valuetype_id"": ""prefLabel""}], ""list_id"": ""80028d07-9c98-48cf-84db-f77bc01c8bbc""}]","[{""uri"": ""http://localhost:8000/plugins/controlled-list-manager/item/38729dbe-6d1c-48ce-bf47-e2a18945600e"", ""labels"": [{""id"": ""08a9b0bd-4713-4ea6-a829-66a64240e254"", ""value"": ""English (language)"", ""language_id"": ""en"", ""list_item_id"": ""38729dbe-6d1c-48ce-bf47-e2a18945600e"", ""valuetype_id"": ""prefLabel""}], ""list_id"": ""f7fc4f6d-fd46-4881-846f-4a08bc1a3fef""}]",3695cff8-d770-11ef-8f5d-0275dc2ded29
b6aa5240-d8c4-4bc7-a31c-d7b9b839ef71,36956e50-d770-11ef-8f5d-0275dc2ded29,166c7b56-b36e-4cfa-9dc0-7d232f147d69,1,f1dbe6ee-c7b9-4922-b2d5-1a2870a1c8e6,"{""en"": {""value"": ""M. Bishop"", ""direction"": ""ltr""}}","[{""uri"": ""http://localhost:8000/plugins/controlled-list-manager/item/5f400d39-3b6b-4b8a-939b-4e49787c7444"", ""labels"": [{""id"": ""0070cd3b-1dd7-48ee-9f29-b97266bf5afb"", ""value"": ""preferred terms"", ""language_id"": ""en"", ""list_item_id"": ""5f400d39-3b6b-4b8a-939b-4e49787c7444"", ""valuetype_id"": ""prefLabel""}], ""list_id"": ""80028d07-9c98-48cf-84db-f77bc01c8bbc""}]","[{""uri"": ""http://localhost:8000/plugins/controlled-list-manager/item/38729dbe-6d1c-48ce-bf47-e2a18945600e"", ""labels"": [{""id"": ""08a9b0bd-4713-4ea6-a829-66a64240e254"", ""value"": ""English (language)"", ""language_id"": ""en"", ""list_item_id"": ""38729dbe-6d1c-48ce-bf47-e2a18945600e"", ""valuetype_id"": ""prefLabel""}], ""list_id"": ""f7fc4f6d-fd46-4881-846f-4a08bc1a3fef""}]",3695cff8-d770-11ef-8f5d-0275dc2ded29
4cdc9dc8-30be-4423-ac59-a92b6a797851,36956e50-d770-11ef-8f5d-0275dc2ded29,166c7b56-b36e-4cfa-9dc0-7d232f147d69,1,eff34edd-a7dc-4ae0-9745-9b3c12d16df4,"{""en"": {""value"": ""King Chong Hong"", ""direction"": ""ltr""}}","[{""uri"": ""http://localhost:8000/plugins/controlled-list-manager/item/5f400d39-3b6b-4b8a-939b-4e49787c7444"", ""labels"": [{""id"": ""0070cd3b-1dd7-48ee-9f29-b97266bf5afb"", ""value"": ""preferred terms"", ""language_id"": ""en"", ""list_item_id"": ""5f400d39-3b6b-4b8a-939b-4e49787c7444"", ""valuetype_id"": ""prefLabel""}], ""list_id"": ""80028d07-9c98-48cf-84db-f77bc01c8bbc""}]","[{""uri"": ""http://localhost:8000/plugins/controlled-list-manager/item/38729dbe-6d1c-48ce-bf47-e2a18945600e"", ""labels"": [{""id"": ""08a9b0bd-4713-4ea6-a829-66a64240e254"", ""value"": ""English (language)"", ""language_id"": ""en"", ""list_item_id"": ""38729dbe-6d1c-48ce-bf47-e2a18945600e"", ""valuetype_id"": ""prefLabel""}], ""list_id"": ""f7fc4f6d-fd46-4881-846f-4a08bc1a3fef""}]",3695cff8-d770-11ef-8f5d-0275dc2ded29
d30f8a38-98f9-4a78-8ff5-3aecaa7cb58b,36956e50-d770-11ef-8f5d-0275dc2ded29,166c7b56-b36e-4cfa-9dc0-7d232f147d69,1,be481782-5899-4432-b8fd-478850765515,"{""en"": {""value"": ""Canadian Kodak Co."", ""direction"": ""ltr""}}","[{""uri"": ""http://localhost:8000/plugins/controlled-list-manager/item/5f400d39-3b6b-4b8a-939b-4e49787c7444"", ""labels"": [{""id"": ""0070cd3b-1dd7-48ee-9f29-b97266bf5afb"", ""value"": ""preferred terms"", ""language_id"": ""en"", ""list_item_id"": ""5f400d39-3b6b-4b8a-939b-4e49787c7444"", ""valuetype_id"": ""prefLabel""}], ""list_id"": ""80028d07-9c98-48cf-84db-f77bc01c8bbc""}]","[{""uri"": ""http://localhost:8000/plugins/controlled-list-manager/item/38729dbe-6d1c-48ce-bf47-e2a18945600e"", ""labels"": [{""id"": ""08a9b0bd-4713-4ea6-a829-66a64240e254"", ""value"": ""English (language)"", ""language_id"": ""en"", ""list_item_id"": ""38729dbe-6d1c-48ce-bf47-e2a18945600e"", ""valuetype_id"": ""prefLabel""}], ""list_id"": ""f7fc4f6d-fd46-4881-846f-4a08bc1a3fef""}]",3695cff8-d770-11ef-8f5d-0275dc2ded29
bee82cf9-2824-46c3-8a4f-9700a0a6a988,36956e50-d770-11ef-8f5d-0275dc2ded29,166c7b56-b36e-4cfa-9dc0-7d232f147d69,1,a20b35f7-bcf0-4518-8635-a8fb955df0a7,"{""en"": {""value"": ""Swift and Company"", ""direction"": ""ltr""}}","[{""uri"": ""http://localhost:8000/plugins/controlled-list-manager/item/5f400d39-3b6b-4b8a-939b-4e49787c7444"", ""labels"": [{""id"": ""0070cd3b-1dd7-48ee-9f29-b97266bf5afb"", ""value"": ""preferred terms"", ""language_id"": ""en"", ""list_item_id"": ""5f400d39-3b6b-4b8a-939b-4e49787c7444"", ""valuetype_id"": ""prefLabel""}], ""list_id"": ""80028d07-9c98-48cf-84db-f77bc01c8bbc""}]","[{""uri"": ""http://localhost:8000/plugins/controlled-list-manager/item/38729dbe-6d1c-48ce-bf47-e2a18945600e"", ""labels"": [{""id"": ""08a9b0bd-4713-4ea6-a829-66a64240e254"", ""value"": ""English (language)"", ""language_id"": ""en"", ""list_item_id"": ""38729dbe-6d1c-48ce-bf47-e2a18945600e"", ""valuetype_id"": ""prefLabel""}], ""list_id"": ""f7fc4f6d-fd46-4881-846f-4a08bc1a3fef""}]",3695cff8-d770-11ef-8f5d-0275dc2ded29
af690254-9cfa-4039-8506-972549805fe9,36956e50-d770-11ef-8f5d-0275dc2ded29,166c7b56-b36e-4cfa-9dc0-7d232f147d69,1,b997e639-c5da-422a-ae2a-732674650345,"{""en"": {""value"": ""Shelton Turkey Ranch"", ""direction"": ""ltr""}}","[{""uri"": ""http://localhost:8000/plugins/controlled-list-manager/item/5f400d39-3b6b-4b8a-939b-4e49787c7444"", ""labels"": [{""id"": ""0070cd3b-1dd7-48ee-9f29-b97266bf5afb"", ""value"": ""preferred terms"", ""language_id"": ""en"", ""list_item_id"": ""5f400d39-3b6b-4b8a-939b-4e49787c7444"", ""valuetype_id"": ""prefLabel""}], ""list_id"": ""80028d07-9c98-48cf-84db-f77bc01c8bbc""}]","[{""uri"": ""http://localhost:8000/plugins/controlled-list-manager/item/38729dbe-6d1c-48ce-bf47-e2a18945600e"", ""labels"": [{""id"": ""08a9b0bd-4713-4ea6-a829-66a64240e254"", ""value"": ""English (language)"", ""language_id"": ""en"", ""list_item_id"": ""38729dbe-6d1c-48ce-bf47-e2a18945600e"", ""valuetype_id"": ""prefLabel""}], ""list_id"": ""f7fc4f6d-fd46-4881-846f-4a08bc1a3fef""}]",3695cff8-d770-11ef-8f5d-0275dc2ded29
8099abd7-a4e2-474d-9158-d717c79f9d8c,36956e50-d770-11ef-8f5d-0275dc2ded29,166c7b56-b36e-4cfa-9dc0-7d232f147d69,1,6de25e52-5fdf-4a58-8cbb-51d1a01be74d,"{""en"": {""value"": ""Archer Daniels Midland"", ""direction"": ""ltr""}}","[{""uri"": ""http://localhost:8000/plugins/controlled-list-manager/item/5f400d39-3b6b-4b8a-939b-4e49787c7444"", ""labels"": [{""id"": ""0070cd3b-1dd7-48ee-9f29-b97266bf5afb"", ""value"": ""preferred terms"", ""language_id"": ""en"", ""list_item_id"": ""5f400d39-3b6b-4b8a-939b-4e49787c7444"", ""valuetype_id"": ""prefLabel""}], ""list_id"": ""80028d07-9c98-48cf-84db-f77bc01c8bbc""}]","[{""uri"": ""http://localhost:8000/plugins/controlled-list-manager/item/38729dbe-6d1c-48ce-bf47-e2a18945600e"", ""labels"": [{""id"": ""08a9b0bd-4713-4ea6-a829-66a64240e254"", ""value"": ""English (language)"", ""language_id"": ""en"", ""list_item_id"": ""38729dbe-6d1c-48ce-bf47-e2a18945600e"", ""valuetype_id"": ""prefLabel""}], ""list_id"": ""f7fc4f6d-fd46-4881-846f-4a08bc1a3fef""}]",3695cff8-d770-11ef-8f5d-0275dc2ded29
545fd4ef-1c78-494f-aa3a-b47ebf259003,36956e50-d770-11ef-8f5d-0275dc2ded29,166c7b56-b36e-4cfa-9dc0-7d232f147d69,1,12c2d54f-abc7-46c3-897d-26327f8d9724,"{""en"": {""value"": ""Baker Chemical Company"", ""direction"": ""ltr""}}","[{""uri"": ""http://localhost:8000/plugins/controlled-list-manager/item/5f400d39-3b6b-4b8a-939b-4e49787c7444"", ""labels"": [{""id"": ""0070cd3b-1dd7-48ee-9f29-b97266bf5afb"", ""value"": ""preferred terms"", ""language_id"": ""en"", ""list_item_id"": ""5f400d39-3b6b-4b8a-939b-4e49787c7444"", ""valuetype_id"": ""prefLabel""}], ""list_id"": ""80028d07-9c98-48cf-84db-f77bc01c8bbc""}]","[{""uri"": ""http://localhost:8000/plugins/controlled-list-manager/item/38729dbe-6d1c-48ce-bf47-e2a18945600e"", ""labels"": [{""id"": ""08a9b0bd-4713-4ea6-a829-66a64240e254"", ""value"": ""English (language)"", ""language_id"": ""en"", ""list_item_id"": ""38729dbe-6d1c-48ce-bf47-e2a18945600e"", ""valuetype_id"": ""prefLabel""}], ""list_id"": ""f7fc4f6d-fd46-4881-846f-4a08bc1a3fef""}]",3695cff8-d770-11ef-8f5d-0275dc2ded29
c478c273-ff9d-45a9-819c-8fae5fec8381,36956e50-d770-11ef-8f5d-0275dc2ded29,166c7b56-b36e-4cfa-9dc0-7d232f147d69,1,016a433a-d3be-4514-9337-5f5a4d61f1ab,"{""en"": {""value"": ""Rite Aid"", ""direction"": ""ltr""}}","[{""uri"": ""http://localhost:8000/plugins/controlled-list-manager/item/5f400d39-3b6b-4b8a-939b-4e49787c7444"", ""labels"": [{""id"": ""0070cd3b-1dd7-48ee-9f29-b97266bf5afb"", ""value"": ""preferred terms"", ""language_id"": ""en"", ""list_item_id"": ""5f400d39-3b6b-4b8a-939b-4e49787c7444"", ""valuetype_id"": ""prefLabel""}], ""list_id"": ""80028d07-9c98-48cf-84db-f77bc01c8bbc""}]","[{""uri"": ""http://localhost:8000/plugins/controlled-list-manager/item/38729dbe-6d1c-48ce-bf47-e2a18945600e"", ""labels"": [{""id"": ""08a9b0bd-4713-4ea6-a829-66a64240e254"", ""value"": ""English (language)"", ""language_id"": ""en"", ""list_item_id"": ""38729dbe-6d1c-48ce-bf47-e2a18945600e"", ""valuetype_id"": ""prefLabel""}], ""list_id"": ""f7fc4f6d-fd46-4881-846f-4a08bc1a3fef""}]",3695cff8-d770-11ef-8f5d-0275dc2ded29
a1e29020-7aa4-46da-87bc-556367f423bc,36956e50-d770-11ef-8f5d-0275dc2ded29,166c7b56-b36e-4cfa-9dc0-7d232f147d69,1,3fc2c338-71fb-49cb-912e-de1938b06db4,"{""en"": {""value"": ""Hero"", ""direction"": ""ltr""}}","[{""uri"": ""http://localhost:8000/plugins/controlled-list-manager/item/5f400d39-3b6b-4b8a-939b-4e49787c7444"", ""labels"": [{""id"": ""0070cd3b-1dd7-48ee-9f29-b97266bf5afb"", ""value"": ""preferred terms"", ""language_id"": ""en"", ""list_item_id"": ""5f400d39-3b6b-4b8a-939b-4e49787c7444"", ""valuetype_id"": ""prefLabel""}], ""list_id"": ""80028d07-9c98-48cf-84db-f77bc01c8bbc""}]","[{""uri"": ""http://localhost:8000/plugins/controlled-list-manager/item/38729dbe-6d1c-48ce-bf47-e2a18945600e"", ""labels"": [{""id"": ""08a9b0bd-4713-4ea6-a829-66a64240e254"", ""value"": ""English (language)"", ""language_id"": ""en"", ""list_item_id"": ""38729dbe-6d1c-48ce-bf47-e2a18945600e"", ""valuetype_id"": ""prefLabel""}], ""list_id"": ""f7fc4f6d-fd46-4881-846f-4a08bc1a3fef""}]",3695cff8-d770-11ef-8f5d-0275dc2ded29
61e4f910-b8e3-41e1-bbf1-c7a768b86989,36956e50-d770-11ef-8f5d-0275dc2ded29,166c7b56-b36e-4cfa-9dc0-7d232f147d69,1,c75fc02a-e7c7-4718-bc00-1d57f35329e0,"{""en"": {""value"": ""Imp. by Pacific Veg Oil Corp"", ""direction"": ""ltr""}}","[{""uri"": ""http://localhost:8000/plugins/controlled-list-manager/item/5f400d39-3b6b-4b8a-939b-4e49787c7444"", ""labels"": [{""id"": ""0070cd3b-1dd7-48ee-9f29-b97266bf5afb"", ""value"": ""preferred terms"", ""language_id"": ""en"", ""list_item_id"": ""5f400d39-3b6b-4b8a-939b-4e49787c7444"", ""valuetype_id"": ""prefLabel""}], ""list_id"": ""80028d07-9c98-48cf-84db-f77bc01c8bbc""}]","[{""uri"": ""http://localhost:8000/plugins/controlled-list-manager/item/38729dbe-6d1c-48ce-bf47-e2a18945600e"", ""labels"": [{""id"": ""08a9b0bd-4713-4ea6-a829-66a64240e254"", ""value"": ""English (language)"", ""language_id"": ""en"", ""list_item_id"": ""38729dbe-6d1c-48ce-bf47-e2a18945600e"", ""valuetype_id"": ""prefLabel""}], ""list_id"": ""f7fc4f6d-fd46-4881-846f-4a08bc1a3fef""}]",3695cff8-d770-11ef-8f5d-0275dc2ded29
952d22b8-829f-458b-94d9-73bc9dc7036e,36956e50-d770-11ef-8f5d-0275dc2ded29,166c7b56-b36e-4cfa-9dc0-7d232f147d69,1,b0046e4e-06e3-4ffc-b614-6de80176ad85,"{""en"": {""value"": ""Eastman Kodak Co."", ""direction"": ""ltr""}}","[{""uri"": ""http://localhost:8000/plugins/controlled-list-manager/item/5f400d39-3b6b-4b8a-939b-4e49787c7444"", ""labels"": [{""id"": ""0070cd3b-1dd7-48ee-9f29-b97266bf5afb"", ""value"": ""preferred terms"", ""language_id"": ""en"", ""list_item_id"": ""5f400d39-3b6b-4b8a-939b-4e49787c7444"", ""valuetype_id"": ""prefLabel""}], ""list_id"": ""80028d07-9c98-48cf-84db-f77bc01c8bbc""}]","[{""uri"": ""http://localhost:8000/plugins/controlled-list-manager/item/38729dbe-6d1c-48ce-bf47-e2a18945600e"", ""labels"": [{""id"": ""08a9b0bd-4713-4ea6-a829-66a64240e254"", ""value"": ""English (language)"", ""language_id"": ""en"", ""list_item_id"": ""38729dbe-6d1c-48ce-bf47-e2a18945600e"", ""valuetype_id"": ""prefLabel""}], ""list_id"": ""f7fc4f6d-fd46-4881-846f-4a08bc1a3fef""}]",3695cff8-d770-11ef-8f5d-0275dc2ded29
ffc4dcae-3323-44b7-985e-31f920875010,36956e50-d770-11ef-8f5d-0275dc2ded29,166c7b56-b36e-4cfa-9dc0-7d232f147d69,1,919ce7f3-8d24-470f-bbad-354ba257a226,"{""en"": {""value"": ""Spilbeck"", ""direction"": ""ltr""}}","[{""uri"": ""http://localhost:8000/plugins/controlled-list-manager/item/5f400d39-3b6b-4b8a-939b-4e49787c7444"", ""labels"": [{""id"": ""0070cd3b-1dd7-48ee-9f29-b97266bf5afb"", ""value"": ""preferred terms"", ""language_id"": ""en"", ""list_item_id"": ""5f400d39-3b6b-4b8a-939b-4e49787c7444"", ""valuetype_id"": ""prefLabel""}], ""list_id"": ""80028d07-9c98-48cf-84db-f77bc01c8bbc""}]","[{""uri"": ""http://localhost:8000/plugins/controlled-list-manager/item/38729dbe-6d1c-48ce-bf47-e2a18945600e"", ""labels"": [{""id"": ""08a9b0bd-4713-4ea6-a829-66a64240e254"", ""value"": ""English (language)"", ""language_id"": ""en"", ""list_item_id"": ""38729dbe-6d1c-48ce-bf47-e2a18945600e"", ""valuetype_id"": ""prefLabel""}], ""list_id"": ""f7fc4f6d-fd46-4881-846f-4a08bc1a3fef""}]",3695cff8-d770-11ef-8f5d-0275dc2ded29
1a1853f2-8f27-4d59-adc5-14b5874dbc56,36956e50-d770-11ef-8f5d-0275dc2ded29,166c7b56-b36e-4cfa-9dc0-7d232f147d69,1,5f4c1340-1562-441b-a458-2145a4c447c2,"{""en"": {""value"": ""Buehler Ltd."", ""direction"": ""ltr""}}","[{""uri"": ""http://localhost:8000/plugins/controlled-list-manager/item/5f400d39-3b6b-4b8a-939b-4e49787c7444"", ""labels"": [{""id"": ""0070cd3b-1dd7-48ee-9f29-b97266bf5afb"", ""value"": ""preferred terms"", ""language_id"": ""en"", ""list_item_id"": ""5f400d39-3b6b-4b8a-939b-4e49787c7444"", ""valuetype_id"": ""prefLabel""}], ""list_id"": ""80028d07-9c98-48cf-84db-f77bc01c8bbc""}]","[{""uri"": ""http://localhost:8000/plugins/controlled-list-manager/item/38729dbe-6d1c-48ce-bf47-e2a18945600e"", ""labels"": [{""id"": ""08a9b0bd-4713-4ea6-a829-66a64240e254"", ""value"": ""English (language)"", ""language_id"": ""en"", ""list_item_id"": ""38729dbe-6d1c-48ce-bf47-e2a18945600e"", ""valuetype_id"": ""prefLabel""}], ""list_id"": ""f7fc4f6d-fd46-4881-846f-4a08bc1a3fef""}]",3695cff8-d770-11ef-8f5d-0275dc2ded29
50321433-34bd-4eeb-993d-62bfaa228637,36956e50-d770-11ef-8f5d-0275dc2ded29,166c7b56-b36e-4cfa-9dc0-7d232f147d69,1,7d14b1b4-0fb5-4869-84b2-f287d2b51f69,"{""en"": {""value"": ""IPS Corporation"", ""direction"": ""ltr""}}","[{""uri"": ""http://localhost:8000/plugins/controlled-list-manager/item/5f400d39-3b6b-4b8a-939b-4e49787c7444"", ""labels"": [{""id"": ""0070cd3b-1dd7-48ee-9f29-b97266bf5afb"", ""value"": ""preferred terms"", ""language_id"": ""en"", ""list_item_id"": ""5f400d39-3b6b-4b8a-939b-4e49787c7444"", ""valuetype_id"": ""prefLabel""}], ""list_id"": ""80028d07-9c98-48cf-84db-f77bc01c8bbc""}]","[{""uri"": ""http://localhost:8000/plugins/controlled-list-manager/item/38729dbe-6d1c-48ce-bf47-e2a18945600e"", ""labels"": [{""id"": ""08a9b0bd-4713-4ea6-a829-66a64240e254"", ""value"": ""English (language)"", ""language_id"": ""en"", ""list_item_id"": ""38729dbe-6d1c-48ce-bf47-e2a18945600e"", ""valuetype_id"": ""prefLabel""}], ""list_id"": ""f7fc4f6d-fd46-4881-846f-4a08bc1a3fef""}]",3695cff8-d770-11ef-8f5d-0275dc2ded29
0f6b3104-cec2-4f59-8171-6135b2cf1271,36956e50-d770-11ef-8f5d-0275dc2ded29,166c7b56-b36e-4cfa-9dc0-7d232f147d69,1,20f5b9cc-565c-483c-b112-61f30ea486c0,"{""en"": {""value"": ""Buchner & Son"", ""direction"": ""ltr""}}","[{""uri"": ""http://localhost:8000/plugins/controlled-list-manager/item/5f400d39-3b6b-4b8a-939b-4e49787c7444"", ""labels"": [{""id"": ""0070cd3b-1dd7-48ee-9f29-b97266bf5afb"", ""value"": ""preferred terms"", ""language_id"": ""en"", ""list_item_id"": ""5f400d39-3b6b-4b8a-939b-4e49787c7444"", ""valuetype_id"": ""prefLabel""}], ""list_id"": ""80028d07-9c98-48cf-84db-f77bc01c8bbc""}]","[{""uri"": ""http://localhost:8000/plugins/controlled-list-manager/item/38729dbe-6d1c-48ce-bf47-e2a18945600e"", ""labels"": [{""id"": ""08a9b0bd-4713-4ea6-a829-66a64240e254"", ""value"": ""English (language)"", ""language_id"": ""en"", ""list_item_id"": ""38729dbe-6d1c-48ce-bf47-e2a18945600e"", ""valuetype_id"": ""prefLabel""}], ""list_id"": ""f7fc4f6d-fd46-4881-846f-4a08bc1a3fef""}]",3695cff8-d770-11ef-8f5d-0275dc2ded29
c820b5af-0cd6-48c1-ae3d-685ae84ceab7,36956e50-d770-11ef-8f5d-0275dc2ded29,166c7b56-b36e-4cfa-9dc0-7d232f147d69,1,37fac180-9e4c-4019-8bf0-46b72a4f798e,"{""en"": {""value"": ""Paciosi"", ""direction"": ""ltr""}}","[{""uri"": ""http://localhost:8000/plugins/controlled-list-manager/item/5f400d39-3b6b-4b8a-939b-4e49787c7444"", ""labels"": [{""id"": ""0070cd3b-1dd7-48ee-9f29-b97266bf5afb"", ""value"": ""preferred terms"", ""language_id"": ""en"", ""list_item_id"": ""5f400d39-3b6b-4b8a-939b-4e49787c7444"", ""valuetype_id"": ""prefLabel""}], ""list_id"": ""80028d07-9c98-48cf-84db-f77bc01c8bbc""}]","[{""uri"": ""http://localhost:8000/plugins/controlled-list-manager/item/38729dbe-6d1c-48ce-bf47-e2a18945600e"", ""labels"": [{""id"": ""08a9b0bd-4713-4ea6-a829-66a64240e254"", ""value"": ""English (language)"", ""language_id"": ""en"", ""list_item_id"": ""38729dbe-6d1c-48ce-bf47-e2a18945600e"", ""valuetype_id"": ""prefLabel""}], ""list_id"": ""f7fc4f6d-fd46-4881-846f-4a08bc1a3fef""}]",3695cff8-d770-11ef-8f5d-0275dc2ded29
a6073ff1-1ada-46e4-8c22-cd27eea1fab1,36956e50-d770-11ef-8f5d-0275dc2ded29,166c7b56-b36e-4cfa-9dc0-7d232f147d69,1,f4c80d05-d036-44be-b892-dd05e65d8264,"{""en"": {""value"": ""Istambul"", ""direction"": ""ltr""}}","[{""uri"": ""http://localhost:8000/plugins/controlled-list-manager/item/5f400d39-3b6b-4b8a-939b-4e49787c7444"", ""labels"": [{""id"": ""0070cd3b-1dd7-48ee-9f29-b97266bf5afb"", ""value"": ""preferred terms"", ""language_id"": ""en"", ""list_item_id"": ""5f400d39-3b6b-4b8a-939b-4e49787c7444"", ""valuetype_id"": ""prefLabel""}], ""list_id"": ""80028d07-9c98-48cf-84db-f77bc01c8bbc""}]","[{""uri"": ""http://localhost:8000/plugins/controlled-list-manager/item/38729dbe-6d1c-48ce-bf47-e2a18945600e"", ""labels"": [{""id"": ""08a9b0bd-4713-4ea6-a829-66a64240e254"", ""value"": ""English (language)"", ""language_id"": ""en"", ""list_item_id"": ""38729dbe-6d1c-48ce-bf47-e2a18945600e"", ""valuetype_id"": ""prefLabel""}], ""list_id"": ""f7fc4f6d-fd46-4881-846f-4a08bc1a3fef""}]",3695cff8-d770-11ef-8f5d-0275dc2ded29
681e8a9c-3bcf-46c9-a7c1-07f4e232e436,36956e50-d770-11ef-8f5d-0275dc2ded29,166c7b56-b36e-4cfa-9dc0-7d232f147d69,1,2145ffb8-8540-4027-8b4e-4d8b147ccf16,"{""en"": {""value"": ""Winsor and Newton"", ""direction"": ""ltr""}}","[{""uri"": ""http://localhost:8000/plugins/controlled-list-manager/item/5f400d39-3b6b-4b8a-939b-4e49787c7444"", ""labels"": [{""id"": ""0070cd3b-1dd7-48ee-9f29-b97266bf5afb"", ""value"": ""preferred terms"", ""language_id"": ""en"", ""list_item_id"": ""5f400d39-3b6b-4b8a-939b-4e49787c7444"", ""valuetype_id"": ""prefLabel""}], ""list_id"": ""80028d07-9c98-48cf-84db-f77bc01c8bbc""}]","[{""uri"": ""http://localhost:8000/plugins/controlled-list-manager/item/38729dbe-6d1c-48ce-bf47-e2a18945600e"", ""labels"": [{""id"": ""08a9b0bd-4713-4ea6-a829-66a64240e254"", ""value"": ""English (language)"", ""language_id"": ""en"", ""list_item_id"": ""38729dbe-6d1c-48ce-bf47-e2a18945600e"", ""valuetype_id"": ""prefLabel""}], ""list_id"": ""f7fc4f6d-fd46-4881-846f-4a08bc1a3fef""}]",3695cff8-d770-11ef-8f5d-0275dc2ded29
1eea764f-b103-4097-877d-882d0e235ea4,36956e50-d770-11ef-8f5d-0275dc2ded29,166c7b56-b36e-4cfa-9dc0-7d232f147d69,1,b7bedd48-713c-4408-8380-4aa9b8727d6e,"{""en"": {""value"": ""J. Claire Dean"", ""direction"": ""ltr""}}","[{""uri"": ""http://localhost:8000/plugins/controlled-list-manager/item/5f400d39-3b6b-4b8a-939b-4e49787c7444"", ""labels"": [{""id"": ""0070cd3b-1dd7-48ee-9f29-b97266bf5afb"", ""value"": ""preferred terms"", ""language_id"": ""en"", ""list_item_id"": ""5f400d39-3b6b-4b8a-939b-4e49787c7444"", ""valuetype_id"": ""prefLabel""}], ""list_id"": ""80028d07-9c98-48cf-84db-f77bc01c8bbc""}]","[{""uri"": ""http://localhost:8000/plugins/controlled-list-manager/item/38729dbe-6d1c-48ce-bf47-e2a18945600e"", ""labels"": [{""id"": ""08a9b0bd-4713-4ea6-a829-66a64240e254"", ""value"": ""English (language)"", ""language_id"": ""en"", ""list_item_id"": ""38729dbe-6d1c-48ce-bf47-e2a18945600e"", ""valuetype_id"": ""prefLabel""}], ""list_id"": ""f7fc4f6d-fd46-4881-846f-4a08bc1a3fef""}]",3695cff8-d770-11ef-8f5d-0275dc2ded29
762e4fc5-6474-420f-a108-85659825dcfe,36956e50-d770-11ef-8f5d-0275dc2ded29,166c7b56-b36e-4cfa-9dc0-7d232f147d69,1,9adae3cf-343f-4d68-a9aa-03f769d44753,"{""en"": {""value"": ""Sav-On"", ""direction"": ""ltr""}}","[{""uri"": ""http://localhost:8000/plugins/controlled-list-manager/item/5f400d39-3b6b-4b8a-939b-4e49787c7444"", ""labels"": [{""id"": ""0070cd3b-1dd7-48ee-9f29-b97266bf5afb"", ""value"": ""preferred terms"", ""language_id"": ""en"", ""list_item_id"": ""5f400d39-3b6b-4b8a-939b-4e49787c7444"", ""valuetype_id"": ""prefLabel""}], ""list_id"": ""80028d07-9c98-48cf-84db-f77bc01c8bbc""}]","[{""uri"": ""http://localhost:8000/plugins/controlled-list-manager/item/38729dbe-6d1c-48ce-bf47-e2a18945600e"", ""labels"": [{""id"": ""08a9b0bd-4713-4ea6-a829-66a64240e254"", ""value"": ""English (language)"", ""language_id"": ""en"", ""list_item_id"": ""38729dbe-6d1c-48ce-bf47-e2a18945600e"", ""valuetype_id"": ""prefLabel""}], ""list_id"": ""f7fc4f6d-fd46-4881-846f-4a08bc1a3fef""}]",3695cff8-d770-11ef-8f5d-0275dc2ded29
e3b1b57c-f118-457c-aab1-66da34be7c26,36956e50-d770-11ef-8f5d-0275dc2ded29,166c7b56-b36e-4cfa-9dc0-7d232f147d69,1,bf12cfe1-a09f-4930-8aa1-a870157a757a,"{""en"": {""value"": ""Caribou Mine, Boulder, Co"", ""direction"": ""ltr""}}","[{""uri"": ""http://localhost:8000/plugins/controlled-list-manager/item/5f400d39-3b6b-4b8a-939b-4e49787c7444"", ""labels"": [{""id"": ""0070cd3b-1dd7-48ee-9f29-b97266bf5afb"", ""value"": ""preferred terms"", ""language_id"": ""en"", ""list_item_id"": ""5f400d39-3b6b-4b8a-939b-4e49787c7444"", ""valuetype_id"": ""prefLabel""}], ""list_id"": ""80028d07-9c98-48cf-84db-f77bc01c8bbc""}]","[{""uri"": ""http://localhost:8000/plugins/controlled-list-manager/item/38729dbe-6d1c-48ce-bf47-e2a18945600e"", ""labels"": [{""id"": ""08a9b0bd-4713-4ea6-a829-66a64240e254"", ""value"": ""English (language)"", ""language_id"": ""en"", ""list_item_id"": ""38729dbe-6d1c-48ce-bf47-e2a18945600e"", ""valuetype_id"": ""prefLabel""}], ""list_id"": ""f7fc4f6d-fd46-4881-846f-4a08bc1a3fef""}]",3695cff8-d770-11ef-8f5d-0275dc2ded29
8faf49f0-b89c-4dc5-a607-5c8129329a3c,36956e50-d770-11ef-8f5d-0275dc2ded29,166c7b56-b36e-4cfa-9dc0-7d232f147d69,1,07b031a8-a96a-4be0-b29a-4db6873b50ae,"{""en"": {""value"": ""Kodak Canada Inc."", ""direction"": ""ltr""}}","[{""uri"": ""http://localhost:8000/plugins/controlled-list-manager/item/5f400d39-3b6b-4b8a-939b-4e49787c7444"", ""labels"": [{""id"": ""0070cd3b-1dd7-48ee-9f29-b97266bf5afb"", ""value"": ""preferred terms"", ""language_id"": ""en"", ""list_item_id"": ""5f400d39-3b6b-4b8a-939b-4e49787c7444"", ""valuetype_id"": ""prefLabel""}], ""list_id"": ""80028d07-9c98-48cf-84db-f77bc01c8bbc""}]","[{""uri"": ""http://localhost:8000/plugins/controlled-list-manager/item/38729dbe-6d1c-48ce-bf47-e2a18945600e"", ""labels"": [{""id"": ""08a9b0bd-4713-4ea6-a829-66a64240e254"", ""value"": ""English (language)"", ""language_id"": ""en"", ""list_item_id"": ""38729dbe-6d1c-48ce-bf47-e2a18945600e"", ""valuetype_id"": ""prefLabel""}], ""list_id"": ""f7fc4f6d-fd46-4881-846f-4a08bc1a3fef""}]",3695cff8-d770-11ef-8f5d-0275dc2ded29
59542588-b28b-4655-8818-f20648b7ada4,36956e50-d770-11ef-8f5d-0275dc2ded29,166c7b56-b36e-4cfa-9dc0-7d232f147d69,1,99be27f1-e589-4c9b-93d9-767be7b239b1,"{""en"": {""value"": ""Wadsworth, Howland, and Co."", ""direction"": ""ltr""}}","[{""uri"": ""http://localhost:8000/plugins/controlled-list-manager/item/5f400d39-3b6b-4b8a-939b-4e49787c7444"", ""labels"": [{""id"": ""0070cd3b-1dd7-48ee-9f29-b97266bf5afb"", ""value"": ""preferred terms"", ""language_id"": ""en"", ""list_item_id"": ""5f400d39-3b6b-4b8a-939b-4e49787c7444"", ""valuetype_id"": ""prefLabel""}], ""list_id"": ""80028d07-9c98-48cf-84db-f77bc01c8bbc""}]","[{""uri"": ""http://localhost:8000/plugins/controlled-list-manager/item/38729dbe-6d1c-48ce-bf47-e2a18945600e"", ""labels"": [{""id"": ""08a9b0bd-4713-4ea6-a829-66a64240e254"", ""value"": ""English (language)"", ""language_id"": ""en"", ""list_item_id"": ""38729dbe-6d1c-48ce-bf47-e2a18945600e"", ""valuetype_id"": ""prefLabel""}], ""list_id"": ""f7fc4f6d-fd46-4881-846f-4a08bc1a3fef""}]",3695cff8-d770-11ef-8f5d-0275dc2ded29
81c87e99-cbb4-4324-8544-8c7ebb09ad75,36956e50-d770-11ef-8f5d-0275dc2ded29,166c7b56-b36e-4cfa-9dc0-7d232f147d69,1,afd92890-4827-46cd-b100-afeba44f586f,"{""en"": {""value"": ""Forte Photochemical Co. Ltd."", ""direction"": ""ltr""}}","[{""uri"": ""http://localhost:8000/plugins/controlled-list-manager/item/5f400d39-3b6b-4b8a-939b-4e49787c7444"", ""labels"": [{""id"": ""0070cd3b-1dd7-48ee-9f29-b97266bf5afb"", ""value"": ""preferred terms"", ""language_id"": ""en"", ""list_item_id"": ""5f400d39-3b6b-4b8a-939b-4e49787c7444"", ""valuetype_id"": ""prefLabel""}], ""list_id"": ""80028d07-9c98-48cf-84db-f77bc01c8bbc""}]","[{""uri"": ""http://localhost:8000/plugins/controlled-list-manager/item/38729dbe-6d1c-48ce-bf47-e2a18945600e"", ""labels"": [{""id"": ""08a9b0bd-4713-4ea6-a829-66a64240e254"", ""value"": ""English (language)"", ""language_id"": ""en"", ""list_item_id"": ""38729dbe-6d1c-48ce-bf47-e2a18945600e"", ""valuetype_id"": ""prefLabel""}], ""list_id"": ""f7fc4f6d-fd46-4881-846f-4a08bc1a3fef""}]",3695cff8-d770-11ef-8f5d-0275dc2ded29
878cd179-0cef-4049-98b4-89f0d26b2eb3,36956e50-d770-11ef-8f5d-0275dc2ded29,166c7b56-b36e-4cfa-9dc0-7d232f147d69,1,93300f5c-273c-4135-8e2b-a192969b6875,"{""en"": {""value"": ""Cachet Fine Art Photographic Paper Co."", ""direction"": ""ltr""}}","[{""uri"": ""http://localhost:8000/plugins/controlled-list-manager/item/5f400d39-3b6b-4b8a-939b-4e49787c7444"", ""labels"": [{""id"": ""0070cd3b-1dd7-48ee-9f29-b97266bf5afb"", ""value"": ""preferred terms"", ""language_id"": ""en"", ""list_item_id"": ""5f400d39-3b6b-4b8a-939b-4e49787c7444"", ""valuetype_id"": ""prefLabel""}], ""list_id"": ""80028d07-9c98-48cf-84db-f77bc01c8bbc""}]","[{""uri"": ""http://localhost:8000/plugins/controlled-list-manager/item/38729dbe-6d1c-48ce-bf47-e2a18945600e"", ""labels"": [{""id"": ""08a9b0bd-4713-4ea6-a829-66a64240e254"", ""value"": ""English (language)"", ""language_id"": ""en"", ""list_item_id"": ""38729dbe-6d1c-48ce-bf47-e2a18945600e"", ""valuetype_id"": ""prefLabel""}], ""list_id"": ""f7fc4f6d-fd46-4881-846f-4a08bc1a3fef""}]",3695cff8-d770-11ef-8f5d-0275dc2ded29
d48e5140-ab71-4499-81f5-c9cffbbac9ca,36956e50-d770-11ef-8f5d-0275dc2ded29,166c7b56-b36e-4cfa-9dc0-7d232f147d69,1,cd840e8e-1919-441d-b753-87ea760579ed,"{""en"": {""value"": ""Minox"", ""direction"": ""ltr""}}","[{""uri"": ""http://localhost:8000/plugins/controlled-list-manager/item/5f400d39-3b6b-4b8a-939b-4e49787c7444"", ""labels"": [{""id"": ""0070cd3b-1dd7-48ee-9f29-b97266bf5afb"", ""value"": ""preferred terms"", ""language_id"": ""en"", ""list_item_id"": ""5f400d39-3b6b-4b8a-939b-4e49787c7444"", ""valuetype_id"": ""prefLabel""}], ""list_id"": ""80028d07-9c98-48cf-84db-f77bc01c8bbc""}]","[{""uri"": ""http://localhost:8000/plugins/controlled-list-manager/item/38729dbe-6d1c-48ce-bf47-e2a18945600e"", ""labels"": [{""id"": ""08a9b0bd-4713-4ea6-a829-66a64240e254"", ""value"": ""English (language)"", ""language_id"": ""en"", ""list_item_id"": ""38729dbe-6d1c-48ce-bf47-e2a18945600e"", ""valuetype_id"": ""prefLabel""}], ""list_id"": ""f7fc4f6d-fd46-4881-846f-4a08bc1a3fef""}]",3695cff8-d770-11ef-8f5d-0275dc2ded29
b0de53af-064b-418f-b1d3-9dcd891a2cf3,36956e50-d770-11ef-8f5d-0275dc2ded29,166c7b56-b36e-4cfa-9dc0-7d232f147d69,1,acd310e4-5349-4744-8d71-473ec88546d7,"{""en"": {""value"": ""Grumbacher"", ""direction"": ""ltr""}}","[{""uri"": ""http://localhost:8000/plugins/controlled-list-manager/item/5f400d39-3b6b-4b8a-939b-4e49787c7444"", ""labels"": [{""id"": ""0070cd3b-1dd7-48ee-9f29-b97266bf5afb"", ""value"": ""preferred terms"", ""language_id"": ""en"", ""list_item_id"": ""5f400d39-3b6b-4b8a-939b-4e49787c7444"", ""valuetype_id"": ""prefLabel""}], ""list_id"": ""80028d07-9c98-48cf-84db-f77bc01c8bbc""}]","[{""uri"": ""http://localhost:8000/plugins/controlled-list-manager/item/38729dbe-6d1c-48ce-bf47-e2a18945600e"", ""labels"": [{""id"": ""08a9b0bd-4713-4ea6-a829-66a64240e254"", ""value"": ""English (language)"", ""language_id"": ""en"", ""list_item_id"": ""38729dbe-6d1c-48ce-bf47-e2a18945600e"", ""valuetype_id"": ""prefLabel""}], ""list_id"": ""f7fc4f6d-fd46-4881-846f-4a08bc1a3fef""}]",3695cff8-d770-11ef-8f5d-0275dc2ded29
e9b1e400-91d9-4d50-b048-7824e58a7fbd,36956e50-d770-11ef-8f5d-0275dc2ded29,166c7b56-b36e-4cfa-9dc0-7d232f147d69,1,52fc5f8a-58b5-41ad-89eb-8d9142c4ca21,"{""en"": {""value"": ""National Gallery of Art (Washington, DC)"", ""direction"": ""ltr""}}","[{""uri"": ""http://localhost:8000/plugins/controlled-list-manager/item/5f400d39-3b6b-4b8a-939b-4e49787c7444"", ""labels"": [{""id"": ""0070cd3b-1dd7-48ee-9f29-b97266bf5afb"", ""value"": ""preferred terms"", ""language_id"": ""en"", ""list_item_id"": ""5f400d39-3b6b-4b8a-939b-4e49787c7444"", ""valuetype_id"": ""prefLabel""}], ""list_id"": ""80028d07-9c98-48cf-84db-f77bc01c8bbc""}]","[{""uri"": ""http://localhost:8000/plugins/controlled-list-manager/item/38729dbe-6d1c-48ce-bf47-e2a18945600e"", ""labels"": [{""id"": ""08a9b0bd-4713-4ea6-a829-66a64240e254"", ""value"": ""English (language)"", ""language_id"": ""en"", ""list_item_id"": ""38729dbe-6d1c-48ce-bf47-e2a18945600e"", ""valuetype_id"": ""prefLabel""}], ""list_id"": ""f7fc4f6d-fd46-4881-846f-4a08bc1a3fef""}]",3695cff8-d770-11ef-8f5d-0275dc2ded29
69444287-b353-4b19-bbb1-616604314fa7,36956e50-d770-11ef-8f5d-0275dc2ded29,166c7b56-b36e-4cfa-9dc0-7d232f147d69,1,1cf4bb5a-e634-4267-80ca-55b1080c0f06,"{""en"": {""value"": ""Kodak Co."", ""direction"": ""ltr""}}","[{""uri"": ""http://localhost:8000/plugins/controlled-list-manager/item/5f400d39-3b6b-4b8a-939b-4e49787c7444"", ""labels"": [{""id"": ""0070cd3b-1dd7-48ee-9f29-b97266bf5afb"", ""value"": ""preferred terms"", ""language_id"": ""en"", ""list_item_id"": ""5f400d39-3b6b-4b8a-939b-4e49787c7444"", ""valuetype_id"": ""prefLabel""}], ""list_id"": ""80028d07-9c98-48cf-84db-f77bc01c8bbc""}]","[{""uri"": ""http://localhost:8000/plugins/controlled-list-manager/item/38729dbe-6d1c-48ce-bf47-e2a18945600e"", ""labels"": [{""id"": ""08a9b0bd-4713-4ea6-a829-66a64240e254"", ""value"": ""English (language)"", ""language_id"": ""en"", ""list_item_id"": ""38729dbe-6d1c-48ce-bf47-e2a18945600e"", ""valuetype_id"": ""prefLabel""}], ""list_id"": ""f7fc4f6d-fd46-4881-846f-4a08bc1a3fef""}]",3695cff8-d770-11ef-8f5d-0275dc2ded29
bbf837fd-3d4b-4fc6-aefe-d5b7a4ab4ae4,36956e50-d770-11ef-8f5d-0275dc2ded29,166c7b56-b36e-4cfa-9dc0-7d232f147d69,1,984c67d5-3833-46b3-ab0e-7287eff5d2bd,"{""en"": {""value"": ""Farmers Market"", ""direction"": ""ltr""}}","[{""uri"": ""http://localhost:8000/plugins/controlled-list-manager/item/5f400d39-3b6b-4b8a-939b-4e49787c7444"", ""labels"": [{""id"": ""0070cd3b-1dd7-48ee-9f29-b97266bf5afb"", ""value"": ""preferred terms"", ""language_id"": ""en"", ""list_item_id"": ""5f400d39-3b6b-4b8a-939b-4e49787c7444"", ""valuetype_id"": ""prefLabel""}], ""list_id"": ""80028d07-9c98-48cf-84db-f77bc01c8bbc""}]","[{""uri"": ""http://localhost:8000/plugins/controlled-list-manager/item/38729dbe-6d1c-48ce-bf47-e2a18945600e"", ""labels"": [{""id"": ""08a9b0bd-4713-4ea6-a829-66a64240e254"", ""value"": ""English (language)"", ""language_id"": ""en"", ""list_item_id"": ""38729dbe-6d1c-48ce-bf47-e2a18945600e"", ""valuetype_id"": ""prefLabel""}], ""list_id"": ""f7fc4f6d-fd46-4881-846f-4a08bc1a3fef""}]",3695cff8-d770-11ef-8f5d-0275dc2ded29
51331456-2547-4394-9489-fc26afe6adbf,36956e50-d770-11ef-8f5d-0275dc2ded29,166c7b56-b36e-4cfa-9dc0-7d232f147d69,1,aa6977fa-f4a5-44bf-8ae0-f186232db53c,"{""en"": {""value"": ""U.S. National Park Service, Colorado"", ""direction"": ""ltr""}}","[{""uri"": ""http://localhost:8000/plugins/controlled-list-manager/item/5f400d39-3b6b-4b8a-939b-4e49787c7444"", ""labels"": [{""id"": ""0070cd3b-1dd7-48ee-9f29-b97266bf5afb"", ""value"": ""preferred terms"", ""language_id"": ""en"", ""list_item_id"": ""5f400d39-3b6b-4b8a-939b-4e49787c7444"", ""valuetype_id"": ""prefLabel""}], ""list_id"": ""80028d07-9c98-48cf-84db-f77bc01c8bbc""}]","[{""uri"": ""http://localhost:8000/plugins/controlled-list-manager/item/38729dbe-6d1c-48ce-bf47-e2a18945600e"", ""labels"": [{""id"": ""08a9b0bd-4713-4ea6-a829-66a64240e254"", ""value"": ""English (language)"", ""language_id"": ""en"", ""list_item_id"": ""38729dbe-6d1c-48ce-bf47-e2a18945600e"", ""valuetype_id"": ""prefLabel""}], ""list_id"": ""f7fc4f6d-fd46-4881-846f-4a08bc1a3fef""}]",3695cff8-d770-11ef-8f5d-0275dc2ded29
c034b8ad-e12b-4035-aec1-9df4a1882fbb,36956e50-d770-11ef-8f5d-0275dc2ded29,166c7b56-b36e-4cfa-9dc0-7d232f147d69,1,5e0fdefb-d75e-44ce-b894-faf072e16b8d,"{""en"": {""value"": ""Laboratory Chemicals, Frank W. Joel / Bishop''s Stortford / Harts, England"", ""direction"": ""ltr""}}","[{""uri"": ""http://localhost:8000/plugins/controlled-list-manager/item/5f400d39-3b6b-4b8a-939b-4e49787c7444"", ""labels"": [{""id"": ""0070cd3b-1dd7-48ee-9f29-b97266bf5afb"", ""value"": ""preferred terms"", ""language_id"": ""en"", ""list_item_id"": ""5f400d39-3b6b-4b8a-939b-4e49787c7444"", ""valuetype_id"": ""prefLabel""}], ""list_id"": ""80028d07-9c98-48cf-84db-f77bc01c8bbc""}]","[{""uri"": ""http://localhost:8000/plugins/controlled-list-manager/item/38729dbe-6d1c-48ce-bf47-e2a18945600e"", ""labels"": [{""id"": ""08a9b0bd-4713-4ea6-a829-66a64240e254"", ""value"": ""English (language)"", ""language_id"": ""en"", ""list_item_id"": ""38729dbe-6d1c-48ce-bf47-e2a18945600e"", ""valuetype_id"": ""prefLabel""}], ""list_id"": ""f7fc4f6d-fd46-4881-846f-4a08bc1a3fef""}]",3695cff8-d770-11ef-8f5d-0275dc2ded29
eaad3ab4-0fec-4029-a4ed-80b515613ead,36956e50-d770-11ef-8f5d-0275dc2ded29,166c7b56-b36e-4cfa-9dc0-7d232f147d69,1,52097ed4-26b1-49c6-95fc-02218f9f1312,"{""en"": {""value"": ""Alfa Aesar"", ""direction"": ""ltr""}}","[{""uri"": ""http://localhost:8000/plugins/controlled-list-manager/item/5f400d39-3b6b-4b8a-939b-4e49787c7444"", ""labels"": [{""id"": ""0070cd3b-1dd7-48ee-9f29-b97266bf5afb"", ""value"": ""preferred terms"", ""language_id"": ""en"", ""list_item_id"": ""5f400d39-3b6b-4b8a-939b-4e49787c7444"", ""valuetype_id"": ""prefLabel""}], ""list_id"": ""80028d07-9c98-48cf-84db-f77bc01c8bbc""}]","[{""uri"": ""http://localhost:8000/plugins/controlled-list-manager/item/38729dbe-6d1c-48ce-bf47-e2a18945600e"", ""labels"": [{""id"": ""08a9b0bd-4713-4ea6-a829-66a64240e254"", ""value"": ""English (language)"", ""language_id"": ""en"", ""list_item_id"": ""38729dbe-6d1c-48ce-bf47-e2a18945600e"", ""valuetype_id"": ""prefLabel""}], ""list_id"": ""f7fc4f6d-fd46-4881-846f-4a08bc1a3fef""}]",3695cff8-d770-11ef-8f5d-0275dc2ded29
ebea3f4e-452b-4cf8-ad66-1107aea9dc3e,36956e50-d770-11ef-8f5d-0275dc2ded29,166c7b56-b36e-4cfa-9dc0-7d232f147d69,1,e45c6072-3eda-4726-a624-426cde2c153f,"{""en"": {""value"": ""Utrecht Manufacturing Corp."", ""direction"": ""ltr""}}","[{""uri"": ""http://localhost:8000/plugins/controlled-list-manager/item/5f400d39-3b6b-4b8a-939b-4e49787c7444"", ""labels"": [{""id"": ""0070cd3b-1dd7-48ee-9f29-b97266bf5afb"", ""value"": ""preferred terms"", ""language_id"": ""en"", ""list_item_id"": ""5f400d39-3b6b-4b8a-939b-4e49787c7444"", ""valuetype_id"": ""prefLabel""}], ""list_id"": ""80028d07-9c98-48cf-84db-f77bc01c8bbc""}]","[{""uri"": ""http://localhost:8000/plugins/controlled-list-manager/item/38729dbe-6d1c-48ce-bf47-e2a18945600e"", ""labels"": [{""id"": ""08a9b0bd-4713-4ea6-a829-66a64240e254"", ""value"": ""English (language)"", ""language_id"": ""en"", ""list_item_id"": ""38729dbe-6d1c-48ce-bf47-e2a18945600e"", ""valuetype_id"": ""prefLabel""}], ""list_id"": ""f7fc4f6d-fd46-4881-846f-4a08bc1a3fef""}]",3695cff8-d770-11ef-8f5d-0275dc2ded29
26cfd2f8-39bc-43d5-a6d8-2140b9b6ce1b,36956e50-d770-11ef-8f5d-0275dc2ded29,166c7b56-b36e-4cfa-9dc0-7d232f147d69,1,bee46d7d-5fd6-4c56-9544-84e66bc02e59,"{""en"": {""value"": ""Theodoros Daris & Co."", ""direction"": ""ltr""}}","[{""uri"": ""http://localhost:8000/plugins/controlled-list-manager/item/5f400d39-3b6b-4b8a-939b-4e49787c7444"", ""labels"": [{""id"": ""0070cd3b-1dd7-48ee-9f29-b97266bf5afb"", ""value"": ""preferred terms"", ""language_id"": ""en"", ""list_item_id"": ""5f400d39-3b6b-4b8a-939b-4e49787c7444"", ""valuetype_id"": ""prefLabel""}], ""list_id"": ""80028d07-9c98-48cf-84db-f77bc01c8bbc""}]","[{""uri"": ""http://localhost:8000/plugins/controlled-list-manager/item/38729dbe-6d1c-48ce-bf47-e2a18945600e"", ""labels"": [{""id"": ""08a9b0bd-4713-4ea6-a829-66a64240e254"", ""value"": ""English (language)"", ""language_id"": ""en"", ""list_item_id"": ""38729dbe-6d1c-48ce-bf47-e2a18945600e"", ""valuetype_id"": ""prefLabel""}], ""list_id"": ""f7fc4f6d-fd46-4881-846f-4a08bc1a3fef""}]",3695cff8-d770-11ef-8f5d-0275dc2ded29
2af39ddf-db58-4ae5-b9a0-abb390bf48da,36956e50-d770-11ef-8f5d-0275dc2ded29,166c7b56-b36e-4cfa-9dc0-7d232f147d69,1,d062ef5b-9902-49d4-ba00-c7a17f39576c,"{""en"": {""value"": ""Australian Museum (Materials Conservation)"", ""direction"": ""ltr""}}","[{""uri"": ""http://localhost:8000/plugins/controlled-list-manager/item/5f400d39-3b6b-4b8a-939b-4e49787c7444"", ""labels"": [{""id"": ""0070cd3b-1dd7-48ee-9f29-b97266bf5afb"", ""value"": ""preferred terms"", ""language_id"": ""en"", ""list_item_id"": ""5f400d39-3b6b-4b8a-939b-4e49787c7444"", ""valuetype_id"": ""prefLabel""}], ""list_id"": ""80028d07-9c98-48cf-84db-f77bc01c8bbc""}]","[{""uri"": ""http://localhost:8000/plugins/controlled-list-manager/item/38729dbe-6d1c-48ce-bf47-e2a18945600e"", ""labels"": [{""id"": ""08a9b0bd-4713-4ea6-a829-66a64240e254"", ""value"": ""English (language)"", ""language_id"": ""en"", ""list_item_id"": ""38729dbe-6d1c-48ce-bf47-e2a18945600e"", ""valuetype_id"": ""prefLabel""}], ""list_id"": ""f7fc4f6d-fd46-4881-846f-4a08bc1a3fef""}]",3695cff8-d770-11ef-8f5d-0275dc2ded29
055c52b5-51c2-47b6-b456-bf1156a683be,36956e50-d770-11ef-8f5d-0275dc2ded29,166c7b56-b36e-4cfa-9dc0-7d232f147d69,1,77fd4d45-c607-4e5e-856f-5ce15b5c1cca,"{""en"": {""value"": ""GPS Agencies Ltd"", ""direction"": ""ltr""}}","[{""uri"": ""http://localhost:8000/plugins/controlled-list-manager/item/5f400d39-3b6b-4b8a-939b-4e49787c7444"", ""labels"": [{""id"": ""0070cd3b-1dd7-48ee-9f29-b97266bf5afb"", ""value"": ""preferred terms"", ""language_id"": ""en"", ""list_item_id"": ""5f400d39-3b6b-4b8a-939b-4e49787c7444"", ""valuetype_id"": ""prefLabel""}], ""list_id"": ""80028d07-9c98-48cf-84db-f77bc01c8bbc""}]","[{""uri"": ""http://localhost:8000/plugins/controlled-list-manager/item/38729dbe-6d1c-48ce-bf47-e2a18945600e"", ""labels"": [{""id"": ""08a9b0bd-4713-4ea6-a829-66a64240e254"", ""value"": ""English (language)"", ""language_id"": ""en"", ""list_item_id"": ""38729dbe-6d1c-48ce-bf47-e2a18945600e"", ""valuetype_id"": ""prefLabel""}], ""list_id"": ""f7fc4f6d-fd46-4881-846f-4a08bc1a3fef""}]",3695cff8-d770-11ef-8f5d-0275dc2ded29
aa2d5d1a-fc4e-4bff-b8d6-b1e9b9261a21,36956e50-d770-11ef-8f5d-0275dc2ded29,166c7b56-b36e-4cfa-9dc0-7d232f147d69,1,2f174ee2-572f-4cb8-a74a-391a68226a83,"{""en"": {""value"": ""GCI Gardens"", ""direction"": ""ltr""}}","[{""uri"": ""http://localhost:8000/plugins/controlled-list-manager/item/5f400d39-3b6b-4b8a-939b-4e49787c7444"", ""labels"": [{""id"": ""0070cd3b-1dd7-48ee-9f29-b97266bf5afb"", ""value"": ""preferred terms"", ""language_id"": ""en"", ""list_item_id"": ""5f400d39-3b6b-4b8a-939b-4e49787c7444"", ""valuetype_id"": ""prefLabel""}], ""list_id"": ""80028d07-9c98-48cf-84db-f77bc01c8bbc""}]","[{""uri"": ""http://localhost:8000/plugins/controlled-list-manager/item/38729dbe-6d1c-48ce-bf47-e2a18945600e"", ""labels"": [{""id"": ""08a9b0bd-4713-4ea6-a829-66a64240e254"", ""value"": ""English (language)"", ""language_id"": ""en"", ""list_item_id"": ""38729dbe-6d1c-48ce-bf47-e2a18945600e"", ""valuetype_id"": ""prefLabel""}], ""list_id"": ""f7fc4f6d-fd46-4881-846f-4a08bc1a3fef""}]",3695cff8-d770-11ef-8f5d-0275dc2ded29
4e04d4a5-679d-433a-9617-6a9881d857bc,36956e50-d770-11ef-8f5d-0275dc2ded29,166c7b56-b36e-4cfa-9dc0-7d232f147d69,1,255e3318-b53e-4176-b372-3fe76d0b1596,"{""en"": {""value"": ""Schmincke / Kremer"", ""direction"": ""ltr""}}","[{""uri"": ""http://localhost:8000/plugins/controlled-list-manager/item/5f400d39-3b6b-4b8a-939b-4e49787c7444"", ""labels"": [{""id"": ""0070cd3b-1dd7-48ee-9f29-b97266bf5afb"", ""value"": ""preferred terms"", ""language_id"": ""en"", ""list_item_id"": ""5f400d39-3b6b-4b8a-939b-4e49787c7444"", ""valuetype_id"": ""prefLabel""}], ""list_id"": ""80028d07-9c98-48cf-84db-f77bc01c8bbc""}]","[{""uri"": ""http://localhost:8000/plugins/controlled-list-manager/item/38729dbe-6d1c-48ce-bf47-e2a18945600e"", ""labels"": [{""id"": ""08a9b0bd-4713-4ea6-a829-66a64240e254"", ""value"": ""English (language)"", ""language_id"": ""en"", ""list_item_id"": ""38729dbe-6d1c-48ce-bf47-e2a18945600e"", ""valuetype_id"": ""prefLabel""}], ""list_id"": ""f7fc4f6d-fd46-4881-846f-4a08bc1a3fef""}]",3695cff8-d770-11ef-8f5d-0275dc2ded29
80881f25-ebf4-4be6-a79b-321583d1ca57,36956e50-d770-11ef-8f5d-0275dc2ded29,166c7b56-b36e-4cfa-9dc0-7d232f147d69,1,47eb83b2-e95d-460f-a5a7-713eb54630b5,"{""en"": {""value"": ""Cachet"", ""direction"": ""ltr""}}","[{""uri"": ""http://localhost:8000/plugins/controlled-list-manager/item/5f400d39-3b6b-4b8a-939b-4e49787c7444"", ""labels"": [{""id"": ""0070cd3b-1dd7-48ee-9f29-b97266bf5afb"", ""value"": ""preferred terms"", ""language_id"": ""en"", ""list_item_id"": ""5f400d39-3b6b-4b8a-939b-4e49787c7444"", ""valuetype_id"": ""prefLabel""}], ""list_id"": ""80028d07-9c98-48cf-84db-f77bc01c8bbc""}]","[{""uri"": ""http://localhost:8000/plugins/controlled-list-manager/item/38729dbe-6d1c-48ce-bf47-e2a18945600e"", ""labels"": [{""id"": ""08a9b0bd-4713-4ea6-a829-66a64240e254"", ""value"": ""English (language)"", ""language_id"": ""en"", ""list_item_id"": ""38729dbe-6d1c-48ce-bf47-e2a18945600e"", ""valuetype_id"": ""prefLabel""}], ""list_id"": ""f7fc4f6d-fd46-4881-846f-4a08bc1a3fef""}]",3695cff8-d770-11ef-8f5d-0275dc2ded29
ab210f06-5d3d-4e21-a18d-a2e96bd93391,36956e50-d770-11ef-8f5d-0275dc2ded29,166c7b56-b36e-4cfa-9dc0-7d232f147d69,1,e68237e2-48ef-42a8-bf7e-641fdaed30b3,"{""en"": {""value"": ""J. Komsky"", ""direction"": ""ltr""}}","[{""uri"": ""http://localhost:8000/plugins/controlled-list-manager/item/5f400d39-3b6b-4b8a-939b-4e49787c7444"", ""labels"": [{""id"": ""0070cd3b-1dd7-48ee-9f29-b97266bf5afb"", ""value"": ""preferred terms"", ""language_id"": ""en"", ""list_item_id"": ""5f400d39-3b6b-4b8a-939b-4e49787c7444"", ""valuetype_id"": ""prefLabel""}], ""list_id"": ""80028d07-9c98-48cf-84db-f77bc01c8bbc""}]","[{""uri"": ""http://localhost:8000/plugins/controlled-list-manager/item/38729dbe-6d1c-48ce-bf47-e2a18945600e"", ""labels"": [{""id"": ""08a9b0bd-4713-4ea6-a829-66a64240e254"", ""value"": ""English (language)"", ""language_id"": ""en"", ""list_item_id"": ""38729dbe-6d1c-48ce-bf47-e2a18945600e"", ""valuetype_id"": ""prefLabel""}], ""list_id"": ""f7fc4f6d-fd46-4881-846f-4a08bc1a3fef""}]",3695cff8-d770-11ef-8f5d-0275dc2ded29
f0a43b47-26d3-4418-a88b-5391dad51b04,36956e50-d770-11ef-8f5d-0275dc2ded29,166c7b56-b36e-4cfa-9dc0-7d232f147d69,1,7222b351-d4a3-45d2-a65b-69f898a8fcb2,"{""en"": {""value"": ""3M"", ""direction"": ""ltr""}}","[{""uri"": ""http://localhost:8000/plugins/controlled-list-manager/item/5f400d39-3b6b-4b8a-939b-4e49787c7444"", ""labels"": [{""id"": ""0070cd3b-1dd7-48ee-9f29-b97266bf5afb"", ""value"": ""preferred terms"", ""language_id"": ""en"", ""list_item_id"": ""5f400d39-3b6b-4b8a-939b-4e49787c7444"", ""valuetype_id"": ""prefLabel""}], ""list_id"": ""80028d07-9c98-48cf-84db-f77bc01c8bbc""}]","[{""uri"": ""http://localhost:8000/plugins/controlled-list-manager/item/38729dbe-6d1c-48ce-bf47-e2a18945600e"", ""labels"": [{""id"": ""08a9b0bd-4713-4ea6-a829-66a64240e254"", ""value"": ""English (language)"", ""language_id"": ""en"", ""list_item_id"": ""38729dbe-6d1c-48ce-bf47-e2a18945600e"", ""valuetype_id"": ""prefLabel""}], ""list_id"": ""f7fc4f6d-fd46-4881-846f-4a08bc1a3fef""}]",3695cff8-d770-11ef-8f5d-0275dc2ded29
801772c9-50b9-4090-b2b3-63c84d75135c,36956e50-d770-11ef-8f5d-0275dc2ded29,166c7b56-b36e-4cfa-9dc0-7d232f147d69,1,0ae46a0d-2a60-406b-a21a-08d376015686,"{""en"": {""value"": ""Ashley's Art"", ""direction"": ""ltr""}}","[{""uri"": ""http://localhost:8000/plugins/controlled-list-manager/item/5f400d39-3b6b-4b8a-939b-4e49787c7444"", ""labels"": [{""id"": ""0070cd3b-1dd7-48ee-9f29-b97266bf5afb"", ""value"": ""preferred terms"", ""language_id"": ""en"", ""list_item_id"": ""5f400d39-3b6b-4b8a-939b-4e49787c7444"", ""valuetype_id"": ""prefLabel""}], ""list_id"": ""80028d07-9c98-48cf-84db-f77bc01c8bbc""}]","[{""uri"": ""http://localhost:8000/plugins/controlled-list-manager/item/38729dbe-6d1c-48ce-bf47-e2a18945600e"", ""labels"": [{""id"": ""08a9b0bd-4713-4ea6-a829-66a64240e254"", ""value"": ""English (language)"", ""language_id"": ""en"", ""list_item_id"": ""38729dbe-6d1c-48ce-bf47-e2a18945600e"", ""valuetype_id"": ""prefLabel""}], ""list_id"": ""f7fc4f6d-fd46-4881-846f-4a08bc1a3fef""}]",3695cff8-d770-11ef-8f5d-0275dc2ded29
3b20f22f-e70a-4420-9588-bbe2a460c70d,36956e50-d770-11ef-8f5d-0275dc2ded29,166c7b56-b36e-4cfa-9dc0-7d232f147d69,1,17d1e649-2144-4885-835c-05f954d287dc,"{""en"": {""value"": ""Omega"", ""direction"": ""ltr""}}","[{""uri"": ""http://localhost:8000/plugins/controlled-list-manager/item/5f400d39-3b6b-4b8a-939b-4e49787c7444"", ""labels"": [{""id"": ""0070cd3b-1dd7-48ee-9f29-b97266bf5afb"", ""value"": ""preferred terms"", ""language_id"": ""en"", ""list_item_id"": ""5f400d39-3b6b-4b8a-939b-4e49787c7444"", ""valuetype_id"": ""prefLabel""}], ""list_id"": ""80028d07-9c98-48cf-84db-f77bc01c8bbc""}]","[{""uri"": ""http://localhost:8000/plugins/controlled-list-manager/item/38729dbe-6d1c-48ce-bf47-e2a18945600e"", ""labels"": [{""id"": ""08a9b0bd-4713-4ea6-a829-66a64240e254"", ""value"": ""English (language)"", ""language_id"": ""en"", ""list_item_id"": ""38729dbe-6d1c-48ce-bf47-e2a18945600e"", ""valuetype_id"": ""prefLabel""}], ""list_id"": ""f7fc4f6d-fd46-4881-846f-4a08bc1a3fef""}]",3695cff8-d770-11ef-8f5d-0275dc2ded29
673a45e7-4ed4-4f0d-bde3-c71b079e3ca6,36956e50-d770-11ef-8f5d-0275dc2ded29,166c7b56-b36e-4cfa-9dc0-7d232f147d69,1,06dbf918-3787-4595-89e1-5506cc8f4b29,"{""en"": {""value"": ""Sté des Produits Chimiques"", ""direction"": ""ltr""}}","[{""uri"": ""http://localhost:8000/plugins/controlled-list-manager/item/5f400d39-3b6b-4b8a-939b-4e49787c7444"", ""labels"": [{""id"": ""0070cd3b-1dd7-48ee-9f29-b97266bf5afb"", ""value"": ""preferred terms"", ""language_id"": ""en"", ""list_item_id"": ""5f400d39-3b6b-4b8a-939b-4e49787c7444"", ""valuetype_id"": ""prefLabel""}], ""list_id"": ""80028d07-9c98-48cf-84db-f77bc01c8bbc""}]","[{""uri"": ""http://localhost:8000/plugins/controlled-list-manager/item/38729dbe-6d1c-48ce-bf47-e2a18945600e"", ""labels"": [{""id"": ""08a9b0bd-4713-4ea6-a829-66a64240e254"", ""value"": ""English (language)"", ""language_id"": ""en"", ""list_item_id"": ""38729dbe-6d1c-48ce-bf47-e2a18945600e"", ""valuetype_id"": ""prefLabel""}], ""list_id"": ""f7fc4f6d-fd46-4881-846f-4a08bc1a3fef""}]",3695cff8-d770-11ef-8f5d-0275dc2ded29
afe4be8a-622f-4fe9-bb85-9bf5c90dd8be,36956e50-d770-11ef-8f5d-0275dc2ded29,166c7b56-b36e-4cfa-9dc0-7d232f147d69,1,f42ef7aa-fd38-4257-bf0d-f8c68ec9c2bb,"{""en"": {""value"": ""Picreator Renaissance Products"", ""direction"": ""ltr""}}","[{""uri"": ""http://localhost:8000/plugins/controlled-list-manager/item/5f400d39-3b6b-4b8a-939b-4e49787c7444"", ""labels"": [{""id"": ""0070cd3b-1dd7-48ee-9f29-b97266bf5afb"", ""value"": ""preferred terms"", ""language_id"": ""en"", ""list_item_id"": ""5f400d39-3b6b-4b8a-939b-4e49787c7444"", ""valuetype_id"": ""prefLabel""}], ""list_id"": ""80028d07-9c98-48cf-84db-f77bc01c8bbc""}]","[{""uri"": ""http://localhost:8000/plugins/controlled-list-manager/item/38729dbe-6d1c-48ce-bf47-e2a18945600e"", ""labels"": [{""id"": ""08a9b0bd-4713-4ea6-a829-66a64240e254"", ""value"": ""English (language)"", ""language_id"": ""en"", ""list_item_id"": ""38729dbe-6d1c-48ce-bf47-e2a18945600e"", ""valuetype_id"": ""prefLabel""}], ""list_id"": ""f7fc4f6d-fd46-4881-846f-4a08bc1a3fef""}]",3695cff8-d770-11ef-8f5d-0275dc2ded29
d8916a37-dd7d-4daa-b69f-9a7d963f41b6,36956e50-d770-11ef-8f5d-0275dc2ded29,166c7b56-b36e-4cfa-9dc0-7d232f147d69,1,750399b9-f47a-4ba6-bec7-603fc6297de1,"{""en"": {""value"": ""Ruth Norton"", ""direction"": ""ltr""}}","[{""uri"": ""http://localhost:8000/plugins/controlled-list-manager/item/5f400d39-3b6b-4b8a-939b-4e49787c7444"", ""labels"": [{""id"": ""0070cd3b-1dd7-48ee-9f29-b97266bf5afb"", ""value"": ""preferred terms"", ""language_id"": ""en"", ""list_item_id"": ""5f400d39-3b6b-4b8a-939b-4e49787c7444"", ""valuetype_id"": ""prefLabel""}], ""list_id"": ""80028d07-9c98-48cf-84db-f77bc01c8bbc""}]","[{""uri"": ""http://localhost:8000/plugins/controlled-list-manager/item/38729dbe-6d1c-48ce-bf47-e2a18945600e"", ""labels"": [{""id"": ""08a9b0bd-4713-4ea6-a829-66a64240e254"", ""value"": ""English (language)"", ""language_id"": ""en"", ""list_item_id"": ""38729dbe-6d1c-48ce-bf47-e2a18945600e"", ""valuetype_id"": ""prefLabel""}], ""list_id"": ""f7fc4f6d-fd46-4881-846f-4a08bc1a3fef""}]",3695cff8-d770-11ef-8f5d-0275dc2ded29
e997bf13-5da2-401a-b5f1-61a3591556df,36956e50-d770-11ef-8f5d-0275dc2ded29,166c7b56-b36e-4cfa-9dc0-7d232f147d69,1,9fa4a642-597c-47f3-8a7b-4feb9e31975d,"{""en"": {""value"": ""Schachinger"", ""direction"": ""ltr""}}","[{""uri"": ""http://localhost:8000/plugins/controlled-list-manager/item/5f400d39-3b6b-4b8a-939b-4e49787c7444"", ""labels"": [{""id"": ""0070cd3b-1dd7-48ee-9f29-b97266bf5afb"", ""value"": ""preferred terms"", ""language_id"": ""en"", ""list_item_id"": ""5f400d39-3b6b-4b8a-939b-4e49787c7444"", ""valuetype_id"": ""prefLabel""}], ""list_id"": ""80028d07-9c98-48cf-84db-f77bc01c8bbc""}]","[{""uri"": ""http://localhost:8000/plugins/controlled-list-manager/item/38729dbe-6d1c-48ce-bf47-e2a18945600e"", ""labels"": [{""id"": ""08a9b0bd-4713-4ea6-a829-66a64240e254"", ""value"": ""English (language)"", ""language_id"": ""en"", ""list_item_id"": ""38729dbe-6d1c-48ce-bf47-e2a18945600e"", ""valuetype_id"": ""prefLabel""}], ""list_id"": ""f7fc4f6d-fd46-4881-846f-4a08bc1a3fef""}]",3695cff8-d770-11ef-8f5d-0275dc2ded29
778ffc15-2829-4d70-8577-8e3f600dd529,36956e50-d770-11ef-8f5d-0275dc2ded29,166c7b56-b36e-4cfa-9dc0-7d232f147d69,1,b524ae43-4b8e-45bd-b272-a0354bef5759,"{""en"": {""value"": ""A. Portman; (Imported by: Seed and Feeder Co.)"", ""direction"": ""ltr""}}","[{""uri"": ""http://localhost:8000/plugins/controlled-list-manager/item/5f400d39-3b6b-4b8a-939b-4e49787c7444"", ""labels"": [{""id"": ""0070cd3b-1dd7-48ee-9f29-b97266bf5afb"", ""value"": ""preferred terms"", ""language_id"": ""en"", ""list_item_id"": ""5f400d39-3b6b-4b8a-939b-4e49787c7444"", ""valuetype_id"": ""prefLabel""}], ""list_id"": ""80028d07-9c98-48cf-84db-f77bc01c8bbc""}]","[{""uri"": ""http://localhost:8000/plugins/controlled-list-manager/item/38729dbe-6d1c-48ce-bf47-e2a18945600e"", ""labels"": [{""id"": ""08a9b0bd-4713-4ea6-a829-66a64240e254"", ""value"": ""English (language)"", ""language_id"": ""en"", ""list_item_id"": ""38729dbe-6d1c-48ce-bf47-e2a18945600e"", ""valuetype_id"": ""prefLabel""}], ""list_id"": ""f7fc4f6d-fd46-4881-846f-4a08bc1a3fef""}]",3695cff8-d770-11ef-8f5d-0275dc2ded29
95a5d13a-21cd-4e30-99bb-063fe69b47ed,36956e50-d770-11ef-8f5d-0275dc2ded29,166c7b56-b36e-4cfa-9dc0-7d232f147d69,1,95ef681c-ea91-4a76-aea2-ea9eaecbe13c,"{""en"": {""value"": ""Bergger S.A."", ""direction"": ""ltr""}}","[{""uri"": ""http://localhost:8000/plugins/controlled-list-manager/item/5f400d39-3b6b-4b8a-939b-4e49787c7444"", ""labels"": [{""id"": ""0070cd3b-1dd7-48ee-9f29-b97266bf5afb"", ""value"": ""preferred terms"", ""language_id"": ""en"", ""list_item_id"": ""5f400d39-3b6b-4b8a-939b-4e49787c7444"", ""valuetype_id"": ""prefLabel""}], ""list_id"": ""80028d07-9c98-48cf-84db-f77bc01c8bbc""}]","[{""uri"": ""http://localhost:8000/plugins/controlled-list-manager/item/38729dbe-6d1c-48ce-bf47-e2a18945600e"", ""labels"": [{""id"": ""08a9b0bd-4713-4ea6-a829-66a64240e254"", ""value"": ""English (language)"", ""language_id"": ""en"", ""list_item_id"": ""38729dbe-6d1c-48ce-bf47-e2a18945600e"", ""valuetype_id"": ""prefLabel""}], ""list_id"": ""f7fc4f6d-fd46-4881-846f-4a08bc1a3fef""}]",3695cff8-d770-11ef-8f5d-0275dc2ded29
dbcb84f0-b25c-405f-938a-bc3fa3df07e0,36956e50-d770-11ef-8f5d-0275dc2ded29,166c7b56-b36e-4cfa-9dc0-7d232f147d69,1,1d3c45b0-163f-4b82-a143-6249c616bbfb,"{""en"": {""value"": ""H. Schweppe"", ""direction"": ""ltr""}}","[{""uri"": ""http://localhost:8000/plugins/controlled-list-manager/item/5f400d39-3b6b-4b8a-939b-4e49787c7444"", ""labels"": [{""id"": ""0070cd3b-1dd7-48ee-9f29-b97266bf5afb"", ""value"": ""preferred terms"", ""language_id"": ""en"", ""list_item_id"": ""5f400d39-3b6b-4b8a-939b-4e49787c7444"", ""valuetype_id"": ""prefLabel""}], ""list_id"": ""80028d07-9c98-48cf-84db-f77bc01c8bbc""}]","[{""uri"": ""http://localhost:8000/plugins/controlled-list-manager/item/38729dbe-6d1c-48ce-bf47-e2a18945600e"", ""labels"": [{""id"": ""08a9b0bd-4713-4ea6-a829-66a64240e254"", ""value"": ""English (language)"", ""language_id"": ""en"", ""list_item_id"": ""38729dbe-6d1c-48ce-bf47-e2a18945600e"", ""valuetype_id"": ""prefLabel""}], ""list_id"": ""f7fc4f6d-fd46-4881-846f-4a08bc1a3fef""}]",3695cff8-d770-11ef-8f5d-0275dc2ded29
e00baddf-66e9-4e10-8152-1847e0541be9,36956e50-d770-11ef-8f5d-0275dc2ded29,166c7b56-b36e-4cfa-9dc0-7d232f147d69,1,f798c059-44af-420c-9ec8-2469e6d3ca84,"{""en"": {""value"": ""A. Prouss"", ""direction"": ""ltr""}}","[{""uri"": ""http://localhost:8000/plugins/controlled-list-manager/item/5f400d39-3b6b-4b8a-939b-4e49787c7444"", ""labels"": [{""id"": ""0070cd3b-1dd7-48ee-9f29-b97266bf5afb"", ""value"": ""preferred terms"", ""language_id"": ""en"", ""list_item_id"": ""5f400d39-3b6b-4b8a-939b-4e49787c7444"", ""valuetype_id"": ""prefLabel""}], ""list_id"": ""80028d07-9c98-48cf-84db-f77bc01c8bbc""}]","[{""uri"": ""http://localhost:8000/plugins/controlled-list-manager/item/38729dbe-6d1c-48ce-bf47-e2a18945600e"", ""labels"": [{""id"": ""08a9b0bd-4713-4ea6-a829-66a64240e254"", ""value"": ""English (language)"", ""language_id"": ""en"", ""list_item_id"": ""38729dbe-6d1c-48ce-bf47-e2a18945600e"", ""valuetype_id"": ""prefLabel""}], ""list_id"": ""f7fc4f6d-fd46-4881-846f-4a08bc1a3fef""}]",3695cff8-d770-11ef-8f5d-0275dc2ded29
d7c00363-5985-4a33-a90f-aaffb572a7de,36956e50-d770-11ef-8f5d-0275dc2ded29,166c7b56-b36e-4cfa-9dc0-7d232f147d69,1,25152f19-f8f1-4c37-8a53-9a97c9afe1b9,"{""en"": {""value"": ""Qld. Department of Forestry"", ""direction"": ""ltr""}}","[{""uri"": ""http://localhost:8000/plugins/controlled-list-manager/item/5f400d39-3b6b-4b8a-939b-4e49787c7444"", ""labels"": [{""id"": ""0070cd3b-1dd7-48ee-9f29-b97266bf5afb"", ""value"": ""preferred terms"", ""language_id"": ""en"", ""list_item_id"": ""5f400d39-3b6b-4b8a-939b-4e49787c7444"", ""valuetype_id"": ""prefLabel""}], ""list_id"": ""80028d07-9c98-48cf-84db-f77bc01c8bbc""}]","[{""uri"": ""http://localhost:8000/plugins/controlled-list-manager/item/38729dbe-6d1c-48ce-bf47-e2a18945600e"", ""labels"": [{""id"": ""08a9b0bd-4713-4ea6-a829-66a64240e254"", ""value"": ""English (language)"", ""language_id"": ""en"", ""list_item_id"": ""38729dbe-6d1c-48ce-bf47-e2a18945600e"", ""valuetype_id"": ""prefLabel""}], ""list_id"": ""f7fc4f6d-fd46-4881-846f-4a08bc1a3fef""}]",3695cff8-d770-11ef-8f5d-0275dc2ded29
3de33c11-57d2-473c-8d59-db4c47383a4b,36956e50-d770-11ef-8f5d-0275dc2ded29,166c7b56-b36e-4cfa-9dc0-7d232f147d69,1,7a2471fd-4ee7-4706-843f-8b0d1264c81c,"{""en"": {""value"": ""KKK"", ""direction"": ""ltr""}}","[{""uri"": ""http://localhost:8000/plugins/controlled-list-manager/item/5f400d39-3b6b-4b8a-939b-4e49787c7444"", ""labels"": [{""id"": ""0070cd3b-1dd7-48ee-9f29-b97266bf5afb"", ""value"": ""preferred terms"", ""language_id"": ""en"", ""list_item_id"": ""5f400d39-3b6b-4b8a-939b-4e49787c7444"", ""valuetype_id"": ""prefLabel""}], ""list_id"": ""80028d07-9c98-48cf-84db-f77bc01c8bbc""}]","[{""uri"": ""http://localhost:8000/plugins/controlled-list-manager/item/38729dbe-6d1c-48ce-bf47-e2a18945600e"", ""labels"": [{""id"": ""08a9b0bd-4713-4ea6-a829-66a64240e254"", ""value"": ""English (language)"", ""language_id"": ""en"", ""list_item_id"": ""38729dbe-6d1c-48ce-bf47-e2a18945600e"", ""valuetype_id"": ""prefLabel""}], ""list_id"": ""f7fc4f6d-fd46-4881-846f-4a08bc1a3fef""}]",3695cff8-d770-11ef-8f5d-0275dc2ded29
8f38dff5-0b2c-46f2-86fd-53d5b3b8c254,36956e50-d770-11ef-8f5d-0275dc2ded29,166c7b56-b36e-4cfa-9dc0-7d232f147d69,1,b27013eb-2931-4ca0-8a19-070e292953e0,"{""en"": {""value"": ""Agfa Ansco"", ""direction"": ""ltr""}}","[{""uri"": ""http://localhost:8000/plugins/controlled-list-manager/item/5f400d39-3b6b-4b8a-939b-4e49787c7444"", ""labels"": [{""id"": ""0070cd3b-1dd7-48ee-9f29-b97266bf5afb"", ""value"": ""preferred terms"", ""language_id"": ""en"", ""list_item_id"": ""5f400d39-3b6b-4b8a-939b-4e49787c7444"", ""valuetype_id"": ""prefLabel""}], ""list_id"": ""80028d07-9c98-48cf-84db-f77bc01c8bbc""}]","[{""uri"": ""http://localhost:8000/plugins/controlled-list-manager/item/38729dbe-6d1c-48ce-bf47-e2a18945600e"", ""labels"": [{""id"": ""08a9b0bd-4713-4ea6-a829-66a64240e254"", ""value"": ""English (language)"", ""language_id"": ""en"", ""list_item_id"": ""38729dbe-6d1c-48ce-bf47-e2a18945600e"", ""valuetype_id"": ""prefLabel""}], ""list_id"": ""f7fc4f6d-fd46-4881-846f-4a08bc1a3fef""}]",3695cff8-d770-11ef-8f5d-0275dc2ded29
3072a69d-515a-46d5-9724-8377f78622a9,36956e50-d770-11ef-8f5d-0275dc2ded29,166c7b56-b36e-4cfa-9dc0-7d232f147d69,1,a4a5253d-4541-4649-b5bd-f626b323913c,"{""en"": {""value"": ""R. Guilleminot"", ""direction"": ""ltr""}}","[{""uri"": ""http://localhost:8000/plugins/controlled-list-manager/item/5f400d39-3b6b-4b8a-939b-4e49787c7444"", ""labels"": [{""id"": ""0070cd3b-1dd7-48ee-9f29-b97266bf5afb"", ""value"": ""preferred terms"", ""language_id"": ""en"", ""list_item_id"": ""5f400d39-3b6b-4b8a-939b-4e49787c7444"", ""valuetype_id"": ""prefLabel""}], ""list_id"": ""80028d07-9c98-48cf-84db-f77bc01c8bbc""}]","[{""uri"": ""http://localhost:8000/plugins/controlled-list-manager/item/38729dbe-6d1c-48ce-bf47-e2a18945600e"", ""labels"": [{""id"": ""08a9b0bd-4713-4ea6-a829-66a64240e254"", ""value"": ""English (language)"", ""language_id"": ""en"", ""list_item_id"": ""38729dbe-6d1c-48ce-bf47-e2a18945600e"", ""valuetype_id"": ""prefLabel""}], ""list_id"": ""f7fc4f6d-fd46-4881-846f-4a08bc1a3fef""}]",3695cff8-d770-11ef-8f5d-0275dc2ded29
48a3e068-78f8-44fa-beb7-7b279a65586f,36956e50-d770-11ef-8f5d-0275dc2ded29,166c7b56-b36e-4cfa-9dc0-7d232f147d69,1,1ff21b2d-58cb-4be6-97f8-24d3a77a3f23,"{""en"": {""value"": ""Bodson & Nelis"", ""direction"": ""ltr""}}","[{""uri"": ""http://localhost:8000/plugins/controlled-list-manager/item/5f400d39-3b6b-4b8a-939b-4e49787c7444"", ""labels"": [{""id"": ""0070cd3b-1dd7-48ee-9f29-b97266bf5afb"", ""value"": ""preferred terms"", ""language_id"": ""en"", ""list_item_id"": ""5f400d39-3b6b-4b8a-939b-4e49787c7444"", ""valuetype_id"": ""prefLabel""}], ""list_id"": ""80028d07-9c98-48cf-84db-f77bc01c8bbc""}]","[{""uri"": ""http://localhost:8000/plugins/controlled-list-manager/item/38729dbe-6d1c-48ce-bf47-e2a18945600e"", ""labels"": [{""id"": ""08a9b0bd-4713-4ea6-a829-66a64240e254"", ""value"": ""English (language)"", ""language_id"": ""en"", ""list_item_id"": ""38729dbe-6d1c-48ce-bf47-e2a18945600e"", ""valuetype_id"": ""prefLabel""}], ""list_id"": ""f7fc4f6d-fd46-4881-846f-4a08bc1a3fef""}]",3695cff8-d770-11ef-8f5d-0275dc2ded29
9e023415-7e55-4b0a-bdf4-59319e2ab686,36956e50-d770-11ef-8f5d-0275dc2ded29,166c7b56-b36e-4cfa-9dc0-7d232f147d69,1,d7834f98-d04c-4982-92a1-e9363dbb539b,"{""en"": {""value"": ""Gama"", ""direction"": ""ltr""}}","[{""uri"": ""http://localhost:8000/plugins/controlled-list-manager/item/5f400d39-3b6b-4b8a-939b-4e49787c7444"", ""labels"": [{""id"": ""0070cd3b-1dd7-48ee-9f29-b97266bf5afb"", ""value"": ""preferred terms"", ""language_id"": ""en"", ""list_item_id"": ""5f400d39-3b6b-4b8a-939b-4e49787c7444"", ""valuetype_id"": ""prefLabel""}], ""list_id"": ""80028d07-9c98-48cf-84db-f77bc01c8bbc""}]","[{""uri"": ""http://localhost:8000/plugins/controlled-list-manager/item/38729dbe-6d1c-48ce-bf47-e2a18945600e"", ""labels"": [{""id"": ""08a9b0bd-4713-4ea6-a829-66a64240e254"", ""value"": ""English (language)"", ""language_id"": ""en"", ""list_item_id"": ""38729dbe-6d1c-48ce-bf47-e2a18945600e"", ""valuetype_id"": ""prefLabel""}], ""list_id"": ""f7fc4f6d-fd46-4881-846f-4a08bc1a3fef""}]",3695cff8-d770-11ef-8f5d-0275dc2ded29
6f2fe665-a4b8-4f35-bc92-68bd548f4eb6,36956e50-d770-11ef-8f5d-0275dc2ded29,166c7b56-b36e-4cfa-9dc0-7d232f147d69,1,45c45471-f54b-49a3-9bfb-e9950048a5f2,"{""en"": {""value"": ""Orwo"", ""direction"": ""ltr""}}","[{""uri"": ""http://localhost:8000/plugins/controlled-list-manager/item/5f400d39-3b6b-4b8a-939b-4e49787c7444"", ""labels"": [{""id"": ""0070cd3b-1dd7-48ee-9f29-b97266bf5afb"", ""value"": ""preferred terms"", ""language_id"": ""en"", ""list_item_id"": ""5f400d39-3b6b-4b8a-939b-4e49787c7444"", ""valuetype_id"": ""prefLabel""}], ""list_id"": ""80028d07-9c98-48cf-84db-f77bc01c8bbc""}]","[{""uri"": ""http://localhost:8000/plugins/controlled-list-manager/item/38729dbe-6d1c-48ce-bf47-e2a18945600e"", ""labels"": [{""id"": ""08a9b0bd-4713-4ea6-a829-66a64240e254"", ""value"": ""English (language)"", ""language_id"": ""en"", ""list_item_id"": ""38729dbe-6d1c-48ce-bf47-e2a18945600e"", ""valuetype_id"": ""prefLabel""}], ""list_id"": ""f7fc4f6d-fd46-4881-846f-4a08bc1a3fef""}]",3695cff8-d770-11ef-8f5d-0275dc2ded29
dd777075-3974-4161-84f3-c702c6ba0f0e,36956e50-d770-11ef-8f5d-0275dc2ded29,166c7b56-b36e-4cfa-9dc0-7d232f147d69,1,6d7d7c59-7eb1-4963-ad2c-b64c7f0fd35c,"{""en"": {""value"": ""Yasutomo"", ""direction"": ""ltr""}}","[{""uri"": ""http://localhost:8000/plugins/controlled-list-manager/item/5f400d39-3b6b-4b8a-939b-4e49787c7444"", ""labels"": [{""id"": ""0070cd3b-1dd7-48ee-9f29-b97266bf5afb"", ""value"": ""preferred terms"", ""language_id"": ""en"", ""list_item_id"": ""5f400d39-3b6b-4b8a-939b-4e49787c7444"", ""valuetype_id"": ""prefLabel""}], ""list_id"": ""80028d07-9c98-48cf-84db-f77bc01c8bbc""}]","[{""uri"": ""http://localhost:8000/plugins/controlled-list-manager/item/38729dbe-6d1c-48ce-bf47-e2a18945600e"", ""labels"": [{""id"": ""08a9b0bd-4713-4ea6-a829-66a64240e254"", ""value"": ""English (language)"", ""language_id"": ""en"", ""list_item_id"": ""38729dbe-6d1c-48ce-bf47-e2a18945600e"", ""valuetype_id"": ""prefLabel""}], ""list_id"": ""f7fc4f6d-fd46-4881-846f-4a08bc1a3fef""}]",3695cff8-d770-11ef-8f5d-0275dc2ded29
d1e341fb-ada1-438e-83bc-1fdffc6483fc,36956e50-d770-11ef-8f5d-0275dc2ded29,166c7b56-b36e-4cfa-9dc0-7d232f147d69,1,a8adee70-6dda-4e3d-82c7-948c4635b3ee,"{""en"": {""value"": ""Pearl Art and Craft Supply"", ""direction"": ""ltr""}}","[{""uri"": ""http://localhost:8000/plugins/controlled-list-manager/item/5f400d39-3b6b-4b8a-939b-4e49787c7444"", ""labels"": [{""id"": ""0070cd3b-1dd7-48ee-9f29-b97266bf5afb"", ""value"": ""preferred terms"", ""language_id"": ""en"", ""list_item_id"": ""5f400d39-3b6b-4b8a-939b-4e49787c7444"", ""valuetype_id"": ""prefLabel""}], ""list_id"": ""80028d07-9c98-48cf-84db-f77bc01c8bbc""}]","[{""uri"": ""http://localhost:8000/plugins/controlled-list-manager/item/38729dbe-6d1c-48ce-bf47-e2a18945600e"", ""labels"": [{""id"": ""08a9b0bd-4713-4ea6-a829-66a64240e254"", ""value"": ""English (language)"", ""language_id"": ""en"", ""list_item_id"": ""38729dbe-6d1c-48ce-bf47-e2a18945600e"", ""valuetype_id"": ""prefLabel""}], ""list_id"": ""f7fc4f6d-fd46-4881-846f-4a08bc1a3fef""}]",3695cff8-d770-11ef-8f5d-0275dc2ded29
c2fcd1ad-10f8-4e6f-9fdc-6b3fb06b0881,36956e50-d770-11ef-8f5d-0275dc2ded29,166c7b56-b36e-4cfa-9dc0-7d232f147d69,1,e0020982-0c39-4649-94a1-6414941d60b1,"{""en"": {""value"": ""Beecham Products"", ""direction"": ""ltr""}}","[{""uri"": ""http://localhost:8000/plugins/controlled-list-manager/item/5f400d39-3b6b-4b8a-939b-4e49787c7444"", ""labels"": [{""id"": ""0070cd3b-1dd7-48ee-9f29-b97266bf5afb"", ""value"": ""preferred terms"", ""language_id"": ""en"", ""list_item_id"": ""5f400d39-3b6b-4b8a-939b-4e49787c7444"", ""valuetype_id"": ""prefLabel""}], ""list_id"": ""80028d07-9c98-48cf-84db-f77bc01c8bbc""}]","[{""uri"": ""http://localhost:8000/plugins/controlled-list-manager/item/38729dbe-6d1c-48ce-bf47-e2a18945600e"", ""labels"": [{""id"": ""08a9b0bd-4713-4ea6-a829-66a64240e254"", ""value"": ""English (language)"", ""language_id"": ""en"", ""list_item_id"": ""38729dbe-6d1c-48ce-bf47-e2a18945600e"", ""valuetype_id"": ""prefLabel""}], ""list_id"": ""f7fc4f6d-fd46-4881-846f-4a08bc1a3fef""}]",3695cff8-d770-11ef-8f5d-0275dc2ded29
2dad99b7-ce97-4f2e-a43e-2f8c8cf1d7ef,36956e50-d770-11ef-8f5d-0275dc2ded29,166c7b56-b36e-4cfa-9dc0-7d232f147d69,1,676fecd9-8be9-4745-8ca4-f49640139552,"{""en"": {""value"": ""Shiva, Inc."", ""direction"": ""ltr""}}","[{""uri"": ""http://localhost:8000/plugins/controlled-list-manager/item/5f400d39-3b6b-4b8a-939b-4e49787c7444"", ""labels"": [{""id"": ""0070cd3b-1dd7-48ee-9f29-b97266bf5afb"", ""value"": ""preferred terms"", ""language_id"": ""en"", ""list_item_id"": ""5f400d39-3b6b-4b8a-939b-4e49787c7444"", ""valuetype_id"": ""prefLabel""}], ""list_id"": ""80028d07-9c98-48cf-84db-f77bc01c8bbc""}]","[{""uri"": ""http://localhost:8000/plugins/controlled-list-manager/item/38729dbe-6d1c-48ce-bf47-e2a18945600e"", ""labels"": [{""id"": ""08a9b0bd-4713-4ea6-a829-66a64240e254"", ""value"": ""English (language)"", ""language_id"": ""en"", ""list_item_id"": ""38729dbe-6d1c-48ce-bf47-e2a18945600e"", ""valuetype_id"": ""prefLabel""}], ""list_id"": ""f7fc4f6d-fd46-4881-846f-4a08bc1a3fef""}]",3695cff8-d770-11ef-8f5d-0275dc2ded29
ce2cbc2b-b3f7-4e5e-b60e-7634505dd0a6,36956e50-d770-11ef-8f5d-0275dc2ded29,166c7b56-b36e-4cfa-9dc0-7d232f147d69,1,bd363d16-8dfc-41a0-9ac4-3e00bf5dc163,"{""en"": {""value"": ""Schilling"", ""direction"": ""ltr""}}","[{""uri"": ""http://localhost:8000/plugins/controlled-list-manager/item/5f400d39-3b6b-4b8a-939b-4e49787c7444"", ""labels"": [{""id"": ""0070cd3b-1dd7-48ee-9f29-b97266bf5afb"", ""value"": ""preferred terms"", ""language_id"": ""en"", ""list_item_id"": ""5f400d39-3b6b-4b8a-939b-4e49787c7444"", ""valuetype_id"": ""prefLabel""}], ""list_id"": ""80028d07-9c98-48cf-84db-f77bc01c8bbc""}]","[{""uri"": ""http://localhost:8000/plugins/controlled-list-manager/item/38729dbe-6d1c-48ce-bf47-e2a18945600e"", ""labels"": [{""id"": ""08a9b0bd-4713-4ea6-a829-66a64240e254"", ""value"": ""English (language)"", ""language_id"": ""en"", ""list_item_id"": ""38729dbe-6d1c-48ce-bf47-e2a18945600e"", ""valuetype_id"": ""prefLabel""}], ""list_id"": ""f7fc4f6d-fd46-4881-846f-4a08bc1a3fef""}]",3695cff8-d770-11ef-8f5d-0275dc2ded29
92007380-65b3-430f-98a4-2bd8c62c9b50,36956e50-d770-11ef-8f5d-0275dc2ded29,166c7b56-b36e-4cfa-9dc0-7d232f147d69,1,9a4a176f-e51c-4506-81b6-cc9e72107d32,"{""en"": {""value"": ""Speedball Art"", ""direction"": ""ltr""}}","[{""uri"": ""http://localhost:8000/plugins/controlled-list-manager/item/5f400d39-3b6b-4b8a-939b-4e49787c7444"", ""labels"": [{""id"": ""0070cd3b-1dd7-48ee-9f29-b97266bf5afb"", ""value"": ""preferred terms"", ""language_id"": ""en"", ""list_item_id"": ""5f400d39-3b6b-4b8a-939b-4e49787c7444"", ""valuetype_id"": ""prefLabel""}], ""list_id"": ""80028d07-9c98-48cf-84db-f77bc01c8bbc""}]","[{""uri"": ""http://localhost:8000/plugins/controlled-list-manager/item/38729dbe-6d1c-48ce-bf47-e2a18945600e"", ""labels"": [{""id"": ""08a9b0bd-4713-4ea6-a829-66a64240e254"", ""value"": ""English (language)"", ""language_id"": ""en"", ""list_item_id"": ""38729dbe-6d1c-48ce-bf47-e2a18945600e"", ""valuetype_id"": ""prefLabel""}], ""list_id"": ""f7fc4f6d-fd46-4881-846f-4a08bc1a3fef""}]",3695cff8-d770-11ef-8f5d-0275dc2ded29
926a3255-7480-49fc-b321-ed7545852399,36956e50-d770-11ef-8f5d-0275dc2ded29,166c7b56-b36e-4cfa-9dc0-7d232f147d69,1,864ec23d-764c-4730-8f28-061b67f430da,"{""en"": {""value"": ""Golden Artist Colors, Inc."", ""direction"": ""ltr""}}","[{""uri"": ""http://localhost:8000/plugins/controlled-list-manager/item/5f400d39-3b6b-4b8a-939b-4e49787c7444"", ""labels"": [{""id"": ""0070cd3b-1dd7-48ee-9f29-b97266bf5afb"", ""value"": ""preferred terms"", ""language_id"": ""en"", ""list_item_id"": ""5f400d39-3b6b-4b8a-939b-4e49787c7444"", ""valuetype_id"": ""prefLabel""}], ""list_id"": ""80028d07-9c98-48cf-84db-f77bc01c8bbc""}]","[{""uri"": ""http://localhost:8000/plugins/controlled-list-manager/item/38729dbe-6d1c-48ce-bf47-e2a18945600e"", ""labels"": [{""id"": ""08a9b0bd-4713-4ea6-a829-66a64240e254"", ""value"": ""English (language)"", ""language_id"": ""en"", ""list_item_id"": ""38729dbe-6d1c-48ce-bf47-e2a18945600e"", ""valuetype_id"": ""prefLabel""}], ""list_id"": ""f7fc4f6d-fd46-4881-846f-4a08bc1a3fef""}]",3695cff8-d770-11ef-8f5d-0275dc2ded29
23a6ac28-72d6-4719-bf34-aed040789810,36956e50-d770-11ef-8f5d-0275dc2ded29,166c7b56-b36e-4cfa-9dc0-7d232f147d69,1,9955bc23-fbbc-4012-b48b-58a62045c457,"{""en"": {""value"": ""MACO Photo Products"", ""direction"": ""ltr""}}","[{""uri"": ""http://localhost:8000/plugins/controlled-list-manager/item/5f400d39-3b6b-4b8a-939b-4e49787c7444"", ""labels"": [{""id"": ""0070cd3b-1dd7-48ee-9f29-b97266bf5afb"", ""value"": ""preferred terms"", ""language_id"": ""en"", ""list_item_id"": ""5f400d39-3b6b-4b8a-939b-4e49787c7444"", ""valuetype_id"": ""prefLabel""}], ""list_id"": ""80028d07-9c98-48cf-84db-f77bc01c8bbc""}]","[{""uri"": ""http://localhost:8000/plugins/controlled-list-manager/item/38729dbe-6d1c-48ce-bf47-e2a18945600e"", ""labels"": [{""id"": ""08a9b0bd-4713-4ea6-a829-66a64240e254"", ""value"": ""English (language)"", ""language_id"": ""en"", ""list_item_id"": ""38729dbe-6d1c-48ce-bf47-e2a18945600e"", ""valuetype_id"": ""prefLabel""}], ""list_id"": ""f7fc4f6d-fd46-4881-846f-4a08bc1a3fef""}]",3695cff8-d770-11ef-8f5d-0275dc2ded29
ea52aaa9-bb14-44e1-825b-38390c4d30e0,36956e50-d770-11ef-8f5d-0275dc2ded29,166c7b56-b36e-4cfa-9dc0-7d232f147d69,1,d95b643b-d157-4b2d-b2f4-3750b7f799ec,"{""en"": {""value"": ""Edmund Scientific Corp."", ""direction"": ""ltr""}}","[{""uri"": ""http://localhost:8000/plugins/controlled-list-manager/item/5f400d39-3b6b-4b8a-939b-4e49787c7444"", ""labels"": [{""id"": ""0070cd3b-1dd7-48ee-9f29-b97266bf5afb"", ""value"": ""preferred terms"", ""language_id"": ""en"", ""list_item_id"": ""5f400d39-3b6b-4b8a-939b-4e49787c7444"", ""valuetype_id"": ""prefLabel""}], ""list_id"": ""80028d07-9c98-48cf-84db-f77bc01c8bbc""}]","[{""uri"": ""http://localhost:8000/plugins/controlled-list-manager/item/38729dbe-6d1c-48ce-bf47-e2a18945600e"", ""labels"": [{""id"": ""08a9b0bd-4713-4ea6-a829-66a64240e254"", ""value"": ""English (language)"", ""language_id"": ""en"", ""list_item_id"": ""38729dbe-6d1c-48ce-bf47-e2a18945600e"", ""valuetype_id"": ""prefLabel""}], ""list_id"": ""f7fc4f6d-fd46-4881-846f-4a08bc1a3fef""}]",3695cff8-d770-11ef-8f5d-0275dc2ded29
648cfcf3-a5a7-4836-9457-45211342aaac,36956e50-d770-11ef-8f5d-0275dc2ded29,166c7b56-b36e-4cfa-9dc0-7d232f147d69,1,5a569eed-77c3-4958-ae25-3d2ec00cf204,"{""en"": {""value"": ""Kemtec"", ""direction"": ""ltr""}}","[{""uri"": ""http://localhost:8000/plugins/controlled-list-manager/item/5f400d39-3b6b-4b8a-939b-4e49787c7444"", ""labels"": [{""id"": ""0070cd3b-1dd7-48ee-9f29-b97266bf5afb"", ""value"": ""preferred terms"", ""language_id"": ""en"", ""list_item_id"": ""5f400d39-3b6b-4b8a-939b-4e49787c7444"", ""valuetype_id"": ""prefLabel""}], ""list_id"": ""80028d07-9c98-48cf-84db-f77bc01c8bbc""}]","[{""uri"": ""http://localhost:8000/plugins/controlled-list-manager/item/38729dbe-6d1c-48ce-bf47-e2a18945600e"", ""labels"": [{""id"": ""08a9b0bd-4713-4ea6-a829-66a64240e254"", ""value"": ""English (language)"", ""language_id"": ""en"", ""list_item_id"": ""38729dbe-6d1c-48ce-bf47-e2a18945600e"", ""valuetype_id"": ""prefLabel""}], ""list_id"": ""f7fc4f6d-fd46-4881-846f-4a08bc1a3fef""}]",3695cff8-d770-11ef-8f5d-0275dc2ded29
2058f71c-c1aa-4c68-96ce-135620e77c47,36956e50-d770-11ef-8f5d-0275dc2ded29,166c7b56-b36e-4cfa-9dc0-7d232f147d69,1,413b7985-c9d8-4a58-a3d8-f9f14ee21922,"{""en"": {""value"": ""Kodak"", ""direction"": ""ltr""}}","[{""uri"": ""http://localhost:8000/plugins/controlled-list-manager/item/5f400d39-3b6b-4b8a-939b-4e49787c7444"", ""labels"": [{""id"": ""0070cd3b-1dd7-48ee-9f29-b97266bf5afb"", ""value"": ""preferred terms"", ""language_id"": ""en"", ""list_item_id"": ""5f400d39-3b6b-4b8a-939b-4e49787c7444"", ""valuetype_id"": ""prefLabel""}], ""list_id"": ""80028d07-9c98-48cf-84db-f77bc01c8bbc""}]","[{""uri"": ""http://localhost:8000/plugins/controlled-list-manager/item/38729dbe-6d1c-48ce-bf47-e2a18945600e"", ""labels"": [{""id"": ""08a9b0bd-4713-4ea6-a829-66a64240e254"", ""value"": ""English (language)"", ""language_id"": ""en"", ""list_item_id"": ""38729dbe-6d1c-48ce-bf47-e2a18945600e"", ""valuetype_id"": ""prefLabel""}], ""list_id"": ""f7fc4f6d-fd46-4881-846f-4a08bc1a3fef""}]",3695cff8-d770-11ef-8f5d-0275dc2ded29
fd8eb938-e546-456c-8390-71847c9936b6,36956e50-d770-11ef-8f5d-0275dc2ded29,166c7b56-b36e-4cfa-9dc0-7d232f147d69,1,c1ce5c57-fc78-4e73-9d37-db1b80dd0c24,"{""en"": {""value"": ""Luminos Imaging"", ""direction"": ""ltr""}}","[{""uri"": ""http://localhost:8000/plugins/controlled-list-manager/item/5f400d39-3b6b-4b8a-939b-4e49787c7444"", ""labels"": [{""id"": ""0070cd3b-1dd7-48ee-9f29-b97266bf5afb"", ""value"": ""preferred terms"", ""language_id"": ""en"", ""list_item_id"": ""5f400d39-3b6b-4b8a-939b-4e49787c7444"", ""valuetype_id"": ""prefLabel""}], ""list_id"": ""80028d07-9c98-48cf-84db-f77bc01c8bbc""}]","[{""uri"": ""http://localhost:8000/plugins/controlled-list-manager/item/38729dbe-6d1c-48ce-bf47-e2a18945600e"", ""labels"": [{""id"": ""08a9b0bd-4713-4ea6-a829-66a64240e254"", ""value"": ""English (language)"", ""language_id"": ""en"", ""list_item_id"": ""38729dbe-6d1c-48ce-bf47-e2a18945600e"", ""valuetype_id"": ""prefLabel""}], ""list_id"": ""f7fc4f6d-fd46-4881-846f-4a08bc1a3fef""}]",3695cff8-d770-11ef-8f5d-0275dc2ded29
4617977d-576d-4da2-b1cf-8fb94db2d788,36956e50-d770-11ef-8f5d-0275dc2ded29,166c7b56-b36e-4cfa-9dc0-7d232f147d69,1,68abb26d-51e4-4ef3-a30a-f00f8d6f06fd,"{""en"": {""value"": ""J. P. Stephenson Artists' Colourman"", ""direction"": ""ltr""}}","[{""uri"": ""http://localhost:8000/plugins/controlled-list-manager/item/5f400d39-3b6b-4b8a-939b-4e49787c7444"", ""labels"": [{""id"": ""0070cd3b-1dd7-48ee-9f29-b97266bf5afb"", ""value"": ""preferred terms"", ""language_id"": ""en"", ""list_item_id"": ""5f400d39-3b6b-4b8a-939b-4e49787c7444"", ""valuetype_id"": ""prefLabel""}], ""list_id"": ""80028d07-9c98-48cf-84db-f77bc01c8bbc""}]","[{""uri"": ""http://localhost:8000/plugins/controlled-list-manager/item/38729dbe-6d1c-48ce-bf47-e2a18945600e"", ""labels"": [{""id"": ""08a9b0bd-4713-4ea6-a829-66a64240e254"", ""value"": ""English (language)"", ""language_id"": ""en"", ""list_item_id"": ""38729dbe-6d1c-48ce-bf47-e2a18945600e"", ""valuetype_id"": ""prefLabel""}], ""list_id"": ""f7fc4f6d-fd46-4881-846f-4a08bc1a3fef""}]",3695cff8-d770-11ef-8f5d-0275dc2ded29
384dba81-4f78-4ef0-aca1-db45d238edd8,36956e50-d770-11ef-8f5d-0275dc2ded29,166c7b56-b36e-4cfa-9dc0-7d232f147d69,1,b03e87f6-5d43-49b2-9dd9-16fc75a300d8,"{""en"": {""value"": ""Dupont"", ""direction"": ""ltr""}}","[{""uri"": ""http://localhost:8000/plugins/controlled-list-manager/item/5f400d39-3b6b-4b8a-939b-4e49787c7444"", ""labels"": [{""id"": ""0070cd3b-1dd7-48ee-9f29-b97266bf5afb"", ""value"": ""preferred terms"", ""language_id"": ""en"", ""list_item_id"": ""5f400d39-3b6b-4b8a-939b-4e49787c7444"", ""valuetype_id"": ""prefLabel""}], ""list_id"": ""80028d07-9c98-48cf-84db-f77bc01c8bbc""}]","[{""uri"": ""http://localhost:8000/plugins/controlled-list-manager/item/38729dbe-6d1c-48ce-bf47-e2a18945600e"", ""labels"": [{""id"": ""08a9b0bd-4713-4ea6-a829-66a64240e254"", ""value"": ""English (language)"", ""language_id"": ""en"", ""list_item_id"": ""38729dbe-6d1c-48ce-bf47-e2a18945600e"", ""valuetype_id"": ""prefLabel""}], ""list_id"": ""f7fc4f6d-fd46-4881-846f-4a08bc1a3fef""}]",3695cff8-d770-11ef-8f5d-0275dc2ded29
8eed6c86-74ac-4ef7-812a-3b5e81724968,36956e50-d770-11ef-8f5d-0275dc2ded29,166c7b56-b36e-4cfa-9dc0-7d232f147d69,1,4416bf57-e370-4ef3-84b2-fdc3b8b4c59e,"{""en"": {""value"": ""Societa Commissionaria di Esportazione"", ""direction"": ""ltr""}}","[{""uri"": ""http://localhost:8000/plugins/controlled-list-manager/item/5f400d39-3b6b-4b8a-939b-4e49787c7444"", ""labels"": [{""id"": ""0070cd3b-1dd7-48ee-9f29-b97266bf5afb"", ""value"": ""preferred terms"", ""language_id"": ""en"", ""list_item_id"": ""5f400d39-3b6b-4b8a-939b-4e49787c7444"", ""valuetype_id"": ""prefLabel""}], ""list_id"": ""80028d07-9c98-48cf-84db-f77bc01c8bbc""}]","[{""uri"": ""http://localhost:8000/plugins/controlled-list-manager/item/38729dbe-6d1c-48ce-bf47-e2a18945600e"", ""labels"": [{""id"": ""08a9b0bd-4713-4ea6-a829-66a64240e254"", ""value"": ""English (language)"", ""language_id"": ""en"", ""list_item_id"": ""38729dbe-6d1c-48ce-bf47-e2a18945600e"", ""valuetype_id"": ""prefLabel""}], ""list_id"": ""f7fc4f6d-fd46-4881-846f-4a08bc1a3fef""}]",3695cff8-d770-11ef-8f5d-0275dc2ded29
db30da0b-864c-4f46-b3e7-202c9cdbcd25,36956e50-d770-11ef-8f5d-0275dc2ded29,166c7b56-b36e-4cfa-9dc0-7d232f147d69,1,8583b4d4-3b4f-4143-a4ce-cf198386d601,"{""en"": {""value"": ""Meer Corp."", ""direction"": ""ltr""}}","[{""uri"": ""http://localhost:8000/plugins/controlled-list-manager/item/5f400d39-3b6b-4b8a-939b-4e49787c7444"", ""labels"": [{""id"": ""0070cd3b-1dd7-48ee-9f29-b97266bf5afb"", ""value"": ""preferred terms"", ""language_id"": ""en"", ""list_item_id"": ""5f400d39-3b6b-4b8a-939b-4e49787c7444"", ""valuetype_id"": ""prefLabel""}], ""list_id"": ""80028d07-9c98-48cf-84db-f77bc01c8bbc""}]","[{""uri"": ""http://localhost:8000/plugins/controlled-list-manager/item/38729dbe-6d1c-48ce-bf47-e2a18945600e"", ""labels"": [{""id"": ""08a9b0bd-4713-4ea6-a829-66a64240e254"", ""value"": ""English (language)"", ""language_id"": ""en"", ""list_item_id"": ""38729dbe-6d1c-48ce-bf47-e2a18945600e"", ""valuetype_id"": ""prefLabel""}], ""list_id"": ""f7fc4f6d-fd46-4881-846f-4a08bc1a3fef""}]",3695cff8-d770-11ef-8f5d-0275dc2ded29
7626137d-41d8-460d-b194-dce9f63f5f95,36956e50-d770-11ef-8f5d-0275dc2ded29,166c7b56-b36e-4cfa-9dc0-7d232f147d69,1,ce745ae1-44eb-4dee-a764-8134e1cd2966,"{""en"": {""value"": ""Hercules Powder Co. Inc."", ""direction"": ""ltr""}}","[{""uri"": ""http://localhost:8000/plugins/controlled-list-manager/item/5f400d39-3b6b-4b8a-939b-4e49787c7444"", ""labels"": [{""id"": ""0070cd3b-1dd7-48ee-9f29-b97266bf5afb"", ""value"": ""preferred terms"", ""language_id"": ""en"", ""list_item_id"": ""5f400d39-3b6b-4b8a-939b-4e49787c7444"", ""valuetype_id"": ""prefLabel""}], ""list_id"": ""80028d07-9c98-48cf-84db-f77bc01c8bbc""}]","[{""uri"": ""http://localhost:8000/plugins/controlled-list-manager/item/38729dbe-6d1c-48ce-bf47-e2a18945600e"", ""labels"": [{""id"": ""08a9b0bd-4713-4ea6-a829-66a64240e254"", ""value"": ""English (language)"", ""language_id"": ""en"", ""list_item_id"": ""38729dbe-6d1c-48ce-bf47-e2a18945600e"", ""valuetype_id"": ""prefLabel""}], ""list_id"": ""f7fc4f6d-fd46-4881-846f-4a08bc1a3fef""}]",3695cff8-d770-11ef-8f5d-0275dc2ded29
bda456ae-e182-4928-94ca-9171b9682975,36956e50-d770-11ef-8f5d-0275dc2ded29,166c7b56-b36e-4cfa-9dc0-7d232f147d69,1,97cbae57-8d0a-4341-b47b-d783faed8922,"{""en"": {""value"": ""Spencer Kellogg Division of Textron Inc."", ""direction"": ""ltr""}}","[{""uri"": ""http://localhost:8000/plugins/controlled-list-manager/item/5f400d39-3b6b-4b8a-939b-4e49787c7444"", ""labels"": [{""id"": ""0070cd3b-1dd7-48ee-9f29-b97266bf5afb"", ""value"": ""preferred terms"", ""language_id"": ""en"", ""list_item_id"": ""5f400d39-3b6b-4b8a-939b-4e49787c7444"", ""valuetype_id"": ""prefLabel""}], ""list_id"": ""80028d07-9c98-48cf-84db-f77bc01c8bbc""}]","[{""uri"": ""http://localhost:8000/plugins/controlled-list-manager/item/38729dbe-6d1c-48ce-bf47-e2a18945600e"", ""labels"": [{""id"": ""08a9b0bd-4713-4ea6-a829-66a64240e254"", ""value"": ""English (language)"", ""language_id"": ""en"", ""list_item_id"": ""38729dbe-6d1c-48ce-bf47-e2a18945600e"", ""valuetype_id"": ""prefLabel""}], ""list_id"": ""f7fc4f6d-fd46-4881-846f-4a08bc1a3fef""}]",3695cff8-d770-11ef-8f5d-0275dc2ded29
0b098e2a-dfc2-4b9c-a8eb-a2eb115ed708,36956e50-d770-11ef-8f5d-0275dc2ded29,166c7b56-b36e-4cfa-9dc0-7d232f147d69,1,cf40b397-092f-46bb-8bc3-03352d56169b,"{""en"": {""value"": ""Hain Pure Food Company, Inc."", ""direction"": ""ltr""}}","[{""uri"": ""http://localhost:8000/plugins/controlled-list-manager/item/5f400d39-3b6b-4b8a-939b-4e49787c7444"", ""labels"": [{""id"": ""0070cd3b-1dd7-48ee-9f29-b97266bf5afb"", ""value"": ""preferred terms"", ""language_id"": ""en"", ""list_item_id"": ""5f400d39-3b6b-4b8a-939b-4e49787c7444"", ""valuetype_id"": ""prefLabel""}], ""list_id"": ""80028d07-9c98-48cf-84db-f77bc01c8bbc""}]","[{""uri"": ""http://localhost:8000/plugins/controlled-list-manager/item/38729dbe-6d1c-48ce-bf47-e2a18945600e"", ""labels"": [{""id"": ""08a9b0bd-4713-4ea6-a829-66a64240e254"", ""value"": ""English (language)"", ""language_id"": ""en"", ""list_item_id"": ""38729dbe-6d1c-48ce-bf47-e2a18945600e"", ""valuetype_id"": ""prefLabel""}], ""list_id"": ""f7fc4f6d-fd46-4881-846f-4a08bc1a3fef""}]",3695cff8-d770-11ef-8f5d-0275dc2ded29
71efb5c9-e82c-4cb9-9156-90b70b1e3ce0,36956e50-d770-11ef-8f5d-0275dc2ded29,166c7b56-b36e-4cfa-9dc0-7d232f147d69,1,c0af766a-566e-4617-85a7-04f37f437ab6,"{""en"": {""value"": ""Via delle Spado"", ""direction"": ""ltr""}}","[{""uri"": ""http://localhost:8000/plugins/controlled-list-manager/item/5f400d39-3b6b-4b8a-939b-4e49787c7444"", ""labels"": [{""id"": ""0070cd3b-1dd7-48ee-9f29-b97266bf5afb"", ""value"": ""preferred terms"", ""language_id"": ""en"", ""list_item_id"": ""5f400d39-3b6b-4b8a-939b-4e49787c7444"", ""valuetype_id"": ""prefLabel""}], ""list_id"": ""80028d07-9c98-48cf-84db-f77bc01c8bbc""}]","[{""uri"": ""http://localhost:8000/plugins/controlled-list-manager/item/38729dbe-6d1c-48ce-bf47-e2a18945600e"", ""labels"": [{""id"": ""08a9b0bd-4713-4ea6-a829-66a64240e254"", ""value"": ""English (language)"", ""language_id"": ""en"", ""list_item_id"": ""38729dbe-6d1c-48ce-bf47-e2a18945600e"", ""valuetype_id"": ""prefLabel""}], ""list_id"": ""f7fc4f6d-fd46-4881-846f-4a08bc1a3fef""}]",3695cff8-d770-11ef-8f5d-0275dc2ded29
220ada59-5151-4857-9b65-6579a9d35d7c,36956e50-d770-11ef-8f5d-0275dc2ded29,166c7b56-b36e-4cfa-9dc0-7d232f147d69,1,7a126b6a-2129-472d-862d-b7e5591f4a13,"{""en"": {""value"": ""BioSan, New Dimensions Dist."", ""direction"": ""ltr""}}","[{""uri"": ""http://localhost:8000/plugins/controlled-list-manager/item/5f400d39-3b6b-4b8a-939b-4e49787c7444"", ""labels"": [{""id"": ""0070cd3b-1dd7-48ee-9f29-b97266bf5afb"", ""value"": ""preferred terms"", ""language_id"": ""en"", ""list_item_id"": ""5f400d39-3b6b-4b8a-939b-4e49787c7444"", ""valuetype_id"": ""prefLabel""}], ""list_id"": ""80028d07-9c98-48cf-84db-f77bc01c8bbc""}]","[{""uri"": ""http://localhost:8000/plugins/controlled-list-manager/item/38729dbe-6d1c-48ce-bf47-e2a18945600e"", ""labels"": [{""id"": ""08a9b0bd-4713-4ea6-a829-66a64240e254"", ""value"": ""English (language)"", ""language_id"": ""en"", ""list_item_id"": ""38729dbe-6d1c-48ce-bf47-e2a18945600e"", ""valuetype_id"": ""prefLabel""}], ""list_id"": ""f7fc4f6d-fd46-4881-846f-4a08bc1a3fef""}]",3695cff8-d770-11ef-8f5d-0275dc2ded29
068b4a70-dd67-4606-951d-7ac4a77aff6f,36956e50-d770-11ef-8f5d-0275dc2ded29,166c7b56-b36e-4cfa-9dc0-7d232f147d69,1,345127dd-8ff4-4a90-990f-fab2861e92ff,"{""en"": {""value"": ""JPGM Painting Conservation"", ""direction"": ""ltr""}}","[{""uri"": ""http://localhost:8000/plugins/controlled-list-manager/item/5f400d39-3b6b-4b8a-939b-4e49787c7444"", ""labels"": [{""id"": ""0070cd3b-1dd7-48ee-9f29-b97266bf5afb"", ""value"": ""preferred terms"", ""language_id"": ""en"", ""list_item_id"": ""5f400d39-3b6b-4b8a-939b-4e49787c7444"", ""valuetype_id"": ""prefLabel""}], ""list_id"": ""80028d07-9c98-48cf-84db-f77bc01c8bbc""}]","[{""uri"": ""http://localhost:8000/plugins/controlled-list-manager/item/38729dbe-6d1c-48ce-bf47-e2a18945600e"", ""labels"": [{""id"": ""08a9b0bd-4713-4ea6-a829-66a64240e254"", ""value"": ""English (language)"", ""language_id"": ""en"", ""list_item_id"": ""38729dbe-6d1c-48ce-bf47-e2a18945600e"", ""valuetype_id"": ""prefLabel""}], ""list_id"": ""f7fc4f6d-fd46-4881-846f-4a08bc1a3fef""}]",3695cff8-d770-11ef-8f5d-0275dc2ded29
300ba26b-dd23-4c80-acf2-6d810b6becb3,36956e50-d770-11ef-8f5d-0275dc2ded29,166c7b56-b36e-4cfa-9dc0-7d232f147d69,1,8f58994d-eb5b-4e6a-93e9-cbae114bc00a,"{""en"": {""value"": ""Darko"", ""direction"": ""ltr""}}","[{""uri"": ""http://localhost:8000/plugins/controlled-list-manager/item/5f400d39-3b6b-4b8a-939b-4e49787c7444"", ""labels"": [{""id"": ""0070cd3b-1dd7-48ee-9f29-b97266bf5afb"", ""value"": ""preferred terms"", ""language_id"": ""en"", ""list_item_id"": ""5f400d39-3b6b-4b8a-939b-4e49787c7444"", ""valuetype_id"": ""prefLabel""}], ""list_id"": ""80028d07-9c98-48cf-84db-f77bc01c8bbc""}]","[{""uri"": ""http://localhost:8000/plugins/controlled-list-manager/item/38729dbe-6d1c-48ce-bf47-e2a18945600e"", ""labels"": [{""id"": ""08a9b0bd-4713-4ea6-a829-66a64240e254"", ""value"": ""English (language)"", ""language_id"": ""en"", ""list_item_id"": ""38729dbe-6d1c-48ce-bf47-e2a18945600e"", ""valuetype_id"": ""prefLabel""}], ""list_id"": ""f7fc4f6d-fd46-4881-846f-4a08bc1a3fef""}]",3695cff8-d770-11ef-8f5d-0275dc2ded29
38cd69d7-4259-4d36-ad8b-bd956717c3c7,36956e50-d770-11ef-8f5d-0275dc2ded29,166c7b56-b36e-4cfa-9dc0-7d232f147d69,1,e0e21a4b-58a1-4b0d-9289-346bb8ba60e0,"{""en"": {""value"": ""Paintings Conservation"", ""direction"": ""ltr""}}","[{""uri"": ""http://localhost:8000/plugins/controlled-list-manager/item/5f400d39-3b6b-4b8a-939b-4e49787c7444"", ""labels"": [{""id"": ""0070cd3b-1dd7-48ee-9f29-b97266bf5afb"", ""value"": ""preferred terms"", ""language_id"": ""en"", ""list_item_id"": ""5f400d39-3b6b-4b8a-939b-4e49787c7444"", ""valuetype_id"": ""prefLabel""}], ""list_id"": ""80028d07-9c98-48cf-84db-f77bc01c8bbc""}]","[{""uri"": ""http://localhost:8000/plugins/controlled-list-manager/item/38729dbe-6d1c-48ce-bf47-e2a18945600e"", ""labels"": [{""id"": ""08a9b0bd-4713-4ea6-a829-66a64240e254"", ""value"": ""English (language)"", ""language_id"": ""en"", ""list_item_id"": ""38729dbe-6d1c-48ce-bf47-e2a18945600e"", ""valuetype_id"": ""prefLabel""}], ""list_id"": ""f7fc4f6d-fd46-4881-846f-4a08bc1a3fef""}]",3695cff8-d770-11ef-8f5d-0275dc2ded29
ddaea4cc-b297-49dd-80db-5ef68122cb76,36956e50-d770-11ef-8f5d-0275dc2ded29,166c7b56-b36e-4cfa-9dc0-7d232f147d69,1,b2b369cd-2ec2-4d28-a08d-a3588dc79aec,"{""en"": {""value"": ""Alchemist"", ""direction"": ""ltr""}}","[{""uri"": ""http://localhost:8000/plugins/controlled-list-manager/item/5f400d39-3b6b-4b8a-939b-4e49787c7444"", ""labels"": [{""id"": ""0070cd3b-1dd7-48ee-9f29-b97266bf5afb"", ""value"": ""preferred terms"", ""language_id"": ""en"", ""list_item_id"": ""5f400d39-3b6b-4b8a-939b-4e49787c7444"", ""valuetype_id"": ""prefLabel""}], ""list_id"": ""80028d07-9c98-48cf-84db-f77bc01c8bbc""}]","[{""uri"": ""http://localhost:8000/plugins/controlled-list-manager/item/38729dbe-6d1c-48ce-bf47-e2a18945600e"", ""labels"": [{""id"": ""08a9b0bd-4713-4ea6-a829-66a64240e254"", ""value"": ""English (language)"", ""language_id"": ""en"", ""list_item_id"": ""38729dbe-6d1c-48ce-bf47-e2a18945600e"", ""valuetype_id"": ""prefLabel""}], ""list_id"": ""f7fc4f6d-fd46-4881-846f-4a08bc1a3fef""}]",3695cff8-d770-11ef-8f5d-0275dc2ded29
2f9b4605-595f-48b5-9f0d-80c78534be93,36956e50-d770-11ef-8f5d-0275dc2ded29,166c7b56-b36e-4cfa-9dc0-7d232f147d69,1,8099c07f-2853-44cc-91d2-9763ef7e6394,"{""en"": {""value"": ""Zora's Standard Brand Paint Store"", ""direction"": ""ltr""}}","[{""uri"": ""http://localhost:8000/plugins/controlled-list-manager/item/5f400d39-3b6b-4b8a-939b-4e49787c7444"", ""labels"": [{""id"": ""0070cd3b-1dd7-48ee-9f29-b97266bf5afb"", ""value"": ""preferred terms"", ""language_id"": ""en"", ""list_item_id"": ""5f400d39-3b6b-4b8a-939b-4e49787c7444"", ""valuetype_id"": ""prefLabel""}], ""list_id"": ""80028d07-9c98-48cf-84db-f77bc01c8bbc""}]","[{""uri"": ""http://localhost:8000/plugins/controlled-list-manager/item/38729dbe-6d1c-48ce-bf47-e2a18945600e"", ""labels"": [{""id"": ""08a9b0bd-4713-4ea6-a829-66a64240e254"", ""value"": ""English (language)"", ""language_id"": ""en"", ""list_item_id"": ""38729dbe-6d1c-48ce-bf47-e2a18945600e"", ""valuetype_id"": ""prefLabel""}], ""list_id"": ""f7fc4f6d-fd46-4881-846f-4a08bc1a3fef""}]",3695cff8-d770-11ef-8f5d-0275dc2ded29
afce3701-44c8-4d04-ae26-4966027b38d8,36956e50-d770-11ef-8f5d-0275dc2ded29,166c7b56-b36e-4cfa-9dc0-7d232f147d69,1,d8066299-39f0-48b7-b678-67653fd792ea,"{""en"": {""value"": ""Larry Dawson"", ""direction"": ""ltr""}}","[{""uri"": ""http://localhost:8000/plugins/controlled-list-manager/item/5f400d39-3b6b-4b8a-939b-4e49787c7444"", ""labels"": [{""id"": ""0070cd3b-1dd7-48ee-9f29-b97266bf5afb"", ""value"": ""preferred terms"", ""language_id"": ""en"", ""list_item_id"": ""5f400d39-3b6b-4b8a-939b-4e49787c7444"", ""valuetype_id"": ""prefLabel""}], ""list_id"": ""80028d07-9c98-48cf-84db-f77bc01c8bbc""}]","[{""uri"": ""http://localhost:8000/plugins/controlled-list-manager/item/38729dbe-6d1c-48ce-bf47-e2a18945600e"", ""labels"": [{""id"": ""08a9b0bd-4713-4ea6-a829-66a64240e254"", ""value"": ""English (language)"", ""language_id"": ""en"", ""list_item_id"": ""38729dbe-6d1c-48ce-bf47-e2a18945600e"", ""valuetype_id"": ""prefLabel""}], ""list_id"": ""f7fc4f6d-fd46-4881-846f-4a08bc1a3fef""}]",3695cff8-d770-11ef-8f5d-0275dc2ded29
7bf6b3ce-9a09-4ca7-8b93-0740134a150e,36956e50-d770-11ef-8f5d-0275dc2ded29,166c7b56-b36e-4cfa-9dc0-7d232f147d69,1,572ce8a3-319e-473e-bb37-632fa21a65ea,"{""en"": {""value"": ""Ilford Imaging Switzerland"", ""direction"": ""ltr""}}","[{""uri"": ""http://localhost:8000/plugins/controlled-list-manager/item/5f400d39-3b6b-4b8a-939b-4e49787c7444"", ""labels"": [{""id"": ""0070cd3b-1dd7-48ee-9f29-b97266bf5afb"", ""value"": ""preferred terms"", ""language_id"": ""en"", ""list_item_id"": ""5f400d39-3b6b-4b8a-939b-4e49787c7444"", ""valuetype_id"": ""prefLabel""}], ""list_id"": ""80028d07-9c98-48cf-84db-f77bc01c8bbc""}]","[{""uri"": ""http://localhost:8000/plugins/controlled-list-manager/item/38729dbe-6d1c-48ce-bf47-e2a18945600e"", ""labels"": [{""id"": ""08a9b0bd-4713-4ea6-a829-66a64240e254"", ""value"": ""English (language)"", ""language_id"": ""en"", ""list_item_id"": ""38729dbe-6d1c-48ce-bf47-e2a18945600e"", ""valuetype_id"": ""prefLabel""}], ""list_id"": ""f7fc4f6d-fd46-4881-846f-4a08bc1a3fef""}]",3695cff8-d770-11ef-8f5d-0275dc2ded29
3414254d-24b9-4b51-8e88-40e2636b57ad,36956e50-d770-11ef-8f5d-0275dc2ded29,166c7b56-b36e-4cfa-9dc0-7d232f147d69,1,b9c92f6c-8e21-428e-8a99-b0b3d90694a9,"{""en"": {""value"": ""Funakubo Enterprises"", ""direction"": ""ltr""}}","[{""uri"": ""http://localhost:8000/plugins/controlled-list-manager/item/5f400d39-3b6b-4b8a-939b-4e49787c7444"", ""labels"": [{""id"": ""0070cd3b-1dd7-48ee-9f29-b97266bf5afb"", ""value"": ""preferred terms"", ""language_id"": ""en"", ""list_item_id"": ""5f400d39-3b6b-4b8a-939b-4e49787c7444"", ""valuetype_id"": ""prefLabel""}], ""list_id"": ""80028d07-9c98-48cf-84db-f77bc01c8bbc""}]","[{""uri"": ""http://localhost:8000/plugins/controlled-list-manager/item/38729dbe-6d1c-48ce-bf47-e2a18945600e"", ""labels"": [{""id"": ""08a9b0bd-4713-4ea6-a829-66a64240e254"", ""value"": ""English (language)"", ""language_id"": ""en"", ""list_item_id"": ""38729dbe-6d1c-48ce-bf47-e2a18945600e"", ""valuetype_id"": ""prefLabel""}], ""list_id"": ""f7fc4f6d-fd46-4881-846f-4a08bc1a3fef""}]",3695cff8-d770-11ef-8f5d-0275dc2ded29
0f26453f-c289-48bd-a4f6-9f04a5fb50c1,36956e50-d770-11ef-8f5d-0275dc2ded29,166c7b56-b36e-4cfa-9dc0-7d232f147d69,1,efbf6fb7-9fc4-49ce-9c61-96e4cde99b2a,"{""en"": {""value"": ""Designers Dry Colors"", ""direction"": ""ltr""}}","[{""uri"": ""http://localhost:8000/plugins/controlled-list-manager/item/5f400d39-3b6b-4b8a-939b-4e49787c7444"", ""labels"": [{""id"": ""0070cd3b-1dd7-48ee-9f29-b97266bf5afb"", ""value"": ""preferred terms"", ""language_id"": ""en"", ""list_item_id"": ""5f400d39-3b6b-4b8a-939b-4e49787c7444"", ""valuetype_id"": ""prefLabel""}], ""list_id"": ""80028d07-9c98-48cf-84db-f77bc01c8bbc""}]","[{""uri"": ""http://localhost:8000/plugins/controlled-list-manager/item/38729dbe-6d1c-48ce-bf47-e2a18945600e"", ""labels"": [{""id"": ""08a9b0bd-4713-4ea6-a829-66a64240e254"", ""value"": ""English (language)"", ""language_id"": ""en"", ""list_item_id"": ""38729dbe-6d1c-48ce-bf47-e2a18945600e"", ""valuetype_id"": ""prefLabel""}], ""list_id"": ""f7fc4f6d-fd46-4881-846f-4a08bc1a3fef""}]",3695cff8-d770-11ef-8f5d-0275dc2ded29
ed098dc9-2a9e-4440-833e-c1f66391fda7,36956e50-d770-11ef-8f5d-0275dc2ded29,166c7b56-b36e-4cfa-9dc0-7d232f147d69,1,fee1e6b3-e185-48d0-bd9d-e2fc52a22c94,"{""en"": {""value"": ""Walkden's"", ""direction"": ""ltr""}}","[{""uri"": ""http://localhost:8000/plugins/controlled-list-manager/item/5f400d39-3b6b-4b8a-939b-4e49787c7444"", ""labels"": [{""id"": ""0070cd3b-1dd7-48ee-9f29-b97266bf5afb"", ""value"": ""preferred terms"", ""language_id"": ""en"", ""list_item_id"": ""5f400d39-3b6b-4b8a-939b-4e49787c7444"", ""valuetype_id"": ""prefLabel""}], ""list_id"": ""80028d07-9c98-48cf-84db-f77bc01c8bbc""}]","[{""uri"": ""http://localhost:8000/plugins/controlled-list-manager/item/38729dbe-6d1c-48ce-bf47-e2a18945600e"", ""labels"": [{""id"": ""08a9b0bd-4713-4ea6-a829-66a64240e254"", ""value"": ""English (language)"", ""language_id"": ""en"", ""list_item_id"": ""38729dbe-6d1c-48ce-bf47-e2a18945600e"", ""valuetype_id"": ""prefLabel""}], ""list_id"": ""f7fc4f6d-fd46-4881-846f-4a08bc1a3fef""}]",3695cff8-d770-11ef-8f5d-0275dc2ded29
4d56c36d-b5fe-448d-8d33-ffdb5910da3f,36956e50-d770-11ef-8f5d-0275dc2ded29,166c7b56-b36e-4cfa-9dc0-7d232f147d69,1,26e6219d-f313-492b-b233-ac6817f3992a,"{""en"": {""value"": ""GmbH & Company"", ""direction"": ""ltr""}}","[{""uri"": ""http://localhost:8000/plugins/controlled-list-manager/item/5f400d39-3b6b-4b8a-939b-4e49787c7444"", ""labels"": [{""id"": ""0070cd3b-1dd7-48ee-9f29-b97266bf5afb"", ""value"": ""preferred terms"", ""language_id"": ""en"", ""list_item_id"": ""5f400d39-3b6b-4b8a-939b-4e49787c7444"", ""valuetype_id"": ""prefLabel""}], ""list_id"": ""80028d07-9c98-48cf-84db-f77bc01c8bbc""}]","[{""uri"": ""http://localhost:8000/plugins/controlled-list-manager/item/38729dbe-6d1c-48ce-bf47-e2a18945600e"", ""labels"": [{""id"": ""08a9b0bd-4713-4ea6-a829-66a64240e254"", ""value"": ""English (language)"", ""language_id"": ""en"", ""list_item_id"": ""38729dbe-6d1c-48ce-bf47-e2a18945600e"", ""valuetype_id"": ""prefLabel""}], ""list_id"": ""f7fc4f6d-fd46-4881-846f-4a08bc1a3fef""}]",3695cff8-d770-11ef-8f5d-0275dc2ded29
dddec90d-e8ed-44c4-9ac4-475e84c2d7e2,36956e50-d770-11ef-8f5d-0275dc2ded29,166c7b56-b36e-4cfa-9dc0-7d232f147d69,1,c4f5122d-f7ea-4911-80d7-78b6580c057c,"{""en"": {""value"": ""Ilford SA"", ""direction"": ""ltr""}}","[{""uri"": ""http://localhost:8000/plugins/controlled-list-manager/item/5f400d39-3b6b-4b8a-939b-4e49787c7444"", ""labels"": [{""id"": ""0070cd3b-1dd7-48ee-9f29-b97266bf5afb"", ""value"": ""preferred terms"", ""language_id"": ""en"", ""list_item_id"": ""5f400d39-3b6b-4b8a-939b-4e49787c7444"", ""valuetype_id"": ""prefLabel""}], ""list_id"": ""80028d07-9c98-48cf-84db-f77bc01c8bbc""}]","[{""uri"": ""http://localhost:8000/plugins/controlled-list-manager/item/38729dbe-6d1c-48ce-bf47-e2a18945600e"", ""labels"": [{""id"": ""08a9b0bd-4713-4ea6-a829-66a64240e254"", ""value"": ""English (language)"", ""language_id"": ""en"", ""list_item_id"": ""38729dbe-6d1c-48ce-bf47-e2a18945600e"", ""valuetype_id"": ""prefLabel""}], ""list_id"": ""f7fc4f6d-fd46-4881-846f-4a08bc1a3fef""}]",3695cff8-d770-11ef-8f5d-0275dc2ded29
8e006931-9631-443e-bec3-a9cbd60fdf5d,36956e50-d770-11ef-8f5d-0275dc2ded29,166c7b56-b36e-4cfa-9dc0-7d232f147d69,1,1ad5cad8-4fa2-4958-bdd6-c5c9d532a7ec,"{""en"": {""value"": ""Matsuda Super Artists' Oil Colours"", ""direction"": ""ltr""}}","[{""uri"": ""http://localhost:8000/plugins/controlled-list-manager/item/5f400d39-3b6b-4b8a-939b-4e49787c7444"", ""labels"": [{""id"": ""0070cd3b-1dd7-48ee-9f29-b97266bf5afb"", ""value"": ""preferred terms"", ""language_id"": ""en"", ""list_item_id"": ""5f400d39-3b6b-4b8a-939b-4e49787c7444"", ""valuetype_id"": ""prefLabel""}], ""list_id"": ""80028d07-9c98-48cf-84db-f77bc01c8bbc""}]","[{""uri"": ""http://localhost:8000/plugins/controlled-list-manager/item/38729dbe-6d1c-48ce-bf47-e2a18945600e"", ""labels"": [{""id"": ""08a9b0bd-4713-4ea6-a829-66a64240e254"", ""value"": ""English (language)"", ""language_id"": ""en"", ""list_item_id"": ""38729dbe-6d1c-48ce-bf47-e2a18945600e"", ""valuetype_id"": ""prefLabel""}], ""list_id"": ""f7fc4f6d-fd46-4881-846f-4a08bc1a3fef""}]",3695cff8-d770-11ef-8f5d-0275dc2ded29
73de4fe7-23f9-42eb-a9d6-2ec020cf1089,36956e50-d770-11ef-8f5d-0275dc2ded29,166c7b56-b36e-4cfa-9dc0-7d232f147d69,1,965d7588-5075-4a90-afe5-894ac564a747,"{""en"": {""value"": ""Sunland Orchard"", ""direction"": ""ltr""}}","[{""uri"": ""http://localhost:8000/plugins/controlled-list-manager/item/5f400d39-3b6b-4b8a-939b-4e49787c7444"", ""labels"": [{""id"": ""0070cd3b-1dd7-48ee-9f29-b97266bf5afb"", ""value"": ""preferred terms"", ""language_id"": ""en"", ""list_item_id"": ""5f400d39-3b6b-4b8a-939b-4e49787c7444"", ""valuetype_id"": ""prefLabel""}], ""list_id"": ""80028d07-9c98-48cf-84db-f77bc01c8bbc""}]","[{""uri"": ""http://localhost:8000/plugins/controlled-list-manager/item/38729dbe-6d1c-48ce-bf47-e2a18945600e"", ""labels"": [{""id"": ""08a9b0bd-4713-4ea6-a829-66a64240e254"", ""value"": ""English (language)"", ""language_id"": ""en"", ""list_item_id"": ""38729dbe-6d1c-48ce-bf47-e2a18945600e"", ""valuetype_id"": ""prefLabel""}], ""list_id"": ""f7fc4f6d-fd46-4881-846f-4a08bc1a3fef""}]",3695cff8-d770-11ef-8f5d-0275dc2ded29
012972d0-55d8-4076-88c1-024f26803497,36956e50-d770-11ef-8f5d-0275dc2ded29,166c7b56-b36e-4cfa-9dc0-7d232f147d69,1,70c50d82-4aec-49fb-95ef-fc89ccf77330,"{""en"": {""value"": ""Eytzinger"", ""direction"": ""ltr""}}","[{""uri"": ""http://localhost:8000/plugins/controlled-list-manager/item/5f400d39-3b6b-4b8a-939b-4e49787c7444"", ""labels"": [{""id"": ""0070cd3b-1dd7-48ee-9f29-b97266bf5afb"", ""value"": ""preferred terms"", ""language_id"": ""en"", ""list_item_id"": ""5f400d39-3b6b-4b8a-939b-4e49787c7444"", ""valuetype_id"": ""prefLabel""}], ""list_id"": ""80028d07-9c98-48cf-84db-f77bc01c8bbc""}]","[{""uri"": ""http://localhost:8000/plugins/controlled-list-manager/item/38729dbe-6d1c-48ce-bf47-e2a18945600e"", ""labels"": [{""id"": ""08a9b0bd-4713-4ea6-a829-66a64240e254"", ""value"": ""English (language)"", ""language_id"": ""en"", ""list_item_id"": ""38729dbe-6d1c-48ce-bf47-e2a18945600e"", ""valuetype_id"": ""prefLabel""}], ""list_id"": ""f7fc4f6d-fd46-4881-846f-4a08bc1a3fef""}]",3695cff8-d770-11ef-8f5d-0275dc2ded29
e11414ee-5b35-4879-8093-ddb9fc8fe13e,36956e50-d770-11ef-8f5d-0275dc2ded29,166c7b56-b36e-4cfa-9dc0-7d232f147d69,1,1eaab0df-afba-44ca-8037-2666116f6d3f,"{""en"": {""value"": ""ground by Hamilton"", ""direction"": ""ltr""}}","[{""uri"": ""http://localhost:8000/plugins/controlled-list-manager/item/5f400d39-3b6b-4b8a-939b-4e49787c7444"", ""labels"": [{""id"": ""0070cd3b-1dd7-48ee-9f29-b97266bf5afb"", ""value"": ""preferred terms"", ""language_id"": ""en"", ""list_item_id"": ""5f400d39-3b6b-4b8a-939b-4e49787c7444"", ""valuetype_id"": ""prefLabel""}], ""list_id"": ""80028d07-9c98-48cf-84db-f77bc01c8bbc""}]","[{""uri"": ""http://localhost:8000/plugins/controlled-list-manager/item/38729dbe-6d1c-48ce-bf47-e2a18945600e"", ""labels"": [{""id"": ""08a9b0bd-4713-4ea6-a829-66a64240e254"", ""value"": ""English (language)"", ""language_id"": ""en"", ""list_item_id"": ""38729dbe-6d1c-48ce-bf47-e2a18945600e"", ""valuetype_id"": ""prefLabel""}], ""list_id"": ""f7fc4f6d-fd46-4881-846f-4a08bc1a3fef""}]",3695cff8-d770-11ef-8f5d-0275dc2ded29
47520950-a8ec-4a3b-9e62-c55d50bfd821,36956e50-d770-11ef-8f5d-0275dc2ded29,166c7b56-b36e-4cfa-9dc0-7d232f147d69,1,268a4b4c-57e1-4090-8dad-867f99b0af0f,"{""en"": {""value"": ""F.lli Maimeri & Company"", ""direction"": ""ltr""}}","[{""uri"": ""http://localhost:8000/plugins/controlled-list-manager/item/5f400d39-3b6b-4b8a-939b-4e49787c7444"", ""labels"": [{""id"": ""0070cd3b-1dd7-48ee-9f29-b97266bf5afb"", ""value"": ""preferred terms"", ""language_id"": ""en"", ""list_item_id"": ""5f400d39-3b6b-4b8a-939b-4e49787c7444"", ""valuetype_id"": ""prefLabel""}], ""list_id"": ""80028d07-9c98-48cf-84db-f77bc01c8bbc""}]","[{""uri"": ""http://localhost:8000/plugins/controlled-list-manager/item/38729dbe-6d1c-48ce-bf47-e2a18945600e"", ""labels"": [{""id"": ""08a9b0bd-4713-4ea6-a829-66a64240e254"", ""value"": ""English (language)"", ""language_id"": ""en"", ""list_item_id"": ""38729dbe-6d1c-48ce-bf47-e2a18945600e"", ""valuetype_id"": ""prefLabel""}], ""list_id"": ""f7fc4f6d-fd46-4881-846f-4a08bc1a3fef""}]",3695cff8-d770-11ef-8f5d-0275dc2ded29
b85edb97-60ab-45c9-bc71-967b749037fa,36956e50-d770-11ef-8f5d-0275dc2ded29,166c7b56-b36e-4cfa-9dc0-7d232f147d69,1,fb9e6d40-c82b-4a21-b4ae-ca4f9a0de403,"{""en"": {""value"": ""Rotary Photographic Co."", ""direction"": ""ltr""}}","[{""uri"": ""http://localhost:8000/plugins/controlled-list-manager/item/5f400d39-3b6b-4b8a-939b-4e49787c7444"", ""labels"": [{""id"": ""0070cd3b-1dd7-48ee-9f29-b97266bf5afb"", ""value"": ""preferred terms"", ""language_id"": ""en"", ""list_item_id"": ""5f400d39-3b6b-4b8a-939b-4e49787c7444"", ""valuetype_id"": ""prefLabel""}], ""list_id"": ""80028d07-9c98-48cf-84db-f77bc01c8bbc""}]","[{""uri"": ""http://localhost:8000/plugins/controlled-list-manager/item/38729dbe-6d1c-48ce-bf47-e2a18945600e"", ""labels"": [{""id"": ""08a9b0bd-4713-4ea6-a829-66a64240e254"", ""value"": ""English (language)"", ""language_id"": ""en"", ""list_item_id"": ""38729dbe-6d1c-48ce-bf47-e2a18945600e"", ""valuetype_id"": ""prefLabel""}], ""list_id"": ""f7fc4f6d-fd46-4881-846f-4a08bc1a3fef""}]",3695cff8-d770-11ef-8f5d-0275dc2ded29
14fb3fd3-6242-427d-9d43-74cb43a4b416,36956e50-d770-11ef-8f5d-0275dc2ded29,166c7b56-b36e-4cfa-9dc0-7d232f147d69,1,a6528e04-c5b1-439c-9fb6-cc5f5f97bcee,"{""en"": {""value"": ""Sam Francis Foundation"", ""direction"": ""ltr""}}","[{""uri"": ""http://localhost:8000/plugins/controlled-list-manager/item/5f400d39-3b6b-4b8a-939b-4e49787c7444"", ""labels"": [{""id"": ""0070cd3b-1dd7-48ee-9f29-b97266bf5afb"", ""value"": ""preferred terms"", ""language_id"": ""en"", ""list_item_id"": ""5f400d39-3b6b-4b8a-939b-4e49787c7444"", ""valuetype_id"": ""prefLabel""}], ""list_id"": ""80028d07-9c98-48cf-84db-f77bc01c8bbc""}]","[{""uri"": ""http://localhost:8000/plugins/controlled-list-manager/item/38729dbe-6d1c-48ce-bf47-e2a18945600e"", ""labels"": [{""id"": ""08a9b0bd-4713-4ea6-a829-66a64240e254"", ""value"": ""English (language)"", ""language_id"": ""en"", ""list_item_id"": ""38729dbe-6d1c-48ce-bf47-e2a18945600e"", ""valuetype_id"": ""prefLabel""}], ""list_id"": ""f7fc4f6d-fd46-4881-846f-4a08bc1a3fef""}]",3695cff8-d770-11ef-8f5d-0275dc2ded29
8475de2b-5079-4cd9-b65f-387e6abdd68c,36956e50-d770-11ef-8f5d-0275dc2ded29,166c7b56-b36e-4cfa-9dc0-7d232f147d69,1,fe7a65df-c3e6-4038-9e5c-732946d686a8,"{""en"": {""value"": ""E. Nelson"", ""direction"": ""ltr""}}","[{""uri"": ""http://localhost:8000/plugins/controlled-list-manager/item/5f400d39-3b6b-4b8a-939b-4e49787c7444"", ""labels"": [{""id"": ""0070cd3b-1dd7-48ee-9f29-b97266bf5afb"", ""value"": ""preferred terms"", ""language_id"": ""en"", ""list_item_id"": ""5f400d39-3b6b-4b8a-939b-4e49787c7444"", ""valuetype_id"": ""prefLabel""}], ""list_id"": ""80028d07-9c98-48cf-84db-f77bc01c8bbc""}]","[{""uri"": ""http://localhost:8000/plugins/controlled-list-manager/item/38729dbe-6d1c-48ce-bf47-e2a18945600e"", ""labels"": [{""id"": ""08a9b0bd-4713-4ea6-a829-66a64240e254"", ""value"": ""English (language)"", ""language_id"": ""en"", ""list_item_id"": ""38729dbe-6d1c-48ce-bf47-e2a18945600e"", ""valuetype_id"": ""prefLabel""}], ""list_id"": ""f7fc4f6d-fd46-4881-846f-4a08bc1a3fef""}]",3695cff8-d770-11ef-8f5d-0275dc2ded29
152421be-aea3-4a24-be2b-dbdc1a963692,36956e50-d770-11ef-8f5d-0275dc2ded29,166c7b56-b36e-4cfa-9dc0-7d232f147d69,1,9f5c706f-26dc-4411-93b5-398d254214d3,"{""en"": {""value"": ""Cal State Poly Univ, Pomona"", ""direction"": ""ltr""}}","[{""uri"": ""http://localhost:8000/plugins/controlled-list-manager/item/5f400d39-3b6b-4b8a-939b-4e49787c7444"", ""labels"": [{""id"": ""0070cd3b-1dd7-48ee-9f29-b97266bf5afb"", ""value"": ""preferred terms"", ""language_id"": ""en"", ""list_item_id"": ""5f400d39-3b6b-4b8a-939b-4e49787c7444"", ""valuetype_id"": ""prefLabel""}], ""list_id"": ""80028d07-9c98-48cf-84db-f77bc01c8bbc""}]","[{""uri"": ""http://localhost:8000/plugins/controlled-list-manager/item/38729dbe-6d1c-48ce-bf47-e2a18945600e"", ""labels"": [{""id"": ""08a9b0bd-4713-4ea6-a829-66a64240e254"", ""value"": ""English (language)"", ""language_id"": ""en"", ""list_item_id"": ""38729dbe-6d1c-48ce-bf47-e2a18945600e"", ""valuetype_id"": ""prefLabel""}], ""list_id"": ""f7fc4f6d-fd46-4881-846f-4a08bc1a3fef""}]",3695cff8-d770-11ef-8f5d-0275dc2ded29
765cbbd8-66d3-41e5-9479-120fef0c97d9,36956e50-d770-11ef-8f5d-0275dc2ded29,166c7b56-b36e-4cfa-9dc0-7d232f147d69,1,dab797e3-8d34-45d8-8e50-5ebc80be313b,"{""en"": {""value"": ""Rowney"", ""direction"": ""ltr""}}","[{""uri"": ""http://localhost:8000/plugins/controlled-list-manager/item/5f400d39-3b6b-4b8a-939b-4e49787c7444"", ""labels"": [{""id"": ""0070cd3b-1dd7-48ee-9f29-b97266bf5afb"", ""value"": ""preferred terms"", ""language_id"": ""en"", ""list_item_id"": ""5f400d39-3b6b-4b8a-939b-4e49787c7444"", ""valuetype_id"": ""prefLabel""}], ""list_id"": ""80028d07-9c98-48cf-84db-f77bc01c8bbc""}]","[{""uri"": ""http://localhost:8000/plugins/controlled-list-manager/item/38729dbe-6d1c-48ce-bf47-e2a18945600e"", ""labels"": [{""id"": ""08a9b0bd-4713-4ea6-a829-66a64240e254"", ""value"": ""English (language)"", ""language_id"": ""en"", ""list_item_id"": ""38729dbe-6d1c-48ce-bf47-e2a18945600e"", ""valuetype_id"": ""prefLabel""}], ""list_id"": ""f7fc4f6d-fd46-4881-846f-4a08bc1a3fef""}]",3695cff8-d770-11ef-8f5d-0275dc2ded29
e9af2588-f5e4-44c3-92c9-ade6f4f6d387,36956e50-d770-11ef-8f5d-0275dc2ded29,166c7b56-b36e-4cfa-9dc0-7d232f147d69,1,f8b615b5-bf18-4921-a2a7-0806898e5d70,"{""en"": {""value"": ""from Gilsonite, USA"", ""direction"": ""ltr""}}","[{""uri"": ""http://localhost:8000/plugins/controlled-list-manager/item/5f400d39-3b6b-4b8a-939b-4e49787c7444"", ""labels"": [{""id"": ""0070cd3b-1dd7-48ee-9f29-b97266bf5afb"", ""value"": ""preferred terms"", ""language_id"": ""en"", ""list_item_id"": ""5f400d39-3b6b-4b8a-939b-4e49787c7444"", ""valuetype_id"": ""prefLabel""}], ""list_id"": ""80028d07-9c98-48cf-84db-f77bc01c8bbc""}]","[{""uri"": ""http://localhost:8000/plugins/controlled-list-manager/item/38729dbe-6d1c-48ce-bf47-e2a18945600e"", ""labels"": [{""id"": ""08a9b0bd-4713-4ea6-a829-66a64240e254"", ""value"": ""English (language)"", ""language_id"": ""en"", ""list_item_id"": ""38729dbe-6d1c-48ce-bf47-e2a18945600e"", ""valuetype_id"": ""prefLabel""}], ""list_id"": ""f7fc4f6d-fd46-4881-846f-4a08bc1a3fef""}]",3695cff8-d770-11ef-8f5d-0275dc2ded29
3ccf3073-b032-4d02-b2f0-f3d5779498fc,36956e50-d770-11ef-8f5d-0275dc2ded29,166c7b56-b36e-4cfa-9dc0-7d232f147d69,1,d3afb63e-73b2-4fc7-8665-538a89d26b58,"{""en"": {""value"": ""Gamblin Aritists Colors Co."", ""direction"": ""ltr""}}","[{""uri"": ""http://localhost:8000/plugins/controlled-list-manager/item/5f400d39-3b6b-4b8a-939b-4e49787c7444"", ""labels"": [{""id"": ""0070cd3b-1dd7-48ee-9f29-b97266bf5afb"", ""value"": ""preferred terms"", ""language_id"": ""en"", ""list_item_id"": ""5f400d39-3b6b-4b8a-939b-4e49787c7444"", ""valuetype_id"": ""prefLabel""}], ""list_id"": ""80028d07-9c98-48cf-84db-f77bc01c8bbc""}]","[{""uri"": ""http://localhost:8000/plugins/controlled-list-manager/item/38729dbe-6d1c-48ce-bf47-e2a18945600e"", ""labels"": [{""id"": ""08a9b0bd-4713-4ea6-a829-66a64240e254"", ""value"": ""English (language)"", ""language_id"": ""en"", ""list_item_id"": ""38729dbe-6d1c-48ce-bf47-e2a18945600e"", ""valuetype_id"": ""prefLabel""}], ""list_id"": ""f7fc4f6d-fd46-4881-846f-4a08bc1a3fef""}]",3695cff8-d770-11ef-8f5d-0275dc2ded29
1ad34057-6f87-4c22-97a8-208e2fe26d5e,36956e50-d770-11ef-8f5d-0275dc2ded29,166c7b56-b36e-4cfa-9dc0-7d232f147d69,1,92a11e4c-7972-4e67-97ba-25c7c3652d27,"{""en"": {""value"": ""FRITZCHE BROS. INC"", ""direction"": ""ltr""}}","[{""uri"": ""http://localhost:8000/plugins/controlled-list-manager/item/5f400d39-3b6b-4b8a-939b-4e49787c7444"", ""labels"": [{""id"": ""0070cd3b-1dd7-48ee-9f29-b97266bf5afb"", ""value"": ""preferred terms"", ""language_id"": ""en"", ""list_item_id"": ""5f400d39-3b6b-4b8a-939b-4e49787c7444"", ""valuetype_id"": ""prefLabel""}], ""list_id"": ""80028d07-9c98-48cf-84db-f77bc01c8bbc""}]","[{""uri"": ""http://localhost:8000/plugins/controlled-list-manager/item/38729dbe-6d1c-48ce-bf47-e2a18945600e"", ""labels"": [{""id"": ""08a9b0bd-4713-4ea6-a829-66a64240e254"", ""value"": ""English (language)"", ""language_id"": ""en"", ""list_item_id"": ""38729dbe-6d1c-48ce-bf47-e2a18945600e"", ""valuetype_id"": ""prefLabel""}], ""list_id"": ""f7fc4f6d-fd46-4881-846f-4a08bc1a3fef""}]",3695cff8-d770-11ef-8f5d-0275dc2ded29
fbf7a1fb-b1f3-4f7b-901d-c3414c757c7c,36956e50-d770-11ef-8f5d-0275dc2ded29,166c7b56-b36e-4cfa-9dc0-7d232f147d69,1,0e5f193d-162f-46da-8e1e-af1586d5a013,"{""en"": {""value"": ""Rowney & Company"", ""direction"": ""ltr""}}","[{""uri"": ""http://localhost:8000/plugins/controlled-list-manager/item/5f400d39-3b6b-4b8a-939b-4e49787c7444"", ""labels"": [{""id"": ""0070cd3b-1dd7-48ee-9f29-b97266bf5afb"", ""value"": ""preferred terms"", ""language_id"": ""en"", ""list_item_id"": ""5f400d39-3b6b-4b8a-939b-4e49787c7444"", ""valuetype_id"": ""prefLabel""}], ""list_id"": ""80028d07-9c98-48cf-84db-f77bc01c8bbc""}]","[{""uri"": ""http://localhost:8000/plugins/controlled-list-manager/item/38729dbe-6d1c-48ce-bf47-e2a18945600e"", ""labels"": [{""id"": ""08a9b0bd-4713-4ea6-a829-66a64240e254"", ""value"": ""English (language)"", ""language_id"": ""en"", ""list_item_id"": ""38729dbe-6d1c-48ce-bf47-e2a18945600e"", ""valuetype_id"": ""prefLabel""}], ""list_id"": ""f7fc4f6d-fd46-4881-846f-4a08bc1a3fef""}]",3695cff8-d770-11ef-8f5d-0275dc2ded29
5eeea7e1-8b4b-4e47-8059-79355bac5bbc,36956e50-d770-11ef-8f5d-0275dc2ded29,166c7b56-b36e-4cfa-9dc0-7d232f147d69,1,90f4758a-19e3-4010-8086-1a43cd66466a,"{""en"": {""value"": ""Bayer"", ""direction"": ""ltr""}}","[{""uri"": ""http://localhost:8000/plugins/controlled-list-manager/item/5f400d39-3b6b-4b8a-939b-4e49787c7444"", ""labels"": [{""id"": ""0070cd3b-1dd7-48ee-9f29-b97266bf5afb"", ""value"": ""preferred terms"", ""language_id"": ""en"", ""list_item_id"": ""5f400d39-3b6b-4b8a-939b-4e49787c7444"", ""valuetype_id"": ""prefLabel""}], ""list_id"": ""80028d07-9c98-48cf-84db-f77bc01c8bbc""}]","[{""uri"": ""http://localhost:8000/plugins/controlled-list-manager/item/38729dbe-6d1c-48ce-bf47-e2a18945600e"", ""labels"": [{""id"": ""08a9b0bd-4713-4ea6-a829-66a64240e254"", ""value"": ""English (language)"", ""language_id"": ""en"", ""list_item_id"": ""38729dbe-6d1c-48ce-bf47-e2a18945600e"", ""valuetype_id"": ""prefLabel""}], ""list_id"": ""f7fc4f6d-fd46-4881-846f-4a08bc1a3fef""}]",3695cff8-d770-11ef-8f5d-0275dc2ded29
d1b1a39b-dffb-4d36-9f8c-146791efba80,36956e50-d770-11ef-8f5d-0275dc2ded29,166c7b56-b36e-4cfa-9dc0-7d232f147d69,1,79b7b944-b279-41ba-a6ac-c88e96ae8e41,"{""en"": {""value"": ""Martin F. Weber Co."", ""direction"": ""ltr""}}","[{""uri"": ""http://localhost:8000/plugins/controlled-list-manager/item/5f400d39-3b6b-4b8a-939b-4e49787c7444"", ""labels"": [{""id"": ""0070cd3b-1dd7-48ee-9f29-b97266bf5afb"", ""value"": ""preferred terms"", ""language_id"": ""en"", ""list_item_id"": ""5f400d39-3b6b-4b8a-939b-4e49787c7444"", ""valuetype_id"": ""prefLabel""}], ""list_id"": ""80028d07-9c98-48cf-84db-f77bc01c8bbc""}]","[{""uri"": ""http://localhost:8000/plugins/controlled-list-manager/item/38729dbe-6d1c-48ce-bf47-e2a18945600e"", ""labels"": [{""id"": ""08a9b0bd-4713-4ea6-a829-66a64240e254"", ""value"": ""English (language)"", ""language_id"": ""en"", ""list_item_id"": ""38729dbe-6d1c-48ce-bf47-e2a18945600e"", ""valuetype_id"": ""prefLabel""}], ""list_id"": ""f7fc4f6d-fd46-4881-846f-4a08bc1a3fef""}]",3695cff8-d770-11ef-8f5d-0275dc2ded29
69d35211-99e3-43b6-9487-910ae392aa3f,36956e50-d770-11ef-8f5d-0275dc2ded29,166c7b56-b36e-4cfa-9dc0-7d232f147d69,1,3ff95c98-3e49-4a13-b9c0-4a7dea533548,"{""en"": {""value"": ""Standard Brands Paint Store"", ""direction"": ""ltr""}}","[{""uri"": ""http://localhost:8000/plugins/controlled-list-manager/item/5f400d39-3b6b-4b8a-939b-4e49787c7444"", ""labels"": [{""id"": ""0070cd3b-1dd7-48ee-9f29-b97266bf5afb"", ""value"": ""preferred terms"", ""language_id"": ""en"", ""list_item_id"": ""5f400d39-3b6b-4b8a-939b-4e49787c7444"", ""valuetype_id"": ""prefLabel""}], ""list_id"": ""80028d07-9c98-48cf-84db-f77bc01c8bbc""}]","[{""uri"": ""http://localhost:8000/plugins/controlled-list-manager/item/38729dbe-6d1c-48ce-bf47-e2a18945600e"", ""labels"": [{""id"": ""08a9b0bd-4713-4ea6-a829-66a64240e254"", ""value"": ""English (language)"", ""language_id"": ""en"", ""list_item_id"": ""38729dbe-6d1c-48ce-bf47-e2a18945600e"", ""valuetype_id"": ""prefLabel""}], ""list_id"": ""f7fc4f6d-fd46-4881-846f-4a08bc1a3fef""}]",3695cff8-d770-11ef-8f5d-0275dc2ded29
ebd737b9-e4a2-4b41-8227-9d05b3aa82f1,36956e50-d770-11ef-8f5d-0275dc2ded29,166c7b56-b36e-4cfa-9dc0-7d232f147d69,1,a3849118-c665-49b0-b898-a5705bf8909c,"{""en"": {""value"": ""F. Piqué"", ""direction"": ""ltr""}}","[{""uri"": ""http://localhost:8000/plugins/controlled-list-manager/item/5f400d39-3b6b-4b8a-939b-4e49787c7444"", ""labels"": [{""id"": ""0070cd3b-1dd7-48ee-9f29-b97266bf5afb"", ""value"": ""preferred terms"", ""language_id"": ""en"", ""list_item_id"": ""5f400d39-3b6b-4b8a-939b-4e49787c7444"", ""valuetype_id"": ""prefLabel""}], ""list_id"": ""80028d07-9c98-48cf-84db-f77bc01c8bbc""}]","[{""uri"": ""http://localhost:8000/plugins/controlled-list-manager/item/38729dbe-6d1c-48ce-bf47-e2a18945600e"", ""labels"": [{""id"": ""08a9b0bd-4713-4ea6-a829-66a64240e254"", ""value"": ""English (language)"", ""language_id"": ""en"", ""list_item_id"": ""38729dbe-6d1c-48ce-bf47-e2a18945600e"", ""valuetype_id"": ""prefLabel""}], ""list_id"": ""f7fc4f6d-fd46-4881-846f-4a08bc1a3fef""}]",3695cff8-d770-11ef-8f5d-0275dc2ded29
5148dd12-5a50-40db-a43a-c2df7acce479,36956e50-d770-11ef-8f5d-0275dc2ded29,166c7b56-b36e-4cfa-9dc0-7d232f147d69,1,c0cdd765-0297-4dc0-8df0-b3c1178d6f20,"{""en"": {""value"": ""Imported by Samrak Chemical Div."", ""direction"": ""ltr""}}","[{""uri"": ""http://localhost:8000/plugins/controlled-list-manager/item/5f400d39-3b6b-4b8a-939b-4e49787c7444"", ""labels"": [{""id"": ""0070cd3b-1dd7-48ee-9f29-b97266bf5afb"", ""value"": ""preferred terms"", ""language_id"": ""en"", ""list_item_id"": ""5f400d39-3b6b-4b8a-939b-4e49787c7444"", ""valuetype_id"": ""prefLabel""}], ""list_id"": ""80028d07-9c98-48cf-84db-f77bc01c8bbc""}]","[{""uri"": ""http://localhost:8000/plugins/controlled-list-manager/item/38729dbe-6d1c-48ce-bf47-e2a18945600e"", ""labels"": [{""id"": ""08a9b0bd-4713-4ea6-a829-66a64240e254"", ""value"": ""English (language)"", ""language_id"": ""en"", ""list_item_id"": ""38729dbe-6d1c-48ce-bf47-e2a18945600e"", ""valuetype_id"": ""prefLabel""}], ""list_id"": ""f7fc4f6d-fd46-4881-846f-4a08bc1a3fef""}]",3695cff8-d770-11ef-8f5d-0275dc2ded29
100fc7e9-d23d-4a86-b19c-a294ddec8041,36956e50-d770-11ef-8f5d-0275dc2ded29,166c7b56-b36e-4cfa-9dc0-7d232f147d69,1,b9ff3d7b-01f4-4011-8420-d4410dfa7460,"{""en"": {""value"": ""Pictor"", ""direction"": ""ltr""}}","[{""uri"": ""http://localhost:8000/plugins/controlled-list-manager/item/5f400d39-3b6b-4b8a-939b-4e49787c7444"", ""labels"": [{""id"": ""0070cd3b-1dd7-48ee-9f29-b97266bf5afb"", ""value"": ""preferred terms"", ""language_id"": ""en"", ""list_item_id"": ""5f400d39-3b6b-4b8a-939b-4e49787c7444"", ""valuetype_id"": ""prefLabel""}], ""list_id"": ""80028d07-9c98-48cf-84db-f77bc01c8bbc""}]","[{""uri"": ""http://localhost:8000/plugins/controlled-list-manager/item/38729dbe-6d1c-48ce-bf47-e2a18945600e"", ""labels"": [{""id"": ""08a9b0bd-4713-4ea6-a829-66a64240e254"", ""value"": ""English (language)"", ""language_id"": ""en"", ""list_item_id"": ""38729dbe-6d1c-48ce-bf47-e2a18945600e"", ""valuetype_id"": ""prefLabel""}], ""list_id"": ""f7fc4f6d-fd46-4881-846f-4a08bc1a3fef""}]",3695cff8-d770-11ef-8f5d-0275dc2ded29
a2c72534-e601-4e7e-b954-67ef6e6f35ed,36956e50-d770-11ef-8f5d-0275dc2ded29,166c7b56-b36e-4cfa-9dc0-7d232f147d69,1,0822f3c1-c37f-4783-9067-05bbc690a38e,"{""en"": {""value"": ""Arista"", ""direction"": ""ltr""}}","[{""uri"": ""http://localhost:8000/plugins/controlled-list-manager/item/5f400d39-3b6b-4b8a-939b-4e49787c7444"", ""labels"": [{""id"": ""0070cd3b-1dd7-48ee-9f29-b97266bf5afb"", ""value"": ""preferred terms"", ""language_id"": ""en"", ""list_item_id"": ""5f400d39-3b6b-4b8a-939b-4e49787c7444"", ""valuetype_id"": ""prefLabel""}], ""list_id"": ""80028d07-9c98-48cf-84db-f77bc01c8bbc""}]","[{""uri"": ""http://localhost:8000/plugins/controlled-list-manager/item/38729dbe-6d1c-48ce-bf47-e2a18945600e"", ""labels"": [{""id"": ""08a9b0bd-4713-4ea6-a829-66a64240e254"", ""value"": ""English (language)"", ""language_id"": ""en"", ""list_item_id"": ""38729dbe-6d1c-48ce-bf47-e2a18945600e"", ""valuetype_id"": ""prefLabel""}], ""list_id"": ""f7fc4f6d-fd46-4881-846f-4a08bc1a3fef""}]",3695cff8-d770-11ef-8f5d-0275dc2ded29
3d71347a-e41e-48c7-a4e2-af3ffa8ff08c,36956e50-d770-11ef-8f5d-0275dc2ded29,166c7b56-b36e-4cfa-9dc0-7d232f147d69,1,633405f4-0d5c-460e-96c0-888733922bf9,"{""en"": {""value"": ""Excelsior Photographic"", ""direction"": ""ltr""}}","[{""uri"": ""http://localhost:8000/plugins/controlled-list-manager/item/5f400d39-3b6b-4b8a-939b-4e49787c7444"", ""labels"": [{""id"": ""0070cd3b-1dd7-48ee-9f29-b97266bf5afb"", ""value"": ""preferred terms"", ""language_id"": ""en"", ""list_item_id"": ""5f400d39-3b6b-4b8a-939b-4e49787c7444"", ""valuetype_id"": ""prefLabel""}], ""list_id"": ""80028d07-9c98-48cf-84db-f77bc01c8bbc""}]","[{""uri"": ""http://localhost:8000/plugins/controlled-list-manager/item/38729dbe-6d1c-48ce-bf47-e2a18945600e"", ""labels"": [{""id"": ""08a9b0bd-4713-4ea6-a829-66a64240e254"", ""value"": ""English (language)"", ""language_id"": ""en"", ""list_item_id"": ""38729dbe-6d1c-48ce-bf47-e2a18945600e"", ""valuetype_id"": ""prefLabel""}], ""list_id"": ""f7fc4f6d-fd46-4881-846f-4a08bc1a3fef""}]",3695cff8-d770-11ef-8f5d-0275dc2ded29
0ad4f254-e151-4558-8f80-9cec3b34b4fd,36956e50-d770-11ef-8f5d-0275dc2ded29,166c7b56-b36e-4cfa-9dc0-7d232f147d69,1,1ee621f1-f7ff-4aeb-91c8-3dcf0056b04e,"{""en"": {""value"": ""USA Government Printing Office"", ""direction"": ""ltr""}}","[{""uri"": ""http://localhost:8000/plugins/controlled-list-manager/item/5f400d39-3b6b-4b8a-939b-4e49787c7444"", ""labels"": [{""id"": ""0070cd3b-1dd7-48ee-9f29-b97266bf5afb"", ""value"": ""preferred terms"", ""language_id"": ""en"", ""list_item_id"": ""5f400d39-3b6b-4b8a-939b-4e49787c7444"", ""valuetype_id"": ""prefLabel""}], ""list_id"": ""80028d07-9c98-48cf-84db-f77bc01c8bbc""}]","[{""uri"": ""http://localhost:8000/plugins/controlled-list-manager/item/38729dbe-6d1c-48ce-bf47-e2a18945600e"", ""labels"": [{""id"": ""08a9b0bd-4713-4ea6-a829-66a64240e254"", ""value"": ""English (language)"", ""language_id"": ""en"", ""list_item_id"": ""38729dbe-6d1c-48ce-bf47-e2a18945600e"", ""valuetype_id"": ""prefLabel""}], ""list_id"": ""f7fc4f6d-fd46-4881-846f-4a08bc1a3fef""}]",3695cff8-d770-11ef-8f5d-0275dc2ded29
c32f234d-2dc3-428e-89e8-909a5a01f72a,36956e50-d770-11ef-8f5d-0275dc2ded29,166c7b56-b36e-4cfa-9dc0-7d232f147d69,1,6cff0600-b760-4eb8-9456-6d7f4018f4da,"{""en"": {""value"": ""Fuji Photo Film, Inc."", ""direction"": ""ltr""}}","[{""uri"": ""http://localhost:8000/plugins/controlled-list-manager/item/5f400d39-3b6b-4b8a-939b-4e49787c7444"", ""labels"": [{""id"": ""0070cd3b-1dd7-48ee-9f29-b97266bf5afb"", ""value"": ""preferred terms"", ""language_id"": ""en"", ""list_item_id"": ""5f400d39-3b6b-4b8a-939b-4e49787c7444"", ""valuetype_id"": ""prefLabel""}], ""list_id"": ""80028d07-9c98-48cf-84db-f77bc01c8bbc""}]","[{""uri"": ""http://localhost:8000/plugins/controlled-list-manager/item/38729dbe-6d1c-48ce-bf47-e2a18945600e"", ""labels"": [{""id"": ""08a9b0bd-4713-4ea6-a829-66a64240e254"", ""value"": ""English (language)"", ""language_id"": ""en"", ""list_item_id"": ""38729dbe-6d1c-48ce-bf47-e2a18945600e"", ""valuetype_id"": ""prefLabel""}], ""list_id"": ""f7fc4f6d-fd46-4881-846f-4a08bc1a3fef""}]",3695cff8-d770-11ef-8f5d-0275dc2ded29
5e6c35f4-7a9e-4e08-b29d-a41dd57dc428,36956e50-d770-11ef-8f5d-0275dc2ded29,166c7b56-b36e-4cfa-9dc0-7d232f147d69,1,800f4f62-fe33-4e1b-84a2-388d89916288,"{""en"": {""value"": ""Forte"", ""direction"": ""ltr""}}","[{""uri"": ""http://localhost:8000/plugins/controlled-list-manager/item/5f400d39-3b6b-4b8a-939b-4e49787c7444"", ""labels"": [{""id"": ""0070cd3b-1dd7-48ee-9f29-b97266bf5afb"", ""value"": ""preferred terms"", ""language_id"": ""en"", ""list_item_id"": ""5f400d39-3b6b-4b8a-939b-4e49787c7444"", ""valuetype_id"": ""prefLabel""}], ""list_id"": ""80028d07-9c98-48cf-84db-f77bc01c8bbc""}]","[{""uri"": ""http://localhost:8000/plugins/controlled-list-manager/item/38729dbe-6d1c-48ce-bf47-e2a18945600e"", ""labels"": [{""id"": ""08a9b0bd-4713-4ea6-a829-66a64240e254"", ""value"": ""English (language)"", ""language_id"": ""en"", ""list_item_id"": ""38729dbe-6d1c-48ce-bf47-e2a18945600e"", ""valuetype_id"": ""prefLabel""}], ""list_id"": ""f7fc4f6d-fd46-4881-846f-4a08bc1a3fef""}]",3695cff8-d770-11ef-8f5d-0275dc2ded29
1939af9f-6805-44ad-bb9f-76261b705c25,36956e50-d770-11ef-8f5d-0275dc2ded29,166c7b56-b36e-4cfa-9dc0-7d232f147d69,1,b9e9fe5b-3dd0-466f-a5ce-ca87e886c668,"{""en"": {""value"": ""C. Roberson & Company, Ltd."", ""direction"": ""ltr""}}","[{""uri"": ""http://localhost:8000/plugins/controlled-list-manager/item/5f400d39-3b6b-4b8a-939b-4e49787c7444"", ""labels"": [{""id"": ""0070cd3b-1dd7-48ee-9f29-b97266bf5afb"", ""value"": ""preferred terms"", ""language_id"": ""en"", ""list_item_id"": ""5f400d39-3b6b-4b8a-939b-4e49787c7444"", ""valuetype_id"": ""prefLabel""}], ""list_id"": ""80028d07-9c98-48cf-84db-f77bc01c8bbc""}]","[{""uri"": ""http://localhost:8000/plugins/controlled-list-manager/item/38729dbe-6d1c-48ce-bf47-e2a18945600e"", ""labels"": [{""id"": ""08a9b0bd-4713-4ea6-a829-66a64240e254"", ""value"": ""English (language)"", ""language_id"": ""en"", ""list_item_id"": ""38729dbe-6d1c-48ce-bf47-e2a18945600e"", ""valuetype_id"": ""prefLabel""}], ""list_id"": ""f7fc4f6d-fd46-4881-846f-4a08bc1a3fef""}]",3695cff8-d770-11ef-8f5d-0275dc2ded29
435ec4fe-93f8-4725-8cf1-dc1d10f59ab5,36956e50-d770-11ef-8f5d-0275dc2ded29,166c7b56-b36e-4cfa-9dc0-7d232f147d69,1,b89aa28a-96ed-44a7-a500-e34d908bd561,"{""en"": {""value"": ""ROUGIE"", ""direction"": ""ltr""}}","[{""uri"": ""http://localhost:8000/plugins/controlled-list-manager/item/5f400d39-3b6b-4b8a-939b-4e49787c7444"", ""labels"": [{""id"": ""0070cd3b-1dd7-48ee-9f29-b97266bf5afb"", ""value"": ""preferred terms"", ""language_id"": ""en"", ""list_item_id"": ""5f400d39-3b6b-4b8a-939b-4e49787c7444"", ""valuetype_id"": ""prefLabel""}], ""list_id"": ""80028d07-9c98-48cf-84db-f77bc01c8bbc""}]","[{""uri"": ""http://localhost:8000/plugins/controlled-list-manager/item/38729dbe-6d1c-48ce-bf47-e2a18945600e"", ""labels"": [{""id"": ""08a9b0bd-4713-4ea6-a829-66a64240e254"", ""value"": ""English (language)"", ""language_id"": ""en"", ""list_item_id"": ""38729dbe-6d1c-48ce-bf47-e2a18945600e"", ""valuetype_id"": ""prefLabel""}], ""list_id"": ""f7fc4f6d-fd46-4881-846f-4a08bc1a3fef""}]",3695cff8-d770-11ef-8f5d-0275dc2ded29
296f2fdd-90ed-4e6f-bba1-2460b0c63865,36956e50-d770-11ef-8f5d-0275dc2ded29,166c7b56-b36e-4cfa-9dc0-7d232f147d69,1,ee253d7d-57bd-43a7-972d-6f349f74e59e,"{""en"": {""value"": ""Ploton"", ""direction"": ""ltr""}}","[{""uri"": ""http://localhost:8000/plugins/controlled-list-manager/item/5f400d39-3b6b-4b8a-939b-4e49787c7444"", ""labels"": [{""id"": ""0070cd3b-1dd7-48ee-9f29-b97266bf5afb"", ""value"": ""preferred terms"", ""language_id"": ""en"", ""list_item_id"": ""5f400d39-3b6b-4b8a-939b-4e49787c7444"", ""valuetype_id"": ""prefLabel""}], ""list_id"": ""80028d07-9c98-48cf-84db-f77bc01c8bbc""}]","[{""uri"": ""http://localhost:8000/plugins/controlled-list-manager/item/38729dbe-6d1c-48ce-bf47-e2a18945600e"", ""labels"": [{""id"": ""08a9b0bd-4713-4ea6-a829-66a64240e254"", ""value"": ""English (language)"", ""language_id"": ""en"", ""list_item_id"": ""38729dbe-6d1c-48ce-bf47-e2a18945600e"", ""valuetype_id"": ""prefLabel""}], ""list_id"": ""f7fc4f6d-fd46-4881-846f-4a08bc1a3fef""}]",3695cff8-d770-11ef-8f5d-0275dc2ded29
27884717-94cb-41d1-beec-902de354b431,36956e50-d770-11ef-8f5d-0275dc2ded29,166c7b56-b36e-4cfa-9dc0-7d232f147d69,1,fb9660d6-aa76-4fcd-a0c8-06a3e0924725,"{""en"": {""value"": ""Los Angeles County Museum of Art"", ""direction"": ""ltr""}}","[{""uri"": ""http://localhost:8000/plugins/controlled-list-manager/item/5f400d39-3b6b-4b8a-939b-4e49787c7444"", ""labels"": [{""id"": ""0070cd3b-1dd7-48ee-9f29-b97266bf5afb"", ""value"": ""preferred terms"", ""language_id"": ""en"", ""list_item_id"": ""5f400d39-3b6b-4b8a-939b-4e49787c7444"", ""valuetype_id"": ""prefLabel""}], ""list_id"": ""80028d07-9c98-48cf-84db-f77bc01c8bbc""}]","[{""uri"": ""http://localhost:8000/plugins/controlled-list-manager/item/38729dbe-6d1c-48ce-bf47-e2a18945600e"", ""labels"": [{""id"": ""08a9b0bd-4713-4ea6-a829-66a64240e254"", ""value"": ""English (language)"", ""language_id"": ""en"", ""list_item_id"": ""38729dbe-6d1c-48ce-bf47-e2a18945600e"", ""valuetype_id"": ""prefLabel""}], ""list_id"": ""f7fc4f6d-fd46-4881-846f-4a08bc1a3fef""}]",3695cff8-d770-11ef-8f5d-0275dc2ded29
fd1fe6f7-78a7-499d-941b-029001e76f32,36956e50-d770-11ef-8f5d-0275dc2ded29,166c7b56-b36e-4cfa-9dc0-7d232f147d69,1,fbaaf0f7-0285-4334-8805-647bfc6db8eb,"{""en"": {""value"": ""Honey Lady"", ""direction"": ""ltr""}}","[{""uri"": ""http://localhost:8000/plugins/controlled-list-manager/item/5f400d39-3b6b-4b8a-939b-4e49787c7444"", ""labels"": [{""id"": ""0070cd3b-1dd7-48ee-9f29-b97266bf5afb"", ""value"": ""preferred terms"", ""language_id"": ""en"", ""list_item_id"": ""5f400d39-3b6b-4b8a-939b-4e49787c7444"", ""valuetype_id"": ""prefLabel""}], ""list_id"": ""80028d07-9c98-48cf-84db-f77bc01c8bbc""}]","[{""uri"": ""http://localhost:8000/plugins/controlled-list-manager/item/38729dbe-6d1c-48ce-bf47-e2a18945600e"", ""labels"": [{""id"": ""08a9b0bd-4713-4ea6-a829-66a64240e254"", ""value"": ""English (language)"", ""language_id"": ""en"", ""list_item_id"": ""38729dbe-6d1c-48ce-bf47-e2a18945600e"", ""valuetype_id"": ""prefLabel""}], ""list_id"": ""f7fc4f6d-fd46-4881-846f-4a08bc1a3fef""}]",3695cff8-d770-11ef-8f5d-0275dc2ded29
3d7ed6b7-f672-476c-8c3f-d50e129feb2a,36956e50-d770-11ef-8f5d-0275dc2ded29,166c7b56-b36e-4cfa-9dc0-7d232f147d69,1,9612a16d-8520-45bf-b72d-ae16635e6eb3,"{""en"": {""value"": ""GAMA s.p. C. Budejovice"", ""direction"": ""ltr""}}","[{""uri"": ""http://localhost:8000/plugins/controlled-list-manager/item/5f400d39-3b6b-4b8a-939b-4e49787c7444"", ""labels"": [{""id"": ""0070cd3b-1dd7-48ee-9f29-b97266bf5afb"", ""value"": ""preferred terms"", ""language_id"": ""en"", ""list_item_id"": ""5f400d39-3b6b-4b8a-939b-4e49787c7444"", ""valuetype_id"": ""prefLabel""}], ""list_id"": ""80028d07-9c98-48cf-84db-f77bc01c8bbc""}]","[{""uri"": ""http://localhost:8000/plugins/controlled-list-manager/item/38729dbe-6d1c-48ce-bf47-e2a18945600e"", ""labels"": [{""id"": ""08a9b0bd-4713-4ea6-a829-66a64240e254"", ""value"": ""English (language)"", ""language_id"": ""en"", ""list_item_id"": ""38729dbe-6d1c-48ce-bf47-e2a18945600e"", ""valuetype_id"": ""prefLabel""}], ""list_id"": ""f7fc4f6d-fd46-4881-846f-4a08bc1a3fef""}]",3695cff8-d770-11ef-8f5d-0275dc2ded29
dc4b2e90-2a86-4cd0-9bc5-f51a3a00f590,36956e50-d770-11ef-8f5d-0275dc2ded29,166c7b56-b36e-4cfa-9dc0-7d232f147d69,1,4e4ab630-6f75-4454-8965-683543b455b3,"{""en"": {""value"": ""Syntezia"", ""direction"": ""ltr""}}","[{""uri"": ""http://localhost:8000/plugins/controlled-list-manager/item/5f400d39-3b6b-4b8a-939b-4e49787c7444"", ""labels"": [{""id"": ""0070cd3b-1dd7-48ee-9f29-b97266bf5afb"", ""value"": ""preferred terms"", ""language_id"": ""en"", ""list_item_id"": ""5f400d39-3b6b-4b8a-939b-4e49787c7444"", ""valuetype_id"": ""prefLabel""}], ""list_id"": ""80028d07-9c98-48cf-84db-f77bc01c8bbc""}]","[{""uri"": ""http://localhost:8000/plugins/controlled-list-manager/item/38729dbe-6d1c-48ce-bf47-e2a18945600e"", ""labels"": [{""id"": ""08a9b0bd-4713-4ea6-a829-66a64240e254"", ""value"": ""English (language)"", ""language_id"": ""en"", ""list_item_id"": ""38729dbe-6d1c-48ce-bf47-e2a18945600e"", ""valuetype_id"": ""prefLabel""}], ""list_id"": ""f7fc4f6d-fd46-4881-846f-4a08bc1a3fef""}]",3695cff8-d770-11ef-8f5d-0275dc2ded29
a981c4ec-07fb-4d9a-9e5c-660dc032b08d,36956e50-d770-11ef-8f5d-0275dc2ded29,166c7b56-b36e-4cfa-9dc0-7d232f147d69,1,b63b5f48-20c1-472b-a63b-8f531b8ab945,"{""en"": {""value"": ""Madderton"", ""direction"": ""ltr""}}","[{""uri"": ""http://localhost:8000/plugins/controlled-list-manager/item/5f400d39-3b6b-4b8a-939b-4e49787c7444"", ""labels"": [{""id"": ""0070cd3b-1dd7-48ee-9f29-b97266bf5afb"", ""value"": ""preferred terms"", ""language_id"": ""en"", ""list_item_id"": ""5f400d39-3b6b-4b8a-939b-4e49787c7444"", ""valuetype_id"": ""prefLabel""}], ""list_id"": ""80028d07-9c98-48cf-84db-f77bc01c8bbc""}]","[{""uri"": ""http://localhost:8000/plugins/controlled-list-manager/item/38729dbe-6d1c-48ce-bf47-e2a18945600e"", ""labels"": [{""id"": ""08a9b0bd-4713-4ea6-a829-66a64240e254"", ""value"": ""English (language)"", ""language_id"": ""en"", ""list_item_id"": ""38729dbe-6d1c-48ce-bf47-e2a18945600e"", ""valuetype_id"": ""prefLabel""}], ""list_id"": ""f7fc4f6d-fd46-4881-846f-4a08bc1a3fef""}]",3695cff8-d770-11ef-8f5d-0275dc2ded29
79fc3b38-f6d9-4c1e-8e73-231decb55572,36956e50-d770-11ef-8f5d-0275dc2ded29,166c7b56-b36e-4cfa-9dc0-7d232f147d69,1,cf6e023a-26d5-4f4b-abd2-bab5f2d8980b,"{""en"": {""value"": ""Kindt-Collins Company"", ""direction"": ""ltr""}}","[{""uri"": ""http://localhost:8000/plugins/controlled-list-manager/item/5f400d39-3b6b-4b8a-939b-4e49787c7444"", ""labels"": [{""id"": ""0070cd3b-1dd7-48ee-9f29-b97266bf5afb"", ""value"": ""preferred terms"", ""language_id"": ""en"", ""list_item_id"": ""5f400d39-3b6b-4b8a-939b-4e49787c7444"", ""valuetype_id"": ""prefLabel""}], ""list_id"": ""80028d07-9c98-48cf-84db-f77bc01c8bbc""}]","[{""uri"": ""http://localhost:8000/plugins/controlled-list-manager/item/38729dbe-6d1c-48ce-bf47-e2a18945600e"", ""labels"": [{""id"": ""08a9b0bd-4713-4ea6-a829-66a64240e254"", ""value"": ""English (language)"", ""language_id"": ""en"", ""list_item_id"": ""38729dbe-6d1c-48ce-bf47-e2a18945600e"", ""valuetype_id"": ""prefLabel""}], ""list_id"": ""f7fc4f6d-fd46-4881-846f-4a08bc1a3fef""}]",3695cff8-d770-11ef-8f5d-0275dc2ded29
df0706ae-5713-464e-ba0a-22aa5e223469,36956e50-d770-11ef-8f5d-0275dc2ded29,166c7b56-b36e-4cfa-9dc0-7d232f147d69,1,1a64c6da-f5eb-40f1-b53e-218a8efea918,"{""en"": {""value"": ""McCrone Accessories & Components"", ""direction"": ""ltr""}}","[{""uri"": ""http://localhost:8000/plugins/controlled-list-manager/item/5f400d39-3b6b-4b8a-939b-4e49787c7444"", ""labels"": [{""id"": ""0070cd3b-1dd7-48ee-9f29-b97266bf5afb"", ""value"": ""preferred terms"", ""language_id"": ""en"", ""list_item_id"": ""5f400d39-3b6b-4b8a-939b-4e49787c7444"", ""valuetype_id"": ""prefLabel""}], ""list_id"": ""80028d07-9c98-48cf-84db-f77bc01c8bbc""}]","[{""uri"": ""http://localhost:8000/plugins/controlled-list-manager/item/38729dbe-6d1c-48ce-bf47-e2a18945600e"", ""labels"": [{""id"": ""08a9b0bd-4713-4ea6-a829-66a64240e254"", ""value"": ""English (language)"", ""language_id"": ""en"", ""list_item_id"": ""38729dbe-6d1c-48ce-bf47-e2a18945600e"", ""valuetype_id"": ""prefLabel""}], ""list_id"": ""f7fc4f6d-fd46-4881-846f-4a08bc1a3fef""}]",3695cff8-d770-11ef-8f5d-0275dc2ded29
08ef3604-caab-4666-a9b0-372f3a25c747,36956e50-d770-11ef-8f5d-0275dc2ded29,166c7b56-b36e-4cfa-9dc0-7d232f147d69,1,f53ec1e6-fe2e-4b24-815e-9d964867b835,"{""en"": {""value"": ""West Hills, CA"", ""direction"": ""ltr""}}","[{""uri"": ""http://localhost:8000/plugins/controlled-list-manager/item/5f400d39-3b6b-4b8a-939b-4e49787c7444"", ""labels"": [{""id"": ""0070cd3b-1dd7-48ee-9f29-b97266bf5afb"", ""value"": ""preferred terms"", ""language_id"": ""en"", ""list_item_id"": ""5f400d39-3b6b-4b8a-939b-4e49787c7444"", ""valuetype_id"": ""prefLabel""}], ""list_id"": ""80028d07-9c98-48cf-84db-f77bc01c8bbc""}]","[{""uri"": ""http://localhost:8000/plugins/controlled-list-manager/item/38729dbe-6d1c-48ce-bf47-e2a18945600e"", ""labels"": [{""id"": ""08a9b0bd-4713-4ea6-a829-66a64240e254"", ""value"": ""English (language)"", ""language_id"": ""en"", ""list_item_id"": ""38729dbe-6d1c-48ce-bf47-e2a18945600e"", ""valuetype_id"": ""prefLabel""}], ""list_id"": ""f7fc4f6d-fd46-4881-846f-4a08bc1a3fef""}]",3695cff8-d770-11ef-8f5d-0275dc2ded29
f0c07e28-5770-4d85-8b18-93a44eadbd18,36956e50-d770-11ef-8f5d-0275dc2ded29,166c7b56-b36e-4cfa-9dc0-7d232f147d69,1,05c19fce-92b8-40f3-890a-02f83f4712cb,"{""en"": {""value"": ""Asahi Oil Colours Co., Ltd."", ""direction"": ""ltr""}}","[{""uri"": ""http://localhost:8000/plugins/controlled-list-manager/item/5f400d39-3b6b-4b8a-939b-4e49787c7444"", ""labels"": [{""id"": ""0070cd3b-1dd7-48ee-9f29-b97266bf5afb"", ""value"": ""preferred terms"", ""language_id"": ""en"", ""list_item_id"": ""5f400d39-3b6b-4b8a-939b-4e49787c7444"", ""valuetype_id"": ""prefLabel""}], ""list_id"": ""80028d07-9c98-48cf-84db-f77bc01c8bbc""}]","[{""uri"": ""http://localhost:8000/plugins/controlled-list-manager/item/38729dbe-6d1c-48ce-bf47-e2a18945600e"", ""labels"": [{""id"": ""08a9b0bd-4713-4ea6-a829-66a64240e254"", ""value"": ""English (language)"", ""language_id"": ""en"", ""list_item_id"": ""38729dbe-6d1c-48ce-bf47-e2a18945600e"", ""valuetype_id"": ""prefLabel""}], ""list_id"": ""f7fc4f6d-fd46-4881-846f-4a08bc1a3fef""}]",3695cff8-d770-11ef-8f5d-0275dc2ded29
5c1ae4e8-ea69-43f3-80de-49663b9142d5,36956e50-d770-11ef-8f5d-0275dc2ded29,166c7b56-b36e-4cfa-9dc0-7d232f147d69,1,3ec04c10-6696-4ef3-b2ac-6a4e25841968,"{""en"": {""value"": ""Advance Solvents & Chemical Corp."", ""direction"": ""ltr""}}","[{""uri"": ""http://localhost:8000/plugins/controlled-list-manager/item/5f400d39-3b6b-4b8a-939b-4e49787c7444"", ""labels"": [{""id"": ""0070cd3b-1dd7-48ee-9f29-b97266bf5afb"", ""value"": ""preferred terms"", ""language_id"": ""en"", ""list_item_id"": ""5f400d39-3b6b-4b8a-939b-4e49787c7444"", ""valuetype_id"": ""prefLabel""}], ""list_id"": ""80028d07-9c98-48cf-84db-f77bc01c8bbc""}]","[{""uri"": ""http://localhost:8000/plugins/controlled-list-manager/item/38729dbe-6d1c-48ce-bf47-e2a18945600e"", ""labels"": [{""id"": ""08a9b0bd-4713-4ea6-a829-66a64240e254"", ""value"": ""English (language)"", ""language_id"": ""en"", ""list_item_id"": ""38729dbe-6d1c-48ce-bf47-e2a18945600e"", ""valuetype_id"": ""prefLabel""}], ""list_id"": ""f7fc4f6d-fd46-4881-846f-4a08bc1a3fef""}]",3695cff8-d770-11ef-8f5d-0275dc2ded29
d7ee10aa-eaf0-45b4-add6-0d09a1835d65,36956e50-d770-11ef-8f5d-0275dc2ded29,166c7b56-b36e-4cfa-9dc0-7d232f147d69,1,d1b783eb-c8f5-4408-bcfe-99147e347385,"{""en"": {""value"": ""Kalle"", ""direction"": ""ltr""}}","[{""uri"": ""http://localhost:8000/plugins/controlled-list-manager/item/5f400d39-3b6b-4b8a-939b-4e49787c7444"", ""labels"": [{""id"": ""0070cd3b-1dd7-48ee-9f29-b97266bf5afb"", ""value"": ""preferred terms"", ""language_id"": ""en"", ""list_item_id"": ""5f400d39-3b6b-4b8a-939b-4e49787c7444"", ""valuetype_id"": ""prefLabel""}], ""list_id"": ""80028d07-9c98-48cf-84db-f77bc01c8bbc""}]","[{""uri"": ""http://localhost:8000/plugins/controlled-list-manager/item/38729dbe-6d1c-48ce-bf47-e2a18945600e"", ""labels"": [{""id"": ""08a9b0bd-4713-4ea6-a829-66a64240e254"", ""value"": ""English (language)"", ""language_id"": ""en"", ""list_item_id"": ""38729dbe-6d1c-48ce-bf47-e2a18945600e"", ""valuetype_id"": ""prefLabel""}], ""list_id"": ""f7fc4f6d-fd46-4881-846f-4a08bc1a3fef""}]",3695cff8-d770-11ef-8f5d-0275dc2ded29
93c669d9-97da-4e15-ae66-59bc696183f5,36956e50-d770-11ef-8f5d-0275dc2ded29,166c7b56-b36e-4cfa-9dc0-7d232f147d69,1,007e5e6f-c1b2-407f-ae1f-7082ac1fa2ba,"{""en"": {""value"": ""Charles Schoettlin"", ""direction"": ""ltr""}}","[{""uri"": ""http://localhost:8000/plugins/controlled-list-manager/item/5f400d39-3b6b-4b8a-939b-4e49787c7444"", ""labels"": [{""id"": ""0070cd3b-1dd7-48ee-9f29-b97266bf5afb"", ""value"": ""preferred terms"", ""language_id"": ""en"", ""list_item_id"": ""5f400d39-3b6b-4b8a-939b-4e49787c7444"", ""valuetype_id"": ""prefLabel""}], ""list_id"": ""80028d07-9c98-48cf-84db-f77bc01c8bbc""}]","[{""uri"": ""http://localhost:8000/plugins/controlled-list-manager/item/38729dbe-6d1c-48ce-bf47-e2a18945600e"", ""labels"": [{""id"": ""08a9b0bd-4713-4ea6-a829-66a64240e254"", ""value"": ""English (language)"", ""language_id"": ""en"", ""list_item_id"": ""38729dbe-6d1c-48ce-bf47-e2a18945600e"", ""valuetype_id"": ""prefLabel""}], ""list_id"": ""f7fc4f6d-fd46-4881-846f-4a08bc1a3fef""}]",3695cff8-d770-11ef-8f5d-0275dc2ded29
dce6810d-856d-429c-beed-2ff7d5ffb728,36956e50-d770-11ef-8f5d-0275dc2ded29,166c7b56-b36e-4cfa-9dc0-7d232f147d69,1,e36e8fed-5686-4ba3-9f9e-860ec6bb0a18,"{""en"": {""value"": ""BASF"", ""direction"": ""ltr""}}","[{""uri"": ""http://localhost:8000/plugins/controlled-list-manager/item/5f400d39-3b6b-4b8a-939b-4e49787c7444"", ""labels"": [{""id"": ""0070cd3b-1dd7-48ee-9f29-b97266bf5afb"", ""value"": ""preferred terms"", ""language_id"": ""en"", ""list_item_id"": ""5f400d39-3b6b-4b8a-939b-4e49787c7444"", ""valuetype_id"": ""prefLabel""}], ""list_id"": ""80028d07-9c98-48cf-84db-f77bc01c8bbc""}]","[{""uri"": ""http://localhost:8000/plugins/controlled-list-manager/item/38729dbe-6d1c-48ce-bf47-e2a18945600e"", ""labels"": [{""id"": ""08a9b0bd-4713-4ea6-a829-66a64240e254"", ""value"": ""English (language)"", ""language_id"": ""en"", ""list_item_id"": ""38729dbe-6d1c-48ce-bf47-e2a18945600e"", ""valuetype_id"": ""prefLabel""}], ""list_id"": ""f7fc4f6d-fd46-4881-846f-4a08bc1a3fef""}]",3695cff8-d770-11ef-8f5d-0275dc2ded29
a2f3f277-b9e2-43dd-9534-09b02ff8d5bd,36956e50-d770-11ef-8f5d-0275dc2ded29,166c7b56-b36e-4cfa-9dc0-7d232f147d69,1,5fe53719-8267-4f88-83ee-a849f719a059,"{""en"": {""value"": ""Vendorama"", ""direction"": ""ltr""}}","[{""uri"": ""http://localhost:8000/plugins/controlled-list-manager/item/5f400d39-3b6b-4b8a-939b-4e49787c7444"", ""labels"": [{""id"": ""0070cd3b-1dd7-48ee-9f29-b97266bf5afb"", ""value"": ""preferred terms"", ""language_id"": ""en"", ""list_item_id"": ""5f400d39-3b6b-4b8a-939b-4e49787c7444"", ""valuetype_id"": ""prefLabel""}], ""list_id"": ""80028d07-9c98-48cf-84db-f77bc01c8bbc""}]","[{""uri"": ""http://localhost:8000/plugins/controlled-list-manager/item/38729dbe-6d1c-48ce-bf47-e2a18945600e"", ""labels"": [{""id"": ""08a9b0bd-4713-4ea6-a829-66a64240e254"", ""value"": ""English (language)"", ""language_id"": ""en"", ""list_item_id"": ""38729dbe-6d1c-48ce-bf47-e2a18945600e"", ""valuetype_id"": ""prefLabel""}], ""list_id"": ""f7fc4f6d-fd46-4881-846f-4a08bc1a3fef""}]",3695cff8-d770-11ef-8f5d-0275dc2ded29
a223a9c2-c512-4941-87ce-118988260d47,36956e50-d770-11ef-8f5d-0275dc2ded29,166c7b56-b36e-4cfa-9dc0-7d232f147d69,1,49462f54-b747-4d61-b83e-721ca0082165,"{""en"": {""value"": ""Dick Blick (J. Noble)"", ""direction"": ""ltr""}}","[{""uri"": ""http://localhost:8000/plugins/controlled-list-manager/item/5f400d39-3b6b-4b8a-939b-4e49787c7444"", ""labels"": [{""id"": ""0070cd3b-1dd7-48ee-9f29-b97266bf5afb"", ""value"": ""preferred terms"", ""language_id"": ""en"", ""list_item_id"": ""5f400d39-3b6b-4b8a-939b-4e49787c7444"", ""valuetype_id"": ""prefLabel""}], ""list_id"": ""80028d07-9c98-48cf-84db-f77bc01c8bbc""}]","[{""uri"": ""http://localhost:8000/plugins/controlled-list-manager/item/38729dbe-6d1c-48ce-bf47-e2a18945600e"", ""labels"": [{""id"": ""08a9b0bd-4713-4ea6-a829-66a64240e254"", ""value"": ""English (language)"", ""language_id"": ""en"", ""list_item_id"": ""38729dbe-6d1c-48ce-bf47-e2a18945600e"", ""valuetype_id"": ""prefLabel""}], ""list_id"": ""f7fc4f6d-fd46-4881-846f-4a08bc1a3fef""}]",3695cff8-d770-11ef-8f5d-0275dc2ded29
1fcee023-fb51-49cf-a406-c33c3bfecb16,36956e50-d770-11ef-8f5d-0275dc2ded29,166c7b56-b36e-4cfa-9dc0-7d232f147d69,1,44719066-b1a5-439c-ab7f-17970a99ff16,"{""en"": {""value"": ""Utrecht Artists' Materials"", ""direction"": ""ltr""}}","[{""uri"": ""http://localhost:8000/plugins/controlled-list-manager/item/5f400d39-3b6b-4b8a-939b-4e49787c7444"", ""labels"": [{""id"": ""0070cd3b-1dd7-48ee-9f29-b97266bf5afb"", ""value"": ""preferred terms"", ""language_id"": ""en"", ""list_item_id"": ""5f400d39-3b6b-4b8a-939b-4e49787c7444"", ""valuetype_id"": ""prefLabel""}], ""list_id"": ""80028d07-9c98-48cf-84db-f77bc01c8bbc""}]","[{""uri"": ""http://localhost:8000/plugins/controlled-list-manager/item/38729dbe-6d1c-48ce-bf47-e2a18945600e"", ""labels"": [{""id"": ""08a9b0bd-4713-4ea6-a829-66a64240e254"", ""value"": ""English (language)"", ""language_id"": ""en"", ""list_item_id"": ""38729dbe-6d1c-48ce-bf47-e2a18945600e"", ""valuetype_id"": ""prefLabel""}], ""list_id"": ""f7fc4f6d-fd46-4881-846f-4a08bc1a3fef""}]",3695cff8-d770-11ef-8f5d-0275dc2ded29
0883c589-4b5d-449e-9a7a-3dcce9a0dc8c,36956e50-d770-11ef-8f5d-0275dc2ded29,166c7b56-b36e-4cfa-9dc0-7d232f147d69,1,85d29295-9e8b-4fc3-9c6a-2f73dc132285,"{""en"": {""value"": ""Overtone Labs for Durachem"", ""direction"": ""ltr""}}","[{""uri"": ""http://localhost:8000/plugins/controlled-list-manager/item/5f400d39-3b6b-4b8a-939b-4e49787c7444"", ""labels"": [{""id"": ""0070cd3b-1dd7-48ee-9f29-b97266bf5afb"", ""value"": ""preferred terms"", ""language_id"": ""en"", ""list_item_id"": ""5f400d39-3b6b-4b8a-939b-4e49787c7444"", ""valuetype_id"": ""prefLabel""}], ""list_id"": ""80028d07-9c98-48cf-84db-f77bc01c8bbc""}]","[{""uri"": ""http://localhost:8000/plugins/controlled-list-manager/item/38729dbe-6d1c-48ce-bf47-e2a18945600e"", ""labels"": [{""id"": ""08a9b0bd-4713-4ea6-a829-66a64240e254"", ""value"": ""English (language)"", ""language_id"": ""en"", ""list_item_id"": ""38729dbe-6d1c-48ce-bf47-e2a18945600e"", ""valuetype_id"": ""prefLabel""}], ""list_id"": ""f7fc4f6d-fd46-4881-846f-4a08bc1a3fef""}]",3695cff8-d770-11ef-8f5d-0275dc2ded29
383bee39-caf8-4039-9bc2-ee399da7aa07,36956e50-d770-11ef-8f5d-0275dc2ded29,166c7b56-b36e-4cfa-9dc0-7d232f147d69,1,731d0368-bc67-467b-8ef2-f4091d05ded5,"{""en"": {""value"": ""Orchard"", ""direction"": ""ltr""}}","[{""uri"": ""http://localhost:8000/plugins/controlled-list-manager/item/5f400d39-3b6b-4b8a-939b-4e49787c7444"", ""labels"": [{""id"": ""0070cd3b-1dd7-48ee-9f29-b97266bf5afb"", ""value"": ""preferred terms"", ""language_id"": ""en"", ""list_item_id"": ""5f400d39-3b6b-4b8a-939b-4e49787c7444"", ""valuetype_id"": ""prefLabel""}], ""list_id"": ""80028d07-9c98-48cf-84db-f77bc01c8bbc""}]","[{""uri"": ""http://localhost:8000/plugins/controlled-list-manager/item/38729dbe-6d1c-48ce-bf47-e2a18945600e"", ""labels"": [{""id"": ""08a9b0bd-4713-4ea6-a829-66a64240e254"", ""value"": ""English (language)"", ""language_id"": ""en"", ""list_item_id"": ""38729dbe-6d1c-48ce-bf47-e2a18945600e"", ""valuetype_id"": ""prefLabel""}], ""list_id"": ""f7fc4f6d-fd46-4881-846f-4a08bc1a3fef""}]",3695cff8-d770-11ef-8f5d-0275dc2ded29
edd7d271-d578-48cc-ada7-bd300cfe4a58,36956e50-d770-11ef-8f5d-0275dc2ded29,166c7b56-b36e-4cfa-9dc0-7d232f147d69,1,da1a1390-b813-4425-9b6c-ab2e65e12c36,"{""en"": {""value"": ""C and P Co"", ""direction"": ""ltr""}}","[{""uri"": ""http://localhost:8000/plugins/controlled-list-manager/item/5f400d39-3b6b-4b8a-939b-4e49787c7444"", ""labels"": [{""id"": ""0070cd3b-1dd7-48ee-9f29-b97266bf5afb"", ""value"": ""preferred terms"", ""language_id"": ""en"", ""list_item_id"": ""5f400d39-3b6b-4b8a-939b-4e49787c7444"", ""valuetype_id"": ""prefLabel""}], ""list_id"": ""80028d07-9c98-48cf-84db-f77bc01c8bbc""}]","[{""uri"": ""http://localhost:8000/plugins/controlled-list-manager/item/38729dbe-6d1c-48ce-bf47-e2a18945600e"", ""labels"": [{""id"": ""08a9b0bd-4713-4ea6-a829-66a64240e254"", ""value"": ""English (language)"", ""language_id"": ""en"", ""list_item_id"": ""38729dbe-6d1c-48ce-bf47-e2a18945600e"", ""valuetype_id"": ""prefLabel""}], ""list_id"": ""f7fc4f6d-fd46-4881-846f-4a08bc1a3fef""}]",3695cff8-d770-11ef-8f5d-0275dc2ded29
13329c92-77d7-436d-b077-3fc71882bdd9,36956e50-d770-11ef-8f5d-0275dc2ded29,166c7b56-b36e-4cfa-9dc0-7d232f147d69,1,09cc314a-f177-41d3-b32b-d54f104a58e1,"{""en"": {""value"": ""Roemberpou"", ""direction"": ""ltr""}}","[{""uri"": ""http://localhost:8000/plugins/controlled-list-manager/item/5f400d39-3b6b-4b8a-939b-4e49787c7444"", ""labels"": [{""id"": ""0070cd3b-1dd7-48ee-9f29-b97266bf5afb"", ""value"": ""preferred terms"", ""language_id"": ""en"", ""list_item_id"": ""5f400d39-3b6b-4b8a-939b-4e49787c7444"", ""valuetype_id"": ""prefLabel""}], ""list_id"": ""80028d07-9c98-48cf-84db-f77bc01c8bbc""}]","[{""uri"": ""http://localhost:8000/plugins/controlled-list-manager/item/38729dbe-6d1c-48ce-bf47-e2a18945600e"", ""labels"": [{""id"": ""08a9b0bd-4713-4ea6-a829-66a64240e254"", ""value"": ""English (language)"", ""language_id"": ""en"", ""list_item_id"": ""38729dbe-6d1c-48ce-bf47-e2a18945600e"", ""valuetype_id"": ""prefLabel""}], ""list_id"": ""f7fc4f6d-fd46-4881-846f-4a08bc1a3fef""}]",3695cff8-d770-11ef-8f5d-0275dc2ded29
71b7d836-20ae-4651-93e1-960998f5a34c,36956e50-d770-11ef-8f5d-0275dc2ded29,166c7b56-b36e-4cfa-9dc0-7d232f147d69,1,87f797d3-72db-472b-9fc9-4b98a864f52f,"{""en"": {""value"": ""Delta Tech. Coatings (for Shiva)"", ""direction"": ""ltr""}}","[{""uri"": ""http://localhost:8000/plugins/controlled-list-manager/item/5f400d39-3b6b-4b8a-939b-4e49787c7444"", ""labels"": [{""id"": ""0070cd3b-1dd7-48ee-9f29-b97266bf5afb"", ""value"": ""preferred terms"", ""language_id"": ""en"", ""list_item_id"": ""5f400d39-3b6b-4b8a-939b-4e49787c7444"", ""valuetype_id"": ""prefLabel""}], ""list_id"": ""80028d07-9c98-48cf-84db-f77bc01c8bbc""}]","[{""uri"": ""http://localhost:8000/plugins/controlled-list-manager/item/38729dbe-6d1c-48ce-bf47-e2a18945600e"", ""labels"": [{""id"": ""08a9b0bd-4713-4ea6-a829-66a64240e254"", ""value"": ""English (language)"", ""language_id"": ""en"", ""list_item_id"": ""38729dbe-6d1c-48ce-bf47-e2a18945600e"", ""valuetype_id"": ""prefLabel""}], ""list_id"": ""f7fc4f6d-fd46-4881-846f-4a08bc1a3fef""}]",3695cff8-d770-11ef-8f5d-0275dc2ded29
5b05a4ae-7853-4dc7-a971-31a5787d514e,36956e50-d770-11ef-8f5d-0275dc2ded29,166c7b56-b36e-4cfa-9dc0-7d232f147d69,1,6ca8eb2a-edc2-4cac-8b40-fa1b9869180d,"{""en"": {""value"": ""American Hoechst Corp."", ""direction"": ""ltr""}}","[{""uri"": ""http://localhost:8000/plugins/controlled-list-manager/item/5f400d39-3b6b-4b8a-939b-4e49787c7444"", ""labels"": [{""id"": ""0070cd3b-1dd7-48ee-9f29-b97266bf5afb"", ""value"": ""preferred terms"", ""language_id"": ""en"", ""list_item_id"": ""5f400d39-3b6b-4b8a-939b-4e49787c7444"", ""valuetype_id"": ""prefLabel""}], ""list_id"": ""80028d07-9c98-48cf-84db-f77bc01c8bbc""}]","[{""uri"": ""http://localhost:8000/plugins/controlled-list-manager/item/38729dbe-6d1c-48ce-bf47-e2a18945600e"", ""labels"": [{""id"": ""08a9b0bd-4713-4ea6-a829-66a64240e254"", ""value"": ""English (language)"", ""language_id"": ""en"", ""list_item_id"": ""38729dbe-6d1c-48ce-bf47-e2a18945600e"", ""valuetype_id"": ""prefLabel""}], ""list_id"": ""f7fc4f6d-fd46-4881-846f-4a08bc1a3fef""}]",3695cff8-d770-11ef-8f5d-0275dc2ded29
d236bb86-c55b-4f43-9053-2dbf57d9ea16,36956e50-d770-11ef-8f5d-0275dc2ded29,166c7b56-b36e-4cfa-9dc0-7d232f147d69,1,9008ee59-bf7a-4802-88ec-d37547fbd21c,"{""en"": {""value"": ""Sun"", ""direction"": ""ltr""}}","[{""uri"": ""http://localhost:8000/plugins/controlled-list-manager/item/5f400d39-3b6b-4b8a-939b-4e49787c7444"", ""labels"": [{""id"": ""0070cd3b-1dd7-48ee-9f29-b97266bf5afb"", ""value"": ""preferred terms"", ""language_id"": ""en"", ""list_item_id"": ""5f400d39-3b6b-4b8a-939b-4e49787c7444"", ""valuetype_id"": ""prefLabel""}], ""list_id"": ""80028d07-9c98-48cf-84db-f77bc01c8bbc""}]","[{""uri"": ""http://localhost:8000/plugins/controlled-list-manager/item/38729dbe-6d1c-48ce-bf47-e2a18945600e"", ""labels"": [{""id"": ""08a9b0bd-4713-4ea6-a829-66a64240e254"", ""value"": ""English (language)"", ""language_id"": ""en"", ""list_item_id"": ""38729dbe-6d1c-48ce-bf47-e2a18945600e"", ""valuetype_id"": ""prefLabel""}], ""list_id"": ""f7fc4f6d-fd46-4881-846f-4a08bc1a3fef""}]",3695cff8-d770-11ef-8f5d-0275dc2ded29
a3c3758c-0dc4-45e3-b618-b91c5de1d543,36956e50-d770-11ef-8f5d-0275dc2ded29,166c7b56-b36e-4cfa-9dc0-7d232f147d69,1,985c9b85-0c08-4e23-8151-a3e8d8f9f5ce,"{""en"": {""value"": ""Holbein Artist Materials Co."", ""direction"": ""ltr""}}","[{""uri"": ""http://localhost:8000/plugins/controlled-list-manager/item/5f400d39-3b6b-4b8a-939b-4e49787c7444"", ""labels"": [{""id"": ""0070cd3b-1dd7-48ee-9f29-b97266bf5afb"", ""value"": ""preferred terms"", ""language_id"": ""en"", ""list_item_id"": ""5f400d39-3b6b-4b8a-939b-4e49787c7444"", ""valuetype_id"": ""prefLabel""}], ""list_id"": ""80028d07-9c98-48cf-84db-f77bc01c8bbc""}]","[{""uri"": ""http://localhost:8000/plugins/controlled-list-manager/item/38729dbe-6d1c-48ce-bf47-e2a18945600e"", ""labels"": [{""id"": ""08a9b0bd-4713-4ea6-a829-66a64240e254"", ""value"": ""English (language)"", ""language_id"": ""en"", ""list_item_id"": ""38729dbe-6d1c-48ce-bf47-e2a18945600e"", ""valuetype_id"": ""prefLabel""}], ""list_id"": ""f7fc4f6d-fd46-4881-846f-4a08bc1a3fef""}]",3695cff8-d770-11ef-8f5d-0275dc2ded29
54b4239b-634b-4322-a658-dcb48283df4b,36956e50-d770-11ef-8f5d-0275dc2ded29,166c7b56-b36e-4cfa-9dc0-7d232f147d69,1,96913c0d-8d81-491b-a141-de822912cb4c,"{""en"": {""value"": ""The Hygenic Corporation"", ""direction"": ""ltr""}}","[{""uri"": ""http://localhost:8000/plugins/controlled-list-manager/item/5f400d39-3b6b-4b8a-939b-4e49787c7444"", ""labels"": [{""id"": ""0070cd3b-1dd7-48ee-9f29-b97266bf5afb"", ""value"": ""preferred terms"", ""language_id"": ""en"", ""list_item_id"": ""5f400d39-3b6b-4b8a-939b-4e49787c7444"", ""valuetype_id"": ""prefLabel""}], ""list_id"": ""80028d07-9c98-48cf-84db-f77bc01c8bbc""}]","[{""uri"": ""http://localhost:8000/plugins/controlled-list-manager/item/38729dbe-6d1c-48ce-bf47-e2a18945600e"", ""labels"": [{""id"": ""08a9b0bd-4713-4ea6-a829-66a64240e254"", ""value"": ""English (language)"", ""language_id"": ""en"", ""list_item_id"": ""38729dbe-6d1c-48ce-bf47-e2a18945600e"", ""valuetype_id"": ""prefLabel""}], ""list_id"": ""f7fc4f6d-fd46-4881-846f-4a08bc1a3fef""}]",3695cff8-d770-11ef-8f5d-0275dc2ded29
e1043aa1-d0d3-410f-9c36-16b1058490bd,36956e50-d770-11ef-8f5d-0275dc2ded29,166c7b56-b36e-4cfa-9dc0-7d232f147d69,1,3d6779d8-2fd4-4f33-af93-228abf04a2ec,"{""en"": {""value"": ""Ansco"", ""direction"": ""ltr""}}","[{""uri"": ""http://localhost:8000/plugins/controlled-list-manager/item/5f400d39-3b6b-4b8a-939b-4e49787c7444"", ""labels"": [{""id"": ""0070cd3b-1dd7-48ee-9f29-b97266bf5afb"", ""value"": ""preferred terms"", ""language_id"": ""en"", ""list_item_id"": ""5f400d39-3b6b-4b8a-939b-4e49787c7444"", ""valuetype_id"": ""prefLabel""}], ""list_id"": ""80028d07-9c98-48cf-84db-f77bc01c8bbc""}]","[{""uri"": ""http://localhost:8000/plugins/controlled-list-manager/item/38729dbe-6d1c-48ce-bf47-e2a18945600e"", ""labels"": [{""id"": ""08a9b0bd-4713-4ea6-a829-66a64240e254"", ""value"": ""English (language)"", ""language_id"": ""en"", ""list_item_id"": ""38729dbe-6d1c-48ce-bf47-e2a18945600e"", ""valuetype_id"": ""prefLabel""}], ""list_id"": ""f7fc4f6d-fd46-4881-846f-4a08bc1a3fef""}]",3695cff8-d770-11ef-8f5d-0275dc2ded29
ed9626b9-aea1-48ba-bd12-dd92ec026a7f,36956e50-d770-11ef-8f5d-0275dc2ded29,166c7b56-b36e-4cfa-9dc0-7d232f147d69,1,fcf1658a-cd3f-4fe6-ac60-137c37e75c40,"{""en"": {""value"": ""Union Rubber Inc."", ""direction"": ""ltr""}}","[{""uri"": ""http://localhost:8000/plugins/controlled-list-manager/item/5f400d39-3b6b-4b8a-939b-4e49787c7444"", ""labels"": [{""id"": ""0070cd3b-1dd7-48ee-9f29-b97266bf5afb"", ""value"": ""preferred terms"", ""language_id"": ""en"", ""list_item_id"": ""5f400d39-3b6b-4b8a-939b-4e49787c7444"", ""valuetype_id"": ""prefLabel""}], ""list_id"": ""80028d07-9c98-48cf-84db-f77bc01c8bbc""}]","[{""uri"": ""http://localhost:8000/plugins/controlled-list-manager/item/38729dbe-6d1c-48ce-bf47-e2a18945600e"", ""labels"": [{""id"": ""08a9b0bd-4713-4ea6-a829-66a64240e254"", ""value"": ""English (language)"", ""language_id"": ""en"", ""list_item_id"": ""38729dbe-6d1c-48ce-bf47-e2a18945600e"", ""valuetype_id"": ""prefLabel""}], ""list_id"": ""f7fc4f6d-fd46-4881-846f-4a08bc1a3fef""}]",3695cff8-d770-11ef-8f5d-0275dc2ded29
628564d8-fbc0-4cd9-a4e3-850c98a321ac,36956e50-d770-11ef-8f5d-0275dc2ded29,166c7b56-b36e-4cfa-9dc0-7d232f147d69,1,197b5977-560f-492f-8d2e-f81b5d822c65,"{""en"": {""value"": ""Siphon"", ""direction"": ""ltr""}}","[{""uri"": ""http://localhost:8000/plugins/controlled-list-manager/item/5f400d39-3b6b-4b8a-939b-4e49787c7444"", ""labels"": [{""id"": ""0070cd3b-1dd7-48ee-9f29-b97266bf5afb"", ""value"": ""preferred terms"", ""language_id"": ""en"", ""list_item_id"": ""5f400d39-3b6b-4b8a-939b-4e49787c7444"", ""valuetype_id"": ""prefLabel""}], ""list_id"": ""80028d07-9c98-48cf-84db-f77bc01c8bbc""}]","[{""uri"": ""http://localhost:8000/plugins/controlled-list-manager/item/38729dbe-6d1c-48ce-bf47-e2a18945600e"", ""labels"": [{""id"": ""08a9b0bd-4713-4ea6-a829-66a64240e254"", ""value"": ""English (language)"", ""language_id"": ""en"", ""list_item_id"": ""38729dbe-6d1c-48ce-bf47-e2a18945600e"", ""valuetype_id"": ""prefLabel""}], ""list_id"": ""f7fc4f6d-fd46-4881-846f-4a08bc1a3fef""}]",3695cff8-d770-11ef-8f5d-0275dc2ded29
4270de52-91eb-47d3-a6df-d8cad24ea317,36956e50-d770-11ef-8f5d-0275dc2ded29,166c7b56-b36e-4cfa-9dc0-7d232f147d69,1,0745e8c2-04f9-4a85-a455-e4c314eadb16,"{""en"": {""value"": ""LA County Arboretum"", ""direction"": ""ltr""}}","[{""uri"": ""http://localhost:8000/plugins/controlled-list-manager/item/5f400d39-3b6b-4b8a-939b-4e49787c7444"", ""labels"": [{""id"": ""0070cd3b-1dd7-48ee-9f29-b97266bf5afb"", ""value"": ""preferred terms"", ""language_id"": ""en"", ""list_item_id"": ""5f400d39-3b6b-4b8a-939b-4e49787c7444"", ""valuetype_id"": ""prefLabel""}], ""list_id"": ""80028d07-9c98-48cf-84db-f77bc01c8bbc""}]","[{""uri"": ""http://localhost:8000/plugins/controlled-list-manager/item/38729dbe-6d1c-48ce-bf47-e2a18945600e"", ""labels"": [{""id"": ""08a9b0bd-4713-4ea6-a829-66a64240e254"", ""value"": ""English (language)"", ""language_id"": ""en"", ""list_item_id"": ""38729dbe-6d1c-48ce-bf47-e2a18945600e"", ""valuetype_id"": ""prefLabel""}], ""list_id"": ""f7fc4f6d-fd46-4881-846f-4a08bc1a3fef""}]",3695cff8-d770-11ef-8f5d-0275dc2ded29
248a0db3-239d-41c2-9613-389c655e4591,36956e50-d770-11ef-8f5d-0275dc2ded29,166c7b56-b36e-4cfa-9dc0-7d232f147d69,1,5916d043-4811-4804-8624-0ea069b1470c,"{""en"": {""value"": ""Efke"", ""direction"": ""ltr""}}","[{""uri"": ""http://localhost:8000/plugins/controlled-list-manager/item/5f400d39-3b6b-4b8a-939b-4e49787c7444"", ""labels"": [{""id"": ""0070cd3b-1dd7-48ee-9f29-b97266bf5afb"", ""value"": ""preferred terms"", ""language_id"": ""en"", ""list_item_id"": ""5f400d39-3b6b-4b8a-939b-4e49787c7444"", ""valuetype_id"": ""prefLabel""}], ""list_id"": ""80028d07-9c98-48cf-84db-f77bc01c8bbc""}]","[{""uri"": ""http://localhost:8000/plugins/controlled-list-manager/item/38729dbe-6d1c-48ce-bf47-e2a18945600e"", ""labels"": [{""id"": ""08a9b0bd-4713-4ea6-a829-66a64240e254"", ""value"": ""English (language)"", ""language_id"": ""en"", ""list_item_id"": ""38729dbe-6d1c-48ce-bf47-e2a18945600e"", ""valuetype_id"": ""prefLabel""}], ""list_id"": ""f7fc4f6d-fd46-4881-846f-4a08bc1a3fef""}]",3695cff8-d770-11ef-8f5d-0275dc2ded29
442874bc-36b4-4f5c-86da-9852526cd5ad,36956e50-d770-11ef-8f5d-0275dc2ded29,166c7b56-b36e-4cfa-9dc0-7d232f147d69,1,7a1c01b9-f8dd-4906-ad16-279a2df9331c,"{""en"": {""value"": ""Norganic"", ""direction"": ""ltr""}}","[{""uri"": ""http://localhost:8000/plugins/controlled-list-manager/item/5f400d39-3b6b-4b8a-939b-4e49787c7444"", ""labels"": [{""id"": ""0070cd3b-1dd7-48ee-9f29-b97266bf5afb"", ""value"": ""preferred terms"", ""language_id"": ""en"", ""list_item_id"": ""5f400d39-3b6b-4b8a-939b-4e49787c7444"", ""valuetype_id"": ""prefLabel""}], ""list_id"": ""80028d07-9c98-48cf-84db-f77bc01c8bbc""}]","[{""uri"": ""http://localhost:8000/plugins/controlled-list-manager/item/38729dbe-6d1c-48ce-bf47-e2a18945600e"", ""labels"": [{""id"": ""08a9b0bd-4713-4ea6-a829-66a64240e254"", ""value"": ""English (language)"", ""language_id"": ""en"", ""list_item_id"": ""38729dbe-6d1c-48ce-bf47-e2a18945600e"", ""valuetype_id"": ""prefLabel""}], ""list_id"": ""f7fc4f6d-fd46-4881-846f-4a08bc1a3fef""}]",3695cff8-d770-11ef-8f5d-0275dc2ded29
9d7a247d-a966-4816-ae53-1b92a612ca6c,36956e50-d770-11ef-8f5d-0275dc2ded29,166c7b56-b36e-4cfa-9dc0-7d232f147d69,1,2061671e-35bf-4718-9eb5-92268a88cfac,"{""en"": {""value"": ""Hatfield's Color Shop Inc."", ""direction"": ""ltr""}}","[{""uri"": ""http://localhost:8000/plugins/controlled-list-manager/item/5f400d39-3b6b-4b8a-939b-4e49787c7444"", ""labels"": [{""id"": ""0070cd3b-1dd7-48ee-9f29-b97266bf5afb"", ""value"": ""preferred terms"", ""language_id"": ""en"", ""list_item_id"": ""5f400d39-3b6b-4b8a-939b-4e49787c7444"", ""valuetype_id"": ""prefLabel""}], ""list_id"": ""80028d07-9c98-48cf-84db-f77bc01c8bbc""}]","[{""uri"": ""http://localhost:8000/plugins/controlled-list-manager/item/38729dbe-6d1c-48ce-bf47-e2a18945600e"", ""labels"": [{""id"": ""08a9b0bd-4713-4ea6-a829-66a64240e254"", ""value"": ""English (language)"", ""language_id"": ""en"", ""list_item_id"": ""38729dbe-6d1c-48ce-bf47-e2a18945600e"", ""valuetype_id"": ""prefLabel""}], ""list_id"": ""f7fc4f6d-fd46-4881-846f-4a08bc1a3fef""}]",3695cff8-d770-11ef-8f5d-0275dc2ded29
199f6769-7276-4a56-9e21-c1f0dbcd25fd,36956e50-d770-11ef-8f5d-0275dc2ded29,166c7b56-b36e-4cfa-9dc0-7d232f147d69,1,7d972e70-c5e8-49a0-8f51-083caf58f46c,"{""en"": {""value"": ""Matheson, Coleman & Bell"", ""direction"": ""ltr""}}","[{""uri"": ""http://localhost:8000/plugins/controlled-list-manager/item/5f400d39-3b6b-4b8a-939b-4e49787c7444"", ""labels"": [{""id"": ""0070cd3b-1dd7-48ee-9f29-b97266bf5afb"", ""value"": ""preferred terms"", ""language_id"": ""en"", ""list_item_id"": ""5f400d39-3b6b-4b8a-939b-4e49787c7444"", ""valuetype_id"": ""prefLabel""}], ""list_id"": ""80028d07-9c98-48cf-84db-f77bc01c8bbc""}]","[{""uri"": ""http://localhost:8000/plugins/controlled-list-manager/item/38729dbe-6d1c-48ce-bf47-e2a18945600e"", ""labels"": [{""id"": ""08a9b0bd-4713-4ea6-a829-66a64240e254"", ""value"": ""English (language)"", ""language_id"": ""en"", ""list_item_id"": ""38729dbe-6d1c-48ce-bf47-e2a18945600e"", ""valuetype_id"": ""prefLabel""}], ""list_id"": ""f7fc4f6d-fd46-4881-846f-4a08bc1a3fef""}]",3695cff8-d770-11ef-8f5d-0275dc2ded29
83afd23e-24b9-4459-b403-48c013abd3ae,36956e50-d770-11ef-8f5d-0275dc2ded29,166c7b56-b36e-4cfa-9dc0-7d232f147d69,1,0bf7eaeb-d404-466b-985b-036c614395fe,"{""en"": {""value"": ""Behlen"", ""direction"": ""ltr""}}","[{""uri"": ""http://localhost:8000/plugins/controlled-list-manager/item/5f400d39-3b6b-4b8a-939b-4e49787c7444"", ""labels"": [{""id"": ""0070cd3b-1dd7-48ee-9f29-b97266bf5afb"", ""value"": ""preferred terms"", ""language_id"": ""en"", ""list_item_id"": ""5f400d39-3b6b-4b8a-939b-4e49787c7444"", ""valuetype_id"": ""prefLabel""}], ""list_id"": ""80028d07-9c98-48cf-84db-f77bc01c8bbc""}]","[{""uri"": ""http://localhost:8000/plugins/controlled-list-manager/item/38729dbe-6d1c-48ce-bf47-e2a18945600e"", ""labels"": [{""id"": ""08a9b0bd-4713-4ea6-a829-66a64240e254"", ""value"": ""English (language)"", ""language_id"": ""en"", ""list_item_id"": ""38729dbe-6d1c-48ce-bf47-e2a18945600e"", ""valuetype_id"": ""prefLabel""}], ""list_id"": ""f7fc4f6d-fd46-4881-846f-4a08bc1a3fef""}]",3695cff8-d770-11ef-8f5d-0275dc2ded29
5b8a55df-6be8-4964-93da-c9b06e59557a,36956e50-d770-11ef-8f5d-0275dc2ded29,166c7b56-b36e-4cfa-9dc0-7d232f147d69,1,0bd251b2-cc76-429b-9c1c-a6f3c45129a3,"{""en"": {""value"": ""Paterson Group International"", ""direction"": ""ltr""}}","[{""uri"": ""http://localhost:8000/plugins/controlled-list-manager/item/5f400d39-3b6b-4b8a-939b-4e49787c7444"", ""labels"": [{""id"": ""0070cd3b-1dd7-48ee-9f29-b97266bf5afb"", ""value"": ""preferred terms"", ""language_id"": ""en"", ""list_item_id"": ""5f400d39-3b6b-4b8a-939b-4e49787c7444"", ""valuetype_id"": ""prefLabel""}], ""list_id"": ""80028d07-9c98-48cf-84db-f77bc01c8bbc""}]","[{""uri"": ""http://localhost:8000/plugins/controlled-list-manager/item/38729dbe-6d1c-48ce-bf47-e2a18945600e"", ""labels"": [{""id"": ""08a9b0bd-4713-4ea6-a829-66a64240e254"", ""value"": ""English (language)"", ""language_id"": ""en"", ""list_item_id"": ""38729dbe-6d1c-48ce-bf47-e2a18945600e"", ""valuetype_id"": ""prefLabel""}], ""list_id"": ""f7fc4f6d-fd46-4881-846f-4a08bc1a3fef""}]",3695cff8-d770-11ef-8f5d-0275dc2ded29
bc725ca7-741c-4f9c-a1a9-9801b47e4896,36956e50-d770-11ef-8f5d-0275dc2ded29,166c7b56-b36e-4cfa-9dc0-7d232f147d69,1,24d37aca-ddf0-4724-bca3-4f0dc5aabc53,"{""en"": {""value"": ""U.S. Customs Lab, Long Beach"", ""direction"": ""ltr""}}","[{""uri"": ""http://localhost:8000/plugins/controlled-list-manager/item/5f400d39-3b6b-4b8a-939b-4e49787c7444"", ""labels"": [{""id"": ""0070cd3b-1dd7-48ee-9f29-b97266bf5afb"", ""value"": ""preferred terms"", ""language_id"": ""en"", ""list_item_id"": ""5f400d39-3b6b-4b8a-939b-4e49787c7444"", ""valuetype_id"": ""prefLabel""}], ""list_id"": ""80028d07-9c98-48cf-84db-f77bc01c8bbc""}]","[{""uri"": ""http://localhost:8000/plugins/controlled-list-manager/item/38729dbe-6d1c-48ce-bf47-e2a18945600e"", ""labels"": [{""id"": ""08a9b0bd-4713-4ea6-a829-66a64240e254"", ""value"": ""English (language)"", ""language_id"": ""en"", ""list_item_id"": ""38729dbe-6d1c-48ce-bf47-e2a18945600e"", ""valuetype_id"": ""prefLabel""}], ""list_id"": ""f7fc4f6d-fd46-4881-846f-4a08bc1a3fef""}]",3695cff8-d770-11ef-8f5d-0275dc2ded29
e33d6c14-65be-4bf2-96bb-a7df726da2a7,36956e50-d770-11ef-8f5d-0275dc2ded29,166c7b56-b36e-4cfa-9dc0-7d232f147d69,1,224850fe-598c-4db0-af1e-642ce91d84d6,"{""en"": {""value"": ""Bocour Artist Colors"", ""direction"": ""ltr""}}","[{""uri"": ""http://localhost:8000/plugins/controlled-list-manager/item/5f400d39-3b6b-4b8a-939b-4e49787c7444"", ""labels"": [{""id"": ""0070cd3b-1dd7-48ee-9f29-b97266bf5afb"", ""value"": ""preferred terms"", ""language_id"": ""en"", ""list_item_id"": ""5f400d39-3b6b-4b8a-939b-4e49787c7444"", ""valuetype_id"": ""prefLabel""}], ""list_id"": ""80028d07-9c98-48cf-84db-f77bc01c8bbc""}]","[{""uri"": ""http://localhost:8000/plugins/controlled-list-manager/item/38729dbe-6d1c-48ce-bf47-e2a18945600e"", ""labels"": [{""id"": ""08a9b0bd-4713-4ea6-a829-66a64240e254"", ""value"": ""English (language)"", ""language_id"": ""en"", ""list_item_id"": ""38729dbe-6d1c-48ce-bf47-e2a18945600e"", ""valuetype_id"": ""prefLabel""}], ""list_id"": ""f7fc4f6d-fd46-4881-846f-4a08bc1a3fef""}]",3695cff8-d770-11ef-8f5d-0275dc2ded29
18806f22-2c70-462f-a54e-213f79e02030,36956e50-d770-11ef-8f5d-0275dc2ded29,166c7b56-b36e-4cfa-9dc0-7d232f147d69,1,8859b086-ea72-4832-a2d2-2f1e97964116,"{""en"": {""value"": ""Sherwin Williams Chemicals"", ""direction"": ""ltr""}}","[{""uri"": ""http://localhost:8000/plugins/controlled-list-manager/item/5f400d39-3b6b-4b8a-939b-4e49787c7444"", ""labels"": [{""id"": ""0070cd3b-1dd7-48ee-9f29-b97266bf5afb"", ""value"": ""preferred terms"", ""language_id"": ""en"", ""list_item_id"": ""5f400d39-3b6b-4b8a-939b-4e49787c7444"", ""valuetype_id"": ""prefLabel""}], ""list_id"": ""80028d07-9c98-48cf-84db-f77bc01c8bbc""}]","[{""uri"": ""http://localhost:8000/plugins/controlled-list-manager/item/38729dbe-6d1c-48ce-bf47-e2a18945600e"", ""labels"": [{""id"": ""08a9b0bd-4713-4ea6-a829-66a64240e254"", ""value"": ""English (language)"", ""language_id"": ""en"", ""list_item_id"": ""38729dbe-6d1c-48ce-bf47-e2a18945600e"", ""valuetype_id"": ""prefLabel""}], ""list_id"": ""f7fc4f6d-fd46-4881-846f-4a08bc1a3fef""}]",3695cff8-d770-11ef-8f5d-0275dc2ded29
95617c56-e721-45e1-863c-1a366001deea,36956e50-d770-11ef-8f5d-0275dc2ded29,166c7b56-b36e-4cfa-9dc0-7d232f147d69,1,071081d8-7b24-4edc-9154-10a7f315dfaa,"{""en"": {""value"": ""C. Roberson and Co."", ""direction"": ""ltr""}}","[{""uri"": ""http://localhost:8000/plugins/controlled-list-manager/item/5f400d39-3b6b-4b8a-939b-4e49787c7444"", ""labels"": [{""id"": ""0070cd3b-1dd7-48ee-9f29-b97266bf5afb"", ""value"": ""preferred terms"", ""language_id"": ""en"", ""list_item_id"": ""5f400d39-3b6b-4b8a-939b-4e49787c7444"", ""valuetype_id"": ""prefLabel""}], ""list_id"": ""80028d07-9c98-48cf-84db-f77bc01c8bbc""}]","[{""uri"": ""http://localhost:8000/plugins/controlled-list-manager/item/38729dbe-6d1c-48ce-bf47-e2a18945600e"", ""labels"": [{""id"": ""08a9b0bd-4713-4ea6-a829-66a64240e254"", ""value"": ""English (language)"", ""language_id"": ""en"", ""list_item_id"": ""38729dbe-6d1c-48ce-bf47-e2a18945600e"", ""valuetype_id"": ""prefLabel""}], ""list_id"": ""f7fc4f6d-fd46-4881-846f-4a08bc1a3fef""}]",3695cff8-d770-11ef-8f5d-0275dc2ded29
2c6921ab-2f89-49ba-bbe2-8a98a70c4a66,36956e50-d770-11ef-8f5d-0275dc2ded29,166c7b56-b36e-4cfa-9dc0-7d232f147d69,1,0297dffc-e381-421e-b9fb-95dc7da8fb90,"{""en"": {""value"": ""Blue Record Regularly"", ""direction"": ""ltr""}}","[{""uri"": ""http://localhost:8000/plugins/controlled-list-manager/item/5f400d39-3b6b-4b8a-939b-4e49787c7444"", ""labels"": [{""id"": ""0070cd3b-1dd7-48ee-9f29-b97266bf5afb"", ""value"": ""preferred terms"", ""language_id"": ""en"", ""list_item_id"": ""5f400d39-3b6b-4b8a-939b-4e49787c7444"", ""valuetype_id"": ""prefLabel""}], ""list_id"": ""80028d07-9c98-48cf-84db-f77bc01c8bbc""}]","[{""uri"": ""http://localhost:8000/plugins/controlled-list-manager/item/38729dbe-6d1c-48ce-bf47-e2a18945600e"", ""labels"": [{""id"": ""08a9b0bd-4713-4ea6-a829-66a64240e254"", ""value"": ""English (language)"", ""language_id"": ""en"", ""list_item_id"": ""38729dbe-6d1c-48ce-bf47-e2a18945600e"", ""valuetype_id"": ""prefLabel""}], ""list_id"": ""f7fc4f6d-fd46-4881-846f-4a08bc1a3fef""}]",3695cff8-d770-11ef-8f5d-0275dc2ded29
1d11326a-6e02-4959-a802-c1692687b85b,36956e50-d770-11ef-8f5d-0275dc2ded29,166c7b56-b36e-4cfa-9dc0-7d232f147d69,1,f1722a98-f4f9-497b-96bf-f3696d646f44,"{""en"": {""value"": ""P. Oliveira"", ""direction"": ""ltr""}}","[{""uri"": ""http://localhost:8000/plugins/controlled-list-manager/item/5f400d39-3b6b-4b8a-939b-4e49787c7444"", ""labels"": [{""id"": ""0070cd3b-1dd7-48ee-9f29-b97266bf5afb"", ""value"": ""preferred terms"", ""language_id"": ""en"", ""list_item_id"": ""5f400d39-3b6b-4b8a-939b-4e49787c7444"", ""valuetype_id"": ""prefLabel""}], ""list_id"": ""80028d07-9c98-48cf-84db-f77bc01c8bbc""}]","[{""uri"": ""http://localhost:8000/plugins/controlled-list-manager/item/38729dbe-6d1c-48ce-bf47-e2a18945600e"", ""labels"": [{""id"": ""08a9b0bd-4713-4ea6-a829-66a64240e254"", ""value"": ""English (language)"", ""language_id"": ""en"", ""list_item_id"": ""38729dbe-6d1c-48ce-bf47-e2a18945600e"", ""valuetype_id"": ""prefLabel""}], ""list_id"": ""f7fc4f6d-fd46-4881-846f-4a08bc1a3fef""}]",3695cff8-d770-11ef-8f5d-0275dc2ded29
cef2401f-37d5-4a3d-b0be-bd6ef0f29dfe,36956e50-d770-11ef-8f5d-0275dc2ded29,166c7b56-b36e-4cfa-9dc0-7d232f147d69,1,d0dd315d-2c3a-484b-ac95-1e1532409024,"{""en"": {""value"": ""Martz Paper Company"", ""direction"": ""ltr""}}","[{""uri"": ""http://localhost:8000/plugins/controlled-list-manager/item/5f400d39-3b6b-4b8a-939b-4e49787c7444"", ""labels"": [{""id"": ""0070cd3b-1dd7-48ee-9f29-b97266bf5afb"", ""value"": ""preferred terms"", ""language_id"": ""en"", ""list_item_id"": ""5f400d39-3b6b-4b8a-939b-4e49787c7444"", ""valuetype_id"": ""prefLabel""}], ""list_id"": ""80028d07-9c98-48cf-84db-f77bc01c8bbc""}]","[{""uri"": ""http://localhost:8000/plugins/controlled-list-manager/item/38729dbe-6d1c-48ce-bf47-e2a18945600e"", ""labels"": [{""id"": ""08a9b0bd-4713-4ea6-a829-66a64240e254"", ""value"": ""English (language)"", ""language_id"": ""en"", ""list_item_id"": ""38729dbe-6d1c-48ce-bf47-e2a18945600e"", ""valuetype_id"": ""prefLabel""}], ""list_id"": ""f7fc4f6d-fd46-4881-846f-4a08bc1a3fef""}]",3695cff8-d770-11ef-8f5d-0275dc2ded29
4be73588-e7bc-43c1-970d-04595b715f1d,36956e50-d770-11ef-8f5d-0275dc2ded29,166c7b56-b36e-4cfa-9dc0-7d232f147d69,1,ce602a30-9b03-499b-97cd-c8fbb9165386,"{""en"": {""value"": ""Leon Frenkel, Ltd."", ""direction"": ""ltr""}}","[{""uri"": ""http://localhost:8000/plugins/controlled-list-manager/item/5f400d39-3b6b-4b8a-939b-4e49787c7444"", ""labels"": [{""id"": ""0070cd3b-1dd7-48ee-9f29-b97266bf5afb"", ""value"": ""preferred terms"", ""language_id"": ""en"", ""list_item_id"": ""5f400d39-3b6b-4b8a-939b-4e49787c7444"", ""valuetype_id"": ""prefLabel""}], ""list_id"": ""80028d07-9c98-48cf-84db-f77bc01c8bbc""}]","[{""uri"": ""http://localhost:8000/plugins/controlled-list-manager/item/38729dbe-6d1c-48ce-bf47-e2a18945600e"", ""labels"": [{""id"": ""08a9b0bd-4713-4ea6-a829-66a64240e254"", ""value"": ""English (language)"", ""language_id"": ""en"", ""list_item_id"": ""38729dbe-6d1c-48ce-bf47-e2a18945600e"", ""valuetype_id"": ""prefLabel""}], ""list_id"": ""f7fc4f6d-fd46-4881-846f-4a08bc1a3fef""}]",3695cff8-d770-11ef-8f5d-0275dc2ded29
b74fb0e9-55d5-438c-a4c2-d9e39129ab4a,36956e50-d770-11ef-8f5d-0275dc2ded29,166c7b56-b36e-4cfa-9dc0-7d232f147d69,1,13a2406d-087b-46c7-82d6-9007c43944b9,"{""en"": {""value"": ""Konica Corporation"", ""direction"": ""ltr""}}","[{""uri"": ""http://localhost:8000/plugins/controlled-list-manager/item/5f400d39-3b6b-4b8a-939b-4e49787c7444"", ""labels"": [{""id"": ""0070cd3b-1dd7-48ee-9f29-b97266bf5afb"", ""value"": ""preferred terms"", ""language_id"": ""en"", ""list_item_id"": ""5f400d39-3b6b-4b8a-939b-4e49787c7444"", ""valuetype_id"": ""prefLabel""}], ""list_id"": ""80028d07-9c98-48cf-84db-f77bc01c8bbc""}]","[{""uri"": ""http://localhost:8000/plugins/controlled-list-manager/item/38729dbe-6d1c-48ce-bf47-e2a18945600e"", ""labels"": [{""id"": ""08a9b0bd-4713-4ea6-a829-66a64240e254"", ""value"": ""English (language)"", ""language_id"": ""en"", ""list_item_id"": ""38729dbe-6d1c-48ce-bf47-e2a18945600e"", ""valuetype_id"": ""prefLabel""}], ""list_id"": ""f7fc4f6d-fd46-4881-846f-4a08bc1a3fef""}]",3695cff8-d770-11ef-8f5d-0275dc2ded29
9b5fad58-742c-422c-8133-90aa8d2c5bd3,36956e50-d770-11ef-8f5d-0275dc2ded29,166c7b56-b36e-4cfa-9dc0-7d232f147d69,1,cb02923f-12ac-42c5-9567-f72000963c36,"{""en"": {""value"": ""Landscape"", ""direction"": ""ltr""}}","[{""uri"": ""http://localhost:8000/plugins/controlled-list-manager/item/5f400d39-3b6b-4b8a-939b-4e49787c7444"", ""labels"": [{""id"": ""0070cd3b-1dd7-48ee-9f29-b97266bf5afb"", ""value"": ""preferred terms"", ""language_id"": ""en"", ""list_item_id"": ""5f400d39-3b6b-4b8a-939b-4e49787c7444"", ""valuetype_id"": ""prefLabel""}], ""list_id"": ""80028d07-9c98-48cf-84db-f77bc01c8bbc""}]","[{""uri"": ""http://localhost:8000/plugins/controlled-list-manager/item/38729dbe-6d1c-48ce-bf47-e2a18945600e"", ""labels"": [{""id"": ""08a9b0bd-4713-4ea6-a829-66a64240e254"", ""value"": ""English (language)"", ""language_id"": ""en"", ""list_item_id"": ""38729dbe-6d1c-48ce-bf47-e2a18945600e"", ""valuetype_id"": ""prefLabel""}], ""list_id"": ""f7fc4f6d-fd46-4881-846f-4a08bc1a3fef""}]",3695cff8-d770-11ef-8f5d-0275dc2ded29
2fc08f70-7ca9-47cc-99cf-e38e983cfee8,36956e50-d770-11ef-8f5d-0275dc2ded29,166c7b56-b36e-4cfa-9dc0-7d232f147d69,1,ba759897-b430-49ed-bbe2-e0c195dc98e5,"{""en"": {""value"": ""Dassonville Co."", ""direction"": ""ltr""}}","[{""uri"": ""http://localhost:8000/plugins/controlled-list-manager/item/5f400d39-3b6b-4b8a-939b-4e49787c7444"", ""labels"": [{""id"": ""0070cd3b-1dd7-48ee-9f29-b97266bf5afb"", ""value"": ""preferred terms"", ""language_id"": ""en"", ""list_item_id"": ""5f400d39-3b6b-4b8a-939b-4e49787c7444"", ""valuetype_id"": ""prefLabel""}], ""list_id"": ""80028d07-9c98-48cf-84db-f77bc01c8bbc""}]","[{""uri"": ""http://localhost:8000/plugins/controlled-list-manager/item/38729dbe-6d1c-48ce-bf47-e2a18945600e"", ""labels"": [{""id"": ""08a9b0bd-4713-4ea6-a829-66a64240e254"", ""value"": ""English (language)"", ""language_id"": ""en"", ""list_item_id"": ""38729dbe-6d1c-48ce-bf47-e2a18945600e"", ""valuetype_id"": ""prefLabel""}], ""list_id"": ""f7fc4f6d-fd46-4881-846f-4a08bc1a3fef""}]",3695cff8-d770-11ef-8f5d-0275dc2ded29
cb1c1678-fa19-422b-a694-3f82cde9f80d,36956e50-d770-11ef-8f5d-0275dc2ded29,166c7b56-b36e-4cfa-9dc0-7d232f147d69,1,cec032aa-bc2a-405d-a5b2-47f197165403,"{""en"": {""value"": ""Royal Crown Enterprises, Inc."", ""direction"": ""ltr""}}","[{""uri"": ""http://localhost:8000/plugins/controlled-list-manager/item/5f400d39-3b6b-4b8a-939b-4e49787c7444"", ""labels"": [{""id"": ""0070cd3b-1dd7-48ee-9f29-b97266bf5afb"", ""value"": ""preferred terms"", ""language_id"": ""en"", ""list_item_id"": ""5f400d39-3b6b-4b8a-939b-4e49787c7444"", ""valuetype_id"": ""prefLabel""}], ""list_id"": ""80028d07-9c98-48cf-84db-f77bc01c8bbc""}]","[{""uri"": ""http://localhost:8000/plugins/controlled-list-manager/item/38729dbe-6d1c-48ce-bf47-e2a18945600e"", ""labels"": [{""id"": ""08a9b0bd-4713-4ea6-a829-66a64240e254"", ""value"": ""English (language)"", ""language_id"": ""en"", ""list_item_id"": ""38729dbe-6d1c-48ce-bf47-e2a18945600e"", ""valuetype_id"": ""prefLabel""}], ""list_id"": ""f7fc4f6d-fd46-4881-846f-4a08bc1a3fef""}]",3695cff8-d770-11ef-8f5d-0275dc2ded29
845a43e0-fe1c-4ac3-a61d-43274faa3a46,36956e50-d770-11ef-8f5d-0275dc2ded29,166c7b56-b36e-4cfa-9dc0-7d232f147d69,1,78abbb88-586d-48ac-809e-029bd0260b43,"{""en"": {""value"": ""Fernand suarez"", ""direction"": ""ltr""}}","[{""uri"": ""http://localhost:8000/plugins/controlled-list-manager/item/5f400d39-3b6b-4b8a-939b-4e49787c7444"", ""labels"": [{""id"": ""0070cd3b-1dd7-48ee-9f29-b97266bf5afb"", ""value"": ""preferred terms"", ""language_id"": ""en"", ""list_item_id"": ""5f400d39-3b6b-4b8a-939b-4e49787c7444"", ""valuetype_id"": ""prefLabel""}], ""list_id"": ""80028d07-9c98-48cf-84db-f77bc01c8bbc""}]","[{""uri"": ""http://localhost:8000/plugins/controlled-list-manager/item/38729dbe-6d1c-48ce-bf47-e2a18945600e"", ""labels"": [{""id"": ""08a9b0bd-4713-4ea6-a829-66a64240e254"", ""value"": ""English (language)"", ""language_id"": ""en"", ""list_item_id"": ""38729dbe-6d1c-48ce-bf47-e2a18945600e"", ""valuetype_id"": ""prefLabel""}], ""list_id"": ""f7fc4f6d-fd46-4881-846f-4a08bc1a3fef""}]",3695cff8-d770-11ef-8f5d-0275dc2ded29
aa1007a8-536c-4ead-9433-b2cca55fbc95,36956e50-d770-11ef-8f5d-0275dc2ded29,166c7b56-b36e-4cfa-9dc0-7d232f147d69,1,465635c1-1271-413b-88e2-1164e9327273,"{""en"": {""value"": ""Osco Drug, Inc."", ""direction"": ""ltr""}}","[{""uri"": ""http://localhost:8000/plugins/controlled-list-manager/item/5f400d39-3b6b-4b8a-939b-4e49787c7444"", ""labels"": [{""id"": ""0070cd3b-1dd7-48ee-9f29-b97266bf5afb"", ""value"": ""preferred terms"", ""language_id"": ""en"", ""list_item_id"": ""5f400d39-3b6b-4b8a-939b-4e49787c7444"", ""valuetype_id"": ""prefLabel""}], ""list_id"": ""80028d07-9c98-48cf-84db-f77bc01c8bbc""}]","[{""uri"": ""http://localhost:8000/plugins/controlled-list-manager/item/38729dbe-6d1c-48ce-bf47-e2a18945600e"", ""labels"": [{""id"": ""08a9b0bd-4713-4ea6-a829-66a64240e254"", ""value"": ""English (language)"", ""language_id"": ""en"", ""list_item_id"": ""38729dbe-6d1c-48ce-bf47-e2a18945600e"", ""valuetype_id"": ""prefLabel""}], ""list_id"": ""f7fc4f6d-fd46-4881-846f-4a08bc1a3fef""}]",3695cff8-d770-11ef-8f5d-0275dc2ded29
ea0332b2-2bf0-479e-9c1f-bc58aff59888,36956e50-d770-11ef-8f5d-0275dc2ded29,166c7b56-b36e-4cfa-9dc0-7d232f147d69,1,3b3a6c35-167f-4372-8737-33d804c73f0f,"{""en"": {""value"": ""Artist's Choice; Riley Bower, Inc."", ""direction"": ""ltr""}}","[{""uri"": ""http://localhost:8000/plugins/controlled-list-manager/item/5f400d39-3b6b-4b8a-939b-4e49787c7444"", ""labels"": [{""id"": ""0070cd3b-1dd7-48ee-9f29-b97266bf5afb"", ""value"": ""preferred terms"", ""language_id"": ""en"", ""list_item_id"": ""5f400d39-3b6b-4b8a-939b-4e49787c7444"", ""valuetype_id"": ""prefLabel""}], ""list_id"": ""80028d07-9c98-48cf-84db-f77bc01c8bbc""}]","[{""uri"": ""http://localhost:8000/plugins/controlled-list-manager/item/38729dbe-6d1c-48ce-bf47-e2a18945600e"", ""labels"": [{""id"": ""08a9b0bd-4713-4ea6-a829-66a64240e254"", ""value"": ""English (language)"", ""language_id"": ""en"", ""list_item_id"": ""38729dbe-6d1c-48ce-bf47-e2a18945600e"", ""valuetype_id"": ""prefLabel""}], ""list_id"": ""f7fc4f6d-fd46-4881-846f-4a08bc1a3fef""}]",3695cff8-d770-11ef-8f5d-0275dc2ded29
d4e52062-b845-4139-89e6-76df19b21065,36956e50-d770-11ef-8f5d-0275dc2ded29,166c7b56-b36e-4cfa-9dc0-7d232f147d69,1,9d49345f-7021-4436-8b06-477c1a81ffec,"{""en"": {""value"": ""August Ruhl"", ""direction"": ""ltr""}}","[{""uri"": ""http://localhost:8000/plugins/controlled-list-manager/item/5f400d39-3b6b-4b8a-939b-4e49787c7444"", ""labels"": [{""id"": ""0070cd3b-1dd7-48ee-9f29-b97266bf5afb"", ""value"": ""preferred terms"", ""language_id"": ""en"", ""list_item_id"": ""5f400d39-3b6b-4b8a-939b-4e49787c7444"", ""valuetype_id"": ""prefLabel""}], ""list_id"": ""80028d07-9c98-48cf-84db-f77bc01c8bbc""}]","[{""uri"": ""http://localhost:8000/plugins/controlled-list-manager/item/38729dbe-6d1c-48ce-bf47-e2a18945600e"", ""labels"": [{""id"": ""08a9b0bd-4713-4ea6-a829-66a64240e254"", ""value"": ""English (language)"", ""language_id"": ""en"", ""list_item_id"": ""38729dbe-6d1c-48ce-bf47-e2a18945600e"", ""valuetype_id"": ""prefLabel""}], ""list_id"": ""f7fc4f6d-fd46-4881-846f-4a08bc1a3fef""}]",3695cff8-d770-11ef-8f5d-0275dc2ded29
e6883de9-22cf-4a0d-9b6d-4a4384058afc,36956e50-d770-11ef-8f5d-0275dc2ded29,166c7b56-b36e-4cfa-9dc0-7d232f147d69,1,78aec517-030a-44f8-ba33-d985fde2c90c,"{""en"": {""value"": ""Sterling"", ""direction"": ""ltr""}}","[{""uri"": ""http://localhost:8000/plugins/controlled-list-manager/item/5f400d39-3b6b-4b8a-939b-4e49787c7444"", ""labels"": [{""id"": ""0070cd3b-1dd7-48ee-9f29-b97266bf5afb"", ""value"": ""preferred terms"", ""language_id"": ""en"", ""list_item_id"": ""5f400d39-3b6b-4b8a-939b-4e49787c7444"", ""valuetype_id"": ""prefLabel""}], ""list_id"": ""80028d07-9c98-48cf-84db-f77bc01c8bbc""}]","[{""uri"": ""http://localhost:8000/plugins/controlled-list-manager/item/38729dbe-6d1c-48ce-bf47-e2a18945600e"", ""labels"": [{""id"": ""08a9b0bd-4713-4ea6-a829-66a64240e254"", ""value"": ""English (language)"", ""language_id"": ""en"", ""list_item_id"": ""38729dbe-6d1c-48ce-bf47-e2a18945600e"", ""valuetype_id"": ""prefLabel""}], ""list_id"": ""f7fc4f6d-fd46-4881-846f-4a08bc1a3fef""}]",3695cff8-d770-11ef-8f5d-0275dc2ded29
388cfe08-5482-4dcd-af6c-baf6ef730ac1,36956e50-d770-11ef-8f5d-0275dc2ded29,166c7b56-b36e-4cfa-9dc0-7d232f147d69,1,a652be0e-b926-4f3c-96bf-14233a9dce89,"{""en"": {""value"": ""McCormick & Company, Inc."", ""direction"": ""ltr""}}","[{""uri"": ""http://localhost:8000/plugins/controlled-list-manager/item/5f400d39-3b6b-4b8a-939b-4e49787c7444"", ""labels"": [{""id"": ""0070cd3b-1dd7-48ee-9f29-b97266bf5afb"", ""value"": ""preferred terms"", ""language_id"": ""en"", ""list_item_id"": ""5f400d39-3b6b-4b8a-939b-4e49787c7444"", ""valuetype_id"": ""prefLabel""}], ""list_id"": ""80028d07-9c98-48cf-84db-f77bc01c8bbc""}]","[{""uri"": ""http://localhost:8000/plugins/controlled-list-manager/item/38729dbe-6d1c-48ce-bf47-e2a18945600e"", ""labels"": [{""id"": ""08a9b0bd-4713-4ea6-a829-66a64240e254"", ""value"": ""English (language)"", ""language_id"": ""en"", ""list_item_id"": ""38729dbe-6d1c-48ce-bf47-e2a18945600e"", ""valuetype_id"": ""prefLabel""}], ""list_id"": ""f7fc4f6d-fd46-4881-846f-4a08bc1a3fef""}]",3695cff8-d770-11ef-8f5d-0275dc2ded29
015a4dec-274a-443f-823f-ff97c4055a4b,36956e50-d770-11ef-8f5d-0275dc2ded29,166c7b56-b36e-4cfa-9dc0-7d232f147d69,1,fc09cf10-e4e7-4667-aed1-886e722e6e84,"{""en"": {""value"": ""A.B.C."", ""direction"": ""ltr""}}","[{""uri"": ""http://localhost:8000/plugins/controlled-list-manager/item/5f400d39-3b6b-4b8a-939b-4e49787c7444"", ""labels"": [{""id"": ""0070cd3b-1dd7-48ee-9f29-b97266bf5afb"", ""value"": ""preferred terms"", ""language_id"": ""en"", ""list_item_id"": ""5f400d39-3b6b-4b8a-939b-4e49787c7444"", ""valuetype_id"": ""prefLabel""}], ""list_id"": ""80028d07-9c98-48cf-84db-f77bc01c8bbc""}]","[{""uri"": ""http://localhost:8000/plugins/controlled-list-manager/item/38729dbe-6d1c-48ce-bf47-e2a18945600e"", ""labels"": [{""id"": ""08a9b0bd-4713-4ea6-a829-66a64240e254"", ""value"": ""English (language)"", ""language_id"": ""en"", ""list_item_id"": ""38729dbe-6d1c-48ce-bf47-e2a18945600e"", ""valuetype_id"": ""prefLabel""}], ""list_id"": ""f7fc4f6d-fd46-4881-846f-4a08bc1a3fef""}]",3695cff8-d770-11ef-8f5d-0275dc2ded29
4a3ca37a-fab9-4e48-9638-79a43f6f38d7,36956e50-d770-11ef-8f5d-0275dc2ded29,166c7b56-b36e-4cfa-9dc0-7d232f147d69,1,cb7d7052-fd2e-4890-bc26-57569588536e,"{""en"": {""value"": ""ICI Americas, Inc. (Uniqema)"", ""direction"": ""ltr""}}","[{""uri"": ""http://localhost:8000/plugins/controlled-list-manager/item/5f400d39-3b6b-4b8a-939b-4e49787c7444"", ""labels"": [{""id"": ""0070cd3b-1dd7-48ee-9f29-b97266bf5afb"", ""value"": ""preferred terms"", ""language_id"": ""en"", ""list_item_id"": ""5f400d39-3b6b-4b8a-939b-4e49787c7444"", ""valuetype_id"": ""prefLabel""}], ""list_id"": ""80028d07-9c98-48cf-84db-f77bc01c8bbc""}]","[{""uri"": ""http://localhost:8000/plugins/controlled-list-manager/item/38729dbe-6d1c-48ce-bf47-e2a18945600e"", ""labels"": [{""id"": ""08a9b0bd-4713-4ea6-a829-66a64240e254"", ""value"": ""English (language)"", ""language_id"": ""en"", ""list_item_id"": ""38729dbe-6d1c-48ce-bf47-e2a18945600e"", ""valuetype_id"": ""prefLabel""}], ""list_id"": ""f7fc4f6d-fd46-4881-846f-4a08bc1a3fef""}]",3695cff8-d770-11ef-8f5d-0275dc2ded29
88ce94e6-e228-433a-a6b8-5a4dd2457a48,36956e50-d770-11ef-8f5d-0275dc2ded29,166c7b56-b36e-4cfa-9dc0-7d232f147d69,1,35ac5c30-3589-4aa8-91b8-22528be3e9a4,"{""en"": {""value"": ""Dakota Matrix Minerals"", ""direction"": ""ltr""}}","[{""uri"": ""http://localhost:8000/plugins/controlled-list-manager/item/5f400d39-3b6b-4b8a-939b-4e49787c7444"", ""labels"": [{""id"": ""0070cd3b-1dd7-48ee-9f29-b97266bf5afb"", ""value"": ""preferred terms"", ""language_id"": ""en"", ""list_item_id"": ""5f400d39-3b6b-4b8a-939b-4e49787c7444"", ""valuetype_id"": ""prefLabel""}], ""list_id"": ""80028d07-9c98-48cf-84db-f77bc01c8bbc""}]","[{""uri"": ""http://localhost:8000/plugins/controlled-list-manager/item/38729dbe-6d1c-48ce-bf47-e2a18945600e"", ""labels"": [{""id"": ""08a9b0bd-4713-4ea6-a829-66a64240e254"", ""value"": ""English (language)"", ""language_id"": ""en"", ""list_item_id"": ""38729dbe-6d1c-48ce-bf47-e2a18945600e"", ""valuetype_id"": ""prefLabel""}], ""list_id"": ""f7fc4f6d-fd46-4881-846f-4a08bc1a3fef""}]",3695cff8-d770-11ef-8f5d-0275dc2ded29
a8da30de-47f8-4087-93e9-47803f4f40d1,36956e50-d770-11ef-8f5d-0275dc2ded29,166c7b56-b36e-4cfa-9dc0-7d232f147d69,1,0ff5e550-7421-4f55-ac41-a0f7f0bbe91e,"{""en"": {""value"": ""Engelhard"", ""direction"": ""ltr""}}","[{""uri"": ""http://localhost:8000/plugins/controlled-list-manager/item/5f400d39-3b6b-4b8a-939b-4e49787c7444"", ""labels"": [{""id"": ""0070cd3b-1dd7-48ee-9f29-b97266bf5afb"", ""value"": ""preferred terms"", ""language_id"": ""en"", ""list_item_id"": ""5f400d39-3b6b-4b8a-939b-4e49787c7444"", ""valuetype_id"": ""prefLabel""}], ""list_id"": ""80028d07-9c98-48cf-84db-f77bc01c8bbc""}]","[{""uri"": ""http://localhost:8000/plugins/controlled-list-manager/item/38729dbe-6d1c-48ce-bf47-e2a18945600e"", ""labels"": [{""id"": ""08a9b0bd-4713-4ea6-a829-66a64240e254"", ""value"": ""English (language)"", ""language_id"": ""en"", ""list_item_id"": ""38729dbe-6d1c-48ce-bf47-e2a18945600e"", ""valuetype_id"": ""prefLabel""}], ""list_id"": ""f7fc4f6d-fd46-4881-846f-4a08bc1a3fef""}]",3695cff8-d770-11ef-8f5d-0275dc2ded29
06d1ca85-694d-47bf-b63b-fd3f25e3edd6,36956e50-d770-11ef-8f5d-0275dc2ded29,166c7b56-b36e-4cfa-9dc0-7d232f147d69,1,9230c774-df65-4984-bfe8-7dbd4bd0881b,"{""en"": {""value"": ""Bent Eshol, Royal Danish Academy of Fine Arts"", ""direction"": ""ltr""}}","[{""uri"": ""http://localhost:8000/plugins/controlled-list-manager/item/5f400d39-3b6b-4b8a-939b-4e49787c7444"", ""labels"": [{""id"": ""0070cd3b-1dd7-48ee-9f29-b97266bf5afb"", ""value"": ""preferred terms"", ""language_id"": ""en"", ""list_item_id"": ""5f400d39-3b6b-4b8a-939b-4e49787c7444"", ""valuetype_id"": ""prefLabel""}], ""list_id"": ""80028d07-9c98-48cf-84db-f77bc01c8bbc""}]","[{""uri"": ""http://localhost:8000/plugins/controlled-list-manager/item/38729dbe-6d1c-48ce-bf47-e2a18945600e"", ""labels"": [{""id"": ""08a9b0bd-4713-4ea6-a829-66a64240e254"", ""value"": ""English (language)"", ""language_id"": ""en"", ""list_item_id"": ""38729dbe-6d1c-48ce-bf47-e2a18945600e"", ""valuetype_id"": ""prefLabel""}], ""list_id"": ""f7fc4f6d-fd46-4881-846f-4a08bc1a3fef""}]",3695cff8-d770-11ef-8f5d-0275dc2ded29
2a968b13-d27a-401d-861f-a72e403cdd7d,36956e50-d770-11ef-8f5d-0275dc2ded29,166c7b56-b36e-4cfa-9dc0-7d232f147d69,1,a8a4f4a3-e49f-49b0-be5d-745a968b5218,"{""en"": {""value"": ""J. Noble"", ""direction"": ""ltr""}}","[{""uri"": ""http://localhost:8000/plugins/controlled-list-manager/item/5f400d39-3b6b-4b8a-939b-4e49787c7444"", ""labels"": [{""id"": ""0070cd3b-1dd7-48ee-9f29-b97266bf5afb"", ""value"": ""preferred terms"", ""language_id"": ""en"", ""list_item_id"": ""5f400d39-3b6b-4b8a-939b-4e49787c7444"", ""valuetype_id"": ""prefLabel""}], ""list_id"": ""80028d07-9c98-48cf-84db-f77bc01c8bbc""}]","[{""uri"": ""http://localhost:8000/plugins/controlled-list-manager/item/38729dbe-6d1c-48ce-bf47-e2a18945600e"", ""labels"": [{""id"": ""08a9b0bd-4713-4ea6-a829-66a64240e254"", ""value"": ""English (language)"", ""language_id"": ""en"", ""list_item_id"": ""38729dbe-6d1c-48ce-bf47-e2a18945600e"", ""valuetype_id"": ""prefLabel""}], ""list_id"": ""f7fc4f6d-fd46-4881-846f-4a08bc1a3fef""}]",3695cff8-d770-11ef-8f5d-0275dc2ded29
83be9fd3-c2c1-4470-b6ba-f5aad604adb9,36956e50-d770-11ef-8f5d-0275dc2ded29,166c7b56-b36e-4cfa-9dc0-7d232f147d69,1,4eca48c5-66fd-4910-bcac-bae198c38c20,"{""en"": {""value"": ""Permutit Company, New York"", ""direction"": ""ltr""}}","[{""uri"": ""http://localhost:8000/plugins/controlled-list-manager/item/5f400d39-3b6b-4b8a-939b-4e49787c7444"", ""labels"": [{""id"": ""0070cd3b-1dd7-48ee-9f29-b97266bf5afb"", ""value"": ""preferred terms"", ""language_id"": ""en"", ""list_item_id"": ""5f400d39-3b6b-4b8a-939b-4e49787c7444"", ""valuetype_id"": ""prefLabel""}], ""list_id"": ""80028d07-9c98-48cf-84db-f77bc01c8bbc""}]","[{""uri"": ""http://localhost:8000/plugins/controlled-list-manager/item/38729dbe-6d1c-48ce-bf47-e2a18945600e"", ""labels"": [{""id"": ""08a9b0bd-4713-4ea6-a829-66a64240e254"", ""value"": ""English (language)"", ""language_id"": ""en"", ""list_item_id"": ""38729dbe-6d1c-48ce-bf47-e2a18945600e"", ""valuetype_id"": ""prefLabel""}], ""list_id"": ""f7fc4f6d-fd46-4881-846f-4a08bc1a3fef""}]",3695cff8-d770-11ef-8f5d-0275dc2ded29
c497361a-60d7-4c0e-8dfa-f36f02d47409,36956e50-d770-11ef-8f5d-0275dc2ded29,166c7b56-b36e-4cfa-9dc0-7d232f147d69,1,a1afe395-c496-435b-84ee-d6e2b010776a,"{""en"": {""value"": ""Felsinea Colori"", ""direction"": ""ltr""}}","[{""uri"": ""http://localhost:8000/plugins/controlled-list-manager/item/5f400d39-3b6b-4b8a-939b-4e49787c7444"", ""labels"": [{""id"": ""0070cd3b-1dd7-48ee-9f29-b97266bf5afb"", ""value"": ""preferred terms"", ""language_id"": ""en"", ""list_item_id"": ""5f400d39-3b6b-4b8a-939b-4e49787c7444"", ""valuetype_id"": ""prefLabel""}], ""list_id"": ""80028d07-9c98-48cf-84db-f77bc01c8bbc""}]","[{""uri"": ""http://localhost:8000/plugins/controlled-list-manager/item/38729dbe-6d1c-48ce-bf47-e2a18945600e"", ""labels"": [{""id"": ""08a9b0bd-4713-4ea6-a829-66a64240e254"", ""value"": ""English (language)"", ""language_id"": ""en"", ""list_item_id"": ""38729dbe-6d1c-48ce-bf47-e2a18945600e"", ""valuetype_id"": ""prefLabel""}], ""list_id"": ""f7fc4f6d-fd46-4881-846f-4a08bc1a3fef""}]",3695cff8-d770-11ef-8f5d-0275dc2ded29
382e0a9d-2c30-4c82-9ebd-a039afacc4ce,36956e50-d770-11ef-8f5d-0275dc2ded29,166c7b56-b36e-4cfa-9dc0-7d232f147d69,1,f5645160-3d48-47aa-b6d7-918ddbbb2c02,"{""en"": {""value"": ""Heng Produce"", ""direction"": ""ltr""}}","[{""uri"": ""http://localhost:8000/plugins/controlled-list-manager/item/5f400d39-3b6b-4b8a-939b-4e49787c7444"", ""labels"": [{""id"": ""0070cd3b-1dd7-48ee-9f29-b97266bf5afb"", ""value"": ""preferred terms"", ""language_id"": ""en"", ""list_item_id"": ""5f400d39-3b6b-4b8a-939b-4e49787c7444"", ""valuetype_id"": ""prefLabel""}], ""list_id"": ""80028d07-9c98-48cf-84db-f77bc01c8bbc""}]","[{""uri"": ""http://localhost:8000/plugins/controlled-list-manager/item/38729dbe-6d1c-48ce-bf47-e2a18945600e"", ""labels"": [{""id"": ""08a9b0bd-4713-4ea6-a829-66a64240e254"", ""value"": ""English (language)"", ""language_id"": ""en"", ""list_item_id"": ""38729dbe-6d1c-48ce-bf47-e2a18945600e"", ""valuetype_id"": ""prefLabel""}], ""list_id"": ""f7fc4f6d-fd46-4881-846f-4a08bc1a3fef""}]",3695cff8-d770-11ef-8f5d-0275dc2ded29
0a945dc1-2021-438a-8687-27ae7c9bf584,36956e50-d770-11ef-8f5d-0275dc2ded29,166c7b56-b36e-4cfa-9dc0-7d232f147d69,1,ff84fd34-3e21-480b-b799-d9cea1f79d7e,"{""en"": {""value"": ""New Dimensions Dist, AZ"", ""direction"": ""ltr""}}","[{""uri"": ""http://localhost:8000/plugins/controlled-list-manager/item/5f400d39-3b6b-4b8a-939b-4e49787c7444"", ""labels"": [{""id"": ""0070cd3b-1dd7-48ee-9f29-b97266bf5afb"", ""value"": ""preferred terms"", ""language_id"": ""en"", ""list_item_id"": ""5f400d39-3b6b-4b8a-939b-4e49787c7444"", ""valuetype_id"": ""prefLabel""}], ""list_id"": ""80028d07-9c98-48cf-84db-f77bc01c8bbc""}]","[{""uri"": ""http://localhost:8000/plugins/controlled-list-manager/item/38729dbe-6d1c-48ce-bf47-e2a18945600e"", ""labels"": [{""id"": ""08a9b0bd-4713-4ea6-a829-66a64240e254"", ""value"": ""English (language)"", ""language_id"": ""en"", ""list_item_id"": ""38729dbe-6d1c-48ce-bf47-e2a18945600e"", ""valuetype_id"": ""prefLabel""}], ""list_id"": ""f7fc4f6d-fd46-4881-846f-4a08bc1a3fef""}]",3695cff8-d770-11ef-8f5d-0275dc2ded29
d852ef52-1c57-4ccd-aea0-ab2873ccd41f,36956e50-d770-11ef-8f5d-0275dc2ded29,166c7b56-b36e-4cfa-9dc0-7d232f147d69,1,eccf0779-1916-4fa6-addc-6cd23047278c,"{""en"": {""value"": ""Le Franc & Bourgeois"", ""direction"": ""ltr""}}","[{""uri"": ""http://localhost:8000/plugins/controlled-list-manager/item/5f400d39-3b6b-4b8a-939b-4e49787c7444"", ""labels"": [{""id"": ""0070cd3b-1dd7-48ee-9f29-b97266bf5afb"", ""value"": ""preferred terms"", ""language_id"": ""en"", ""list_item_id"": ""5f400d39-3b6b-4b8a-939b-4e49787c7444"", ""valuetype_id"": ""prefLabel""}], ""list_id"": ""80028d07-9c98-48cf-84db-f77bc01c8bbc""}]","[{""uri"": ""http://localhost:8000/plugins/controlled-list-manager/item/38729dbe-6d1c-48ce-bf47-e2a18945600e"", ""labels"": [{""id"": ""08a9b0bd-4713-4ea6-a829-66a64240e254"", ""value"": ""English (language)"", ""language_id"": ""en"", ""list_item_id"": ""38729dbe-6d1c-48ce-bf47-e2a18945600e"", ""valuetype_id"": ""prefLabel""}], ""list_id"": ""f7fc4f6d-fd46-4881-846f-4a08bc1a3fef""}]",3695cff8-d770-11ef-8f5d-0275dc2ded29
e3bc0e8e-bd36-4f0c-b61a-636ced50528e,36956e50-d770-11ef-8f5d-0275dc2ded29,166c7b56-b36e-4cfa-9dc0-7d232f147d69,1,4750cd39-d64c-47a2-894d-ae02233d97ab,"{""en"": {""value"": ""BeeCee Honey Co."", ""direction"": ""ltr""}}","[{""uri"": ""http://localhost:8000/plugins/controlled-list-manager/item/5f400d39-3b6b-4b8a-939b-4e49787c7444"", ""labels"": [{""id"": ""0070cd3b-1dd7-48ee-9f29-b97266bf5afb"", ""value"": ""preferred terms"", ""language_id"": ""en"", ""list_item_id"": ""5f400d39-3b6b-4b8a-939b-4e49787c7444"", ""valuetype_id"": ""prefLabel""}], ""list_id"": ""80028d07-9c98-48cf-84db-f77bc01c8bbc""}]","[{""uri"": ""http://localhost:8000/plugins/controlled-list-manager/item/38729dbe-6d1c-48ce-bf47-e2a18945600e"", ""labels"": [{""id"": ""08a9b0bd-4713-4ea6-a829-66a64240e254"", ""value"": ""English (language)"", ""language_id"": ""en"", ""list_item_id"": ""38729dbe-6d1c-48ce-bf47-e2a18945600e"", ""valuetype_id"": ""prefLabel""}], ""list_id"": ""f7fc4f6d-fd46-4881-846f-4a08bc1a3fef""}]",3695cff8-d770-11ef-8f5d-0275dc2ded29
d0cb8e19-c5a5-4e29-8248-9e9d2272f741,36956e50-d770-11ef-8f5d-0275dc2ded29,166c7b56-b36e-4cfa-9dc0-7d232f147d69,1,148a908e-26b3-4994-a06e-a08b080101cb,"{""en"": {""value"": ""Johannes & Co. (Private) Ltd."", ""direction"": ""ltr""}}","[{""uri"": ""http://localhost:8000/plugins/controlled-list-manager/item/5f400d39-3b6b-4b8a-939b-4e49787c7444"", ""labels"": [{""id"": ""0070cd3b-1dd7-48ee-9f29-b97266bf5afb"", ""value"": ""preferred terms"", ""language_id"": ""en"", ""list_item_id"": ""5f400d39-3b6b-4b8a-939b-4e49787c7444"", ""valuetype_id"": ""prefLabel""}], ""list_id"": ""80028d07-9c98-48cf-84db-f77bc01c8bbc""}]","[{""uri"": ""http://localhost:8000/plugins/controlled-list-manager/item/38729dbe-6d1c-48ce-bf47-e2a18945600e"", ""labels"": [{""id"": ""08a9b0bd-4713-4ea6-a829-66a64240e254"", ""value"": ""English (language)"", ""language_id"": ""en"", ""list_item_id"": ""38729dbe-6d1c-48ce-bf47-e2a18945600e"", ""valuetype_id"": ""prefLabel""}], ""list_id"": ""f7fc4f6d-fd46-4881-846f-4a08bc1a3fef""}]",3695cff8-d770-11ef-8f5d-0275dc2ded29
ad4983c6-4c20-435f-8b4e-40bcfb25225a,36956e50-d770-11ef-8f5d-0275dc2ded29,166c7b56-b36e-4cfa-9dc0-7d232f147d69,1,3cc95d18-0463-4d2e-a619-7fb9efe746b9,"{""en"": {""value"": ""Jethabhai Hirji & Company"", ""direction"": ""ltr""}}","[{""uri"": ""http://localhost:8000/plugins/controlled-list-manager/item/5f400d39-3b6b-4b8a-939b-4e49787c7444"", ""labels"": [{""id"": ""0070cd3b-1dd7-48ee-9f29-b97266bf5afb"", ""value"": ""preferred terms"", ""language_id"": ""en"", ""list_item_id"": ""5f400d39-3b6b-4b8a-939b-4e49787c7444"", ""valuetype_id"": ""prefLabel""}], ""list_id"": ""80028d07-9c98-48cf-84db-f77bc01c8bbc""}]","[{""uri"": ""http://localhost:8000/plugins/controlled-list-manager/item/38729dbe-6d1c-48ce-bf47-e2a18945600e"", ""labels"": [{""id"": ""08a9b0bd-4713-4ea6-a829-66a64240e254"", ""value"": ""English (language)"", ""language_id"": ""en"", ""list_item_id"": ""38729dbe-6d1c-48ce-bf47-e2a18945600e"", ""valuetype_id"": ""prefLabel""}], ""list_id"": ""f7fc4f6d-fd46-4881-846f-4a08bc1a3fef""}]",3695cff8-d770-11ef-8f5d-0275dc2ded29
aa2e4de7-0a6d-4bd8-8a56-70ab38176408,36956e50-d770-11ef-8f5d-0275dc2ded29,166c7b56-b36e-4cfa-9dc0-7d232f147d69,1,d4b1c061-68c7-4a43-b499-ee7f0272412c,"{""en"": {""value"": ""Ferrania Imaging Technologies"", ""direction"": ""ltr""}}","[{""uri"": ""http://localhost:8000/plugins/controlled-list-manager/item/5f400d39-3b6b-4b8a-939b-4e49787c7444"", ""labels"": [{""id"": ""0070cd3b-1dd7-48ee-9f29-b97266bf5afb"", ""value"": ""preferred terms"", ""language_id"": ""en"", ""list_item_id"": ""5f400d39-3b6b-4b8a-939b-4e49787c7444"", ""valuetype_id"": ""prefLabel""}], ""list_id"": ""80028d07-9c98-48cf-84db-f77bc01c8bbc""}]","[{""uri"": ""http://localhost:8000/plugins/controlled-list-manager/item/38729dbe-6d1c-48ce-bf47-e2a18945600e"", ""labels"": [{""id"": ""08a9b0bd-4713-4ea6-a829-66a64240e254"", ""value"": ""English (language)"", ""language_id"": ""en"", ""list_item_id"": ""38729dbe-6d1c-48ce-bf47-e2a18945600e"", ""valuetype_id"": ""prefLabel""}], ""list_id"": ""f7fc4f6d-fd46-4881-846f-4a08bc1a3fef""}]",3695cff8-d770-11ef-8f5d-0275dc2ded29
6de1d347-911b-422d-a2a0-c01811d7d85f,36956e50-d770-11ef-8f5d-0275dc2ded29,166c7b56-b36e-4cfa-9dc0-7d232f147d69,1,f1d46ae6-7ca7-47a7-acf9-c3a97364f24c,"{""en"": {""value"": ""Wacofin / Heinrich Wagner"", ""direction"": ""ltr""}}","[{""uri"": ""http://localhost:8000/plugins/controlled-list-manager/item/5f400d39-3b6b-4b8a-939b-4e49787c7444"", ""labels"": [{""id"": ""0070cd3b-1dd7-48ee-9f29-b97266bf5afb"", ""value"": ""preferred terms"", ""language_id"": ""en"", ""list_item_id"": ""5f400d39-3b6b-4b8a-939b-4e49787c7444"", ""valuetype_id"": ""prefLabel""}], ""list_id"": ""80028d07-9c98-48cf-84db-f77bc01c8bbc""}]","[{""uri"": ""http://localhost:8000/plugins/controlled-list-manager/item/38729dbe-6d1c-48ce-bf47-e2a18945600e"", ""labels"": [{""id"": ""08a9b0bd-4713-4ea6-a829-66a64240e254"", ""value"": ""English (language)"", ""language_id"": ""en"", ""list_item_id"": ""38729dbe-6d1c-48ce-bf47-e2a18945600e"", ""valuetype_id"": ""prefLabel""}], ""list_id"": ""f7fc4f6d-fd46-4881-846f-4a08bc1a3fef""}]",3695cff8-d770-11ef-8f5d-0275dc2ded29
77fa5f48-7278-4b26-8c0a-d2969d9a72e8,36956e50-d770-11ef-8f5d-0275dc2ded29,166c7b56-b36e-4cfa-9dc0-7d232f147d69,1,398e53a8-3169-443f-b320-672b2bc1d549,"{""en"": {""value"": ""Lascaux"", ""direction"": ""ltr""}}","[{""uri"": ""http://localhost:8000/plugins/controlled-list-manager/item/5f400d39-3b6b-4b8a-939b-4e49787c7444"", ""labels"": [{""id"": ""0070cd3b-1dd7-48ee-9f29-b97266bf5afb"", ""value"": ""preferred terms"", ""language_id"": ""en"", ""list_item_id"": ""5f400d39-3b6b-4b8a-939b-4e49787c7444"", ""valuetype_id"": ""prefLabel""}], ""list_id"": ""80028d07-9c98-48cf-84db-f77bc01c8bbc""}]","[{""uri"": ""http://localhost:8000/plugins/controlled-list-manager/item/38729dbe-6d1c-48ce-bf47-e2a18945600e"", ""labels"": [{""id"": ""08a9b0bd-4713-4ea6-a829-66a64240e254"", ""value"": ""English (language)"", ""language_id"": ""en"", ""list_item_id"": ""38729dbe-6d1c-48ce-bf47-e2a18945600e"", ""valuetype_id"": ""prefLabel""}], ""list_id"": ""f7fc4f6d-fd46-4881-846f-4a08bc1a3fef""}]",3695cff8-d770-11ef-8f5d-0275dc2ded29
c79c58aa-c45d-4426-882a-f383a6ece87b,36956e50-d770-11ef-8f5d-0275dc2ded29,166c7b56-b36e-4cfa-9dc0-7d232f147d69,1,9d1222cc-1da3-4a01-b516-a6500a7abdb9,"{""en"": {""value"": ""RAINPEG"", ""direction"": ""ltr""}}","[{""uri"": ""http://localhost:8000/plugins/controlled-list-manager/item/5f400d39-3b6b-4b8a-939b-4e49787c7444"", ""labels"": [{""id"": ""0070cd3b-1dd7-48ee-9f29-b97266bf5afb"", ""value"": ""preferred terms"", ""language_id"": ""en"", ""list_item_id"": ""5f400d39-3b6b-4b8a-939b-4e49787c7444"", ""valuetype_id"": ""prefLabel""}], ""list_id"": ""80028d07-9c98-48cf-84db-f77bc01c8bbc""}]","[{""uri"": ""http://localhost:8000/plugins/controlled-list-manager/item/38729dbe-6d1c-48ce-bf47-e2a18945600e"", ""labels"": [{""id"": ""08a9b0bd-4713-4ea6-a829-66a64240e254"", ""value"": ""English (language)"", ""language_id"": ""en"", ""list_item_id"": ""38729dbe-6d1c-48ce-bf47-e2a18945600e"", ""valuetype_id"": ""prefLabel""}], ""list_id"": ""f7fc4f6d-fd46-4881-846f-4a08bc1a3fef""}]",3695cff8-d770-11ef-8f5d-0275dc2ded29
e58473b5-4209-4c4b-87d3-64bc63a5fbf6,36956e50-d770-11ef-8f5d-0275dc2ded29,166c7b56-b36e-4cfa-9dc0-7d232f147d69,1,9c2f7d95-9c7f-4a7c-8931-253d7f5a4cfa,"{""en"": {""value"": ""Salis International, Inc."", ""direction"": ""ltr""}}","[{""uri"": ""http://localhost:8000/plugins/controlled-list-manager/item/5f400d39-3b6b-4b8a-939b-4e49787c7444"", ""labels"": [{""id"": ""0070cd3b-1dd7-48ee-9f29-b97266bf5afb"", ""value"": ""preferred terms"", ""language_id"": ""en"", ""list_item_id"": ""5f400d39-3b6b-4b8a-939b-4e49787c7444"", ""valuetype_id"": ""prefLabel""}], ""list_id"": ""80028d07-9c98-48cf-84db-f77bc01c8bbc""}]","[{""uri"": ""http://localhost:8000/plugins/controlled-list-manager/item/38729dbe-6d1c-48ce-bf47-e2a18945600e"", ""labels"": [{""id"": ""08a9b0bd-4713-4ea6-a829-66a64240e254"", ""value"": ""English (language)"", ""language_id"": ""en"", ""list_item_id"": ""38729dbe-6d1c-48ce-bf47-e2a18945600e"", ""valuetype_id"": ""prefLabel""}], ""list_id"": ""f7fc4f6d-fd46-4881-846f-4a08bc1a3fef""}]",3695cff8-d770-11ef-8f5d-0275dc2ded29
461c3041-9681-415b-b35c-524247a69b77,36956e50-d770-11ef-8f5d-0275dc2ded29,166c7b56-b36e-4cfa-9dc0-7d232f147d69,1,02f7d973-a21b-4283-8705-46dd62c030a4,"{""en"": {""value"": ""Agfa Photo"", ""direction"": ""ltr""}}","[{""uri"": ""http://localhost:8000/plugins/controlled-list-manager/item/5f400d39-3b6b-4b8a-939b-4e49787c7444"", ""labels"": [{""id"": ""0070cd3b-1dd7-48ee-9f29-b97266bf5afb"", ""value"": ""preferred terms"", ""language_id"": ""en"", ""list_item_id"": ""5f400d39-3b6b-4b8a-939b-4e49787c7444"", ""valuetype_id"": ""prefLabel""}], ""list_id"": ""80028d07-9c98-48cf-84db-f77bc01c8bbc""}]","[{""uri"": ""http://localhost:8000/plugins/controlled-list-manager/item/38729dbe-6d1c-48ce-bf47-e2a18945600e"", ""labels"": [{""id"": ""08a9b0bd-4713-4ea6-a829-66a64240e254"", ""value"": ""English (language)"", ""language_id"": ""en"", ""list_item_id"": ""38729dbe-6d1c-48ce-bf47-e2a18945600e"", ""valuetype_id"": ""prefLabel""}], ""list_id"": ""f7fc4f6d-fd46-4881-846f-4a08bc1a3fef""}]",3695cff8-d770-11ef-8f5d-0275dc2ded29
ba6ddc23-dd24-4162-a5a2-32afda5654f0,36956e50-d770-11ef-8f5d-0275dc2ded29,166c7b56-b36e-4cfa-9dc0-7d232f147d69,1,d234366a-fa37-4ed4-b1b7-7dc63f2c27c2,"{""en"": {""value"": ""World Timbers"", ""direction"": ""ltr""}}","[{""uri"": ""http://localhost:8000/plugins/controlled-list-manager/item/5f400d39-3b6b-4b8a-939b-4e49787c7444"", ""labels"": [{""id"": ""0070cd3b-1dd7-48ee-9f29-b97266bf5afb"", ""value"": ""preferred terms"", ""language_id"": ""en"", ""list_item_id"": ""5f400d39-3b6b-4b8a-939b-4e49787c7444"", ""valuetype_id"": ""prefLabel""}], ""list_id"": ""80028d07-9c98-48cf-84db-f77bc01c8bbc""}]","[{""uri"": ""http://localhost:8000/plugins/controlled-list-manager/item/38729dbe-6d1c-48ce-bf47-e2a18945600e"", ""labels"": [{""id"": ""08a9b0bd-4713-4ea6-a829-66a64240e254"", ""value"": ""English (language)"", ""language_id"": ""en"", ""list_item_id"": ""38729dbe-6d1c-48ce-bf47-e2a18945600e"", ""valuetype_id"": ""prefLabel""}], ""list_id"": ""f7fc4f6d-fd46-4881-846f-4a08bc1a3fef""}]",3695cff8-d770-11ef-8f5d-0275dc2ded29
7de2cc98-6682-43ae-b594-62dbbba684d5,36956e50-d770-11ef-8f5d-0275dc2ded29,166c7b56-b36e-4cfa-9dc0-7d232f147d69,1,1fd74349-34d8-4241-8c5b-64cf05fb651c,"{""en"": {""value"": ""S (Chinese)"", ""direction"": ""ltr""}}","[{""uri"": ""http://localhost:8000/plugins/controlled-list-manager/item/5f400d39-3b6b-4b8a-939b-4e49787c7444"", ""labels"": [{""id"": ""0070cd3b-1dd7-48ee-9f29-b97266bf5afb"", ""value"": ""preferred terms"", ""language_id"": ""en"", ""list_item_id"": ""5f400d39-3b6b-4b8a-939b-4e49787c7444"", ""valuetype_id"": ""prefLabel""}], ""list_id"": ""80028d07-9c98-48cf-84db-f77bc01c8bbc""}]","[{""uri"": ""http://localhost:8000/plugins/controlled-list-manager/item/38729dbe-6d1c-48ce-bf47-e2a18945600e"", ""labels"": [{""id"": ""08a9b0bd-4713-4ea6-a829-66a64240e254"", ""value"": ""English (language)"", ""language_id"": ""en"", ""list_item_id"": ""38729dbe-6d1c-48ce-bf47-e2a18945600e"", ""valuetype_id"": ""prefLabel""}], ""list_id"": ""f7fc4f6d-fd46-4881-846f-4a08bc1a3fef""}]",3695cff8-d770-11ef-8f5d-0275dc2ded29
84c8f26e-1ee7-435a-afef-3482ee417735,36956e50-d770-11ef-8f5d-0275dc2ded29,166c7b56-b36e-4cfa-9dc0-7d232f147d69,1,08027d6f-58b2-41c6-9008-76903e6fa0b6,"{""en"": {""value"": ""Face to Face Gallery, Beijing"", ""direction"": ""ltr""}}","[{""uri"": ""http://localhost:8000/plugins/controlled-list-manager/item/5f400d39-3b6b-4b8a-939b-4e49787c7444"", ""labels"": [{""id"": ""0070cd3b-1dd7-48ee-9f29-b97266bf5afb"", ""value"": ""preferred terms"", ""language_id"": ""en"", ""list_item_id"": ""5f400d39-3b6b-4b8a-939b-4e49787c7444"", ""valuetype_id"": ""prefLabel""}], ""list_id"": ""80028d07-9c98-48cf-84db-f77bc01c8bbc""}]","[{""uri"": ""http://localhost:8000/plugins/controlled-list-manager/item/38729dbe-6d1c-48ce-bf47-e2a18945600e"", ""labels"": [{""id"": ""08a9b0bd-4713-4ea6-a829-66a64240e254"", ""value"": ""English (language)"", ""language_id"": ""en"", ""list_item_id"": ""38729dbe-6d1c-48ce-bf47-e2a18945600e"", ""valuetype_id"": ""prefLabel""}], ""list_id"": ""f7fc4f6d-fd46-4881-846f-4a08bc1a3fef""}]",3695cff8-d770-11ef-8f5d-0275dc2ded29
388e2585-ae07-48c6-af78-a21ff75cd02d,36956e50-d770-11ef-8f5d-0275dc2ded29,166c7b56-b36e-4cfa-9dc0-7d232f147d69,1,f155a44e-ca56-4628-9197-7010be8c5902,"{""en"": {""value"": ""P A Hodges"", ""direction"": ""ltr""}}","[{""uri"": ""http://localhost:8000/plugins/controlled-list-manager/item/5f400d39-3b6b-4b8a-939b-4e49787c7444"", ""labels"": [{""id"": ""0070cd3b-1dd7-48ee-9f29-b97266bf5afb"", ""value"": ""preferred terms"", ""language_id"": ""en"", ""list_item_id"": ""5f400d39-3b6b-4b8a-939b-4e49787c7444"", ""valuetype_id"": ""prefLabel""}], ""list_id"": ""80028d07-9c98-48cf-84db-f77bc01c8bbc""}]","[{""uri"": ""http://localhost:8000/plugins/controlled-list-manager/item/38729dbe-6d1c-48ce-bf47-e2a18945600e"", ""labels"": [{""id"": ""08a9b0bd-4713-4ea6-a829-66a64240e254"", ""value"": ""English (language)"", ""language_id"": ""en"", ""list_item_id"": ""38729dbe-6d1c-48ce-bf47-e2a18945600e"", ""valuetype_id"": ""prefLabel""}], ""list_id"": ""f7fc4f6d-fd46-4881-846f-4a08bc1a3fef""}]",3695cff8-d770-11ef-8f5d-0275dc2ded29
896845ac-5b4d-490d-97c0-21ad31343821,36956e50-d770-11ef-8f5d-0275dc2ded29,166c7b56-b36e-4cfa-9dc0-7d232f147d69,1,6166dc09-935e-41d7-b208-57de564ad2ba,"{""en"": {""value"": ""Cappelle"", ""direction"": ""ltr""}}","[{""uri"": ""http://localhost:8000/plugins/controlled-list-manager/item/5f400d39-3b6b-4b8a-939b-4e49787c7444"", ""labels"": [{""id"": ""0070cd3b-1dd7-48ee-9f29-b97266bf5afb"", ""value"": ""preferred terms"", ""language_id"": ""en"", ""list_item_id"": ""5f400d39-3b6b-4b8a-939b-4e49787c7444"", ""valuetype_id"": ""prefLabel""}], ""list_id"": ""80028d07-9c98-48cf-84db-f77bc01c8bbc""}]","[{""uri"": ""http://localhost:8000/plugins/controlled-list-manager/item/38729dbe-6d1c-48ce-bf47-e2a18945600e"", ""labels"": [{""id"": ""08a9b0bd-4713-4ea6-a829-66a64240e254"", ""value"": ""English (language)"", ""language_id"": ""en"", ""list_item_id"": ""38729dbe-6d1c-48ce-bf47-e2a18945600e"", ""valuetype_id"": ""prefLabel""}], ""list_id"": ""f7fc4f6d-fd46-4881-846f-4a08bc1a3fef""}]",3695cff8-d770-11ef-8f5d-0275dc2ded29
e9954005-8413-4566-a71d-a5df9f088133,36956e50-d770-11ef-8f5d-0275dc2ded29,166c7b56-b36e-4cfa-9dc0-7d232f147d69,1,5d7559e1-4d16-4785-a469-b53480ec967a,"{""en"": {""value"": ""Standard Brands"", ""direction"": ""ltr""}}","[{""uri"": ""http://localhost:8000/plugins/controlled-list-manager/item/5f400d39-3b6b-4b8a-939b-4e49787c7444"", ""labels"": [{""id"": ""0070cd3b-1dd7-48ee-9f29-b97266bf5afb"", ""value"": ""preferred terms"", ""language_id"": ""en"", ""list_item_id"": ""5f400d39-3b6b-4b8a-939b-4e49787c7444"", ""valuetype_id"": ""prefLabel""}], ""list_id"": ""80028d07-9c98-48cf-84db-f77bc01c8bbc""}]","[{""uri"": ""http://localhost:8000/plugins/controlled-list-manager/item/38729dbe-6d1c-48ce-bf47-e2a18945600e"", ""labels"": [{""id"": ""08a9b0bd-4713-4ea6-a829-66a64240e254"", ""value"": ""English (language)"", ""language_id"": ""en"", ""list_item_id"": ""38729dbe-6d1c-48ce-bf47-e2a18945600e"", ""valuetype_id"": ""prefLabel""}], ""list_id"": ""f7fc4f6d-fd46-4881-846f-4a08bc1a3fef""}]",3695cff8-d770-11ef-8f5d-0275dc2ded29
5e8c676d-83de-4f5d-a1ad-196e1ce61afa,36956e50-d770-11ef-8f5d-0275dc2ded29,166c7b56-b36e-4cfa-9dc0-7d232f147d69,1,27d92d86-d182-4e80-901e-4c4b1c6140a7,"{""en"": {""value"": ""Maimeri"", ""direction"": ""ltr""}}","[{""uri"": ""http://localhost:8000/plugins/controlled-list-manager/item/5f400d39-3b6b-4b8a-939b-4e49787c7444"", ""labels"": [{""id"": ""0070cd3b-1dd7-48ee-9f29-b97266bf5afb"", ""value"": ""preferred terms"", ""language_id"": ""en"", ""list_item_id"": ""5f400d39-3b6b-4b8a-939b-4e49787c7444"", ""valuetype_id"": ""prefLabel""}], ""list_id"": ""80028d07-9c98-48cf-84db-f77bc01c8bbc""}]","[{""uri"": ""http://localhost:8000/plugins/controlled-list-manager/item/38729dbe-6d1c-48ce-bf47-e2a18945600e"", ""labels"": [{""id"": ""08a9b0bd-4713-4ea6-a829-66a64240e254"", ""value"": ""English (language)"", ""language_id"": ""en"", ""list_item_id"": ""38729dbe-6d1c-48ce-bf47-e2a18945600e"", ""valuetype_id"": ""prefLabel""}], ""list_id"": ""f7fc4f6d-fd46-4881-846f-4a08bc1a3fef""}]",3695cff8-d770-11ef-8f5d-0275dc2ded29
e14a5857-1f31-4299-8348-be1e02c6238a,36956e50-d770-11ef-8f5d-0275dc2ded29,166c7b56-b36e-4cfa-9dc0-7d232f147d69,1,24c8dcad-23b4-4fe9-acdd-95400c267e74,"{""en"": {""value"": ""Loriva"", ""direction"": ""ltr""}}","[{""uri"": ""http://localhost:8000/plugins/controlled-list-manager/item/5f400d39-3b6b-4b8a-939b-4e49787c7444"", ""labels"": [{""id"": ""0070cd3b-1dd7-48ee-9f29-b97266bf5afb"", ""value"": ""preferred terms"", ""language_id"": ""en"", ""list_item_id"": ""5f400d39-3b6b-4b8a-939b-4e49787c7444"", ""valuetype_id"": ""prefLabel""}], ""list_id"": ""80028d07-9c98-48cf-84db-f77bc01c8bbc""}]","[{""uri"": ""http://localhost:8000/plugins/controlled-list-manager/item/38729dbe-6d1c-48ce-bf47-e2a18945600e"", ""labels"": [{""id"": ""08a9b0bd-4713-4ea6-a829-66a64240e254"", ""value"": ""English (language)"", ""language_id"": ""en"", ""list_item_id"": ""38729dbe-6d1c-48ce-bf47-e2a18945600e"", ""valuetype_id"": ""prefLabel""}], ""list_id"": ""f7fc4f6d-fd46-4881-846f-4a08bc1a3fef""}]",3695cff8-d770-11ef-8f5d-0275dc2ded29
8ab97d72-b278-4318-9889-ad941a7ec7fc,36956e50-d770-11ef-8f5d-0275dc2ded29,166c7b56-b36e-4cfa-9dc0-7d232f147d69,1,7f277b2c-5ea6-43b0-a3c4-e701eb88405f,"{""en"": {""value"": ""Pallares Hermanos S.A.; (Imported by Schroeder Bros of CA)"", ""direction"": ""ltr""}}","[{""uri"": ""http://localhost:8000/plugins/controlled-list-manager/item/5f400d39-3b6b-4b8a-939b-4e49787c7444"", ""labels"": [{""id"": ""0070cd3b-1dd7-48ee-9f29-b97266bf5afb"", ""value"": ""preferred terms"", ""language_id"": ""en"", ""list_item_id"": ""5f400d39-3b6b-4b8a-939b-4e49787c7444"", ""valuetype_id"": ""prefLabel""}], ""list_id"": ""80028d07-9c98-48cf-84db-f77bc01c8bbc""}]","[{""uri"": ""http://localhost:8000/plugins/controlled-list-manager/item/38729dbe-6d1c-48ce-bf47-e2a18945600e"", ""labels"": [{""id"": ""08a9b0bd-4713-4ea6-a829-66a64240e254"", ""value"": ""English (language)"", ""language_id"": ""en"", ""list_item_id"": ""38729dbe-6d1c-48ce-bf47-e2a18945600e"", ""valuetype_id"": ""prefLabel""}], ""list_id"": ""f7fc4f6d-fd46-4881-846f-4a08bc1a3fef""}]",3695cff8-d770-11ef-8f5d-0275dc2ded29
9de01eed-4af8-4dce-947b-4b53152d35f8,36956e50-d770-11ef-8f5d-0275dc2ded29,166c7b56-b36e-4cfa-9dc0-7d232f147d69,1,7f245d7c-7b85-43c1-b8d9-aed557be0a7d,"{""en"": {""value"": ""Americana Goods returned"", ""direction"": ""ltr""}}","[{""uri"": ""http://localhost:8000/plugins/controlled-list-manager/item/5f400d39-3b6b-4b8a-939b-4e49787c7444"", ""labels"": [{""id"": ""0070cd3b-1dd7-48ee-9f29-b97266bf5afb"", ""value"": ""preferred terms"", ""language_id"": ""en"", ""list_item_id"": ""5f400d39-3b6b-4b8a-939b-4e49787c7444"", ""valuetype_id"": ""prefLabel""}], ""list_id"": ""80028d07-9c98-48cf-84db-f77bc01c8bbc""}]","[{""uri"": ""http://localhost:8000/plugins/controlled-list-manager/item/38729dbe-6d1c-48ce-bf47-e2a18945600e"", ""labels"": [{""id"": ""08a9b0bd-4713-4ea6-a829-66a64240e254"", ""value"": ""English (language)"", ""language_id"": ""en"", ""list_item_id"": ""38729dbe-6d1c-48ce-bf47-e2a18945600e"", ""valuetype_id"": ""prefLabel""}], ""list_id"": ""f7fc4f6d-fd46-4881-846f-4a08bc1a3fef""}]",3695cff8-d770-11ef-8f5d-0275dc2ded29
6c3d2961-3e41-4e4f-816e-e512328894bb,36956e50-d770-11ef-8f5d-0275dc2ded29,166c7b56-b36e-4cfa-9dc0-7d232f147d69,1,4d3ab773-fecd-47af-b727-452990617220,"{""en"": {""value"": ""Usine Mathieu"", ""direction"": ""ltr""}}","[{""uri"": ""http://localhost:8000/plugins/controlled-list-manager/item/5f400d39-3b6b-4b8a-939b-4e49787c7444"", ""labels"": [{""id"": ""0070cd3b-1dd7-48ee-9f29-b97266bf5afb"", ""value"": ""preferred terms"", ""language_id"": ""en"", ""list_item_id"": ""5f400d39-3b6b-4b8a-939b-4e49787c7444"", ""valuetype_id"": ""prefLabel""}], ""list_id"": ""80028d07-9c98-48cf-84db-f77bc01c8bbc""}]","[{""uri"": ""http://localhost:8000/plugins/controlled-list-manager/item/38729dbe-6d1c-48ce-bf47-e2a18945600e"", ""labels"": [{""id"": ""08a9b0bd-4713-4ea6-a829-66a64240e254"", ""value"": ""English (language)"", ""language_id"": ""en"", ""list_item_id"": ""38729dbe-6d1c-48ce-bf47-e2a18945600e"", ""valuetype_id"": ""prefLabel""}], ""list_id"": ""f7fc4f6d-fd46-4881-846f-4a08bc1a3fef""}]",3695cff8-d770-11ef-8f5d-0275dc2ded29
8204d7db-b446-4d93-b3e3-fef49040d473,36956e50-d770-11ef-8f5d-0275dc2ded29,166c7b56-b36e-4cfa-9dc0-7d232f147d69,1,1ecfaed1-a824-4aa9-ac2c-03f2f2d6ab18,"{""en"": {""value"": ""Ilford"", ""direction"": ""ltr""}}","[{""uri"": ""http://localhost:8000/plugins/controlled-list-manager/item/5f400d39-3b6b-4b8a-939b-4e49787c7444"", ""labels"": [{""id"": ""0070cd3b-1dd7-48ee-9f29-b97266bf5afb"", ""value"": ""preferred terms"", ""language_id"": ""en"", ""list_item_id"": ""5f400d39-3b6b-4b8a-939b-4e49787c7444"", ""valuetype_id"": ""prefLabel""}], ""list_id"": ""80028d07-9c98-48cf-84db-f77bc01c8bbc""}]","[{""uri"": ""http://localhost:8000/plugins/controlled-list-manager/item/38729dbe-6d1c-48ce-bf47-e2a18945600e"", ""labels"": [{""id"": ""08a9b0bd-4713-4ea6-a829-66a64240e254"", ""value"": ""English (language)"", ""language_id"": ""en"", ""list_item_id"": ""38729dbe-6d1c-48ce-bf47-e2a18945600e"", ""valuetype_id"": ""prefLabel""}], ""list_id"": ""f7fc4f6d-fd46-4881-846f-4a08bc1a3fef""}]",3695cff8-d770-11ef-8f5d-0275dc2ded29
86eee1be-4521-4177-a229-46d6ea777953,36956e50-d770-11ef-8f5d-0275dc2ded29,166c7b56-b36e-4cfa-9dc0-7d232f147d69,1,1bf3559f-2e5a-4634-a39b-ffca352b8b17,"{""en"": {""value"": ""Walgreen Co."", ""direction"": ""ltr""}}","[{""uri"": ""http://localhost:8000/plugins/controlled-list-manager/item/5f400d39-3b6b-4b8a-939b-4e49787c7444"", ""labels"": [{""id"": ""0070cd3b-1dd7-48ee-9f29-b97266bf5afb"", ""value"": ""preferred terms"", ""language_id"": ""en"", ""list_item_id"": ""5f400d39-3b6b-4b8a-939b-4e49787c7444"", ""valuetype_id"": ""prefLabel""}], ""list_id"": ""80028d07-9c98-48cf-84db-f77bc01c8bbc""}]","[{""uri"": ""http://localhost:8000/plugins/controlled-list-manager/item/38729dbe-6d1c-48ce-bf47-e2a18945600e"", ""labels"": [{""id"": ""08a9b0bd-4713-4ea6-a829-66a64240e254"", ""value"": ""English (language)"", ""language_id"": ""en"", ""list_item_id"": ""38729dbe-6d1c-48ce-bf47-e2a18945600e"", ""valuetype_id"": ""prefLabel""}], ""list_id"": ""f7fc4f6d-fd46-4881-846f-4a08bc1a3fef""}]",3695cff8-d770-11ef-8f5d-0275dc2ded29
736e9de1-93bb-4daf-badc-3655a798dac5,36956e50-d770-11ef-8f5d-0275dc2ded29,166c7b56-b36e-4cfa-9dc0-7d232f147d69,1,9bcc1207-9013-4047-9d68-52f17a08d294,"{""en"": {""value"": ""Kono"", ""direction"": ""ltr""}}","[{""uri"": ""http://localhost:8000/plugins/controlled-list-manager/item/5f400d39-3b6b-4b8a-939b-4e49787c7444"", ""labels"": [{""id"": ""0070cd3b-1dd7-48ee-9f29-b97266bf5afb"", ""value"": ""preferred terms"", ""language_id"": ""en"", ""list_item_id"": ""5f400d39-3b6b-4b8a-939b-4e49787c7444"", ""valuetype_id"": ""prefLabel""}], ""list_id"": ""80028d07-9c98-48cf-84db-f77bc01c8bbc""}]","[{""uri"": ""http://localhost:8000/plugins/controlled-list-manager/item/38729dbe-6d1c-48ce-bf47-e2a18945600e"", ""labels"": [{""id"": ""08a9b0bd-4713-4ea6-a829-66a64240e254"", ""value"": ""English (language)"", ""language_id"": ""en"", ""list_item_id"": ""38729dbe-6d1c-48ce-bf47-e2a18945600e"", ""valuetype_id"": ""prefLabel""}], ""list_id"": ""f7fc4f6d-fd46-4881-846f-4a08bc1a3fef""}]",3695cff8-d770-11ef-8f5d-0275dc2ded29
54ba81d2-c7ee-44b8-9e1c-d72b1559c950,36956e50-d770-11ef-8f5d-0275dc2ded29,166c7b56-b36e-4cfa-9dc0-7d232f147d69,1,8c37049e-3c29-49a4-99fd-97ab99a2145b,"{""en"": {""value"": ""Aldrich Chemical Company"", ""direction"": ""ltr""}}","[{""uri"": ""http://localhost:8000/plugins/controlled-list-manager/item/5f400d39-3b6b-4b8a-939b-4e49787c7444"", ""labels"": [{""id"": ""0070cd3b-1dd7-48ee-9f29-b97266bf5afb"", ""value"": ""preferred terms"", ""language_id"": ""en"", ""list_item_id"": ""5f400d39-3b6b-4b8a-939b-4e49787c7444"", ""valuetype_id"": ""prefLabel""}], ""list_id"": ""80028d07-9c98-48cf-84db-f77bc01c8bbc""}]","[{""uri"": ""http://localhost:8000/plugins/controlled-list-manager/item/38729dbe-6d1c-48ce-bf47-e2a18945600e"", ""labels"": [{""id"": ""08a9b0bd-4713-4ea6-a829-66a64240e254"", ""value"": ""English (language)"", ""language_id"": ""en"", ""list_item_id"": ""38729dbe-6d1c-48ce-bf47-e2a18945600e"", ""valuetype_id"": ""prefLabel""}], ""list_id"": ""f7fc4f6d-fd46-4881-846f-4a08bc1a3fef""}]",3695cff8-d770-11ef-8f5d-0275dc2ded29
76be1918-1445-4199-8567-b4c5f9b6de48,36956e50-d770-11ef-8f5d-0275dc2ded29,166c7b56-b36e-4cfa-9dc0-7d232f147d69,1,a844b9c4-5b30-48ab-b7dd-7720ae9039c6,"{""en"": {""value"": ""Asahi"", ""direction"": ""ltr""}}","[{""uri"": ""http://localhost:8000/plugins/controlled-list-manager/item/5f400d39-3b6b-4b8a-939b-4e49787c7444"", ""labels"": [{""id"": ""0070cd3b-1dd7-48ee-9f29-b97266bf5afb"", ""value"": ""preferred terms"", ""language_id"": ""en"", ""list_item_id"": ""5f400d39-3b6b-4b8a-939b-4e49787c7444"", ""valuetype_id"": ""prefLabel""}], ""list_id"": ""80028d07-9c98-48cf-84db-f77bc01c8bbc""}]","[{""uri"": ""http://localhost:8000/plugins/controlled-list-manager/item/38729dbe-6d1c-48ce-bf47-e2a18945600e"", ""labels"": [{""id"": ""08a9b0bd-4713-4ea6-a829-66a64240e254"", ""value"": ""English (language)"", ""language_id"": ""en"", ""list_item_id"": ""38729dbe-6d1c-48ce-bf47-e2a18945600e"", ""valuetype_id"": ""prefLabel""}], ""list_id"": ""f7fc4f6d-fd46-4881-846f-4a08bc1a3fef""}]",3695cff8-d770-11ef-8f5d-0275dc2ded29
9e140a87-a248-4ca0-a855-865934d28195,36956e50-d770-11ef-8f5d-0275dc2ded29,166c7b56-b36e-4cfa-9dc0-7d232f147d69,1,fce01fea-3100-49d1-9c29-5742aff414cb,"{""en"": {""value"": ""HY Pigments"", ""direction"": ""ltr""}}","[{""uri"": ""http://localhost:8000/plugins/controlled-list-manager/item/5f400d39-3b6b-4b8a-939b-4e49787c7444"", ""labels"": [{""id"": ""0070cd3b-1dd7-48ee-9f29-b97266bf5afb"", ""value"": ""preferred terms"", ""language_id"": ""en"", ""list_item_id"": ""5f400d39-3b6b-4b8a-939b-4e49787c7444"", ""valuetype_id"": ""prefLabel""}], ""list_id"": ""80028d07-9c98-48cf-84db-f77bc01c8bbc""}]","[{""uri"": ""http://localhost:8000/plugins/controlled-list-manager/item/38729dbe-6d1c-48ce-bf47-e2a18945600e"", ""labels"": [{""id"": ""08a9b0bd-4713-4ea6-a829-66a64240e254"", ""value"": ""English (language)"", ""language_id"": ""en"", ""list_item_id"": ""38729dbe-6d1c-48ce-bf47-e2a18945600e"", ""valuetype_id"": ""prefLabel""}], ""list_id"": ""f7fc4f6d-fd46-4881-846f-4a08bc1a3fef""}]",3695cff8-d770-11ef-8f5d-0275dc2ded29
7e6a8f13-ce02-4b38-99a2-6b6867af8893,36956e50-d770-11ef-8f5d-0275dc2ded29,166c7b56-b36e-4cfa-9dc0-7d232f147d69,1,c2bba350-c5f9-46df-b438-c52726fb8e74,"{""en"": {""value"": ""Glyco Products Company"", ""direction"": ""ltr""}}","[{""uri"": ""http://localhost:8000/plugins/controlled-list-manager/item/5f400d39-3b6b-4b8a-939b-4e49787c7444"", ""labels"": [{""id"": ""0070cd3b-1dd7-48ee-9f29-b97266bf5afb"", ""value"": ""preferred terms"", ""language_id"": ""en"", ""list_item_id"": ""5f400d39-3b6b-4b8a-939b-4e49787c7444"", ""valuetype_id"": ""prefLabel""}], ""list_id"": ""80028d07-9c98-48cf-84db-f77bc01c8bbc""}]","[{""uri"": ""http://localhost:8000/plugins/controlled-list-manager/item/38729dbe-6d1c-48ce-bf47-e2a18945600e"", ""labels"": [{""id"": ""08a9b0bd-4713-4ea6-a829-66a64240e254"", ""value"": ""English (language)"", ""language_id"": ""en"", ""list_item_id"": ""38729dbe-6d1c-48ce-bf47-e2a18945600e"", ""valuetype_id"": ""prefLabel""}], ""list_id"": ""f7fc4f6d-fd46-4881-846f-4a08bc1a3fef""}]",3695cff8-d770-11ef-8f5d-0275dc2ded29
bbe752bc-9482-482f-adc2-715c4a45ea18,36956e50-d770-11ef-8f5d-0275dc2ded29,166c7b56-b36e-4cfa-9dc0-7d232f147d69,1,2661efd2-dbf0-4ecb-91c2-f4a5e3b46fd4,"{""en"": {""value"": ""Kunstler"", ""direction"": ""ltr""}}","[{""uri"": ""http://localhost:8000/plugins/controlled-list-manager/item/5f400d39-3b6b-4b8a-939b-4e49787c7444"", ""labels"": [{""id"": ""0070cd3b-1dd7-48ee-9f29-b97266bf5afb"", ""value"": ""preferred terms"", ""language_id"": ""en"", ""list_item_id"": ""5f400d39-3b6b-4b8a-939b-4e49787c7444"", ""valuetype_id"": ""prefLabel""}], ""list_id"": ""80028d07-9c98-48cf-84db-f77bc01c8bbc""}]","[{""uri"": ""http://localhost:8000/plugins/controlled-list-manager/item/38729dbe-6d1c-48ce-bf47-e2a18945600e"", ""labels"": [{""id"": ""08a9b0bd-4713-4ea6-a829-66a64240e254"", ""value"": ""English (language)"", ""language_id"": ""en"", ""list_item_id"": ""38729dbe-6d1c-48ce-bf47-e2a18945600e"", ""valuetype_id"": ""prefLabel""}], ""list_id"": ""f7fc4f6d-fd46-4881-846f-4a08bc1a3fef""}]",3695cff8-d770-11ef-8f5d-0275dc2ded29
09a6200a-3ef0-4aa2-8f96-ce39414cb7c2,36956e50-d770-11ef-8f5d-0275dc2ded29,166c7b56-b36e-4cfa-9dc0-7d232f147d69,1,e58a4071-97d4-46e9-b293-f272134ace60,"{""en"": {""value"": ""Standard Brand Paints"", ""direction"": ""ltr""}}","[{""uri"": ""http://localhost:8000/plugins/controlled-list-manager/item/5f400d39-3b6b-4b8a-939b-4e49787c7444"", ""labels"": [{""id"": ""0070cd3b-1dd7-48ee-9f29-b97266bf5afb"", ""value"": ""preferred terms"", ""language_id"": ""en"", ""list_item_id"": ""5f400d39-3b6b-4b8a-939b-4e49787c7444"", ""valuetype_id"": ""prefLabel""}], ""list_id"": ""80028d07-9c98-48cf-84db-f77bc01c8bbc""}]","[{""uri"": ""http://localhost:8000/plugins/controlled-list-manager/item/38729dbe-6d1c-48ce-bf47-e2a18945600e"", ""labels"": [{""id"": ""08a9b0bd-4713-4ea6-a829-66a64240e254"", ""value"": ""English (language)"", ""language_id"": ""en"", ""list_item_id"": ""38729dbe-6d1c-48ce-bf47-e2a18945600e"", ""valuetype_id"": ""prefLabel""}], ""list_id"": ""f7fc4f6d-fd46-4881-846f-4a08bc1a3fef""}]",3695cff8-d770-11ef-8f5d-0275dc2ded29
ec35bd83-09b2-4297-9a11-5c2b9e884c17,36956e50-d770-11ef-8f5d-0275dc2ded29,166c7b56-b36e-4cfa-9dc0-7d232f147d69,1,1db91184-2e5d-4746-b0f3-eb4396caf552,"{""en"": {""value"": ""Tropical Apiary"", ""direction"": ""ltr""}}","[{""uri"": ""http://localhost:8000/plugins/controlled-list-manager/item/5f400d39-3b6b-4b8a-939b-4e49787c7444"", ""labels"": [{""id"": ""0070cd3b-1dd7-48ee-9f29-b97266bf5afb"", ""value"": ""preferred terms"", ""language_id"": ""en"", ""list_item_id"": ""5f400d39-3b6b-4b8a-939b-4e49787c7444"", ""valuetype_id"": ""prefLabel""}], ""list_id"": ""80028d07-9c98-48cf-84db-f77bc01c8bbc""}]","[{""uri"": ""http://localhost:8000/plugins/controlled-list-manager/item/38729dbe-6d1c-48ce-bf47-e2a18945600e"", ""labels"": [{""id"": ""08a9b0bd-4713-4ea6-a829-66a64240e254"", ""value"": ""English (language)"", ""language_id"": ""en"", ""list_item_id"": ""38729dbe-6d1c-48ce-bf47-e2a18945600e"", ""valuetype_id"": ""prefLabel""}], ""list_id"": ""f7fc4f6d-fd46-4881-846f-4a08bc1a3fef""}]",3695cff8-d770-11ef-8f5d-0275dc2ded29
b1797ae7-5117-4ca3-b70b-26bc05b9af48,36956e50-d770-11ef-8f5d-0275dc2ded29,166c7b56-b36e-4cfa-9dc0-7d232f147d69,1,488f31cf-2e58-4c42-b820-62461c1753d2,"{""en"": {""value"": ""Robert Komarek"", ""direction"": ""ltr""}}","[{""uri"": ""http://localhost:8000/plugins/controlled-list-manager/item/5f400d39-3b6b-4b8a-939b-4e49787c7444"", ""labels"": [{""id"": ""0070cd3b-1dd7-48ee-9f29-b97266bf5afb"", ""value"": ""preferred terms"", ""language_id"": ""en"", ""list_item_id"": ""5f400d39-3b6b-4b8a-939b-4e49787c7444"", ""valuetype_id"": ""prefLabel""}], ""list_id"": ""80028d07-9c98-48cf-84db-f77bc01c8bbc""}]","[{""uri"": ""http://localhost:8000/plugins/controlled-list-manager/item/38729dbe-6d1c-48ce-bf47-e2a18945600e"", ""labels"": [{""id"": ""08a9b0bd-4713-4ea6-a829-66a64240e254"", ""value"": ""English (language)"", ""language_id"": ""en"", ""list_item_id"": ""38729dbe-6d1c-48ce-bf47-e2a18945600e"", ""valuetype_id"": ""prefLabel""}], ""list_id"": ""f7fc4f6d-fd46-4881-846f-4a08bc1a3fef""}]",3695cff8-d770-11ef-8f5d-0275dc2ded29
17f03d0d-ff7f-4020-aca7-446b962ce038,36956e50-d770-11ef-8f5d-0275dc2ded29,166c7b56-b36e-4cfa-9dc0-7d232f147d69,1,33f51b49-7c1f-40a8-b803-cecd1d1b2f23,"{""en"": {""value"": ""Carbide & Carbon Chemical Corp."", ""direction"": ""ltr""}}","[{""uri"": ""http://localhost:8000/plugins/controlled-list-manager/item/5f400d39-3b6b-4b8a-939b-4e49787c7444"", ""labels"": [{""id"": ""0070cd3b-1dd7-48ee-9f29-b97266bf5afb"", ""value"": ""preferred terms"", ""language_id"": ""en"", ""list_item_id"": ""5f400d39-3b6b-4b8a-939b-4e49787c7444"", ""valuetype_id"": ""prefLabel""}], ""list_id"": ""80028d07-9c98-48cf-84db-f77bc01c8bbc""}]","[{""uri"": ""http://localhost:8000/plugins/controlled-list-manager/item/38729dbe-6d1c-48ce-bf47-e2a18945600e"", ""labels"": [{""id"": ""08a9b0bd-4713-4ea6-a829-66a64240e254"", ""value"": ""English (language)"", ""language_id"": ""en"", ""list_item_id"": ""38729dbe-6d1c-48ce-bf47-e2a18945600e"", ""valuetype_id"": ""prefLabel""}], ""list_id"": ""f7fc4f6d-fd46-4881-846f-4a08bc1a3fef""}]",3695cff8-d770-11ef-8f5d-0275dc2ded29
3bf1fe24-2b6f-4ace-b05a-5ee7afe386a6,36956e50-d770-11ef-8f5d-0275dc2ded29,166c7b56-b36e-4cfa-9dc0-7d232f147d69,1,bf69f857-ee38-42ab-8235-281a2cfec611,"{""en"": {""value"": ""Siphon Art"", ""direction"": ""ltr""}}","[{""uri"": ""http://localhost:8000/plugins/controlled-list-manager/item/5f400d39-3b6b-4b8a-939b-4e49787c7444"", ""labels"": [{""id"": ""0070cd3b-1dd7-48ee-9f29-b97266bf5afb"", ""value"": ""preferred terms"", ""language_id"": ""en"", ""list_item_id"": ""5f400d39-3b6b-4b8a-939b-4e49787c7444"", ""valuetype_id"": ""prefLabel""}], ""list_id"": ""80028d07-9c98-48cf-84db-f77bc01c8bbc""}]","[{""uri"": ""http://localhost:8000/plugins/controlled-list-manager/item/38729dbe-6d1c-48ce-bf47-e2a18945600e"", ""labels"": [{""id"": ""08a9b0bd-4713-4ea6-a829-66a64240e254"", ""value"": ""English (language)"", ""language_id"": ""en"", ""list_item_id"": ""38729dbe-6d1c-48ce-bf47-e2a18945600e"", ""valuetype_id"": ""prefLabel""}], ""list_id"": ""f7fc4f6d-fd46-4881-846f-4a08bc1a3fef""}]",3695cff8-d770-11ef-8f5d-0275dc2ded29
b0068339-2123-442e-b5cd-572889fb1db3,36956e50-d770-11ef-8f5d-0275dc2ded29,166c7b56-b36e-4cfa-9dc0-7d232f147d69,1,7a5ff2ed-e57e-45af-9e1f-587df67bd52f,"{""en"": {""value"": ""Ceratonia, S.A.; (Imported by Dycol Chemicals Inc.)"", ""direction"": ""ltr""}}","[{""uri"": ""http://localhost:8000/plugins/controlled-list-manager/item/5f400d39-3b6b-4b8a-939b-4e49787c7444"", ""labels"": [{""id"": ""0070cd3b-1dd7-48ee-9f29-b97266bf5afb"", ""value"": ""preferred terms"", ""language_id"": ""en"", ""list_item_id"": ""5f400d39-3b6b-4b8a-939b-4e49787c7444"", ""valuetype_id"": ""prefLabel""}], ""list_id"": ""80028d07-9c98-48cf-84db-f77bc01c8bbc""}]","[{""uri"": ""http://localhost:8000/plugins/controlled-list-manager/item/38729dbe-6d1c-48ce-bf47-e2a18945600e"", ""labels"": [{""id"": ""08a9b0bd-4713-4ea6-a829-66a64240e254"", ""value"": ""English (language)"", ""language_id"": ""en"", ""list_item_id"": ""38729dbe-6d1c-48ce-bf47-e2a18945600e"", ""valuetype_id"": ""prefLabel""}], ""list_id"": ""f7fc4f6d-fd46-4881-846f-4a08bc1a3fef""}]",3695cff8-d770-11ef-8f5d-0275dc2ded29
709c7ed2-2ff8-46c1-bdec-96c14b791cf5,36956e50-d770-11ef-8f5d-0275dc2ded29,166c7b56-b36e-4cfa-9dc0-7d232f147d69,1,85c26f46-6ab0-4386-9609-ae9f20172ce3,"{""en"": {""value"": ""Merrimac Chemical Company"", ""direction"": ""ltr""}}","[{""uri"": ""http://localhost:8000/plugins/controlled-list-manager/item/5f400d39-3b6b-4b8a-939b-4e49787c7444"", ""labels"": [{""id"": ""0070cd3b-1dd7-48ee-9f29-b97266bf5afb"", ""value"": ""preferred terms"", ""language_id"": ""en"", ""list_item_id"": ""5f400d39-3b6b-4b8a-939b-4e49787c7444"", ""valuetype_id"": ""prefLabel""}], ""list_id"": ""80028d07-9c98-48cf-84db-f77bc01c8bbc""}]","[{""uri"": ""http://localhost:8000/plugins/controlled-list-manager/item/38729dbe-6d1c-48ce-bf47-e2a18945600e"", ""labels"": [{""id"": ""08a9b0bd-4713-4ea6-a829-66a64240e254"", ""value"": ""English (language)"", ""language_id"": ""en"", ""list_item_id"": ""38729dbe-6d1c-48ce-bf47-e2a18945600e"", ""valuetype_id"": ""prefLabel""}], ""list_id"": ""f7fc4f6d-fd46-4881-846f-4a08bc1a3fef""}]",3695cff8-d770-11ef-8f5d-0275dc2ded29
5aa9e0e7-4dc8-41fa-887c-4e5f54a509ac,36956e50-d770-11ef-8f5d-0275dc2ded29,166c7b56-b36e-4cfa-9dc0-7d232f147d69,1,f9e1e760-186a-40aa-a8b3-6af60e72e72a,"{""en"": {""value"": ""Lucky"", ""direction"": ""ltr""}}","[{""uri"": ""http://localhost:8000/plugins/controlled-list-manager/item/5f400d39-3b6b-4b8a-939b-4e49787c7444"", ""labels"": [{""id"": ""0070cd3b-1dd7-48ee-9f29-b97266bf5afb"", ""value"": ""preferred terms"", ""language_id"": ""en"", ""list_item_id"": ""5f400d39-3b6b-4b8a-939b-4e49787c7444"", ""valuetype_id"": ""prefLabel""}], ""list_id"": ""80028d07-9c98-48cf-84db-f77bc01c8bbc""}]","[{""uri"": ""http://localhost:8000/plugins/controlled-list-manager/item/38729dbe-6d1c-48ce-bf47-e2a18945600e"", ""labels"": [{""id"": ""08a9b0bd-4713-4ea6-a829-66a64240e254"", ""value"": ""English (language)"", ""language_id"": ""en"", ""list_item_id"": ""38729dbe-6d1c-48ce-bf47-e2a18945600e"", ""valuetype_id"": ""prefLabel""}], ""list_id"": ""f7fc4f6d-fd46-4881-846f-4a08bc1a3fef""}]",3695cff8-d770-11ef-8f5d-0275dc2ded29
d7951f51-f2af-4d63-a188-89f20451945a,36956e50-d770-11ef-8f5d-0275dc2ded29,166c7b56-b36e-4cfa-9dc0-7d232f147d69,1,e1f9c1bf-5826-4a97-bdbd-7d4f7941e2cb,"{""en"": {""value"": ""Castelfranco"", ""direction"": ""ltr""}}","[{""uri"": ""http://localhost:8000/plugins/controlled-list-manager/item/5f400d39-3b6b-4b8a-939b-4e49787c7444"", ""labels"": [{""id"": ""0070cd3b-1dd7-48ee-9f29-b97266bf5afb"", ""value"": ""preferred terms"", ""language_id"": ""en"", ""list_item_id"": ""5f400d39-3b6b-4b8a-939b-4e49787c7444"", ""valuetype_id"": ""prefLabel""}], ""list_id"": ""80028d07-9c98-48cf-84db-f77bc01c8bbc""}]","[{""uri"": ""http://localhost:8000/plugins/controlled-list-manager/item/38729dbe-6d1c-48ce-bf47-e2a18945600e"", ""labels"": [{""id"": ""08a9b0bd-4713-4ea6-a829-66a64240e254"", ""value"": ""English (language)"", ""language_id"": ""en"", ""list_item_id"": ""38729dbe-6d1c-48ce-bf47-e2a18945600e"", ""valuetype_id"": ""prefLabel""}], ""list_id"": ""f7fc4f6d-fd46-4881-846f-4a08bc1a3fef""}]",3695cff8-d770-11ef-8f5d-0275dc2ded29
5e879bbd-86b4-49b9-ab50-3331e71237b6,36956e50-d770-11ef-8f5d-0275dc2ded29,166c7b56-b36e-4cfa-9dc0-7d232f147d69,1,a531d4a6-c740-496d-b129-aca578ddfc8a,"{""en"": {""value"": ""Zora's"", ""direction"": ""ltr""}}","[{""uri"": ""http://localhost:8000/plugins/controlled-list-manager/item/5f400d39-3b6b-4b8a-939b-4e49787c7444"", ""labels"": [{""id"": ""0070cd3b-1dd7-48ee-9f29-b97266bf5afb"", ""value"": ""preferred terms"", ""language_id"": ""en"", ""list_item_id"": ""5f400d39-3b6b-4b8a-939b-4e49787c7444"", ""valuetype_id"": ""prefLabel""}], ""list_id"": ""80028d07-9c98-48cf-84db-f77bc01c8bbc""}]","[{""uri"": ""http://localhost:8000/plugins/controlled-list-manager/item/38729dbe-6d1c-48ce-bf47-e2a18945600e"", ""labels"": [{""id"": ""08a9b0bd-4713-4ea6-a829-66a64240e254"", ""value"": ""English (language)"", ""language_id"": ""en"", ""list_item_id"": ""38729dbe-6d1c-48ce-bf47-e2a18945600e"", ""valuetype_id"": ""prefLabel""}], ""list_id"": ""f7fc4f6d-fd46-4881-846f-4a08bc1a3fef""}]",3695cff8-d770-11ef-8f5d-0275dc2ded29
d6729d41-6137-4922-99bc-d2432dea1d49,36956e50-d770-11ef-8f5d-0275dc2ded29,166c7b56-b36e-4cfa-9dc0-7d232f147d69,1,7be0a5cc-9962-427e-8912-2705c93787d3,"{""en"": {""value"": ""Hays"", ""direction"": ""ltr""}}","[{""uri"": ""http://localhost:8000/plugins/controlled-list-manager/item/5f400d39-3b6b-4b8a-939b-4e49787c7444"", ""labels"": [{""id"": ""0070cd3b-1dd7-48ee-9f29-b97266bf5afb"", ""value"": ""preferred terms"", ""language_id"": ""en"", ""list_item_id"": ""5f400d39-3b6b-4b8a-939b-4e49787c7444"", ""valuetype_id"": ""prefLabel""}], ""list_id"": ""80028d07-9c98-48cf-84db-f77bc01c8bbc""}]","[{""uri"": ""http://localhost:8000/plugins/controlled-list-manager/item/38729dbe-6d1c-48ce-bf47-e2a18945600e"", ""labels"": [{""id"": ""08a9b0bd-4713-4ea6-a829-66a64240e254"", ""value"": ""English (language)"", ""language_id"": ""en"", ""list_item_id"": ""38729dbe-6d1c-48ce-bf47-e2a18945600e"", ""valuetype_id"": ""prefLabel""}], ""list_id"": ""f7fc4f6d-fd46-4881-846f-4a08bc1a3fef""}]",3695cff8-d770-11ef-8f5d-0275dc2ded29
539b22b8-b11c-40fd-ae97-627ab35dcf3c,36956e50-d770-11ef-8f5d-0275dc2ded29,166c7b56-b36e-4cfa-9dc0-7d232f147d69,1,aed52e82-3513-4b5c-b8cc-711f841a5b58,"{""en"": {""value"": ""Lefranc"", ""direction"": ""ltr""}}","[{""uri"": ""http://localhost:8000/plugins/controlled-list-manager/item/5f400d39-3b6b-4b8a-939b-4e49787c7444"", ""labels"": [{""id"": ""0070cd3b-1dd7-48ee-9f29-b97266bf5afb"", ""value"": ""preferred terms"", ""language_id"": ""en"", ""list_item_id"": ""5f400d39-3b6b-4b8a-939b-4e49787c7444"", ""valuetype_id"": ""prefLabel""}], ""list_id"": ""80028d07-9c98-48cf-84db-f77bc01c8bbc""}]","[{""uri"": ""http://localhost:8000/plugins/controlled-list-manager/item/38729dbe-6d1c-48ce-bf47-e2a18945600e"", ""labels"": [{""id"": ""08a9b0bd-4713-4ea6-a829-66a64240e254"", ""value"": ""English (language)"", ""language_id"": ""en"", ""list_item_id"": ""38729dbe-6d1c-48ce-bf47-e2a18945600e"", ""valuetype_id"": ""prefLabel""}], ""list_id"": ""f7fc4f6d-fd46-4881-846f-4a08bc1a3fef""}]",3695cff8-d770-11ef-8f5d-0275dc2ded29
3a67153f-69b5-495d-9db5-fa940cf73e4f,36956e50-d770-11ef-8f5d-0275dc2ded29,166c7b56-b36e-4cfa-9dc0-7d232f147d69,1,ff97cd59-b0a2-4a3a-af26-9cbbdcc70a18,"{""en"": {""value"": ""L. Souza"", ""direction"": ""ltr""}}","[{""uri"": ""http://localhost:8000/plugins/controlled-list-manager/item/5f400d39-3b6b-4b8a-939b-4e49787c7444"", ""labels"": [{""id"": ""0070cd3b-1dd7-48ee-9f29-b97266bf5afb"", ""value"": ""preferred terms"", ""language_id"": ""en"", ""list_item_id"": ""5f400d39-3b6b-4b8a-939b-4e49787c7444"", ""valuetype_id"": ""prefLabel""}], ""list_id"": ""80028d07-9c98-48cf-84db-f77bc01c8bbc""}]","[{""uri"": ""http://localhost:8000/plugins/controlled-list-manager/item/38729dbe-6d1c-48ce-bf47-e2a18945600e"", ""labels"": [{""id"": ""08a9b0bd-4713-4ea6-a829-66a64240e254"", ""value"": ""English (language)"", ""language_id"": ""en"", ""list_item_id"": ""38729dbe-6d1c-48ce-bf47-e2a18945600e"", ""valuetype_id"": ""prefLabel""}], ""list_id"": ""f7fc4f6d-fd46-4881-846f-4a08bc1a3fef""}]",3695cff8-d770-11ef-8f5d-0275dc2ded29
51e306b2-8734-400c-8f9e-3c5e39eaa05f,36956e50-d770-11ef-8f5d-0275dc2ded29,166c7b56-b36e-4cfa-9dc0-7d232f147d69,1,729b55bb-5d94-4ef9-946c-98a13f36bd58,"{""en"": {""value"": ""Albion"", ""direction"": ""ltr""}}","[{""uri"": ""http://localhost:8000/plugins/controlled-list-manager/item/5f400d39-3b6b-4b8a-939b-4e49787c7444"", ""labels"": [{""id"": ""0070cd3b-1dd7-48ee-9f29-b97266bf5afb"", ""value"": ""preferred terms"", ""language_id"": ""en"", ""list_item_id"": ""5f400d39-3b6b-4b8a-939b-4e49787c7444"", ""valuetype_id"": ""prefLabel""}], ""list_id"": ""80028d07-9c98-48cf-84db-f77bc01c8bbc""}]","[{""uri"": ""http://localhost:8000/plugins/controlled-list-manager/item/38729dbe-6d1c-48ce-bf47-e2a18945600e"", ""labels"": [{""id"": ""08a9b0bd-4713-4ea6-a829-66a64240e254"", ""value"": ""English (language)"", ""language_id"": ""en"", ""list_item_id"": ""38729dbe-6d1c-48ce-bf47-e2a18945600e"", ""valuetype_id"": ""prefLabel""}], ""list_id"": ""f7fc4f6d-fd46-4881-846f-4a08bc1a3fef""}]",3695cff8-d770-11ef-8f5d-0275dc2ded29
611ff9c0-41b2-4e0f-b3a1-61b9ec8ea2f0,36956e50-d770-11ef-8f5d-0275dc2ded29,166c7b56-b36e-4cfa-9dc0-7d232f147d69,1,00d9cbef-3bed-44e0-8b1a-4c1f218941d7,"{""en"": {""value"": ""E. I. du Pont de Nemours & Co."", ""direction"": ""ltr""}}","[{""uri"": ""http://localhost:8000/plugins/controlled-list-manager/item/5f400d39-3b6b-4b8a-939b-4e49787c7444"", ""labels"": [{""id"": ""0070cd3b-1dd7-48ee-9f29-b97266bf5afb"", ""value"": ""preferred terms"", ""language_id"": ""en"", ""list_item_id"": ""5f400d39-3b6b-4b8a-939b-4e49787c7444"", ""valuetype_id"": ""prefLabel""}], ""list_id"": ""80028d07-9c98-48cf-84db-f77bc01c8bbc""}]","[{""uri"": ""http://localhost:8000/plugins/controlled-list-manager/item/38729dbe-6d1c-48ce-bf47-e2a18945600e"", ""labels"": [{""id"": ""08a9b0bd-4713-4ea6-a829-66a64240e254"", ""value"": ""English (language)"", ""language_id"": ""en"", ""list_item_id"": ""38729dbe-6d1c-48ce-bf47-e2a18945600e"", ""valuetype_id"": ""prefLabel""}], ""list_id"": ""f7fc4f6d-fd46-4881-846f-4a08bc1a3fef""}]",3695cff8-d770-11ef-8f5d-0275dc2ded29
904d8112-dd71-4064-ba1c-92fa5c4305f4,36956e50-d770-11ef-8f5d-0275dc2ded29,166c7b56-b36e-4cfa-9dc0-7d232f147d69,1,d9a34b30-688e-4456-b220-4b43055c6909,"{""en"": {""value"": ""Florasil Produtos Vegetais Farmaceuticos Ltda."", ""direction"": ""ltr""}}","[{""uri"": ""http://localhost:8000/plugins/controlled-list-manager/item/5f400d39-3b6b-4b8a-939b-4e49787c7444"", ""labels"": [{""id"": ""0070cd3b-1dd7-48ee-9f29-b97266bf5afb"", ""value"": ""preferred terms"", ""language_id"": ""en"", ""list_item_id"": ""5f400d39-3b6b-4b8a-939b-4e49787c7444"", ""valuetype_id"": ""prefLabel""}], ""list_id"": ""80028d07-9c98-48cf-84db-f77bc01c8bbc""}]","[{""uri"": ""http://localhost:8000/plugins/controlled-list-manager/item/38729dbe-6d1c-48ce-bf47-e2a18945600e"", ""labels"": [{""id"": ""08a9b0bd-4713-4ea6-a829-66a64240e254"", ""value"": ""English (language)"", ""language_id"": ""en"", ""list_item_id"": ""38729dbe-6d1c-48ce-bf47-e2a18945600e"", ""valuetype_id"": ""prefLabel""}], ""list_id"": ""f7fc4f6d-fd46-4881-846f-4a08bc1a3fef""}]",3695cff8-d770-11ef-8f5d-0275dc2ded29
351caf48-1488-4b4e-b1e8-7ab3d7f910d2,36956e50-d770-11ef-8f5d-0275dc2ded29,166c7b56-b36e-4cfa-9dc0-7d232f147d69,1,e3af5d38-9880-417b-9f97-caacf8dac204,"{""en"": {""value"": ""Calavo Foods, Inc"", ""direction"": ""ltr""}}","[{""uri"": ""http://localhost:8000/plugins/controlled-list-manager/item/5f400d39-3b6b-4b8a-939b-4e49787c7444"", ""labels"": [{""id"": ""0070cd3b-1dd7-48ee-9f29-b97266bf5afb"", ""value"": ""preferred terms"", ""language_id"": ""en"", ""list_item_id"": ""5f400d39-3b6b-4b8a-939b-4e49787c7444"", ""valuetype_id"": ""prefLabel""}], ""list_id"": ""80028d07-9c98-48cf-84db-f77bc01c8bbc""}]","[{""uri"": ""http://localhost:8000/plugins/controlled-list-manager/item/38729dbe-6d1c-48ce-bf47-e2a18945600e"", ""labels"": [{""id"": ""08a9b0bd-4713-4ea6-a829-66a64240e254"", ""value"": ""English (language)"", ""language_id"": ""en"", ""list_item_id"": ""38729dbe-6d1c-48ce-bf47-e2a18945600e"", ""valuetype_id"": ""prefLabel""}], ""list_id"": ""f7fc4f6d-fd46-4881-846f-4a08bc1a3fef""}]",3695cff8-d770-11ef-8f5d-0275dc2ded29
e93e7b00-3eef-41ab-b03a-d315f561ea2b,36956e50-d770-11ef-8f5d-0275dc2ded29,166c7b56-b36e-4cfa-9dc0-7d232f147d69,1,03fcd447-7136-4c65-ba65-3da51b938acc,"{""en"": {""value"": ""Sanyo"", ""direction"": ""ltr""}}","[{""uri"": ""http://localhost:8000/plugins/controlled-list-manager/item/5f400d39-3b6b-4b8a-939b-4e49787c7444"", ""labels"": [{""id"": ""0070cd3b-1dd7-48ee-9f29-b97266bf5afb"", ""value"": ""preferred terms"", ""language_id"": ""en"", ""list_item_id"": ""5f400d39-3b6b-4b8a-939b-4e49787c7444"", ""valuetype_id"": ""prefLabel""}], ""list_id"": ""80028d07-9c98-48cf-84db-f77bc01c8bbc""}]","[{""uri"": ""http://localhost:8000/plugins/controlled-list-manager/item/38729dbe-6d1c-48ce-bf47-e2a18945600e"", ""labels"": [{""id"": ""08a9b0bd-4713-4ea6-a829-66a64240e254"", ""value"": ""English (language)"", ""language_id"": ""en"", ""list_item_id"": ""38729dbe-6d1c-48ce-bf47-e2a18945600e"", ""valuetype_id"": ""prefLabel""}], ""list_id"": ""f7fc4f6d-fd46-4881-846f-4a08bc1a3fef""}]",3695cff8-d770-11ef-8f5d-0275dc2ded29
87c19fe6-1535-44e7-85e3-3dc2f4986902,36956e50-d770-11ef-8f5d-0275dc2ded29,166c7b56-b36e-4cfa-9dc0-7d232f147d69,1,ed357073-0bf1-4450-8117-e521cbcd691a,"{""en"": {""value"": ""Brosse-Blaireau"", ""direction"": ""ltr""}}","[{""uri"": ""http://localhost:8000/plugins/controlled-list-manager/item/5f400d39-3b6b-4b8a-939b-4e49787c7444"", ""labels"": [{""id"": ""0070cd3b-1dd7-48ee-9f29-b97266bf5afb"", ""value"": ""preferred terms"", ""language_id"": ""en"", ""list_item_id"": ""5f400d39-3b6b-4b8a-939b-4e49787c7444"", ""valuetype_id"": ""prefLabel""}], ""list_id"": ""80028d07-9c98-48cf-84db-f77bc01c8bbc""}]","[{""uri"": ""http://localhost:8000/plugins/controlled-list-manager/item/38729dbe-6d1c-48ce-bf47-e2a18945600e"", ""labels"": [{""id"": ""08a9b0bd-4713-4ea6-a829-66a64240e254"", ""value"": ""English (language)"", ""language_id"": ""en"", ""list_item_id"": ""38729dbe-6d1c-48ce-bf47-e2a18945600e"", ""valuetype_id"": ""prefLabel""}], ""list_id"": ""f7fc4f6d-fd46-4881-846f-4a08bc1a3fef""}]",3695cff8-d770-11ef-8f5d-0275dc2ded29
d22344a8-f09a-4023-bc7e-89b1fdb3884f,36956e50-d770-11ef-8f5d-0275dc2ded29,166c7b56-b36e-4cfa-9dc0-7d232f147d69,1,db88296f-7fc1-4568-9841-2a0f05c07f91,"{""en"": {""value"": ""Harrington Brothers, Ltd."", ""direction"": ""ltr""}}","[{""uri"": ""http://localhost:8000/plugins/controlled-list-manager/item/5f400d39-3b6b-4b8a-939b-4e49787c7444"", ""labels"": [{""id"": ""0070cd3b-1dd7-48ee-9f29-b97266bf5afb"", ""value"": ""preferred terms"", ""language_id"": ""en"", ""list_item_id"": ""5f400d39-3b6b-4b8a-939b-4e49787c7444"", ""valuetype_id"": ""prefLabel""}], ""list_id"": ""80028d07-9c98-48cf-84db-f77bc01c8bbc""}]","[{""uri"": ""http://localhost:8000/plugins/controlled-list-manager/item/38729dbe-6d1c-48ce-bf47-e2a18945600e"", ""labels"": [{""id"": ""08a9b0bd-4713-4ea6-a829-66a64240e254"", ""value"": ""English (language)"", ""language_id"": ""en"", ""list_item_id"": ""38729dbe-6d1c-48ce-bf47-e2a18945600e"", ""valuetype_id"": ""prefLabel""}], ""list_id"": ""f7fc4f6d-fd46-4881-846f-4a08bc1a3fef""}]",3695cff8-d770-11ef-8f5d-0275dc2ded29
8029dc6c-b145-4d7c-aabd-f69a7b664ee5,36956e50-d770-11ef-8f5d-0275dc2ded29,166c7b56-b36e-4cfa-9dc0-7d232f147d69,1,9de012b6-5d53-4a14-8a48-8472fd2cdda1,"{""en"": {""value"": ""Ilford Anitec SA"", ""direction"": ""ltr""}}","[{""uri"": ""http://localhost:8000/plugins/controlled-list-manager/item/5f400d39-3b6b-4b8a-939b-4e49787c7444"", ""labels"": [{""id"": ""0070cd3b-1dd7-48ee-9f29-b97266bf5afb"", ""value"": ""preferred terms"", ""language_id"": ""en"", ""list_item_id"": ""5f400d39-3b6b-4b8a-939b-4e49787c7444"", ""valuetype_id"": ""prefLabel""}], ""list_id"": ""80028d07-9c98-48cf-84db-f77bc01c8bbc""}]","[{""uri"": ""http://localhost:8000/plugins/controlled-list-manager/item/38729dbe-6d1c-48ce-bf47-e2a18945600e"", ""labels"": [{""id"": ""08a9b0bd-4713-4ea6-a829-66a64240e254"", ""value"": ""English (language)"", ""language_id"": ""en"", ""list_item_id"": ""38729dbe-6d1c-48ce-bf47-e2a18945600e"", ""valuetype_id"": ""prefLabel""}], ""list_id"": ""f7fc4f6d-fd46-4881-846f-4a08bc1a3fef""}]",3695cff8-d770-11ef-8f5d-0275dc2ded29
a9239a04-d8d7-462b-abca-2f3eaf286cc2,36956e50-d770-11ef-8f5d-0275dc2ded29,166c7b56-b36e-4cfa-9dc0-7d232f147d69,1,41c85633-ae28-4ef4-8a98-47b5a28c195d,"{""en"": {""value"": ""Cyber Graphics Corp. (Oriental)"", ""direction"": ""ltr""}}","[{""uri"": ""http://localhost:8000/plugins/controlled-list-manager/item/5f400d39-3b6b-4b8a-939b-4e49787c7444"", ""labels"": [{""id"": ""0070cd3b-1dd7-48ee-9f29-b97266bf5afb"", ""value"": ""preferred terms"", ""language_id"": ""en"", ""list_item_id"": ""5f400d39-3b6b-4b8a-939b-4e49787c7444"", ""valuetype_id"": ""prefLabel""}], ""list_id"": ""80028d07-9c98-48cf-84db-f77bc01c8bbc""}]","[{""uri"": ""http://localhost:8000/plugins/controlled-list-manager/item/38729dbe-6d1c-48ce-bf47-e2a18945600e"", ""labels"": [{""id"": ""08a9b0bd-4713-4ea6-a829-66a64240e254"", ""value"": ""English (language)"", ""language_id"": ""en"", ""list_item_id"": ""38729dbe-6d1c-48ce-bf47-e2a18945600e"", ""valuetype_id"": ""prefLabel""}], ""list_id"": ""f7fc4f6d-fd46-4881-846f-4a08bc1a3fef""}]",3695cff8-d770-11ef-8f5d-0275dc2ded29
67c06ef7-1ced-440d-bcf3-1127a52ec294,36956e50-d770-11ef-8f5d-0275dc2ded29,166c7b56-b36e-4cfa-9dc0-7d232f147d69,1,240a56e4-0be4-43d3-b930-83ee53f0ed1a,"{""en"": {""value"": ""Michel Garcia (Lauris, France)"", ""direction"": ""ltr""}}","[{""uri"": ""http://localhost:8000/plugins/controlled-list-manager/item/5f400d39-3b6b-4b8a-939b-4e49787c7444"", ""labels"": [{""id"": ""0070cd3b-1dd7-48ee-9f29-b97266bf5afb"", ""value"": ""preferred terms"", ""language_id"": ""en"", ""list_item_id"": ""5f400d39-3b6b-4b8a-939b-4e49787c7444"", ""valuetype_id"": ""prefLabel""}], ""list_id"": ""80028d07-9c98-48cf-84db-f77bc01c8bbc""}]","[{""uri"": ""http://localhost:8000/plugins/controlled-list-manager/item/38729dbe-6d1c-48ce-bf47-e2a18945600e"", ""labels"": [{""id"": ""08a9b0bd-4713-4ea6-a829-66a64240e254"", ""value"": ""English (language)"", ""language_id"": ""en"", ""list_item_id"": ""38729dbe-6d1c-48ce-bf47-e2a18945600e"", ""valuetype_id"": ""prefLabel""}], ""list_id"": ""f7fc4f6d-fd46-4881-846f-4a08bc1a3fef""}]",3695cff8-d770-11ef-8f5d-0275dc2ded29
927e07fd-fc9e-4a2e-8202-1f19b4ba0473,36956e50-d770-11ef-8f5d-0275dc2ded29,166c7b56-b36e-4cfa-9dc0-7d232f147d69,1,ae01f699-7358-42b1-a797-3a74fe5afa72,"{""en"": {""value"": ""PV Pharmacy"", ""direction"": ""ltr""}}","[{""uri"": ""http://localhost:8000/plugins/controlled-list-manager/item/5f400d39-3b6b-4b8a-939b-4e49787c7444"", ""labels"": [{""id"": ""0070cd3b-1dd7-48ee-9f29-b97266bf5afb"", ""value"": ""preferred terms"", ""language_id"": ""en"", ""list_item_id"": ""5f400d39-3b6b-4b8a-939b-4e49787c7444"", ""valuetype_id"": ""prefLabel""}], ""list_id"": ""80028d07-9c98-48cf-84db-f77bc01c8bbc""}]","[{""uri"": ""http://localhost:8000/plugins/controlled-list-manager/item/38729dbe-6d1c-48ce-bf47-e2a18945600e"", ""labels"": [{""id"": ""08a9b0bd-4713-4ea6-a829-66a64240e254"", ""value"": ""English (language)"", ""language_id"": ""en"", ""list_item_id"": ""38729dbe-6d1c-48ce-bf47-e2a18945600e"", ""valuetype_id"": ""prefLabel""}], ""list_id"": ""f7fc4f6d-fd46-4881-846f-4a08bc1a3fef""}]",3695cff8-d770-11ef-8f5d-0275dc2ded29
0c00fd99-e8bd-438a-b766-07e65a2aaa81,36956e50-d770-11ef-8f5d-0275dc2ded29,166c7b56-b36e-4cfa-9dc0-7d232f147d69,1,8b00e5c3-c92d-4a43-bf01-dd88564506d2,"{""en"": {""value"": ""American Aristotype Co."", ""direction"": ""ltr""}}","[{""uri"": ""http://localhost:8000/plugins/controlled-list-manager/item/5f400d39-3b6b-4b8a-939b-4e49787c7444"", ""labels"": [{""id"": ""0070cd3b-1dd7-48ee-9f29-b97266bf5afb"", ""value"": ""preferred terms"", ""language_id"": ""en"", ""list_item_id"": ""5f400d39-3b6b-4b8a-939b-4e49787c7444"", ""valuetype_id"": ""prefLabel""}], ""list_id"": ""80028d07-9c98-48cf-84db-f77bc01c8bbc""}]","[{""uri"": ""http://localhost:8000/plugins/controlled-list-manager/item/38729dbe-6d1c-48ce-bf47-e2a18945600e"", ""labels"": [{""id"": ""08a9b0bd-4713-4ea6-a829-66a64240e254"", ""value"": ""English (language)"", ""language_id"": ""en"", ""list_item_id"": ""38729dbe-6d1c-48ce-bf47-e2a18945600e"", ""valuetype_id"": ""prefLabel""}], ""list_id"": ""f7fc4f6d-fd46-4881-846f-4a08bc1a3fef""}]",3695cff8-d770-11ef-8f5d-0275dc2ded29
870f90b9-8166-460b-80aa-39188d32b08e,36956e50-d770-11ef-8f5d-0275dc2ded29,166c7b56-b36e-4cfa-9dc0-7d232f147d69,1,c0ba7b0c-5b92-4b93-92b4-cbf959dd9dff,"{""en"": {""value"": ""Col. Prod. Adv. Bureau, Imp. Inst."", ""direction"": ""ltr""}}","[{""uri"": ""http://localhost:8000/plugins/controlled-list-manager/item/5f400d39-3b6b-4b8a-939b-4e49787c7444"", ""labels"": [{""id"": ""0070cd3b-1dd7-48ee-9f29-b97266bf5afb"", ""value"": ""preferred terms"", ""language_id"": ""en"", ""list_item_id"": ""5f400d39-3b6b-4b8a-939b-4e49787c7444"", ""valuetype_id"": ""prefLabel""}], ""list_id"": ""80028d07-9c98-48cf-84db-f77bc01c8bbc""}]","[{""uri"": ""http://localhost:8000/plugins/controlled-list-manager/item/38729dbe-6d1c-48ce-bf47-e2a18945600e"", ""labels"": [{""id"": ""08a9b0bd-4713-4ea6-a829-66a64240e254"", ""value"": ""English (language)"", ""language_id"": ""en"", ""list_item_id"": ""38729dbe-6d1c-48ce-bf47-e2a18945600e"", ""valuetype_id"": ""prefLabel""}], ""list_id"": ""f7fc4f6d-fd46-4881-846f-4a08bc1a3fef""}]",3695cff8-d770-11ef-8f5d-0275dc2ded29
768f4b91-7fbd-447a-8f93-8abc720394d7,36956e50-d770-11ef-8f5d-0275dc2ded29,166c7b56-b36e-4cfa-9dc0-7d232f147d69,1,2501031d-06bc-4687-93d2-2d393b2a5ea8,"{""en"": {""value"": ""Gleck & Company"", ""direction"": ""ltr""}}","[{""uri"": ""http://localhost:8000/plugins/controlled-list-manager/item/5f400d39-3b6b-4b8a-939b-4e49787c7444"", ""labels"": [{""id"": ""0070cd3b-1dd7-48ee-9f29-b97266bf5afb"", ""value"": ""preferred terms"", ""language_id"": ""en"", ""list_item_id"": ""5f400d39-3b6b-4b8a-939b-4e49787c7444"", ""valuetype_id"": ""prefLabel""}], ""list_id"": ""80028d07-9c98-48cf-84db-f77bc01c8bbc""}]","[{""uri"": ""http://localhost:8000/plugins/controlled-list-manager/item/38729dbe-6d1c-48ce-bf47-e2a18945600e"", ""labels"": [{""id"": ""08a9b0bd-4713-4ea6-a829-66a64240e254"", ""value"": ""English (language)"", ""language_id"": ""en"", ""list_item_id"": ""38729dbe-6d1c-48ce-bf47-e2a18945600e"", ""valuetype_id"": ""prefLabel""}], ""list_id"": ""f7fc4f6d-fd46-4881-846f-4a08bc1a3fef""}]",3695cff8-d770-11ef-8f5d-0275dc2ded29
95328ff4-98df-487b-878d-761ee4bcc840,36956e50-d770-11ef-8f5d-0275dc2ded29,166c7b56-b36e-4cfa-9dc0-7d232f147d69,1,f6a7c8a5-7be6-417e-ab3e-5b5f6f86e563,"{""en"": {""value"": ""Whiteworth"", ""direction"": ""ltr""}}","[{""uri"": ""http://localhost:8000/plugins/controlled-list-manager/item/5f400d39-3b6b-4b8a-939b-4e49787c7444"", ""labels"": [{""id"": ""0070cd3b-1dd7-48ee-9f29-b97266bf5afb"", ""value"": ""preferred terms"", ""language_id"": ""en"", ""list_item_id"": ""5f400d39-3b6b-4b8a-939b-4e49787c7444"", ""valuetype_id"": ""prefLabel""}], ""list_id"": ""80028d07-9c98-48cf-84db-f77bc01c8bbc""}]","[{""uri"": ""http://localhost:8000/plugins/controlled-list-manager/item/38729dbe-6d1c-48ce-bf47-e2a18945600e"", ""labels"": [{""id"": ""08a9b0bd-4713-4ea6-a829-66a64240e254"", ""value"": ""English (language)"", ""language_id"": ""en"", ""list_item_id"": ""38729dbe-6d1c-48ce-bf47-e2a18945600e"", ""valuetype_id"": ""prefLabel""}], ""list_id"": ""f7fc4f6d-fd46-4881-846f-4a08bc1a3fef""}]",3695cff8-d770-11ef-8f5d-0275dc2ded29
26e209e6-cc68-4a3b-9664-b61992ed1342,36956e50-d770-11ef-8f5d-0275dc2ded29,166c7b56-b36e-4cfa-9dc0-7d232f147d69,1,f8a99d9c-6f86-4143-b655-6d19ec4d818f,"{""en"": {""value"": ""City Chemical Corporation"", ""direction"": ""ltr""}}","[{""uri"": ""http://localhost:8000/plugins/controlled-list-manager/item/5f400d39-3b6b-4b8a-939b-4e49787c7444"", ""labels"": [{""id"": ""0070cd3b-1dd7-48ee-9f29-b97266bf5afb"", ""value"": ""preferred terms"", ""language_id"": ""en"", ""list_item_id"": ""5f400d39-3b6b-4b8a-939b-4e49787c7444"", ""valuetype_id"": ""prefLabel""}], ""list_id"": ""80028d07-9c98-48cf-84db-f77bc01c8bbc""}]","[{""uri"": ""http://localhost:8000/plugins/controlled-list-manager/item/38729dbe-6d1c-48ce-bf47-e2a18945600e"", ""labels"": [{""id"": ""08a9b0bd-4713-4ea6-a829-66a64240e254"", ""value"": ""English (language)"", ""language_id"": ""en"", ""list_item_id"": ""38729dbe-6d1c-48ce-bf47-e2a18945600e"", ""valuetype_id"": ""prefLabel""}], ""list_id"": ""f7fc4f6d-fd46-4881-846f-4a08bc1a3fef""}]",3695cff8-d770-11ef-8f5d-0275dc2ded29
dc4b66d7-52bd-4c24-a8f4-2914ff0afc96,36956e50-d770-11ef-8f5d-0275dc2ded29,166c7b56-b36e-4cfa-9dc0-7d232f147d69,1,0af0e649-9f09-4d20-8ae3-0249ebef0e50,"{""en"": {""value"": ""Sureguard"", ""direction"": ""ltr""}}","[{""uri"": ""http://localhost:8000/plugins/controlled-list-manager/item/5f400d39-3b6b-4b8a-939b-4e49787c7444"", ""labels"": [{""id"": ""0070cd3b-1dd7-48ee-9f29-b97266bf5afb"", ""value"": ""preferred terms"", ""language_id"": ""en"", ""list_item_id"": ""5f400d39-3b6b-4b8a-939b-4e49787c7444"", ""valuetype_id"": ""prefLabel""}], ""list_id"": ""80028d07-9c98-48cf-84db-f77bc01c8bbc""}]","[{""uri"": ""http://localhost:8000/plugins/controlled-list-manager/item/38729dbe-6d1c-48ce-bf47-e2a18945600e"", ""labels"": [{""id"": ""08a9b0bd-4713-4ea6-a829-66a64240e254"", ""value"": ""English (language)"", ""language_id"": ""en"", ""list_item_id"": ""38729dbe-6d1c-48ce-bf47-e2a18945600e"", ""valuetype_id"": ""prefLabel""}], ""list_id"": ""f7fc4f6d-fd46-4881-846f-4a08bc1a3fef""}]",3695cff8-d770-11ef-8f5d-0275dc2ded29
8f75f8de-d618-478b-b87b-432957abc083,36956e50-d770-11ef-8f5d-0275dc2ded29,166c7b56-b36e-4cfa-9dc0-7d232f147d69,1,d6f1e756-b7ea-4524-a40d-914c7a543986,"{""en"": {""value"": ""Fisher"", ""direction"": ""ltr""}}","[{""uri"": ""http://localhost:8000/plugins/controlled-list-manager/item/5f400d39-3b6b-4b8a-939b-4e49787c7444"", ""labels"": [{""id"": ""0070cd3b-1dd7-48ee-9f29-b97266bf5afb"", ""value"": ""preferred terms"", ""language_id"": ""en"", ""list_item_id"": ""5f400d39-3b6b-4b8a-939b-4e49787c7444"", ""valuetype_id"": ""prefLabel""}], ""list_id"": ""80028d07-9c98-48cf-84db-f77bc01c8bbc""}]","[{""uri"": ""http://localhost:8000/plugins/controlled-list-manager/item/38729dbe-6d1c-48ce-bf47-e2a18945600e"", ""labels"": [{""id"": ""08a9b0bd-4713-4ea6-a829-66a64240e254"", ""value"": ""English (language)"", ""language_id"": ""en"", ""list_item_id"": ""38729dbe-6d1c-48ce-bf47-e2a18945600e"", ""valuetype_id"": ""prefLabel""}], ""list_id"": ""f7fc4f6d-fd46-4881-846f-4a08bc1a3fef""}]",3695cff8-d770-11ef-8f5d-0275dc2ded29
72e036b9-61c5-4015-a2f9-40c52004951b,36956e50-d770-11ef-8f5d-0275dc2ded29,166c7b56-b36e-4cfa-9dc0-7d232f147d69,1,941d386e-b08d-4571-a090-556d49e8a495,"{""en"": {""value"": ""Acrilex Tintas Especiais S/A"", ""direction"": ""ltr""}}","[{""uri"": ""http://localhost:8000/plugins/controlled-list-manager/item/5f400d39-3b6b-4b8a-939b-4e49787c7444"", ""labels"": [{""id"": ""0070cd3b-1dd7-48ee-9f29-b97266bf5afb"", ""value"": ""preferred terms"", ""language_id"": ""en"", ""list_item_id"": ""5f400d39-3b6b-4b8a-939b-4e49787c7444"", ""valuetype_id"": ""prefLabel""}], ""list_id"": ""80028d07-9c98-48cf-84db-f77bc01c8bbc""}]","[{""uri"": ""http://localhost:8000/plugins/controlled-list-manager/item/38729dbe-6d1c-48ce-bf47-e2a18945600e"", ""labels"": [{""id"": ""08a9b0bd-4713-4ea6-a829-66a64240e254"", ""value"": ""English (language)"", ""language_id"": ""en"", ""list_item_id"": ""38729dbe-6d1c-48ce-bf47-e2a18945600e"", ""valuetype_id"": ""prefLabel""}], ""list_id"": ""f7fc4f6d-fd46-4881-846f-4a08bc1a3fef""}]",3695cff8-d770-11ef-8f5d-0275dc2ded29
51d3c742-7277-4153-928b-bd510395c7fe,36956e50-d770-11ef-8f5d-0275dc2ded29,166c7b56-b36e-4cfa-9dc0-7d232f147d69,1,65ccd26d-d233-4c54-b932-730d5aa670a7,"{""en"": {""value"": ""B&H Photo Video"", ""direction"": ""ltr""}}","[{""uri"": ""http://localhost:8000/plugins/controlled-list-manager/item/5f400d39-3b6b-4b8a-939b-4e49787c7444"", ""labels"": [{""id"": ""0070cd3b-1dd7-48ee-9f29-b97266bf5afb"", ""value"": ""preferred terms"", ""language_id"": ""en"", ""list_item_id"": ""5f400d39-3b6b-4b8a-939b-4e49787c7444"", ""valuetype_id"": ""prefLabel""}], ""list_id"": ""80028d07-9c98-48cf-84db-f77bc01c8bbc""}]","[{""uri"": ""http://localhost:8000/plugins/controlled-list-manager/item/38729dbe-6d1c-48ce-bf47-e2a18945600e"", ""labels"": [{""id"": ""08a9b0bd-4713-4ea6-a829-66a64240e254"", ""value"": ""English (language)"", ""language_id"": ""en"", ""list_item_id"": ""38729dbe-6d1c-48ce-bf47-e2a18945600e"", ""valuetype_id"": ""prefLabel""}], ""list_id"": ""f7fc4f6d-fd46-4881-846f-4a08bc1a3fef""}]",3695cff8-d770-11ef-8f5d-0275dc2ded29
8e6f369c-9a69-4ec1-a748-2c2a59aa5a01,36956e50-d770-11ef-8f5d-0275dc2ded29,166c7b56-b36e-4cfa-9dc0-7d232f147d69,1,113358b4-f76f-45f9-9af6-c6f84a15c744,"{""en"": {""value"": ""Constantino Reyes Valerio"", ""direction"": ""ltr""}}","[{""uri"": ""http://localhost:8000/plugins/controlled-list-manager/item/5f400d39-3b6b-4b8a-939b-4e49787c7444"", ""labels"": [{""id"": ""0070cd3b-1dd7-48ee-9f29-b97266bf5afb"", ""value"": ""preferred terms"", ""language_id"": ""en"", ""list_item_id"": ""5f400d39-3b6b-4b8a-939b-4e49787c7444"", ""valuetype_id"": ""prefLabel""}], ""list_id"": ""80028d07-9c98-48cf-84db-f77bc01c8bbc""}]","[{""uri"": ""http://localhost:8000/plugins/controlled-list-manager/item/38729dbe-6d1c-48ce-bf47-e2a18945600e"", ""labels"": [{""id"": ""08a9b0bd-4713-4ea6-a829-66a64240e254"", ""value"": ""English (language)"", ""language_id"": ""en"", ""list_item_id"": ""38729dbe-6d1c-48ce-bf47-e2a18945600e"", ""valuetype_id"": ""prefLabel""}], ""list_id"": ""f7fc4f6d-fd46-4881-846f-4a08bc1a3fef""}]",3695cff8-d770-11ef-8f5d-0275dc2ded29
1dc9661b-8b00-48d5-a8ee-914c15a1bffc,36956e50-d770-11ef-8f5d-0275dc2ded29,166c7b56-b36e-4cfa-9dc0-7d232f147d69,1,b853cc0a-cff6-492a-8a44-186c4ba8a693,"{""en"": {""value"": ""Magruder"", ""direction"": ""ltr""}}","[{""uri"": ""http://localhost:8000/plugins/controlled-list-manager/item/5f400d39-3b6b-4b8a-939b-4e49787c7444"", ""labels"": [{""id"": ""0070cd3b-1dd7-48ee-9f29-b97266bf5afb"", ""value"": ""preferred terms"", ""language_id"": ""en"", ""list_item_id"": ""5f400d39-3b6b-4b8a-939b-4e49787c7444"", ""valuetype_id"": ""prefLabel""}], ""list_id"": ""80028d07-9c98-48cf-84db-f77bc01c8bbc""}]","[{""uri"": ""http://localhost:8000/plugins/controlled-list-manager/item/38729dbe-6d1c-48ce-bf47-e2a18945600e"", ""labels"": [{""id"": ""08a9b0bd-4713-4ea6-a829-66a64240e254"", ""value"": ""English (language)"", ""language_id"": ""en"", ""list_item_id"": ""38729dbe-6d1c-48ce-bf47-e2a18945600e"", ""valuetype_id"": ""prefLabel""}], ""list_id"": ""f7fc4f6d-fd46-4881-846f-4a08bc1a3fef""}]",3695cff8-d770-11ef-8f5d-0275dc2ded29
a5422e79-0ac8-4f2c-91da-691c047565b9,36956e50-d770-11ef-8f5d-0275dc2ded29,166c7b56-b36e-4cfa-9dc0-7d232f147d69,1,0aa4879e-ac37-4687-9e82-5922f80bca53,"{""en"": {""value"": ""J. T. Baker Inc."", ""direction"": ""ltr""}}","[{""uri"": ""http://localhost:8000/plugins/controlled-list-manager/item/5f400d39-3b6b-4b8a-939b-4e49787c7444"", ""labels"": [{""id"": ""0070cd3b-1dd7-48ee-9f29-b97266bf5afb"", ""value"": ""preferred terms"", ""language_id"": ""en"", ""list_item_id"": ""5f400d39-3b6b-4b8a-939b-4e49787c7444"", ""valuetype_id"": ""prefLabel""}], ""list_id"": ""80028d07-9c98-48cf-84db-f77bc01c8bbc""}]","[{""uri"": ""http://localhost:8000/plugins/controlled-list-manager/item/38729dbe-6d1c-48ce-bf47-e2a18945600e"", ""labels"": [{""id"": ""08a9b0bd-4713-4ea6-a829-66a64240e254"", ""value"": ""English (language)"", ""language_id"": ""en"", ""list_item_id"": ""38729dbe-6d1c-48ce-bf47-e2a18945600e"", ""valuetype_id"": ""prefLabel""}], ""list_id"": ""f7fc4f6d-fd46-4881-846f-4a08bc1a3fef""}]",3695cff8-d770-11ef-8f5d-0275dc2ded29
c511d566-a621-44d1-ae3b-43268d553dc6,36956e50-d770-11ef-8f5d-0275dc2ded29,166c7b56-b36e-4cfa-9dc0-7d232f147d69,1,31b5365b-b530-4ae6-84d9-baa0fa9ec1db,"{""en"": {""value"": ""Clapham's Beeswax Products Ltd"", ""direction"": ""ltr""}}","[{""uri"": ""http://localhost:8000/plugins/controlled-list-manager/item/5f400d39-3b6b-4b8a-939b-4e49787c7444"", ""labels"": [{""id"": ""0070cd3b-1dd7-48ee-9f29-b97266bf5afb"", ""value"": ""preferred terms"", ""language_id"": ""en"", ""list_item_id"": ""5f400d39-3b6b-4b8a-939b-4e49787c7444"", ""valuetype_id"": ""prefLabel""}], ""list_id"": ""80028d07-9c98-48cf-84db-f77bc01c8bbc""}]","[{""uri"": ""http://localhost:8000/plugins/controlled-list-manager/item/38729dbe-6d1c-48ce-bf47-e2a18945600e"", ""labels"": [{""id"": ""08a9b0bd-4713-4ea6-a829-66a64240e254"", ""value"": ""English (language)"", ""language_id"": ""en"", ""list_item_id"": ""38729dbe-6d1c-48ce-bf47-e2a18945600e"", ""valuetype_id"": ""prefLabel""}], ""list_id"": ""f7fc4f6d-fd46-4881-846f-4a08bc1a3fef""}]",3695cff8-d770-11ef-8f5d-0275dc2ded29
05578d65-e7f7-4f1b-95dd-e18088759a57,36956e50-d770-11ef-8f5d-0275dc2ded29,166c7b56-b36e-4cfa-9dc0-7d232f147d69,1,6a62a7fd-d805-4649-95ed-d27616d0f38f,"{""en"": {""value"": ""Tate Britain"", ""direction"": ""ltr""}}","[{""uri"": ""http://localhost:8000/plugins/controlled-list-manager/item/5f400d39-3b6b-4b8a-939b-4e49787c7444"", ""labels"": [{""id"": ""0070cd3b-1dd7-48ee-9f29-b97266bf5afb"", ""value"": ""preferred terms"", ""language_id"": ""en"", ""list_item_id"": ""5f400d39-3b6b-4b8a-939b-4e49787c7444"", ""valuetype_id"": ""prefLabel""}], ""list_id"": ""80028d07-9c98-48cf-84db-f77bc01c8bbc""}]","[{""uri"": ""http://localhost:8000/plugins/controlled-list-manager/item/38729dbe-6d1c-48ce-bf47-e2a18945600e"", ""labels"": [{""id"": ""08a9b0bd-4713-4ea6-a829-66a64240e254"", ""value"": ""English (language)"", ""language_id"": ""en"", ""list_item_id"": ""38729dbe-6d1c-48ce-bf47-e2a18945600e"", ""valuetype_id"": ""prefLabel""}], ""list_id"": ""f7fc4f6d-fd46-4881-846f-4a08bc1a3fef""}]",3695cff8-d770-11ef-8f5d-0275dc2ded29
aa3eb107-42ca-46ab-9707-604f8c106ba1,36956e50-d770-11ef-8f5d-0275dc2ded29,166c7b56-b36e-4cfa-9dc0-7d232f147d69,1,0ba98522-fa81-4682-8a15-2754d5ef24b8,"{""en"": {""value"": ""Samuel Cabot Incorporated"", ""direction"": ""ltr""}}","[{""uri"": ""http://localhost:8000/plugins/controlled-list-manager/item/5f400d39-3b6b-4b8a-939b-4e49787c7444"", ""labels"": [{""id"": ""0070cd3b-1dd7-48ee-9f29-b97266bf5afb"", ""value"": ""preferred terms"", ""language_id"": ""en"", ""list_item_id"": ""5f400d39-3b6b-4b8a-939b-4e49787c7444"", ""valuetype_id"": ""prefLabel""}], ""list_id"": ""80028d07-9c98-48cf-84db-f77bc01c8bbc""}]","[{""uri"": ""http://localhost:8000/plugins/controlled-list-manager/item/38729dbe-6d1c-48ce-bf47-e2a18945600e"", ""labels"": [{""id"": ""08a9b0bd-4713-4ea6-a829-66a64240e254"", ""value"": ""English (language)"", ""language_id"": ""en"", ""list_item_id"": ""38729dbe-6d1c-48ce-bf47-e2a18945600e"", ""valuetype_id"": ""prefLabel""}], ""list_id"": ""f7fc4f6d-fd46-4881-846f-4a08bc1a3fef""}]",3695cff8-d770-11ef-8f5d-0275dc2ded29
0146fbc7-51a8-495b-8805-afd66d0ad6e3,36956e50-d770-11ef-8f5d-0275dc2ded29,166c7b56-b36e-4cfa-9dc0-7d232f147d69,1,73c805fb-7def-4d78-946b-d66edd5a5473,"{""en"": {""value"": ""Dilo"", ""direction"": ""ltr""}}","[{""uri"": ""http://localhost:8000/plugins/controlled-list-manager/item/5f400d39-3b6b-4b8a-939b-4e49787c7444"", ""labels"": [{""id"": ""0070cd3b-1dd7-48ee-9f29-b97266bf5afb"", ""value"": ""preferred terms"", ""language_id"": ""en"", ""list_item_id"": ""5f400d39-3b6b-4b8a-939b-4e49787c7444"", ""valuetype_id"": ""prefLabel""}], ""list_id"": ""80028d07-9c98-48cf-84db-f77bc01c8bbc""}]","[{""uri"": ""http://localhost:8000/plugins/controlled-list-manager/item/38729dbe-6d1c-48ce-bf47-e2a18945600e"", ""labels"": [{""id"": ""08a9b0bd-4713-4ea6-a829-66a64240e254"", ""value"": ""English (language)"", ""language_id"": ""en"", ""list_item_id"": ""38729dbe-6d1c-48ce-bf47-e2a18945600e"", ""valuetype_id"": ""prefLabel""}], ""list_id"": ""f7fc4f6d-fd46-4881-846f-4a08bc1a3fef""}]",3695cff8-d770-11ef-8f5d-0275dc2ded29
02e099d9-9b08-4be2-b61b-7d7b3ecee54a,36956e50-d770-11ef-8f5d-0275dc2ded29,166c7b56-b36e-4cfa-9dc0-7d232f147d69,1,242a6512-043b-4924-813e-6144d7bf476c,"{""en"": {""value"": ""CARAN D'ACHE NEOCOLOR II"", ""direction"": ""ltr""}}","[{""uri"": ""http://localhost:8000/plugins/controlled-list-manager/item/5f400d39-3b6b-4b8a-939b-4e49787c7444"", ""labels"": [{""id"": ""0070cd3b-1dd7-48ee-9f29-b97266bf5afb"", ""value"": ""preferred terms"", ""language_id"": ""en"", ""list_item_id"": ""5f400d39-3b6b-4b8a-939b-4e49787c7444"", ""valuetype_id"": ""prefLabel""}], ""list_id"": ""80028d07-9c98-48cf-84db-f77bc01c8bbc""}]","[{""uri"": ""http://localhost:8000/plugins/controlled-list-manager/item/38729dbe-6d1c-48ce-bf47-e2a18945600e"", ""labels"": [{""id"": ""08a9b0bd-4713-4ea6-a829-66a64240e254"", ""value"": ""English (language)"", ""language_id"": ""en"", ""list_item_id"": ""38729dbe-6d1c-48ce-bf47-e2a18945600e"", ""valuetype_id"": ""prefLabel""}], ""list_id"": ""f7fc4f6d-fd46-4881-846f-4a08bc1a3fef""}]",3695cff8-d770-11ef-8f5d-0275dc2ded29
1f08d2d7-0183-43c4-9de3-0364fb947676,36956e50-d770-11ef-8f5d-0275dc2ded29,166c7b56-b36e-4cfa-9dc0-7d232f147d69,1,c066a920-5a0b-40de-a165-9eaa6c887913,"{""en"": {""value"": ""S.B. Penick & Company"", ""direction"": ""ltr""}}","[{""uri"": ""http://localhost:8000/plugins/controlled-list-manager/item/5f400d39-3b6b-4b8a-939b-4e49787c7444"", ""labels"": [{""id"": ""0070cd3b-1dd7-48ee-9f29-b97266bf5afb"", ""value"": ""preferred terms"", ""language_id"": ""en"", ""list_item_id"": ""5f400d39-3b6b-4b8a-939b-4e49787c7444"", ""valuetype_id"": ""prefLabel""}], ""list_id"": ""80028d07-9c98-48cf-84db-f77bc01c8bbc""}]","[{""uri"": ""http://localhost:8000/plugins/controlled-list-manager/item/38729dbe-6d1c-48ce-bf47-e2a18945600e"", ""labels"": [{""id"": ""08a9b0bd-4713-4ea6-a829-66a64240e254"", ""value"": ""English (language)"", ""language_id"": ""en"", ""list_item_id"": ""38729dbe-6d1c-48ce-bf47-e2a18945600e"", ""valuetype_id"": ""prefLabel""}], ""list_id"": ""f7fc4f6d-fd46-4881-846f-4a08bc1a3fef""}]",3695cff8-d770-11ef-8f5d-0275dc2ded29
a6a05fe7-00c3-45a7-9efc-1fa8ffcde586,36956e50-d770-11ef-8f5d-0275dc2ded29,166c7b56-b36e-4cfa-9dc0-7d232f147d69,1,7029162e-221a-4bcb-9222-a6579e98a493,"{""en"": {""value"": ""Duroxan"", ""direction"": ""ltr""}}","[{""uri"": ""http://localhost:8000/plugins/controlled-list-manager/item/5f400d39-3b6b-4b8a-939b-4e49787c7444"", ""labels"": [{""id"": ""0070cd3b-1dd7-48ee-9f29-b97266bf5afb"", ""value"": ""preferred terms"", ""language_id"": ""en"", ""list_item_id"": ""5f400d39-3b6b-4b8a-939b-4e49787c7444"", ""valuetype_id"": ""prefLabel""}], ""list_id"": ""80028d07-9c98-48cf-84db-f77bc01c8bbc""}]","[{""uri"": ""http://localhost:8000/plugins/controlled-list-manager/item/38729dbe-6d1c-48ce-bf47-e2a18945600e"", ""labels"": [{""id"": ""08a9b0bd-4713-4ea6-a829-66a64240e254"", ""value"": ""English (language)"", ""language_id"": ""en"", ""list_item_id"": ""38729dbe-6d1c-48ce-bf47-e2a18945600e"", ""valuetype_id"": ""prefLabel""}], ""list_id"": ""f7fc4f6d-fd46-4881-846f-4a08bc1a3fef""}]",3695cff8-d770-11ef-8f5d-0275dc2ded29
10ba0b05-6909-4676-9903-4dfade114bbb,36956e50-d770-11ef-8f5d-0275dc2ded29,166c7b56-b36e-4cfa-9dc0-7d232f147d69,1,8c024e3c-1857-41df-90a5-126a9d90a1b8,"{""en"": {""value"": ""Pfennigs"", ""direction"": ""ltr""}}","[{""uri"": ""http://localhost:8000/plugins/controlled-list-manager/item/5f400d39-3b6b-4b8a-939b-4e49787c7444"", ""labels"": [{""id"": ""0070cd3b-1dd7-48ee-9f29-b97266bf5afb"", ""value"": ""preferred terms"", ""language_id"": ""en"", ""list_item_id"": ""5f400d39-3b6b-4b8a-939b-4e49787c7444"", ""valuetype_id"": ""prefLabel""}], ""list_id"": ""80028d07-9c98-48cf-84db-f77bc01c8bbc""}]","[{""uri"": ""http://localhost:8000/plugins/controlled-list-manager/item/38729dbe-6d1c-48ce-bf47-e2a18945600e"", ""labels"": [{""id"": ""08a9b0bd-4713-4ea6-a829-66a64240e254"", ""value"": ""English (language)"", ""language_id"": ""en"", ""list_item_id"": ""38729dbe-6d1c-48ce-bf47-e2a18945600e"", ""valuetype_id"": ""prefLabel""}], ""list_id"": ""f7fc4f6d-fd46-4881-846f-4a08bc1a3fef""}]",3695cff8-d770-11ef-8f5d-0275dc2ded29
7b523ad0-5453-4c79-a70e-aaca0dd52a94,36956e50-d770-11ef-8f5d-0275dc2ded29,166c7b56-b36e-4cfa-9dc0-7d232f147d69,1,830cef54-a2ce-4838-ae70-3483cc4977ed,"{""en"": {""value"": ""Spectrum Oil Colours"", ""direction"": ""ltr""}}","[{""uri"": ""http://localhost:8000/plugins/controlled-list-manager/item/5f400d39-3b6b-4b8a-939b-4e49787c7444"", ""labels"": [{""id"": ""0070cd3b-1dd7-48ee-9f29-b97266bf5afb"", ""value"": ""preferred terms"", ""language_id"": ""en"", ""list_item_id"": ""5f400d39-3b6b-4b8a-939b-4e49787c7444"", ""valuetype_id"": ""prefLabel""}], ""list_id"": ""80028d07-9c98-48cf-84db-f77bc01c8bbc""}]","[{""uri"": ""http://localhost:8000/plugins/controlled-list-manager/item/38729dbe-6d1c-48ce-bf47-e2a18945600e"", ""labels"": [{""id"": ""08a9b0bd-4713-4ea6-a829-66a64240e254"", ""value"": ""English (language)"", ""language_id"": ""en"", ""list_item_id"": ""38729dbe-6d1c-48ce-bf47-e2a18945600e"", ""valuetype_id"": ""prefLabel""}], ""list_id"": ""f7fc4f6d-fd46-4881-846f-4a08bc1a3fef""}]",3695cff8-d770-11ef-8f5d-0275dc2ded29
e6a6493b-6e52-4393-8948-1adaaab601fa,36956e50-d770-11ef-8f5d-0275dc2ded29,166c7b56-b36e-4cfa-9dc0-7d232f147d69,1,9ae9b51f-960f-4edd-ac0f-d1066b89efbd,"{""en"": {""value"": ""Kremer-Pigmente"", ""direction"": ""ltr""}}","[{""uri"": ""http://localhost:8000/plugins/controlled-list-manager/item/5f400d39-3b6b-4b8a-939b-4e49787c7444"", ""labels"": [{""id"": ""0070cd3b-1dd7-48ee-9f29-b97266bf5afb"", ""value"": ""preferred terms"", ""language_id"": ""en"", ""list_item_id"": ""5f400d39-3b6b-4b8a-939b-4e49787c7444"", ""valuetype_id"": ""prefLabel""}], ""list_id"": ""80028d07-9c98-48cf-84db-f77bc01c8bbc""}]","[{""uri"": ""http://localhost:8000/plugins/controlled-list-manager/item/38729dbe-6d1c-48ce-bf47-e2a18945600e"", ""labels"": [{""id"": ""08a9b0bd-4713-4ea6-a829-66a64240e254"", ""value"": ""English (language)"", ""language_id"": ""en"", ""list_item_id"": ""38729dbe-6d1c-48ce-bf47-e2a18945600e"", ""valuetype_id"": ""prefLabel""}], ""list_id"": ""f7fc4f6d-fd46-4881-846f-4a08bc1a3fef""}]",3695cff8-d770-11ef-8f5d-0275dc2ded29
71e2916d-2f9c-47a1-a4fa-7c00f297fdb6,36956e50-d770-11ef-8f5d-0275dc2ded29,166c7b56-b36e-4cfa-9dc0-7d232f147d69,1,a2fd0a95-19a4-42ff-aa69-1af4f7ee5bf5,"{""en"": {""value"": ""Maimeri & Company"", ""direction"": ""ltr""}}","[{""uri"": ""http://localhost:8000/plugins/controlled-list-manager/item/5f400d39-3b6b-4b8a-939b-4e49787c7444"", ""labels"": [{""id"": ""0070cd3b-1dd7-48ee-9f29-b97266bf5afb"", ""value"": ""preferred terms"", ""language_id"": ""en"", ""list_item_id"": ""5f400d39-3b6b-4b8a-939b-4e49787c7444"", ""valuetype_id"": ""prefLabel""}], ""list_id"": ""80028d07-9c98-48cf-84db-f77bc01c8bbc""}]","[{""uri"": ""http://localhost:8000/plugins/controlled-list-manager/item/38729dbe-6d1c-48ce-bf47-e2a18945600e"", ""labels"": [{""id"": ""08a9b0bd-4713-4ea6-a829-66a64240e254"", ""value"": ""English (language)"", ""language_id"": ""en"", ""list_item_id"": ""38729dbe-6d1c-48ce-bf47-e2a18945600e"", ""valuetype_id"": ""prefLabel""}], ""list_id"": ""f7fc4f6d-fd46-4881-846f-4a08bc1a3fef""}]",3695cff8-d770-11ef-8f5d-0275dc2ded29
b663e320-3c30-42f4-ad57-8406822d1bda,36956e50-d770-11ef-8f5d-0275dc2ded29,166c7b56-b36e-4cfa-9dc0-7d232f147d69,1,f0a6bf09-d5a3-4e3f-a7d5-51ce59dce395,"{""en"": {""value"": ""Angus Chemical Company (Dow)"", ""direction"": ""ltr""}}","[{""uri"": ""http://localhost:8000/plugins/controlled-list-manager/item/5f400d39-3b6b-4b8a-939b-4e49787c7444"", ""labels"": [{""id"": ""0070cd3b-1dd7-48ee-9f29-b97266bf5afb"", ""value"": ""preferred terms"", ""language_id"": ""en"", ""list_item_id"": ""5f400d39-3b6b-4b8a-939b-4e49787c7444"", ""valuetype_id"": ""prefLabel""}], ""list_id"": ""80028d07-9c98-48cf-84db-f77bc01c8bbc""}]","[{""uri"": ""http://localhost:8000/plugins/controlled-list-manager/item/38729dbe-6d1c-48ce-bf47-e2a18945600e"", ""labels"": [{""id"": ""08a9b0bd-4713-4ea6-a829-66a64240e254"", ""value"": ""English (language)"", ""language_id"": ""en"", ""list_item_id"": ""38729dbe-6d1c-48ce-bf47-e2a18945600e"", ""valuetype_id"": ""prefLabel""}], ""list_id"": ""f7fc4f6d-fd46-4881-846f-4a08bc1a3fef""}]",3695cff8-d770-11ef-8f5d-0275dc2ded29
a5e7d799-117b-4476-9635-b89cfb161975,36956e50-d770-11ef-8f5d-0275dc2ded29,166c7b56-b36e-4cfa-9dc0-7d232f147d69,1,186b77b5-a8bc-408b-b87c-24a6a75ff6e8,"{""en"": {""value"": ""David John Lee"", ""direction"": ""ltr""}}","[{""uri"": ""http://localhost:8000/plugins/controlled-list-manager/item/5f400d39-3b6b-4b8a-939b-4e49787c7444"", ""labels"": [{""id"": ""0070cd3b-1dd7-48ee-9f29-b97266bf5afb"", ""value"": ""preferred terms"", ""language_id"": ""en"", ""list_item_id"": ""5f400d39-3b6b-4b8a-939b-4e49787c7444"", ""valuetype_id"": ""prefLabel""}], ""list_id"": ""80028d07-9c98-48cf-84db-f77bc01c8bbc""}]","[{""uri"": ""http://localhost:8000/plugins/controlled-list-manager/item/38729dbe-6d1c-48ce-bf47-e2a18945600e"", ""labels"": [{""id"": ""08a9b0bd-4713-4ea6-a829-66a64240e254"", ""value"": ""English (language)"", ""language_id"": ""en"", ""list_item_id"": ""38729dbe-6d1c-48ce-bf47-e2a18945600e"", ""valuetype_id"": ""prefLabel""}], ""list_id"": ""f7fc4f6d-fd46-4881-846f-4a08bc1a3fef""}]",3695cff8-d770-11ef-8f5d-0275dc2ded29
3736740b-73ff-40eb-832d-d30c1943216b,36956e50-d770-11ef-8f5d-0275dc2ded29,166c7b56-b36e-4cfa-9dc0-7d232f147d69,1,02403118-bdb5-42d2-a74b-6f1946d073ef,"{""en"": {""value"": ""Lesley Bone"", ""direction"": ""ltr""}}","[{""uri"": ""http://localhost:8000/plugins/controlled-list-manager/item/5f400d39-3b6b-4b8a-939b-4e49787c7444"", ""labels"": [{""id"": ""0070cd3b-1dd7-48ee-9f29-b97266bf5afb"", ""value"": ""preferred terms"", ""language_id"": ""en"", ""list_item_id"": ""5f400d39-3b6b-4b8a-939b-4e49787c7444"", ""valuetype_id"": ""prefLabel""}], ""list_id"": ""80028d07-9c98-48cf-84db-f77bc01c8bbc""}]","[{""uri"": ""http://localhost:8000/plugins/controlled-list-manager/item/38729dbe-6d1c-48ce-bf47-e2a18945600e"", ""labels"": [{""id"": ""08a9b0bd-4713-4ea6-a829-66a64240e254"", ""value"": ""English (language)"", ""language_id"": ""en"", ""list_item_id"": ""38729dbe-6d1c-48ce-bf47-e2a18945600e"", ""valuetype_id"": ""prefLabel""}], ""list_id"": ""f7fc4f6d-fd46-4881-846f-4a08bc1a3fef""}]",3695cff8-d770-11ef-8f5d-0275dc2ded29
eb22a31a-f01f-47bd-b9ee-6e3abbd12acc,36956e50-d770-11ef-8f5d-0275dc2ded29,166c7b56-b36e-4cfa-9dc0-7d232f147d69,1,8136289e-cfa1-4813-b31b-5a9606c07700,"{""en"": {""value"": ""Ashland Specialty Chemical Co."", ""direction"": ""ltr""}}","[{""uri"": ""http://localhost:8000/plugins/controlled-list-manager/item/5f400d39-3b6b-4b8a-939b-4e49787c7444"", ""labels"": [{""id"": ""0070cd3b-1dd7-48ee-9f29-b97266bf5afb"", ""value"": ""preferred terms"", ""language_id"": ""en"", ""list_item_id"": ""5f400d39-3b6b-4b8a-939b-4e49787c7444"", ""valuetype_id"": ""prefLabel""}], ""list_id"": ""80028d07-9c98-48cf-84db-f77bc01c8bbc""}]","[{""uri"": ""http://localhost:8000/plugins/controlled-list-manager/item/38729dbe-6d1c-48ce-bf47-e2a18945600e"", ""labels"": [{""id"": ""08a9b0bd-4713-4ea6-a829-66a64240e254"", ""value"": ""English (language)"", ""language_id"": ""en"", ""list_item_id"": ""38729dbe-6d1c-48ce-bf47-e2a18945600e"", ""valuetype_id"": ""prefLabel""}], ""list_id"": ""f7fc4f6d-fd46-4881-846f-4a08bc1a3fef""}]",3695cff8-d770-11ef-8f5d-0275dc2ded29
eaf4e7a9-4e4e-43a8-8b69-51bf6ec947b3,36956e50-d770-11ef-8f5d-0275dc2ded29,166c7b56-b36e-4cfa-9dc0-7d232f147d69,1,3cda5bc6-6c23-4007-bbdf-ff4590ec8dd7,"{""en"": {""value"": ""Arakawa Chemical"", ""direction"": ""ltr""}}","[{""uri"": ""http://localhost:8000/plugins/controlled-list-manager/item/5f400d39-3b6b-4b8a-939b-4e49787c7444"", ""labels"": [{""id"": ""0070cd3b-1dd7-48ee-9f29-b97266bf5afb"", ""value"": ""preferred terms"", ""language_id"": ""en"", ""list_item_id"": ""5f400d39-3b6b-4b8a-939b-4e49787c7444"", ""valuetype_id"": ""prefLabel""}], ""list_id"": ""80028d07-9c98-48cf-84db-f77bc01c8bbc""}]","[{""uri"": ""http://localhost:8000/plugins/controlled-list-manager/item/38729dbe-6d1c-48ce-bf47-e2a18945600e"", ""labels"": [{""id"": ""08a9b0bd-4713-4ea6-a829-66a64240e254"", ""value"": ""English (language)"", ""language_id"": ""en"", ""list_item_id"": ""38729dbe-6d1c-48ce-bf47-e2a18945600e"", ""valuetype_id"": ""prefLabel""}], ""list_id"": ""f7fc4f6d-fd46-4881-846f-4a08bc1a3fef""}]",3695cff8-d770-11ef-8f5d-0275dc2ded29
c9aed6b0-4e94-4b2e-9062-eb9c30e6c45c,36956e50-d770-11ef-8f5d-0275dc2ded29,166c7b56-b36e-4cfa-9dc0-7d232f147d69,1,bd2a9519-f614-4fa0-b0bb-479abbe9be12,"{""en"": {""value"": ""N.J. Zinc Company"", ""direction"": ""ltr""}}","[{""uri"": ""http://localhost:8000/plugins/controlled-list-manager/item/5f400d39-3b6b-4b8a-939b-4e49787c7444"", ""labels"": [{""id"": ""0070cd3b-1dd7-48ee-9f29-b97266bf5afb"", ""value"": ""preferred terms"", ""language_id"": ""en"", ""list_item_id"": ""5f400d39-3b6b-4b8a-939b-4e49787c7444"", ""valuetype_id"": ""prefLabel""}], ""list_id"": ""80028d07-9c98-48cf-84db-f77bc01c8bbc""}]","[{""uri"": ""http://localhost:8000/plugins/controlled-list-manager/item/38729dbe-6d1c-48ce-bf47-e2a18945600e"", ""labels"": [{""id"": ""08a9b0bd-4713-4ea6-a829-66a64240e254"", ""value"": ""English (language)"", ""language_id"": ""en"", ""list_item_id"": ""38729dbe-6d1c-48ce-bf47-e2a18945600e"", ""valuetype_id"": ""prefLabel""}], ""list_id"": ""f7fc4f6d-fd46-4881-846f-4a08bc1a3fef""}]",3695cff8-d770-11ef-8f5d-0275dc2ded29
d7a77a65-95a4-4481-b165-e994b53590c8,36956e50-d770-11ef-8f5d-0275dc2ded29,166c7b56-b36e-4cfa-9dc0-7d232f147d69,1,31734e9d-5f0c-46a0-b52d-f02cc5b17ea8,"{""en"": {""value"": ""Daler Rowney"", ""direction"": ""ltr""}}","[{""uri"": ""http://localhost:8000/plugins/controlled-list-manager/item/5f400d39-3b6b-4b8a-939b-4e49787c7444"", ""labels"": [{""id"": ""0070cd3b-1dd7-48ee-9f29-b97266bf5afb"", ""value"": ""preferred terms"", ""language_id"": ""en"", ""list_item_id"": ""5f400d39-3b6b-4b8a-939b-4e49787c7444"", ""valuetype_id"": ""prefLabel""}], ""list_id"": ""80028d07-9c98-48cf-84db-f77bc01c8bbc""}]","[{""uri"": ""http://localhost:8000/plugins/controlled-list-manager/item/38729dbe-6d1c-48ce-bf47-e2a18945600e"", ""labels"": [{""id"": ""08a9b0bd-4713-4ea6-a829-66a64240e254"", ""value"": ""English (language)"", ""language_id"": ""en"", ""list_item_id"": ""38729dbe-6d1c-48ce-bf47-e2a18945600e"", ""valuetype_id"": ""prefLabel""}], ""list_id"": ""f7fc4f6d-fd46-4881-846f-4a08bc1a3fef""}]",3695cff8-d770-11ef-8f5d-0275dc2ded29
0ff76fae-cba9-41e4-b9f1-8fad8f08b691,36956e50-d770-11ef-8f5d-0275dc2ded29,166c7b56-b36e-4cfa-9dc0-7d232f147d69,1,99c20bd7-e0ff-4051-9dc1-674a3f290fb1,"{""en"": {""value"": ""Standard Brands Paint Company"", ""direction"": ""ltr""}}","[{""uri"": ""http://localhost:8000/plugins/controlled-list-manager/item/5f400d39-3b6b-4b8a-939b-4e49787c7444"", ""labels"": [{""id"": ""0070cd3b-1dd7-48ee-9f29-b97266bf5afb"", ""value"": ""preferred terms"", ""language_id"": ""en"", ""list_item_id"": ""5f400d39-3b6b-4b8a-939b-4e49787c7444"", ""valuetype_id"": ""prefLabel""}], ""list_id"": ""80028d07-9c98-48cf-84db-f77bc01c8bbc""}]","[{""uri"": ""http://localhost:8000/plugins/controlled-list-manager/item/38729dbe-6d1c-48ce-bf47-e2a18945600e"", ""labels"": [{""id"": ""08a9b0bd-4713-4ea6-a829-66a64240e254"", ""value"": ""English (language)"", ""language_id"": ""en"", ""list_item_id"": ""38729dbe-6d1c-48ce-bf47-e2a18945600e"", ""valuetype_id"": ""prefLabel""}], ""list_id"": ""f7fc4f6d-fd46-4881-846f-4a08bc1a3fef""}]",3695cff8-d770-11ef-8f5d-0275dc2ded29
8360d167-5ec5-425a-add2-4b9fd42a799a,36956e50-d770-11ef-8f5d-0275dc2ded29,166c7b56-b36e-4cfa-9dc0-7d232f147d69,1,8285c874-5122-49b8-a6b3-9b170f3d6dc4,"{""en"": {""value"": ""Foma"", ""direction"": ""ltr""}}","[{""uri"": ""http://localhost:8000/plugins/controlled-list-manager/item/5f400d39-3b6b-4b8a-939b-4e49787c7444"", ""labels"": [{""id"": ""0070cd3b-1dd7-48ee-9f29-b97266bf5afb"", ""value"": ""preferred terms"", ""language_id"": ""en"", ""list_item_id"": ""5f400d39-3b6b-4b8a-939b-4e49787c7444"", ""valuetype_id"": ""prefLabel""}], ""list_id"": ""80028d07-9c98-48cf-84db-f77bc01c8bbc""}]","[{""uri"": ""http://localhost:8000/plugins/controlled-list-manager/item/38729dbe-6d1c-48ce-bf47-e2a18945600e"", ""labels"": [{""id"": ""08a9b0bd-4713-4ea6-a829-66a64240e254"", ""value"": ""English (language)"", ""language_id"": ""en"", ""list_item_id"": ""38729dbe-6d1c-48ce-bf47-e2a18945600e"", ""valuetype_id"": ""prefLabel""}], ""list_id"": ""f7fc4f6d-fd46-4881-846f-4a08bc1a3fef""}]",3695cff8-d770-11ef-8f5d-0275dc2ded29
a85373f9-70ad-41ae-a434-34e8e4940dcd,36956e50-d770-11ef-8f5d-0275dc2ded29,166c7b56-b36e-4cfa-9dc0-7d232f147d69,1,0eca2d23-72f9-4c4c-bdbf-af0cf8948273,"{""en"": {""value"": ""GAF Corp."", ""direction"": ""ltr""}}","[{""uri"": ""http://localhost:8000/plugins/controlled-list-manager/item/5f400d39-3b6b-4b8a-939b-4e49787c7444"", ""labels"": [{""id"": ""0070cd3b-1dd7-48ee-9f29-b97266bf5afb"", ""value"": ""preferred terms"", ""language_id"": ""en"", ""list_item_id"": ""5f400d39-3b6b-4b8a-939b-4e49787c7444"", ""valuetype_id"": ""prefLabel""}], ""list_id"": ""80028d07-9c98-48cf-84db-f77bc01c8bbc""}]","[{""uri"": ""http://localhost:8000/plugins/controlled-list-manager/item/38729dbe-6d1c-48ce-bf47-e2a18945600e"", ""labels"": [{""id"": ""08a9b0bd-4713-4ea6-a829-66a64240e254"", ""value"": ""English (language)"", ""language_id"": ""en"", ""list_item_id"": ""38729dbe-6d1c-48ce-bf47-e2a18945600e"", ""valuetype_id"": ""prefLabel""}], ""list_id"": ""f7fc4f6d-fd46-4881-846f-4a08bc1a3fef""}]",3695cff8-d770-11ef-8f5d-0275dc2ded29
99887aa9-ce00-45a3-9c0d-943e1c2aa827,36956e50-d770-11ef-8f5d-0275dc2ded29,166c7b56-b36e-4cfa-9dc0-7d232f147d69,1,69e5a0f0-9bd8-43ef-b006-86a6f1103a4e,"{""en"": {""value"": ""Z. Pinney"", ""direction"": ""ltr""}}","[{""uri"": ""http://localhost:8000/plugins/controlled-list-manager/item/5f400d39-3b6b-4b8a-939b-4e49787c7444"", ""labels"": [{""id"": ""0070cd3b-1dd7-48ee-9f29-b97266bf5afb"", ""value"": ""preferred terms"", ""language_id"": ""en"", ""list_item_id"": ""5f400d39-3b6b-4b8a-939b-4e49787c7444"", ""valuetype_id"": ""prefLabel""}], ""list_id"": ""80028d07-9c98-48cf-84db-f77bc01c8bbc""}]","[{""uri"": ""http://localhost:8000/plugins/controlled-list-manager/item/38729dbe-6d1c-48ce-bf47-e2a18945600e"", ""labels"": [{""id"": ""08a9b0bd-4713-4ea6-a829-66a64240e254"", ""value"": ""English (language)"", ""language_id"": ""en"", ""list_item_id"": ""38729dbe-6d1c-48ce-bf47-e2a18945600e"", ""valuetype_id"": ""prefLabel""}], ""list_id"": ""f7fc4f6d-fd46-4881-846f-4a08bc1a3fef""}]",3695cff8-d770-11ef-8f5d-0275dc2ded29
803f2239-5ffe-4a7d-a69e-d74141867924,36956e50-d770-11ef-8f5d-0275dc2ded29,166c7b56-b36e-4cfa-9dc0-7d232f147d69,1,e12d05ef-73ff-483f-889b-2ca3b6391241,"{""en"": {""value"": ""Fieux"", ""direction"": ""ltr""}}","[{""uri"": ""http://localhost:8000/plugins/controlled-list-manager/item/5f400d39-3b6b-4b8a-939b-4e49787c7444"", ""labels"": [{""id"": ""0070cd3b-1dd7-48ee-9f29-b97266bf5afb"", ""value"": ""preferred terms"", ""language_id"": ""en"", ""list_item_id"": ""5f400d39-3b6b-4b8a-939b-4e49787c7444"", ""valuetype_id"": ""prefLabel""}], ""list_id"": ""80028d07-9c98-48cf-84db-f77bc01c8bbc""}]","[{""uri"": ""http://localhost:8000/plugins/controlled-list-manager/item/38729dbe-6d1c-48ce-bf47-e2a18945600e"", ""labels"": [{""id"": ""08a9b0bd-4713-4ea6-a829-66a64240e254"", ""value"": ""English (language)"", ""language_id"": ""en"", ""list_item_id"": ""38729dbe-6d1c-48ce-bf47-e2a18945600e"", ""valuetype_id"": ""prefLabel""}], ""list_id"": ""f7fc4f6d-fd46-4881-846f-4a08bc1a3fef""}]",3695cff8-d770-11ef-8f5d-0275dc2ded29
ed5b0bae-4923-41f9-bee3-590ab6e644b4,36956e50-d770-11ef-8f5d-0275dc2ded29,166c7b56-b36e-4cfa-9dc0-7d232f147d69,1,657f0d2e-35c0-4d6f-8beb-a259eecbdf2f,"{""en"": {""value"": ""Newman"", ""direction"": ""ltr""}}","[{""uri"": ""http://localhost:8000/plugins/controlled-list-manager/item/5f400d39-3b6b-4b8a-939b-4e49787c7444"", ""labels"": [{""id"": ""0070cd3b-1dd7-48ee-9f29-b97266bf5afb"", ""value"": ""preferred terms"", ""language_id"": ""en"", ""list_item_id"": ""5f400d39-3b6b-4b8a-939b-4e49787c7444"", ""valuetype_id"": ""prefLabel""}], ""list_id"": ""80028d07-9c98-48cf-84db-f77bc01c8bbc""}]","[{""uri"": ""http://localhost:8000/plugins/controlled-list-manager/item/38729dbe-6d1c-48ce-bf47-e2a18945600e"", ""labels"": [{""id"": ""08a9b0bd-4713-4ea6-a829-66a64240e254"", ""value"": ""English (language)"", ""language_id"": ""en"", ""list_item_id"": ""38729dbe-6d1c-48ce-bf47-e2a18945600e"", ""valuetype_id"": ""prefLabel""}], ""list_id"": ""f7fc4f6d-fd46-4881-846f-4a08bc1a3fef""}]",3695cff8-d770-11ef-8f5d-0275dc2ded29
399d60c5-1b95-42e9-a0cb-2dda19460cf3,36956e50-d770-11ef-8f5d-0275dc2ded29,166c7b56-b36e-4cfa-9dc0-7d232f147d69,1,0a1aaa9c-831f-4bb4-ba50-2d7c11acc874,"{""en"": {""value"": ""E. Ordonez"", ""direction"": ""ltr""}}","[{""uri"": ""http://localhost:8000/plugins/controlled-list-manager/item/5f400d39-3b6b-4b8a-939b-4e49787c7444"", ""labels"": [{""id"": ""0070cd3b-1dd7-48ee-9f29-b97266bf5afb"", ""value"": ""preferred terms"", ""language_id"": ""en"", ""list_item_id"": ""5f400d39-3b6b-4b8a-939b-4e49787c7444"", ""valuetype_id"": ""prefLabel""}], ""list_id"": ""80028d07-9c98-48cf-84db-f77bc01c8bbc""}]","[{""uri"": ""http://localhost:8000/plugins/controlled-list-manager/item/38729dbe-6d1c-48ce-bf47-e2a18945600e"", ""labels"": [{""id"": ""08a9b0bd-4713-4ea6-a829-66a64240e254"", ""value"": ""English (language)"", ""language_id"": ""en"", ""list_item_id"": ""38729dbe-6d1c-48ce-bf47-e2a18945600e"", ""valuetype_id"": ""prefLabel""}], ""list_id"": ""f7fc4f6d-fd46-4881-846f-4a08bc1a3fef""}]",3695cff8-d770-11ef-8f5d-0275dc2ded29
5db7f0df-1484-41f9-a40e-3ff040a3a56a,36956e50-d770-11ef-8f5d-0275dc2ded29,166c7b56-b36e-4cfa-9dc0-7d232f147d69,1,af96bcdf-a67c-47b4-8e6d-890f68f206e2,"{""en"": {""value"": ""Mr. Albert"", ""direction"": ""ltr""}}","[{""uri"": ""http://localhost:8000/plugins/controlled-list-manager/item/5f400d39-3b6b-4b8a-939b-4e49787c7444"", ""labels"": [{""id"": ""0070cd3b-1dd7-48ee-9f29-b97266bf5afb"", ""value"": ""preferred terms"", ""language_id"": ""en"", ""list_item_id"": ""5f400d39-3b6b-4b8a-939b-4e49787c7444"", ""valuetype_id"": ""prefLabel""}], ""list_id"": ""80028d07-9c98-48cf-84db-f77bc01c8bbc""}]","[{""uri"": ""http://localhost:8000/plugins/controlled-list-manager/item/38729dbe-6d1c-48ce-bf47-e2a18945600e"", ""labels"": [{""id"": ""08a9b0bd-4713-4ea6-a829-66a64240e254"", ""value"": ""English (language)"", ""language_id"": ""en"", ""list_item_id"": ""38729dbe-6d1c-48ce-bf47-e2a18945600e"", ""valuetype_id"": ""prefLabel""}], ""list_id"": ""f7fc4f6d-fd46-4881-846f-4a08bc1a3fef""}]",3695cff8-d770-11ef-8f5d-0275dc2ded29
7a11fd46-ca95-4c2a-ac6d-b5a3b5858fcb,36956e50-d770-11ef-8f5d-0275dc2ded29,166c7b56-b36e-4cfa-9dc0-7d232f147d69,1,243100bd-4e58-4be2-b8e2-ce4e0bf04833,"{""en"": {""value"": ""Aldrich Chemical Company, Inc."", ""direction"": ""ltr""}}","[{""uri"": ""http://localhost:8000/plugins/controlled-list-manager/item/5f400d39-3b6b-4b8a-939b-4e49787c7444"", ""labels"": [{""id"": ""0070cd3b-1dd7-48ee-9f29-b97266bf5afb"", ""value"": ""preferred terms"", ""language_id"": ""en"", ""list_item_id"": ""5f400d39-3b6b-4b8a-939b-4e49787c7444"", ""valuetype_id"": ""prefLabel""}], ""list_id"": ""80028d07-9c98-48cf-84db-f77bc01c8bbc""}]","[{""uri"": ""http://localhost:8000/plugins/controlled-list-manager/item/38729dbe-6d1c-48ce-bf47-e2a18945600e"", ""labels"": [{""id"": ""08a9b0bd-4713-4ea6-a829-66a64240e254"", ""value"": ""English (language)"", ""language_id"": ""en"", ""list_item_id"": ""38729dbe-6d1c-48ce-bf47-e2a18945600e"", ""valuetype_id"": ""prefLabel""}], ""list_id"": ""f7fc4f6d-fd46-4881-846f-4a08bc1a3fef""}]",3695cff8-d770-11ef-8f5d-0275dc2ded29
3c76b8dc-394f-4f56-825f-78d7943febd6,36956e50-d770-11ef-8f5d-0275dc2ded29,166c7b56-b36e-4cfa-9dc0-7d232f147d69,1,b477e166-26a4-40d4-b2c0-099b19681ebd,"{""en"": {""value"": ""CIBA - GEIGY Corporation"", ""direction"": ""ltr""}}","[{""uri"": ""http://localhost:8000/plugins/controlled-list-manager/item/5f400d39-3b6b-4b8a-939b-4e49787c7444"", ""labels"": [{""id"": ""0070cd3b-1dd7-48ee-9f29-b97266bf5afb"", ""value"": ""preferred terms"", ""language_id"": ""en"", ""list_item_id"": ""5f400d39-3b6b-4b8a-939b-4e49787c7444"", ""valuetype_id"": ""prefLabel""}], ""list_id"": ""80028d07-9c98-48cf-84db-f77bc01c8bbc""}]","[{""uri"": ""http://localhost:8000/plugins/controlled-list-manager/item/38729dbe-6d1c-48ce-bf47-e2a18945600e"", ""labels"": [{""id"": ""08a9b0bd-4713-4ea6-a829-66a64240e254"", ""value"": ""English (language)"", ""language_id"": ""en"", ""list_item_id"": ""38729dbe-6d1c-48ce-bf47-e2a18945600e"", ""valuetype_id"": ""prefLabel""}], ""list_id"": ""f7fc4f6d-fd46-4881-846f-4a08bc1a3fef""}]",3695cff8-d770-11ef-8f5d-0275dc2ded29
41545f14-10e8-445e-8e57-8ca01e349601,36956e50-d770-11ef-8f5d-0275dc2ded29,166c7b56-b36e-4cfa-9dc0-7d232f147d69,1,2b6785f1-8364-44bb-a7d6-d9065d12d89c,"{""en"": {""value"": ""Conservation Materials, Ltd."", ""direction"": ""ltr""}}","[{""uri"": ""http://localhost:8000/plugins/controlled-list-manager/item/5f400d39-3b6b-4b8a-939b-4e49787c7444"", ""labels"": [{""id"": ""0070cd3b-1dd7-48ee-9f29-b97266bf5afb"", ""value"": ""preferred terms"", ""language_id"": ""en"", ""list_item_id"": ""5f400d39-3b6b-4b8a-939b-4e49787c7444"", ""valuetype_id"": ""prefLabel""}], ""list_id"": ""80028d07-9c98-48cf-84db-f77bc01c8bbc""}]","[{""uri"": ""http://localhost:8000/plugins/controlled-list-manager/item/38729dbe-6d1c-48ce-bf47-e2a18945600e"", ""labels"": [{""id"": ""08a9b0bd-4713-4ea6-a829-66a64240e254"", ""value"": ""English (language)"", ""language_id"": ""en"", ""list_item_id"": ""38729dbe-6d1c-48ce-bf47-e2a18945600e"", ""valuetype_id"": ""prefLabel""}], ""list_id"": ""f7fc4f6d-fd46-4881-846f-4a08bc1a3fef""}]",3695cff8-d770-11ef-8f5d-0275dc2ded29
1d28c160-70ce-47e2-b39f-b9646809112e,36956e50-d770-11ef-8f5d-0275dc2ded29,166c7b56-b36e-4cfa-9dc0-7d232f147d69,1,51525c1d-35d8-4cb1-b28a-b916664372ff,"{""en"": {""value"": ""H. Marcel Guest Ltd."", ""direction"": ""ltr""}}","[{""uri"": ""http://localhost:8000/plugins/controlled-list-manager/item/5f400d39-3b6b-4b8a-939b-4e49787c7444"", ""labels"": [{""id"": ""0070cd3b-1dd7-48ee-9f29-b97266bf5afb"", ""value"": ""preferred terms"", ""language_id"": ""en"", ""list_item_id"": ""5f400d39-3b6b-4b8a-939b-4e49787c7444"", ""valuetype_id"": ""prefLabel""}], ""list_id"": ""80028d07-9c98-48cf-84db-f77bc01c8bbc""}]","[{""uri"": ""http://localhost:8000/plugins/controlled-list-manager/item/38729dbe-6d1c-48ce-bf47-e2a18945600e"", ""labels"": [{""id"": ""08a9b0bd-4713-4ea6-a829-66a64240e254"", ""value"": ""English (language)"", ""language_id"": ""en"", ""list_item_id"": ""38729dbe-6d1c-48ce-bf47-e2a18945600e"", ""valuetype_id"": ""prefLabel""}], ""list_id"": ""f7fc4f6d-fd46-4881-846f-4a08bc1a3fef""}]",3695cff8-d770-11ef-8f5d-0275dc2ded29
010b080a-41a5-4af0-850c-a3b44444d237,36956e50-d770-11ef-8f5d-0275dc2ded29,166c7b56-b36e-4cfa-9dc0-7d232f147d69,1,49dd1941-1dec-4b3f-b526-6c8d423f5d38,"{""en"": {""value"": ""T.J. Ronan Co."", ""direction"": ""ltr""}}","[{""uri"": ""http://localhost:8000/plugins/controlled-list-manager/item/5f400d39-3b6b-4b8a-939b-4e49787c7444"", ""labels"": [{""id"": ""0070cd3b-1dd7-48ee-9f29-b97266bf5afb"", ""value"": ""preferred terms"", ""language_id"": ""en"", ""list_item_id"": ""5f400d39-3b6b-4b8a-939b-4e49787c7444"", ""valuetype_id"": ""prefLabel""}], ""list_id"": ""80028d07-9c98-48cf-84db-f77bc01c8bbc""}]","[{""uri"": ""http://localhost:8000/plugins/controlled-list-manager/item/38729dbe-6d1c-48ce-bf47-e2a18945600e"", ""labels"": [{""id"": ""08a9b0bd-4713-4ea6-a829-66a64240e254"", ""value"": ""English (language)"", ""language_id"": ""en"", ""list_item_id"": ""38729dbe-6d1c-48ce-bf47-e2a18945600e"", ""valuetype_id"": ""prefLabel""}], ""list_id"": ""f7fc4f6d-fd46-4881-846f-4a08bc1a3fef""}]",3695cff8-d770-11ef-8f5d-0275dc2ded29
39fe3aca-f8eb-453f-8296-c96470abba12,36956e50-d770-11ef-8f5d-0275dc2ded29,166c7b56-b36e-4cfa-9dc0-7d232f147d69,1,009a1b32-2ebd-4320-8cf4-e2475e2117f4,"{""en"": {""value"": ""Dow Chemical Company"", ""direction"": ""ltr""}}","[{""uri"": ""http://localhost:8000/plugins/controlled-list-manager/item/5f400d39-3b6b-4b8a-939b-4e49787c7444"", ""labels"": [{""id"": ""0070cd3b-1dd7-48ee-9f29-b97266bf5afb"", ""value"": ""preferred terms"", ""language_id"": ""en"", ""list_item_id"": ""5f400d39-3b6b-4b8a-939b-4e49787c7444"", ""valuetype_id"": ""prefLabel""}], ""list_id"": ""80028d07-9c98-48cf-84db-f77bc01c8bbc""}]","[{""uri"": ""http://localhost:8000/plugins/controlled-list-manager/item/38729dbe-6d1c-48ce-bf47-e2a18945600e"", ""labels"": [{""id"": ""08a9b0bd-4713-4ea6-a829-66a64240e254"", ""value"": ""English (language)"", ""language_id"": ""en"", ""list_item_id"": ""38729dbe-6d1c-48ce-bf47-e2a18945600e"", ""valuetype_id"": ""prefLabel""}], ""list_id"": ""f7fc4f6d-fd46-4881-846f-4a08bc1a3fef""}]",3695cff8-d770-11ef-8f5d-0275dc2ded29
c5d17e6f-fd30-426a-9374-6250ca3eb5d9,36956e50-d770-11ef-8f5d-0275dc2ded29,166c7b56-b36e-4cfa-9dc0-7d232f147d69,1,b256b898-dfb8-49c6-8f84-f177fb35fbcc,"{""en"": {""value"": ""M. H. Horowitz"", ""direction"": ""ltr""}}","[{""uri"": ""http://localhost:8000/plugins/controlled-list-manager/item/5f400d39-3b6b-4b8a-939b-4e49787c7444"", ""labels"": [{""id"": ""0070cd3b-1dd7-48ee-9f29-b97266bf5afb"", ""value"": ""preferred terms"", ""language_id"": ""en"", ""list_item_id"": ""5f400d39-3b6b-4b8a-939b-4e49787c7444"", ""valuetype_id"": ""prefLabel""}], ""list_id"": ""80028d07-9c98-48cf-84db-f77bc01c8bbc""}]","[{""uri"": ""http://localhost:8000/plugins/controlled-list-manager/item/38729dbe-6d1c-48ce-bf47-e2a18945600e"", ""labels"": [{""id"": ""08a9b0bd-4713-4ea6-a829-66a64240e254"", ""value"": ""English (language)"", ""language_id"": ""en"", ""list_item_id"": ""38729dbe-6d1c-48ce-bf47-e2a18945600e"", ""valuetype_id"": ""prefLabel""}], ""list_id"": ""f7fc4f6d-fd46-4881-846f-4a08bc1a3fef""}]",3695cff8-d770-11ef-8f5d-0275dc2ded29
bb5c8c26-30f5-4c4d-9eb0-37dc1cc81f7f,36956e50-d770-11ef-8f5d-0275dc2ded29,166c7b56-b36e-4cfa-9dc0-7d232f147d69,1,d058a8ea-696a-43bc-9407-c1f54097c0dc,"{""en"": {""value"": ""Max Grumbacher"", ""direction"": ""ltr""}}","[{""uri"": ""http://localhost:8000/plugins/controlled-list-manager/item/5f400d39-3b6b-4b8a-939b-4e49787c7444"", ""labels"": [{""id"": ""0070cd3b-1dd7-48ee-9f29-b97266bf5afb"", ""value"": ""preferred terms"", ""language_id"": ""en"", ""list_item_id"": ""5f400d39-3b6b-4b8a-939b-4e49787c7444"", ""valuetype_id"": ""prefLabel""}], ""list_id"": ""80028d07-9c98-48cf-84db-f77bc01c8bbc""}]","[{""uri"": ""http://localhost:8000/plugins/controlled-list-manager/item/38729dbe-6d1c-48ce-bf47-e2a18945600e"", ""labels"": [{""id"": ""08a9b0bd-4713-4ea6-a829-66a64240e254"", ""value"": ""English (language)"", ""language_id"": ""en"", ""list_item_id"": ""38729dbe-6d1c-48ce-bf47-e2a18945600e"", ""valuetype_id"": ""prefLabel""}], ""list_id"": ""f7fc4f6d-fd46-4881-846f-4a08bc1a3fef""}]",3695cff8-d770-11ef-8f5d-0275dc2ded29
dad9c8c3-5ee5-487e-b9ec-58019acb380f,36956e50-d770-11ef-8f5d-0275dc2ded29,166c7b56-b36e-4cfa-9dc0-7d232f147d69,1,053148f8-21a0-4f8c-bd6b-5bb67bfcbabf,"{""en"": {""value"": ""Canadian Grain Commission"", ""direction"": ""ltr""}}","[{""uri"": ""http://localhost:8000/plugins/controlled-list-manager/item/5f400d39-3b6b-4b8a-939b-4e49787c7444"", ""labels"": [{""id"": ""0070cd3b-1dd7-48ee-9f29-b97266bf5afb"", ""value"": ""preferred terms"", ""language_id"": ""en"", ""list_item_id"": ""5f400d39-3b6b-4b8a-939b-4e49787c7444"", ""valuetype_id"": ""prefLabel""}], ""list_id"": ""80028d07-9c98-48cf-84db-f77bc01c8bbc""}]","[{""uri"": ""http://localhost:8000/plugins/controlled-list-manager/item/38729dbe-6d1c-48ce-bf47-e2a18945600e"", ""labels"": [{""id"": ""08a9b0bd-4713-4ea6-a829-66a64240e254"", ""value"": ""English (language)"", ""language_id"": ""en"", ""list_item_id"": ""38729dbe-6d1c-48ce-bf47-e2a18945600e"", ""valuetype_id"": ""prefLabel""}], ""list_id"": ""f7fc4f6d-fd46-4881-846f-4a08bc1a3fef""}]",3695cff8-d770-11ef-8f5d-0275dc2ded29
85080b00-046f-4721-b076-42d7e0c72c55,36956e50-d770-11ef-8f5d-0275dc2ded29,166c7b56-b36e-4cfa-9dc0-7d232f147d69,1,1acf5959-8001-4e2b-93ff-436862f49244,"{""en"": {""value"": ""Hans O. Mahn & Co."", ""direction"": ""ltr""}}","[{""uri"": ""http://localhost:8000/plugins/controlled-list-manager/item/5f400d39-3b6b-4b8a-939b-4e49787c7444"", ""labels"": [{""id"": ""0070cd3b-1dd7-48ee-9f29-b97266bf5afb"", ""value"": ""preferred terms"", ""language_id"": ""en"", ""list_item_id"": ""5f400d39-3b6b-4b8a-939b-4e49787c7444"", ""valuetype_id"": ""prefLabel""}], ""list_id"": ""80028d07-9c98-48cf-84db-f77bc01c8bbc""}]","[{""uri"": ""http://localhost:8000/plugins/controlled-list-manager/item/38729dbe-6d1c-48ce-bf47-e2a18945600e"", ""labels"": [{""id"": ""08a9b0bd-4713-4ea6-a829-66a64240e254"", ""value"": ""English (language)"", ""language_id"": ""en"", ""list_item_id"": ""38729dbe-6d1c-48ce-bf47-e2a18945600e"", ""valuetype_id"": ""prefLabel""}], ""list_id"": ""f7fc4f6d-fd46-4881-846f-4a08bc1a3fef""}]",3695cff8-d770-11ef-8f5d-0275dc2ded29
e4c43066-eb31-421d-ac33-ca9ca9e07315,36956e50-d770-11ef-8f5d-0275dc2ded29,166c7b56-b36e-4cfa-9dc0-7d232f147d69,1,14c5bad6-2aa5-40ad-a7dc-a39152002e3d,"{""en"": {""value"": ""Chen Fu Photo Material"", ""direction"": ""ltr""}}","[{""uri"": ""http://localhost:8000/plugins/controlled-list-manager/item/5f400d39-3b6b-4b8a-939b-4e49787c7444"", ""labels"": [{""id"": ""0070cd3b-1dd7-48ee-9f29-b97266bf5afb"", ""value"": ""preferred terms"", ""language_id"": ""en"", ""list_item_id"": ""5f400d39-3b6b-4b8a-939b-4e49787c7444"", ""valuetype_id"": ""prefLabel""}], ""list_id"": ""80028d07-9c98-48cf-84db-f77bc01c8bbc""}]","[{""uri"": ""http://localhost:8000/plugins/controlled-list-manager/item/38729dbe-6d1c-48ce-bf47-e2a18945600e"", ""labels"": [{""id"": ""08a9b0bd-4713-4ea6-a829-66a64240e254"", ""value"": ""English (language)"", ""language_id"": ""en"", ""list_item_id"": ""38729dbe-6d1c-48ce-bf47-e2a18945600e"", ""valuetype_id"": ""prefLabel""}], ""list_id"": ""f7fc4f6d-fd46-4881-846f-4a08bc1a3fef""}]",3695cff8-d770-11ef-8f5d-0275dc2ded29
72f5ae2d-df79-405b-901d-53fddeb738f0,36956e50-d770-11ef-8f5d-0275dc2ded29,166c7b56-b36e-4cfa-9dc0-7d232f147d69,1,0052b3cf-d1b9-4341-9960-040f9a4dd666,"{""en"": {""value"": ""Ilford Limited, London"", ""direction"": ""ltr""}}","[{""uri"": ""http://localhost:8000/plugins/controlled-list-manager/item/5f400d39-3b6b-4b8a-939b-4e49787c7444"", ""labels"": [{""id"": ""0070cd3b-1dd7-48ee-9f29-b97266bf5afb"", ""value"": ""preferred terms"", ""language_id"": ""en"", ""list_item_id"": ""5f400d39-3b6b-4b8a-939b-4e49787c7444"", ""valuetype_id"": ""prefLabel""}], ""list_id"": ""80028d07-9c98-48cf-84db-f77bc01c8bbc""}]","[{""uri"": ""http://localhost:8000/plugins/controlled-list-manager/item/38729dbe-6d1c-48ce-bf47-e2a18945600e"", ""labels"": [{""id"": ""08a9b0bd-4713-4ea6-a829-66a64240e254"", ""value"": ""English (language)"", ""language_id"": ""en"", ""list_item_id"": ""38729dbe-6d1c-48ce-bf47-e2a18945600e"", ""valuetype_id"": ""prefLabel""}], ""list_id"": ""f7fc4f6d-fd46-4881-846f-4a08bc1a3fef""}]",3695cff8-d770-11ef-8f5d-0275dc2ded29
abf562ec-aace-4c87-960d-a53724ea7ff3,36956e50-d770-11ef-8f5d-0275dc2ded29,166c7b56-b36e-4cfa-9dc0-7d232f147d69,1,df5eb001-9f5a-4fa7-8283-345d59616178,"{""en"": {""value"": ""G.H. Links Company"", ""direction"": ""ltr""}}","[{""uri"": ""http://localhost:8000/plugins/controlled-list-manager/item/5f400d39-3b6b-4b8a-939b-4e49787c7444"", ""labels"": [{""id"": ""0070cd3b-1dd7-48ee-9f29-b97266bf5afb"", ""value"": ""preferred terms"", ""language_id"": ""en"", ""list_item_id"": ""5f400d39-3b6b-4b8a-939b-4e49787c7444"", ""valuetype_id"": ""prefLabel""}], ""list_id"": ""80028d07-9c98-48cf-84db-f77bc01c8bbc""}]","[{""uri"": ""http://localhost:8000/plugins/controlled-list-manager/item/38729dbe-6d1c-48ce-bf47-e2a18945600e"", ""labels"": [{""id"": ""08a9b0bd-4713-4ea6-a829-66a64240e254"", ""value"": ""English (language)"", ""language_id"": ""en"", ""list_item_id"": ""38729dbe-6d1c-48ce-bf47-e2a18945600e"", ""valuetype_id"": ""prefLabel""}], ""list_id"": ""f7fc4f6d-fd46-4881-846f-4a08bc1a3fef""}]",3695cff8-d770-11ef-8f5d-0275dc2ded29
eb40ddb2-c1e1-4bf5-bd49-f189b1cacbb4,36956e50-d770-11ef-8f5d-0275dc2ded29,166c7b56-b36e-4cfa-9dc0-7d232f147d69,1,5b304874-d1a1-45f6-8589-c2a08bc7f7df,"{""en"": {""value"": ""J. Paul Getty Museum (JPGM)"", ""direction"": ""ltr""}}","[{""uri"": ""http://localhost:8000/plugins/controlled-list-manager/item/5f400d39-3b6b-4b8a-939b-4e49787c7444"", ""labels"": [{""id"": ""0070cd3b-1dd7-48ee-9f29-b97266bf5afb"", ""value"": ""preferred terms"", ""language_id"": ""en"", ""list_item_id"": ""5f400d39-3b6b-4b8a-939b-4e49787c7444"", ""valuetype_id"": ""prefLabel""}], ""list_id"": ""80028d07-9c98-48cf-84db-f77bc01c8bbc""}]","[{""uri"": ""http://localhost:8000/plugins/controlled-list-manager/item/38729dbe-6d1c-48ce-bf47-e2a18945600e"", ""labels"": [{""id"": ""08a9b0bd-4713-4ea6-a829-66a64240e254"", ""value"": ""English (language)"", ""language_id"": ""en"", ""list_item_id"": ""38729dbe-6d1c-48ce-bf47-e2a18945600e"", ""valuetype_id"": ""prefLabel""}], ""list_id"": ""f7fc4f6d-fd46-4881-846f-4a08bc1a3fef""}]",3695cff8-d770-11ef-8f5d-0275dc2ded29
ca8a5832-03e2-4e6e-9468-0bd284c3b20d,36956e50-d770-11ef-8f5d-0275dc2ded29,166c7b56-b36e-4cfa-9dc0-7d232f147d69,1,06f3b823-2fcf-4293-a02a-100d436f4a7d,"{""en"": {""value"": ""Various"", ""direction"": ""ltr""}}","[{""uri"": ""http://localhost:8000/plugins/controlled-list-manager/item/5f400d39-3b6b-4b8a-939b-4e49787c7444"", ""labels"": [{""id"": ""0070cd3b-1dd7-48ee-9f29-b97266bf5afb"", ""value"": ""preferred terms"", ""language_id"": ""en"", ""list_item_id"": ""5f400d39-3b6b-4b8a-939b-4e49787c7444"", ""valuetype_id"": ""prefLabel""}], ""list_id"": ""80028d07-9c98-48cf-84db-f77bc01c8bbc""}]","[{""uri"": ""http://localhost:8000/plugins/controlled-list-manager/item/38729dbe-6d1c-48ce-bf47-e2a18945600e"", ""labels"": [{""id"": ""08a9b0bd-4713-4ea6-a829-66a64240e254"", ""value"": ""English (language)"", ""language_id"": ""en"", ""list_item_id"": ""38729dbe-6d1c-48ce-bf47-e2a18945600e"", ""valuetype_id"": ""prefLabel""}], ""list_id"": ""f7fc4f6d-fd46-4881-846f-4a08bc1a3fef""}]",3695cff8-d770-11ef-8f5d-0275dc2ded29
25741c6e-5fb8-4dc0-8fef-7d14eec5f380,36956e50-d770-11ef-8f5d-0275dc2ded29,166c7b56-b36e-4cfa-9dc0-7d232f147d69,1,3c73fffe-40ac-4d5d-9551-bb77fb8982d3,"{""en"": {""value"": ""Fotochema"", ""direction"": ""ltr""}}","[{""uri"": ""http://localhost:8000/plugins/controlled-list-manager/item/5f400d39-3b6b-4b8a-939b-4e49787c7444"", ""labels"": [{""id"": ""0070cd3b-1dd7-48ee-9f29-b97266bf5afb"", ""value"": ""preferred terms"", ""language_id"": ""en"", ""list_item_id"": ""5f400d39-3b6b-4b8a-939b-4e49787c7444"", ""valuetype_id"": ""prefLabel""}], ""list_id"": ""80028d07-9c98-48cf-84db-f77bc01c8bbc""}]","[{""uri"": ""http://localhost:8000/plugins/controlled-list-manager/item/38729dbe-6d1c-48ce-bf47-e2a18945600e"", ""labels"": [{""id"": ""08a9b0bd-4713-4ea6-a829-66a64240e254"", ""value"": ""English (language)"", ""language_id"": ""en"", ""list_item_id"": ""38729dbe-6d1c-48ce-bf47-e2a18945600e"", ""valuetype_id"": ""prefLabel""}], ""list_id"": ""f7fc4f6d-fd46-4881-846f-4a08bc1a3fef""}]",3695cff8-d770-11ef-8f5d-0275dc2ded29
3f2632e8-adb6-45ee-ae32-d378da5b9320,36956e50-d770-11ef-8f5d-0275dc2ded29,166c7b56-b36e-4cfa-9dc0-7d232f147d69,1,466d02b6-d34c-45f2-b4e1-1a4ec9ec0a73,"{""en"": {""value"": ""J. Raphael"", ""direction"": ""ltr""}}","[{""uri"": ""http://localhost:8000/plugins/controlled-list-manager/item/5f400d39-3b6b-4b8a-939b-4e49787c7444"", ""labels"": [{""id"": ""0070cd3b-1dd7-48ee-9f29-b97266bf5afb"", ""value"": ""preferred terms"", ""language_id"": ""en"", ""list_item_id"": ""5f400d39-3b6b-4b8a-939b-4e49787c7444"", ""valuetype_id"": ""prefLabel""}], ""list_id"": ""80028d07-9c98-48cf-84db-f77bc01c8bbc""}]","[{""uri"": ""http://localhost:8000/plugins/controlled-list-manager/item/38729dbe-6d1c-48ce-bf47-e2a18945600e"", ""labels"": [{""id"": ""08a9b0bd-4713-4ea6-a829-66a64240e254"", ""value"": ""English (language)"", ""language_id"": ""en"", ""list_item_id"": ""38729dbe-6d1c-48ce-bf47-e2a18945600e"", ""valuetype_id"": ""prefLabel""}], ""list_id"": ""f7fc4f6d-fd46-4881-846f-4a08bc1a3fef""}]",3695cff8-d770-11ef-8f5d-0275dc2ded29
5d329bdb-508f-4bfa-ad03-84798600497d,36956e50-d770-11ef-8f5d-0275dc2ded29,166c7b56-b36e-4cfa-9dc0-7d232f147d69,1,e78f9b74-3001-4f80-b1fb-dfbecd615452,"{""en"": {""value"": ""Conservation Support Systems"", ""direction"": ""ltr""}}","[{""uri"": ""http://localhost:8000/plugins/controlled-list-manager/item/5f400d39-3b6b-4b8a-939b-4e49787c7444"", ""labels"": [{""id"": ""0070cd3b-1dd7-48ee-9f29-b97266bf5afb"", ""value"": ""preferred terms"", ""language_id"": ""en"", ""list_item_id"": ""5f400d39-3b6b-4b8a-939b-4e49787c7444"", ""valuetype_id"": ""prefLabel""}], ""list_id"": ""80028d07-9c98-48cf-84db-f77bc01c8bbc""}]","[{""uri"": ""http://localhost:8000/plugins/controlled-list-manager/item/38729dbe-6d1c-48ce-bf47-e2a18945600e"", ""labels"": [{""id"": ""08a9b0bd-4713-4ea6-a829-66a64240e254"", ""value"": ""English (language)"", ""language_id"": ""en"", ""list_item_id"": ""38729dbe-6d1c-48ce-bf47-e2a18945600e"", ""valuetype_id"": ""prefLabel""}], ""list_id"": ""f7fc4f6d-fd46-4881-846f-4a08bc1a3fef""}]",3695cff8-d770-11ef-8f5d-0275dc2ded29
618af69c-d782-42d5-a178-cb30e32bd06b,36956e50-d770-11ef-8f5d-0275dc2ded29,166c7b56-b36e-4cfa-9dc0-7d232f147d69,1,096b13da-e6d1-4a91-940c-6a243468f4ac,"{""en"": {""value"": ""Dorsett & Jackson, Inc."", ""direction"": ""ltr""}}","[{""uri"": ""http://localhost:8000/plugins/controlled-list-manager/item/5f400d39-3b6b-4b8a-939b-4e49787c7444"", ""labels"": [{""id"": ""0070cd3b-1dd7-48ee-9f29-b97266bf5afb"", ""value"": ""preferred terms"", ""language_id"": ""en"", ""list_item_id"": ""5f400d39-3b6b-4b8a-939b-4e49787c7444"", ""valuetype_id"": ""prefLabel""}], ""list_id"": ""80028d07-9c98-48cf-84db-f77bc01c8bbc""}]","[{""uri"": ""http://localhost:8000/plugins/controlled-list-manager/item/38729dbe-6d1c-48ce-bf47-e2a18945600e"", ""labels"": [{""id"": ""08a9b0bd-4713-4ea6-a829-66a64240e254"", ""value"": ""English (language)"", ""language_id"": ""en"", ""list_item_id"": ""38729dbe-6d1c-48ce-bf47-e2a18945600e"", ""valuetype_id"": ""prefLabel""}], ""list_id"": ""f7fc4f6d-fd46-4881-846f-4a08bc1a3fef""}]",3695cff8-d770-11ef-8f5d-0275dc2ded29
5b9e3ef4-558d-4d2d-95a8-23d80268421b,36956e50-d770-11ef-8f5d-0275dc2ded29,166c7b56-b36e-4cfa-9dc0-7d232f147d69,1,baf96441-617e-4121-b034-77db154b4c2e,"{""en"": {""value"": ""Andrei Andreev"", ""direction"": ""ltr""}}","[{""uri"": ""http://localhost:8000/plugins/controlled-list-manager/item/5f400d39-3b6b-4b8a-939b-4e49787c7444"", ""labels"": [{""id"": ""0070cd3b-1dd7-48ee-9f29-b97266bf5afb"", ""value"": ""preferred terms"", ""language_id"": ""en"", ""list_item_id"": ""5f400d39-3b6b-4b8a-939b-4e49787c7444"", ""valuetype_id"": ""prefLabel""}], ""list_id"": ""80028d07-9c98-48cf-84db-f77bc01c8bbc""}]","[{""uri"": ""http://localhost:8000/plugins/controlled-list-manager/item/38729dbe-6d1c-48ce-bf47-e2a18945600e"", ""labels"": [{""id"": ""08a9b0bd-4713-4ea6-a829-66a64240e254"", ""value"": ""English (language)"", ""language_id"": ""en"", ""list_item_id"": ""38729dbe-6d1c-48ce-bf47-e2a18945600e"", ""valuetype_id"": ""prefLabel""}], ""list_id"": ""f7fc4f6d-fd46-4881-846f-4a08bc1a3fef""}]",3695cff8-d770-11ef-8f5d-0275dc2ded29
9ae773c1-e006-4b57-be82-454f6f8835bc,36956e50-d770-11ef-8f5d-0275dc2ded29,166c7b56-b36e-4cfa-9dc0-7d232f147d69,1,44b493db-3303-431b-af8f-0614af8210dd,"{""en"": {""value"": ""J. P. Stephenson"", ""direction"": ""ltr""}}","[{""uri"": ""http://localhost:8000/plugins/controlled-list-manager/item/5f400d39-3b6b-4b8a-939b-4e49787c7444"", ""labels"": [{""id"": ""0070cd3b-1dd7-48ee-9f29-b97266bf5afb"", ""value"": ""preferred terms"", ""language_id"": ""en"", ""list_item_id"": ""5f400d39-3b6b-4b8a-939b-4e49787c7444"", ""valuetype_id"": ""prefLabel""}], ""list_id"": ""80028d07-9c98-48cf-84db-f77bc01c8bbc""}]","[{""uri"": ""http://localhost:8000/plugins/controlled-list-manager/item/38729dbe-6d1c-48ce-bf47-e2a18945600e"", ""labels"": [{""id"": ""08a9b0bd-4713-4ea6-a829-66a64240e254"", ""value"": ""English (language)"", ""language_id"": ""en"", ""list_item_id"": ""38729dbe-6d1c-48ce-bf47-e2a18945600e"", ""valuetype_id"": ""prefLabel""}], ""list_id"": ""f7fc4f6d-fd46-4881-846f-4a08bc1a3fef""}]",3695cff8-d770-11ef-8f5d-0275dc2ded29
7b5144ec-e110-480d-8b6c-42505fd835f8,36956e50-d770-11ef-8f5d-0275dc2ded29,166c7b56-b36e-4cfa-9dc0-7d232f147d69,1,340370c4-4281-4135-b5da-22e61e761c42,"{""en"": {""value"": ""Fuji Photo Film Co."", ""direction"": ""ltr""}}","[{""uri"": ""http://localhost:8000/plugins/controlled-list-manager/item/5f400d39-3b6b-4b8a-939b-4e49787c7444"", ""labels"": [{""id"": ""0070cd3b-1dd7-48ee-9f29-b97266bf5afb"", ""value"": ""preferred terms"", ""language_id"": ""en"", ""list_item_id"": ""5f400d39-3b6b-4b8a-939b-4e49787c7444"", ""valuetype_id"": ""prefLabel""}], ""list_id"": ""80028d07-9c98-48cf-84db-f77bc01c8bbc""}]","[{""uri"": ""http://localhost:8000/plugins/controlled-list-manager/item/38729dbe-6d1c-48ce-bf47-e2a18945600e"", ""labels"": [{""id"": ""08a9b0bd-4713-4ea6-a829-66a64240e254"", ""value"": ""English (language)"", ""language_id"": ""en"", ""list_item_id"": ""38729dbe-6d1c-48ce-bf47-e2a18945600e"", ""valuetype_id"": ""prefLabel""}], ""list_id"": ""f7fc4f6d-fd46-4881-846f-4a08bc1a3fef""}]",3695cff8-d770-11ef-8f5d-0275dc2ded29
bfc56433-1710-4dc1-9ea0-bd5a34966929,36956e50-d770-11ef-8f5d-0275dc2ded29,166c7b56-b36e-4cfa-9dc0-7d232f147d69,1,ca336dca-182e-4ea1-a645-2ee76ac91b57,"{""en"": {""value"": ""Fotospeed"", ""direction"": ""ltr""}}","[{""uri"": ""http://localhost:8000/plugins/controlled-list-manager/item/5f400d39-3b6b-4b8a-939b-4e49787c7444"", ""labels"": [{""id"": ""0070cd3b-1dd7-48ee-9f29-b97266bf5afb"", ""value"": ""preferred terms"", ""language_id"": ""en"", ""list_item_id"": ""5f400d39-3b6b-4b8a-939b-4e49787c7444"", ""valuetype_id"": ""prefLabel""}], ""list_id"": ""80028d07-9c98-48cf-84db-f77bc01c8bbc""}]","[{""uri"": ""http://localhost:8000/plugins/controlled-list-manager/item/38729dbe-6d1c-48ce-bf47-e2a18945600e"", ""labels"": [{""id"": ""08a9b0bd-4713-4ea6-a829-66a64240e254"", ""value"": ""English (language)"", ""language_id"": ""en"", ""list_item_id"": ""38729dbe-6d1c-48ce-bf47-e2a18945600e"", ""valuetype_id"": ""prefLabel""}], ""list_id"": ""f7fc4f6d-fd46-4881-846f-4a08bc1a3fef""}]",3695cff8-d770-11ef-8f5d-0275dc2ded29
617c9287-e550-43e8-be69-ba22933f9198,36956e50-d770-11ef-8f5d-0275dc2ded29,166c7b56-b36e-4cfa-9dc0-7d232f147d69,1,5f569f61-a404-4007-8845-3e3ccf7365a5,"{""en"": {""value"": ""Ram Chemicals"", ""direction"": ""ltr""}}","[{""uri"": ""http://localhost:8000/plugins/controlled-list-manager/item/5f400d39-3b6b-4b8a-939b-4e49787c7444"", ""labels"": [{""id"": ""0070cd3b-1dd7-48ee-9f29-b97266bf5afb"", ""value"": ""preferred terms"", ""language_id"": ""en"", ""list_item_id"": ""5f400d39-3b6b-4b8a-939b-4e49787c7444"", ""valuetype_id"": ""prefLabel""}], ""list_id"": ""80028d07-9c98-48cf-84db-f77bc01c8bbc""}]","[{""uri"": ""http://localhost:8000/plugins/controlled-list-manager/item/38729dbe-6d1c-48ce-bf47-e2a18945600e"", ""labels"": [{""id"": ""08a9b0bd-4713-4ea6-a829-66a64240e254"", ""value"": ""English (language)"", ""language_id"": ""en"", ""list_item_id"": ""38729dbe-6d1c-48ce-bf47-e2a18945600e"", ""valuetype_id"": ""prefLabel""}], ""list_id"": ""f7fc4f6d-fd46-4881-846f-4a08bc1a3fef""}]",3695cff8-d770-11ef-8f5d-0275dc2ded29
f4211d92-b0fb-42f0-abef-bf58e92de956,36956e50-d770-11ef-8f5d-0275dc2ded29,166c7b56-b36e-4cfa-9dc0-7d232f147d69,1,53a67d1b-106d-4b19-b8d5-89c6441fcaad,"{""en"": {""value"": ""Air Products and Chemicals"", ""direction"": ""ltr""}}","[{""uri"": ""http://localhost:8000/plugins/controlled-list-manager/item/5f400d39-3b6b-4b8a-939b-4e49787c7444"", ""labels"": [{""id"": ""0070cd3b-1dd7-48ee-9f29-b97266bf5afb"", ""value"": ""preferred terms"", ""language_id"": ""en"", ""list_item_id"": ""5f400d39-3b6b-4b8a-939b-4e49787c7444"", ""valuetype_id"": ""prefLabel""}], ""list_id"": ""80028d07-9c98-48cf-84db-f77bc01c8bbc""}]","[{""uri"": ""http://localhost:8000/plugins/controlled-list-manager/item/38729dbe-6d1c-48ce-bf47-e2a18945600e"", ""labels"": [{""id"": ""08a9b0bd-4713-4ea6-a829-66a64240e254"", ""value"": ""English (language)"", ""language_id"": ""en"", ""list_item_id"": ""38729dbe-6d1c-48ce-bf47-e2a18945600e"", ""valuetype_id"": ""prefLabel""}], ""list_id"": ""f7fc4f6d-fd46-4881-846f-4a08bc1a3fef""}]",3695cff8-d770-11ef-8f5d-0275dc2ded29
d19561f8-73bb-4237-8233-72d8128e3522,36956e50-d770-11ef-8f5d-0275dc2ded29,166c7b56-b36e-4cfa-9dc0-7d232f147d69,1,ed2d1b3c-b9a1-4d80-ac18-10d38a03defa,"{""en"": {""value"": ""Goldschmidt Chemical Corp."", ""direction"": ""ltr""}}","[{""uri"": ""http://localhost:8000/plugins/controlled-list-manager/item/5f400d39-3b6b-4b8a-939b-4e49787c7444"", ""labels"": [{""id"": ""0070cd3b-1dd7-48ee-9f29-b97266bf5afb"", ""value"": ""preferred terms"", ""language_id"": ""en"", ""list_item_id"": ""5f400d39-3b6b-4b8a-939b-4e49787c7444"", ""valuetype_id"": ""prefLabel""}], ""list_id"": ""80028d07-9c98-48cf-84db-f77bc01c8bbc""}]","[{""uri"": ""http://localhost:8000/plugins/controlled-list-manager/item/38729dbe-6d1c-48ce-bf47-e2a18945600e"", ""labels"": [{""id"": ""08a9b0bd-4713-4ea6-a829-66a64240e254"", ""value"": ""English (language)"", ""language_id"": ""en"", ""list_item_id"": ""38729dbe-6d1c-48ce-bf47-e2a18945600e"", ""valuetype_id"": ""prefLabel""}], ""list_id"": ""f7fc4f6d-fd46-4881-846f-4a08bc1a3fef""}]",3695cff8-d770-11ef-8f5d-0275dc2ded29
32aa6ae2-89e2-456b-b72f-f421dd3cb52b,36956e50-d770-11ef-8f5d-0275dc2ded29,166c7b56-b36e-4cfa-9dc0-7d232f147d69,1,f8a964f1-1970-44f1-a8a9-9fea9097390a,"{""en"": {""value"": ""Pianamiele"", ""direction"": ""ltr""}}","[{""uri"": ""http://localhost:8000/plugins/controlled-list-manager/item/5f400d39-3b6b-4b8a-939b-4e49787c7444"", ""labels"": [{""id"": ""0070cd3b-1dd7-48ee-9f29-b97266bf5afb"", ""value"": ""preferred terms"", ""language_id"": ""en"", ""list_item_id"": ""5f400d39-3b6b-4b8a-939b-4e49787c7444"", ""valuetype_id"": ""prefLabel""}], ""list_id"": ""80028d07-9c98-48cf-84db-f77bc01c8bbc""}]","[{""uri"": ""http://localhost:8000/plugins/controlled-list-manager/item/38729dbe-6d1c-48ce-bf47-e2a18945600e"", ""labels"": [{""id"": ""08a9b0bd-4713-4ea6-a829-66a64240e254"", ""value"": ""English (language)"", ""language_id"": ""en"", ""list_item_id"": ""38729dbe-6d1c-48ce-bf47-e2a18945600e"", ""valuetype_id"": ""prefLabel""}], ""list_id"": ""f7fc4f6d-fd46-4881-846f-4a08bc1a3fef""}]",3695cff8-d770-11ef-8f5d-0275dc2ded29
254340cd-da97-45ce-8d91-4f4bf3e04964,36956e50-d770-11ef-8f5d-0275dc2ded29,166c7b56-b36e-4cfa-9dc0-7d232f147d69,1,046c8a9d-2fab-4d53-a012-588c8cf55c94,"{""en"": {""value"": ""Lansco"", ""direction"": ""ltr""}}","[{""uri"": ""http://localhost:8000/plugins/controlled-list-manager/item/5f400d39-3b6b-4b8a-939b-4e49787c7444"", ""labels"": [{""id"": ""0070cd3b-1dd7-48ee-9f29-b97266bf5afb"", ""value"": ""preferred terms"", ""language_id"": ""en"", ""list_item_id"": ""5f400d39-3b6b-4b8a-939b-4e49787c7444"", ""valuetype_id"": ""prefLabel""}], ""list_id"": ""80028d07-9c98-48cf-84db-f77bc01c8bbc""}]","[{""uri"": ""http://localhost:8000/plugins/controlled-list-manager/item/38729dbe-6d1c-48ce-bf47-e2a18945600e"", ""labels"": [{""id"": ""08a9b0bd-4713-4ea6-a829-66a64240e254"", ""value"": ""English (language)"", ""language_id"": ""en"", ""list_item_id"": ""38729dbe-6d1c-48ce-bf47-e2a18945600e"", ""valuetype_id"": ""prefLabel""}], ""list_id"": ""f7fc4f6d-fd46-4881-846f-4a08bc1a3fef""}]",3695cff8-d770-11ef-8f5d-0275dc2ded29
e196fbdf-74e5-4791-b8d6-901236a6aab0,36956e50-d770-11ef-8f5d-0275dc2ded29,166c7b56-b36e-4cfa-9dc0-7d232f147d69,1,b40fb86f-e57a-47c9-a241-56712d2c3bc7,"{""en"": {""value"": ""L.A. Art Supply"", ""direction"": ""ltr""}}","[{""uri"": ""http://localhost:8000/plugins/controlled-list-manager/item/5f400d39-3b6b-4b8a-939b-4e49787c7444"", ""labels"": [{""id"": ""0070cd3b-1dd7-48ee-9f29-b97266bf5afb"", ""value"": ""preferred terms"", ""language_id"": ""en"", ""list_item_id"": ""5f400d39-3b6b-4b8a-939b-4e49787c7444"", ""valuetype_id"": ""prefLabel""}], ""list_id"": ""80028d07-9c98-48cf-84db-f77bc01c8bbc""}]","[{""uri"": ""http://localhost:8000/plugins/controlled-list-manager/item/38729dbe-6d1c-48ce-bf47-e2a18945600e"", ""labels"": [{""id"": ""08a9b0bd-4713-4ea6-a829-66a64240e254"", ""value"": ""English (language)"", ""language_id"": ""en"", ""list_item_id"": ""38729dbe-6d1c-48ce-bf47-e2a18945600e"", ""valuetype_id"": ""prefLabel""}], ""list_id"": ""f7fc4f6d-fd46-4881-846f-4a08bc1a3fef""}]",3695cff8-d770-11ef-8f5d-0275dc2ded29
a3e37be8-d9f7-46f9-a0ed-5dcaf28cb0c5,36956e50-d770-11ef-8f5d-0275dc2ded29,166c7b56-b36e-4cfa-9dc0-7d232f147d69,1,de564a9c-4098-4e02-a6a6-cc7b3a93e5dc,"{""en"": {""value"": ""Natural Food Store"", ""direction"": ""ltr""}}","[{""uri"": ""http://localhost:8000/plugins/controlled-list-manager/item/5f400d39-3b6b-4b8a-939b-4e49787c7444"", ""labels"": [{""id"": ""0070cd3b-1dd7-48ee-9f29-b97266bf5afb"", ""value"": ""preferred terms"", ""language_id"": ""en"", ""list_item_id"": ""5f400d39-3b6b-4b8a-939b-4e49787c7444"", ""valuetype_id"": ""prefLabel""}], ""list_id"": ""80028d07-9c98-48cf-84db-f77bc01c8bbc""}]","[{""uri"": ""http://localhost:8000/plugins/controlled-list-manager/item/38729dbe-6d1c-48ce-bf47-e2a18945600e"", ""labels"": [{""id"": ""08a9b0bd-4713-4ea6-a829-66a64240e254"", ""value"": ""English (language)"", ""language_id"": ""en"", ""list_item_id"": ""38729dbe-6d1c-48ce-bf47-e2a18945600e"", ""valuetype_id"": ""prefLabel""}], ""list_id"": ""f7fc4f6d-fd46-4881-846f-4a08bc1a3fef""}]",3695cff8-d770-11ef-8f5d-0275dc2ded29
f949f73f-0d32-4161-a777-85bf2c5a7e52,36956e50-d770-11ef-8f5d-0275dc2ded29,166c7b56-b36e-4cfa-9dc0-7d232f147d69,1,60a5f65e-380b-4283-9a77-fe1f75274093,"{""en"": {""value"": ""Porter Chemical Co."", ""direction"": ""ltr""}}","[{""uri"": ""http://localhost:8000/plugins/controlled-list-manager/item/5f400d39-3b6b-4b8a-939b-4e49787c7444"", ""labels"": [{""id"": ""0070cd3b-1dd7-48ee-9f29-b97266bf5afb"", ""value"": ""preferred terms"", ""language_id"": ""en"", ""list_item_id"": ""5f400d39-3b6b-4b8a-939b-4e49787c7444"", ""valuetype_id"": ""prefLabel""}], ""list_id"": ""80028d07-9c98-48cf-84db-f77bc01c8bbc""}]","[{""uri"": ""http://localhost:8000/plugins/controlled-list-manager/item/38729dbe-6d1c-48ce-bf47-e2a18945600e"", ""labels"": [{""id"": ""08a9b0bd-4713-4ea6-a829-66a64240e254"", ""value"": ""English (language)"", ""language_id"": ""en"", ""list_item_id"": ""38729dbe-6d1c-48ce-bf47-e2a18945600e"", ""valuetype_id"": ""prefLabel""}], ""list_id"": ""f7fc4f6d-fd46-4881-846f-4a08bc1a3fef""}]",3695cff8-d770-11ef-8f5d-0275dc2ded29
cf8e4ebd-b64b-4143-a7b4-41d1fe5cf235,36956e50-d770-11ef-8f5d-0275dc2ded29,166c7b56-b36e-4cfa-9dc0-7d232f147d69,1,2d2ef047-86a9-4644-a3a6-038b04746a24,"{""en"": {""value"": ""H. Kuhn"", ""direction"": ""ltr""}}","[{""uri"": ""http://localhost:8000/plugins/controlled-list-manager/item/5f400d39-3b6b-4b8a-939b-4e49787c7444"", ""labels"": [{""id"": ""0070cd3b-1dd7-48ee-9f29-b97266bf5afb"", ""value"": ""preferred terms"", ""language_id"": ""en"", ""list_item_id"": ""5f400d39-3b6b-4b8a-939b-4e49787c7444"", ""valuetype_id"": ""prefLabel""}], ""list_id"": ""80028d07-9c98-48cf-84db-f77bc01c8bbc""}]","[{""uri"": ""http://localhost:8000/plugins/controlled-list-manager/item/38729dbe-6d1c-48ce-bf47-e2a18945600e"", ""labels"": [{""id"": ""08a9b0bd-4713-4ea6-a829-66a64240e254"", ""value"": ""English (language)"", ""language_id"": ""en"", ""list_item_id"": ""38729dbe-6d1c-48ce-bf47-e2a18945600e"", ""valuetype_id"": ""prefLabel""}], ""list_id"": ""f7fc4f6d-fd46-4881-846f-4a08bc1a3fef""}]",3695cff8-d770-11ef-8f5d-0275dc2ded29
c391037b-2735-40fd-95ee-a10cfcc3b244,36956e50-d770-11ef-8f5d-0275dc2ded29,166c7b56-b36e-4cfa-9dc0-7d232f147d69,1,086f7b76-9247-48ee-847b-c78bc7c3ed4a,"{""en"": {""value"": ""Tizian Color Company"", ""direction"": ""ltr""}}","[{""uri"": ""http://localhost:8000/plugins/controlled-list-manager/item/5f400d39-3b6b-4b8a-939b-4e49787c7444"", ""labels"": [{""id"": ""0070cd3b-1dd7-48ee-9f29-b97266bf5afb"", ""value"": ""preferred terms"", ""language_id"": ""en"", ""list_item_id"": ""5f400d39-3b6b-4b8a-939b-4e49787c7444"", ""valuetype_id"": ""prefLabel""}], ""list_id"": ""80028d07-9c98-48cf-84db-f77bc01c8bbc""}]","[{""uri"": ""http://localhost:8000/plugins/controlled-list-manager/item/38729dbe-6d1c-48ce-bf47-e2a18945600e"", ""labels"": [{""id"": ""08a9b0bd-4713-4ea6-a829-66a64240e254"", ""value"": ""English (language)"", ""language_id"": ""en"", ""list_item_id"": ""38729dbe-6d1c-48ce-bf47-e2a18945600e"", ""valuetype_id"": ""prefLabel""}], ""list_id"": ""f7fc4f6d-fd46-4881-846f-4a08bc1a3fef""}]",3695cff8-d770-11ef-8f5d-0275dc2ded29
2106478b-cdf7-4218-990f-a0362def4852,36956e50-d770-11ef-8f5d-0275dc2ded29,166c7b56-b36e-4cfa-9dc0-7d232f147d69,1,0da7f09d-82ce-4f86-919f-a51e3f65c9cc,"{""en"": {""value"": ""Gambier Parry"", ""direction"": ""ltr""}}","[{""uri"": ""http://localhost:8000/plugins/controlled-list-manager/item/5f400d39-3b6b-4b8a-939b-4e49787c7444"", ""labels"": [{""id"": ""0070cd3b-1dd7-48ee-9f29-b97266bf5afb"", ""value"": ""preferred terms"", ""language_id"": ""en"", ""list_item_id"": ""5f400d39-3b6b-4b8a-939b-4e49787c7444"", ""valuetype_id"": ""prefLabel""}], ""list_id"": ""80028d07-9c98-48cf-84db-f77bc01c8bbc""}]","[{""uri"": ""http://localhost:8000/plugins/controlled-list-manager/item/38729dbe-6d1c-48ce-bf47-e2a18945600e"", ""labels"": [{""id"": ""08a9b0bd-4713-4ea6-a829-66a64240e254"", ""value"": ""English (language)"", ""language_id"": ""en"", ""list_item_id"": ""38729dbe-6d1c-48ce-bf47-e2a18945600e"", ""valuetype_id"": ""prefLabel""}], ""list_id"": ""f7fc4f6d-fd46-4881-846f-4a08bc1a3fef""}]",3695cff8-d770-11ef-8f5d-0275dc2ded29
082ec021-a215-4f30-ab19-328430960825,36956e50-d770-11ef-8f5d-0275dc2ded29,166c7b56-b36e-4cfa-9dc0-7d232f147d69,1,2358695f-c791-4052-b8b1-0c4854f32c89,"{""en"": {""value"": ""Dainippon"", ""direction"": ""ltr""}}","[{""uri"": ""http://localhost:8000/plugins/controlled-list-manager/item/5f400d39-3b6b-4b8a-939b-4e49787c7444"", ""labels"": [{""id"": ""0070cd3b-1dd7-48ee-9f29-b97266bf5afb"", ""value"": ""preferred terms"", ""language_id"": ""en"", ""list_item_id"": ""5f400d39-3b6b-4b8a-939b-4e49787c7444"", ""valuetype_id"": ""prefLabel""}], ""list_id"": ""80028d07-9c98-48cf-84db-f77bc01c8bbc""}]","[{""uri"": ""http://localhost:8000/plugins/controlled-list-manager/item/38729dbe-6d1c-48ce-bf47-e2a18945600e"", ""labels"": [{""id"": ""08a9b0bd-4713-4ea6-a829-66a64240e254"", ""value"": ""English (language)"", ""language_id"": ""en"", ""list_item_id"": ""38729dbe-6d1c-48ce-bf47-e2a18945600e"", ""valuetype_id"": ""prefLabel""}], ""list_id"": ""f7fc4f6d-fd46-4881-846f-4a08bc1a3fef""}]",3695cff8-d770-11ef-8f5d-0275dc2ded29
4d588d1d-82d3-4762-b660-c411c2f77865,36956e50-d770-11ef-8f5d-0275dc2ded29,166c7b56-b36e-4cfa-9dc0-7d232f147d69,1,3cdf35ea-faf9-43a9-ba42-13dcb4e849e2,"{""en"": {""value"": ""Lechertier Barbe, Ltd."", ""direction"": ""ltr""}}","[{""uri"": ""http://localhost:8000/plugins/controlled-list-manager/item/5f400d39-3b6b-4b8a-939b-4e49787c7444"", ""labels"": [{""id"": ""0070cd3b-1dd7-48ee-9f29-b97266bf5afb"", ""value"": ""preferred terms"", ""language_id"": ""en"", ""list_item_id"": ""5f400d39-3b6b-4b8a-939b-4e49787c7444"", ""valuetype_id"": ""prefLabel""}], ""list_id"": ""80028d07-9c98-48cf-84db-f77bc01c8bbc""}]","[{""uri"": ""http://localhost:8000/plugins/controlled-list-manager/item/38729dbe-6d1c-48ce-bf47-e2a18945600e"", ""labels"": [{""id"": ""08a9b0bd-4713-4ea6-a829-66a64240e254"", ""value"": ""English (language)"", ""language_id"": ""en"", ""list_item_id"": ""38729dbe-6d1c-48ce-bf47-e2a18945600e"", ""valuetype_id"": ""prefLabel""}], ""list_id"": ""f7fc4f6d-fd46-4881-846f-4a08bc1a3fef""}]",3695cff8-d770-11ef-8f5d-0275dc2ded29
25c8281d-31b6-4dde-9a07-399a39c21440,36956e50-d770-11ef-8f5d-0275dc2ded29,166c7b56-b36e-4cfa-9dc0-7d232f147d69,1,ee8fc3ab-b2b3-43dc-a068-a83c43c13a41,"{""en"": {""value"": ""Gem-O'-Lite Plastics Corp."", ""direction"": ""ltr""}}","[{""uri"": ""http://localhost:8000/plugins/controlled-list-manager/item/5f400d39-3b6b-4b8a-939b-4e49787c7444"", ""labels"": [{""id"": ""0070cd3b-1dd7-48ee-9f29-b97266bf5afb"", ""value"": ""preferred terms"", ""language_id"": ""en"", ""list_item_id"": ""5f400d39-3b6b-4b8a-939b-4e49787c7444"", ""valuetype_id"": ""prefLabel""}], ""list_id"": ""80028d07-9c98-48cf-84db-f77bc01c8bbc""}]","[{""uri"": ""http://localhost:8000/plugins/controlled-list-manager/item/38729dbe-6d1c-48ce-bf47-e2a18945600e"", ""labels"": [{""id"": ""08a9b0bd-4713-4ea6-a829-66a64240e254"", ""value"": ""English (language)"", ""language_id"": ""en"", ""list_item_id"": ""38729dbe-6d1c-48ce-bf47-e2a18945600e"", ""valuetype_id"": ""prefLabel""}], ""list_id"": ""f7fc4f6d-fd46-4881-846f-4a08bc1a3fef""}]",3695cff8-d770-11ef-8f5d-0275dc2ded29
c1201d6b-efe6-429f-a081-678b598a322e,36956e50-d770-11ef-8f5d-0275dc2ded29,166c7b56-b36e-4cfa-9dc0-7d232f147d69,1,09b75989-69df-4ae1-8ae0-c0cc9b93210b,"{""en"": {""value"": ""Ashé Artists Materials"", ""direction"": ""ltr""}}","[{""uri"": ""http://localhost:8000/plugins/controlled-list-manager/item/5f400d39-3b6b-4b8a-939b-4e49787c7444"", ""labels"": [{""id"": ""0070cd3b-1dd7-48ee-9f29-b97266bf5afb"", ""value"": ""preferred terms"", ""language_id"": ""en"", ""list_item_id"": ""5f400d39-3b6b-4b8a-939b-4e49787c7444"", ""valuetype_id"": ""prefLabel""}], ""list_id"": ""80028d07-9c98-48cf-84db-f77bc01c8bbc""}]","[{""uri"": ""http://localhost:8000/plugins/controlled-list-manager/item/38729dbe-6d1c-48ce-bf47-e2a18945600e"", ""labels"": [{""id"": ""08a9b0bd-4713-4ea6-a829-66a64240e254"", ""value"": ""English (language)"", ""language_id"": ""en"", ""list_item_id"": ""38729dbe-6d1c-48ce-bf47-e2a18945600e"", ""valuetype_id"": ""prefLabel""}], ""list_id"": ""f7fc4f6d-fd46-4881-846f-4a08bc1a3fef""}]",3695cff8-d770-11ef-8f5d-0275dc2ded29
8ed4632e-2fb2-4ae6-8601-49af97c0c089,36956e50-d770-11ef-8f5d-0275dc2ded29,166c7b56-b36e-4cfa-9dc0-7d232f147d69,1,eba9fe7f-b6a3-4c1c-ad97-57f3a1f10f59,"{""en"": {""value"": ""R&F Handmade Paints"", ""direction"": ""ltr""}}","[{""uri"": ""http://localhost:8000/plugins/controlled-list-manager/item/5f400d39-3b6b-4b8a-939b-4e49787c7444"", ""labels"": [{""id"": ""0070cd3b-1dd7-48ee-9f29-b97266bf5afb"", ""value"": ""preferred terms"", ""language_id"": ""en"", ""list_item_id"": ""5f400d39-3b6b-4b8a-939b-4e49787c7444"", ""valuetype_id"": ""prefLabel""}], ""list_id"": ""80028d07-9c98-48cf-84db-f77bc01c8bbc""}]","[{""uri"": ""http://localhost:8000/plugins/controlled-list-manager/item/38729dbe-6d1c-48ce-bf47-e2a18945600e"", ""labels"": [{""id"": ""08a9b0bd-4713-4ea6-a829-66a64240e254"", ""value"": ""English (language)"", ""language_id"": ""en"", ""list_item_id"": ""38729dbe-6d1c-48ce-bf47-e2a18945600e"", ""valuetype_id"": ""prefLabel""}], ""list_id"": ""f7fc4f6d-fd46-4881-846f-4a08bc1a3fef""}]",3695cff8-d770-11ef-8f5d-0275dc2ded29
c9e33d7e-24ea-4f73-9510-eab44b5365ab,36956e50-d770-11ef-8f5d-0275dc2ded29,166c7b56-b36e-4cfa-9dc0-7d232f147d69,1,80682c3c-3a46-4353-a25f-e471f14925ef,"{""en"": {""value"": ""S.E. Rykoff & Company"", ""direction"": ""ltr""}}","[{""uri"": ""http://localhost:8000/plugins/controlled-list-manager/item/5f400d39-3b6b-4b8a-939b-4e49787c7444"", ""labels"": [{""id"": ""0070cd3b-1dd7-48ee-9f29-b97266bf5afb"", ""value"": ""preferred terms"", ""language_id"": ""en"", ""list_item_id"": ""5f400d39-3b6b-4b8a-939b-4e49787c7444"", ""valuetype_id"": ""prefLabel""}], ""list_id"": ""80028d07-9c98-48cf-84db-f77bc01c8bbc""}]","[{""uri"": ""http://localhost:8000/plugins/controlled-list-manager/item/38729dbe-6d1c-48ce-bf47-e2a18945600e"", ""labels"": [{""id"": ""08a9b0bd-4713-4ea6-a829-66a64240e254"", ""value"": ""English (language)"", ""language_id"": ""en"", ""list_item_id"": ""38729dbe-6d1c-48ce-bf47-e2a18945600e"", ""valuetype_id"": ""prefLabel""}], ""list_id"": ""f7fc4f6d-fd46-4881-846f-4a08bc1a3fef""}]",3695cff8-d770-11ef-8f5d-0275dc2ded29
ed370497-694e-41f6-bc05-7ad88cccd319,36956e50-d770-11ef-8f5d-0275dc2ded29,166c7b56-b36e-4cfa-9dc0-7d232f147d69,1,d6dccc76-3f6a-492e-9bc8-6562a406de91,"{""en"": {""value"": ""Prolene by pro arte"", ""direction"": ""ltr""}}","[{""uri"": ""http://localhost:8000/plugins/controlled-list-manager/item/5f400d39-3b6b-4b8a-939b-4e49787c7444"", ""labels"": [{""id"": ""0070cd3b-1dd7-48ee-9f29-b97266bf5afb"", ""value"": ""preferred terms"", ""language_id"": ""en"", ""list_item_id"": ""5f400d39-3b6b-4b8a-939b-4e49787c7444"", ""valuetype_id"": ""prefLabel""}], ""list_id"": ""80028d07-9c98-48cf-84db-f77bc01c8bbc""}]","[{""uri"": ""http://localhost:8000/plugins/controlled-list-manager/item/38729dbe-6d1c-48ce-bf47-e2a18945600e"", ""labels"": [{""id"": ""08a9b0bd-4713-4ea6-a829-66a64240e254"", ""value"": ""English (language)"", ""language_id"": ""en"", ""list_item_id"": ""38729dbe-6d1c-48ce-bf47-e2a18945600e"", ""valuetype_id"": ""prefLabel""}], ""list_id"": ""f7fc4f6d-fd46-4881-846f-4a08bc1a3fef""}]",3695cff8-d770-11ef-8f5d-0275dc2ded29
774d2f73-7266-4c83-842e-cfbcd26c7226,36956e50-d770-11ef-8f5d-0275dc2ded29,166c7b56-b36e-4cfa-9dc0-7d232f147d69,1,ddaaf22f-e2ad-4ced-b160-0e5daab2023d,"{""en"": {""value"": ""H. Lanke"", ""direction"": ""ltr""}}","[{""uri"": ""http://localhost:8000/plugins/controlled-list-manager/item/5f400d39-3b6b-4b8a-939b-4e49787c7444"", ""labels"": [{""id"": ""0070cd3b-1dd7-48ee-9f29-b97266bf5afb"", ""value"": ""preferred terms"", ""language_id"": ""en"", ""list_item_id"": ""5f400d39-3b6b-4b8a-939b-4e49787c7444"", ""valuetype_id"": ""prefLabel""}], ""list_id"": ""80028d07-9c98-48cf-84db-f77bc01c8bbc""}]","[{""uri"": ""http://localhost:8000/plugins/controlled-list-manager/item/38729dbe-6d1c-48ce-bf47-e2a18945600e"", ""labels"": [{""id"": ""08a9b0bd-4713-4ea6-a829-66a64240e254"", ""value"": ""English (language)"", ""language_id"": ""en"", ""list_item_id"": ""38729dbe-6d1c-48ce-bf47-e2a18945600e"", ""valuetype_id"": ""prefLabel""}], ""list_id"": ""f7fc4f6d-fd46-4881-846f-4a08bc1a3fef""}]",3695cff8-d770-11ef-8f5d-0275dc2ded29
f11bb87a-b8c6-40a4-b528-cba161eada9c,36956e50-d770-11ef-8f5d-0275dc2ded29,166c7b56-b36e-4cfa-9dc0-7d232f147d69,1,f837065f-4c27-4b23-8b80-414ae8bf4b40,"{""en"": {""value"": ""Dominion (Canada)"", ""direction"": ""ltr""}}","[{""uri"": ""http://localhost:8000/plugins/controlled-list-manager/item/5f400d39-3b6b-4b8a-939b-4e49787c7444"", ""labels"": [{""id"": ""0070cd3b-1dd7-48ee-9f29-b97266bf5afb"", ""value"": ""preferred terms"", ""language_id"": ""en"", ""list_item_id"": ""5f400d39-3b6b-4b8a-939b-4e49787c7444"", ""valuetype_id"": ""prefLabel""}], ""list_id"": ""80028d07-9c98-48cf-84db-f77bc01c8bbc""}]","[{""uri"": ""http://localhost:8000/plugins/controlled-list-manager/item/38729dbe-6d1c-48ce-bf47-e2a18945600e"", ""labels"": [{""id"": ""08a9b0bd-4713-4ea6-a829-66a64240e254"", ""value"": ""English (language)"", ""language_id"": ""en"", ""list_item_id"": ""38729dbe-6d1c-48ce-bf47-e2a18945600e"", ""valuetype_id"": ""prefLabel""}], ""list_id"": ""f7fc4f6d-fd46-4881-846f-4a08bc1a3fef""}]",3695cff8-d770-11ef-8f5d-0275dc2ded29
32bd8635-2328-4f70-9605-49ecab67fe3e,36956e50-d770-11ef-8f5d-0275dc2ded29,166c7b56-b36e-4cfa-9dc0-7d232f147d69,1,93ccbbfd-1a07-40a0-a4eb-b7feddfeb409,"{""en"": {""value"": ""Royal Talens"", ""direction"": ""ltr""}}","[{""uri"": ""http://localhost:8000/plugins/controlled-list-manager/item/5f400d39-3b6b-4b8a-939b-4e49787c7444"", ""labels"": [{""id"": ""0070cd3b-1dd7-48ee-9f29-b97266bf5afb"", ""value"": ""preferred terms"", ""language_id"": ""en"", ""list_item_id"": ""5f400d39-3b6b-4b8a-939b-4e49787c7444"", ""valuetype_id"": ""prefLabel""}], ""list_id"": ""80028d07-9c98-48cf-84db-f77bc01c8bbc""}]","[{""uri"": ""http://localhost:8000/plugins/controlled-list-manager/item/38729dbe-6d1c-48ce-bf47-e2a18945600e"", ""labels"": [{""id"": ""08a9b0bd-4713-4ea6-a829-66a64240e254"", ""value"": ""English (language)"", ""language_id"": ""en"", ""list_item_id"": ""38729dbe-6d1c-48ce-bf47-e2a18945600e"", ""valuetype_id"": ""prefLabel""}], ""list_id"": ""f7fc4f6d-fd46-4881-846f-4a08bc1a3fef""}]",3695cff8-d770-11ef-8f5d-0275dc2ded29
bdc5b5af-0d22-4ff1-9b8a-3f4b095d1805,36956e50-d770-11ef-8f5d-0275dc2ded29,166c7b56-b36e-4cfa-9dc0-7d232f147d69,1,81a8f4c4-9ae2-41f0-8af7-6497e415b688,"{""en"": {""value"": ""Baxters"", ""direction"": ""ltr""}}","[{""uri"": ""http://localhost:8000/plugins/controlled-list-manager/item/5f400d39-3b6b-4b8a-939b-4e49787c7444"", ""labels"": [{""id"": ""0070cd3b-1dd7-48ee-9f29-b97266bf5afb"", ""value"": ""preferred terms"", ""language_id"": ""en"", ""list_item_id"": ""5f400d39-3b6b-4b8a-939b-4e49787c7444"", ""valuetype_id"": ""prefLabel""}], ""list_id"": ""80028d07-9c98-48cf-84db-f77bc01c8bbc""}]","[{""uri"": ""http://localhost:8000/plugins/controlled-list-manager/item/38729dbe-6d1c-48ce-bf47-e2a18945600e"", ""labels"": [{""id"": ""08a9b0bd-4713-4ea6-a829-66a64240e254"", ""value"": ""English (language)"", ""language_id"": ""en"", ""list_item_id"": ""38729dbe-6d1c-48ce-bf47-e2a18945600e"", ""valuetype_id"": ""prefLabel""}], ""list_id"": ""f7fc4f6d-fd46-4881-846f-4a08bc1a3fef""}]",3695cff8-d770-11ef-8f5d-0275dc2ded29
789809b6-1e90-4d33-909e-fcbd122b4789,36956e50-d770-11ef-8f5d-0275dc2ded29,166c7b56-b36e-4cfa-9dc0-7d232f147d69,1,3da5093a-7d80-4a5e-89c5-4c5447ae54ff,"{""en"": {""value"": ""MaDaNa Manufacturing"", ""direction"": ""ltr""}}","[{""uri"": ""http://localhost:8000/plugins/controlled-list-manager/item/5f400d39-3b6b-4b8a-939b-4e49787c7444"", ""labels"": [{""id"": ""0070cd3b-1dd7-48ee-9f29-b97266bf5afb"", ""value"": ""preferred terms"", ""language_id"": ""en"", ""list_item_id"": ""5f400d39-3b6b-4b8a-939b-4e49787c7444"", ""valuetype_id"": ""prefLabel""}], ""list_id"": ""80028d07-9c98-48cf-84db-f77bc01c8bbc""}]","[{""uri"": ""http://localhost:8000/plugins/controlled-list-manager/item/38729dbe-6d1c-48ce-bf47-e2a18945600e"", ""labels"": [{""id"": ""08a9b0bd-4713-4ea6-a829-66a64240e254"", ""value"": ""English (language)"", ""language_id"": ""en"", ""list_item_id"": ""38729dbe-6d1c-48ce-bf47-e2a18945600e"", ""valuetype_id"": ""prefLabel""}], ""list_id"": ""f7fc4f6d-fd46-4881-846f-4a08bc1a3fef""}]",3695cff8-d770-11ef-8f5d-0275dc2ded29
f6f99709-059a-439e-b2fe-de6f86de8548,36956e50-d770-11ef-8f5d-0275dc2ded29,166c7b56-b36e-4cfa-9dc0-7d232f147d69,1,d8275e03-982b-4794-b39f-032875fb1009,"{""en"": {""value"": ""Reichard-Coulston"", ""direction"": ""ltr""}}","[{""uri"": ""http://localhost:8000/plugins/controlled-list-manager/item/5f400d39-3b6b-4b8a-939b-4e49787c7444"", ""labels"": [{""id"": ""0070cd3b-1dd7-48ee-9f29-b97266bf5afb"", ""value"": ""preferred terms"", ""language_id"": ""en"", ""list_item_id"": ""5f400d39-3b6b-4b8a-939b-4e49787c7444"", ""valuetype_id"": ""prefLabel""}], ""list_id"": ""80028d07-9c98-48cf-84db-f77bc01c8bbc""}]","[{""uri"": ""http://localhost:8000/plugins/controlled-list-manager/item/38729dbe-6d1c-48ce-bf47-e2a18945600e"", ""labels"": [{""id"": ""08a9b0bd-4713-4ea6-a829-66a64240e254"", ""value"": ""English (language)"", ""language_id"": ""en"", ""list_item_id"": ""38729dbe-6d1c-48ce-bf47-e2a18945600e"", ""valuetype_id"": ""prefLabel""}], ""list_id"": ""f7fc4f6d-fd46-4881-846f-4a08bc1a3fef""}]",3695cff8-d770-11ef-8f5d-0275dc2ded29
bfee67e5-0a2e-43f3-9fd5-79c61ea2007f,36956e50-d770-11ef-8f5d-0275dc2ded29,166c7b56-b36e-4cfa-9dc0-7d232f147d69,1,255cb024-980a-4f79-9762-8701002478d4,"{""en"": {""value"": ""Sudan Import & Export Co."", ""direction"": ""ltr""}}","[{""uri"": ""http://localhost:8000/plugins/controlled-list-manager/item/5f400d39-3b6b-4b8a-939b-4e49787c7444"", ""labels"": [{""id"": ""0070cd3b-1dd7-48ee-9f29-b97266bf5afb"", ""value"": ""preferred terms"", ""language_id"": ""en"", ""list_item_id"": ""5f400d39-3b6b-4b8a-939b-4e49787c7444"", ""valuetype_id"": ""prefLabel""}], ""list_id"": ""80028d07-9c98-48cf-84db-f77bc01c8bbc""}]","[{""uri"": ""http://localhost:8000/plugins/controlled-list-manager/item/38729dbe-6d1c-48ce-bf47-e2a18945600e"", ""labels"": [{""id"": ""08a9b0bd-4713-4ea6-a829-66a64240e254"", ""value"": ""English (language)"", ""language_id"": ""en"", ""list_item_id"": ""38729dbe-6d1c-48ce-bf47-e2a18945600e"", ""valuetype_id"": ""prefLabel""}], ""list_id"": ""f7fc4f6d-fd46-4881-846f-4a08bc1a3fef""}]",3695cff8-d770-11ef-8f5d-0275dc2ded29
9ea91f9d-a6f8-4956-9682-6fe8e118aa96,36956e50-d770-11ef-8f5d-0275dc2ded29,166c7b56-b36e-4cfa-9dc0-7d232f147d69,1,0b46b451-ee2b-479a-ad06-300d769990bc,"{""en"": {""value"": ""Paterson Photographic Ltd."", ""direction"": ""ltr""}}","[{""uri"": ""http://localhost:8000/plugins/controlled-list-manager/item/5f400d39-3b6b-4b8a-939b-4e49787c7444"", ""labels"": [{""id"": ""0070cd3b-1dd7-48ee-9f29-b97266bf5afb"", ""value"": ""preferred terms"", ""language_id"": ""en"", ""list_item_id"": ""5f400d39-3b6b-4b8a-939b-4e49787c7444"", ""valuetype_id"": ""prefLabel""}], ""list_id"": ""80028d07-9c98-48cf-84db-f77bc01c8bbc""}]","[{""uri"": ""http://localhost:8000/plugins/controlled-list-manager/item/38729dbe-6d1c-48ce-bf47-e2a18945600e"", ""labels"": [{""id"": ""08a9b0bd-4713-4ea6-a829-66a64240e254"", ""value"": ""English (language)"", ""language_id"": ""en"", ""list_item_id"": ""38729dbe-6d1c-48ce-bf47-e2a18945600e"", ""valuetype_id"": ""prefLabel""}], ""list_id"": ""f7fc4f6d-fd46-4881-846f-4a08bc1a3fef""}]",3695cff8-d770-11ef-8f5d-0275dc2ded29
a812e9c5-cdc5-4ee3-9ceb-c5ca8c194c3f,36956e50-d770-11ef-8f5d-0275dc2ded29,166c7b56-b36e-4cfa-9dc0-7d232f147d69,1,2761b00f-783b-415b-82a6-066e2ebd85da,"{""en"": {""value"": ""Unicolor"", ""direction"": ""ltr""}}","[{""uri"": ""http://localhost:8000/plugins/controlled-list-manager/item/5f400d39-3b6b-4b8a-939b-4e49787c7444"", ""labels"": [{""id"": ""0070cd3b-1dd7-48ee-9f29-b97266bf5afb"", ""value"": ""preferred terms"", ""language_id"": ""en"", ""list_item_id"": ""5f400d39-3b6b-4b8a-939b-4e49787c7444"", ""valuetype_id"": ""prefLabel""}], ""list_id"": ""80028d07-9c98-48cf-84db-f77bc01c8bbc""}]","[{""uri"": ""http://localhost:8000/plugins/controlled-list-manager/item/38729dbe-6d1c-48ce-bf47-e2a18945600e"", ""labels"": [{""id"": ""08a9b0bd-4713-4ea6-a829-66a64240e254"", ""value"": ""English (language)"", ""language_id"": ""en"", ""list_item_id"": ""38729dbe-6d1c-48ce-bf47-e2a18945600e"", ""valuetype_id"": ""prefLabel""}], ""list_id"": ""f7fc4f6d-fd46-4881-846f-4a08bc1a3fef""}]",3695cff8-d770-11ef-8f5d-0275dc2ded29
2c4ea4a0-48aa-44fd-836e-cc6d174290c0,36956e50-d770-11ef-8f5d-0275dc2ded29,166c7b56-b36e-4cfa-9dc0-7d232f147d69,1,596cfb17-0c2a-4697-b46b-727ecdac1e18,"{""en"": {""value"": ""A.F. Suter & Co."", ""direction"": ""ltr""}}","[{""uri"": ""http://localhost:8000/plugins/controlled-list-manager/item/5f400d39-3b6b-4b8a-939b-4e49787c7444"", ""labels"": [{""id"": ""0070cd3b-1dd7-48ee-9f29-b97266bf5afb"", ""value"": ""preferred terms"", ""language_id"": ""en"", ""list_item_id"": ""5f400d39-3b6b-4b8a-939b-4e49787c7444"", ""valuetype_id"": ""prefLabel""}], ""list_id"": ""80028d07-9c98-48cf-84db-f77bc01c8bbc""}]","[{""uri"": ""http://localhost:8000/plugins/controlled-list-manager/item/38729dbe-6d1c-48ce-bf47-e2a18945600e"", ""labels"": [{""id"": ""08a9b0bd-4713-4ea6-a829-66a64240e254"", ""value"": ""English (language)"", ""language_id"": ""en"", ""list_item_id"": ""38729dbe-6d1c-48ce-bf47-e2a18945600e"", ""valuetype_id"": ""prefLabel""}], ""list_id"": ""f7fc4f6d-fd46-4881-846f-4a08bc1a3fef""}]",3695cff8-d770-11ef-8f5d-0275dc2ded29
75f6c8e0-22ab-44fe-89f2-1b0ab0d6366d,36956e50-d770-11ef-8f5d-0275dc2ded29,166c7b56-b36e-4cfa-9dc0-7d232f147d69,1,e328811e-4610-4283-8e35-06becd9301a1,"{""en"": {""value"": ""Easy Leaf Co."", ""direction"": ""ltr""}}","[{""uri"": ""http://localhost:8000/plugins/controlled-list-manager/item/5f400d39-3b6b-4b8a-939b-4e49787c7444"", ""labels"": [{""id"": ""0070cd3b-1dd7-48ee-9f29-b97266bf5afb"", ""value"": ""preferred terms"", ""language_id"": ""en"", ""list_item_id"": ""5f400d39-3b6b-4b8a-939b-4e49787c7444"", ""valuetype_id"": ""prefLabel""}], ""list_id"": ""80028d07-9c98-48cf-84db-f77bc01c8bbc""}]","[{""uri"": ""http://localhost:8000/plugins/controlled-list-manager/item/38729dbe-6d1c-48ce-bf47-e2a18945600e"", ""labels"": [{""id"": ""08a9b0bd-4713-4ea6-a829-66a64240e254"", ""value"": ""English (language)"", ""language_id"": ""en"", ""list_item_id"": ""38729dbe-6d1c-48ce-bf47-e2a18945600e"", ""valuetype_id"": ""prefLabel""}], ""list_id"": ""f7fc4f6d-fd46-4881-846f-4a08bc1a3fef""}]",3695cff8-d770-11ef-8f5d-0275dc2ded29
0b1386d1-2b8a-4805-8012-656b4fcdfb9d,36956e50-d770-11ef-8f5d-0275dc2ded29,166c7b56-b36e-4cfa-9dc0-7d232f147d69,1,0a0ea937-3f27-46b5-bb52-03f544fd62f9,"{""en"": {""value"": ""Max Grumbacher / Sanford"", ""direction"": ""ltr""}}","[{""uri"": ""http://localhost:8000/plugins/controlled-list-manager/item/5f400d39-3b6b-4b8a-939b-4e49787c7444"", ""labels"": [{""id"": ""0070cd3b-1dd7-48ee-9f29-b97266bf5afb"", ""value"": ""preferred terms"", ""language_id"": ""en"", ""list_item_id"": ""5f400d39-3b6b-4b8a-939b-4e49787c7444"", ""valuetype_id"": ""prefLabel""}], ""list_id"": ""80028d07-9c98-48cf-84db-f77bc01c8bbc""}]","[{""uri"": ""http://localhost:8000/plugins/controlled-list-manager/item/38729dbe-6d1c-48ce-bf47-e2a18945600e"", ""labels"": [{""id"": ""08a9b0bd-4713-4ea6-a829-66a64240e254"", ""value"": ""English (language)"", ""language_id"": ""en"", ""list_item_id"": ""38729dbe-6d1c-48ce-bf47-e2a18945600e"", ""valuetype_id"": ""prefLabel""}], ""list_id"": ""f7fc4f6d-fd46-4881-846f-4a08bc1a3fef""}]",3695cff8-d770-11ef-8f5d-0275dc2ded29
5f9ef8fc-bf41-4d2e-8678-64481c84beaf,36956e50-d770-11ef-8f5d-0275dc2ded29,166c7b56-b36e-4cfa-9dc0-7d232f147d69,1,7bdabe55-0cbb-4724-a847-cba0884301d3,"{""en"": {""value"": ""Spencer Kellog"", ""direction"": ""ltr""}}","[{""uri"": ""http://localhost:8000/plugins/controlled-list-manager/item/5f400d39-3b6b-4b8a-939b-4e49787c7444"", ""labels"": [{""id"": ""0070cd3b-1dd7-48ee-9f29-b97266bf5afb"", ""value"": ""preferred terms"", ""language_id"": ""en"", ""list_item_id"": ""5f400d39-3b6b-4b8a-939b-4e49787c7444"", ""valuetype_id"": ""prefLabel""}], ""list_id"": ""80028d07-9c98-48cf-84db-f77bc01c8bbc""}]","[{""uri"": ""http://localhost:8000/plugins/controlled-list-manager/item/38729dbe-6d1c-48ce-bf47-e2a18945600e"", ""labels"": [{""id"": ""08a9b0bd-4713-4ea6-a829-66a64240e254"", ""value"": ""English (language)"", ""language_id"": ""en"", ""list_item_id"": ""38729dbe-6d1c-48ce-bf47-e2a18945600e"", ""valuetype_id"": ""prefLabel""}], ""list_id"": ""f7fc4f6d-fd46-4881-846f-4a08bc1a3fef""}]",3695cff8-d770-11ef-8f5d-0275dc2ded29
2f62492f-39bd-4780-bfb3-5462db7c38da,36956e50-d770-11ef-8f5d-0275dc2ded29,166c7b56-b36e-4cfa-9dc0-7d232f147d69,1,27883b12-090a-49b8-9e57-1e884709aa88,"{""en"": {""value"": ""Adriano Ramos"", ""direction"": ""ltr""}}","[{""uri"": ""http://localhost:8000/plugins/controlled-list-manager/item/5f400d39-3b6b-4b8a-939b-4e49787c7444"", ""labels"": [{""id"": ""0070cd3b-1dd7-48ee-9f29-b97266bf5afb"", ""value"": ""preferred terms"", ""language_id"": ""en"", ""list_item_id"": ""5f400d39-3b6b-4b8a-939b-4e49787c7444"", ""valuetype_id"": ""prefLabel""}], ""list_id"": ""80028d07-9c98-48cf-84db-f77bc01c8bbc""}]","[{""uri"": ""http://localhost:8000/plugins/controlled-list-manager/item/38729dbe-6d1c-48ce-bf47-e2a18945600e"", ""labels"": [{""id"": ""08a9b0bd-4713-4ea6-a829-66a64240e254"", ""value"": ""English (language)"", ""language_id"": ""en"", ""list_item_id"": ""38729dbe-6d1c-48ce-bf47-e2a18945600e"", ""valuetype_id"": ""prefLabel""}], ""list_id"": ""f7fc4f6d-fd46-4881-846f-4a08bc1a3fef""}]",3695cff8-d770-11ef-8f5d-0275dc2ded29
d497a642-def4-4194-a5be-5e9c5b9425f6,36956e50-d770-11ef-8f5d-0275dc2ded29,166c7b56-b36e-4cfa-9dc0-7d232f147d69,1,4553dfa2-bb5f-489a-a31e-1723d3a8664e,"{""en"": {""value"": ""Hadassa Export Company, Ltd.; (Imported by: Hathaway Allied Products)"", ""direction"": ""ltr""}}","[{""uri"": ""http://localhost:8000/plugins/controlled-list-manager/item/5f400d39-3b6b-4b8a-939b-4e49787c7444"", ""labels"": [{""id"": ""0070cd3b-1dd7-48ee-9f29-b97266bf5afb"", ""value"": ""preferred terms"", ""language_id"": ""en"", ""list_item_id"": ""5f400d39-3b6b-4b8a-939b-4e49787c7444"", ""valuetype_id"": ""prefLabel""}], ""list_id"": ""80028d07-9c98-48cf-84db-f77bc01c8bbc""}]","[{""uri"": ""http://localhost:8000/plugins/controlled-list-manager/item/38729dbe-6d1c-48ce-bf47-e2a18945600e"", ""labels"": [{""id"": ""08a9b0bd-4713-4ea6-a829-66a64240e254"", ""value"": ""English (language)"", ""language_id"": ""en"", ""list_item_id"": ""38729dbe-6d1c-48ce-bf47-e2a18945600e"", ""valuetype_id"": ""prefLabel""}], ""list_id"": ""f7fc4f6d-fd46-4881-846f-4a08bc1a3fef""}]",3695cff8-d770-11ef-8f5d-0275dc2ded29
04c0b05d-7b40-4c99-9726-4c3b5cdd4e66,36956e50-d770-11ef-8f5d-0275dc2ded29,166c7b56-b36e-4cfa-9dc0-7d232f147d69,1,bad45568-710c-46a3-bdc9-938de4a12154,"{""en"": {""value"": ""Museum of Modern Art, New York"", ""direction"": ""ltr""}}","[{""uri"": ""http://localhost:8000/plugins/controlled-list-manager/item/5f400d39-3b6b-4b8a-939b-4e49787c7444"", ""labels"": [{""id"": ""0070cd3b-1dd7-48ee-9f29-b97266bf5afb"", ""value"": ""preferred terms"", ""language_id"": ""en"", ""list_item_id"": ""5f400d39-3b6b-4b8a-939b-4e49787c7444"", ""valuetype_id"": ""prefLabel""}], ""list_id"": ""80028d07-9c98-48cf-84db-f77bc01c8bbc""}]","[{""uri"": ""http://localhost:8000/plugins/controlled-list-manager/item/38729dbe-6d1c-48ce-bf47-e2a18945600e"", ""labels"": [{""id"": ""08a9b0bd-4713-4ea6-a829-66a64240e254"", ""value"": ""English (language)"", ""language_id"": ""en"", ""list_item_id"": ""38729dbe-6d1c-48ce-bf47-e2a18945600e"", ""valuetype_id"": ""prefLabel""}], ""list_id"": ""f7fc4f6d-fd46-4881-846f-4a08bc1a3fef""}]",3695cff8-d770-11ef-8f5d-0275dc2ded29
075b72c4-b335-4f8b-a07c-b2a179a4a53e,36956e50-d770-11ef-8f5d-0275dc2ded29,166c7b56-b36e-4cfa-9dc0-7d232f147d69,1,8d8b7035-a10e-468a-acdd-d246114f0424,"{""en"": {""value"": ""Seattle Film Works"", ""direction"": ""ltr""}}","[{""uri"": ""http://localhost:8000/plugins/controlled-list-manager/item/5f400d39-3b6b-4b8a-939b-4e49787c7444"", ""labels"": [{""id"": ""0070cd3b-1dd7-48ee-9f29-b97266bf5afb"", ""value"": ""preferred terms"", ""language_id"": ""en"", ""list_item_id"": ""5f400d39-3b6b-4b8a-939b-4e49787c7444"", ""valuetype_id"": ""prefLabel""}], ""list_id"": ""80028d07-9c98-48cf-84db-f77bc01c8bbc""}]","[{""uri"": ""http://localhost:8000/plugins/controlled-list-manager/item/38729dbe-6d1c-48ce-bf47-e2a18945600e"", ""labels"": [{""id"": ""08a9b0bd-4713-4ea6-a829-66a64240e254"", ""value"": ""English (language)"", ""language_id"": ""en"", ""list_item_id"": ""38729dbe-6d1c-48ce-bf47-e2a18945600e"", ""valuetype_id"": ""prefLabel""}], ""list_id"": ""f7fc4f6d-fd46-4881-846f-4a08bc1a3fef""}]",3695cff8-d770-11ef-8f5d-0275dc2ded29
6edd427d-4cf5-4481-9ffb-851786790482,36956e50-d770-11ef-8f5d-0275dc2ded29,166c7b56-b36e-4cfa-9dc0-7d232f147d69,1,cc08e5ba-7ffd-4c3c-b82a-6c463c92b9b8,"{""en"": {""value"": ""Oriental Photo Ind. Co."", ""direction"": ""ltr""}}","[{""uri"": ""http://localhost:8000/plugins/controlled-list-manager/item/5f400d39-3b6b-4b8a-939b-4e49787c7444"", ""labels"": [{""id"": ""0070cd3b-1dd7-48ee-9f29-b97266bf5afb"", ""value"": ""preferred terms"", ""language_id"": ""en"", ""list_item_id"": ""5f400d39-3b6b-4b8a-939b-4e49787c7444"", ""valuetype_id"": ""prefLabel""}], ""list_id"": ""80028d07-9c98-48cf-84db-f77bc01c8bbc""}]","[{""uri"": ""http://localhost:8000/plugins/controlled-list-manager/item/38729dbe-6d1c-48ce-bf47-e2a18945600e"", ""labels"": [{""id"": ""08a9b0bd-4713-4ea6-a829-66a64240e254"", ""value"": ""English (language)"", ""language_id"": ""en"", ""list_item_id"": ""38729dbe-6d1c-48ce-bf47-e2a18945600e"", ""valuetype_id"": ""prefLabel""}], ""list_id"": ""f7fc4f6d-fd46-4881-846f-4a08bc1a3fef""}]",3695cff8-d770-11ef-8f5d-0275dc2ded29
e7f14725-b726-401f-8991-3ef8691864ba,36956e50-d770-11ef-8f5d-0275dc2ded29,166c7b56-b36e-4cfa-9dc0-7d232f147d69,1,8a9d20d6-193d-4f88-90e9-6cba5c2561bc,"{""en"": {""value"": ""Ecolse"", ""direction"": ""ltr""}}","[{""uri"": ""http://localhost:8000/plugins/controlled-list-manager/item/5f400d39-3b6b-4b8a-939b-4e49787c7444"", ""labels"": [{""id"": ""0070cd3b-1dd7-48ee-9f29-b97266bf5afb"", ""value"": ""preferred terms"", ""language_id"": ""en"", ""list_item_id"": ""5f400d39-3b6b-4b8a-939b-4e49787c7444"", ""valuetype_id"": ""prefLabel""}], ""list_id"": ""80028d07-9c98-48cf-84db-f77bc01c8bbc""}]","[{""uri"": ""http://localhost:8000/plugins/controlled-list-manager/item/38729dbe-6d1c-48ce-bf47-e2a18945600e"", ""labels"": [{""id"": ""08a9b0bd-4713-4ea6-a829-66a64240e254"", ""value"": ""English (language)"", ""language_id"": ""en"", ""list_item_id"": ""38729dbe-6d1c-48ce-bf47-e2a18945600e"", ""valuetype_id"": ""prefLabel""}], ""list_id"": ""f7fc4f6d-fd46-4881-846f-4a08bc1a3fef""}]",3695cff8-d770-11ef-8f5d-0275dc2ded29
d7b8cf53-30ce-4695-abd4-f9cc3d4a42f7,36956e50-d770-11ef-8f5d-0275dc2ded29,166c7b56-b36e-4cfa-9dc0-7d232f147d69,1,2e87b830-319c-4252-b07b-448c6a8d7a36,"{""en"": {""value"": ""Hartman Leather Ltd"", ""direction"": ""ltr""}}","[{""uri"": ""http://localhost:8000/plugins/controlled-list-manager/item/5f400d39-3b6b-4b8a-939b-4e49787c7444"", ""labels"": [{""id"": ""0070cd3b-1dd7-48ee-9f29-b97266bf5afb"", ""value"": ""preferred terms"", ""language_id"": ""en"", ""list_item_id"": ""5f400d39-3b6b-4b8a-939b-4e49787c7444"", ""valuetype_id"": ""prefLabel""}], ""list_id"": ""80028d07-9c98-48cf-84db-f77bc01c8bbc""}]","[{""uri"": ""http://localhost:8000/plugins/controlled-list-manager/item/38729dbe-6d1c-48ce-bf47-e2a18945600e"", ""labels"": [{""id"": ""08a9b0bd-4713-4ea6-a829-66a64240e254"", ""value"": ""English (language)"", ""language_id"": ""en"", ""list_item_id"": ""38729dbe-6d1c-48ce-bf47-e2a18945600e"", ""valuetype_id"": ""prefLabel""}], ""list_id"": ""f7fc4f6d-fd46-4881-846f-4a08bc1a3fef""}]",3695cff8-d770-11ef-8f5d-0275dc2ded29
a8236387-3cc5-4948-a579-d1dea4339fec,36956e50-d770-11ef-8f5d-0275dc2ded29,166c7b56-b36e-4cfa-9dc0-7d232f147d69,1,7f210b93-33d9-4256-ad47-05b9972409f5,"{""en"": {""value"": ""Weber & Co."", ""direction"": ""ltr""}}","[{""uri"": ""http://localhost:8000/plugins/controlled-list-manager/item/5f400d39-3b6b-4b8a-939b-4e49787c7444"", ""labels"": [{""id"": ""0070cd3b-1dd7-48ee-9f29-b97266bf5afb"", ""value"": ""preferred terms"", ""language_id"": ""en"", ""list_item_id"": ""5f400d39-3b6b-4b8a-939b-4e49787c7444"", ""valuetype_id"": ""prefLabel""}], ""list_id"": ""80028d07-9c98-48cf-84db-f77bc01c8bbc""}]","[{""uri"": ""http://localhost:8000/plugins/controlled-list-manager/item/38729dbe-6d1c-48ce-bf47-e2a18945600e"", ""labels"": [{""id"": ""08a9b0bd-4713-4ea6-a829-66a64240e254"", ""value"": ""English (language)"", ""language_id"": ""en"", ""list_item_id"": ""38729dbe-6d1c-48ce-bf47-e2a18945600e"", ""valuetype_id"": ""prefLabel""}], ""list_id"": ""f7fc4f6d-fd46-4881-846f-4a08bc1a3fef""}]",3695cff8-d770-11ef-8f5d-0275dc2ded29
2077d7c0-77ac-47a7-aae9-afc47093d980,36956e50-d770-11ef-8f5d-0275dc2ded29,166c7b56-b36e-4cfa-9dc0-7d232f147d69,1,a2d6bece-3357-4bfa-a92d-7e6be234286e,"{""en"": {""value"": ""Moraes S/A"", ""direction"": ""ltr""}}","[{""uri"": ""http://localhost:8000/plugins/controlled-list-manager/item/5f400d39-3b6b-4b8a-939b-4e49787c7444"", ""labels"": [{""id"": ""0070cd3b-1dd7-48ee-9f29-b97266bf5afb"", ""value"": ""preferred terms"", ""language_id"": ""en"", ""list_item_id"": ""5f400d39-3b6b-4b8a-939b-4e49787c7444"", ""valuetype_id"": ""prefLabel""}], ""list_id"": ""80028d07-9c98-48cf-84db-f77bc01c8bbc""}]","[{""uri"": ""http://localhost:8000/plugins/controlled-list-manager/item/38729dbe-6d1c-48ce-bf47-e2a18945600e"", ""labels"": [{""id"": ""08a9b0bd-4713-4ea6-a829-66a64240e254"", ""value"": ""English (language)"", ""language_id"": ""en"", ""list_item_id"": ""38729dbe-6d1c-48ce-bf47-e2a18945600e"", ""valuetype_id"": ""prefLabel""}], ""list_id"": ""f7fc4f6d-fd46-4881-846f-4a08bc1a3fef""}]",3695cff8-d770-11ef-8f5d-0275dc2ded29
9757ad1c-b68d-4b52-8ac2-b0ab81337ded,36956e50-d770-11ef-8f5d-0275dc2ded29,166c7b56-b36e-4cfa-9dc0-7d232f147d69,1,e15a29ef-0ae1-4292-b32b-5a24e6c66ee3,"{""en"": {""value"": ""Sansui"", ""direction"": ""ltr""}}","[{""uri"": ""http://localhost:8000/plugins/controlled-list-manager/item/5f400d39-3b6b-4b8a-939b-4e49787c7444"", ""labels"": [{""id"": ""0070cd3b-1dd7-48ee-9f29-b97266bf5afb"", ""value"": ""preferred terms"", ""language_id"": ""en"", ""list_item_id"": ""5f400d39-3b6b-4b8a-939b-4e49787c7444"", ""valuetype_id"": ""prefLabel""}], ""list_id"": ""80028d07-9c98-48cf-84db-f77bc01c8bbc""}]","[{""uri"": ""http://localhost:8000/plugins/controlled-list-manager/item/38729dbe-6d1c-48ce-bf47-e2a18945600e"", ""labels"": [{""id"": ""08a9b0bd-4713-4ea6-a829-66a64240e254"", ""value"": ""English (language)"", ""language_id"": ""en"", ""list_item_id"": ""38729dbe-6d1c-48ce-bf47-e2a18945600e"", ""valuetype_id"": ""prefLabel""}], ""list_id"": ""f7fc4f6d-fd46-4881-846f-4a08bc1a3fef""}]",3695cff8-d770-11ef-8f5d-0275dc2ded29
3057aac1-5627-49fd-b9f0-02b2133819a0,36956e50-d770-11ef-8f5d-0275dc2ded29,166c7b56-b36e-4cfa-9dc0-7d232f147d69,1,de3124fb-8f17-48c4-9ffc-f5f73a08fc6d,"{""en"": {""value"": ""Binney & Smith Co."", ""direction"": ""ltr""}}","[{""uri"": ""http://localhost:8000/plugins/controlled-list-manager/item/5f400d39-3b6b-4b8a-939b-4e49787c7444"", ""labels"": [{""id"": ""0070cd3b-1dd7-48ee-9f29-b97266bf5afb"", ""value"": ""preferred terms"", ""language_id"": ""en"", ""list_item_id"": ""5f400d39-3b6b-4b8a-939b-4e49787c7444"", ""valuetype_id"": ""prefLabel""}], ""list_id"": ""80028d07-9c98-48cf-84db-f77bc01c8bbc""}]","[{""uri"": ""http://localhost:8000/plugins/controlled-list-manager/item/38729dbe-6d1c-48ce-bf47-e2a18945600e"", ""labels"": [{""id"": ""08a9b0bd-4713-4ea6-a829-66a64240e254"", ""value"": ""English (language)"", ""language_id"": ""en"", ""list_item_id"": ""38729dbe-6d1c-48ce-bf47-e2a18945600e"", ""valuetype_id"": ""prefLabel""}], ""list_id"": ""f7fc4f6d-fd46-4881-846f-4a08bc1a3fef""}]",3695cff8-d770-11ef-8f5d-0275dc2ded29
343dc5be-fe8d-4780-a0a6-7c299ff83f22,36956e50-d770-11ef-8f5d-0275dc2ded29,166c7b56-b36e-4cfa-9dc0-7d232f147d69,1,86d1cbce-8794-4bbd-a401-ff37be026412,"{""en"": {""value"": ""Enkaustikos"", ""direction"": ""ltr""}}","[{""uri"": ""http://localhost:8000/plugins/controlled-list-manager/item/5f400d39-3b6b-4b8a-939b-4e49787c7444"", ""labels"": [{""id"": ""0070cd3b-1dd7-48ee-9f29-b97266bf5afb"", ""value"": ""preferred terms"", ""language_id"": ""en"", ""list_item_id"": ""5f400d39-3b6b-4b8a-939b-4e49787c7444"", ""valuetype_id"": ""prefLabel""}], ""list_id"": ""80028d07-9c98-48cf-84db-f77bc01c8bbc""}]","[{""uri"": ""http://localhost:8000/plugins/controlled-list-manager/item/38729dbe-6d1c-48ce-bf47-e2a18945600e"", ""labels"": [{""id"": ""08a9b0bd-4713-4ea6-a829-66a64240e254"", ""value"": ""English (language)"", ""language_id"": ""en"", ""list_item_id"": ""38729dbe-6d1c-48ce-bf47-e2a18945600e"", ""valuetype_id"": ""prefLabel""}], ""list_id"": ""f7fc4f6d-fd46-4881-846f-4a08bc1a3fef""}]",3695cff8-d770-11ef-8f5d-0275dc2ded29
ac77fa82-bab0-4878-8f30-6f6d293a8200,36956e50-d770-11ef-8f5d-0275dc2ded29,166c7b56-b36e-4cfa-9dc0-7d232f147d69,1,6e65f57c-dacc-4c60-b427-7104f891b60c,"{""en"": {""value"": ""Da Vinci"", ""direction"": ""ltr""}}","[{""uri"": ""http://localhost:8000/plugins/controlled-list-manager/item/5f400d39-3b6b-4b8a-939b-4e49787c7444"", ""labels"": [{""id"": ""0070cd3b-1dd7-48ee-9f29-b97266bf5afb"", ""value"": ""preferred terms"", ""language_id"": ""en"", ""list_item_id"": ""5f400d39-3b6b-4b8a-939b-4e49787c7444"", ""valuetype_id"": ""prefLabel""}], ""list_id"": ""80028d07-9c98-48cf-84db-f77bc01c8bbc""}]","[{""uri"": ""http://localhost:8000/plugins/controlled-list-manager/item/38729dbe-6d1c-48ce-bf47-e2a18945600e"", ""labels"": [{""id"": ""08a9b0bd-4713-4ea6-a829-66a64240e254"", ""value"": ""English (language)"", ""language_id"": ""en"", ""list_item_id"": ""38729dbe-6d1c-48ce-bf47-e2a18945600e"", ""valuetype_id"": ""prefLabel""}], ""list_id"": ""f7fc4f6d-fd46-4881-846f-4a08bc1a3fef""}]",3695cff8-d770-11ef-8f5d-0275dc2ded29
2ea8413a-0593-4028-b077-c5da3568fb86,36956e50-d770-11ef-8f5d-0275dc2ded29,166c7b56-b36e-4cfa-9dc0-7d232f147d69,1,e9218395-42d4-4d17-801b-cccfb3509cfc,"{""en"": {""value"": ""Harvard Art Museums"", ""direction"": ""ltr""}}","[{""uri"": ""http://localhost:8000/plugins/controlled-list-manager/item/5f400d39-3b6b-4b8a-939b-4e49787c7444"", ""labels"": [{""id"": ""0070cd3b-1dd7-48ee-9f29-b97266bf5afb"", ""value"": ""preferred terms"", ""language_id"": ""en"", ""list_item_id"": ""5f400d39-3b6b-4b8a-939b-4e49787c7444"", ""valuetype_id"": ""prefLabel""}], ""list_id"": ""80028d07-9c98-48cf-84db-f77bc01c8bbc""}]","[{""uri"": ""http://localhost:8000/plugins/controlled-list-manager/item/38729dbe-6d1c-48ce-bf47-e2a18945600e"", ""labels"": [{""id"": ""08a9b0bd-4713-4ea6-a829-66a64240e254"", ""value"": ""English (language)"", ""language_id"": ""en"", ""list_item_id"": ""38729dbe-6d1c-48ce-bf47-e2a18945600e"", ""valuetype_id"": ""prefLabel""}], ""list_id"": ""f7fc4f6d-fd46-4881-846f-4a08bc1a3fef""}]",3695cff8-d770-11ef-8f5d-0275dc2ded29
dfeb4d77-4495-442d-a523-c617f5a53be7,36956e50-d770-11ef-8f5d-0275dc2ded29,166c7b56-b36e-4cfa-9dc0-7d232f147d69,1,6443ddaf-189d-419a-8828-a9d9be36f4ad,"{""en"": {""value"": ""Devoe"", ""direction"": ""ltr""}}","[{""uri"": ""http://localhost:8000/plugins/controlled-list-manager/item/5f400d39-3b6b-4b8a-939b-4e49787c7444"", ""labels"": [{""id"": ""0070cd3b-1dd7-48ee-9f29-b97266bf5afb"", ""value"": ""preferred terms"", ""language_id"": ""en"", ""list_item_id"": ""5f400d39-3b6b-4b8a-939b-4e49787c7444"", ""valuetype_id"": ""prefLabel""}], ""list_id"": ""80028d07-9c98-48cf-84db-f77bc01c8bbc""}]","[{""uri"": ""http://localhost:8000/plugins/controlled-list-manager/item/38729dbe-6d1c-48ce-bf47-e2a18945600e"", ""labels"": [{""id"": ""08a9b0bd-4713-4ea6-a829-66a64240e254"", ""value"": ""English (language)"", ""language_id"": ""en"", ""list_item_id"": ""38729dbe-6d1c-48ce-bf47-e2a18945600e"", ""valuetype_id"": ""prefLabel""}], ""list_id"": ""f7fc4f6d-fd46-4881-846f-4a08bc1a3fef""}]",3695cff8-d770-11ef-8f5d-0275dc2ded29
3c2c8a7c-6a1e-4823-b26e-87399f86213d,36956e50-d770-11ef-8f5d-0275dc2ded29,166c7b56-b36e-4cfa-9dc0-7d232f147d69,1,b81322eb-5cac-4232-9348-32792146bee2,"{""en"": {""value"": ""University of Pittsburgh"", ""direction"": ""ltr""}}","[{""uri"": ""http://localhost:8000/plugins/controlled-list-manager/item/5f400d39-3b6b-4b8a-939b-4e49787c7444"", ""labels"": [{""id"": ""0070cd3b-1dd7-48ee-9f29-b97266bf5afb"", ""value"": ""preferred terms"", ""language_id"": ""en"", ""list_item_id"": ""5f400d39-3b6b-4b8a-939b-4e49787c7444"", ""valuetype_id"": ""prefLabel""}], ""list_id"": ""80028d07-9c98-48cf-84db-f77bc01c8bbc""}]","[{""uri"": ""http://localhost:8000/plugins/controlled-list-manager/item/38729dbe-6d1c-48ce-bf47-e2a18945600e"", ""labels"": [{""id"": ""08a9b0bd-4713-4ea6-a829-66a64240e254"", ""value"": ""English (language)"", ""language_id"": ""en"", ""list_item_id"": ""38729dbe-6d1c-48ce-bf47-e2a18945600e"", ""valuetype_id"": ""prefLabel""}], ""list_id"": ""f7fc4f6d-fd46-4881-846f-4a08bc1a3fef""}]",3695cff8-d770-11ef-8f5d-0275dc2ded29
6f799247-9660-473c-9d54-ad89df695ded,36956e50-d770-11ef-8f5d-0275dc2ded29,166c7b56-b36e-4cfa-9dc0-7d232f147d69,1,0a109dd2-c4e5-4278-9ee0-800e11c66050,"{""en"": {""value"": ""George Rowney & Co., Ltd"", ""direction"": ""ltr""}}","[{""uri"": ""http://localhost:8000/plugins/controlled-list-manager/item/5f400d39-3b6b-4b8a-939b-4e49787c7444"", ""labels"": [{""id"": ""0070cd3b-1dd7-48ee-9f29-b97266bf5afb"", ""value"": ""preferred terms"", ""language_id"": ""en"", ""list_item_id"": ""5f400d39-3b6b-4b8a-939b-4e49787c7444"", ""valuetype_id"": ""prefLabel""}], ""list_id"": ""80028d07-9c98-48cf-84db-f77bc01c8bbc""}]","[{""uri"": ""http://localhost:8000/plugins/controlled-list-manager/item/38729dbe-6d1c-48ce-bf47-e2a18945600e"", ""labels"": [{""id"": ""08a9b0bd-4713-4ea6-a829-66a64240e254"", ""value"": ""English (language)"", ""language_id"": ""en"", ""list_item_id"": ""38729dbe-6d1c-48ce-bf47-e2a18945600e"", ""valuetype_id"": ""prefLabel""}], ""list_id"": ""f7fc4f6d-fd46-4881-846f-4a08bc1a3fef""}]",3695cff8-d770-11ef-8f5d-0275dc2ded29
4e23bd7c-9948-45f5-9938-ca9e5a72752b,36956e50-d770-11ef-8f5d-0275dc2ded29,166c7b56-b36e-4cfa-9dc0-7d232f147d69,1,fc3b86d2-4931-408a-937b-8a3cac24245f,"{""en"": {""value"": ""Belkis Minerals"", ""direction"": ""ltr""}}","[{""uri"": ""http://localhost:8000/plugins/controlled-list-manager/item/5f400d39-3b6b-4b8a-939b-4e49787c7444"", ""labels"": [{""id"": ""0070cd3b-1dd7-48ee-9f29-b97266bf5afb"", ""value"": ""preferred terms"", ""language_id"": ""en"", ""list_item_id"": ""5f400d39-3b6b-4b8a-939b-4e49787c7444"", ""valuetype_id"": ""prefLabel""}], ""list_id"": ""80028d07-9c98-48cf-84db-f77bc01c8bbc""}]","[{""uri"": ""http://localhost:8000/plugins/controlled-list-manager/item/38729dbe-6d1c-48ce-bf47-e2a18945600e"", ""labels"": [{""id"": ""08a9b0bd-4713-4ea6-a829-66a64240e254"", ""value"": ""English (language)"", ""language_id"": ""en"", ""list_item_id"": ""38729dbe-6d1c-48ce-bf47-e2a18945600e"", ""valuetype_id"": ""prefLabel""}], ""list_id"": ""f7fc4f6d-fd46-4881-846f-4a08bc1a3fef""}]",3695cff8-d770-11ef-8f5d-0275dc2ded29
0d18b67d-9a33-4a9d-98ac-d40b096f9df1,36956e50-d770-11ef-8f5d-0275dc2ded29,166c7b56-b36e-4cfa-9dc0-7d232f147d69,1,46b17e93-12ae-48b4-be05-3b6abce8e1b7,"{""en"": {""value"": ""Dianippon"", ""direction"": ""ltr""}}","[{""uri"": ""http://localhost:8000/plugins/controlled-list-manager/item/5f400d39-3b6b-4b8a-939b-4e49787c7444"", ""labels"": [{""id"": ""0070cd3b-1dd7-48ee-9f29-b97266bf5afb"", ""value"": ""preferred terms"", ""language_id"": ""en"", ""list_item_id"": ""5f400d39-3b6b-4b8a-939b-4e49787c7444"", ""valuetype_id"": ""prefLabel""}], ""list_id"": ""80028d07-9c98-48cf-84db-f77bc01c8bbc""}]","[{""uri"": ""http://localhost:8000/plugins/controlled-list-manager/item/38729dbe-6d1c-48ce-bf47-e2a18945600e"", ""labels"": [{""id"": ""08a9b0bd-4713-4ea6-a829-66a64240e254"", ""value"": ""English (language)"", ""language_id"": ""en"", ""list_item_id"": ""38729dbe-6d1c-48ce-bf47-e2a18945600e"", ""valuetype_id"": ""prefLabel""}], ""list_id"": ""f7fc4f6d-fd46-4881-846f-4a08bc1a3fef""}]",3695cff8-d770-11ef-8f5d-0275dc2ded29
190acd39-bed6-44a5-973d-998fa3ee0481,36956e50-d770-11ef-8f5d-0275dc2ded29,166c7b56-b36e-4cfa-9dc0-7d232f147d69,1,157c729c-9f74-42e0-b65d-b208bfdab78e,"{""en"": {""value"": ""ISP Technologies"", ""direction"": ""ltr""}}","[{""uri"": ""http://localhost:8000/plugins/controlled-list-manager/item/5f400d39-3b6b-4b8a-939b-4e49787c7444"", ""labels"": [{""id"": ""0070cd3b-1dd7-48ee-9f29-b97266bf5afb"", ""value"": ""preferred terms"", ""language_id"": ""en"", ""list_item_id"": ""5f400d39-3b6b-4b8a-939b-4e49787c7444"", ""valuetype_id"": ""prefLabel""}], ""list_id"": ""80028d07-9c98-48cf-84db-f77bc01c8bbc""}]","[{""uri"": ""http://localhost:8000/plugins/controlled-list-manager/item/38729dbe-6d1c-48ce-bf47-e2a18945600e"", ""labels"": [{""id"": ""08a9b0bd-4713-4ea6-a829-66a64240e254"", ""value"": ""English (language)"", ""language_id"": ""en"", ""list_item_id"": ""38729dbe-6d1c-48ce-bf47-e2a18945600e"", ""valuetype_id"": ""prefLabel""}], ""list_id"": ""f7fc4f6d-fd46-4881-846f-4a08bc1a3fef""}]",3695cff8-d770-11ef-8f5d-0275dc2ded29
ff8e9716-0779-4f09-8204-f3cd3b27ce13,36956e50-d770-11ef-8f5d-0275dc2ded29,166c7b56-b36e-4cfa-9dc0-7d232f147d69,1,142d8146-fc44-4d59-8319-63d6161ed6fe,"{""en"": {""value"": ""Wessen Co."", ""direction"": ""ltr""}}","[{""uri"": ""http://localhost:8000/plugins/controlled-list-manager/item/5f400d39-3b6b-4b8a-939b-4e49787c7444"", ""labels"": [{""id"": ""0070cd3b-1dd7-48ee-9f29-b97266bf5afb"", ""value"": ""preferred terms"", ""language_id"": ""en"", ""list_item_id"": ""5f400d39-3b6b-4b8a-939b-4e49787c7444"", ""valuetype_id"": ""prefLabel""}], ""list_id"": ""80028d07-9c98-48cf-84db-f77bc01c8bbc""}]","[{""uri"": ""http://localhost:8000/plugins/controlled-list-manager/item/38729dbe-6d1c-48ce-bf47-e2a18945600e"", ""labels"": [{""id"": ""08a9b0bd-4713-4ea6-a829-66a64240e254"", ""value"": ""English (language)"", ""language_id"": ""en"", ""list_item_id"": ""38729dbe-6d1c-48ce-bf47-e2a18945600e"", ""valuetype_id"": ""prefLabel""}], ""list_id"": ""f7fc4f6d-fd46-4881-846f-4a08bc1a3fef""}]",3695cff8-d770-11ef-8f5d-0275dc2ded29
060a342d-a489-466d-8bfc-84f53263f0bc,36956e50-d770-11ef-8f5d-0275dc2ded29,166c7b56-b36e-4cfa-9dc0-7d232f147d69,1,483c77ec-279c-4c3b-8709-333387baadce,"{""en"": {""value"": ""Howe & French, Inc."", ""direction"": ""ltr""}}","[{""uri"": ""http://localhost:8000/plugins/controlled-list-manager/item/5f400d39-3b6b-4b8a-939b-4e49787c7444"", ""labels"": [{""id"": ""0070cd3b-1dd7-48ee-9f29-b97266bf5afb"", ""value"": ""preferred terms"", ""language_id"": ""en"", ""list_item_id"": ""5f400d39-3b6b-4b8a-939b-4e49787c7444"", ""valuetype_id"": ""prefLabel""}], ""list_id"": ""80028d07-9c98-48cf-84db-f77bc01c8bbc""}]","[{""uri"": ""http://localhost:8000/plugins/controlled-list-manager/item/38729dbe-6d1c-48ce-bf47-e2a18945600e"", ""labels"": [{""id"": ""08a9b0bd-4713-4ea6-a829-66a64240e254"", ""value"": ""English (language)"", ""language_id"": ""en"", ""list_item_id"": ""38729dbe-6d1c-48ce-bf47-e2a18945600e"", ""valuetype_id"": ""prefLabel""}], ""list_id"": ""f7fc4f6d-fd46-4881-846f-4a08bc1a3fef""}]",3695cff8-d770-11ef-8f5d-0275dc2ded29
f4d423d3-eb08-4152-bc4f-261d135e7456,36956e50-d770-11ef-8f5d-0275dc2ded29,166c7b56-b36e-4cfa-9dc0-7d232f147d69,1,311993be-981c-4bcb-8a20-5c52171b19ee,"{""en"": {""value"": ""Peabody Museum of Archaeology & Ehtnology"", ""direction"": ""ltr""}}","[{""uri"": ""http://localhost:8000/plugins/controlled-list-manager/item/5f400d39-3b6b-4b8a-939b-4e49787c7444"", ""labels"": [{""id"": ""0070cd3b-1dd7-48ee-9f29-b97266bf5afb"", ""value"": ""preferred terms"", ""language_id"": ""en"", ""list_item_id"": ""5f400d39-3b6b-4b8a-939b-4e49787c7444"", ""valuetype_id"": ""prefLabel""}], ""list_id"": ""80028d07-9c98-48cf-84db-f77bc01c8bbc""}]","[{""uri"": ""http://localhost:8000/plugins/controlled-list-manager/item/38729dbe-6d1c-48ce-bf47-e2a18945600e"", ""labels"": [{""id"": ""08a9b0bd-4713-4ea6-a829-66a64240e254"", ""value"": ""English (language)"", ""language_id"": ""en"", ""list_item_id"": ""38729dbe-6d1c-48ce-bf47-e2a18945600e"", ""valuetype_id"": ""prefLabel""}], ""list_id"": ""f7fc4f6d-fd46-4881-846f-4a08bc1a3fef""}]",3695cff8-d770-11ef-8f5d-0275dc2ded29
9392634f-e956-4776-b4a8-a924557a05f8,36956e50-d770-11ef-8f5d-0275dc2ded29,166c7b56-b36e-4cfa-9dc0-7d232f147d69,1,032fcdc1-d1b0-4844-8450-97cecf4d9b4e,"{""en"": {""value"": ""Getty Conservation Institute (GCI)"", ""direction"": ""ltr""}}","[{""uri"": ""http://localhost:8000/plugins/controlled-list-manager/item/5f400d39-3b6b-4b8a-939b-4e49787c7444"", ""labels"": [{""id"": ""0070cd3b-1dd7-48ee-9f29-b97266bf5afb"", ""value"": ""preferred terms"", ""language_id"": ""en"", ""list_item_id"": ""5f400d39-3b6b-4b8a-939b-4e49787c7444"", ""valuetype_id"": ""prefLabel""}], ""list_id"": ""80028d07-9c98-48cf-84db-f77bc01c8bbc""}]","[{""uri"": ""http://localhost:8000/plugins/controlled-list-manager/item/38729dbe-6d1c-48ce-bf47-e2a18945600e"", ""labels"": [{""id"": ""08a9b0bd-4713-4ea6-a829-66a64240e254"", ""value"": ""English (language)"", ""language_id"": ""en"", ""list_item_id"": ""38729dbe-6d1c-48ce-bf47-e2a18945600e"", ""valuetype_id"": ""prefLabel""}], ""list_id"": ""f7fc4f6d-fd46-4881-846f-4a08bc1a3fef""}]",3695cff8-d770-11ef-8f5d-0275dc2ded29
d228e27a-d93b-43b3-9803-c38a39243ace,36956e50-d770-11ef-8f5d-0275dc2ded29,166c7b56-b36e-4cfa-9dc0-7d232f147d69,1,fd983f1d-1ef8-4984-bff3-7554e4b79047,"{""en"": {""value"": ""Robert Gamblin"", ""direction"": ""ltr""}}","[{""uri"": ""http://localhost:8000/plugins/controlled-list-manager/item/5f400d39-3b6b-4b8a-939b-4e49787c7444"", ""labels"": [{""id"": ""0070cd3b-1dd7-48ee-9f29-b97266bf5afb"", ""value"": ""preferred terms"", ""language_id"": ""en"", ""list_item_id"": ""5f400d39-3b6b-4b8a-939b-4e49787c7444"", ""valuetype_id"": ""prefLabel""}], ""list_id"": ""80028d07-9c98-48cf-84db-f77bc01c8bbc""}]","[{""uri"": ""http://localhost:8000/plugins/controlled-list-manager/item/38729dbe-6d1c-48ce-bf47-e2a18945600e"", ""labels"": [{""id"": ""08a9b0bd-4713-4ea6-a829-66a64240e254"", ""value"": ""English (language)"", ""language_id"": ""en"", ""list_item_id"": ""38729dbe-6d1c-48ce-bf47-e2a18945600e"", ""valuetype_id"": ""prefLabel""}], ""list_id"": ""f7fc4f6d-fd46-4881-846f-4a08bc1a3fef""}]",3695cff8-d770-11ef-8f5d-0275dc2ded29
d28d3e76-3b7e-4599-834a-14f8bc893116,36956e50-d770-11ef-8f5d-0275dc2ded29,166c7b56-b36e-4cfa-9dc0-7d232f147d69,1,7fdb8997-0b48-40ca-a1d6-9d424cfeb0a1,"{""en"": {""value"": ""Vateria Copalifers"", ""direction"": ""ltr""}}","[{""uri"": ""http://localhost:8000/plugins/controlled-list-manager/item/5f400d39-3b6b-4b8a-939b-4e49787c7444"", ""labels"": [{""id"": ""0070cd3b-1dd7-48ee-9f29-b97266bf5afb"", ""value"": ""preferred terms"", ""language_id"": ""en"", ""list_item_id"": ""5f400d39-3b6b-4b8a-939b-4e49787c7444"", ""valuetype_id"": ""prefLabel""}], ""list_id"": ""80028d07-9c98-48cf-84db-f77bc01c8bbc""}]","[{""uri"": ""http://localhost:8000/plugins/controlled-list-manager/item/38729dbe-6d1c-48ce-bf47-e2a18945600e"", ""labels"": [{""id"": ""08a9b0bd-4713-4ea6-a829-66a64240e254"", ""value"": ""English (language)"", ""language_id"": ""en"", ""list_item_id"": ""38729dbe-6d1c-48ce-bf47-e2a18945600e"", ""valuetype_id"": ""prefLabel""}], ""list_id"": ""f7fc4f6d-fd46-4881-846f-4a08bc1a3fef""}]",3695cff8-d770-11ef-8f5d-0275dc2ded29
dd5f3a43-1983-4291-b983-4b8b237664bf,36956e50-d770-11ef-8f5d-0275dc2ded29,166c7b56-b36e-4cfa-9dc0-7d232f147d69,1,c894ffc7-3ef4-43b8-bb76-57dfdf08a031,"{""en"": {""value"": ""Dominion"", ""direction"": ""ltr""}}","[{""uri"": ""http://localhost:8000/plugins/controlled-list-manager/item/5f400d39-3b6b-4b8a-939b-4e49787c7444"", ""labels"": [{""id"": ""0070cd3b-1dd7-48ee-9f29-b97266bf5afb"", ""value"": ""preferred terms"", ""language_id"": ""en"", ""list_item_id"": ""5f400d39-3b6b-4b8a-939b-4e49787c7444"", ""valuetype_id"": ""prefLabel""}], ""list_id"": ""80028d07-9c98-48cf-84db-f77bc01c8bbc""}]","[{""uri"": ""http://localhost:8000/plugins/controlled-list-manager/item/38729dbe-6d1c-48ce-bf47-e2a18945600e"", ""labels"": [{""id"": ""08a9b0bd-4713-4ea6-a829-66a64240e254"", ""value"": ""English (language)"", ""language_id"": ""en"", ""list_item_id"": ""38729dbe-6d1c-48ce-bf47-e2a18945600e"", ""valuetype_id"": ""prefLabel""}], ""list_id"": ""f7fc4f6d-fd46-4881-846f-4a08bc1a3fef""}]",3695cff8-d770-11ef-8f5d-0275dc2ded29
0c4992f7-296b-4f6e-8bff-f31de44daf92,36956e50-d770-11ef-8f5d-0275dc2ded29,166c7b56-b36e-4cfa-9dc0-7d232f147d69,1,7d32b042-8758-46cc-b8e6-d954d44bfbe3,"{""en"": {""value"": ""Agfa Gevaert"", ""direction"": ""ltr""}}","[{""uri"": ""http://localhost:8000/plugins/controlled-list-manager/item/5f400d39-3b6b-4b8a-939b-4e49787c7444"", ""labels"": [{""id"": ""0070cd3b-1dd7-48ee-9f29-b97266bf5afb"", ""value"": ""preferred terms"", ""language_id"": ""en"", ""list_item_id"": ""5f400d39-3b6b-4b8a-939b-4e49787c7444"", ""valuetype_id"": ""prefLabel""}], ""list_id"": ""80028d07-9c98-48cf-84db-f77bc01c8bbc""}]","[{""uri"": ""http://localhost:8000/plugins/controlled-list-manager/item/38729dbe-6d1c-48ce-bf47-e2a18945600e"", ""labels"": [{""id"": ""08a9b0bd-4713-4ea6-a829-66a64240e254"", ""value"": ""English (language)"", ""language_id"": ""en"", ""list_item_id"": ""38729dbe-6d1c-48ce-bf47-e2a18945600e"", ""valuetype_id"": ""prefLabel""}], ""list_id"": ""f7fc4f6d-fd46-4881-846f-4a08bc1a3fef""}]",3695cff8-d770-11ef-8f5d-0275dc2ded29
e15c0bcd-f3ef-4bc8-b950-58556987ae4e,36956e50-d770-11ef-8f5d-0275dc2ded29,166c7b56-b36e-4cfa-9dc0-7d232f147d69,1,155e2db1-3e51-4c2e-9bcb-abd7c9cab559,"{""en"": {""value"": ""Robertson"", ""direction"": ""ltr""}}","[{""uri"": ""http://localhost:8000/plugins/controlled-list-manager/item/5f400d39-3b6b-4b8a-939b-4e49787c7444"", ""labels"": [{""id"": ""0070cd3b-1dd7-48ee-9f29-b97266bf5afb"", ""value"": ""preferred terms"", ""language_id"": ""en"", ""list_item_id"": ""5f400d39-3b6b-4b8a-939b-4e49787c7444"", ""valuetype_id"": ""prefLabel""}], ""list_id"": ""80028d07-9c98-48cf-84db-f77bc01c8bbc""}]","[{""uri"": ""http://localhost:8000/plugins/controlled-list-manager/item/38729dbe-6d1c-48ce-bf47-e2a18945600e"", ""labels"": [{""id"": ""08a9b0bd-4713-4ea6-a829-66a64240e254"", ""value"": ""English (language)"", ""language_id"": ""en"", ""list_item_id"": ""38729dbe-6d1c-48ce-bf47-e2a18945600e"", ""valuetype_id"": ""prefLabel""}], ""list_id"": ""f7fc4f6d-fd46-4881-846f-4a08bc1a3fef""}]",3695cff8-d770-11ef-8f5d-0275dc2ded29
4a7e98c7-c23c-442f-a76e-bb0ca07dabbd,36956e50-d770-11ef-8f5d-0275dc2ded29,166c7b56-b36e-4cfa-9dc0-7d232f147d69,1,ac939ca1-294b-4bbb-b8bf-d39161ea17aa,"{""en"": {""value"": ""AQUA-TEC / BOCOUR (U.S.)"", ""direction"": ""ltr""}}","[{""uri"": ""http://localhost:8000/plugins/controlled-list-manager/item/5f400d39-3b6b-4b8a-939b-4e49787c7444"", ""labels"": [{""id"": ""0070cd3b-1dd7-48ee-9f29-b97266bf5afb"", ""value"": ""preferred terms"", ""language_id"": ""en"", ""list_item_id"": ""5f400d39-3b6b-4b8a-939b-4e49787c7444"", ""valuetype_id"": ""prefLabel""}], ""list_id"": ""80028d07-9c98-48cf-84db-f77bc01c8bbc""}]","[{""uri"": ""http://localhost:8000/plugins/controlled-list-manager/item/38729dbe-6d1c-48ce-bf47-e2a18945600e"", ""labels"": [{""id"": ""08a9b0bd-4713-4ea6-a829-66a64240e254"", ""value"": ""English (language)"", ""language_id"": ""en"", ""list_item_id"": ""38729dbe-6d1c-48ce-bf47-e2a18945600e"", ""valuetype_id"": ""prefLabel""}], ""list_id"": ""f7fc4f6d-fd46-4881-846f-4a08bc1a3fef""}]",3695cff8-d770-11ef-8f5d-0275dc2ded29
619b0aa4-82d7-4dd7-bcb8-dfd72d2c83f9,36956e50-d770-11ef-8f5d-0275dc2ded29,166c7b56-b36e-4cfa-9dc0-7d232f147d69,1,33f97046-cbdb-445b-b1d3-9619843d5c30,"{""en"": {""value"": ""Wight & Arn"", ""direction"": ""ltr""}}","[{""uri"": ""http://localhost:8000/plugins/controlled-list-manager/item/5f400d39-3b6b-4b8a-939b-4e49787c7444"", ""labels"": [{""id"": ""0070cd3b-1dd7-48ee-9f29-b97266bf5afb"", ""value"": ""preferred terms"", ""language_id"": ""en"", ""list_item_id"": ""5f400d39-3b6b-4b8a-939b-4e49787c7444"", ""valuetype_id"": ""prefLabel""}], ""list_id"": ""80028d07-9c98-48cf-84db-f77bc01c8bbc""}]","[{""uri"": ""http://localhost:8000/plugins/controlled-list-manager/item/38729dbe-6d1c-48ce-bf47-e2a18945600e"", ""labels"": [{""id"": ""08a9b0bd-4713-4ea6-a829-66a64240e254"", ""value"": ""English (language)"", ""language_id"": ""en"", ""list_item_id"": ""38729dbe-6d1c-48ce-bf47-e2a18945600e"", ""valuetype_id"": ""prefLabel""}], ""list_id"": ""f7fc4f6d-fd46-4881-846f-4a08bc1a3fef""}]",3695cff8-d770-11ef-8f5d-0275dc2ded29
3185721b-1583-495a-a9cb-b5d974fa4f59,36956e50-d770-11ef-8f5d-0275dc2ded29,166c7b56-b36e-4cfa-9dc0-7d232f147d69,1,e0501922-ec63-4ec1-a2b6-5c969f71794b,"{""en"": {""value"": ""Standard Brands Paints"", ""direction"": ""ltr""}}","[{""uri"": ""http://localhost:8000/plugins/controlled-list-manager/item/5f400d39-3b6b-4b8a-939b-4e49787c7444"", ""labels"": [{""id"": ""0070cd3b-1dd7-48ee-9f29-b97266bf5afb"", ""value"": ""preferred terms"", ""language_id"": ""en"", ""list_item_id"": ""5f400d39-3b6b-4b8a-939b-4e49787c7444"", ""valuetype_id"": ""prefLabel""}], ""list_id"": ""80028d07-9c98-48cf-84db-f77bc01c8bbc""}]","[{""uri"": ""http://localhost:8000/plugins/controlled-list-manager/item/38729dbe-6d1c-48ce-bf47-e2a18945600e"", ""labels"": [{""id"": ""08a9b0bd-4713-4ea6-a829-66a64240e254"", ""value"": ""English (language)"", ""language_id"": ""en"", ""list_item_id"": ""38729dbe-6d1c-48ce-bf47-e2a18945600e"", ""valuetype_id"": ""prefLabel""}], ""list_id"": ""f7fc4f6d-fd46-4881-846f-4a08bc1a3fef""}]",3695cff8-d770-11ef-8f5d-0275dc2ded29
2d01f105-e424-4617-b43e-623dd697a99c,36956e50-d770-11ef-8f5d-0275dc2ded29,166c7b56-b36e-4cfa-9dc0-7d232f147d69,1,619df74a-387c-4983-87de-c937c2a64e38,"{""en"": {""value"": ""Block X"", ""direction"": ""ltr""}}","[{""uri"": ""http://localhost:8000/plugins/controlled-list-manager/item/5f400d39-3b6b-4b8a-939b-4e49787c7444"", ""labels"": [{""id"": ""0070cd3b-1dd7-48ee-9f29-b97266bf5afb"", ""value"": ""preferred terms"", ""language_id"": ""en"", ""list_item_id"": ""5f400d39-3b6b-4b8a-939b-4e49787c7444"", ""valuetype_id"": ""prefLabel""}], ""list_id"": ""80028d07-9c98-48cf-84db-f77bc01c8bbc""}]","[{""uri"": ""http://localhost:8000/plugins/controlled-list-manager/item/38729dbe-6d1c-48ce-bf47-e2a18945600e"", ""labels"": [{""id"": ""08a9b0bd-4713-4ea6-a829-66a64240e254"", ""value"": ""English (language)"", ""language_id"": ""en"", ""list_item_id"": ""38729dbe-6d1c-48ce-bf47-e2a18945600e"", ""valuetype_id"": ""prefLabel""}], ""list_id"": ""f7fc4f6d-fd46-4881-846f-4a08bc1a3fef""}]",3695cff8-d770-11ef-8f5d-0275dc2ded29
afd3daf3-e2e2-4278-b289-2414fd6a936e,36956e50-d770-11ef-8f5d-0275dc2ded29,166c7b56-b36e-4cfa-9dc0-7d232f147d69,1,fcc6f3ae-5e7b-4074-b0c7-9b58e40d8320,"{""en"": {""value"": ""O.G. Innes Corporation"", ""direction"": ""ltr""}}","[{""uri"": ""http://localhost:8000/plugins/controlled-list-manager/item/5f400d39-3b6b-4b8a-939b-4e49787c7444"", ""labels"": [{""id"": ""0070cd3b-1dd7-48ee-9f29-b97266bf5afb"", ""value"": ""preferred terms"", ""language_id"": ""en"", ""list_item_id"": ""5f400d39-3b6b-4b8a-939b-4e49787c7444"", ""valuetype_id"": ""prefLabel""}], ""list_id"": ""80028d07-9c98-48cf-84db-f77bc01c8bbc""}]","[{""uri"": ""http://localhost:8000/plugins/controlled-list-manager/item/38729dbe-6d1c-48ce-bf47-e2a18945600e"", ""labels"": [{""id"": ""08a9b0bd-4713-4ea6-a829-66a64240e254"", ""value"": ""English (language)"", ""language_id"": ""en"", ""list_item_id"": ""38729dbe-6d1c-48ce-bf47-e2a18945600e"", ""valuetype_id"": ""prefLabel""}], ""list_id"": ""f7fc4f6d-fd46-4881-846f-4a08bc1a3fef""}]",3695cff8-d770-11ef-8f5d-0275dc2ded29
84ef8eef-af84-4e47-88f7-fe11d1ac1c84,36956e50-d770-11ef-8f5d-0275dc2ded29,166c7b56-b36e-4cfa-9dc0-7d232f147d69,1,d3a6c2b6-fb57-40bb-ad9e-371401bf3b82,"{""en"": {""value"": ""J D Penberthy"", ""direction"": ""ltr""}}","[{""uri"": ""http://localhost:8000/plugins/controlled-list-manager/item/5f400d39-3b6b-4b8a-939b-4e49787c7444"", ""labels"": [{""id"": ""0070cd3b-1dd7-48ee-9f29-b97266bf5afb"", ""value"": ""preferred terms"", ""language_id"": ""en"", ""list_item_id"": ""5f400d39-3b6b-4b8a-939b-4e49787c7444"", ""valuetype_id"": ""prefLabel""}], ""list_id"": ""80028d07-9c98-48cf-84db-f77bc01c8bbc""}]","[{""uri"": ""http://localhost:8000/plugins/controlled-list-manager/item/38729dbe-6d1c-48ce-bf47-e2a18945600e"", ""labels"": [{""id"": ""08a9b0bd-4713-4ea6-a829-66a64240e254"", ""value"": ""English (language)"", ""language_id"": ""en"", ""list_item_id"": ""38729dbe-6d1c-48ce-bf47-e2a18945600e"", ""valuetype_id"": ""prefLabel""}], ""list_id"": ""f7fc4f6d-fd46-4881-846f-4a08bc1a3fef""}]",3695cff8-d770-11ef-8f5d-0275dc2ded29
b9b7655b-0f3d-468a-86f2-03aed06fae7b,36956e50-d770-11ef-8f5d-0275dc2ded29,166c7b56-b36e-4cfa-9dc0-7d232f147d69,1,f0b74308-d03d-4a30-a4a5-82c357edc463,"{""en"": {""value"": ""Borden Inc."", ""direction"": ""ltr""}}","[{""uri"": ""http://localhost:8000/plugins/controlled-list-manager/item/5f400d39-3b6b-4b8a-939b-4e49787c7444"", ""labels"": [{""id"": ""0070cd3b-1dd7-48ee-9f29-b97266bf5afb"", ""value"": ""preferred terms"", ""language_id"": ""en"", ""list_item_id"": ""5f400d39-3b6b-4b8a-939b-4e49787c7444"", ""valuetype_id"": ""prefLabel""}], ""list_id"": ""80028d07-9c98-48cf-84db-f77bc01c8bbc""}]","[{""uri"": ""http://localhost:8000/plugins/controlled-list-manager/item/38729dbe-6d1c-48ce-bf47-e2a18945600e"", ""labels"": [{""id"": ""08a9b0bd-4713-4ea6-a829-66a64240e254"", ""value"": ""English (language)"", ""language_id"": ""en"", ""list_item_id"": ""38729dbe-6d1c-48ce-bf47-e2a18945600e"", ""valuetype_id"": ""prefLabel""}], ""list_id"": ""f7fc4f6d-fd46-4881-846f-4a08bc1a3fef""}]",3695cff8-d770-11ef-8f5d-0275dc2ded29
597e4ec5-93a8-4628-963d-1a17b67d1dbd,36956e50-d770-11ef-8f5d-0275dc2ded29,166c7b56-b36e-4cfa-9dc0-7d232f147d69,1,395a64eb-6bc5-4cf3-a042-05d31bf0448b,"{""en"": {""value"": ""Oriental Photo Co."", ""direction"": ""ltr""}}","[{""uri"": ""http://localhost:8000/plugins/controlled-list-manager/item/5f400d39-3b6b-4b8a-939b-4e49787c7444"", ""labels"": [{""id"": ""0070cd3b-1dd7-48ee-9f29-b97266bf5afb"", ""value"": ""preferred terms"", ""language_id"": ""en"", ""list_item_id"": ""5f400d39-3b6b-4b8a-939b-4e49787c7444"", ""valuetype_id"": ""prefLabel""}], ""list_id"": ""80028d07-9c98-48cf-84db-f77bc01c8bbc""}]","[{""uri"": ""http://localhost:8000/plugins/controlled-list-manager/item/38729dbe-6d1c-48ce-bf47-e2a18945600e"", ""labels"": [{""id"": ""08a9b0bd-4713-4ea6-a829-66a64240e254"", ""value"": ""English (language)"", ""language_id"": ""en"", ""list_item_id"": ""38729dbe-6d1c-48ce-bf47-e2a18945600e"", ""valuetype_id"": ""prefLabel""}], ""list_id"": ""f7fc4f6d-fd46-4881-846f-4a08bc1a3fef""}]",3695cff8-d770-11ef-8f5d-0275dc2ded29
384283e5-d319-4582-8f39-8dee1aca7b43,36956e50-d770-11ef-8f5d-0275dc2ded29,166c7b56-b36e-4cfa-9dc0-7d232f147d69,1,f760bafb-f1bb-4868-96ac-0d5c341aad36,"{""en"": {""value"": ""Creative Products Corporation"", ""direction"": ""ltr""}}","[{""uri"": ""http://localhost:8000/plugins/controlled-list-manager/item/5f400d39-3b6b-4b8a-939b-4e49787c7444"", ""labels"": [{""id"": ""0070cd3b-1dd7-48ee-9f29-b97266bf5afb"", ""value"": ""preferred terms"", ""language_id"": ""en"", ""list_item_id"": ""5f400d39-3b6b-4b8a-939b-4e49787c7444"", ""valuetype_id"": ""prefLabel""}], ""list_id"": ""80028d07-9c98-48cf-84db-f77bc01c8bbc""}]","[{""uri"": ""http://localhost:8000/plugins/controlled-list-manager/item/38729dbe-6d1c-48ce-bf47-e2a18945600e"", ""labels"": [{""id"": ""08a9b0bd-4713-4ea6-a829-66a64240e254"", ""value"": ""English (language)"", ""language_id"": ""en"", ""list_item_id"": ""38729dbe-6d1c-48ce-bf47-e2a18945600e"", ""valuetype_id"": ""prefLabel""}], ""list_id"": ""f7fc4f6d-fd46-4881-846f-4a08bc1a3fef""}]",3695cff8-d770-11ef-8f5d-0275dc2ded29
966dd409-85b2-4175-9898-94ae218b74a8,36956e50-d770-11ef-8f5d-0275dc2ded29,166c7b56-b36e-4cfa-9dc0-7d232f147d69,1,4fa9274f-757d-415f-8969-6eb0e21ca671,"{""en"": {""value"": ""Amsterdam Art"", ""direction"": ""ltr""}}","[{""uri"": ""http://localhost:8000/plugins/controlled-list-manager/item/5f400d39-3b6b-4b8a-939b-4e49787c7444"", ""labels"": [{""id"": ""0070cd3b-1dd7-48ee-9f29-b97266bf5afb"", ""value"": ""preferred terms"", ""language_id"": ""en"", ""list_item_id"": ""5f400d39-3b6b-4b8a-939b-4e49787c7444"", ""valuetype_id"": ""prefLabel""}], ""list_id"": ""80028d07-9c98-48cf-84db-f77bc01c8bbc""}]","[{""uri"": ""http://localhost:8000/plugins/controlled-list-manager/item/38729dbe-6d1c-48ce-bf47-e2a18945600e"", ""labels"": [{""id"": ""08a9b0bd-4713-4ea6-a829-66a64240e254"", ""value"": ""English (language)"", ""language_id"": ""en"", ""list_item_id"": ""38729dbe-6d1c-48ce-bf47-e2a18945600e"", ""valuetype_id"": ""prefLabel""}], ""list_id"": ""f7fc4f6d-fd46-4881-846f-4a08bc1a3fef""}]",3695cff8-d770-11ef-8f5d-0275dc2ded29
493b7718-7786-4dc6-8e77-6af31a798082,36956e50-d770-11ef-8f5d-0275dc2ded29,166c7b56-b36e-4cfa-9dc0-7d232f147d69,1,588a4179-c6d7-4620-9a68-c63202961b16,"{""en"": {""value"": ""Russells"", ""direction"": ""ltr""}}","[{""uri"": ""http://localhost:8000/plugins/controlled-list-manager/item/5f400d39-3b6b-4b8a-939b-4e49787c7444"", ""labels"": [{""id"": ""0070cd3b-1dd7-48ee-9f29-b97266bf5afb"", ""value"": ""preferred terms"", ""language_id"": ""en"", ""list_item_id"": ""5f400d39-3b6b-4b8a-939b-4e49787c7444"", ""valuetype_id"": ""prefLabel""}], ""list_id"": ""80028d07-9c98-48cf-84db-f77bc01c8bbc""}]","[{""uri"": ""http://localhost:8000/plugins/controlled-list-manager/item/38729dbe-6d1c-48ce-bf47-e2a18945600e"", ""labels"": [{""id"": ""08a9b0bd-4713-4ea6-a829-66a64240e254"", ""value"": ""English (language)"", ""language_id"": ""en"", ""list_item_id"": ""38729dbe-6d1c-48ce-bf47-e2a18945600e"", ""valuetype_id"": ""prefLabel""}], ""list_id"": ""f7fc4f6d-fd46-4881-846f-4a08bc1a3fef""}]",3695cff8-d770-11ef-8f5d-0275dc2ded29
d464462f-9777-4003-9f61-44ed1ff2c36c,36956e50-d770-11ef-8f5d-0275dc2ded29,166c7b56-b36e-4cfa-9dc0-7d232f147d69,1,705627c4-557f-4a37-9aa2-3c940c96bea8,"{""en"": {""value"": ""Union Carbide Corporation"", ""direction"": ""ltr""}}","[{""uri"": ""http://localhost:8000/plugins/controlled-list-manager/item/5f400d39-3b6b-4b8a-939b-4e49787c7444"", ""labels"": [{""id"": ""0070cd3b-1dd7-48ee-9f29-b97266bf5afb"", ""value"": ""preferred terms"", ""language_id"": ""en"", ""list_item_id"": ""5f400d39-3b6b-4b8a-939b-4e49787c7444"", ""valuetype_id"": ""prefLabel""}], ""list_id"": ""80028d07-9c98-48cf-84db-f77bc01c8bbc""}]","[{""uri"": ""http://localhost:8000/plugins/controlled-list-manager/item/38729dbe-6d1c-48ce-bf47-e2a18945600e"", ""labels"": [{""id"": ""08a9b0bd-4713-4ea6-a829-66a64240e254"", ""value"": ""English (language)"", ""language_id"": ""en"", ""list_item_id"": ""38729dbe-6d1c-48ce-bf47-e2a18945600e"", ""valuetype_id"": ""prefLabel""}], ""list_id"": ""f7fc4f6d-fd46-4881-846f-4a08bc1a3fef""}]",3695cff8-d770-11ef-8f5d-0275dc2ded29
9bc5ee6a-ec75-42f3-9a97-314458656280,36956e50-d770-11ef-8f5d-0275dc2ded29,166c7b56-b36e-4cfa-9dc0-7d232f147d69,1,a427be46-adfe-4c03-8fcd-2206e0d539dd,"{""en"": {""value"": ""Anstead"", ""direction"": ""ltr""}}","[{""uri"": ""http://localhost:8000/plugins/controlled-list-manager/item/5f400d39-3b6b-4b8a-939b-4e49787c7444"", ""labels"": [{""id"": ""0070cd3b-1dd7-48ee-9f29-b97266bf5afb"", ""value"": ""preferred terms"", ""language_id"": ""en"", ""list_item_id"": ""5f400d39-3b6b-4b8a-939b-4e49787c7444"", ""valuetype_id"": ""prefLabel""}], ""list_id"": ""80028d07-9c98-48cf-84db-f77bc01c8bbc""}]","[{""uri"": ""http://localhost:8000/plugins/controlled-list-manager/item/38729dbe-6d1c-48ce-bf47-e2a18945600e"", ""labels"": [{""id"": ""08a9b0bd-4713-4ea6-a829-66a64240e254"", ""value"": ""English (language)"", ""language_id"": ""en"", ""list_item_id"": ""38729dbe-6d1c-48ce-bf47-e2a18945600e"", ""valuetype_id"": ""prefLabel""}], ""list_id"": ""f7fc4f6d-fd46-4881-846f-4a08bc1a3fef""}]",3695cff8-d770-11ef-8f5d-0275dc2ded29
f6ea4411-5900-415b-9709-3bf83c8c9fa5,36956e50-d770-11ef-8f5d-0275dc2ded29,166c7b56-b36e-4cfa-9dc0-7d232f147d69,1,4da8d31d-65ed-404b-8ff0-1d297aba0794,"{""en"": {""value"": ""Fang-Huo Pharmacy, Monterey Park, CA"", ""direction"": ""ltr""}}","[{""uri"": ""http://localhost:8000/plugins/controlled-list-manager/item/5f400d39-3b6b-4b8a-939b-4e49787c7444"", ""labels"": [{""id"": ""0070cd3b-1dd7-48ee-9f29-b97266bf5afb"", ""value"": ""preferred terms"", ""language_id"": ""en"", ""list_item_id"": ""5f400d39-3b6b-4b8a-939b-4e49787c7444"", ""valuetype_id"": ""prefLabel""}], ""list_id"": ""80028d07-9c98-48cf-84db-f77bc01c8bbc""}]","[{""uri"": ""http://localhost:8000/plugins/controlled-list-manager/item/38729dbe-6d1c-48ce-bf47-e2a18945600e"", ""labels"": [{""id"": ""08a9b0bd-4713-4ea6-a829-66a64240e254"", ""value"": ""English (language)"", ""language_id"": ""en"", ""list_item_id"": ""38729dbe-6d1c-48ce-bf47-e2a18945600e"", ""valuetype_id"": ""prefLabel""}], ""list_id"": ""f7fc4f6d-fd46-4881-846f-4a08bc1a3fef""}]",3695cff8-d770-11ef-8f5d-0275dc2ded29
63a6759b-b11c-43ed-95b3-be606602f5a3,36956e50-d770-11ef-8f5d-0275dc2ded29,166c7b56-b36e-4cfa-9dc0-7d232f147d69,1,1277967d-716e-4e0e-9637-bbbfac5b657f,"{""en"": {""value"": ""Heubach"", ""direction"": ""ltr""}}","[{""uri"": ""http://localhost:8000/plugins/controlled-list-manager/item/5f400d39-3b6b-4b8a-939b-4e49787c7444"", ""labels"": [{""id"": ""0070cd3b-1dd7-48ee-9f29-b97266bf5afb"", ""value"": ""preferred terms"", ""language_id"": ""en"", ""list_item_id"": ""5f400d39-3b6b-4b8a-939b-4e49787c7444"", ""valuetype_id"": ""prefLabel""}], ""list_id"": ""80028d07-9c98-48cf-84db-f77bc01c8bbc""}]","[{""uri"": ""http://localhost:8000/plugins/controlled-list-manager/item/38729dbe-6d1c-48ce-bf47-e2a18945600e"", ""labels"": [{""id"": ""08a9b0bd-4713-4ea6-a829-66a64240e254"", ""value"": ""English (language)"", ""language_id"": ""en"", ""list_item_id"": ""38729dbe-6d1c-48ce-bf47-e2a18945600e"", ""valuetype_id"": ""prefLabel""}], ""list_id"": ""f7fc4f6d-fd46-4881-846f-4a08bc1a3fef""}]",3695cff8-d770-11ef-8f5d-0275dc2ded29
62785c27-85dc-4268-808d-aaca710ed8a2,36956e50-d770-11ef-8f5d-0275dc2ded29,166c7b56-b36e-4cfa-9dc0-7d232f147d69,1,8233dedd-a553-4ac9-9136-505596833ba6,"{""en"": {""value"": ""Marthe Keller"", ""direction"": ""ltr""}}","[{""uri"": ""http://localhost:8000/plugins/controlled-list-manager/item/5f400d39-3b6b-4b8a-939b-4e49787c7444"", ""labels"": [{""id"": ""0070cd3b-1dd7-48ee-9f29-b97266bf5afb"", ""value"": ""preferred terms"", ""language_id"": ""en"", ""list_item_id"": ""5f400d39-3b6b-4b8a-939b-4e49787c7444"", ""valuetype_id"": ""prefLabel""}], ""list_id"": ""80028d07-9c98-48cf-84db-f77bc01c8bbc""}]","[{""uri"": ""http://localhost:8000/plugins/controlled-list-manager/item/38729dbe-6d1c-48ce-bf47-e2a18945600e"", ""labels"": [{""id"": ""08a9b0bd-4713-4ea6-a829-66a64240e254"", ""value"": ""English (language)"", ""language_id"": ""en"", ""list_item_id"": ""38729dbe-6d1c-48ce-bf47-e2a18945600e"", ""valuetype_id"": ""prefLabel""}], ""list_id"": ""f7fc4f6d-fd46-4881-846f-4a08bc1a3fef""}]",3695cff8-d770-11ef-8f5d-0275dc2ded29
3159457d-3516-4ec0-a24c-1a9e77dde563,36956e50-d770-11ef-8f5d-0275dc2ded29,166c7b56-b36e-4cfa-9dc0-7d232f147d69,1,0559f72c-5696-4c22-922d-24cf4e622d5a,"{""en"": {""value"": ""Foma Bohemia"", ""direction"": ""ltr""}}","[{""uri"": ""http://localhost:8000/plugins/controlled-list-manager/item/5f400d39-3b6b-4b8a-939b-4e49787c7444"", ""labels"": [{""id"": ""0070cd3b-1dd7-48ee-9f29-b97266bf5afb"", ""value"": ""preferred terms"", ""language_id"": ""en"", ""list_item_id"": ""5f400d39-3b6b-4b8a-939b-4e49787c7444"", ""valuetype_id"": ""prefLabel""}], ""list_id"": ""80028d07-9c98-48cf-84db-f77bc01c8bbc""}]","[{""uri"": ""http://localhost:8000/plugins/controlled-list-manager/item/38729dbe-6d1c-48ce-bf47-e2a18945600e"", ""labels"": [{""id"": ""08a9b0bd-4713-4ea6-a829-66a64240e254"", ""value"": ""English (language)"", ""language_id"": ""en"", ""list_item_id"": ""38729dbe-6d1c-48ce-bf47-e2a18945600e"", ""valuetype_id"": ""prefLabel""}], ""list_id"": ""f7fc4f6d-fd46-4881-846f-4a08bc1a3fef""}]",3695cff8-d770-11ef-8f5d-0275dc2ded29
aca9cb5c-e708-44d5-8328-a2b7753d648a,36956e50-d770-11ef-8f5d-0275dc2ded29,166c7b56-b36e-4cfa-9dc0-7d232f147d69,1,46b3ffde-8fc1-4e63-8df2-acbd28021fb6,"{""en"": {""value"": ""M. Derrick"", ""direction"": ""ltr""}}","[{""uri"": ""http://localhost:8000/plugins/controlled-list-manager/item/5f400d39-3b6b-4b8a-939b-4e49787c7444"", ""labels"": [{""id"": ""0070cd3b-1dd7-48ee-9f29-b97266bf5afb"", ""value"": ""preferred terms"", ""language_id"": ""en"", ""list_item_id"": ""5f400d39-3b6b-4b8a-939b-4e49787c7444"", ""valuetype_id"": ""prefLabel""}], ""list_id"": ""80028d07-9c98-48cf-84db-f77bc01c8bbc""}]","[{""uri"": ""http://localhost:8000/plugins/controlled-list-manager/item/38729dbe-6d1c-48ce-bf47-e2a18945600e"", ""labels"": [{""id"": ""08a9b0bd-4713-4ea6-a829-66a64240e254"", ""value"": ""English (language)"", ""language_id"": ""en"", ""list_item_id"": ""38729dbe-6d1c-48ce-bf47-e2a18945600e"", ""valuetype_id"": ""prefLabel""}], ""list_id"": ""f7fc4f6d-fd46-4881-846f-4a08bc1a3fef""}]",3695cff8-d770-11ef-8f5d-0275dc2ded29
9e851491-9e30-40f7-ab60-6f5409e258df,36956e50-d770-11ef-8f5d-0275dc2ded29,166c7b56-b36e-4cfa-9dc0-7d232f147d69,1,e7eec797-4c2a-4ef8-86f6-e4663040d4a4,"{""en"": {""value"": ""Fesandie and Sperrie Inc."", ""direction"": ""ltr""}}","[{""uri"": ""http://localhost:8000/plugins/controlled-list-manager/item/5f400d39-3b6b-4b8a-939b-4e49787c7444"", ""labels"": [{""id"": ""0070cd3b-1dd7-48ee-9f29-b97266bf5afb"", ""value"": ""preferred terms"", ""language_id"": ""en"", ""list_item_id"": ""5f400d39-3b6b-4b8a-939b-4e49787c7444"", ""valuetype_id"": ""prefLabel""}], ""list_id"": ""80028d07-9c98-48cf-84db-f77bc01c8bbc""}]","[{""uri"": ""http://localhost:8000/plugins/controlled-list-manager/item/38729dbe-6d1c-48ce-bf47-e2a18945600e"", ""labels"": [{""id"": ""08a9b0bd-4713-4ea6-a829-66a64240e254"", ""value"": ""English (language)"", ""language_id"": ""en"", ""list_item_id"": ""38729dbe-6d1c-48ce-bf47-e2a18945600e"", ""valuetype_id"": ""prefLabel""}], ""list_id"": ""f7fc4f6d-fd46-4881-846f-4a08bc1a3fef""}]",3695cff8-d770-11ef-8f5d-0275dc2ded29
0c1e2f68-db4d-4e12-8462-3edc689934b4,36956e50-d770-11ef-8f5d-0275dc2ded29,166c7b56-b36e-4cfa-9dc0-7d232f147d69,1,bbad55f9-abc7-481e-b0f3-70820d7c588e,"{""en"": {""value"": ""Cornell University"", ""direction"": ""ltr""}}","[{""uri"": ""http://localhost:8000/plugins/controlled-list-manager/item/5f400d39-3b6b-4b8a-939b-4e49787c7444"", ""labels"": [{""id"": ""0070cd3b-1dd7-48ee-9f29-b97266bf5afb"", ""value"": ""preferred terms"", ""language_id"": ""en"", ""list_item_id"": ""5f400d39-3b6b-4b8a-939b-4e49787c7444"", ""valuetype_id"": ""prefLabel""}], ""list_id"": ""80028d07-9c98-48cf-84db-f77bc01c8bbc""}]","[{""uri"": ""http://localhost:8000/plugins/controlled-list-manager/item/38729dbe-6d1c-48ce-bf47-e2a18945600e"", ""labels"": [{""id"": ""08a9b0bd-4713-4ea6-a829-66a64240e254"", ""value"": ""English (language)"", ""language_id"": ""en"", ""list_item_id"": ""38729dbe-6d1c-48ce-bf47-e2a18945600e"", ""valuetype_id"": ""prefLabel""}], ""list_id"": ""f7fc4f6d-fd46-4881-846f-4a08bc1a3fef""}]",3695cff8-d770-11ef-8f5d-0275dc2ded29
014d55b3-87b5-473c-bfe3-833d6b5cb619,36956e50-d770-11ef-8f5d-0275dc2ded29,166c7b56-b36e-4cfa-9dc0-7d232f147d69,1,883bfd31-16c1-4888-8ba4-c382881fed16,"{""en"": {""value"": ""Museum Services Corp."", ""direction"": ""ltr""}}","[{""uri"": ""http://localhost:8000/plugins/controlled-list-manager/item/5f400d39-3b6b-4b8a-939b-4e49787c7444"", ""labels"": [{""id"": ""0070cd3b-1dd7-48ee-9f29-b97266bf5afb"", ""value"": ""preferred terms"", ""language_id"": ""en"", ""list_item_id"": ""5f400d39-3b6b-4b8a-939b-4e49787c7444"", ""valuetype_id"": ""prefLabel""}], ""list_id"": ""80028d07-9c98-48cf-84db-f77bc01c8bbc""}]","[{""uri"": ""http://localhost:8000/plugins/controlled-list-manager/item/38729dbe-6d1c-48ce-bf47-e2a18945600e"", ""labels"": [{""id"": ""08a9b0bd-4713-4ea6-a829-66a64240e254"", ""value"": ""English (language)"", ""language_id"": ""en"", ""list_item_id"": ""38729dbe-6d1c-48ce-bf47-e2a18945600e"", ""valuetype_id"": ""prefLabel""}], ""list_id"": ""f7fc4f6d-fd46-4881-846f-4a08bc1a3fef""}]",3695cff8-d770-11ef-8f5d-0275dc2ded29
4ee5888f-5e6a-4f4f-baef-7a1e5f3d32a3,36956e50-d770-11ef-8f5d-0275dc2ded29,166c7b56-b36e-4cfa-9dc0-7d232f147d69,1,b477be2d-b72e-4010-9700-5d5007a2e80f,"{""en"": {""value"": ""Talas"", ""direction"": ""ltr""}}","[{""uri"": ""http://localhost:8000/plugins/controlled-list-manager/item/5f400d39-3b6b-4b8a-939b-4e49787c7444"", ""labels"": [{""id"": ""0070cd3b-1dd7-48ee-9f29-b97266bf5afb"", ""value"": ""preferred terms"", ""language_id"": ""en"", ""list_item_id"": ""5f400d39-3b6b-4b8a-939b-4e49787c7444"", ""valuetype_id"": ""prefLabel""}], ""list_id"": ""80028d07-9c98-48cf-84db-f77bc01c8bbc""}]","[{""uri"": ""http://localhost:8000/plugins/controlled-list-manager/item/38729dbe-6d1c-48ce-bf47-e2a18945600e"", ""labels"": [{""id"": ""08a9b0bd-4713-4ea6-a829-66a64240e254"", ""value"": ""English (language)"", ""language_id"": ""en"", ""list_item_id"": ""38729dbe-6d1c-48ce-bf47-e2a18945600e"", ""valuetype_id"": ""prefLabel""}], ""list_id"": ""f7fc4f6d-fd46-4881-846f-4a08bc1a3fef""}]",3695cff8-d770-11ef-8f5d-0275dc2ded29
4e587e36-7e2a-4928-b127-779117093924,36956e50-d770-11ef-8f5d-0275dc2ded29,166c7b56-b36e-4cfa-9dc0-7d232f147d69,1,44e69ddc-b564-46dd-9bf0-9da8d3acfb1c,"{""en"": {""value"": ""Sabáo Aristolino"", ""direction"": ""ltr""}}","[{""uri"": ""http://localhost:8000/plugins/controlled-list-manager/item/5f400d39-3b6b-4b8a-939b-4e49787c7444"", ""labels"": [{""id"": ""0070cd3b-1dd7-48ee-9f29-b97266bf5afb"", ""value"": ""preferred terms"", ""language_id"": ""en"", ""list_item_id"": ""5f400d39-3b6b-4b8a-939b-4e49787c7444"", ""valuetype_id"": ""prefLabel""}], ""list_id"": ""80028d07-9c98-48cf-84db-f77bc01c8bbc""}]","[{""uri"": ""http://localhost:8000/plugins/controlled-list-manager/item/38729dbe-6d1c-48ce-bf47-e2a18945600e"", ""labels"": [{""id"": ""08a9b0bd-4713-4ea6-a829-66a64240e254"", ""value"": ""English (language)"", ""language_id"": ""en"", ""list_item_id"": ""38729dbe-6d1c-48ce-bf47-e2a18945600e"", ""valuetype_id"": ""prefLabel""}], ""list_id"": ""f7fc4f6d-fd46-4881-846f-4a08bc1a3fef""}]",3695cff8-d770-11ef-8f5d-0275dc2ded29
5b9eb5c9-efcb-4618-918e-7965fa829b2e,36956e50-d770-11ef-8f5d-0275dc2ded29,166c7b56-b36e-4cfa-9dc0-7d232f147d69,1,763c5b67-9091-4428-8b6d-cf3e46b3f37f,"{""en"": {""value"": ""Ladco Laboratories, Inc."", ""direction"": ""ltr""}}","[{""uri"": ""http://localhost:8000/plugins/controlled-list-manager/item/5f400d39-3b6b-4b8a-939b-4e49787c7444"", ""labels"": [{""id"": ""0070cd3b-1dd7-48ee-9f29-b97266bf5afb"", ""value"": ""preferred terms"", ""language_id"": ""en"", ""list_item_id"": ""5f400d39-3b6b-4b8a-939b-4e49787c7444"", ""valuetype_id"": ""prefLabel""}], ""list_id"": ""80028d07-9c98-48cf-84db-f77bc01c8bbc""}]","[{""uri"": ""http://localhost:8000/plugins/controlled-list-manager/item/38729dbe-6d1c-48ce-bf47-e2a18945600e"", ""labels"": [{""id"": ""08a9b0bd-4713-4ea6-a829-66a64240e254"", ""value"": ""English (language)"", ""language_id"": ""en"", ""list_item_id"": ""38729dbe-6d1c-48ce-bf47-e2a18945600e"", ""valuetype_id"": ""prefLabel""}], ""list_id"": ""f7fc4f6d-fd46-4881-846f-4a08bc1a3fef""}]",3695cff8-d770-11ef-8f5d-0275dc2ded29
16fb00b9-143c-49c6-aee7-7ab4074ea3b0,36956e50-d770-11ef-8f5d-0275dc2ded29,166c7b56-b36e-4cfa-9dc0-7d232f147d69,1,021b6185-7da0-4c05-9e46-862b63616016,"{""en"": {""value"": ""Old Holland"", ""direction"": ""ltr""}}","[{""uri"": ""http://localhost:8000/plugins/controlled-list-manager/item/5f400d39-3b6b-4b8a-939b-4e49787c7444"", ""labels"": [{""id"": ""0070cd3b-1dd7-48ee-9f29-b97266bf5afb"", ""value"": ""preferred terms"", ""language_id"": ""en"", ""list_item_id"": ""5f400d39-3b6b-4b8a-939b-4e49787c7444"", ""valuetype_id"": ""prefLabel""}], ""list_id"": ""80028d07-9c98-48cf-84db-f77bc01c8bbc""}]","[{""uri"": ""http://localhost:8000/plugins/controlled-list-manager/item/38729dbe-6d1c-48ce-bf47-e2a18945600e"", ""labels"": [{""id"": ""08a9b0bd-4713-4ea6-a829-66a64240e254"", ""value"": ""English (language)"", ""language_id"": ""en"", ""list_item_id"": ""38729dbe-6d1c-48ce-bf47-e2a18945600e"", ""valuetype_id"": ""prefLabel""}], ""list_id"": ""f7fc4f6d-fd46-4881-846f-4a08bc1a3fef""}]",3695cff8-d770-11ef-8f5d-0275dc2ded29
28bbf17d-2a1a-4d16-bda6-a8fa4fc7f43d,36956e50-d770-11ef-8f5d-0275dc2ded29,166c7b56-b36e-4cfa-9dc0-7d232f147d69,1,1465d92c-474b-4d55-8e07-414ca621b0de,"{""en"": {""value"": ""S.A.M. Monowar Jahan"", ""direction"": ""ltr""}}","[{""uri"": ""http://localhost:8000/plugins/controlled-list-manager/item/5f400d39-3b6b-4b8a-939b-4e49787c7444"", ""labels"": [{""id"": ""0070cd3b-1dd7-48ee-9f29-b97266bf5afb"", ""value"": ""preferred terms"", ""language_id"": ""en"", ""list_item_id"": ""5f400d39-3b6b-4b8a-939b-4e49787c7444"", ""valuetype_id"": ""prefLabel""}], ""list_id"": ""80028d07-9c98-48cf-84db-f77bc01c8bbc""}]","[{""uri"": ""http://localhost:8000/plugins/controlled-list-manager/item/38729dbe-6d1c-48ce-bf47-e2a18945600e"", ""labels"": [{""id"": ""08a9b0bd-4713-4ea6-a829-66a64240e254"", ""value"": ""English (language)"", ""language_id"": ""en"", ""list_item_id"": ""38729dbe-6d1c-48ce-bf47-e2a18945600e"", ""valuetype_id"": ""prefLabel""}], ""list_id"": ""f7fc4f6d-fd46-4881-846f-4a08bc1a3fef""}]",3695cff8-d770-11ef-8f5d-0275dc2ded29
ca6a4e2f-f6e7-4ea6-be46-c7caa2b1862f,36956e50-d770-11ef-8f5d-0275dc2ded29,166c7b56-b36e-4cfa-9dc0-7d232f147d69,1,93c1f8fa-2907-46a4-9150-a7d3b4001fd8,"{""en"": {""value"": ""Tong Ren Tang, Beijing"", ""direction"": ""ltr""}}","[{""uri"": ""http://localhost:8000/plugins/controlled-list-manager/item/5f400d39-3b6b-4b8a-939b-4e49787c7444"", ""labels"": [{""id"": ""0070cd3b-1dd7-48ee-9f29-b97266bf5afb"", ""value"": ""preferred terms"", ""language_id"": ""en"", ""list_item_id"": ""5f400d39-3b6b-4b8a-939b-4e49787c7444"", ""valuetype_id"": ""prefLabel""}], ""list_id"": ""80028d07-9c98-48cf-84db-f77bc01c8bbc""}]","[{""uri"": ""http://localhost:8000/plugins/controlled-list-manager/item/38729dbe-6d1c-48ce-bf47-e2a18945600e"", ""labels"": [{""id"": ""08a9b0bd-4713-4ea6-a829-66a64240e254"", ""value"": ""English (language)"", ""language_id"": ""en"", ""list_item_id"": ""38729dbe-6d1c-48ce-bf47-e2a18945600e"", ""valuetype_id"": ""prefLabel""}], ""list_id"": ""f7fc4f6d-fd46-4881-846f-4a08bc1a3fef""}]",3695cff8-d770-11ef-8f5d-0275dc2ded29
54fc44a8-f620-4702-a35d-59940f3d844e,36956e50-d770-11ef-8f5d-0275dc2ded29,166c7b56-b36e-4cfa-9dc0-7d232f147d69,1,598b0559-1a21-424d-a5e7-04daecd9f8f5,"{""en"": {""value"": ""Mino"", ""direction"": ""ltr""}}","[{""uri"": ""http://localhost:8000/plugins/controlled-list-manager/item/5f400d39-3b6b-4b8a-939b-4e49787c7444"", ""labels"": [{""id"": ""0070cd3b-1dd7-48ee-9f29-b97266bf5afb"", ""value"": ""preferred terms"", ""language_id"": ""en"", ""list_item_id"": ""5f400d39-3b6b-4b8a-939b-4e49787c7444"", ""valuetype_id"": ""prefLabel""}], ""list_id"": ""80028d07-9c98-48cf-84db-f77bc01c8bbc""}]","[{""uri"": ""http://localhost:8000/plugins/controlled-list-manager/item/38729dbe-6d1c-48ce-bf47-e2a18945600e"", ""labels"": [{""id"": ""08a9b0bd-4713-4ea6-a829-66a64240e254"", ""value"": ""English (language)"", ""language_id"": ""en"", ""list_item_id"": ""38729dbe-6d1c-48ce-bf47-e2a18945600e"", ""valuetype_id"": ""prefLabel""}], ""list_id"": ""f7fc4f6d-fd46-4881-846f-4a08bc1a3fef""}]",3695cff8-d770-11ef-8f5d-0275dc2ded29
4d884ca1-983e-4c62-ab4e-24e31a75f374,36956e50-d770-11ef-8f5d-0275dc2ded29,166c7b56-b36e-4cfa-9dc0-7d232f147d69,1,49878c4c-f9e8-4561-aa58-d8161c90f740,"{""en"": {""value"": ""Dick Blick Art Materials"", ""direction"": ""ltr""}}","[{""uri"": ""http://localhost:8000/plugins/controlled-list-manager/item/5f400d39-3b6b-4b8a-939b-4e49787c7444"", ""labels"": [{""id"": ""0070cd3b-1dd7-48ee-9f29-b97266bf5afb"", ""value"": ""preferred terms"", ""language_id"": ""en"", ""list_item_id"": ""5f400d39-3b6b-4b8a-939b-4e49787c7444"", ""valuetype_id"": ""prefLabel""}], ""list_id"": ""80028d07-9c98-48cf-84db-f77bc01c8bbc""}]","[{""uri"": ""http://localhost:8000/plugins/controlled-list-manager/item/38729dbe-6d1c-48ce-bf47-e2a18945600e"", ""labels"": [{""id"": ""08a9b0bd-4713-4ea6-a829-66a64240e254"", ""value"": ""English (language)"", ""language_id"": ""en"", ""list_item_id"": ""38729dbe-6d1c-48ce-bf47-e2a18945600e"", ""valuetype_id"": ""prefLabel""}], ""list_id"": ""f7fc4f6d-fd46-4881-846f-4a08bc1a3fef""}]",3695cff8-d770-11ef-8f5d-0275dc2ded29
710a2f4c-ba89-4b10-a86b-7207813c2ab5,36956e50-d770-11ef-8f5d-0275dc2ded29,166c7b56-b36e-4cfa-9dc0-7d232f147d69,1,f4ef812e-48c9-4621-95a2-1792cb7a066d,"{""en"": {""value"": ""Hatfield"", ""direction"": ""ltr""}}","[{""uri"": ""http://localhost:8000/plugins/controlled-list-manager/item/5f400d39-3b6b-4b8a-939b-4e49787c7444"", ""labels"": [{""id"": ""0070cd3b-1dd7-48ee-9f29-b97266bf5afb"", ""value"": ""preferred terms"", ""language_id"": ""en"", ""list_item_id"": ""5f400d39-3b6b-4b8a-939b-4e49787c7444"", ""valuetype_id"": ""prefLabel""}], ""list_id"": ""80028d07-9c98-48cf-84db-f77bc01c8bbc""}]","[{""uri"": ""http://localhost:8000/plugins/controlled-list-manager/item/38729dbe-6d1c-48ce-bf47-e2a18945600e"", ""labels"": [{""id"": ""08a9b0bd-4713-4ea6-a829-66a64240e254"", ""value"": ""English (language)"", ""language_id"": ""en"", ""list_item_id"": ""38729dbe-6d1c-48ce-bf47-e2a18945600e"", ""valuetype_id"": ""prefLabel""}], ""list_id"": ""f7fc4f6d-fd46-4881-846f-4a08bc1a3fef""}]",3695cff8-d770-11ef-8f5d-0275dc2ded29
3ed9824b-a48d-4e82-8bda-c4423d772598,36956e50-d770-11ef-8f5d-0275dc2ded29,166c7b56-b36e-4cfa-9dc0-7d232f147d69,1,8c06811c-9227-4ed2-aee7-358be8ff1c41,"{""en"": {""value"": ""Binney & Smith (Liquitex)"", ""direction"": ""ltr""}}","[{""uri"": ""http://localhost:8000/plugins/controlled-list-manager/item/5f400d39-3b6b-4b8a-939b-4e49787c7444"", ""labels"": [{""id"": ""0070cd3b-1dd7-48ee-9f29-b97266bf5afb"", ""value"": ""preferred terms"", ""language_id"": ""en"", ""list_item_id"": ""5f400d39-3b6b-4b8a-939b-4e49787c7444"", ""valuetype_id"": ""prefLabel""}], ""list_id"": ""80028d07-9c98-48cf-84db-f77bc01c8bbc""}]","[{""uri"": ""http://localhost:8000/plugins/controlled-list-manager/item/38729dbe-6d1c-48ce-bf47-e2a18945600e"", ""labels"": [{""id"": ""08a9b0bd-4713-4ea6-a829-66a64240e254"", ""value"": ""English (language)"", ""language_id"": ""en"", ""list_item_id"": ""38729dbe-6d1c-48ce-bf47-e2a18945600e"", ""valuetype_id"": ""prefLabel""}], ""list_id"": ""f7fc4f6d-fd46-4881-846f-4a08bc1a3fef""}]",3695cff8-d770-11ef-8f5d-0275dc2ded29
d74f350e-0e92-4dde-804c-2c743e689434,36956e50-d770-11ef-8f5d-0275dc2ded29,166c7b56-b36e-4cfa-9dc0-7d232f147d69,1,e2ef15ae-4744-436f-b0d5-6d769d47d183,"{""en"": {""value"": ""Toyo Ink"", ""direction"": ""ltr""}}","[{""uri"": ""http://localhost:8000/plugins/controlled-list-manager/item/5f400d39-3b6b-4b8a-939b-4e49787c7444"", ""labels"": [{""id"": ""0070cd3b-1dd7-48ee-9f29-b97266bf5afb"", ""value"": ""preferred terms"", ""language_id"": ""en"", ""list_item_id"": ""5f400d39-3b6b-4b8a-939b-4e49787c7444"", ""valuetype_id"": ""prefLabel""}], ""list_id"": ""80028d07-9c98-48cf-84db-f77bc01c8bbc""}]","[{""uri"": ""http://localhost:8000/plugins/controlled-list-manager/item/38729dbe-6d1c-48ce-bf47-e2a18945600e"", ""labels"": [{""id"": ""08a9b0bd-4713-4ea6-a829-66a64240e254"", ""value"": ""English (language)"", ""language_id"": ""en"", ""list_item_id"": ""38729dbe-6d1c-48ce-bf47-e2a18945600e"", ""valuetype_id"": ""prefLabel""}], ""list_id"": ""f7fc4f6d-fd46-4881-846f-4a08bc1a3fef""}]",3695cff8-d770-11ef-8f5d-0275dc2ded29
10561300-fe6a-44a0-9229-1f4e81360ab4,36956e50-d770-11ef-8f5d-0275dc2ded29,166c7b56-b36e-4cfa-9dc0-7d232f147d69,1,31bf58a4-51b0-4bde-8ffd-9313c9becf71,"{""en"": {""value"": ""possibly Kremer"", ""direction"": ""ltr""}}","[{""uri"": ""http://localhost:8000/plugins/controlled-list-manager/item/5f400d39-3b6b-4b8a-939b-4e49787c7444"", ""labels"": [{""id"": ""0070cd3b-1dd7-48ee-9f29-b97266bf5afb"", ""value"": ""preferred terms"", ""language_id"": ""en"", ""list_item_id"": ""5f400d39-3b6b-4b8a-939b-4e49787c7444"", ""valuetype_id"": ""prefLabel""}], ""list_id"": ""80028d07-9c98-48cf-84db-f77bc01c8bbc""}]","[{""uri"": ""http://localhost:8000/plugins/controlled-list-manager/item/38729dbe-6d1c-48ce-bf47-e2a18945600e"", ""labels"": [{""id"": ""08a9b0bd-4713-4ea6-a829-66a64240e254"", ""value"": ""English (language)"", ""language_id"": ""en"", ""list_item_id"": ""38729dbe-6d1c-48ce-bf47-e2a18945600e"", ""valuetype_id"": ""prefLabel""}], ""list_id"": ""f7fc4f6d-fd46-4881-846f-4a08bc1a3fef""}]",3695cff8-d770-11ef-8f5d-0275dc2ded29
b285e0b9-6104-441c-bd9a-da6dc625bce8,36956e50-d770-11ef-8f5d-0275dc2ded29,166c7b56-b36e-4cfa-9dc0-7d232f147d69,1,d6439cb2-a7e7-4372-8491-4c98bafd7785,"{""en"": {""value"": ""Blacksun"", ""direction"": ""ltr""}}","[{""uri"": ""http://localhost:8000/plugins/controlled-list-manager/item/5f400d39-3b6b-4b8a-939b-4e49787c7444"", ""labels"": [{""id"": ""0070cd3b-1dd7-48ee-9f29-b97266bf5afb"", ""value"": ""preferred terms"", ""language_id"": ""en"", ""list_item_id"": ""5f400d39-3b6b-4b8a-939b-4e49787c7444"", ""valuetype_id"": ""prefLabel""}], ""list_id"": ""80028d07-9c98-48cf-84db-f77bc01c8bbc""}]","[{""uri"": ""http://localhost:8000/plugins/controlled-list-manager/item/38729dbe-6d1c-48ce-bf47-e2a18945600e"", ""labels"": [{""id"": ""08a9b0bd-4713-4ea6-a829-66a64240e254"", ""value"": ""English (language)"", ""language_id"": ""en"", ""list_item_id"": ""38729dbe-6d1c-48ce-bf47-e2a18945600e"", ""valuetype_id"": ""prefLabel""}], ""list_id"": ""f7fc4f6d-fd46-4881-846f-4a08bc1a3fef""}]",3695cff8-d770-11ef-8f5d-0275dc2ded29
b9f4dd2b-ca6e-45c6-85b9-45fcd7e5dd25,36956e50-d770-11ef-8f5d-0275dc2ded29,166c7b56-b36e-4cfa-9dc0-7d232f147d69,1,5ddb5c09-9dcf-4884-a040-83045c96bc67,"{""en"": {""value"": ""Kent Chemicals Ltd."", ""direction"": ""ltr""}}","[{""uri"": ""http://localhost:8000/plugins/controlled-list-manager/item/5f400d39-3b6b-4b8a-939b-4e49787c7444"", ""labels"": [{""id"": ""0070cd3b-1dd7-48ee-9f29-b97266bf5afb"", ""value"": ""preferred terms"", ""language_id"": ""en"", ""list_item_id"": ""5f400d39-3b6b-4b8a-939b-4e49787c7444"", ""valuetype_id"": ""prefLabel""}], ""list_id"": ""80028d07-9c98-48cf-84db-f77bc01c8bbc""}]","[{""uri"": ""http://localhost:8000/plugins/controlled-list-manager/item/38729dbe-6d1c-48ce-bf47-e2a18945600e"", ""labels"": [{""id"": ""08a9b0bd-4713-4ea6-a829-66a64240e254"", ""value"": ""English (language)"", ""language_id"": ""en"", ""list_item_id"": ""38729dbe-6d1c-48ce-bf47-e2a18945600e"", ""valuetype_id"": ""prefLabel""}], ""list_id"": ""f7fc4f6d-fd46-4881-846f-4a08bc1a3fef""}]",3695cff8-d770-11ef-8f5d-0275dc2ded29
618477e1-5d72-4337-9550-8f94e3b32119,36956e50-d770-11ef-8f5d-0275dc2ded29,166c7b56-b36e-4cfa-9dc0-7d232f147d69,1,2dd63ac9-fc7a-4f31-a7ba-d8aa2e5f9ef4,"{""en"": {""value"": ""J. Kucera"", ""direction"": ""ltr""}}","[{""uri"": ""http://localhost:8000/plugins/controlled-list-manager/item/5f400d39-3b6b-4b8a-939b-4e49787c7444"", ""labels"": [{""id"": ""0070cd3b-1dd7-48ee-9f29-b97266bf5afb"", ""value"": ""preferred terms"", ""language_id"": ""en"", ""list_item_id"": ""5f400d39-3b6b-4b8a-939b-4e49787c7444"", ""valuetype_id"": ""prefLabel""}], ""list_id"": ""80028d07-9c98-48cf-84db-f77bc01c8bbc""}]","[{""uri"": ""http://localhost:8000/plugins/controlled-list-manager/item/38729dbe-6d1c-48ce-bf47-e2a18945600e"", ""labels"": [{""id"": ""08a9b0bd-4713-4ea6-a829-66a64240e254"", ""value"": ""English (language)"", ""language_id"": ""en"", ""list_item_id"": ""38729dbe-6d1c-48ce-bf47-e2a18945600e"", ""valuetype_id"": ""prefLabel""}], ""list_id"": ""f7fc4f6d-fd46-4881-846f-4a08bc1a3fef""}]",3695cff8-d770-11ef-8f5d-0275dc2ded29
4bf92126-dd45-4d12-8948-44b6e0fe5fe6,36956e50-d770-11ef-8f5d-0275dc2ded29,166c7b56-b36e-4cfa-9dc0-7d232f147d69,1,e7eb929e-5d7f-40b9-8231-3990af67f023,"{""en"": {""value"": ""Knox Gelatine Inc."", ""direction"": ""ltr""}}","[{""uri"": ""http://localhost:8000/plugins/controlled-list-manager/item/5f400d39-3b6b-4b8a-939b-4e49787c7444"", ""labels"": [{""id"": ""0070cd3b-1dd7-48ee-9f29-b97266bf5afb"", ""value"": ""preferred terms"", ""language_id"": ""en"", ""list_item_id"": ""5f400d39-3b6b-4b8a-939b-4e49787c7444"", ""valuetype_id"": ""prefLabel""}], ""list_id"": ""80028d07-9c98-48cf-84db-f77bc01c8bbc""}]","[{""uri"": ""http://localhost:8000/plugins/controlled-list-manager/item/38729dbe-6d1c-48ce-bf47-e2a18945600e"", ""labels"": [{""id"": ""08a9b0bd-4713-4ea6-a829-66a64240e254"", ""value"": ""English (language)"", ""language_id"": ""en"", ""list_item_id"": ""38729dbe-6d1c-48ce-bf47-e2a18945600e"", ""valuetype_id"": ""prefLabel""}], ""list_id"": ""f7fc4f6d-fd46-4881-846f-4a08bc1a3fef""}]",3695cff8-d770-11ef-8f5d-0275dc2ded29
21fc6f6f-8010-464d-b010-ed01a423e1f9,36956e50-d770-11ef-8f5d-0275dc2ded29,166c7b56-b36e-4cfa-9dc0-7d232f147d69,1,86fc09d1-5691-4dec-ac08-94eb4fc41a89,"{""en"": {""value"": ""SueBee"", ""direction"": ""ltr""}}","[{""uri"": ""http://localhost:8000/plugins/controlled-list-manager/item/5f400d39-3b6b-4b8a-939b-4e49787c7444"", ""labels"": [{""id"": ""0070cd3b-1dd7-48ee-9f29-b97266bf5afb"", ""value"": ""preferred terms"", ""language_id"": ""en"", ""list_item_id"": ""5f400d39-3b6b-4b8a-939b-4e49787c7444"", ""valuetype_id"": ""prefLabel""}], ""list_id"": ""80028d07-9c98-48cf-84db-f77bc01c8bbc""}]","[{""uri"": ""http://localhost:8000/plugins/controlled-list-manager/item/38729dbe-6d1c-48ce-bf47-e2a18945600e"", ""labels"": [{""id"": ""08a9b0bd-4713-4ea6-a829-66a64240e254"", ""value"": ""English (language)"", ""language_id"": ""en"", ""list_item_id"": ""38729dbe-6d1c-48ce-bf47-e2a18945600e"", ""valuetype_id"": ""prefLabel""}], ""list_id"": ""f7fc4f6d-fd46-4881-846f-4a08bc1a3fef""}]",3695cff8-d770-11ef-8f5d-0275dc2ded29
57129dc1-052a-412a-98a1-cdf3781baf93,36956e50-d770-11ef-8f5d-0275dc2ded29,166c7b56-b36e-4cfa-9dc0-7d232f147d69,1,b06228ed-5257-46c6-8fdf-a19b5d64c645,"{""en"": {""value"": ""B&H Photo-Video-Pro Audio, Inc."", ""direction"": ""ltr""}}","[{""uri"": ""http://localhost:8000/plugins/controlled-list-manager/item/5f400d39-3b6b-4b8a-939b-4e49787c7444"", ""labels"": [{""id"": ""0070cd3b-1dd7-48ee-9f29-b97266bf5afb"", ""value"": ""preferred terms"", ""language_id"": ""en"", ""list_item_id"": ""5f400d39-3b6b-4b8a-939b-4e49787c7444"", ""valuetype_id"": ""prefLabel""}], ""list_id"": ""80028d07-9c98-48cf-84db-f77bc01c8bbc""}]","[{""uri"": ""http://localhost:8000/plugins/controlled-list-manager/item/38729dbe-6d1c-48ce-bf47-e2a18945600e"", ""labels"": [{""id"": ""08a9b0bd-4713-4ea6-a829-66a64240e254"", ""value"": ""English (language)"", ""language_id"": ""en"", ""list_item_id"": ""38729dbe-6d1c-48ce-bf47-e2a18945600e"", ""valuetype_id"": ""prefLabel""}], ""list_id"": ""f7fc4f6d-fd46-4881-846f-4a08bc1a3fef""}]",3695cff8-d770-11ef-8f5d-0275dc2ded29
975f159c-ef3d-4ea4-aba2-4056bfe97dbd,36956e50-d770-11ef-8f5d-0275dc2ded29,166c7b56-b36e-4cfa-9dc0-7d232f147d69,1,3a7ae3d1-60ed-44b8-b3cb-dd385fb4c801,"{""en"": {""value"": ""Daniel Smith Artist Materials"", ""direction"": ""ltr""}}","[{""uri"": ""http://localhost:8000/plugins/controlled-list-manager/item/5f400d39-3b6b-4b8a-939b-4e49787c7444"", ""labels"": [{""id"": ""0070cd3b-1dd7-48ee-9f29-b97266bf5afb"", ""value"": ""preferred terms"", ""language_id"": ""en"", ""list_item_id"": ""5f400d39-3b6b-4b8a-939b-4e49787c7444"", ""valuetype_id"": ""prefLabel""}], ""list_id"": ""80028d07-9c98-48cf-84db-f77bc01c8bbc""}]","[{""uri"": ""http://localhost:8000/plugins/controlled-list-manager/item/38729dbe-6d1c-48ce-bf47-e2a18945600e"", ""labels"": [{""id"": ""08a9b0bd-4713-4ea6-a829-66a64240e254"", ""value"": ""English (language)"", ""language_id"": ""en"", ""list_item_id"": ""38729dbe-6d1c-48ce-bf47-e2a18945600e"", ""valuetype_id"": ""prefLabel""}], ""list_id"": ""f7fc4f6d-fd46-4881-846f-4a08bc1a3fef""}]",3695cff8-d770-11ef-8f5d-0275dc2ded29
ace03008-6401-486a-a4bd-44e05555d29e,36956e50-d770-11ef-8f5d-0275dc2ded29,166c7b56-b36e-4cfa-9dc0-7d232f147d69,1,0bebebd8-717c-495b-8e32-5df54a81dbdc,"{""en"": {""value"": ""White Nights"", ""direction"": ""ltr""}}","[{""uri"": ""http://localhost:8000/plugins/controlled-list-manager/item/5f400d39-3b6b-4b8a-939b-4e49787c7444"", ""labels"": [{""id"": ""0070cd3b-1dd7-48ee-9f29-b97266bf5afb"", ""value"": ""preferred terms"", ""language_id"": ""en"", ""list_item_id"": ""5f400d39-3b6b-4b8a-939b-4e49787c7444"", ""valuetype_id"": ""prefLabel""}], ""list_id"": ""80028d07-9c98-48cf-84db-f77bc01c8bbc""}]","[{""uri"": ""http://localhost:8000/plugins/controlled-list-manager/item/38729dbe-6d1c-48ce-bf47-e2a18945600e"", ""labels"": [{""id"": ""08a9b0bd-4713-4ea6-a829-66a64240e254"", ""value"": ""English (language)"", ""language_id"": ""en"", ""list_item_id"": ""38729dbe-6d1c-48ce-bf47-e2a18945600e"", ""valuetype_id"": ""prefLabel""}], ""list_id"": ""f7fc4f6d-fd46-4881-846f-4a08bc1a3fef""}]",3695cff8-d770-11ef-8f5d-0275dc2ded29
85461569-a28e-4d53-a1f3-67a269ad80e5,36956e50-d770-11ef-8f5d-0275dc2ded29,166c7b56-b36e-4cfa-9dc0-7d232f147d69,1,77c5651c-be8c-4317-b666-2fcb2f823c2e,"{""en"": {""value"": ""Hunt"", ""direction"": ""ltr""}}","[{""uri"": ""http://localhost:8000/plugins/controlled-list-manager/item/5f400d39-3b6b-4b8a-939b-4e49787c7444"", ""labels"": [{""id"": ""0070cd3b-1dd7-48ee-9f29-b97266bf5afb"", ""value"": ""preferred terms"", ""language_id"": ""en"", ""list_item_id"": ""5f400d39-3b6b-4b8a-939b-4e49787c7444"", ""valuetype_id"": ""prefLabel""}], ""list_id"": ""80028d07-9c98-48cf-84db-f77bc01c8bbc""}]","[{""uri"": ""http://localhost:8000/plugins/controlled-list-manager/item/38729dbe-6d1c-48ce-bf47-e2a18945600e"", ""labels"": [{""id"": ""08a9b0bd-4713-4ea6-a829-66a64240e254"", ""value"": ""English (language)"", ""language_id"": ""en"", ""list_item_id"": ""38729dbe-6d1c-48ce-bf47-e2a18945600e"", ""valuetype_id"": ""prefLabel""}], ""list_id"": ""f7fc4f6d-fd46-4881-846f-4a08bc1a3fef""}]",3695cff8-d770-11ef-8f5d-0275dc2ded29
eff08e0f-0aa7-4d58-8a15-a5050fee8440,36956e50-d770-11ef-8f5d-0275dc2ded29,166c7b56-b36e-4cfa-9dc0-7d232f147d69,1,1494af6b-33c2-44ad-b3c9-2229b26db972,"{""en"": {""value"": ""Twiggs Co."", ""direction"": ""ltr""}}","[{""uri"": ""http://localhost:8000/plugins/controlled-list-manager/item/5f400d39-3b6b-4b8a-939b-4e49787c7444"", ""labels"": [{""id"": ""0070cd3b-1dd7-48ee-9f29-b97266bf5afb"", ""value"": ""preferred terms"", ""language_id"": ""en"", ""list_item_id"": ""5f400d39-3b6b-4b8a-939b-4e49787c7444"", ""valuetype_id"": ""prefLabel""}], ""list_id"": ""80028d07-9c98-48cf-84db-f77bc01c8bbc""}]","[{""uri"": ""http://localhost:8000/plugins/controlled-list-manager/item/38729dbe-6d1c-48ce-bf47-e2a18945600e"", ""labels"": [{""id"": ""08a9b0bd-4713-4ea6-a829-66a64240e254"", ""value"": ""English (language)"", ""language_id"": ""en"", ""list_item_id"": ""38729dbe-6d1c-48ce-bf47-e2a18945600e"", ""valuetype_id"": ""prefLabel""}], ""list_id"": ""f7fc4f6d-fd46-4881-846f-4a08bc1a3fef""}]",3695cff8-d770-11ef-8f5d-0275dc2ded29
c18d094e-c0d5-4076-860b-370b00e98dbd,36956e50-d770-11ef-8f5d-0275dc2ded29,166c7b56-b36e-4cfa-9dc0-7d232f147d69,1,775bcab7-4985-4b9c-98e6-db0f73279cdc,"{""en"": {""value"": ""Leeben Color"", ""direction"": ""ltr""}}","[{""uri"": ""http://localhost:8000/plugins/controlled-list-manager/item/5f400d39-3b6b-4b8a-939b-4e49787c7444"", ""labels"": [{""id"": ""0070cd3b-1dd7-48ee-9f29-b97266bf5afb"", ""value"": ""preferred terms"", ""language_id"": ""en"", ""list_item_id"": ""5f400d39-3b6b-4b8a-939b-4e49787c7444"", ""valuetype_id"": ""prefLabel""}], ""list_id"": ""80028d07-9c98-48cf-84db-f77bc01c8bbc""}]","[{""uri"": ""http://localhost:8000/plugins/controlled-list-manager/item/38729dbe-6d1c-48ce-bf47-e2a18945600e"", ""labels"": [{""id"": ""08a9b0bd-4713-4ea6-a829-66a64240e254"", ""value"": ""English (language)"", ""language_id"": ""en"", ""list_item_id"": ""38729dbe-6d1c-48ce-bf47-e2a18945600e"", ""valuetype_id"": ""prefLabel""}], ""list_id"": ""f7fc4f6d-fd46-4881-846f-4a08bc1a3fef""}]",3695cff8-d770-11ef-8f5d-0275dc2ded29
aed65c30-227d-4563-9a93-4ddf0cb648e4,36956e50-d770-11ef-8f5d-0275dc2ded29,166c7b56-b36e-4cfa-9dc0-7d232f147d69,1,1ccedb19-717c-4fa5-9f82-721d0f0df228,"{""en"": {""value"": ""Waterproof Paint & Varnish Co."", ""direction"": ""ltr""}}","[{""uri"": ""http://localhost:8000/plugins/controlled-list-manager/item/5f400d39-3b6b-4b8a-939b-4e49787c7444"", ""labels"": [{""id"": ""0070cd3b-1dd7-48ee-9f29-b97266bf5afb"", ""value"": ""preferred terms"", ""language_id"": ""en"", ""list_item_id"": ""5f400d39-3b6b-4b8a-939b-4e49787c7444"", ""valuetype_id"": ""prefLabel""}], ""list_id"": ""80028d07-9c98-48cf-84db-f77bc01c8bbc""}]","[{""uri"": ""http://localhost:8000/plugins/controlled-list-manager/item/38729dbe-6d1c-48ce-bf47-e2a18945600e"", ""labels"": [{""id"": ""08a9b0bd-4713-4ea6-a829-66a64240e254"", ""value"": ""English (language)"", ""language_id"": ""en"", ""list_item_id"": ""38729dbe-6d1c-48ce-bf47-e2a18945600e"", ""valuetype_id"": ""prefLabel""}], ""list_id"": ""f7fc4f6d-fd46-4881-846f-4a08bc1a3fef""}]",3695cff8-d770-11ef-8f5d-0275dc2ded29
6289eafd-15d6-4e24-9c69-e42c00fbc440,36956e50-d770-11ef-8f5d-0275dc2ded29,166c7b56-b36e-4cfa-9dc0-7d232f147d69,1,fdb8e5a6-d2fa-4f72-9302-0df80dbedd1b,"{""en"": {""value"": ""Luminos Photo Corp."", ""direction"": ""ltr""}}","[{""uri"": ""http://localhost:8000/plugins/controlled-list-manager/item/5f400d39-3b6b-4b8a-939b-4e49787c7444"", ""labels"": [{""id"": ""0070cd3b-1dd7-48ee-9f29-b97266bf5afb"", ""value"": ""preferred terms"", ""language_id"": ""en"", ""list_item_id"": ""5f400d39-3b6b-4b8a-939b-4e49787c7444"", ""valuetype_id"": ""prefLabel""}], ""list_id"": ""80028d07-9c98-48cf-84db-f77bc01c8bbc""}]","[{""uri"": ""http://localhost:8000/plugins/controlled-list-manager/item/38729dbe-6d1c-48ce-bf47-e2a18945600e"", ""labels"": [{""id"": ""08a9b0bd-4713-4ea6-a829-66a64240e254"", ""value"": ""English (language)"", ""language_id"": ""en"", ""list_item_id"": ""38729dbe-6d1c-48ce-bf47-e2a18945600e"", ""valuetype_id"": ""prefLabel""}], ""list_id"": ""f7fc4f6d-fd46-4881-846f-4a08bc1a3fef""}]",3695cff8-d770-11ef-8f5d-0275dc2ded29
8c6b1881-1252-4735-adfe-b36bb7de40d5,36956e50-d770-11ef-8f5d-0275dc2ded29,166c7b56-b36e-4cfa-9dc0-7d232f147d69,1,655173af-7a2f-4a45-9604-c77968cc6680,"{""en"": {""value"": ""Dalco"", ""direction"": ""ltr""}}","[{""uri"": ""http://localhost:8000/plugins/controlled-list-manager/item/5f400d39-3b6b-4b8a-939b-4e49787c7444"", ""labels"": [{""id"": ""0070cd3b-1dd7-48ee-9f29-b97266bf5afb"", ""value"": ""preferred terms"", ""language_id"": ""en"", ""list_item_id"": ""5f400d39-3b6b-4b8a-939b-4e49787c7444"", ""valuetype_id"": ""prefLabel""}], ""list_id"": ""80028d07-9c98-48cf-84db-f77bc01c8bbc""}]","[{""uri"": ""http://localhost:8000/plugins/controlled-list-manager/item/38729dbe-6d1c-48ce-bf47-e2a18945600e"", ""labels"": [{""id"": ""08a9b0bd-4713-4ea6-a829-66a64240e254"", ""value"": ""English (language)"", ""language_id"": ""en"", ""list_item_id"": ""38729dbe-6d1c-48ce-bf47-e2a18945600e"", ""valuetype_id"": ""prefLabel""}], ""list_id"": ""f7fc4f6d-fd46-4881-846f-4a08bc1a3fef""}]",3695cff8-d770-11ef-8f5d-0275dc2ded29
84e12210-f167-4f38-8d5c-c53f6d39e9f9,36956e50-d770-11ef-8f5d-0275dc2ded29,166c7b56-b36e-4cfa-9dc0-7d232f147d69,1,32fcaf3d-6106-4921-b481-72bd271cc473,"{""en"": {""value"": ""Jojoba Obispo"", ""direction"": ""ltr""}}","[{""uri"": ""http://localhost:8000/plugins/controlled-list-manager/item/5f400d39-3b6b-4b8a-939b-4e49787c7444"", ""labels"": [{""id"": ""0070cd3b-1dd7-48ee-9f29-b97266bf5afb"", ""value"": ""preferred terms"", ""language_id"": ""en"", ""list_item_id"": ""5f400d39-3b6b-4b8a-939b-4e49787c7444"", ""valuetype_id"": ""prefLabel""}], ""list_id"": ""80028d07-9c98-48cf-84db-f77bc01c8bbc""}]","[{""uri"": ""http://localhost:8000/plugins/controlled-list-manager/item/38729dbe-6d1c-48ce-bf47-e2a18945600e"", ""labels"": [{""id"": ""08a9b0bd-4713-4ea6-a829-66a64240e254"", ""value"": ""English (language)"", ""language_id"": ""en"", ""list_item_id"": ""38729dbe-6d1c-48ce-bf47-e2a18945600e"", ""valuetype_id"": ""prefLabel""}], ""list_id"": ""f7fc4f6d-fd46-4881-846f-4a08bc1a3fef""}]",3695cff8-d770-11ef-8f5d-0275dc2ded29
7fac1f6c-9b00-416f-a812-50619002c0de,36956e50-d770-11ef-8f5d-0275dc2ded29,166c7b56-b36e-4cfa-9dc0-7d232f147d69,1,2a9228a8-b426-4bed-8805-6d295f45030b,"{""en"": {""value"": ""Imp. Kwan Lee Co."", ""direction"": ""ltr""}}","[{""uri"": ""http://localhost:8000/plugins/controlled-list-manager/item/5f400d39-3b6b-4b8a-939b-4e49787c7444"", ""labels"": [{""id"": ""0070cd3b-1dd7-48ee-9f29-b97266bf5afb"", ""value"": ""preferred terms"", ""language_id"": ""en"", ""list_item_id"": ""5f400d39-3b6b-4b8a-939b-4e49787c7444"", ""valuetype_id"": ""prefLabel""}], ""list_id"": ""80028d07-9c98-48cf-84db-f77bc01c8bbc""}]","[{""uri"": ""http://localhost:8000/plugins/controlled-list-manager/item/38729dbe-6d1c-48ce-bf47-e2a18945600e"", ""labels"": [{""id"": ""08a9b0bd-4713-4ea6-a829-66a64240e254"", ""value"": ""English (language)"", ""language_id"": ""en"", ""list_item_id"": ""38729dbe-6d1c-48ce-bf47-e2a18945600e"", ""valuetype_id"": ""prefLabel""}], ""list_id"": ""f7fc4f6d-fd46-4881-846f-4a08bc1a3fef""}]",3695cff8-d770-11ef-8f5d-0275dc2ded29
2c4e5b4b-f469-479a-ae95-9cd0df9d6778,36956e50-d770-11ef-8f5d-0275dc2ded29,166c7b56-b36e-4cfa-9dc0-7d232f147d69,1,2354c263-36a7-4412-ad69-e544f1da63fc,"{""en"": {""value"": ""Tokyo National Research Institute of Cultural Properties"", ""direction"": ""ltr""}}","[{""uri"": ""http://localhost:8000/plugins/controlled-list-manager/item/5f400d39-3b6b-4b8a-939b-4e49787c7444"", ""labels"": [{""id"": ""0070cd3b-1dd7-48ee-9f29-b97266bf5afb"", ""value"": ""preferred terms"", ""language_id"": ""en"", ""list_item_id"": ""5f400d39-3b6b-4b8a-939b-4e49787c7444"", ""valuetype_id"": ""prefLabel""}], ""list_id"": ""80028d07-9c98-48cf-84db-f77bc01c8bbc""}]","[{""uri"": ""http://localhost:8000/plugins/controlled-list-manager/item/38729dbe-6d1c-48ce-bf47-e2a18945600e"", ""labels"": [{""id"": ""08a9b0bd-4713-4ea6-a829-66a64240e254"", ""value"": ""English (language)"", ""language_id"": ""en"", ""list_item_id"": ""38729dbe-6d1c-48ce-bf47-e2a18945600e"", ""valuetype_id"": ""prefLabel""}], ""list_id"": ""f7fc4f6d-fd46-4881-846f-4a08bc1a3fef""}]",3695cff8-d770-11ef-8f5d-0275dc2ded29
6ffc7f28-e248-46cc-9faf-c5e6f671d74d,36956e50-d770-11ef-8f5d-0275dc2ded29,166c7b56-b36e-4cfa-9dc0-7d232f147d69,1,202b9fec-7179-42e7-b321-9e8a9db9cdfd,"{""en"": {""value"": ""Superior Honey Company"", ""direction"": ""ltr""}}","[{""uri"": ""http://localhost:8000/plugins/controlled-list-manager/item/5f400d39-3b6b-4b8a-939b-4e49787c7444"", ""labels"": [{""id"": ""0070cd3b-1dd7-48ee-9f29-b97266bf5afb"", ""value"": ""preferred terms"", ""language_id"": ""en"", ""list_item_id"": ""5f400d39-3b6b-4b8a-939b-4e49787c7444"", ""valuetype_id"": ""prefLabel""}], ""list_id"": ""80028d07-9c98-48cf-84db-f77bc01c8bbc""}]","[{""uri"": ""http://localhost:8000/plugins/controlled-list-manager/item/38729dbe-6d1c-48ce-bf47-e2a18945600e"", ""labels"": [{""id"": ""08a9b0bd-4713-4ea6-a829-66a64240e254"", ""value"": ""English (language)"", ""language_id"": ""en"", ""list_item_id"": ""38729dbe-6d1c-48ce-bf47-e2a18945600e"", ""valuetype_id"": ""prefLabel""}], ""list_id"": ""f7fc4f6d-fd46-4881-846f-4a08bc1a3fef""}]",3695cff8-d770-11ef-8f5d-0275dc2ded29
73cc2962-847f-40ae-8fcb-cd972864b960,36956e50-d770-11ef-8f5d-0275dc2ded29,166c7b56-b36e-4cfa-9dc0-7d232f147d69,1,2a708334-4b86-45e2-a5ac-3efda2d0bde4,"{""en"": {""value"": ""Kodak Industrie"", ""direction"": ""ltr""}}","[{""uri"": ""http://localhost:8000/plugins/controlled-list-manager/item/5f400d39-3b6b-4b8a-939b-4e49787c7444"", ""labels"": [{""id"": ""0070cd3b-1dd7-48ee-9f29-b97266bf5afb"", ""value"": ""preferred terms"", ""language_id"": ""en"", ""list_item_id"": ""5f400d39-3b6b-4b8a-939b-4e49787c7444"", ""valuetype_id"": ""prefLabel""}], ""list_id"": ""80028d07-9c98-48cf-84db-f77bc01c8bbc""}]","[{""uri"": ""http://localhost:8000/plugins/controlled-list-manager/item/38729dbe-6d1c-48ce-bf47-e2a18945600e"", ""labels"": [{""id"": ""08a9b0bd-4713-4ea6-a829-66a64240e254"", ""value"": ""English (language)"", ""language_id"": ""en"", ""list_item_id"": ""38729dbe-6d1c-48ce-bf47-e2a18945600e"", ""valuetype_id"": ""prefLabel""}], ""list_id"": ""f7fc4f6d-fd46-4881-846f-4a08bc1a3fef""}]",3695cff8-d770-11ef-8f5d-0275dc2ded29
d45e719b-50bc-4c4f-aae2-bc3f54f21fbb,36956e50-d770-11ef-8f5d-0275dc2ded29,166c7b56-b36e-4cfa-9dc0-7d232f147d69,1,cc5f5d8f-612b-4527-afb0-678afd807a3e,"{""en"": {""value"": ""Vons"", ""direction"": ""ltr""}}","[{""uri"": ""http://localhost:8000/plugins/controlled-list-manager/item/5f400d39-3b6b-4b8a-939b-4e49787c7444"", ""labels"": [{""id"": ""0070cd3b-1dd7-48ee-9f29-b97266bf5afb"", ""value"": ""preferred terms"", ""language_id"": ""en"", ""list_item_id"": ""5f400d39-3b6b-4b8a-939b-4e49787c7444"", ""valuetype_id"": ""prefLabel""}], ""list_id"": ""80028d07-9c98-48cf-84db-f77bc01c8bbc""}]","[{""uri"": ""http://localhost:8000/plugins/controlled-list-manager/item/38729dbe-6d1c-48ce-bf47-e2a18945600e"", ""labels"": [{""id"": ""08a9b0bd-4713-4ea6-a829-66a64240e254"", ""value"": ""English (language)"", ""language_id"": ""en"", ""list_item_id"": ""38729dbe-6d1c-48ce-bf47-e2a18945600e"", ""valuetype_id"": ""prefLabel""}], ""list_id"": ""f7fc4f6d-fd46-4881-846f-4a08bc1a3fef""}]",3695cff8-d770-11ef-8f5d-0275dc2ded29
046ad813-633a-4fd4-be3e-80f706c486e1,36956e50-d770-11ef-8f5d-0275dc2ded29,166c7b56-b36e-4cfa-9dc0-7d232f147d69,1,ab9f0120-db92-4fdc-b4ab-074b68d4d9a5,"{""en"": {""value"": ""High School of Central Art Institute"", ""direction"": ""ltr""}}","[{""uri"": ""http://localhost:8000/plugins/controlled-list-manager/item/5f400d39-3b6b-4b8a-939b-4e49787c7444"", ""labels"": [{""id"": ""0070cd3b-1dd7-48ee-9f29-b97266bf5afb"", ""value"": ""preferred terms"", ""language_id"": ""en"", ""list_item_id"": ""5f400d39-3b6b-4b8a-939b-4e49787c7444"", ""valuetype_id"": ""prefLabel""}], ""list_id"": ""80028d07-9c98-48cf-84db-f77bc01c8bbc""}]","[{""uri"": ""http://localhost:8000/plugins/controlled-list-manager/item/38729dbe-6d1c-48ce-bf47-e2a18945600e"", ""labels"": [{""id"": ""08a9b0bd-4713-4ea6-a829-66a64240e254"", ""value"": ""English (language)"", ""language_id"": ""en"", ""list_item_id"": ""38729dbe-6d1c-48ce-bf47-e2a18945600e"", ""valuetype_id"": ""prefLabel""}], ""list_id"": ""f7fc4f6d-fd46-4881-846f-4a08bc1a3fef""}]",3695cff8-d770-11ef-8f5d-0275dc2ded29
70dadd1a-2267-442d-a7b4-6e6e805e0a46,36956e50-d770-11ef-8f5d-0275dc2ded29,166c7b56-b36e-4cfa-9dc0-7d232f147d69,1,691ae75b-b9c7-4d09-a3bc-6d9747364ef4,"{""en"": {""value"": ""Ilford Imaging UK"", ""direction"": ""ltr""}}","[{""uri"": ""http://localhost:8000/plugins/controlled-list-manager/item/5f400d39-3b6b-4b8a-939b-4e49787c7444"", ""labels"": [{""id"": ""0070cd3b-1dd7-48ee-9f29-b97266bf5afb"", ""value"": ""preferred terms"", ""language_id"": ""en"", ""list_item_id"": ""5f400d39-3b6b-4b8a-939b-4e49787c7444"", ""valuetype_id"": ""prefLabel""}], ""list_id"": ""80028d07-9c98-48cf-84db-f77bc01c8bbc""}]","[{""uri"": ""http://localhost:8000/plugins/controlled-list-manager/item/38729dbe-6d1c-48ce-bf47-e2a18945600e"", ""labels"": [{""id"": ""08a9b0bd-4713-4ea6-a829-66a64240e254"", ""value"": ""English (language)"", ""language_id"": ""en"", ""list_item_id"": ""38729dbe-6d1c-48ce-bf47-e2a18945600e"", ""valuetype_id"": ""prefLabel""}], ""list_id"": ""f7fc4f6d-fd46-4881-846f-4a08bc1a3fef""}]",3695cff8-d770-11ef-8f5d-0275dc2ded29
59472cc9-f37b-4f72-9f46-08ec79c1ac24,36956e50-d770-11ef-8f5d-0275dc2ded29,166c7b56-b36e-4cfa-9dc0-7d232f147d69,1,959328e5-5f78-46a9-bc6a-f4c8d49f1147,"{""en"": {""value"": ""Alois K. Diethelm"", ""direction"": ""ltr""}}","[{""uri"": ""http://localhost:8000/plugins/controlled-list-manager/item/5f400d39-3b6b-4b8a-939b-4e49787c7444"", ""labels"": [{""id"": ""0070cd3b-1dd7-48ee-9f29-b97266bf5afb"", ""value"": ""preferred terms"", ""language_id"": ""en"", ""list_item_id"": ""5f400d39-3b6b-4b8a-939b-4e49787c7444"", ""valuetype_id"": ""prefLabel""}], ""list_id"": ""80028d07-9c98-48cf-84db-f77bc01c8bbc""}]","[{""uri"": ""http://localhost:8000/plugins/controlled-list-manager/item/38729dbe-6d1c-48ce-bf47-e2a18945600e"", ""labels"": [{""id"": ""08a9b0bd-4713-4ea6-a829-66a64240e254"", ""value"": ""English (language)"", ""language_id"": ""en"", ""list_item_id"": ""38729dbe-6d1c-48ce-bf47-e2a18945600e"", ""valuetype_id"": ""prefLabel""}], ""list_id"": ""f7fc4f6d-fd46-4881-846f-4a08bc1a3fef""}]",3695cff8-d770-11ef-8f5d-0275dc2ded29
c8ef9b0d-f0d7-4cb1-b92c-a7a29f5e3d29,36956e50-d770-11ef-8f5d-0275dc2ded29,166c7b56-b36e-4cfa-9dc0-7d232f147d69,1,dc151b1c-63d2-4a46-b820-d3faf4924671,"{""en"": {""value"": ""R. F. Smith"", ""direction"": ""ltr""}}","[{""uri"": ""http://localhost:8000/plugins/controlled-list-manager/item/5f400d39-3b6b-4b8a-939b-4e49787c7444"", ""labels"": [{""id"": ""0070cd3b-1dd7-48ee-9f29-b97266bf5afb"", ""value"": ""preferred terms"", ""language_id"": ""en"", ""list_item_id"": ""5f400d39-3b6b-4b8a-939b-4e49787c7444"", ""valuetype_id"": ""prefLabel""}], ""list_id"": ""80028d07-9c98-48cf-84db-f77bc01c8bbc""}]","[{""uri"": ""http://localhost:8000/plugins/controlled-list-manager/item/38729dbe-6d1c-48ce-bf47-e2a18945600e"", ""labels"": [{""id"": ""08a9b0bd-4713-4ea6-a829-66a64240e254"", ""value"": ""English (language)"", ""language_id"": ""en"", ""list_item_id"": ""38729dbe-6d1c-48ce-bf47-e2a18945600e"", ""valuetype_id"": ""prefLabel""}], ""list_id"": ""f7fc4f6d-fd46-4881-846f-4a08bc1a3fef""}]",3695cff8-d770-11ef-8f5d-0275dc2ded29
b62d23ea-307c-425d-9e4f-a6ae9a808a22,36956e50-d770-11ef-8f5d-0275dc2ded29,166c7b56-b36e-4cfa-9dc0-7d232f147d69,1,f8bc80d2-3f07-4a99-8bc4-3c9da69bc9e9,"{""en"": {""value"": ""BF Goodrich Chemical Company"", ""direction"": ""ltr""}}","[{""uri"": ""http://localhost:8000/plugins/controlled-list-manager/item/5f400d39-3b6b-4b8a-939b-4e49787c7444"", ""labels"": [{""id"": ""0070cd3b-1dd7-48ee-9f29-b97266bf5afb"", ""value"": ""preferred terms"", ""language_id"": ""en"", ""list_item_id"": ""5f400d39-3b6b-4b8a-939b-4e49787c7444"", ""valuetype_id"": ""prefLabel""}], ""list_id"": ""80028d07-9c98-48cf-84db-f77bc01c8bbc""}]","[{""uri"": ""http://localhost:8000/plugins/controlled-list-manager/item/38729dbe-6d1c-48ce-bf47-e2a18945600e"", ""labels"": [{""id"": ""08a9b0bd-4713-4ea6-a829-66a64240e254"", ""value"": ""English (language)"", ""language_id"": ""en"", ""list_item_id"": ""38729dbe-6d1c-48ce-bf47-e2a18945600e"", ""valuetype_id"": ""prefLabel""}], ""list_id"": ""f7fc4f6d-fd46-4881-846f-4a08bc1a3fef""}]",3695cff8-d770-11ef-8f5d-0275dc2ded29
f965b7c3-c018-4d49-b382-f9ae34238e63,36956e50-d770-11ef-8f5d-0275dc2ded29,166c7b56-b36e-4cfa-9dc0-7d232f147d69,1,af9b5c75-e040-444d-be88-a711dff31e4c,"{""en"": {""value"": ""Santa Ynez Lavender"", ""direction"": ""ltr""}}","[{""uri"": ""http://localhost:8000/plugins/controlled-list-manager/item/5f400d39-3b6b-4b8a-939b-4e49787c7444"", ""labels"": [{""id"": ""0070cd3b-1dd7-48ee-9f29-b97266bf5afb"", ""value"": ""preferred terms"", ""language_id"": ""en"", ""list_item_id"": ""5f400d39-3b6b-4b8a-939b-4e49787c7444"", ""valuetype_id"": ""prefLabel""}], ""list_id"": ""80028d07-9c98-48cf-84db-f77bc01c8bbc""}]","[{""uri"": ""http://localhost:8000/plugins/controlled-list-manager/item/38729dbe-6d1c-48ce-bf47-e2a18945600e"", ""labels"": [{""id"": ""08a9b0bd-4713-4ea6-a829-66a64240e254"", ""value"": ""English (language)"", ""language_id"": ""en"", ""list_item_id"": ""38729dbe-6d1c-48ce-bf47-e2a18945600e"", ""valuetype_id"": ""prefLabel""}], ""list_id"": ""f7fc4f6d-fd46-4881-846f-4a08bc1a3fef""}]",3695cff8-d770-11ef-8f5d-0275dc2ded29
453d61d9-adf8-43e2-b0d7-8a3b592ea2f1,36956e50-d770-11ef-8f5d-0275dc2ded29,166c7b56-b36e-4cfa-9dc0-7d232f147d69,1,a049e121-3793-44a9-9d19-bf79d16b6e1c,"{""en"": {""value"": ""Great Lakes Artist Materials Corporation"", ""direction"": ""ltr""}}","[{""uri"": ""http://localhost:8000/plugins/controlled-list-manager/item/5f400d39-3b6b-4b8a-939b-4e49787c7444"", ""labels"": [{""id"": ""0070cd3b-1dd7-48ee-9f29-b97266bf5afb"", ""value"": ""preferred terms"", ""language_id"": ""en"", ""list_item_id"": ""5f400d39-3b6b-4b8a-939b-4e49787c7444"", ""valuetype_id"": ""prefLabel""}], ""list_id"": ""80028d07-9c98-48cf-84db-f77bc01c8bbc""}]","[{""uri"": ""http://localhost:8000/plugins/controlled-list-manager/item/38729dbe-6d1c-48ce-bf47-e2a18945600e"", ""labels"": [{""id"": ""08a9b0bd-4713-4ea6-a829-66a64240e254"", ""value"": ""English (language)"", ""language_id"": ""en"", ""list_item_id"": ""38729dbe-6d1c-48ce-bf47-e2a18945600e"", ""valuetype_id"": ""prefLabel""}], ""list_id"": ""f7fc4f6d-fd46-4881-846f-4a08bc1a3fef""}]",3695cff8-d770-11ef-8f5d-0275dc2ded29
3f76f759-4aec-4de0-83ec-7ad4ffe115d4,36956e50-d770-11ef-8f5d-0275dc2ded29,166c7b56-b36e-4cfa-9dc0-7d232f147d69,1,a05da673-ed6e-4fe9-babd-f630883fc42b,"{""en"": {""value"": ""Dexter Chemical"", ""direction"": ""ltr""}}","[{""uri"": ""http://localhost:8000/plugins/controlled-list-manager/item/5f400d39-3b6b-4b8a-939b-4e49787c7444"", ""labels"": [{""id"": ""0070cd3b-1dd7-48ee-9f29-b97266bf5afb"", ""value"": ""preferred terms"", ""language_id"": ""en"", ""list_item_id"": ""5f400d39-3b6b-4b8a-939b-4e49787c7444"", ""valuetype_id"": ""prefLabel""}], ""list_id"": ""80028d07-9c98-48cf-84db-f77bc01c8bbc""}]","[{""uri"": ""http://localhost:8000/plugins/controlled-list-manager/item/38729dbe-6d1c-48ce-bf47-e2a18945600e"", ""labels"": [{""id"": ""08a9b0bd-4713-4ea6-a829-66a64240e254"", ""value"": ""English (language)"", ""language_id"": ""en"", ""list_item_id"": ""38729dbe-6d1c-48ce-bf47-e2a18945600e"", ""valuetype_id"": ""prefLabel""}], ""list_id"": ""f7fc4f6d-fd46-4881-846f-4a08bc1a3fef""}]",3695cff8-d770-11ef-8f5d-0275dc2ded29
b3380875-4b22-4c47-b3d3-adebd9f3e307,36956e50-d770-11ef-8f5d-0275dc2ded29,166c7b56-b36e-4cfa-9dc0-7d232f147d69,1,7d31af02-e514-4356-8cdc-903eda42e06e,"{""en"": {""value"": ""Lipo Chemicals, Inc."", ""direction"": ""ltr""}}","[{""uri"": ""http://localhost:8000/plugins/controlled-list-manager/item/5f400d39-3b6b-4b8a-939b-4e49787c7444"", ""labels"": [{""id"": ""0070cd3b-1dd7-48ee-9f29-b97266bf5afb"", ""value"": ""preferred terms"", ""language_id"": ""en"", ""list_item_id"": ""5f400d39-3b6b-4b8a-939b-4e49787c7444"", ""valuetype_id"": ""prefLabel""}], ""list_id"": ""80028d07-9c98-48cf-84db-f77bc01c8bbc""}]","[{""uri"": ""http://localhost:8000/plugins/controlled-list-manager/item/38729dbe-6d1c-48ce-bf47-e2a18945600e"", ""labels"": [{""id"": ""08a9b0bd-4713-4ea6-a829-66a64240e254"", ""value"": ""English (language)"", ""language_id"": ""en"", ""list_item_id"": ""38729dbe-6d1c-48ce-bf47-e2a18945600e"", ""valuetype_id"": ""prefLabel""}], ""list_id"": ""f7fc4f6d-fd46-4881-846f-4a08bc1a3fef""}]",3695cff8-d770-11ef-8f5d-0275dc2ded29
a0899756-885b-421c-8a9f-670b360bfe1d,36956e50-d770-11ef-8f5d-0275dc2ded29,166c7b56-b36e-4cfa-9dc0-7d232f147d69,1,a8b9945c-913b-41e5-ae0e-f1770c133ffa,"{""en"": {""value"": ""R.P. Cargille Laboratories"", ""direction"": ""ltr""}}","[{""uri"": ""http://localhost:8000/plugins/controlled-list-manager/item/5f400d39-3b6b-4b8a-939b-4e49787c7444"", ""labels"": [{""id"": ""0070cd3b-1dd7-48ee-9f29-b97266bf5afb"", ""value"": ""preferred terms"", ""language_id"": ""en"", ""list_item_id"": ""5f400d39-3b6b-4b8a-939b-4e49787c7444"", ""valuetype_id"": ""prefLabel""}], ""list_id"": ""80028d07-9c98-48cf-84db-f77bc01c8bbc""}]","[{""uri"": ""http://localhost:8000/plugins/controlled-list-manager/item/38729dbe-6d1c-48ce-bf47-e2a18945600e"", ""labels"": [{""id"": ""08a9b0bd-4713-4ea6-a829-66a64240e254"", ""value"": ""English (language)"", ""language_id"": ""en"", ""list_item_id"": ""38729dbe-6d1c-48ce-bf47-e2a18945600e"", ""valuetype_id"": ""prefLabel""}], ""list_id"": ""f7fc4f6d-fd46-4881-846f-4a08bc1a3fef""}]",3695cff8-d770-11ef-8f5d-0275dc2ded29
0553fab7-29f4-4a8e-becb-be59a68fab7c,36956e50-d770-11ef-8f5d-0275dc2ded29,166c7b56-b36e-4cfa-9dc0-7d232f147d69,1,767db505-916e-4d47-b1a2-a936627d7a41,"{""en"": {""value"": ""Midwest"", ""direction"": ""ltr""}}","[{""uri"": ""http://localhost:8000/plugins/controlled-list-manager/item/5f400d39-3b6b-4b8a-939b-4e49787c7444"", ""labels"": [{""id"": ""0070cd3b-1dd7-48ee-9f29-b97266bf5afb"", ""value"": ""preferred terms"", ""language_id"": ""en"", ""list_item_id"": ""5f400d39-3b6b-4b8a-939b-4e49787c7444"", ""valuetype_id"": ""prefLabel""}], ""list_id"": ""80028d07-9c98-48cf-84db-f77bc01c8bbc""}]","[{""uri"": ""http://localhost:8000/plugins/controlled-list-manager/item/38729dbe-6d1c-48ce-bf47-e2a18945600e"", ""labels"": [{""id"": ""08a9b0bd-4713-4ea6-a829-66a64240e254"", ""value"": ""English (language)"", ""language_id"": ""en"", ""list_item_id"": ""38729dbe-6d1c-48ce-bf47-e2a18945600e"", ""valuetype_id"": ""prefLabel""}], ""list_id"": ""f7fc4f6d-fd46-4881-846f-4a08bc1a3fef""}]",3695cff8-d770-11ef-8f5d-0275dc2ded29
2cf040ce-2bc2-4cfa-9b62-b4083fa39066,36956e50-d770-11ef-8f5d-0275dc2ded29,166c7b56-b36e-4cfa-9dc0-7d232f147d69,1,8828ac18-f2bc-4d05-a4c7-a2348d8b1cc7,"{""en"": {""value"": ""Jan Wouters"", ""direction"": ""ltr""}}","[{""uri"": ""http://localhost:8000/plugins/controlled-list-manager/item/5f400d39-3b6b-4b8a-939b-4e49787c7444"", ""labels"": [{""id"": ""0070cd3b-1dd7-48ee-9f29-b97266bf5afb"", ""value"": ""preferred terms"", ""language_id"": ""en"", ""list_item_id"": ""5f400d39-3b6b-4b8a-939b-4e49787c7444"", ""valuetype_id"": ""prefLabel""}], ""list_id"": ""80028d07-9c98-48cf-84db-f77bc01c8bbc""}]","[{""uri"": ""http://localhost:8000/plugins/controlled-list-manager/item/38729dbe-6d1c-48ce-bf47-e2a18945600e"", ""labels"": [{""id"": ""08a9b0bd-4713-4ea6-a829-66a64240e254"", ""value"": ""English (language)"", ""language_id"": ""en"", ""list_item_id"": ""38729dbe-6d1c-48ce-bf47-e2a18945600e"", ""valuetype_id"": ""prefLabel""}], ""list_id"": ""f7fc4f6d-fd46-4881-846f-4a08bc1a3fef""}]",3695cff8-d770-11ef-8f5d-0275dc2ded29
c8f84076-ffd3-40ea-8cd5-433b966116a8,36956e50-d770-11ef-8f5d-0275dc2ded29,166c7b56-b36e-4cfa-9dc0-7d232f147d69,1,dffeb132-2c2e-46f5-bf61-54a514956139,"{""en"": {""value"": ""J. Klipstein & Co."", ""direction"": ""ltr""}}","[{""uri"": ""http://localhost:8000/plugins/controlled-list-manager/item/5f400d39-3b6b-4b8a-939b-4e49787c7444"", ""labels"": [{""id"": ""0070cd3b-1dd7-48ee-9f29-b97266bf5afb"", ""value"": ""preferred terms"", ""language_id"": ""en"", ""list_item_id"": ""5f400d39-3b6b-4b8a-939b-4e49787c7444"", ""valuetype_id"": ""prefLabel""}], ""list_id"": ""80028d07-9c98-48cf-84db-f77bc01c8bbc""}]","[{""uri"": ""http://localhost:8000/plugins/controlled-list-manager/item/38729dbe-6d1c-48ce-bf47-e2a18945600e"", ""labels"": [{""id"": ""08a9b0bd-4713-4ea6-a829-66a64240e254"", ""value"": ""English (language)"", ""language_id"": ""en"", ""list_item_id"": ""38729dbe-6d1c-48ce-bf47-e2a18945600e"", ""valuetype_id"": ""prefLabel""}], ""list_id"": ""f7fc4f6d-fd46-4881-846f-4a08bc1a3fef""}]",3695cff8-d770-11ef-8f5d-0275dc2ded29
7853aeb8-26ec-4234-be6c-677bd4be59d1,36956e50-d770-11ef-8f5d-0275dc2ded29,166c7b56-b36e-4cfa-9dc0-7d232f147d69,1,0a7376cc-5f41-46c5-985e-96cd5ad13f69,"{""en"": {""value"": ""Mitsubishi Imaging Inc."", ""direction"": ""ltr""}}","[{""uri"": ""http://localhost:8000/plugins/controlled-list-manager/item/5f400d39-3b6b-4b8a-939b-4e49787c7444"", ""labels"": [{""id"": ""0070cd3b-1dd7-48ee-9f29-b97266bf5afb"", ""value"": ""preferred terms"", ""language_id"": ""en"", ""list_item_id"": ""5f400d39-3b6b-4b8a-939b-4e49787c7444"", ""valuetype_id"": ""prefLabel""}], ""list_id"": ""80028d07-9c98-48cf-84db-f77bc01c8bbc""}]","[{""uri"": ""http://localhost:8000/plugins/controlled-list-manager/item/38729dbe-6d1c-48ce-bf47-e2a18945600e"", ""labels"": [{""id"": ""08a9b0bd-4713-4ea6-a829-66a64240e254"", ""value"": ""English (language)"", ""language_id"": ""en"", ""list_item_id"": ""38729dbe-6d1c-48ce-bf47-e2a18945600e"", ""valuetype_id"": ""prefLabel""}], ""list_id"": ""f7fc4f6d-fd46-4881-846f-4a08bc1a3fef""}]",3695cff8-d770-11ef-8f5d-0275dc2ded29
f816370e-35af-4b36-8be3-c5b6eafaa8d5,36956e50-d770-11ef-8f5d-0275dc2ded29,166c7b56-b36e-4cfa-9dc0-7d232f147d69,1,49bcd187-a462-4cf0-b530-cb33d3d04141,"{""en"": {""value"": ""Agfa"", ""direction"": ""ltr""}}","[{""uri"": ""http://localhost:8000/plugins/controlled-list-manager/item/5f400d39-3b6b-4b8a-939b-4e49787c7444"", ""labels"": [{""id"": ""0070cd3b-1dd7-48ee-9f29-b97266bf5afb"", ""value"": ""preferred terms"", ""language_id"": ""en"", ""list_item_id"": ""5f400d39-3b6b-4b8a-939b-4e49787c7444"", ""valuetype_id"": ""prefLabel""}], ""list_id"": ""80028d07-9c98-48cf-84db-f77bc01c8bbc""}]","[{""uri"": ""http://localhost:8000/plugins/controlled-list-manager/item/38729dbe-6d1c-48ce-bf47-e2a18945600e"", ""labels"": [{""id"": ""08a9b0bd-4713-4ea6-a829-66a64240e254"", ""value"": ""English (language)"", ""language_id"": ""en"", ""list_item_id"": ""38729dbe-6d1c-48ce-bf47-e2a18945600e"", ""valuetype_id"": ""prefLabel""}], ""list_id"": ""f7fc4f6d-fd46-4881-846f-4a08bc1a3fef""}]",3695cff8-d770-11ef-8f5d-0275dc2ded29
fca68a62-d48e-41bf-8831-6fb454680128,36956e50-d770-11ef-8f5d-0275dc2ded29,166c7b56-b36e-4cfa-9dc0-7d232f147d69,1,ae2b5ff0-fcd3-4c21-9d78-06b52f18b216,"{""en"": {""value"": ""Nujol"", ""direction"": ""ltr""}}","[{""uri"": ""http://localhost:8000/plugins/controlled-list-manager/item/5f400d39-3b6b-4b8a-939b-4e49787c7444"", ""labels"": [{""id"": ""0070cd3b-1dd7-48ee-9f29-b97266bf5afb"", ""value"": ""preferred terms"", ""language_id"": ""en"", ""list_item_id"": ""5f400d39-3b6b-4b8a-939b-4e49787c7444"", ""valuetype_id"": ""prefLabel""}], ""list_id"": ""80028d07-9c98-48cf-84db-f77bc01c8bbc""}]","[{""uri"": ""http://localhost:8000/plugins/controlled-list-manager/item/38729dbe-6d1c-48ce-bf47-e2a18945600e"", ""labels"": [{""id"": ""08a9b0bd-4713-4ea6-a829-66a64240e254"", ""value"": ""English (language)"", ""language_id"": ""en"", ""list_item_id"": ""38729dbe-6d1c-48ce-bf47-e2a18945600e"", ""valuetype_id"": ""prefLabel""}], ""list_id"": ""f7fc4f6d-fd46-4881-846f-4a08bc1a3fef""}]",3695cff8-d770-11ef-8f5d-0275dc2ded29
70a0f03c-8a6d-4140-8201-1fe7531da300,36956e50-d770-11ef-8f5d-0275dc2ded29,166c7b56-b36e-4cfa-9dc0-7d232f147d69,1,1b66e58f-ea2a-436e-9362-ac833dc7690b,"{""en"": {""value"": ""SPI Supplies\n(Div. of Structure Probe Inc.)"", ""direction"": ""ltr""}}","[{""uri"": ""http://localhost:8000/plugins/controlled-list-manager/item/5f400d39-3b6b-4b8a-939b-4e49787c7444"", ""labels"": [{""id"": ""0070cd3b-1dd7-48ee-9f29-b97266bf5afb"", ""value"": ""preferred terms"", ""language_id"": ""en"", ""list_item_id"": ""5f400d39-3b6b-4b8a-939b-4e49787c7444"", ""valuetype_id"": ""prefLabel""}], ""list_id"": ""80028d07-9c98-48cf-84db-f77bc01c8bbc""}]","[{""uri"": ""http://localhost:8000/plugins/controlled-list-manager/item/38729dbe-6d1c-48ce-bf47-e2a18945600e"", ""labels"": [{""id"": ""08a9b0bd-4713-4ea6-a829-66a64240e254"", ""value"": ""English (language)"", ""language_id"": ""en"", ""list_item_id"": ""38729dbe-6d1c-48ce-bf47-e2a18945600e"", ""valuetype_id"": ""prefLabel""}], ""list_id"": ""f7fc4f6d-fd46-4881-846f-4a08bc1a3fef""}]",3695cff8-d770-11ef-8f5d-0275dc2ded29
a0630c97-98db-40d2-9769-2ecdf8861aa4,36956e50-d770-11ef-8f5d-0275dc2ded29,166c7b56-b36e-4cfa-9dc0-7d232f147d69,1,1777182a-ebec-4005-8d93-eeb6ee895742,"{""en"": {""value"": ""Rembrandt (Talens)"", ""direction"": ""ltr""}}","[{""uri"": ""http://localhost:8000/plugins/controlled-list-manager/item/5f400d39-3b6b-4b8a-939b-4e49787c7444"", ""labels"": [{""id"": ""0070cd3b-1dd7-48ee-9f29-b97266bf5afb"", ""value"": ""preferred terms"", ""language_id"": ""en"", ""list_item_id"": ""5f400d39-3b6b-4b8a-939b-4e49787c7444"", ""valuetype_id"": ""prefLabel""}], ""list_id"": ""80028d07-9c98-48cf-84db-f77bc01c8bbc""}]","[{""uri"": ""http://localhost:8000/plugins/controlled-list-manager/item/38729dbe-6d1c-48ce-bf47-e2a18945600e"", ""labels"": [{""id"": ""08a9b0bd-4713-4ea6-a829-66a64240e254"", ""value"": ""English (language)"", ""language_id"": ""en"", ""list_item_id"": ""38729dbe-6d1c-48ce-bf47-e2a18945600e"", ""valuetype_id"": ""prefLabel""}], ""list_id"": ""f7fc4f6d-fd46-4881-846f-4a08bc1a3fef""}]",3695cff8-d770-11ef-8f5d-0275dc2ded29
4ffe512f-a499-45ab-bb1f-d8c948490e43,36956e50-d770-11ef-8f5d-0275dc2ded29,166c7b56-b36e-4cfa-9dc0-7d232f147d69,1,4ff2cd3d-2d2b-4328-9377-aaab6e82ffe9,"{""en"": {""value"": ""Dr. W.P. Bauer"", ""direction"": ""ltr""}}","[{""uri"": ""http://localhost:8000/plugins/controlled-list-manager/item/5f400d39-3b6b-4b8a-939b-4e49787c7444"", ""labels"": [{""id"": ""0070cd3b-1dd7-48ee-9f29-b97266bf5afb"", ""value"": ""preferred terms"", ""language_id"": ""en"", ""list_item_id"": ""5f400d39-3b6b-4b8a-939b-4e49787c7444"", ""valuetype_id"": ""prefLabel""}], ""list_id"": ""80028d07-9c98-48cf-84db-f77bc01c8bbc""}]","[{""uri"": ""http://localhost:8000/plugins/controlled-list-manager/item/38729dbe-6d1c-48ce-bf47-e2a18945600e"", ""labels"": [{""id"": ""08a9b0bd-4713-4ea6-a829-66a64240e254"", ""value"": ""English (language)"", ""language_id"": ""en"", ""list_item_id"": ""38729dbe-6d1c-48ce-bf47-e2a18945600e"", ""valuetype_id"": ""prefLabel""}], ""list_id"": ""f7fc4f6d-fd46-4881-846f-4a08bc1a3fef""}]",3695cff8-d770-11ef-8f5d-0275dc2ded29
a706c312-9a36-45ad-9894-e2aa8da8cea5,36956e50-d770-11ef-8f5d-0275dc2ded29,166c7b56-b36e-4cfa-9dc0-7d232f147d69,1,ce9ebe4e-8a38-4353-88ca-ae117bd93164,"{""en"": {""value"": ""Fezandie & Sperrle"", ""direction"": ""ltr""}}","[{""uri"": ""http://localhost:8000/plugins/controlled-list-manager/item/5f400d39-3b6b-4b8a-939b-4e49787c7444"", ""labels"": [{""id"": ""0070cd3b-1dd7-48ee-9f29-b97266bf5afb"", ""value"": ""preferred terms"", ""language_id"": ""en"", ""list_item_id"": ""5f400d39-3b6b-4b8a-939b-4e49787c7444"", ""valuetype_id"": ""prefLabel""}], ""list_id"": ""80028d07-9c98-48cf-84db-f77bc01c8bbc""}]","[{""uri"": ""http://localhost:8000/plugins/controlled-list-manager/item/38729dbe-6d1c-48ce-bf47-e2a18945600e"", ""labels"": [{""id"": ""08a9b0bd-4713-4ea6-a829-66a64240e254"", ""value"": ""English (language)"", ""language_id"": ""en"", ""list_item_id"": ""38729dbe-6d1c-48ce-bf47-e2a18945600e"", ""valuetype_id"": ""prefLabel""}], ""list_id"": ""f7fc4f6d-fd46-4881-846f-4a08bc1a3fef""}]",3695cff8-d770-11ef-8f5d-0275dc2ded29
951e9b01-649e-43d5-8ce5-a4febdc48988,36956e50-d770-11ef-8f5d-0275dc2ded29,166c7b56-b36e-4cfa-9dc0-7d232f147d69,1,f3160308-b47a-465f-8e60-0ca9f164c25b,"{""en"": {""value"": ""ICI Americas"", ""direction"": ""ltr""}}","[{""uri"": ""http://localhost:8000/plugins/controlled-list-manager/item/5f400d39-3b6b-4b8a-939b-4e49787c7444"", ""labels"": [{""id"": ""0070cd3b-1dd7-48ee-9f29-b97266bf5afb"", ""value"": ""preferred terms"", ""language_id"": ""en"", ""list_item_id"": ""5f400d39-3b6b-4b8a-939b-4e49787c7444"", ""valuetype_id"": ""prefLabel""}], ""list_id"": ""80028d07-9c98-48cf-84db-f77bc01c8bbc""}]","[{""uri"": ""http://localhost:8000/plugins/controlled-list-manager/item/38729dbe-6d1c-48ce-bf47-e2a18945600e"", ""labels"": [{""id"": ""08a9b0bd-4713-4ea6-a829-66a64240e254"", ""value"": ""English (language)"", ""language_id"": ""en"", ""list_item_id"": ""38729dbe-6d1c-48ce-bf47-e2a18945600e"", ""valuetype_id"": ""prefLabel""}], ""list_id"": ""f7fc4f6d-fd46-4881-846f-4a08bc1a3fef""}]",3695cff8-d770-11ef-8f5d-0275dc2ded29
4e3a228b-5b00-4b8d-8c18-3a838422833f,36956e50-d770-11ef-8f5d-0275dc2ded29,166c7b56-b36e-4cfa-9dc0-7d232f147d69,1,64eb1e10-36b2-457f-bee4-afe348d8a5de,"{""en"": {""value"": ""ICI"", ""direction"": ""ltr""}}","[{""uri"": ""http://localhost:8000/plugins/controlled-list-manager/item/5f400d39-3b6b-4b8a-939b-4e49787c7444"", ""labels"": [{""id"": ""0070cd3b-1dd7-48ee-9f29-b97266bf5afb"", ""value"": ""preferred terms"", ""language_id"": ""en"", ""list_item_id"": ""5f400d39-3b6b-4b8a-939b-4e49787c7444"", ""valuetype_id"": ""prefLabel""}], ""list_id"": ""80028d07-9c98-48cf-84db-f77bc01c8bbc""}]","[{""uri"": ""http://localhost:8000/plugins/controlled-list-manager/item/38729dbe-6d1c-48ce-bf47-e2a18945600e"", ""labels"": [{""id"": ""08a9b0bd-4713-4ea6-a829-66a64240e254"", ""value"": ""English (language)"", ""language_id"": ""en"", ""list_item_id"": ""38729dbe-6d1c-48ce-bf47-e2a18945600e"", ""valuetype_id"": ""prefLabel""}], ""list_id"": ""f7fc4f6d-fd46-4881-846f-4a08bc1a3fef""}]",3695cff8-d770-11ef-8f5d-0275dc2ded29
556cb554-c6f2-421c-a8a7-352d0274b181,36956e50-d770-11ef-8f5d-0275dc2ded29,166c7b56-b36e-4cfa-9dc0-7d232f147d69,1,bb19f191-9288-4816-88e3-6cdcf50a60c8,"{""en"": {""value"": ""Irish Dairy Board"", ""direction"": ""ltr""}}","[{""uri"": ""http://localhost:8000/plugins/controlled-list-manager/item/5f400d39-3b6b-4b8a-939b-4e49787c7444"", ""labels"": [{""id"": ""0070cd3b-1dd7-48ee-9f29-b97266bf5afb"", ""value"": ""preferred terms"", ""language_id"": ""en"", ""list_item_id"": ""5f400d39-3b6b-4b8a-939b-4e49787c7444"", ""valuetype_id"": ""prefLabel""}], ""list_id"": ""80028d07-9c98-48cf-84db-f77bc01c8bbc""}]","[{""uri"": ""http://localhost:8000/plugins/controlled-list-manager/item/38729dbe-6d1c-48ce-bf47-e2a18945600e"", ""labels"": [{""id"": ""08a9b0bd-4713-4ea6-a829-66a64240e254"", ""value"": ""English (language)"", ""language_id"": ""en"", ""list_item_id"": ""38729dbe-6d1c-48ce-bf47-e2a18945600e"", ""valuetype_id"": ""prefLabel""}], ""list_id"": ""f7fc4f6d-fd46-4881-846f-4a08bc1a3fef""}]",3695cff8-d770-11ef-8f5d-0275dc2ded29
ea32351f-c748-4b2b-b612-c274316276bc,36956e50-d770-11ef-8f5d-0275dc2ded29,166c7b56-b36e-4cfa-9dc0-7d232f147d69,1,d502d9b0-5216-4e2f-b2b7-debf44b23e94,"{""en"": {""value"": ""Watts, Ltd."", ""direction"": ""ltr""}}","[{""uri"": ""http://localhost:8000/plugins/controlled-list-manager/item/5f400d39-3b6b-4b8a-939b-4e49787c7444"", ""labels"": [{""id"": ""0070cd3b-1dd7-48ee-9f29-b97266bf5afb"", ""value"": ""preferred terms"", ""language_id"": ""en"", ""list_item_id"": ""5f400d39-3b6b-4b8a-939b-4e49787c7444"", ""valuetype_id"": ""prefLabel""}], ""list_id"": ""80028d07-9c98-48cf-84db-f77bc01c8bbc""}]","[{""uri"": ""http://localhost:8000/plugins/controlled-list-manager/item/38729dbe-6d1c-48ce-bf47-e2a18945600e"", ""labels"": [{""id"": ""08a9b0bd-4713-4ea6-a829-66a64240e254"", ""value"": ""English (language)"", ""language_id"": ""en"", ""list_item_id"": ""38729dbe-6d1c-48ce-bf47-e2a18945600e"", ""valuetype_id"": ""prefLabel""}], ""list_id"": ""f7fc4f6d-fd46-4881-846f-4a08bc1a3fef""}]",3695cff8-d770-11ef-8f5d-0275dc2ded29
a7bee2d9-896e-4b15-a1a2-cbf749cc7c0f,36956e50-d770-11ef-8f5d-0275dc2ded29,166c7b56-b36e-4cfa-9dc0-7d232f147d69,1,034ebe09-c738-41e3-ad8c-3d65cb9dcc49,"{""en"": {""value"": ""Liquitex"", ""direction"": ""ltr""}}","[{""uri"": ""http://localhost:8000/plugins/controlled-list-manager/item/5f400d39-3b6b-4b8a-939b-4e49787c7444"", ""labels"": [{""id"": ""0070cd3b-1dd7-48ee-9f29-b97266bf5afb"", ""value"": ""preferred terms"", ""language_id"": ""en"", ""list_item_id"": ""5f400d39-3b6b-4b8a-939b-4e49787c7444"", ""valuetype_id"": ""prefLabel""}], ""list_id"": ""80028d07-9c98-48cf-84db-f77bc01c8bbc""}]","[{""uri"": ""http://localhost:8000/plugins/controlled-list-manager/item/38729dbe-6d1c-48ce-bf47-e2a18945600e"", ""labels"": [{""id"": ""08a9b0bd-4713-4ea6-a829-66a64240e254"", ""value"": ""English (language)"", ""language_id"": ""en"", ""list_item_id"": ""38729dbe-6d1c-48ce-bf47-e2a18945600e"", ""valuetype_id"": ""prefLabel""}], ""list_id"": ""f7fc4f6d-fd46-4881-846f-4a08bc1a3fef""}]",3695cff8-d770-11ef-8f5d-0275dc2ded29
81c44f8a-0781-400c-bcd0-cc83c89ff8ad,36956e50-d770-11ef-8f5d-0275dc2ded29,166c7b56-b36e-4cfa-9dc0-7d232f147d69,1,7e783d5f-b453-4bbb-8d1b-4f5d0e13bde0,"{""en"": {""value"": ""Bibbienna"", ""direction"": ""ltr""}}","[{""uri"": ""http://localhost:8000/plugins/controlled-list-manager/item/5f400d39-3b6b-4b8a-939b-4e49787c7444"", ""labels"": [{""id"": ""0070cd3b-1dd7-48ee-9f29-b97266bf5afb"", ""value"": ""preferred terms"", ""language_id"": ""en"", ""list_item_id"": ""5f400d39-3b6b-4b8a-939b-4e49787c7444"", ""valuetype_id"": ""prefLabel""}], ""list_id"": ""80028d07-9c98-48cf-84db-f77bc01c8bbc""}]","[{""uri"": ""http://localhost:8000/plugins/controlled-list-manager/item/38729dbe-6d1c-48ce-bf47-e2a18945600e"", ""labels"": [{""id"": ""08a9b0bd-4713-4ea6-a829-66a64240e254"", ""value"": ""English (language)"", ""language_id"": ""en"", ""list_item_id"": ""38729dbe-6d1c-48ce-bf47-e2a18945600e"", ""valuetype_id"": ""prefLabel""}], ""list_id"": ""f7fc4f6d-fd46-4881-846f-4a08bc1a3fef""}]",3695cff8-d770-11ef-8f5d-0275dc2ded29
2c63c916-9cc2-47bb-82b7-087e30565ca0,36956e50-d770-11ef-8f5d-0275dc2ded29,166c7b56-b36e-4cfa-9dc0-7d232f147d69,1,b68faea3-d1bf-44a8-bbf9-9bc531edd93a,"{""en"": {""value"": ""Trimount"", ""direction"": ""ltr""}}","[{""uri"": ""http://localhost:8000/plugins/controlled-list-manager/item/5f400d39-3b6b-4b8a-939b-4e49787c7444"", ""labels"": [{""id"": ""0070cd3b-1dd7-48ee-9f29-b97266bf5afb"", ""value"": ""preferred terms"", ""language_id"": ""en"", ""list_item_id"": ""5f400d39-3b6b-4b8a-939b-4e49787c7444"", ""valuetype_id"": ""prefLabel""}], ""list_id"": ""80028d07-9c98-48cf-84db-f77bc01c8bbc""}]","[{""uri"": ""http://localhost:8000/plugins/controlled-list-manager/item/38729dbe-6d1c-48ce-bf47-e2a18945600e"", ""labels"": [{""id"": ""08a9b0bd-4713-4ea6-a829-66a64240e254"", ""value"": ""English (language)"", ""language_id"": ""en"", ""list_item_id"": ""38729dbe-6d1c-48ce-bf47-e2a18945600e"", ""valuetype_id"": ""prefLabel""}], ""list_id"": ""f7fc4f6d-fd46-4881-846f-4a08bc1a3fef""}]",3695cff8-d770-11ef-8f5d-0275dc2ded29
4fea3355-5e0a-471b-8f0a-aaaa3a6c8c7c,36956e50-d770-11ef-8f5d-0275dc2ded29,166c7b56-b36e-4cfa-9dc0-7d232f147d69,1,2d240e5e-82fb-440d-9a11-28fdb45a31bf,"{""en"": {""value"": ""Fezandie"", ""direction"": ""ltr""}}","[{""uri"": ""http://localhost:8000/plugins/controlled-list-manager/item/5f400d39-3b6b-4b8a-939b-4e49787c7444"", ""labels"": [{""id"": ""0070cd3b-1dd7-48ee-9f29-b97266bf5afb"", ""value"": ""preferred terms"", ""language_id"": ""en"", ""list_item_id"": ""5f400d39-3b6b-4b8a-939b-4e49787c7444"", ""valuetype_id"": ""prefLabel""}], ""list_id"": ""80028d07-9c98-48cf-84db-f77bc01c8bbc""}]","[{""uri"": ""http://localhost:8000/plugins/controlled-list-manager/item/38729dbe-6d1c-48ce-bf47-e2a18945600e"", ""labels"": [{""id"": ""08a9b0bd-4713-4ea6-a829-66a64240e254"", ""value"": ""English (language)"", ""language_id"": ""en"", ""list_item_id"": ""38729dbe-6d1c-48ce-bf47-e2a18945600e"", ""valuetype_id"": ""prefLabel""}], ""list_id"": ""f7fc4f6d-fd46-4881-846f-4a08bc1a3fef""}]",3695cff8-d770-11ef-8f5d-0275dc2ded29
b1f7650a-4c52-4e95-bbaf-1062fea6bc8c,36956e50-d770-11ef-8f5d-0275dc2ded29,166c7b56-b36e-4cfa-9dc0-7d232f147d69,1,54cc79bc-6273-4444-b162-a26d9182b72c,"{""en"": {""value"": ""BYK Chemie"", ""direction"": ""ltr""}}","[{""uri"": ""http://localhost:8000/plugins/controlled-list-manager/item/5f400d39-3b6b-4b8a-939b-4e49787c7444"", ""labels"": [{""id"": ""0070cd3b-1dd7-48ee-9f29-b97266bf5afb"", ""value"": ""preferred terms"", ""language_id"": ""en"", ""list_item_id"": ""5f400d39-3b6b-4b8a-939b-4e49787c7444"", ""valuetype_id"": ""prefLabel""}], ""list_id"": ""80028d07-9c98-48cf-84db-f77bc01c8bbc""}]","[{""uri"": ""http://localhost:8000/plugins/controlled-list-manager/item/38729dbe-6d1c-48ce-bf47-e2a18945600e"", ""labels"": [{""id"": ""08a9b0bd-4713-4ea6-a829-66a64240e254"", ""value"": ""English (language)"", ""language_id"": ""en"", ""list_item_id"": ""38729dbe-6d1c-48ce-bf47-e2a18945600e"", ""valuetype_id"": ""prefLabel""}], ""list_id"": ""f7fc4f6d-fd46-4881-846f-4a08bc1a3fef""}]",3695cff8-d770-11ef-8f5d-0275dc2ded29
fc3895fc-a751-4847-9ff7-4601a73ba0c9,36956e50-d770-11ef-8f5d-0275dc2ded29,166c7b56-b36e-4cfa-9dc0-7d232f147d69,1,3d413dd4-0593-4361-a5ca-46b944ebc004,"{""en"": {""value"": ""Caelo (Caesar & Loretz)"", ""direction"": ""ltr""}}","[{""uri"": ""http://localhost:8000/plugins/controlled-list-manager/item/5f400d39-3b6b-4b8a-939b-4e49787c7444"", ""labels"": [{""id"": ""0070cd3b-1dd7-48ee-9f29-b97266bf5afb"", ""value"": ""preferred terms"", ""language_id"": ""en"", ""list_item_id"": ""5f400d39-3b6b-4b8a-939b-4e49787c7444"", ""valuetype_id"": ""prefLabel""}], ""list_id"": ""80028d07-9c98-48cf-84db-f77bc01c8bbc""}]","[{""uri"": ""http://localhost:8000/plugins/controlled-list-manager/item/38729dbe-6d1c-48ce-bf47-e2a18945600e"", ""labels"": [{""id"": ""08a9b0bd-4713-4ea6-a829-66a64240e254"", ""value"": ""English (language)"", ""language_id"": ""en"", ""list_item_id"": ""38729dbe-6d1c-48ce-bf47-e2a18945600e"", ""valuetype_id"": ""prefLabel""}], ""list_id"": ""f7fc4f6d-fd46-4881-846f-4a08bc1a3fef""}]",3695cff8-d770-11ef-8f5d-0275dc2ded29
d6a78483-218a-4521-87ce-a96aa212fe4f,36956e50-d770-11ef-8f5d-0275dc2ded29,166c7b56-b36e-4cfa-9dc0-7d232f147d69,1,a8f2c431-07ee-43ce-970e-d7ca65a2e669,"{""en"": {""value"": ""Kromachen"", ""direction"": ""ltr""}}","[{""uri"": ""http://localhost:8000/plugins/controlled-list-manager/item/5f400d39-3b6b-4b8a-939b-4e49787c7444"", ""labels"": [{""id"": ""0070cd3b-1dd7-48ee-9f29-b97266bf5afb"", ""value"": ""preferred terms"", ""language_id"": ""en"", ""list_item_id"": ""5f400d39-3b6b-4b8a-939b-4e49787c7444"", ""valuetype_id"": ""prefLabel""}], ""list_id"": ""80028d07-9c98-48cf-84db-f77bc01c8bbc""}]","[{""uri"": ""http://localhost:8000/plugins/controlled-list-manager/item/38729dbe-6d1c-48ce-bf47-e2a18945600e"", ""labels"": [{""id"": ""08a9b0bd-4713-4ea6-a829-66a64240e254"", ""value"": ""English (language)"", ""language_id"": ""en"", ""list_item_id"": ""38729dbe-6d1c-48ce-bf47-e2a18945600e"", ""valuetype_id"": ""prefLabel""}], ""list_id"": ""f7fc4f6d-fd46-4881-846f-4a08bc1a3fef""}]",3695cff8-d770-11ef-8f5d-0275dc2ded29
16e9733a-3095-4917-865f-673404b305f9,36956e50-d770-11ef-8f5d-0275dc2ded29,166c7b56-b36e-4cfa-9dc0-7d232f147d69,1,73c3c484-2821-4b38-8725-22c7826b6d34,"{""en"": {""value"": ""Goya, C. Kreul"", ""direction"": ""ltr""}}","[{""uri"": ""http://localhost:8000/plugins/controlled-list-manager/item/5f400d39-3b6b-4b8a-939b-4e49787c7444"", ""labels"": [{""id"": ""0070cd3b-1dd7-48ee-9f29-b97266bf5afb"", ""value"": ""preferred terms"", ""language_id"": ""en"", ""list_item_id"": ""5f400d39-3b6b-4b8a-939b-4e49787c7444"", ""valuetype_id"": ""prefLabel""}], ""list_id"": ""80028d07-9c98-48cf-84db-f77bc01c8bbc""}]","[{""uri"": ""http://localhost:8000/plugins/controlled-list-manager/item/38729dbe-6d1c-48ce-bf47-e2a18945600e"", ""labels"": [{""id"": ""08a9b0bd-4713-4ea6-a829-66a64240e254"", ""value"": ""English (language)"", ""language_id"": ""en"", ""list_item_id"": ""38729dbe-6d1c-48ce-bf47-e2a18945600e"", ""valuetype_id"": ""prefLabel""}], ""list_id"": ""f7fc4f6d-fd46-4881-846f-4a08bc1a3fef""}]",3695cff8-d770-11ef-8f5d-0275dc2ded29
21c00914-921f-4d53-9ade-115cbf893be5,36956e50-d770-11ef-8f5d-0275dc2ded29,166c7b56-b36e-4cfa-9dc0-7d232f147d69,1,ca6460b8-dc9d-4873-a961-53de02f04f6b,"{""en"": {""value"": ""J. Vasquez Negrete"", ""direction"": ""ltr""}}","[{""uri"": ""http://localhost:8000/plugins/controlled-list-manager/item/5f400d39-3b6b-4b8a-939b-4e49787c7444"", ""labels"": [{""id"": ""0070cd3b-1dd7-48ee-9f29-b97266bf5afb"", ""value"": ""preferred terms"", ""language_id"": ""en"", ""list_item_id"": ""5f400d39-3b6b-4b8a-939b-4e49787c7444"", ""valuetype_id"": ""prefLabel""}], ""list_id"": ""80028d07-9c98-48cf-84db-f77bc01c8bbc""}]","[{""uri"": ""http://localhost:8000/plugins/controlled-list-manager/item/38729dbe-6d1c-48ce-bf47-e2a18945600e"", ""labels"": [{""id"": ""08a9b0bd-4713-4ea6-a829-66a64240e254"", ""value"": ""English (language)"", ""language_id"": ""en"", ""list_item_id"": ""38729dbe-6d1c-48ce-bf47-e2a18945600e"", ""valuetype_id"": ""prefLabel""}], ""list_id"": ""f7fc4f6d-fd46-4881-846f-4a08bc1a3fef""}]",3695cff8-d770-11ef-8f5d-0275dc2ded29
b3223972-5e05-476c-841e-36c612febf82,36956e50-d770-11ef-8f5d-0275dc2ded29,166c7b56-b36e-4cfa-9dc0-7d232f147d69,1,0f4b8253-920a-480a-b33c-d69ea698dfe1,"{""en"": {""value"": ""Amend Drug & Chemical Co."", ""direction"": ""ltr""}}","[{""uri"": ""http://localhost:8000/plugins/controlled-list-manager/item/5f400d39-3b6b-4b8a-939b-4e49787c7444"", ""labels"": [{""id"": ""0070cd3b-1dd7-48ee-9f29-b97266bf5afb"", ""value"": ""preferred terms"", ""language_id"": ""en"", ""list_item_id"": ""5f400d39-3b6b-4b8a-939b-4e49787c7444"", ""valuetype_id"": ""prefLabel""}], ""list_id"": ""80028d07-9c98-48cf-84db-f77bc01c8bbc""}]","[{""uri"": ""http://localhost:8000/plugins/controlled-list-manager/item/38729dbe-6d1c-48ce-bf47-e2a18945600e"", ""labels"": [{""id"": ""08a9b0bd-4713-4ea6-a829-66a64240e254"", ""value"": ""English (language)"", ""language_id"": ""en"", ""list_item_id"": ""38729dbe-6d1c-48ce-bf47-e2a18945600e"", ""valuetype_id"": ""prefLabel""}], ""list_id"": ""f7fc4f6d-fd46-4881-846f-4a08bc1a3fef""}]",3695cff8-d770-11ef-8f5d-0275dc2ded29
25e510d3-40ee-4bc2-a6d3-d81ef47e46c3,36956e50-d770-11ef-8f5d-0275dc2ded29,166c7b56-b36e-4cfa-9dc0-7d232f147d69,1,d11ae6cd-688a-4a96-863d-37a93d888f0a,"{""en"": {""value"": ""F. Weber Company"", ""direction"": ""ltr""}}","[{""uri"": ""http://localhost:8000/plugins/controlled-list-manager/item/5f400d39-3b6b-4b8a-939b-4e49787c7444"", ""labels"": [{""id"": ""0070cd3b-1dd7-48ee-9f29-b97266bf5afb"", ""value"": ""preferred terms"", ""language_id"": ""en"", ""list_item_id"": ""5f400d39-3b6b-4b8a-939b-4e49787c7444"", ""valuetype_id"": ""prefLabel""}], ""list_id"": ""80028d07-9c98-48cf-84db-f77bc01c8bbc""}]","[{""uri"": ""http://localhost:8000/plugins/controlled-list-manager/item/38729dbe-6d1c-48ce-bf47-e2a18945600e"", ""labels"": [{""id"": ""08a9b0bd-4713-4ea6-a829-66a64240e254"", ""value"": ""English (language)"", ""language_id"": ""en"", ""list_item_id"": ""38729dbe-6d1c-48ce-bf47-e2a18945600e"", ""valuetype_id"": ""prefLabel""}], ""list_id"": ""f7fc4f6d-fd46-4881-846f-4a08bc1a3fef""}]",3695cff8-d770-11ef-8f5d-0275dc2ded29
2c536ba3-8a99-401f-88e4-92c38f1cd8a7,36956e50-d770-11ef-8f5d-0275dc2ded29,166c7b56-b36e-4cfa-9dc0-7d232f147d69,1,e2c5a732-63b6-45e2-9b8b-1baf6bdf9d55,"{""en"": {""value"": ""Apsaras Medicine Chain Store, Gansu Province"", ""direction"": ""ltr""}}","[{""uri"": ""http://localhost:8000/plugins/controlled-list-manager/item/5f400d39-3b6b-4b8a-939b-4e49787c7444"", ""labels"": [{""id"": ""0070cd3b-1dd7-48ee-9f29-b97266bf5afb"", ""value"": ""preferred terms"", ""language_id"": ""en"", ""list_item_id"": ""5f400d39-3b6b-4b8a-939b-4e49787c7444"", ""valuetype_id"": ""prefLabel""}], ""list_id"": ""80028d07-9c98-48cf-84db-f77bc01c8bbc""}]","[{""uri"": ""http://localhost:8000/plugins/controlled-list-manager/item/38729dbe-6d1c-48ce-bf47-e2a18945600e"", ""labels"": [{""id"": ""08a9b0bd-4713-4ea6-a829-66a64240e254"", ""value"": ""English (language)"", ""language_id"": ""en"", ""list_item_id"": ""38729dbe-6d1c-48ce-bf47-e2a18945600e"", ""valuetype_id"": ""prefLabel""}], ""list_id"": ""f7fc4f6d-fd46-4881-846f-4a08bc1a3fef""}]",3695cff8-d770-11ef-8f5d-0275dc2ded29
a37bc5a6-4463-476f-b5a6-15c04c173fec,36956e50-d770-11ef-8f5d-0275dc2ded29,166c7b56-b36e-4cfa-9dc0-7d232f147d69,1,07ae17f6-1561-4a4d-975e-e28ecf2ed15f,"{""en"": {""value"": ""Stanford Mall"", ""direction"": ""ltr""}}","[{""uri"": ""http://localhost:8000/plugins/controlled-list-manager/item/5f400d39-3b6b-4b8a-939b-4e49787c7444"", ""labels"": [{""id"": ""0070cd3b-1dd7-48ee-9f29-b97266bf5afb"", ""value"": ""preferred terms"", ""language_id"": ""en"", ""list_item_id"": ""5f400d39-3b6b-4b8a-939b-4e49787c7444"", ""valuetype_id"": ""prefLabel""}], ""list_id"": ""80028d07-9c98-48cf-84db-f77bc01c8bbc""}]","[{""uri"": ""http://localhost:8000/plugins/controlled-list-manager/item/38729dbe-6d1c-48ce-bf47-e2a18945600e"", ""labels"": [{""id"": ""08a9b0bd-4713-4ea6-a829-66a64240e254"", ""value"": ""English (language)"", ""language_id"": ""en"", ""list_item_id"": ""38729dbe-6d1c-48ce-bf47-e2a18945600e"", ""valuetype_id"": ""prefLabel""}], ""list_id"": ""f7fc4f6d-fd46-4881-846f-4a08bc1a3fef""}]",3695cff8-d770-11ef-8f5d-0275dc2ded29
e1e777bd-fdc4-4fbf-bf69-0660929b8d80,36956e50-d770-11ef-8f5d-0275dc2ded29,166c7b56-b36e-4cfa-9dc0-7d232f147d69,1,83add82f-a8f4-4219-9ac4-814798085f9d,"{""en"": {""value"": ""Haloid Co."", ""direction"": ""ltr""}}","[{""uri"": ""http://localhost:8000/plugins/controlled-list-manager/item/5f400d39-3b6b-4b8a-939b-4e49787c7444"", ""labels"": [{""id"": ""0070cd3b-1dd7-48ee-9f29-b97266bf5afb"", ""value"": ""preferred terms"", ""language_id"": ""en"", ""list_item_id"": ""5f400d39-3b6b-4b8a-939b-4e49787c7444"", ""valuetype_id"": ""prefLabel""}], ""list_id"": ""80028d07-9c98-48cf-84db-f77bc01c8bbc""}]","[{""uri"": ""http://localhost:8000/plugins/controlled-list-manager/item/38729dbe-6d1c-48ce-bf47-e2a18945600e"", ""labels"": [{""id"": ""08a9b0bd-4713-4ea6-a829-66a64240e254"", ""value"": ""English (language)"", ""language_id"": ""en"", ""list_item_id"": ""38729dbe-6d1c-48ce-bf47-e2a18945600e"", ""valuetype_id"": ""prefLabel""}], ""list_id"": ""f7fc4f6d-fd46-4881-846f-4a08bc1a3fef""}]",3695cff8-d770-11ef-8f5d-0275dc2ded29
7a244560-de53-4933-b764-30e180885092,36956e50-d770-11ef-8f5d-0275dc2ded29,166c7b56-b36e-4cfa-9dc0-7d232f147d69,1,9631703d-cac7-4c8a-a5b0-d0e3df030451,"{""en"": {""value"": ""Kibbutz Yad Mordechai"", ""direction"": ""ltr""}}","[{""uri"": ""http://localhost:8000/plugins/controlled-list-manager/item/5f400d39-3b6b-4b8a-939b-4e49787c7444"", ""labels"": [{""id"": ""0070cd3b-1dd7-48ee-9f29-b97266bf5afb"", ""value"": ""preferred terms"", ""language_id"": ""en"", ""list_item_id"": ""5f400d39-3b6b-4b8a-939b-4e49787c7444"", ""valuetype_id"": ""prefLabel""}], ""list_id"": ""80028d07-9c98-48cf-84db-f77bc01c8bbc""}]","[{""uri"": ""http://localhost:8000/plugins/controlled-list-manager/item/38729dbe-6d1c-48ce-bf47-e2a18945600e"", ""labels"": [{""id"": ""08a9b0bd-4713-4ea6-a829-66a64240e254"", ""value"": ""English (language)"", ""language_id"": ""en"", ""list_item_id"": ""38729dbe-6d1c-48ce-bf47-e2a18945600e"", ""valuetype_id"": ""prefLabel""}], ""list_id"": ""f7fc4f6d-fd46-4881-846f-4a08bc1a3fef""}]",3695cff8-d770-11ef-8f5d-0275dc2ded29
a76769a1-9291-4cce-bef0-ee9c5808ae6c,36956e50-d770-11ef-8f5d-0275dc2ded29,166c7b56-b36e-4cfa-9dc0-7d232f147d69,1,47744b17-4c84-4682-81e6-3b26ff327150,"{""en"": {""value"": ""Royal"", ""direction"": ""ltr""}}","[{""uri"": ""http://localhost:8000/plugins/controlled-list-manager/item/5f400d39-3b6b-4b8a-939b-4e49787c7444"", ""labels"": [{""id"": ""0070cd3b-1dd7-48ee-9f29-b97266bf5afb"", ""value"": ""preferred terms"", ""language_id"": ""en"", ""list_item_id"": ""5f400d39-3b6b-4b8a-939b-4e49787c7444"", ""valuetype_id"": ""prefLabel""}], ""list_id"": ""80028d07-9c98-48cf-84db-f77bc01c8bbc""}]","[{""uri"": ""http://localhost:8000/plugins/controlled-list-manager/item/38729dbe-6d1c-48ce-bf47-e2a18945600e"", ""labels"": [{""id"": ""08a9b0bd-4713-4ea6-a829-66a64240e254"", ""value"": ""English (language)"", ""language_id"": ""en"", ""list_item_id"": ""38729dbe-6d1c-48ce-bf47-e2a18945600e"", ""valuetype_id"": ""prefLabel""}], ""list_id"": ""f7fc4f6d-fd46-4881-846f-4a08bc1a3fef""}]",3695cff8-d770-11ef-8f5d-0275dc2ded29
2bada6e0-4ab6-409d-9391-9f20ff47fd48,36956e50-d770-11ef-8f5d-0275dc2ded29,166c7b56-b36e-4cfa-9dc0-7d232f147d69,1,29ffbc15-dae3-4a98-b04e-d717a4496114,"{""en"": {""value"": ""Hopkin & Williams, Ltd."", ""direction"": ""ltr""}}","[{""uri"": ""http://localhost:8000/plugins/controlled-list-manager/item/5f400d39-3b6b-4b8a-939b-4e49787c7444"", ""labels"": [{""id"": ""0070cd3b-1dd7-48ee-9f29-b97266bf5afb"", ""value"": ""preferred terms"", ""language_id"": ""en"", ""list_item_id"": ""5f400d39-3b6b-4b8a-939b-4e49787c7444"", ""valuetype_id"": ""prefLabel""}], ""list_id"": ""80028d07-9c98-48cf-84db-f77bc01c8bbc""}]","[{""uri"": ""http://localhost:8000/plugins/controlled-list-manager/item/38729dbe-6d1c-48ce-bf47-e2a18945600e"", ""labels"": [{""id"": ""08a9b0bd-4713-4ea6-a829-66a64240e254"", ""value"": ""English (language)"", ""language_id"": ""en"", ""list_item_id"": ""38729dbe-6d1c-48ce-bf47-e2a18945600e"", ""valuetype_id"": ""prefLabel""}], ""list_id"": ""f7fc4f6d-fd46-4881-846f-4a08bc1a3fef""}]",3695cff8-d770-11ef-8f5d-0275dc2ded29
840b12d6-8a2e-4204-950c-f0211d93e6c8,36956e50-d770-11ef-8f5d-0275dc2ded29,166c7b56-b36e-4cfa-9dc0-7d232f147d69,1,c9d2aada-fd89-40e3-8f82-dc8708afe14e,"{""en"": {""value"": ""Arathoon Sons"", ""direction"": ""ltr""}}","[{""uri"": ""http://localhost:8000/plugins/controlled-list-manager/item/5f400d39-3b6b-4b8a-939b-4e49787c7444"", ""labels"": [{""id"": ""0070cd3b-1dd7-48ee-9f29-b97266bf5afb"", ""value"": ""preferred terms"", ""language_id"": ""en"", ""list_item_id"": ""5f400d39-3b6b-4b8a-939b-4e49787c7444"", ""valuetype_id"": ""prefLabel""}], ""list_id"": ""80028d07-9c98-48cf-84db-f77bc01c8bbc""}]","[{""uri"": ""http://localhost:8000/plugins/controlled-list-manager/item/38729dbe-6d1c-48ce-bf47-e2a18945600e"", ""labels"": [{""id"": ""08a9b0bd-4713-4ea6-a829-66a64240e254"", ""value"": ""English (language)"", ""language_id"": ""en"", ""list_item_id"": ""38729dbe-6d1c-48ce-bf47-e2a18945600e"", ""valuetype_id"": ""prefLabel""}], ""list_id"": ""f7fc4f6d-fd46-4881-846f-4a08bc1a3fef""}]",3695cff8-d770-11ef-8f5d-0275dc2ded29
f47d0b34-cdad-4eec-b81e-65c20b14672c,36956e50-d770-11ef-8f5d-0275dc2ded29,166c7b56-b36e-4cfa-9dc0-7d232f147d69,1,eb9262b5-7a47-4423-a9ac-d39619f80a34,"{""en"": {""value"": ""Panda Water Colour"", ""direction"": ""ltr""}}","[{""uri"": ""http://localhost:8000/plugins/controlled-list-manager/item/5f400d39-3b6b-4b8a-939b-4e49787c7444"", ""labels"": [{""id"": ""0070cd3b-1dd7-48ee-9f29-b97266bf5afb"", ""value"": ""preferred terms"", ""language_id"": ""en"", ""list_item_id"": ""5f400d39-3b6b-4b8a-939b-4e49787c7444"", ""valuetype_id"": ""prefLabel""}], ""list_id"": ""80028d07-9c98-48cf-84db-f77bc01c8bbc""}]","[{""uri"": ""http://localhost:8000/plugins/controlled-list-manager/item/38729dbe-6d1c-48ce-bf47-e2a18945600e"", ""labels"": [{""id"": ""08a9b0bd-4713-4ea6-a829-66a64240e254"", ""value"": ""English (language)"", ""language_id"": ""en"", ""list_item_id"": ""38729dbe-6d1c-48ce-bf47-e2a18945600e"", ""valuetype_id"": ""prefLabel""}], ""list_id"": ""f7fc4f6d-fd46-4881-846f-4a08bc1a3fef""}]",3695cff8-d770-11ef-8f5d-0275dc2ded29
45e9f65c-1a05-4233-a188-4c5784a56bc4,36956e50-d770-11ef-8f5d-0275dc2ded29,166c7b56-b36e-4cfa-9dc0-7d232f147d69,1,c45c9f01-1a67-482e-8dd1-d83b238198fa,"{""en"": {""value"": ""Kremer Pigments Inc."", ""direction"": ""ltr""}}","[{""uri"": ""http://localhost:8000/plugins/controlled-list-manager/item/5f400d39-3b6b-4b8a-939b-4e49787c7444"", ""labels"": [{""id"": ""0070cd3b-1dd7-48ee-9f29-b97266bf5afb"", ""value"": ""preferred terms"", ""language_id"": ""en"", ""list_item_id"": ""5f400d39-3b6b-4b8a-939b-4e49787c7444"", ""valuetype_id"": ""prefLabel""}], ""list_id"": ""80028d07-9c98-48cf-84db-f77bc01c8bbc""}]","[{""uri"": ""http://localhost:8000/plugins/controlled-list-manager/item/38729dbe-6d1c-48ce-bf47-e2a18945600e"", ""labels"": [{""id"": ""08a9b0bd-4713-4ea6-a829-66a64240e254"", ""value"": ""English (language)"", ""language_id"": ""en"", ""list_item_id"": ""38729dbe-6d1c-48ce-bf47-e2a18945600e"", ""valuetype_id"": ""prefLabel""}], ""list_id"": ""f7fc4f6d-fd46-4881-846f-4a08bc1a3fef""}]",3695cff8-d770-11ef-8f5d-0275dc2ded29
f5a20939-4eb2-48c8-bbc0-c2ad3332d94d,36956e50-d770-11ef-8f5d-0275dc2ded29,166c7b56-b36e-4cfa-9dc0-7d232f147d69,1,10f84b65-e548-4a3e-8e20-c56902907ce7,"{""en"": {""value"": ""A.J. Van der Linde"", ""direction"": ""ltr""}}","[{""uri"": ""http://localhost:8000/plugins/controlled-list-manager/item/5f400d39-3b6b-4b8a-939b-4e49787c7444"", ""labels"": [{""id"": ""0070cd3b-1dd7-48ee-9f29-b97266bf5afb"", ""value"": ""preferred terms"", ""language_id"": ""en"", ""list_item_id"": ""5f400d39-3b6b-4b8a-939b-4e49787c7444"", ""valuetype_id"": ""prefLabel""}], ""list_id"": ""80028d07-9c98-48cf-84db-f77bc01c8bbc""}]","[{""uri"": ""http://localhost:8000/plugins/controlled-list-manager/item/38729dbe-6d1c-48ce-bf47-e2a18945600e"", ""labels"": [{""id"": ""08a9b0bd-4713-4ea6-a829-66a64240e254"", ""value"": ""English (language)"", ""language_id"": ""en"", ""list_item_id"": ""38729dbe-6d1c-48ce-bf47-e2a18945600e"", ""valuetype_id"": ""prefLabel""}], ""list_id"": ""f7fc4f6d-fd46-4881-846f-4a08bc1a3fef""}]",3695cff8-d770-11ef-8f5d-0275dc2ded29
49d30f3f-109c-4a89-ae3f-a7e0ef1dbca7,36956e50-d770-11ef-8f5d-0275dc2ded29,166c7b56-b36e-4cfa-9dc0-7d232f147d69,1,3a440c63-048a-4694-8555-3b49c9e3d999,"{""en"": {""value"": ""Renaissance Oil Painting Mediums"", ""direction"": ""ltr""}}","[{""uri"": ""http://localhost:8000/plugins/controlled-list-manager/item/5f400d39-3b6b-4b8a-939b-4e49787c7444"", ""labels"": [{""id"": ""0070cd3b-1dd7-48ee-9f29-b97266bf5afb"", ""value"": ""preferred terms"", ""language_id"": ""en"", ""list_item_id"": ""5f400d39-3b6b-4b8a-939b-4e49787c7444"", ""valuetype_id"": ""prefLabel""}], ""list_id"": ""80028d07-9c98-48cf-84db-f77bc01c8bbc""}]","[{""uri"": ""http://localhost:8000/plugins/controlled-list-manager/item/38729dbe-6d1c-48ce-bf47-e2a18945600e"", ""labels"": [{""id"": ""08a9b0bd-4713-4ea6-a829-66a64240e254"", ""value"": ""English (language)"", ""language_id"": ""en"", ""list_item_id"": ""38729dbe-6d1c-48ce-bf47-e2a18945600e"", ""valuetype_id"": ""prefLabel""}], ""list_id"": ""f7fc4f6d-fd46-4881-846f-4a08bc1a3fef""}]",3695cff8-d770-11ef-8f5d-0275dc2ded29
687e9366-c89f-4a82-bf71-5b7d4b6bcb9a,36956e50-d770-11ef-8f5d-0275dc2ded29,166c7b56-b36e-4cfa-9dc0-7d232f147d69,1,7cfd69fd-42ca-44e8-9764-fa6947f9a30a,"{""en"": {""value"": ""Union Carbide"", ""direction"": ""ltr""}}","[{""uri"": ""http://localhost:8000/plugins/controlled-list-manager/item/5f400d39-3b6b-4b8a-939b-4e49787c7444"", ""labels"": [{""id"": ""0070cd3b-1dd7-48ee-9f29-b97266bf5afb"", ""value"": ""preferred terms"", ""language_id"": ""en"", ""list_item_id"": ""5f400d39-3b6b-4b8a-939b-4e49787c7444"", ""valuetype_id"": ""prefLabel""}], ""list_id"": ""80028d07-9c98-48cf-84db-f77bc01c8bbc""}]","[{""uri"": ""http://localhost:8000/plugins/controlled-list-manager/item/38729dbe-6d1c-48ce-bf47-e2a18945600e"", ""labels"": [{""id"": ""08a9b0bd-4713-4ea6-a829-66a64240e254"", ""value"": ""English (language)"", ""language_id"": ""en"", ""list_item_id"": ""38729dbe-6d1c-48ce-bf47-e2a18945600e"", ""valuetype_id"": ""prefLabel""}], ""list_id"": ""f7fc4f6d-fd46-4881-846f-4a08bc1a3fef""}]",3695cff8-d770-11ef-8f5d-0275dc2ded29
ec48d94e-0d9f-4e56-bc7e-33b6bdbfa984,36956e50-d770-11ef-8f5d-0275dc2ded29,166c7b56-b36e-4cfa-9dc0-7d232f147d69,1,ff8ff193-01e2-477a-bfef-8605d84cce3e,"{""en"": {""value"": ""Zone VI"", ""direction"": ""ltr""}}","[{""uri"": ""http://localhost:8000/plugins/controlled-list-manager/item/5f400d39-3b6b-4b8a-939b-4e49787c7444"", ""labels"": [{""id"": ""0070cd3b-1dd7-48ee-9f29-b97266bf5afb"", ""value"": ""preferred terms"", ""language_id"": ""en"", ""list_item_id"": ""5f400d39-3b6b-4b8a-939b-4e49787c7444"", ""valuetype_id"": ""prefLabel""}], ""list_id"": ""80028d07-9c98-48cf-84db-f77bc01c8bbc""}]","[{""uri"": ""http://localhost:8000/plugins/controlled-list-manager/item/38729dbe-6d1c-48ce-bf47-e2a18945600e"", ""labels"": [{""id"": ""08a9b0bd-4713-4ea6-a829-66a64240e254"", ""value"": ""English (language)"", ""language_id"": ""en"", ""list_item_id"": ""38729dbe-6d1c-48ce-bf47-e2a18945600e"", ""valuetype_id"": ""prefLabel""}], ""list_id"": ""f7fc4f6d-fd46-4881-846f-4a08bc1a3fef""}]",3695cff8-d770-11ef-8f5d-0275dc2ded29
a59b1b56-fa5c-45ed-a886-26b782d026e5,36956e50-d770-11ef-8f5d-0275dc2ded29,166c7b56-b36e-4cfa-9dc0-7d232f147d69,1,952cf0cb-dedb-4087-af04-5305a0b55204,"{""en"": {""value"": ""Wen Zao shopping center, Beijing"", ""direction"": ""ltr""}}","[{""uri"": ""http://localhost:8000/plugins/controlled-list-manager/item/5f400d39-3b6b-4b8a-939b-4e49787c7444"", ""labels"": [{""id"": ""0070cd3b-1dd7-48ee-9f29-b97266bf5afb"", ""value"": ""preferred terms"", ""language_id"": ""en"", ""list_item_id"": ""5f400d39-3b6b-4b8a-939b-4e49787c7444"", ""valuetype_id"": ""prefLabel""}], ""list_id"": ""80028d07-9c98-48cf-84db-f77bc01c8bbc""}]","[{""uri"": ""http://localhost:8000/plugins/controlled-list-manager/item/38729dbe-6d1c-48ce-bf47-e2a18945600e"", ""labels"": [{""id"": ""08a9b0bd-4713-4ea6-a829-66a64240e254"", ""value"": ""English (language)"", ""language_id"": ""en"", ""list_item_id"": ""38729dbe-6d1c-48ce-bf47-e2a18945600e"", ""valuetype_id"": ""prefLabel""}], ""list_id"": ""f7fc4f6d-fd46-4881-846f-4a08bc1a3fef""}]",3695cff8-d770-11ef-8f5d-0275dc2ded29
a2653685-d579-4c87-b53c-b68b2bfa9e2d,36956e50-d770-11ef-8f5d-0275dc2ded29,166c7b56-b36e-4cfa-9dc0-7d232f147d69,1,f0cf6668-235d-4c98-914e-258861e062e8,"{""en"": {""value"": ""Rich Art Color, Inc."", ""direction"": ""ltr""}}","[{""uri"": ""http://localhost:8000/plugins/controlled-list-manager/item/5f400d39-3b6b-4b8a-939b-4e49787c7444"", ""labels"": [{""id"": ""0070cd3b-1dd7-48ee-9f29-b97266bf5afb"", ""value"": ""preferred terms"", ""language_id"": ""en"", ""list_item_id"": ""5f400d39-3b6b-4b8a-939b-4e49787c7444"", ""valuetype_id"": ""prefLabel""}], ""list_id"": ""80028d07-9c98-48cf-84db-f77bc01c8bbc""}]","[{""uri"": ""http://localhost:8000/plugins/controlled-list-manager/item/38729dbe-6d1c-48ce-bf47-e2a18945600e"", ""labels"": [{""id"": ""08a9b0bd-4713-4ea6-a829-66a64240e254"", ""value"": ""English (language)"", ""language_id"": ""en"", ""list_item_id"": ""38729dbe-6d1c-48ce-bf47-e2a18945600e"", ""valuetype_id"": ""prefLabel""}], ""list_id"": ""f7fc4f6d-fd46-4881-846f-4a08bc1a3fef""}]",3695cff8-d770-11ef-8f5d-0275dc2ded29
6e399e12-18e7-4433-b8a0-fe61452d2d11,36956e50-d770-11ef-8f5d-0275dc2ded29,166c7b56-b36e-4cfa-9dc0-7d232f147d69,1,5ef39649-ad3d-4d62-820d-d14622b112b7,"{""en"": {""value"": ""Durable Arts"", ""direction"": ""ltr""}}","[{""uri"": ""http://localhost:8000/plugins/controlled-list-manager/item/5f400d39-3b6b-4b8a-939b-4e49787c7444"", ""labels"": [{""id"": ""0070cd3b-1dd7-48ee-9f29-b97266bf5afb"", ""value"": ""preferred terms"", ""language_id"": ""en"", ""list_item_id"": ""5f400d39-3b6b-4b8a-939b-4e49787c7444"", ""valuetype_id"": ""prefLabel""}], ""list_id"": ""80028d07-9c98-48cf-84db-f77bc01c8bbc""}]","[{""uri"": ""http://localhost:8000/plugins/controlled-list-manager/item/38729dbe-6d1c-48ce-bf47-e2a18945600e"", ""labels"": [{""id"": ""08a9b0bd-4713-4ea6-a829-66a64240e254"", ""value"": ""English (language)"", ""language_id"": ""en"", ""list_item_id"": ""38729dbe-6d1c-48ce-bf47-e2a18945600e"", ""valuetype_id"": ""prefLabel""}], ""list_id"": ""f7fc4f6d-fd46-4881-846f-4a08bc1a3fef""}]",3695cff8-d770-11ef-8f5d-0275dc2ded29
b6a9cdbf-7b5d-49c3-9d22-1f32b1394b81,36956e50-d770-11ef-8f5d-0275dc2ded29,166c7b56-b36e-4cfa-9dc0-7d232f147d69,1,f6b9463a-3a75-41b0-bda3-dc23996e379f,"{""en"": {""value"": ""Konica Minolta Photo Imaging, Inc."", ""direction"": ""ltr""}}","[{""uri"": ""http://localhost:8000/plugins/controlled-list-manager/item/5f400d39-3b6b-4b8a-939b-4e49787c7444"", ""labels"": [{""id"": ""0070cd3b-1dd7-48ee-9f29-b97266bf5afb"", ""value"": ""preferred terms"", ""language_id"": ""en"", ""list_item_id"": ""5f400d39-3b6b-4b8a-939b-4e49787c7444"", ""valuetype_id"": ""prefLabel""}], ""list_id"": ""80028d07-9c98-48cf-84db-f77bc01c8bbc""}]","[{""uri"": ""http://localhost:8000/plugins/controlled-list-manager/item/38729dbe-6d1c-48ce-bf47-e2a18945600e"", ""labels"": [{""id"": ""08a9b0bd-4713-4ea6-a829-66a64240e254"", ""value"": ""English (language)"", ""language_id"": ""en"", ""list_item_id"": ""38729dbe-6d1c-48ce-bf47-e2a18945600e"", ""valuetype_id"": ""prefLabel""}], ""list_id"": ""f7fc4f6d-fd46-4881-846f-4a08bc1a3fef""}]",3695cff8-d770-11ef-8f5d-0275dc2ded29
724a35b5-4c45-4e71-a4a1-a3b8362c4a4a,36956e50-d770-11ef-8f5d-0275dc2ded29,166c7b56-b36e-4cfa-9dc0-7d232f147d69,1,0ea770aa-34c6-4ffa-9e73-4d0df9e9998a,"{""en"": {""value"": ""Pebeo"", ""direction"": ""ltr""}}","[{""uri"": ""http://localhost:8000/plugins/controlled-list-manager/item/5f400d39-3b6b-4b8a-939b-4e49787c7444"", ""labels"": [{""id"": ""0070cd3b-1dd7-48ee-9f29-b97266bf5afb"", ""value"": ""preferred terms"", ""language_id"": ""en"", ""list_item_id"": ""5f400d39-3b6b-4b8a-939b-4e49787c7444"", ""valuetype_id"": ""prefLabel""}], ""list_id"": ""80028d07-9c98-48cf-84db-f77bc01c8bbc""}]","[{""uri"": ""http://localhost:8000/plugins/controlled-list-manager/item/38729dbe-6d1c-48ce-bf47-e2a18945600e"", ""labels"": [{""id"": ""08a9b0bd-4713-4ea6-a829-66a64240e254"", ""value"": ""English (language)"", ""language_id"": ""en"", ""list_item_id"": ""38729dbe-6d1c-48ce-bf47-e2a18945600e"", ""valuetype_id"": ""prefLabel""}], ""list_id"": ""f7fc4f6d-fd46-4881-846f-4a08bc1a3fef""}]",3695cff8-d770-11ef-8f5d-0275dc2ded29
1fc06a29-eadb-4254-a396-a60cd10086d4,36956e50-d770-11ef-8f5d-0275dc2ded29,166c7b56-b36e-4cfa-9dc0-7d232f147d69,1,b3b55e4c-bdc4-4841-a901-fd0b2a53a8b9,"{""en"": {""value"": ""Su Bomin, Dunhuang Academy"", ""direction"": ""ltr""}}","[{""uri"": ""http://localhost:8000/plugins/controlled-list-manager/item/5f400d39-3b6b-4b8a-939b-4e49787c7444"", ""labels"": [{""id"": ""0070cd3b-1dd7-48ee-9f29-b97266bf5afb"", ""value"": ""preferred terms"", ""language_id"": ""en"", ""list_item_id"": ""5f400d39-3b6b-4b8a-939b-4e49787c7444"", ""valuetype_id"": ""prefLabel""}], ""list_id"": ""80028d07-9c98-48cf-84db-f77bc01c8bbc""}]","[{""uri"": ""http://localhost:8000/plugins/controlled-list-manager/item/38729dbe-6d1c-48ce-bf47-e2a18945600e"", ""labels"": [{""id"": ""08a9b0bd-4713-4ea6-a829-66a64240e254"", ""value"": ""English (language)"", ""language_id"": ""en"", ""list_item_id"": ""38729dbe-6d1c-48ce-bf47-e2a18945600e"", ""valuetype_id"": ""prefLabel""}], ""list_id"": ""f7fc4f6d-fd46-4881-846f-4a08bc1a3fef""}]",3695cff8-d770-11ef-8f5d-0275dc2ded29
2bff788a-ee3c-4e92-a4cb-39ffffb8427a,36956e50-d770-11ef-8f5d-0275dc2ded29,166c7b56-b36e-4cfa-9dc0-7d232f147d69,1,5a59e12b-87c9-4b1e-8c2f-f66648146fda,"{""en"": {""value"": ""Overton Labs for Durachem"", ""direction"": ""ltr""}}","[{""uri"": ""http://localhost:8000/plugins/controlled-list-manager/item/5f400d39-3b6b-4b8a-939b-4e49787c7444"", ""labels"": [{""id"": ""0070cd3b-1dd7-48ee-9f29-b97266bf5afb"", ""value"": ""preferred terms"", ""language_id"": ""en"", ""list_item_id"": ""5f400d39-3b6b-4b8a-939b-4e49787c7444"", ""valuetype_id"": ""prefLabel""}], ""list_id"": ""80028d07-9c98-48cf-84db-f77bc01c8bbc""}]","[{""uri"": ""http://localhost:8000/plugins/controlled-list-manager/item/38729dbe-6d1c-48ce-bf47-e2a18945600e"", ""labels"": [{""id"": ""08a9b0bd-4713-4ea6-a829-66a64240e254"", ""value"": ""English (language)"", ""language_id"": ""en"", ""list_item_id"": ""38729dbe-6d1c-48ce-bf47-e2a18945600e"", ""valuetype_id"": ""prefLabel""}], ""list_id"": ""f7fc4f6d-fd46-4881-846f-4a08bc1a3fef""}]",3695cff8-d770-11ef-8f5d-0275dc2ded29
a51be9e5-9117-42bc-825a-5c45779ed308,36956e50-d770-11ef-8f5d-0275dc2ded29,166c7b56-b36e-4cfa-9dc0-7d232f147d69,1,aaf99b92-5d73-4431-b740-aa3cbebb0037,"{""en"": {""value"": ""AP Fitzpatrick"", ""direction"": ""ltr""}}","[{""uri"": ""http://localhost:8000/plugins/controlled-list-manager/item/5f400d39-3b6b-4b8a-939b-4e49787c7444"", ""labels"": [{""id"": ""0070cd3b-1dd7-48ee-9f29-b97266bf5afb"", ""value"": ""preferred terms"", ""language_id"": ""en"", ""list_item_id"": ""5f400d39-3b6b-4b8a-939b-4e49787c7444"", ""valuetype_id"": ""prefLabel""}], ""list_id"": ""80028d07-9c98-48cf-84db-f77bc01c8bbc""}]","[{""uri"": ""http://localhost:8000/plugins/controlled-list-manager/item/38729dbe-6d1c-48ce-bf47-e2a18945600e"", ""labels"": [{""id"": ""08a9b0bd-4713-4ea6-a829-66a64240e254"", ""value"": ""English (language)"", ""language_id"": ""en"", ""list_item_id"": ""38729dbe-6d1c-48ce-bf47-e2a18945600e"", ""valuetype_id"": ""prefLabel""}], ""list_id"": ""f7fc4f6d-fd46-4881-846f-4a08bc1a3fef""}]",3695cff8-d770-11ef-8f5d-0275dc2ded29
af25e73a-ffb9-4064-a7af-6b05353e00ff,36956e50-d770-11ef-8f5d-0275dc2ded29,166c7b56-b36e-4cfa-9dc0-7d232f147d69,1,217c6961-aabd-44c4-9bd5-c325ead430fe,"{""en"": {""value"": ""Bender Hobein"", ""direction"": ""ltr""}}","[{""uri"": ""http://localhost:8000/plugins/controlled-list-manager/item/5f400d39-3b6b-4b8a-939b-4e49787c7444"", ""labels"": [{""id"": ""0070cd3b-1dd7-48ee-9f29-b97266bf5afb"", ""value"": ""preferred terms"", ""language_id"": ""en"", ""list_item_id"": ""5f400d39-3b6b-4b8a-939b-4e49787c7444"", ""valuetype_id"": ""prefLabel""}], ""list_id"": ""80028d07-9c98-48cf-84db-f77bc01c8bbc""}]","[{""uri"": ""http://localhost:8000/plugins/controlled-list-manager/item/38729dbe-6d1c-48ce-bf47-e2a18945600e"", ""labels"": [{""id"": ""08a9b0bd-4713-4ea6-a829-66a64240e254"", ""value"": ""English (language)"", ""language_id"": ""en"", ""list_item_id"": ""38729dbe-6d1c-48ce-bf47-e2a18945600e"", ""valuetype_id"": ""prefLabel""}], ""list_id"": ""f7fc4f6d-fd46-4881-846f-4a08bc1a3fef""}]",3695cff8-d770-11ef-8f5d-0275dc2ded29
7cfd7442-f321-4b01-b6d0-b3f494b386ca,36956e50-d770-11ef-8f5d-0275dc2ded29,166c7b56-b36e-4cfa-9dc0-7d232f147d69,1,2fd4c455-df5c-4d37-aec1-d7bbc2cd85d9,"{""en"": {""value"": ""UnconventionalLapidarist.com"", ""direction"": ""ltr""}}","[{""uri"": ""http://localhost:8000/plugins/controlled-list-manager/item/5f400d39-3b6b-4b8a-939b-4e49787c7444"", ""labels"": [{""id"": ""0070cd3b-1dd7-48ee-9f29-b97266bf5afb"", ""value"": ""preferred terms"", ""language_id"": ""en"", ""list_item_id"": ""5f400d39-3b6b-4b8a-939b-4e49787c7444"", ""valuetype_id"": ""prefLabel""}], ""list_id"": ""80028d07-9c98-48cf-84db-f77bc01c8bbc""}]","[{""uri"": ""http://localhost:8000/plugins/controlled-list-manager/item/38729dbe-6d1c-48ce-bf47-e2a18945600e"", ""labels"": [{""id"": ""08a9b0bd-4713-4ea6-a829-66a64240e254"", ""value"": ""English (language)"", ""language_id"": ""en"", ""list_item_id"": ""38729dbe-6d1c-48ce-bf47-e2a18945600e"", ""valuetype_id"": ""prefLabel""}], ""list_id"": ""f7fc4f6d-fd46-4881-846f-4a08bc1a3fef""}]",3695cff8-d770-11ef-8f5d-0275dc2ded29
f69b5738-2625-49dc-9005-63c865e02515,36956e50-d770-11ef-8f5d-0275dc2ded29,166c7b56-b36e-4cfa-9dc0-7d232f147d69,1,1c71000a-1606-49c3-ae73-d282d4fd4d7c,"{""en"": {""value"": ""Fred Aldous Ltd"", ""direction"": ""ltr""}}","[{""uri"": ""http://localhost:8000/plugins/controlled-list-manager/item/5f400d39-3b6b-4b8a-939b-4e49787c7444"", ""labels"": [{""id"": ""0070cd3b-1dd7-48ee-9f29-b97266bf5afb"", ""value"": ""preferred terms"", ""language_id"": ""en"", ""list_item_id"": ""5f400d39-3b6b-4b8a-939b-4e49787c7444"", ""valuetype_id"": ""prefLabel""}], ""list_id"": ""80028d07-9c98-48cf-84db-f77bc01c8bbc""}]","[{""uri"": ""http://localhost:8000/plugins/controlled-list-manager/item/38729dbe-6d1c-48ce-bf47-e2a18945600e"", ""labels"": [{""id"": ""08a9b0bd-4713-4ea6-a829-66a64240e254"", ""value"": ""English (language)"", ""language_id"": ""en"", ""list_item_id"": ""38729dbe-6d1c-48ce-bf47-e2a18945600e"", ""valuetype_id"": ""prefLabel""}], ""list_id"": ""f7fc4f6d-fd46-4881-846f-4a08bc1a3fef""}]",3695cff8-d770-11ef-8f5d-0275dc2ded29
fd1ad71b-8296-44d6-8ff5-80f4fa3bb9a7,36956e50-d770-11ef-8f5d-0275dc2ded29,166c7b56-b36e-4cfa-9dc0-7d232f147d69,1,26158e10-313f-4e23-bee5-6f005bd3f826,"{""en"": {""value"": ""J. Portell"", ""direction"": ""ltr""}}","[{""uri"": ""http://localhost:8000/plugins/controlled-list-manager/item/5f400d39-3b6b-4b8a-939b-4e49787c7444"", ""labels"": [{""id"": ""0070cd3b-1dd7-48ee-9f29-b97266bf5afb"", ""value"": ""preferred terms"", ""language_id"": ""en"", ""list_item_id"": ""5f400d39-3b6b-4b8a-939b-4e49787c7444"", ""valuetype_id"": ""prefLabel""}], ""list_id"": ""80028d07-9c98-48cf-84db-f77bc01c8bbc""}]","[{""uri"": ""http://localhost:8000/plugins/controlled-list-manager/item/38729dbe-6d1c-48ce-bf47-e2a18945600e"", ""labels"": [{""id"": ""08a9b0bd-4713-4ea6-a829-66a64240e254"", ""value"": ""English (language)"", ""language_id"": ""en"", ""list_item_id"": ""38729dbe-6d1c-48ce-bf47-e2a18945600e"", ""valuetype_id"": ""prefLabel""}], ""list_id"": ""f7fc4f6d-fd46-4881-846f-4a08bc1a3fef""}]",3695cff8-d770-11ef-8f5d-0275dc2ded29
176b13c5-8d38-4058-9174-722b90eec875,36956e50-d770-11ef-8f5d-0275dc2ded29,166c7b56-b36e-4cfa-9dc0-7d232f147d69,1,9fc17821-50b8-4f6e-aa32-eb4fecfe744f,"{""en"": {""value"": ""LA Office Supply Store"", ""direction"": ""ltr""}}","[{""uri"": ""http://localhost:8000/plugins/controlled-list-manager/item/5f400d39-3b6b-4b8a-939b-4e49787c7444"", ""labels"": [{""id"": ""0070cd3b-1dd7-48ee-9f29-b97266bf5afb"", ""value"": ""preferred terms"", ""language_id"": ""en"", ""list_item_id"": ""5f400d39-3b6b-4b8a-939b-4e49787c7444"", ""valuetype_id"": ""prefLabel""}], ""list_id"": ""80028d07-9c98-48cf-84db-f77bc01c8bbc""}]","[{""uri"": ""http://localhost:8000/plugins/controlled-list-manager/item/38729dbe-6d1c-48ce-bf47-e2a18945600e"", ""labels"": [{""id"": ""08a9b0bd-4713-4ea6-a829-66a64240e254"", ""value"": ""English (language)"", ""language_id"": ""en"", ""list_item_id"": ""38729dbe-6d1c-48ce-bf47-e2a18945600e"", ""valuetype_id"": ""prefLabel""}], ""list_id"": ""f7fc4f6d-fd46-4881-846f-4a08bc1a3fef""}]",3695cff8-d770-11ef-8f5d-0275dc2ded29
8209a745-48bb-40b9-9cbd-c3a7c8c12d87,36956e50-d770-11ef-8f5d-0275dc2ded29,166c7b56-b36e-4cfa-9dc0-7d232f147d69,1,0eb4314b-3b2b-4a47-83f7-8e1a4e1d3935,"{""en"": {""value"": ""Arches"", ""direction"": ""ltr""}}","[{""uri"": ""http://localhost:8000/plugins/controlled-list-manager/item/5f400d39-3b6b-4b8a-939b-4e49787c7444"", ""labels"": [{""id"": ""0070cd3b-1dd7-48ee-9f29-b97266bf5afb"", ""value"": ""preferred terms"", ""language_id"": ""en"", ""list_item_id"": ""5f400d39-3b6b-4b8a-939b-4e49787c7444"", ""valuetype_id"": ""prefLabel""}], ""list_id"": ""80028d07-9c98-48cf-84db-f77bc01c8bbc""}]","[{""uri"": ""http://localhost:8000/plugins/controlled-list-manager/item/38729dbe-6d1c-48ce-bf47-e2a18945600e"", ""labels"": [{""id"": ""08a9b0bd-4713-4ea6-a829-66a64240e254"", ""value"": ""English (language)"", ""language_id"": ""en"", ""list_item_id"": ""38729dbe-6d1c-48ce-bf47-e2a18945600e"", ""valuetype_id"": ""prefLabel""}], ""list_id"": ""f7fc4f6d-fd46-4881-846f-4a08bc1a3fef""}]",3695cff8-d770-11ef-8f5d-0275dc2ded29
69009c08-4abe-466c-9cff-51babf98ca7f,36956e50-d770-11ef-8f5d-0275dc2ded29,166c7b56-b36e-4cfa-9dc0-7d232f147d69,1,33bd2b22-3a1c-4a6c-bbed-8dabe2ea8431,"{""en"": {""value"": ""Asahi Kusakabe"", ""direction"": ""ltr""}}","[{""uri"": ""http://localhost:8000/plugins/controlled-list-manager/item/5f400d39-3b6b-4b8a-939b-4e49787c7444"", ""labels"": [{""id"": ""0070cd3b-1dd7-48ee-9f29-b97266bf5afb"", ""value"": ""preferred terms"", ""language_id"": ""en"", ""list_item_id"": ""5f400d39-3b6b-4b8a-939b-4e49787c7444"", ""valuetype_id"": ""prefLabel""}], ""list_id"": ""80028d07-9c98-48cf-84db-f77bc01c8bbc""}]","[{""uri"": ""http://localhost:8000/plugins/controlled-list-manager/item/38729dbe-6d1c-48ce-bf47-e2a18945600e"", ""labels"": [{""id"": ""08a9b0bd-4713-4ea6-a829-66a64240e254"", ""value"": ""English (language)"", ""language_id"": ""en"", ""list_item_id"": ""38729dbe-6d1c-48ce-bf47-e2a18945600e"", ""valuetype_id"": ""prefLabel""}], ""list_id"": ""f7fc4f6d-fd46-4881-846f-4a08bc1a3fef""}]",3695cff8-d770-11ef-8f5d-0275dc2ded29
0b58f422-281a-4cfe-b9cb-88fd80988323,36956e50-d770-11ef-8f5d-0275dc2ded29,166c7b56-b36e-4cfa-9dc0-7d232f147d69,1,cf4abfd2-e349-4118-8116-6864d62c37bf,"{""en"": {""value"": ""Hercules Inc. (Aqualon div.)"", ""direction"": ""ltr""}}","[{""uri"": ""http://localhost:8000/plugins/controlled-list-manager/item/5f400d39-3b6b-4b8a-939b-4e49787c7444"", ""labels"": [{""id"": ""0070cd3b-1dd7-48ee-9f29-b97266bf5afb"", ""value"": ""preferred terms"", ""language_id"": ""en"", ""list_item_id"": ""5f400d39-3b6b-4b8a-939b-4e49787c7444"", ""valuetype_id"": ""prefLabel""}], ""list_id"": ""80028d07-9c98-48cf-84db-f77bc01c8bbc""}]","[{""uri"": ""http://localhost:8000/plugins/controlled-list-manager/item/38729dbe-6d1c-48ce-bf47-e2a18945600e"", ""labels"": [{""id"": ""08a9b0bd-4713-4ea6-a829-66a64240e254"", ""value"": ""English (language)"", ""language_id"": ""en"", ""list_item_id"": ""38729dbe-6d1c-48ce-bf47-e2a18945600e"", ""valuetype_id"": ""prefLabel""}], ""list_id"": ""f7fc4f6d-fd46-4881-846f-4a08bc1a3fef""}]",3695cff8-d770-11ef-8f5d-0275dc2ded29
5e965e4f-15c5-4bc0-90d3-c9c013b71993,36956e50-d770-11ef-8f5d-0275dc2ded29,166c7b56-b36e-4cfa-9dc0-7d232f147d69,1,00a2ac19-6630-4583-aac9-f1e456e37c72,"{""en"": {""value"": ""Old Delhi Chemical Market"", ""direction"": ""ltr""}}","[{""uri"": ""http://localhost:8000/plugins/controlled-list-manager/item/5f400d39-3b6b-4b8a-939b-4e49787c7444"", ""labels"": [{""id"": ""0070cd3b-1dd7-48ee-9f29-b97266bf5afb"", ""value"": ""preferred terms"", ""language_id"": ""en"", ""list_item_id"": ""5f400d39-3b6b-4b8a-939b-4e49787c7444"", ""valuetype_id"": ""prefLabel""}], ""list_id"": ""80028d07-9c98-48cf-84db-f77bc01c8bbc""}]","[{""uri"": ""http://localhost:8000/plugins/controlled-list-manager/item/38729dbe-6d1c-48ce-bf47-e2a18945600e"", ""labels"": [{""id"": ""08a9b0bd-4713-4ea6-a829-66a64240e254"", ""value"": ""English (language)"", ""language_id"": ""en"", ""list_item_id"": ""38729dbe-6d1c-48ce-bf47-e2a18945600e"", ""valuetype_id"": ""prefLabel""}], ""list_id"": ""f7fc4f6d-fd46-4881-846f-4a08bc1a3fef""}]",3695cff8-d770-11ef-8f5d-0275dc2ded29
e0e5122a-daf0-420d-ae6d-1b2d740191e8,36956e50-d770-11ef-8f5d-0275dc2ded29,166c7b56-b36e-4cfa-9dc0-7d232f147d69,1,bdfecdf1-e324-4e11-8d41-75340acf0184,"{""en"": {""value"": ""Breitsamer Reineimkerspezialitaten"", ""direction"": ""ltr""}}","[{""uri"": ""http://localhost:8000/plugins/controlled-list-manager/item/5f400d39-3b6b-4b8a-939b-4e49787c7444"", ""labels"": [{""id"": ""0070cd3b-1dd7-48ee-9f29-b97266bf5afb"", ""value"": ""preferred terms"", ""language_id"": ""en"", ""list_item_id"": ""5f400d39-3b6b-4b8a-939b-4e49787c7444"", ""valuetype_id"": ""prefLabel""}], ""list_id"": ""80028d07-9c98-48cf-84db-f77bc01c8bbc""}]","[{""uri"": ""http://localhost:8000/plugins/controlled-list-manager/item/38729dbe-6d1c-48ce-bf47-e2a18945600e"", ""labels"": [{""id"": ""08a9b0bd-4713-4ea6-a829-66a64240e254"", ""value"": ""English (language)"", ""language_id"": ""en"", ""list_item_id"": ""38729dbe-6d1c-48ce-bf47-e2a18945600e"", ""valuetype_id"": ""prefLabel""}], ""list_id"": ""f7fc4f6d-fd46-4881-846f-4a08bc1a3fef""}]",3695cff8-d770-11ef-8f5d-0275dc2ded29
30a8f7cc-290c-4e9c-8e3d-3de6fffa9c3a,36956e50-d770-11ef-8f5d-0275dc2ded29,166c7b56-b36e-4cfa-9dc0-7d232f147d69,1,024b73e3-70bb-4101-9d44-e85492d8ae28,"{""en"": {""value"": ""L. Cornelissen & Son"", ""direction"": ""ltr""}}","[{""uri"": ""http://localhost:8000/plugins/controlled-list-manager/item/5f400d39-3b6b-4b8a-939b-4e49787c7444"", ""labels"": [{""id"": ""0070cd3b-1dd7-48ee-9f29-b97266bf5afb"", ""value"": ""preferred terms"", ""language_id"": ""en"", ""list_item_id"": ""5f400d39-3b6b-4b8a-939b-4e49787c7444"", ""valuetype_id"": ""prefLabel""}], ""list_id"": ""80028d07-9c98-48cf-84db-f77bc01c8bbc""}]","[{""uri"": ""http://localhost:8000/plugins/controlled-list-manager/item/38729dbe-6d1c-48ce-bf47-e2a18945600e"", ""labels"": [{""id"": ""08a9b0bd-4713-4ea6-a829-66a64240e254"", ""value"": ""English (language)"", ""language_id"": ""en"", ""list_item_id"": ""38729dbe-6d1c-48ce-bf47-e2a18945600e"", ""valuetype_id"": ""prefLabel""}], ""list_id"": ""f7fc4f6d-fd46-4881-846f-4a08bc1a3fef""}]",3695cff8-d770-11ef-8f5d-0275dc2ded29
1d28fa8e-2e59-448b-80a1-4557cd11081d,36956e50-d770-11ef-8f5d-0275dc2ded29,166c7b56-b36e-4cfa-9dc0-7d232f147d69,1,8a99ecff-2aa1-4c01-887d-bbaa9a418a80,"{""en"": {""value"": ""The Arbidar Co."", ""direction"": ""ltr""}}","[{""uri"": ""http://localhost:8000/plugins/controlled-list-manager/item/5f400d39-3b6b-4b8a-939b-4e49787c7444"", ""labels"": [{""id"": ""0070cd3b-1dd7-48ee-9f29-b97266bf5afb"", ""value"": ""preferred terms"", ""language_id"": ""en"", ""list_item_id"": ""5f400d39-3b6b-4b8a-939b-4e49787c7444"", ""valuetype_id"": ""prefLabel""}], ""list_id"": ""80028d07-9c98-48cf-84db-f77bc01c8bbc""}]","[{""uri"": ""http://localhost:8000/plugins/controlled-list-manager/item/38729dbe-6d1c-48ce-bf47-e2a18945600e"", ""labels"": [{""id"": ""08a9b0bd-4713-4ea6-a829-66a64240e254"", ""value"": ""English (language)"", ""language_id"": ""en"", ""list_item_id"": ""38729dbe-6d1c-48ce-bf47-e2a18945600e"", ""valuetype_id"": ""prefLabel""}], ""list_id"": ""f7fc4f6d-fd46-4881-846f-4a08bc1a3fef""}]",3695cff8-d770-11ef-8f5d-0275dc2ded29
2913af32-fd7b-47a7-981e-c2065c0dc85c,36956e50-d770-11ef-8f5d-0275dc2ded29,166c7b56-b36e-4cfa-9dc0-7d232f147d69,1,0b5259fa-3b28-446f-aad2-ad059673b6a4,"{""en"": {""value"": ""B.D.H."", ""direction"": ""ltr""}}","[{""uri"": ""http://localhost:8000/plugins/controlled-list-manager/item/5f400d39-3b6b-4b8a-939b-4e49787c7444"", ""labels"": [{""id"": ""0070cd3b-1dd7-48ee-9f29-b97266bf5afb"", ""value"": ""preferred terms"", ""language_id"": ""en"", ""list_item_id"": ""5f400d39-3b6b-4b8a-939b-4e49787c7444"", ""valuetype_id"": ""prefLabel""}], ""list_id"": ""80028d07-9c98-48cf-84db-f77bc01c8bbc""}]","[{""uri"": ""http://localhost:8000/plugins/controlled-list-manager/item/38729dbe-6d1c-48ce-bf47-e2a18945600e"", ""labels"": [{""id"": ""08a9b0bd-4713-4ea6-a829-66a64240e254"", ""value"": ""English (language)"", ""language_id"": ""en"", ""list_item_id"": ""38729dbe-6d1c-48ce-bf47-e2a18945600e"", ""valuetype_id"": ""prefLabel""}], ""list_id"": ""f7fc4f6d-fd46-4881-846f-4a08bc1a3fef""}]",3695cff8-d770-11ef-8f5d-0275dc2ded29
accd5007-3d58-45b8-8f54-876b070b4733,36956e50-d770-11ef-8f5d-0275dc2ded29,166c7b56-b36e-4cfa-9dc0-7d232f147d69,1,8b83b4e4-5ae7-4c40-b6b1-a1b3d0b78ee4,"{""en"": {""value"": ""Argentus"", ""direction"": ""ltr""}}","[{""uri"": ""http://localhost:8000/plugins/controlled-list-manager/item/5f400d39-3b6b-4b8a-939b-4e49787c7444"", ""labels"": [{""id"": ""0070cd3b-1dd7-48ee-9f29-b97266bf5afb"", ""value"": ""preferred terms"", ""language_id"": ""en"", ""list_item_id"": ""5f400d39-3b6b-4b8a-939b-4e49787c7444"", ""valuetype_id"": ""prefLabel""}], ""list_id"": ""80028d07-9c98-48cf-84db-f77bc01c8bbc""}]","[{""uri"": ""http://localhost:8000/plugins/controlled-list-manager/item/38729dbe-6d1c-48ce-bf47-e2a18945600e"", ""labels"": [{""id"": ""08a9b0bd-4713-4ea6-a829-66a64240e254"", ""value"": ""English (language)"", ""language_id"": ""en"", ""list_item_id"": ""38729dbe-6d1c-48ce-bf47-e2a18945600e"", ""valuetype_id"": ""prefLabel""}], ""list_id"": ""f7fc4f6d-fd46-4881-846f-4a08bc1a3fef""}]",3695cff8-d770-11ef-8f5d-0275dc2ded29
7af3dd09-9f50-4d23-aaa8-46671fbff69b,36956e50-d770-11ef-8f5d-0275dc2ded29,166c7b56-b36e-4cfa-9dc0-7d232f147d69,1,b26c3862-98a3-49e1-95de-2ec95ba3ea64,"{""en"": {""value"": ""Findeisen"", ""direction"": ""ltr""}}","[{""uri"": ""http://localhost:8000/plugins/controlled-list-manager/item/5f400d39-3b6b-4b8a-939b-4e49787c7444"", ""labels"": [{""id"": ""0070cd3b-1dd7-48ee-9f29-b97266bf5afb"", ""value"": ""preferred terms"", ""language_id"": ""en"", ""list_item_id"": ""5f400d39-3b6b-4b8a-939b-4e49787c7444"", ""valuetype_id"": ""prefLabel""}], ""list_id"": ""80028d07-9c98-48cf-84db-f77bc01c8bbc""}]","[{""uri"": ""http://localhost:8000/plugins/controlled-list-manager/item/38729dbe-6d1c-48ce-bf47-e2a18945600e"", ""labels"": [{""id"": ""08a9b0bd-4713-4ea6-a829-66a64240e254"", ""value"": ""English (language)"", ""language_id"": ""en"", ""list_item_id"": ""38729dbe-6d1c-48ce-bf47-e2a18945600e"", ""valuetype_id"": ""prefLabel""}], ""list_id"": ""f7fc4f6d-fd46-4881-846f-4a08bc1a3fef""}]",3695cff8-d770-11ef-8f5d-0275dc2ded29
84e1e49f-cf2a-44af-afc7-326f418d27ba,36956e50-d770-11ef-8f5d-0275dc2ded29,166c7b56-b36e-4cfa-9dc0-7d232f147d69,1,b80a2572-bded-4837-af40-52fba7384afd,"{""en"": {""value"": ""Factory of Art Materials"", ""direction"": ""ltr""}}","[{""uri"": ""http://localhost:8000/plugins/controlled-list-manager/item/5f400d39-3b6b-4b8a-939b-4e49787c7444"", ""labels"": [{""id"": ""0070cd3b-1dd7-48ee-9f29-b97266bf5afb"", ""value"": ""preferred terms"", ""language_id"": ""en"", ""list_item_id"": ""5f400d39-3b6b-4b8a-939b-4e49787c7444"", ""valuetype_id"": ""prefLabel""}], ""list_id"": ""80028d07-9c98-48cf-84db-f77bc01c8bbc""}]","[{""uri"": ""http://localhost:8000/plugins/controlled-list-manager/item/38729dbe-6d1c-48ce-bf47-e2a18945600e"", ""labels"": [{""id"": ""08a9b0bd-4713-4ea6-a829-66a64240e254"", ""value"": ""English (language)"", ""language_id"": ""en"", ""list_item_id"": ""38729dbe-6d1c-48ce-bf47-e2a18945600e"", ""valuetype_id"": ""prefLabel""}], ""list_id"": ""f7fc4f6d-fd46-4881-846f-4a08bc1a3fef""}]",3695cff8-d770-11ef-8f5d-0275dc2ded29
39ee4fb1-7dbe-4020-8896-cb9c8a9a69da,36956e50-d770-11ef-8f5d-0275dc2ded29,166c7b56-b36e-4cfa-9dc0-7d232f147d69,1,9beb97f8-4a14-4d53-a514-cdc414fa7698,"{""en"": {""value"": ""Freestyle Photo"", ""direction"": ""ltr""}}","[{""uri"": ""http://localhost:8000/plugins/controlled-list-manager/item/5f400d39-3b6b-4b8a-939b-4e49787c7444"", ""labels"": [{""id"": ""0070cd3b-1dd7-48ee-9f29-b97266bf5afb"", ""value"": ""preferred terms"", ""language_id"": ""en"", ""list_item_id"": ""5f400d39-3b6b-4b8a-939b-4e49787c7444"", ""valuetype_id"": ""prefLabel""}], ""list_id"": ""80028d07-9c98-48cf-84db-f77bc01c8bbc""}]","[{""uri"": ""http://localhost:8000/plugins/controlled-list-manager/item/38729dbe-6d1c-48ce-bf47-e2a18945600e"", ""labels"": [{""id"": ""08a9b0bd-4713-4ea6-a829-66a64240e254"", ""value"": ""English (language)"", ""language_id"": ""en"", ""list_item_id"": ""38729dbe-6d1c-48ce-bf47-e2a18945600e"", ""valuetype_id"": ""prefLabel""}], ""list_id"": ""f7fc4f6d-fd46-4881-846f-4a08bc1a3fef""}]",3695cff8-d770-11ef-8f5d-0275dc2ded29
d2927f74-faa5-4855-99c9-fca636905d0c,36956e50-d770-11ef-8f5d-0275dc2ded29,166c7b56-b36e-4cfa-9dc0-7d232f147d69,1,403a48f8-1776-4e54-8ae7-908025f8d7d0,"{""en"": {""value"": ""Kopps Company Incorporated\n(Chem Div PGH19PA)"", ""direction"": ""ltr""}}","[{""uri"": ""http://localhost:8000/plugins/controlled-list-manager/item/5f400d39-3b6b-4b8a-939b-4e49787c7444"", ""labels"": [{""id"": ""0070cd3b-1dd7-48ee-9f29-b97266bf5afb"", ""value"": ""preferred terms"", ""language_id"": ""en"", ""list_item_id"": ""5f400d39-3b6b-4b8a-939b-4e49787c7444"", ""valuetype_id"": ""prefLabel""}], ""list_id"": ""80028d07-9c98-48cf-84db-f77bc01c8bbc""}]","[{""uri"": ""http://localhost:8000/plugins/controlled-list-manager/item/38729dbe-6d1c-48ce-bf47-e2a18945600e"", ""labels"": [{""id"": ""08a9b0bd-4713-4ea6-a829-66a64240e254"", ""value"": ""English (language)"", ""language_id"": ""en"", ""list_item_id"": ""38729dbe-6d1c-48ce-bf47-e2a18945600e"", ""valuetype_id"": ""prefLabel""}], ""list_id"": ""f7fc4f6d-fd46-4881-846f-4a08bc1a3fef""}]",3695cff8-d770-11ef-8f5d-0275dc2ded29
bf713b64-abbc-4c1f-813e-07baaca4942e,36956e50-d770-11ef-8f5d-0275dc2ded29,166c7b56-b36e-4cfa-9dc0-7d232f147d69,1,7ecb5884-1850-4d68-a4cb-784efa70a49f,"{""en"": {""value"": ""Zeneca"", ""direction"": ""ltr""}}","[{""uri"": ""http://localhost:8000/plugins/controlled-list-manager/item/5f400d39-3b6b-4b8a-939b-4e49787c7444"", ""labels"": [{""id"": ""0070cd3b-1dd7-48ee-9f29-b97266bf5afb"", ""value"": ""preferred terms"", ""language_id"": ""en"", ""list_item_id"": ""5f400d39-3b6b-4b8a-939b-4e49787c7444"", ""valuetype_id"": ""prefLabel""}], ""list_id"": ""80028d07-9c98-48cf-84db-f77bc01c8bbc""}]","[{""uri"": ""http://localhost:8000/plugins/controlled-list-manager/item/38729dbe-6d1c-48ce-bf47-e2a18945600e"", ""labels"": [{""id"": ""08a9b0bd-4713-4ea6-a829-66a64240e254"", ""value"": ""English (language)"", ""language_id"": ""en"", ""list_item_id"": ""38729dbe-6d1c-48ce-bf47-e2a18945600e"", ""valuetype_id"": ""prefLabel""}], ""list_id"": ""f7fc4f6d-fd46-4881-846f-4a08bc1a3fef""}]",3695cff8-d770-11ef-8f5d-0275dc2ded29
83e5439f-f920-4c6d-8452-b3ef91fa7199,36956e50-d770-11ef-8f5d-0275dc2ded29,166c7b56-b36e-4cfa-9dc0-7d232f147d69,1,2fabc658-f9db-41e9-9ad2-c55c76e77509,"{""en"": {""value"": ""Buonamici"", ""direction"": ""ltr""}}","[{""uri"": ""http://localhost:8000/plugins/controlled-list-manager/item/5f400d39-3b6b-4b8a-939b-4e49787c7444"", ""labels"": [{""id"": ""0070cd3b-1dd7-48ee-9f29-b97266bf5afb"", ""value"": ""preferred terms"", ""language_id"": ""en"", ""list_item_id"": ""5f400d39-3b6b-4b8a-939b-4e49787c7444"", ""valuetype_id"": ""prefLabel""}], ""list_id"": ""80028d07-9c98-48cf-84db-f77bc01c8bbc""}]","[{""uri"": ""http://localhost:8000/plugins/controlled-list-manager/item/38729dbe-6d1c-48ce-bf47-e2a18945600e"", ""labels"": [{""id"": ""08a9b0bd-4713-4ea6-a829-66a64240e254"", ""value"": ""English (language)"", ""language_id"": ""en"", ""list_item_id"": ""38729dbe-6d1c-48ce-bf47-e2a18945600e"", ""valuetype_id"": ""prefLabel""}], ""list_id"": ""f7fc4f6d-fd46-4881-846f-4a08bc1a3fef""}]",3695cff8-d770-11ef-8f5d-0275dc2ded29
a689255c-6938-4fdf-bd84-6ca57c0a4e49,36956e50-d770-11ef-8f5d-0275dc2ded29,166c7b56-b36e-4cfa-9dc0-7d232f147d69,1,7dab7ee4-a670-409f-9ac7-87f89add02da,"{""en"": {""value"": ""J. Hewit & Sons Ltd"", ""direction"": ""ltr""}}","[{""uri"": ""http://localhost:8000/plugins/controlled-list-manager/item/5f400d39-3b6b-4b8a-939b-4e49787c7444"", ""labels"": [{""id"": ""0070cd3b-1dd7-48ee-9f29-b97266bf5afb"", ""value"": ""preferred terms"", ""language_id"": ""en"", ""list_item_id"": ""5f400d39-3b6b-4b8a-939b-4e49787c7444"", ""valuetype_id"": ""prefLabel""}], ""list_id"": ""80028d07-9c98-48cf-84db-f77bc01c8bbc""}]","[{""uri"": ""http://localhost:8000/plugins/controlled-list-manager/item/38729dbe-6d1c-48ce-bf47-e2a18945600e"", ""labels"": [{""id"": ""08a9b0bd-4713-4ea6-a829-66a64240e254"", ""value"": ""English (language)"", ""language_id"": ""en"", ""list_item_id"": ""38729dbe-6d1c-48ce-bf47-e2a18945600e"", ""valuetype_id"": ""prefLabel""}], ""list_id"": ""f7fc4f6d-fd46-4881-846f-4a08bc1a3fef""}]",3695cff8-d770-11ef-8f5d-0275dc2ded29
84db0ead-97f8-4898-ae81-6710cf72f3fb,36956e50-d770-11ef-8f5d-0275dc2ded29,166c7b56-b36e-4cfa-9dc0-7d232f147d69,1,4735fbf0-2739-4e58-9025-4078b9e9aef8,"{""en"": {""value"": ""Ilford Photo SA"", ""direction"": ""ltr""}}","[{""uri"": ""http://localhost:8000/plugins/controlled-list-manager/item/5f400d39-3b6b-4b8a-939b-4e49787c7444"", ""labels"": [{""id"": ""0070cd3b-1dd7-48ee-9f29-b97266bf5afb"", ""value"": ""preferred terms"", ""language_id"": ""en"", ""list_item_id"": ""5f400d39-3b6b-4b8a-939b-4e49787c7444"", ""valuetype_id"": ""prefLabel""}], ""list_id"": ""80028d07-9c98-48cf-84db-f77bc01c8bbc""}]","[{""uri"": ""http://localhost:8000/plugins/controlled-list-manager/item/38729dbe-6d1c-48ce-bf47-e2a18945600e"", ""labels"": [{""id"": ""08a9b0bd-4713-4ea6-a829-66a64240e254"", ""value"": ""English (language)"", ""language_id"": ""en"", ""list_item_id"": ""38729dbe-6d1c-48ce-bf47-e2a18945600e"", ""valuetype_id"": ""prefLabel""}], ""list_id"": ""f7fc4f6d-fd46-4881-846f-4a08bc1a3fef""}]",3695cff8-d770-11ef-8f5d-0275dc2ded29
91dca304-d93c-470d-b99c-0eb8e2f441c0,36956e50-d770-11ef-8f5d-0275dc2ded29,166c7b56-b36e-4cfa-9dc0-7d232f147d69,1,d8b38a1f-6341-4cba-a5d4-1c73f5ac9b07,"{""en"": {""value"": ""S. Ueba & Co."", ""direction"": ""ltr""}}","[{""uri"": ""http://localhost:8000/plugins/controlled-list-manager/item/5f400d39-3b6b-4b8a-939b-4e49787c7444"", ""labels"": [{""id"": ""0070cd3b-1dd7-48ee-9f29-b97266bf5afb"", ""value"": ""preferred terms"", ""language_id"": ""en"", ""list_item_id"": ""5f400d39-3b6b-4b8a-939b-4e49787c7444"", ""valuetype_id"": ""prefLabel""}], ""list_id"": ""80028d07-9c98-48cf-84db-f77bc01c8bbc""}]","[{""uri"": ""http://localhost:8000/plugins/controlled-list-manager/item/38729dbe-6d1c-48ce-bf47-e2a18945600e"", ""labels"": [{""id"": ""08a9b0bd-4713-4ea6-a829-66a64240e254"", ""value"": ""English (language)"", ""language_id"": ""en"", ""list_item_id"": ""38729dbe-6d1c-48ce-bf47-e2a18945600e"", ""valuetype_id"": ""prefLabel""}], ""list_id"": ""f7fc4f6d-fd46-4881-846f-4a08bc1a3fef""}]",3695cff8-d770-11ef-8f5d-0275dc2ded29
4c5a00a1-66fc-47f8-8ad4-3de8ac646a6d,36956e50-d770-11ef-8f5d-0275dc2ded29,166c7b56-b36e-4cfa-9dc0-7d232f147d69,1,194a0a4e-f73f-43de-931f-bcf4926cb7b8,"{""en"": {""value"": ""Ilford Imaging UK Limited"", ""direction"": ""ltr""}}","[{""uri"": ""http://localhost:8000/plugins/controlled-list-manager/item/5f400d39-3b6b-4b8a-939b-4e49787c7444"", ""labels"": [{""id"": ""0070cd3b-1dd7-48ee-9f29-b97266bf5afb"", ""value"": ""preferred terms"", ""language_id"": ""en"", ""list_item_id"": ""5f400d39-3b6b-4b8a-939b-4e49787c7444"", ""valuetype_id"": ""prefLabel""}], ""list_id"": ""80028d07-9c98-48cf-84db-f77bc01c8bbc""}]","[{""uri"": ""http://localhost:8000/plugins/controlled-list-manager/item/38729dbe-6d1c-48ce-bf47-e2a18945600e"", ""labels"": [{""id"": ""08a9b0bd-4713-4ea6-a829-66a64240e254"", ""value"": ""English (language)"", ""language_id"": ""en"", ""list_item_id"": ""38729dbe-6d1c-48ce-bf47-e2a18945600e"", ""valuetype_id"": ""prefLabel""}], ""list_id"": ""f7fc4f6d-fd46-4881-846f-4a08bc1a3fef""}]",3695cff8-d770-11ef-8f5d-0275dc2ded29
2dd299e2-2231-48a9-bebb-d4d25f195c1c,36956e50-d770-11ef-8f5d-0275dc2ded29,166c7b56-b36e-4cfa-9dc0-7d232f147d69,1,cfd0a902-1bf7-4a55-b319-5a2d58991855,"{""en"": {""value"": ""Schmincke"", ""direction"": ""ltr""}}","[{""uri"": ""http://localhost:8000/plugins/controlled-list-manager/item/5f400d39-3b6b-4b8a-939b-4e49787c7444"", ""labels"": [{""id"": ""0070cd3b-1dd7-48ee-9f29-b97266bf5afb"", ""value"": ""preferred terms"", ""language_id"": ""en"", ""list_item_id"": ""5f400d39-3b6b-4b8a-939b-4e49787c7444"", ""valuetype_id"": ""prefLabel""}], ""list_id"": ""80028d07-9c98-48cf-84db-f77bc01c8bbc""}]","[{""uri"": ""http://localhost:8000/plugins/controlled-list-manager/item/38729dbe-6d1c-48ce-bf47-e2a18945600e"", ""labels"": [{""id"": ""08a9b0bd-4713-4ea6-a829-66a64240e254"", ""value"": ""English (language)"", ""language_id"": ""en"", ""list_item_id"": ""38729dbe-6d1c-48ce-bf47-e2a18945600e"", ""valuetype_id"": ""prefLabel""}], ""list_id"": ""f7fc4f6d-fd46-4881-846f-4a08bc1a3fef""}]",3695cff8-d770-11ef-8f5d-0275dc2ded29
a3a37209-1820-41bf-9ad3-9da7ef5f2457,36956e50-d770-11ef-8f5d-0275dc2ded29,166c7b56-b36e-4cfa-9dc0-7d232f147d69,1,78a41a83-f845-42c5-bc32-15c1337c57bd,"{""en"": {""value"": ""Elmer's"", ""direction"": ""ltr""}}","[{""uri"": ""http://localhost:8000/plugins/controlled-list-manager/item/5f400d39-3b6b-4b8a-939b-4e49787c7444"", ""labels"": [{""id"": ""0070cd3b-1dd7-48ee-9f29-b97266bf5afb"", ""value"": ""preferred terms"", ""language_id"": ""en"", ""list_item_id"": ""5f400d39-3b6b-4b8a-939b-4e49787c7444"", ""valuetype_id"": ""prefLabel""}], ""list_id"": ""80028d07-9c98-48cf-84db-f77bc01c8bbc""}]","[{""uri"": ""http://localhost:8000/plugins/controlled-list-manager/item/38729dbe-6d1c-48ce-bf47-e2a18945600e"", ""labels"": [{""id"": ""08a9b0bd-4713-4ea6-a829-66a64240e254"", ""value"": ""English (language)"", ""language_id"": ""en"", ""list_item_id"": ""38729dbe-6d1c-48ce-bf47-e2a18945600e"", ""valuetype_id"": ""prefLabel""}], ""list_id"": ""f7fc4f6d-fd46-4881-846f-4a08bc1a3fef""}]",3695cff8-d770-11ef-8f5d-0275dc2ded29
5d9d9974-7ba8-4124-a426-089fe1a9dabd,36956e50-d770-11ef-8f5d-0275dc2ded29,166c7b56-b36e-4cfa-9dc0-7d232f147d69,1,201a592d-70a1-4cc7-beaa-d54d93ed4297,"{""en"": {""value"": ""Stanley & Doggett, Inc."", ""direction"": ""ltr""}}","[{""uri"": ""http://localhost:8000/plugins/controlled-list-manager/item/5f400d39-3b6b-4b8a-939b-4e49787c7444"", ""labels"": [{""id"": ""0070cd3b-1dd7-48ee-9f29-b97266bf5afb"", ""value"": ""preferred terms"", ""language_id"": ""en"", ""list_item_id"": ""5f400d39-3b6b-4b8a-939b-4e49787c7444"", ""valuetype_id"": ""prefLabel""}], ""list_id"": ""80028d07-9c98-48cf-84db-f77bc01c8bbc""}]","[{""uri"": ""http://localhost:8000/plugins/controlled-list-manager/item/38729dbe-6d1c-48ce-bf47-e2a18945600e"", ""labels"": [{""id"": ""08a9b0bd-4713-4ea6-a829-66a64240e254"", ""value"": ""English (language)"", ""language_id"": ""en"", ""list_item_id"": ""38729dbe-6d1c-48ce-bf47-e2a18945600e"", ""valuetype_id"": ""prefLabel""}], ""list_id"": ""f7fc4f6d-fd46-4881-846f-4a08bc1a3fef""}]",3695cff8-d770-11ef-8f5d-0275dc2ded29
9661f7fb-87e5-4c6f-a04e-8331f226223f,36956e50-d770-11ef-8f5d-0275dc2ded29,166c7b56-b36e-4cfa-9dc0-7d232f147d69,1,3ed34295-ee4b-46a3-b2bc-737033a224b5,"{""en"": {""value"": ""Boler Petroleum Company"", ""direction"": ""ltr""}}","[{""uri"": ""http://localhost:8000/plugins/controlled-list-manager/item/5f400d39-3b6b-4b8a-939b-4e49787c7444"", ""labels"": [{""id"": ""0070cd3b-1dd7-48ee-9f29-b97266bf5afb"", ""value"": ""preferred terms"", ""language_id"": ""en"", ""list_item_id"": ""5f400d39-3b6b-4b8a-939b-4e49787c7444"", ""valuetype_id"": ""prefLabel""}], ""list_id"": ""80028d07-9c98-48cf-84db-f77bc01c8bbc""}]","[{""uri"": ""http://localhost:8000/plugins/controlled-list-manager/item/38729dbe-6d1c-48ce-bf47-e2a18945600e"", ""labels"": [{""id"": ""08a9b0bd-4713-4ea6-a829-66a64240e254"", ""value"": ""English (language)"", ""language_id"": ""en"", ""list_item_id"": ""38729dbe-6d1c-48ce-bf47-e2a18945600e"", ""valuetype_id"": ""prefLabel""}], ""list_id"": ""f7fc4f6d-fd46-4881-846f-4a08bc1a3fef""}]",3695cff8-d770-11ef-8f5d-0275dc2ded29
13902a2a-7acc-4904-9048-6a346919068a,36956e50-d770-11ef-8f5d-0275dc2ded29,166c7b56-b36e-4cfa-9dc0-7d232f147d69,1,44eae850-5367-44fa-9b19-5952798f7440,"{""en"": {""value"": ""Pompeian Brand"", ""direction"": ""ltr""}}","[{""uri"": ""http://localhost:8000/plugins/controlled-list-manager/item/5f400d39-3b6b-4b8a-939b-4e49787c7444"", ""labels"": [{""id"": ""0070cd3b-1dd7-48ee-9f29-b97266bf5afb"", ""value"": ""preferred terms"", ""language_id"": ""en"", ""list_item_id"": ""5f400d39-3b6b-4b8a-939b-4e49787c7444"", ""valuetype_id"": ""prefLabel""}], ""list_id"": ""80028d07-9c98-48cf-84db-f77bc01c8bbc""}]","[{""uri"": ""http://localhost:8000/plugins/controlled-list-manager/item/38729dbe-6d1c-48ce-bf47-e2a18945600e"", ""labels"": [{""id"": ""08a9b0bd-4713-4ea6-a829-66a64240e254"", ""value"": ""English (language)"", ""language_id"": ""en"", ""list_item_id"": ""38729dbe-6d1c-48ce-bf47-e2a18945600e"", ""valuetype_id"": ""prefLabel""}], ""list_id"": ""f7fc4f6d-fd46-4881-846f-4a08bc1a3fef""}]",3695cff8-d770-11ef-8f5d-0275dc2ded29
689cb17d-15b4-47a8-a54d-7504bb287465,36956e50-d770-11ef-8f5d-0275dc2ded29,166c7b56-b36e-4cfa-9dc0-7d232f147d69,1,07a4a68b-cd72-446d-a765-bab041d6114e,"{""en"": {""value"": ""Israel Museum"", ""direction"": ""ltr""}}","[{""uri"": ""http://localhost:8000/plugins/controlled-list-manager/item/5f400d39-3b6b-4b8a-939b-4e49787c7444"", ""labels"": [{""id"": ""0070cd3b-1dd7-48ee-9f29-b97266bf5afb"", ""value"": ""preferred terms"", ""language_id"": ""en"", ""list_item_id"": ""5f400d39-3b6b-4b8a-939b-4e49787c7444"", ""valuetype_id"": ""prefLabel""}], ""list_id"": ""80028d07-9c98-48cf-84db-f77bc01c8bbc""}]","[{""uri"": ""http://localhost:8000/plugins/controlled-list-manager/item/38729dbe-6d1c-48ce-bf47-e2a18945600e"", ""labels"": [{""id"": ""08a9b0bd-4713-4ea6-a829-66a64240e254"", ""value"": ""English (language)"", ""language_id"": ""en"", ""list_item_id"": ""38729dbe-6d1c-48ce-bf47-e2a18945600e"", ""valuetype_id"": ""prefLabel""}], ""list_id"": ""f7fc4f6d-fd46-4881-846f-4a08bc1a3fef""}]",3695cff8-d770-11ef-8f5d-0275dc2ded29
cae318cd-879d-40fe-8a42-ec4f9bd974a8,36956e50-d770-11ef-8f5d-0275dc2ded29,166c7b56-b36e-4cfa-9dc0-7d232f147d69,1,d0487f36-23ba-449f-92ab-9f26080eae75,"{""en"": {""value"": ""Puccio Speroni"", ""direction"": ""ltr""}}","[{""uri"": ""http://localhost:8000/plugins/controlled-list-manager/item/5f400d39-3b6b-4b8a-939b-4e49787c7444"", ""labels"": [{""id"": ""0070cd3b-1dd7-48ee-9f29-b97266bf5afb"", ""value"": ""preferred terms"", ""language_id"": ""en"", ""list_item_id"": ""5f400d39-3b6b-4b8a-939b-4e49787c7444"", ""valuetype_id"": ""prefLabel""}], ""list_id"": ""80028d07-9c98-48cf-84db-f77bc01c8bbc""}]","[{""uri"": ""http://localhost:8000/plugins/controlled-list-manager/item/38729dbe-6d1c-48ce-bf47-e2a18945600e"", ""labels"": [{""id"": ""08a9b0bd-4713-4ea6-a829-66a64240e254"", ""value"": ""English (language)"", ""language_id"": ""en"", ""list_item_id"": ""38729dbe-6d1c-48ce-bf47-e2a18945600e"", ""valuetype_id"": ""prefLabel""}], ""list_id"": ""f7fc4f6d-fd46-4881-846f-4a08bc1a3fef""}]",3695cff8-d770-11ef-8f5d-0275dc2ded29
972216da-fa79-4bd7-b275-ddfccadf91ed,36956e50-d770-11ef-8f5d-0275dc2ded29,166c7b56-b36e-4cfa-9dc0-7d232f147d69,1,9187792a-e55b-420a-b05e-e4e25c29b103,"{""en"": {""value"": ""Cerratonia, SA; (Imported by Dycol Chemicals Inc.)"", ""direction"": ""ltr""}}","[{""uri"": ""http://localhost:8000/plugins/controlled-list-manager/item/5f400d39-3b6b-4b8a-939b-4e49787c7444"", ""labels"": [{""id"": ""0070cd3b-1dd7-48ee-9f29-b97266bf5afb"", ""value"": ""preferred terms"", ""language_id"": ""en"", ""list_item_id"": ""5f400d39-3b6b-4b8a-939b-4e49787c7444"", ""valuetype_id"": ""prefLabel""}], ""list_id"": ""80028d07-9c98-48cf-84db-f77bc01c8bbc""}]","[{""uri"": ""http://localhost:8000/plugins/controlled-list-manager/item/38729dbe-6d1c-48ce-bf47-e2a18945600e"", ""labels"": [{""id"": ""08a9b0bd-4713-4ea6-a829-66a64240e254"", ""value"": ""English (language)"", ""language_id"": ""en"", ""list_item_id"": ""38729dbe-6d1c-48ce-bf47-e2a18945600e"", ""valuetype_id"": ""prefLabel""}], ""list_id"": ""f7fc4f6d-fd46-4881-846f-4a08bc1a3fef""}]",3695cff8-d770-11ef-8f5d-0275dc2ded29
80677034-6213-4d2c-a9de-66b15a4fce5c,36956e50-d770-11ef-8f5d-0275dc2ded29,166c7b56-b36e-4cfa-9dc0-7d232f147d69,1,5b46c05e-d690-4d50-b3db-b14026d97d31,"{""en"": {""value"": ""Real Food Company"", ""direction"": ""ltr""}}","[{""uri"": ""http://localhost:8000/plugins/controlled-list-manager/item/5f400d39-3b6b-4b8a-939b-4e49787c7444"", ""labels"": [{""id"": ""0070cd3b-1dd7-48ee-9f29-b97266bf5afb"", ""value"": ""preferred terms"", ""language_id"": ""en"", ""list_item_id"": ""5f400d39-3b6b-4b8a-939b-4e49787c7444"", ""valuetype_id"": ""prefLabel""}], ""list_id"": ""80028d07-9c98-48cf-84db-f77bc01c8bbc""}]","[{""uri"": ""http://localhost:8000/plugins/controlled-list-manager/item/38729dbe-6d1c-48ce-bf47-e2a18945600e"", ""labels"": [{""id"": ""08a9b0bd-4713-4ea6-a829-66a64240e254"", ""value"": ""English (language)"", ""language_id"": ""en"", ""list_item_id"": ""38729dbe-6d1c-48ce-bf47-e2a18945600e"", ""valuetype_id"": ""prefLabel""}], ""list_id"": ""f7fc4f6d-fd46-4881-846f-4a08bc1a3fef""}]",3695cff8-d770-11ef-8f5d-0275dc2ded29
49631292-101c-465c-b7af-9497b6231f48,36956e50-d770-11ef-8f5d-0275dc2ded29,166c7b56-b36e-4cfa-9dc0-7d232f147d69,1,3f2e8a93-6fde-468d-868e-412c55819eda,"{""en"": {""value"": ""Stolovsky"", ""direction"": ""ltr""}}","[{""uri"": ""http://localhost:8000/plugins/controlled-list-manager/item/5f400d39-3b6b-4b8a-939b-4e49787c7444"", ""labels"": [{""id"": ""0070cd3b-1dd7-48ee-9f29-b97266bf5afb"", ""value"": ""preferred terms"", ""language_id"": ""en"", ""list_item_id"": ""5f400d39-3b6b-4b8a-939b-4e49787c7444"", ""valuetype_id"": ""prefLabel""}], ""list_id"": ""80028d07-9c98-48cf-84db-f77bc01c8bbc""}]","[{""uri"": ""http://localhost:8000/plugins/controlled-list-manager/item/38729dbe-6d1c-48ce-bf47-e2a18945600e"", ""labels"": [{""id"": ""08a9b0bd-4713-4ea6-a829-66a64240e254"", ""value"": ""English (language)"", ""language_id"": ""en"", ""list_item_id"": ""38729dbe-6d1c-48ce-bf47-e2a18945600e"", ""valuetype_id"": ""prefLabel""}], ""list_id"": ""f7fc4f6d-fd46-4881-846f-4a08bc1a3fef""}]",3695cff8-d770-11ef-8f5d-0275dc2ded29
9dca88ff-a382-48b3-8e65-6189f08cd726,36956e50-d770-11ef-8f5d-0275dc2ded29,166c7b56-b36e-4cfa-9dc0-7d232f147d69,1,1d1bf0c1-5199-4fea-b9ee-9ecc1dbc5be7,"{""en"": {""value"": ""Krylon"", ""direction"": ""ltr""}}","[{""uri"": ""http://localhost:8000/plugins/controlled-list-manager/item/5f400d39-3b6b-4b8a-939b-4e49787c7444"", ""labels"": [{""id"": ""0070cd3b-1dd7-48ee-9f29-b97266bf5afb"", ""value"": ""preferred terms"", ""language_id"": ""en"", ""list_item_id"": ""5f400d39-3b6b-4b8a-939b-4e49787c7444"", ""valuetype_id"": ""prefLabel""}], ""list_id"": ""80028d07-9c98-48cf-84db-f77bc01c8bbc""}]","[{""uri"": ""http://localhost:8000/plugins/controlled-list-manager/item/38729dbe-6d1c-48ce-bf47-e2a18945600e"", ""labels"": [{""id"": ""08a9b0bd-4713-4ea6-a829-66a64240e254"", ""value"": ""English (language)"", ""language_id"": ""en"", ""list_item_id"": ""38729dbe-6d1c-48ce-bf47-e2a18945600e"", ""valuetype_id"": ""prefLabel""}], ""list_id"": ""f7fc4f6d-fd46-4881-846f-4a08bc1a3fef""}]",3695cff8-d770-11ef-8f5d-0275dc2ded29
847e3f03-583f-4229-aa36-943ecb45605f,36956e50-d770-11ef-8f5d-0275dc2ded29,166c7b56-b36e-4cfa-9dc0-7d232f147d69,1,945e4633-c456-4273-a801-bee89d3777f4,"{""en"": {""value"": ""E. W. Forbes Collection"", ""direction"": ""ltr""}}","[{""uri"": ""http://localhost:8000/plugins/controlled-list-manager/item/5f400d39-3b6b-4b8a-939b-4e49787c7444"", ""labels"": [{""id"": ""0070cd3b-1dd7-48ee-9f29-b97266bf5afb"", ""value"": ""preferred terms"", ""language_id"": ""en"", ""list_item_id"": ""5f400d39-3b6b-4b8a-939b-4e49787c7444"", ""valuetype_id"": ""prefLabel""}], ""list_id"": ""80028d07-9c98-48cf-84db-f77bc01c8bbc""}]","[{""uri"": ""http://localhost:8000/plugins/controlled-list-manager/item/38729dbe-6d1c-48ce-bf47-e2a18945600e"", ""labels"": [{""id"": ""08a9b0bd-4713-4ea6-a829-66a64240e254"", ""value"": ""English (language)"", ""language_id"": ""en"", ""list_item_id"": ""38729dbe-6d1c-48ce-bf47-e2a18945600e"", ""valuetype_id"": ""prefLabel""}], ""list_id"": ""f7fc4f6d-fd46-4881-846f-4a08bc1a3fef""}]",3695cff8-d770-11ef-8f5d-0275dc2ded29
6094adf4-5039-4a45-a691-9c5164c81343,36956e50-d770-11ef-8f5d-0275dc2ded29,166c7b56-b36e-4cfa-9dc0-7d232f147d69,1,cdf3cee3-060d-48cd-81cd-442f1101d54a,"{""en"": {""value"": ""Serva Feinbiochemica"", ""direction"": ""ltr""}}","[{""uri"": ""http://localhost:8000/plugins/controlled-list-manager/item/5f400d39-3b6b-4b8a-939b-4e49787c7444"", ""labels"": [{""id"": ""0070cd3b-1dd7-48ee-9f29-b97266bf5afb"", ""value"": ""preferred terms"", ""language_id"": ""en"", ""list_item_id"": ""5f400d39-3b6b-4b8a-939b-4e49787c7444"", ""valuetype_id"": ""prefLabel""}], ""list_id"": ""80028d07-9c98-48cf-84db-f77bc01c8bbc""}]","[{""uri"": ""http://localhost:8000/plugins/controlled-list-manager/item/38729dbe-6d1c-48ce-bf47-e2a18945600e"", ""labels"": [{""id"": ""08a9b0bd-4713-4ea6-a829-66a64240e254"", ""value"": ""English (language)"", ""language_id"": ""en"", ""list_item_id"": ""38729dbe-6d1c-48ce-bf47-e2a18945600e"", ""valuetype_id"": ""prefLabel""}], ""list_id"": ""f7fc4f6d-fd46-4881-846f-4a08bc1a3fef""}]",3695cff8-d770-11ef-8f5d-0275dc2ded29
f12f6fcd-1d84-470f-9057-5ba093065678,36956e50-d770-11ef-8f5d-0275dc2ded29,166c7b56-b36e-4cfa-9dc0-7d232f147d69,1,a5ea7e6b-4e7b-4e90-b54c-2d9af49f149a,"{""en"": {""value"": ""encausticpaints.com"", ""direction"": ""ltr""}}","[{""uri"": ""http://localhost:8000/plugins/controlled-list-manager/item/5f400d39-3b6b-4b8a-939b-4e49787c7444"", ""labels"": [{""id"": ""0070cd3b-1dd7-48ee-9f29-b97266bf5afb"", ""value"": ""preferred terms"", ""language_id"": ""en"", ""list_item_id"": ""5f400d39-3b6b-4b8a-939b-4e49787c7444"", ""valuetype_id"": ""prefLabel""}], ""list_id"": ""80028d07-9c98-48cf-84db-f77bc01c8bbc""}]","[{""uri"": ""http://localhost:8000/plugins/controlled-list-manager/item/38729dbe-6d1c-48ce-bf47-e2a18945600e"", ""labels"": [{""id"": ""08a9b0bd-4713-4ea6-a829-66a64240e254"", ""value"": ""English (language)"", ""language_id"": ""en"", ""list_item_id"": ""38729dbe-6d1c-48ce-bf47-e2a18945600e"", ""valuetype_id"": ""prefLabel""}], ""list_id"": ""f7fc4f6d-fd46-4881-846f-4a08bc1a3fef""}]",3695cff8-d770-11ef-8f5d-0275dc2ded29
0c46c76b-0651-4711-be68-21043390c1a4,36956e50-d770-11ef-8f5d-0275dc2ded29,166c7b56-b36e-4cfa-9dc0-7d232f147d69,1,eb9b30f2-b099-4ee5-b37b-87a9283cf8e5,"{""en"": {""value"": ""Brambilla"", ""direction"": ""ltr""}}","[{""uri"": ""http://localhost:8000/plugins/controlled-list-manager/item/5f400d39-3b6b-4b8a-939b-4e49787c7444"", ""labels"": [{""id"": ""0070cd3b-1dd7-48ee-9f29-b97266bf5afb"", ""value"": ""preferred terms"", ""language_id"": ""en"", ""list_item_id"": ""5f400d39-3b6b-4b8a-939b-4e49787c7444"", ""valuetype_id"": ""prefLabel""}], ""list_id"": ""80028d07-9c98-48cf-84db-f77bc01c8bbc""}]","[{""uri"": ""http://localhost:8000/plugins/controlled-list-manager/item/38729dbe-6d1c-48ce-bf47-e2a18945600e"", ""labels"": [{""id"": ""08a9b0bd-4713-4ea6-a829-66a64240e254"", ""value"": ""English (language)"", ""language_id"": ""en"", ""list_item_id"": ""38729dbe-6d1c-48ce-bf47-e2a18945600e"", ""valuetype_id"": ""prefLabel""}], ""list_id"": ""f7fc4f6d-fd46-4881-846f-4a08bc1a3fef""}]",3695cff8-d770-11ef-8f5d-0275dc2ded29
e0916045-0662-486a-ad0a-c424fdbb6567,36956e50-d770-11ef-8f5d-0275dc2ded29,166c7b56-b36e-4cfa-9dc0-7d232f147d69,1,9f97d83f-bb7e-44d4-97bc-54b858f9a99c,"{""en"": {""value"": ""Old Delhi Spice Market"", ""direction"": ""ltr""}}","[{""uri"": ""http://localhost:8000/plugins/controlled-list-manager/item/5f400d39-3b6b-4b8a-939b-4e49787c7444"", ""labels"": [{""id"": ""0070cd3b-1dd7-48ee-9f29-b97266bf5afb"", ""value"": ""preferred terms"", ""language_id"": ""en"", ""list_item_id"": ""5f400d39-3b6b-4b8a-939b-4e49787c7444"", ""valuetype_id"": ""prefLabel""}], ""list_id"": ""80028d07-9c98-48cf-84db-f77bc01c8bbc""}]","[{""uri"": ""http://localhost:8000/plugins/controlled-list-manager/item/38729dbe-6d1c-48ce-bf47-e2a18945600e"", ""labels"": [{""id"": ""08a9b0bd-4713-4ea6-a829-66a64240e254"", ""value"": ""English (language)"", ""language_id"": ""en"", ""list_item_id"": ""38729dbe-6d1c-48ce-bf47-e2a18945600e"", ""valuetype_id"": ""prefLabel""}], ""list_id"": ""f7fc4f6d-fd46-4881-846f-4a08bc1a3fef""}]",3695cff8-d770-11ef-8f5d-0275dc2ded29
243e6249-7309-41b1-8a3e-c1d287e61b15,36956e50-d770-11ef-8f5d-0275dc2ded29,166c7b56-b36e-4cfa-9dc0-7d232f147d69,1,56594ee1-8bd0-4361-9d1c-9b73d050f36d,"{""en"": {""value"": ""Cognis Corporation"", ""direction"": ""ltr""}}","[{""uri"": ""http://localhost:8000/plugins/controlled-list-manager/item/5f400d39-3b6b-4b8a-939b-4e49787c7444"", ""labels"": [{""id"": ""0070cd3b-1dd7-48ee-9f29-b97266bf5afb"", ""value"": ""preferred terms"", ""language_id"": ""en"", ""list_item_id"": ""5f400d39-3b6b-4b8a-939b-4e49787c7444"", ""valuetype_id"": ""prefLabel""}], ""list_id"": ""80028d07-9c98-48cf-84db-f77bc01c8bbc""}]","[{""uri"": ""http://localhost:8000/plugins/controlled-list-manager/item/38729dbe-6d1c-48ce-bf47-e2a18945600e"", ""labels"": [{""id"": ""08a9b0bd-4713-4ea6-a829-66a64240e254"", ""value"": ""English (language)"", ""language_id"": ""en"", ""list_item_id"": ""38729dbe-6d1c-48ce-bf47-e2a18945600e"", ""valuetype_id"": ""prefLabel""}], ""list_id"": ""f7fc4f6d-fd46-4881-846f-4a08bc1a3fef""}]",3695cff8-d770-11ef-8f5d-0275dc2ded29
fb76a88e-4742-4552-afd8-e1416e2d5846,36956e50-d770-11ef-8f5d-0275dc2ded29,166c7b56-b36e-4cfa-9dc0-7d232f147d69,1,83ac4efb-6a81-49c2-bb0b-de1b3e6dae00,"{""en"": {""value"": ""Bryan W. Brown A. en P."", ""direction"": ""ltr""}}","[{""uri"": ""http://localhost:8000/plugins/controlled-list-manager/item/5f400d39-3b6b-4b8a-939b-4e49787c7444"", ""labels"": [{""id"": ""0070cd3b-1dd7-48ee-9f29-b97266bf5afb"", ""value"": ""preferred terms"", ""language_id"": ""en"", ""list_item_id"": ""5f400d39-3b6b-4b8a-939b-4e49787c7444"", ""valuetype_id"": ""prefLabel""}], ""list_id"": ""80028d07-9c98-48cf-84db-f77bc01c8bbc""}]","[{""uri"": ""http://localhost:8000/plugins/controlled-list-manager/item/38729dbe-6d1c-48ce-bf47-e2a18945600e"", ""labels"": [{""id"": ""08a9b0bd-4713-4ea6-a829-66a64240e254"", ""value"": ""English (language)"", ""language_id"": ""en"", ""list_item_id"": ""38729dbe-6d1c-48ce-bf47-e2a18945600e"", ""valuetype_id"": ""prefLabel""}], ""list_id"": ""f7fc4f6d-fd46-4881-846f-4a08bc1a3fef""}]",3695cff8-d770-11ef-8f5d-0275dc2ded29
b9b92b8c-eee6-4497-9ef7-cdf384043b90,36956e50-d770-11ef-8f5d-0275dc2ded29,166c7b56-b36e-4cfa-9dc0-7d232f147d69,1,8bf767f9-8a71-4707-84f3-c934e0d10b68,"{""en"": {""value"": ""Cornelissen"", ""direction"": ""ltr""}}","[{""uri"": ""http://localhost:8000/plugins/controlled-list-manager/item/5f400d39-3b6b-4b8a-939b-4e49787c7444"", ""labels"": [{""id"": ""0070cd3b-1dd7-48ee-9f29-b97266bf5afb"", ""value"": ""preferred terms"", ""language_id"": ""en"", ""list_item_id"": ""5f400d39-3b6b-4b8a-939b-4e49787c7444"", ""valuetype_id"": ""prefLabel""}], ""list_id"": ""80028d07-9c98-48cf-84db-f77bc01c8bbc""}]","[{""uri"": ""http://localhost:8000/plugins/controlled-list-manager/item/38729dbe-6d1c-48ce-bf47-e2a18945600e"", ""labels"": [{""id"": ""08a9b0bd-4713-4ea6-a829-66a64240e254"", ""value"": ""English (language)"", ""language_id"": ""en"", ""list_item_id"": ""38729dbe-6d1c-48ce-bf47-e2a18945600e"", ""valuetype_id"": ""prefLabel""}], ""list_id"": ""f7fc4f6d-fd46-4881-846f-4a08bc1a3fef""}]",3695cff8-d770-11ef-8f5d-0275dc2ded29
ac554d80-317a-4068-b046-b0b57af2a71f,36956e50-d770-11ef-8f5d-0275dc2ded29,166c7b56-b36e-4cfa-9dc0-7d232f147d69,1,3af457f5-261b-4979-8887-ac5706eab4af,"{""en"": {""value"": ""Sudan Import & Export (Khartoum) Ltd."", ""direction"": ""ltr""}}","[{""uri"": ""http://localhost:8000/plugins/controlled-list-manager/item/5f400d39-3b6b-4b8a-939b-4e49787c7444"", ""labels"": [{""id"": ""0070cd3b-1dd7-48ee-9f29-b97266bf5afb"", ""value"": ""preferred terms"", ""language_id"": ""en"", ""list_item_id"": ""5f400d39-3b6b-4b8a-939b-4e49787c7444"", ""valuetype_id"": ""prefLabel""}], ""list_id"": ""80028d07-9c98-48cf-84db-f77bc01c8bbc""}]","[{""uri"": ""http://localhost:8000/plugins/controlled-list-manager/item/38729dbe-6d1c-48ce-bf47-e2a18945600e"", ""labels"": [{""id"": ""08a9b0bd-4713-4ea6-a829-66a64240e254"", ""value"": ""English (language)"", ""language_id"": ""en"", ""list_item_id"": ""38729dbe-6d1c-48ce-bf47-e2a18945600e"", ""valuetype_id"": ""prefLabel""}], ""list_id"": ""f7fc4f6d-fd46-4881-846f-4a08bc1a3fef""}]",3695cff8-d770-11ef-8f5d-0275dc2ded29
71ab02d5-c9af-4290-b14b-67b5349110ad,36956e50-d770-11ef-8f5d-0275dc2ded29,166c7b56-b36e-4cfa-9dc0-7d232f147d69,1,e2038406-c294-4a8c-99c7-d946e951988d,"{""en"": {""value"": ""Merck"", ""direction"": ""ltr""}}","[{""uri"": ""http://localhost:8000/plugins/controlled-list-manager/item/5f400d39-3b6b-4b8a-939b-4e49787c7444"", ""labels"": [{""id"": ""0070cd3b-1dd7-48ee-9f29-b97266bf5afb"", ""value"": ""preferred terms"", ""language_id"": ""en"", ""list_item_id"": ""5f400d39-3b6b-4b8a-939b-4e49787c7444"", ""valuetype_id"": ""prefLabel""}], ""list_id"": ""80028d07-9c98-48cf-84db-f77bc01c8bbc""}]","[{""uri"": ""http://localhost:8000/plugins/controlled-list-manager/item/38729dbe-6d1c-48ce-bf47-e2a18945600e"", ""labels"": [{""id"": ""08a9b0bd-4713-4ea6-a829-66a64240e254"", ""value"": ""English (language)"", ""language_id"": ""en"", ""list_item_id"": ""38729dbe-6d1c-48ce-bf47-e2a18945600e"", ""valuetype_id"": ""prefLabel""}], ""list_id"": ""f7fc4f6d-fd46-4881-846f-4a08bc1a3fef""}]",3695cff8-d770-11ef-8f5d-0275dc2ded29
cbad3c9a-7b90-4a78-8231-a84def9e8a7e,36956e50-d770-11ef-8f5d-0275dc2ded29,166c7b56-b36e-4cfa-9dc0-7d232f147d69,1,1e344109-830a-4fee-aee2-8ebfb22506b5,"{""en"": {""value"": ""L.A. Art Store"", ""direction"": ""ltr""}}","[{""uri"": ""http://localhost:8000/plugins/controlled-list-manager/item/5f400d39-3b6b-4b8a-939b-4e49787c7444"", ""labels"": [{""id"": ""0070cd3b-1dd7-48ee-9f29-b97266bf5afb"", ""value"": ""preferred terms"", ""language_id"": ""en"", ""list_item_id"": ""5f400d39-3b6b-4b8a-939b-4e49787c7444"", ""valuetype_id"": ""prefLabel""}], ""list_id"": ""80028d07-9c98-48cf-84db-f77bc01c8bbc""}]","[{""uri"": ""http://localhost:8000/plugins/controlled-list-manager/item/38729dbe-6d1c-48ce-bf47-e2a18945600e"", ""labels"": [{""id"": ""08a9b0bd-4713-4ea6-a829-66a64240e254"", ""value"": ""English (language)"", ""language_id"": ""en"", ""list_item_id"": ""38729dbe-6d1c-48ce-bf47-e2a18945600e"", ""valuetype_id"": ""prefLabel""}], ""list_id"": ""f7fc4f6d-fd46-4881-846f-4a08bc1a3fef""}]",3695cff8-d770-11ef-8f5d-0275dc2ded29
afee54b7-5c86-44ab-8ca5-aab979918e41,36956e50-d770-11ef-8f5d-0275dc2ded29,166c7b56-b36e-4cfa-9dc0-7d232f147d69,1,38b680fc-8cb8-4c8f-93ac-e063488baad8,"{""en"": {""value"": ""Union Carbide Chemicals and Plastics"", ""direction"": ""ltr""}}","[{""uri"": ""http://localhost:8000/plugins/controlled-list-manager/item/5f400d39-3b6b-4b8a-939b-4e49787c7444"", ""labels"": [{""id"": ""0070cd3b-1dd7-48ee-9f29-b97266bf5afb"", ""value"": ""preferred terms"", ""language_id"": ""en"", ""list_item_id"": ""5f400d39-3b6b-4b8a-939b-4e49787c7444"", ""valuetype_id"": ""prefLabel""}], ""list_id"": ""80028d07-9c98-48cf-84db-f77bc01c8bbc""}]","[{""uri"": ""http://localhost:8000/plugins/controlled-list-manager/item/38729dbe-6d1c-48ce-bf47-e2a18945600e"", ""labels"": [{""id"": ""08a9b0bd-4713-4ea6-a829-66a64240e254"", ""value"": ""English (language)"", ""language_id"": ""en"", ""list_item_id"": ""38729dbe-6d1c-48ce-bf47-e2a18945600e"", ""valuetype_id"": ""prefLabel""}], ""list_id"": ""f7fc4f6d-fd46-4881-846f-4a08bc1a3fef""}]",3695cff8-d770-11ef-8f5d-0275dc2ded29
ab3f7400-c446-4203-9480-a41acf1068f8,36956e50-d770-11ef-8f5d-0275dc2ded29,166c7b56-b36e-4cfa-9dc0-7d232f147d69,1,ce3f222b-fba6-45de-b088-e65e3a0b2171,"{""en"": {""value"": ""Easy Leaf"", ""direction"": ""ltr""}}","[{""uri"": ""http://localhost:8000/plugins/controlled-list-manager/item/5f400d39-3b6b-4b8a-939b-4e49787c7444"", ""labels"": [{""id"": ""0070cd3b-1dd7-48ee-9f29-b97266bf5afb"", ""value"": ""preferred terms"", ""language_id"": ""en"", ""list_item_id"": ""5f400d39-3b6b-4b8a-939b-4e49787c7444"", ""valuetype_id"": ""prefLabel""}], ""list_id"": ""80028d07-9c98-48cf-84db-f77bc01c8bbc""}]","[{""uri"": ""http://localhost:8000/plugins/controlled-list-manager/item/38729dbe-6d1c-48ce-bf47-e2a18945600e"", ""labels"": [{""id"": ""08a9b0bd-4713-4ea6-a829-66a64240e254"", ""value"": ""English (language)"", ""language_id"": ""en"", ""list_item_id"": ""38729dbe-6d1c-48ce-bf47-e2a18945600e"", ""valuetype_id"": ""prefLabel""}], ""list_id"": ""f7fc4f6d-fd46-4881-846f-4a08bc1a3fef""}]",3695cff8-d770-11ef-8f5d-0275dc2ded29
e437b6f3-369b-4092-8f00-0f03756748d9,36956e50-d770-11ef-8f5d-0275dc2ded29,166c7b56-b36e-4cfa-9dc0-7d232f147d69,1,08011d07-4341-4dc0-85bd-f07f387fe0b0,"{""en"": {""value"": ""Wellington & Ward"", ""direction"": ""ltr""}}","[{""uri"": ""http://localhost:8000/plugins/controlled-list-manager/item/5f400d39-3b6b-4b8a-939b-4e49787c7444"", ""labels"": [{""id"": ""0070cd3b-1dd7-48ee-9f29-b97266bf5afb"", ""value"": ""preferred terms"", ""language_id"": ""en"", ""list_item_id"": ""5f400d39-3b6b-4b8a-939b-4e49787c7444"", ""valuetype_id"": ""prefLabel""}], ""list_id"": ""80028d07-9c98-48cf-84db-f77bc01c8bbc""}]","[{""uri"": ""http://localhost:8000/plugins/controlled-list-manager/item/38729dbe-6d1c-48ce-bf47-e2a18945600e"", ""labels"": [{""id"": ""08a9b0bd-4713-4ea6-a829-66a64240e254"", ""value"": ""English (language)"", ""language_id"": ""en"", ""list_item_id"": ""38729dbe-6d1c-48ce-bf47-e2a18945600e"", ""valuetype_id"": ""prefLabel""}], ""list_id"": ""f7fc4f6d-fd46-4881-846f-4a08bc1a3fef""}]",3695cff8-d770-11ef-8f5d-0275dc2ded29
c159904a-5c46-4bba-8b0d-594be35bcd46,36956e50-d770-11ef-8f5d-0275dc2ded29,166c7b56-b36e-4cfa-9dc0-7d232f147d69,1,07a32e74-81d1-4add-a57e-d5d233937089,"{""en"": {""value"": ""Strathmore Paper Co."", ""direction"": ""ltr""}}","[{""uri"": ""http://localhost:8000/plugins/controlled-list-manager/item/5f400d39-3b6b-4b8a-939b-4e49787c7444"", ""labels"": [{""id"": ""0070cd3b-1dd7-48ee-9f29-b97266bf5afb"", ""value"": ""preferred terms"", ""language_id"": ""en"", ""list_item_id"": ""5f400d39-3b6b-4b8a-939b-4e49787c7444"", ""valuetype_id"": ""prefLabel""}], ""list_id"": ""80028d07-9c98-48cf-84db-f77bc01c8bbc""}]","[{""uri"": ""http://localhost:8000/plugins/controlled-list-manager/item/38729dbe-6d1c-48ce-bf47-e2a18945600e"", ""labels"": [{""id"": ""08a9b0bd-4713-4ea6-a829-66a64240e254"", ""value"": ""English (language)"", ""language_id"": ""en"", ""list_item_id"": ""38729dbe-6d1c-48ce-bf47-e2a18945600e"", ""valuetype_id"": ""prefLabel""}], ""list_id"": ""f7fc4f6d-fd46-4881-846f-4a08bc1a3fef""}]",3695cff8-d770-11ef-8f5d-0275dc2ded29
9fc86977-73e4-47b4-b3c0-dcda4ae1733f,36956e50-d770-11ef-8f5d-0275dc2ded29,166c7b56-b36e-4cfa-9dc0-7d232f147d69,1,21317f35-135c-406d-be79-fcc2ea873b27,"{""en"": {""value"": ""Zora's Paint Store"", ""direction"": ""ltr""}}","[{""uri"": ""http://localhost:8000/plugins/controlled-list-manager/item/5f400d39-3b6b-4b8a-939b-4e49787c7444"", ""labels"": [{""id"": ""0070cd3b-1dd7-48ee-9f29-b97266bf5afb"", ""value"": ""preferred terms"", ""language_id"": ""en"", ""list_item_id"": ""5f400d39-3b6b-4b8a-939b-4e49787c7444"", ""valuetype_id"": ""prefLabel""}], ""list_id"": ""80028d07-9c98-48cf-84db-f77bc01c8bbc""}]","[{""uri"": ""http://localhost:8000/plugins/controlled-list-manager/item/38729dbe-6d1c-48ce-bf47-e2a18945600e"", ""labels"": [{""id"": ""08a9b0bd-4713-4ea6-a829-66a64240e254"", ""value"": ""English (language)"", ""language_id"": ""en"", ""list_item_id"": ""38729dbe-6d1c-48ce-bf47-e2a18945600e"", ""valuetype_id"": ""prefLabel""}], ""list_id"": ""f7fc4f6d-fd46-4881-846f-4a08bc1a3fef""}]",3695cff8-d770-11ef-8f5d-0275dc2ded29
88dc5d6e-0818-4359-b41a-e196a4be38ab,36956e50-d770-11ef-8f5d-0275dc2ded29,166c7b56-b36e-4cfa-9dc0-7d232f147d69,1,e0493f1e-db26-442b-a1de-2006184f900c,"{""en"": {""value"": ""Marie's Oil Colours"", ""direction"": ""ltr""}}","[{""uri"": ""http://localhost:8000/plugins/controlled-list-manager/item/5f400d39-3b6b-4b8a-939b-4e49787c7444"", ""labels"": [{""id"": ""0070cd3b-1dd7-48ee-9f29-b97266bf5afb"", ""value"": ""preferred terms"", ""language_id"": ""en"", ""list_item_id"": ""5f400d39-3b6b-4b8a-939b-4e49787c7444"", ""valuetype_id"": ""prefLabel""}], ""list_id"": ""80028d07-9c98-48cf-84db-f77bc01c8bbc""}]","[{""uri"": ""http://localhost:8000/plugins/controlled-list-manager/item/38729dbe-6d1c-48ce-bf47-e2a18945600e"", ""labels"": [{""id"": ""08a9b0bd-4713-4ea6-a829-66a64240e254"", ""value"": ""English (language)"", ""language_id"": ""en"", ""list_item_id"": ""38729dbe-6d1c-48ce-bf47-e2a18945600e"", ""valuetype_id"": ""prefLabel""}], ""list_id"": ""f7fc4f6d-fd46-4881-846f-4a08bc1a3fef""}]",3695cff8-d770-11ef-8f5d-0275dc2ded29
27320c5d-891f-4ed6-ba63-f3a3181797d5,36956e50-d770-11ef-8f5d-0275dc2ded29,166c7b56-b36e-4cfa-9dc0-7d232f147d69,1,c84ccd79-f4c8-42d1-832b-418aaba2be77,"{""en"": {""value"": ""Dr. Hedenberg"", ""direction"": ""ltr""}}","[{""uri"": ""http://localhost:8000/plugins/controlled-list-manager/item/5f400d39-3b6b-4b8a-939b-4e49787c7444"", ""labels"": [{""id"": ""0070cd3b-1dd7-48ee-9f29-b97266bf5afb"", ""value"": ""preferred terms"", ""language_id"": ""en"", ""list_item_id"": ""5f400d39-3b6b-4b8a-939b-4e49787c7444"", ""valuetype_id"": ""prefLabel""}], ""list_id"": ""80028d07-9c98-48cf-84db-f77bc01c8bbc""}]","[{""uri"": ""http://localhost:8000/plugins/controlled-list-manager/item/38729dbe-6d1c-48ce-bf47-e2a18945600e"", ""labels"": [{""id"": ""08a9b0bd-4713-4ea6-a829-66a64240e254"", ""value"": ""English (language)"", ""language_id"": ""en"", ""list_item_id"": ""38729dbe-6d1c-48ce-bf47-e2a18945600e"", ""valuetype_id"": ""prefLabel""}], ""list_id"": ""f7fc4f6d-fd46-4881-846f-4a08bc1a3fef""}]",3695cff8-d770-11ef-8f5d-0275dc2ded29
0d54e998-5b4e-49ba-8792-14509a47398d,36956e50-d770-11ef-8f5d-0275dc2ded29,166c7b56-b36e-4cfa-9dc0-7d232f147d69,1,70ae53f2-8612-4bd3-8eca-44988242e732,"{""en"": {""value"": ""Vendex"", ""direction"": ""ltr""}}","[{""uri"": ""http://localhost:8000/plugins/controlled-list-manager/item/5f400d39-3b6b-4b8a-939b-4e49787c7444"", ""labels"": [{""id"": ""0070cd3b-1dd7-48ee-9f29-b97266bf5afb"", ""value"": ""preferred terms"", ""language_id"": ""en"", ""list_item_id"": ""5f400d39-3b6b-4b8a-939b-4e49787c7444"", ""valuetype_id"": ""prefLabel""}], ""list_id"": ""80028d07-9c98-48cf-84db-f77bc01c8bbc""}]","[{""uri"": ""http://localhost:8000/plugins/controlled-list-manager/item/38729dbe-6d1c-48ce-bf47-e2a18945600e"", ""labels"": [{""id"": ""08a9b0bd-4713-4ea6-a829-66a64240e254"", ""value"": ""English (language)"", ""language_id"": ""en"", ""list_item_id"": ""38729dbe-6d1c-48ce-bf47-e2a18945600e"", ""valuetype_id"": ""prefLabel""}], ""list_id"": ""f7fc4f6d-fd46-4881-846f-4a08bc1a3fef""}]",3695cff8-d770-11ef-8f5d-0275dc2ded29
6f2ebd01-64ac-471a-bd7d-5ab266f4d28e,36956e50-d770-11ef-8f5d-0275dc2ded29,166c7b56-b36e-4cfa-9dc0-7d232f147d69,1,f23734c1-52f2-411d-b465-94ee55e3c577,"{""en"": {""value"": ""Kentmere Photographic Ltd."", ""direction"": ""ltr""}}","[{""uri"": ""http://localhost:8000/plugins/controlled-list-manager/item/5f400d39-3b6b-4b8a-939b-4e49787c7444"", ""labels"": [{""id"": ""0070cd3b-1dd7-48ee-9f29-b97266bf5afb"", ""value"": ""preferred terms"", ""language_id"": ""en"", ""list_item_id"": ""5f400d39-3b6b-4b8a-939b-4e49787c7444"", ""valuetype_id"": ""prefLabel""}], ""list_id"": ""80028d07-9c98-48cf-84db-f77bc01c8bbc""}]","[{""uri"": ""http://localhost:8000/plugins/controlled-list-manager/item/38729dbe-6d1c-48ce-bf47-e2a18945600e"", ""labels"": [{""id"": ""08a9b0bd-4713-4ea6-a829-66a64240e254"", ""value"": ""English (language)"", ""language_id"": ""en"", ""list_item_id"": ""38729dbe-6d1c-48ce-bf47-e2a18945600e"", ""valuetype_id"": ""prefLabel""}], ""list_id"": ""f7fc4f6d-fd46-4881-846f-4a08bc1a3fef""}]",3695cff8-d770-11ef-8f5d-0275dc2ded29
ea80c409-1d74-49a2-9815-66a0b4302faf,36956e50-d770-11ef-8f5d-0275dc2ded29,166c7b56-b36e-4cfa-9dc0-7d232f147d69,1,d0d894bc-f4c5-4d21-92a3-afa28c0f212e,"{""en"": {""value"": ""Buchner"", ""direction"": ""ltr""}}","[{""uri"": ""http://localhost:8000/plugins/controlled-list-manager/item/5f400d39-3b6b-4b8a-939b-4e49787c7444"", ""labels"": [{""id"": ""0070cd3b-1dd7-48ee-9f29-b97266bf5afb"", ""value"": ""preferred terms"", ""language_id"": ""en"", ""list_item_id"": ""5f400d39-3b6b-4b8a-939b-4e49787c7444"", ""valuetype_id"": ""prefLabel""}], ""list_id"": ""80028d07-9c98-48cf-84db-f77bc01c8bbc""}]","[{""uri"": ""http://localhost:8000/plugins/controlled-list-manager/item/38729dbe-6d1c-48ce-bf47-e2a18945600e"", ""labels"": [{""id"": ""08a9b0bd-4713-4ea6-a829-66a64240e254"", ""value"": ""English (language)"", ""language_id"": ""en"", ""list_item_id"": ""38729dbe-6d1c-48ce-bf47-e2a18945600e"", ""valuetype_id"": ""prefLabel""}], ""list_id"": ""f7fc4f6d-fd46-4881-846f-4a08bc1a3fef""}]",3695cff8-d770-11ef-8f5d-0275dc2ded29
b2407407-9073-477d-a9ba-1db1fd2e8d5e,36956e50-d770-11ef-8f5d-0275dc2ded29,166c7b56-b36e-4cfa-9dc0-7d232f147d69,1,eaf2fe31-6897-4379-b93a-a29d475bd263,"{""en"": {""value"": ""Agfa Gevaert AG"", ""direction"": ""ltr""}}","[{""uri"": ""http://localhost:8000/plugins/controlled-list-manager/item/5f400d39-3b6b-4b8a-939b-4e49787c7444"", ""labels"": [{""id"": ""0070cd3b-1dd7-48ee-9f29-b97266bf5afb"", ""value"": ""preferred terms"", ""language_id"": ""en"", ""list_item_id"": ""5f400d39-3b6b-4b8a-939b-4e49787c7444"", ""valuetype_id"": ""prefLabel""}], ""list_id"": ""80028d07-9c98-48cf-84db-f77bc01c8bbc""}]","[{""uri"": ""http://localhost:8000/plugins/controlled-list-manager/item/38729dbe-6d1c-48ce-bf47-e2a18945600e"", ""labels"": [{""id"": ""08a9b0bd-4713-4ea6-a829-66a64240e254"", ""value"": ""English (language)"", ""language_id"": ""en"", ""list_item_id"": ""38729dbe-6d1c-48ce-bf47-e2a18945600e"", ""valuetype_id"": ""prefLabel""}], ""list_id"": ""f7fc4f6d-fd46-4881-846f-4a08bc1a3fef""}]",3695cff8-d770-11ef-8f5d-0275dc2ded29
6926431f-36d8-40ec-81de-b6818137d55e,36956e50-d770-11ef-8f5d-0275dc2ded29,166c7b56-b36e-4cfa-9dc0-7d232f147d69,1,65457b3b-c801-46fc-9ab9-9f1b885442a6,"{""en"": {""value"": ""Ebeseder Talens"", ""direction"": ""ltr""}}","[{""uri"": ""http://localhost:8000/plugins/controlled-list-manager/item/5f400d39-3b6b-4b8a-939b-4e49787c7444"", ""labels"": [{""id"": ""0070cd3b-1dd7-48ee-9f29-b97266bf5afb"", ""value"": ""preferred terms"", ""language_id"": ""en"", ""list_item_id"": ""5f400d39-3b6b-4b8a-939b-4e49787c7444"", ""valuetype_id"": ""prefLabel""}], ""list_id"": ""80028d07-9c98-48cf-84db-f77bc01c8bbc""}]","[{""uri"": ""http://localhost:8000/plugins/controlled-list-manager/item/38729dbe-6d1c-48ce-bf47-e2a18945600e"", ""labels"": [{""id"": ""08a9b0bd-4713-4ea6-a829-66a64240e254"", ""value"": ""English (language)"", ""language_id"": ""en"", ""list_item_id"": ""38729dbe-6d1c-48ce-bf47-e2a18945600e"", ""valuetype_id"": ""prefLabel""}], ""list_id"": ""f7fc4f6d-fd46-4881-846f-4a08bc1a3fef""}]",3695cff8-d770-11ef-8f5d-0275dc2ded29
86ff5b4b-e06b-42ca-8ef9-072dd1c30bbc,36956e50-d770-11ef-8f5d-0275dc2ded29,166c7b56-b36e-4cfa-9dc0-7d232f147d69,1,303123a5-493b-4e46-887d-2ce4debaf84a,"{""en"": {""value"": ""Ciba"", ""direction"": ""ltr""}}","[{""uri"": ""http://localhost:8000/plugins/controlled-list-manager/item/5f400d39-3b6b-4b8a-939b-4e49787c7444"", ""labels"": [{""id"": ""0070cd3b-1dd7-48ee-9f29-b97266bf5afb"", ""value"": ""preferred terms"", ""language_id"": ""en"", ""list_item_id"": ""5f400d39-3b6b-4b8a-939b-4e49787c7444"", ""valuetype_id"": ""prefLabel""}], ""list_id"": ""80028d07-9c98-48cf-84db-f77bc01c8bbc""}]","[{""uri"": ""http://localhost:8000/plugins/controlled-list-manager/item/38729dbe-6d1c-48ce-bf47-e2a18945600e"", ""labels"": [{""id"": ""08a9b0bd-4713-4ea6-a829-66a64240e254"", ""value"": ""English (language)"", ""language_id"": ""en"", ""list_item_id"": ""38729dbe-6d1c-48ce-bf47-e2a18945600e"", ""valuetype_id"": ""prefLabel""}], ""list_id"": ""f7fc4f6d-fd46-4881-846f-4a08bc1a3fef""}]",3695cff8-d770-11ef-8f5d-0275dc2ded29
f05eac18-7e6d-4095-8c08-c4ae5067f756,36956e50-d770-11ef-8f5d-0275dc2ded29,166c7b56-b36e-4cfa-9dc0-7d232f147d69,1,7842effb-393c-48b9-9bf6-bb9608e3d8fb,"{""en"": {""value"": ""Marie's Water Colour"", ""direction"": ""ltr""}}","[{""uri"": ""http://localhost:8000/plugins/controlled-list-manager/item/5f400d39-3b6b-4b8a-939b-4e49787c7444"", ""labels"": [{""id"": ""0070cd3b-1dd7-48ee-9f29-b97266bf5afb"", ""value"": ""preferred terms"", ""language_id"": ""en"", ""list_item_id"": ""5f400d39-3b6b-4b8a-939b-4e49787c7444"", ""valuetype_id"": ""prefLabel""}], ""list_id"": ""80028d07-9c98-48cf-84db-f77bc01c8bbc""}]","[{""uri"": ""http://localhost:8000/plugins/controlled-list-manager/item/38729dbe-6d1c-48ce-bf47-e2a18945600e"", ""labels"": [{""id"": ""08a9b0bd-4713-4ea6-a829-66a64240e254"", ""value"": ""English (language)"", ""language_id"": ""en"", ""list_item_id"": ""38729dbe-6d1c-48ce-bf47-e2a18945600e"", ""valuetype_id"": ""prefLabel""}], ""list_id"": ""f7fc4f6d-fd46-4881-846f-4a08bc1a3fef""}]",3695cff8-d770-11ef-8f5d-0275dc2ded29
4dac8347-5f30-43c0-a3a7-8467e24ff8f3,36956e50-d770-11ef-8f5d-0275dc2ded29,166c7b56-b36e-4cfa-9dc0-7d232f147d69,1,3e959e5d-7224-4457-9bea-d411018fde42,"{""en"": {""value"": ""L.A. Art Store (Oil)"", ""direction"": ""ltr""}}","[{""uri"": ""http://localhost:8000/plugins/controlled-list-manager/item/5f400d39-3b6b-4b8a-939b-4e49787c7444"", ""labels"": [{""id"": ""0070cd3b-1dd7-48ee-9f29-b97266bf5afb"", ""value"": ""preferred terms"", ""language_id"": ""en"", ""list_item_id"": ""5f400d39-3b6b-4b8a-939b-4e49787c7444"", ""valuetype_id"": ""prefLabel""}], ""list_id"": ""80028d07-9c98-48cf-84db-f77bc01c8bbc""}]","[{""uri"": ""http://localhost:8000/plugins/controlled-list-manager/item/38729dbe-6d1c-48ce-bf47-e2a18945600e"", ""labels"": [{""id"": ""08a9b0bd-4713-4ea6-a829-66a64240e254"", ""value"": ""English (language)"", ""language_id"": ""en"", ""list_item_id"": ""38729dbe-6d1c-48ce-bf47-e2a18945600e"", ""valuetype_id"": ""prefLabel""}], ""list_id"": ""f7fc4f6d-fd46-4881-846f-4a08bc1a3fef""}]",3695cff8-d770-11ef-8f5d-0275dc2ded29
a4c9fca5-4ad7-4098-b09d-1ae35c1360d4,36956e50-d770-11ef-8f5d-0275dc2ded29,166c7b56-b36e-4cfa-9dc0-7d232f147d69,1,c682abe5-4765-4fec-9990-449c365810fd,"{""en"": {""value"": ""Artex Manufacturing Co."", ""direction"": ""ltr""}}","[{""uri"": ""http://localhost:8000/plugins/controlled-list-manager/item/5f400d39-3b6b-4b8a-939b-4e49787c7444"", ""labels"": [{""id"": ""0070cd3b-1dd7-48ee-9f29-b97266bf5afb"", ""value"": ""preferred terms"", ""language_id"": ""en"", ""list_item_id"": ""5f400d39-3b6b-4b8a-939b-4e49787c7444"", ""valuetype_id"": ""prefLabel""}], ""list_id"": ""80028d07-9c98-48cf-84db-f77bc01c8bbc""}]","[{""uri"": ""http://localhost:8000/plugins/controlled-list-manager/item/38729dbe-6d1c-48ce-bf47-e2a18945600e"", ""labels"": [{""id"": ""08a9b0bd-4713-4ea6-a829-66a64240e254"", ""value"": ""English (language)"", ""language_id"": ""en"", ""list_item_id"": ""38729dbe-6d1c-48ce-bf47-e2a18945600e"", ""valuetype_id"": ""prefLabel""}], ""list_id"": ""f7fc4f6d-fd46-4881-846f-4a08bc1a3fef""}]",3695cff8-d770-11ef-8f5d-0275dc2ded29
12f976b1-73c3-4c8a-80df-89d3216bff10,36956e50-d770-11ef-8f5d-0275dc2ded29,166c7b56-b36e-4cfa-9dc0-7d232f147d69,1,2cd308a7-c3a1-4ca7-9d4c-c74c6ce94b1e,"{""en"": {""value"": ""Ward's Natural Science Establishment, Inc."", ""direction"": ""ltr""}}","[{""uri"": ""http://localhost:8000/plugins/controlled-list-manager/item/5f400d39-3b6b-4b8a-939b-4e49787c7444"", ""labels"": [{""id"": ""0070cd3b-1dd7-48ee-9f29-b97266bf5afb"", ""value"": ""preferred terms"", ""language_id"": ""en"", ""list_item_id"": ""5f400d39-3b6b-4b8a-939b-4e49787c7444"", ""valuetype_id"": ""prefLabel""}], ""list_id"": ""80028d07-9c98-48cf-84db-f77bc01c8bbc""}]","[{""uri"": ""http://localhost:8000/plugins/controlled-list-manager/item/38729dbe-6d1c-48ce-bf47-e2a18945600e"", ""labels"": [{""id"": ""08a9b0bd-4713-4ea6-a829-66a64240e254"", ""value"": ""English (language)"", ""language_id"": ""en"", ""list_item_id"": ""38729dbe-6d1c-48ce-bf47-e2a18945600e"", ""valuetype_id"": ""prefLabel""}], ""list_id"": ""f7fc4f6d-fd46-4881-846f-4a08bc1a3fef""}]",3695cff8-d770-11ef-8f5d-0275dc2ded29
2901a0e7-8b2c-4371-8644-e4c59a81561f,36956e50-d770-11ef-8f5d-0275dc2ded29,166c7b56-b36e-4cfa-9dc0-7d232f147d69,1,2bb98c95-ca8c-4a21-95c3-c1c77e5d433d,"{""en"": {""value"": ""Alba Guerrero"", ""direction"": ""ltr""}}","[{""uri"": ""http://localhost:8000/plugins/controlled-list-manager/item/5f400d39-3b6b-4b8a-939b-4e49787c7444"", ""labels"": [{""id"": ""0070cd3b-1dd7-48ee-9f29-b97266bf5afb"", ""value"": ""preferred terms"", ""language_id"": ""en"", ""list_item_id"": ""5f400d39-3b6b-4b8a-939b-4e49787c7444"", ""valuetype_id"": ""prefLabel""}], ""list_id"": ""80028d07-9c98-48cf-84db-f77bc01c8bbc""}]","[{""uri"": ""http://localhost:8000/plugins/controlled-list-manager/item/38729dbe-6d1c-48ce-bf47-e2a18945600e"", ""labels"": [{""id"": ""08a9b0bd-4713-4ea6-a829-66a64240e254"", ""value"": ""English (language)"", ""language_id"": ""en"", ""list_item_id"": ""38729dbe-6d1c-48ce-bf47-e2a18945600e"", ""valuetype_id"": ""prefLabel""}], ""list_id"": ""f7fc4f6d-fd46-4881-846f-4a08bc1a3fef""}]",3695cff8-d770-11ef-8f5d-0275dc2ded29
3642fba2-45bc-4944-b126-d93f3da51126,36956e50-d770-11ef-8f5d-0275dc2ded29,166c7b56-b36e-4cfa-9dc0-7d232f147d69,1,05c81e7b-a3ba-4469-ab71-1ed71e0579ae,"{""en"": {""value"": ""Allied Corporation"", ""direction"": ""ltr""}}","[{""uri"": ""http://localhost:8000/plugins/controlled-list-manager/item/5f400d39-3b6b-4b8a-939b-4e49787c7444"", ""labels"": [{""id"": ""0070cd3b-1dd7-48ee-9f29-b97266bf5afb"", ""value"": ""preferred terms"", ""language_id"": ""en"", ""list_item_id"": ""5f400d39-3b6b-4b8a-939b-4e49787c7444"", ""valuetype_id"": ""prefLabel""}], ""list_id"": ""80028d07-9c98-48cf-84db-f77bc01c8bbc""}]","[{""uri"": ""http://localhost:8000/plugins/controlled-list-manager/item/38729dbe-6d1c-48ce-bf47-e2a18945600e"", ""labels"": [{""id"": ""08a9b0bd-4713-4ea6-a829-66a64240e254"", ""value"": ""English (language)"", ""language_id"": ""en"", ""list_item_id"": ""38729dbe-6d1c-48ce-bf47-e2a18945600e"", ""valuetype_id"": ""prefLabel""}], ""list_id"": ""f7fc4f6d-fd46-4881-846f-4a08bc1a3fef""}]",3695cff8-d770-11ef-8f5d-0275dc2ded29
cab4bb53-00d8-484e-ba52-cca175432515,36956e50-d770-11ef-8f5d-0275dc2ded29,166c7b56-b36e-4cfa-9dc0-7d232f147d69,1,ae9d2f8a-f7bb-4f7a-8ad7-8b3fb96998a5,"{""en"": {""value"": ""Scheveningen"", ""direction"": ""ltr""}}","[{""uri"": ""http://localhost:8000/plugins/controlled-list-manager/item/5f400d39-3b6b-4b8a-939b-4e49787c7444"", ""labels"": [{""id"": ""0070cd3b-1dd7-48ee-9f29-b97266bf5afb"", ""value"": ""preferred terms"", ""language_id"": ""en"", ""list_item_id"": ""5f400d39-3b6b-4b8a-939b-4e49787c7444"", ""valuetype_id"": ""prefLabel""}], ""list_id"": ""80028d07-9c98-48cf-84db-f77bc01c8bbc""}]","[{""uri"": ""http://localhost:8000/plugins/controlled-list-manager/item/38729dbe-6d1c-48ce-bf47-e2a18945600e"", ""labels"": [{""id"": ""08a9b0bd-4713-4ea6-a829-66a64240e254"", ""value"": ""English (language)"", ""language_id"": ""en"", ""list_item_id"": ""38729dbe-6d1c-48ce-bf47-e2a18945600e"", ""valuetype_id"": ""prefLabel""}], ""list_id"": ""f7fc4f6d-fd46-4881-846f-4a08bc1a3fef""}]",3695cff8-d770-11ef-8f5d-0275dc2ded29
14b86c31-ad33-4ee4-bc39-ae96f3ab8e06,36956e50-d770-11ef-8f5d-0275dc2ded29,166c7b56-b36e-4cfa-9dc0-7d232f147d69,1,60fa7da8-7e07-45da-95fa-979062ef0d12,"{""en"": {""value"": ""Clay Minerals Society - Univ. of Missouri"", ""direction"": ""ltr""}}","[{""uri"": ""http://localhost:8000/plugins/controlled-list-manager/item/5f400d39-3b6b-4b8a-939b-4e49787c7444"", ""labels"": [{""id"": ""0070cd3b-1dd7-48ee-9f29-b97266bf5afb"", ""value"": ""preferred terms"", ""language_id"": ""en"", ""list_item_id"": ""5f400d39-3b6b-4b8a-939b-4e49787c7444"", ""valuetype_id"": ""prefLabel""}], ""list_id"": ""80028d07-9c98-48cf-84db-f77bc01c8bbc""}]","[{""uri"": ""http://localhost:8000/plugins/controlled-list-manager/item/38729dbe-6d1c-48ce-bf47-e2a18945600e"", ""labels"": [{""id"": ""08a9b0bd-4713-4ea6-a829-66a64240e254"", ""value"": ""English (language)"", ""language_id"": ""en"", ""list_item_id"": ""38729dbe-6d1c-48ce-bf47-e2a18945600e"", ""valuetype_id"": ""prefLabel""}], ""list_id"": ""f7fc4f6d-fd46-4881-846f-4a08bc1a3fef""}]",3695cff8-d770-11ef-8f5d-0275dc2ded29
b3a42927-ad86-42b1-a71d-e6a35b68765c,36956e50-d770-11ef-8f5d-0275dc2ded29,166c7b56-b36e-4cfa-9dc0-7d232f147d69,1,4d08992d-d091-4fae-b1de-8f206080d1b6,"{""en"": {""value"": ""Younghusband Stephens & Co., Ltd--Barking & Rotherhithe"", ""direction"": ""ltr""}}","[{""uri"": ""http://localhost:8000/plugins/controlled-list-manager/item/5f400d39-3b6b-4b8a-939b-4e49787c7444"", ""labels"": [{""id"": ""0070cd3b-1dd7-48ee-9f29-b97266bf5afb"", ""value"": ""preferred terms"", ""language_id"": ""en"", ""list_item_id"": ""5f400d39-3b6b-4b8a-939b-4e49787c7444"", ""valuetype_id"": ""prefLabel""}], ""list_id"": ""80028d07-9c98-48cf-84db-f77bc01c8bbc""}]","[{""uri"": ""http://localhost:8000/plugins/controlled-list-manager/item/38729dbe-6d1c-48ce-bf47-e2a18945600e"", ""labels"": [{""id"": ""08a9b0bd-4713-4ea6-a829-66a64240e254"", ""value"": ""English (language)"", ""language_id"": ""en"", ""list_item_id"": ""38729dbe-6d1c-48ce-bf47-e2a18945600e"", ""valuetype_id"": ""prefLabel""}], ""list_id"": ""f7fc4f6d-fd46-4881-846f-4a08bc1a3fef""}]",3695cff8-d770-11ef-8f5d-0275dc2ded29
c2a8db58-f2de-4199-888c-05f8599c6a27,36956e50-d770-11ef-8f5d-0275dc2ded29,166c7b56-b36e-4cfa-9dc0-7d232f147d69,1,88613e4e-fb3c-482e-a2a6-a4f7db494c4e,"{""en"": {""value"": ""P.A.J. Gorin - UFPR"", ""direction"": ""ltr""}}","[{""uri"": ""http://localhost:8000/plugins/controlled-list-manager/item/5f400d39-3b6b-4b8a-939b-4e49787c7444"", ""labels"": [{""id"": ""0070cd3b-1dd7-48ee-9f29-b97266bf5afb"", ""value"": ""preferred terms"", ""language_id"": ""en"", ""list_item_id"": ""5f400d39-3b6b-4b8a-939b-4e49787c7444"", ""valuetype_id"": ""prefLabel""}], ""list_id"": ""80028d07-9c98-48cf-84db-f77bc01c8bbc""}]","[{""uri"": ""http://localhost:8000/plugins/controlled-list-manager/item/38729dbe-6d1c-48ce-bf47-e2a18945600e"", ""labels"": [{""id"": ""08a9b0bd-4713-4ea6-a829-66a64240e254"", ""value"": ""English (language)"", ""language_id"": ""en"", ""list_item_id"": ""38729dbe-6d1c-48ce-bf47-e2a18945600e"", ""valuetype_id"": ""prefLabel""}], ""list_id"": ""f7fc4f6d-fd46-4881-846f-4a08bc1a3fef""}]",3695cff8-d770-11ef-8f5d-0275dc2ded29
b39d20c4-9874-4ee2-ba2d-e96e7e466406,36956e50-d770-11ef-8f5d-0275dc2ded29,166c7b56-b36e-4cfa-9dc0-7d232f147d69,1,5e98625c-6c29-49db-a02b-7924194ad3db,"{""en"": {""value"": ""encausticsupplies.com"", ""direction"": ""ltr""}}","[{""uri"": ""http://localhost:8000/plugins/controlled-list-manager/item/5f400d39-3b6b-4b8a-939b-4e49787c7444"", ""labels"": [{""id"": ""0070cd3b-1dd7-48ee-9f29-b97266bf5afb"", ""value"": ""preferred terms"", ""language_id"": ""en"", ""list_item_id"": ""5f400d39-3b6b-4b8a-939b-4e49787c7444"", ""valuetype_id"": ""prefLabel""}], ""list_id"": ""80028d07-9c98-48cf-84db-f77bc01c8bbc""}]","[{""uri"": ""http://localhost:8000/plugins/controlled-list-manager/item/38729dbe-6d1c-48ce-bf47-e2a18945600e"", ""labels"": [{""id"": ""08a9b0bd-4713-4ea6-a829-66a64240e254"", ""value"": ""English (language)"", ""language_id"": ""en"", ""list_item_id"": ""38729dbe-6d1c-48ce-bf47-e2a18945600e"", ""valuetype_id"": ""prefLabel""}], ""list_id"": ""f7fc4f6d-fd46-4881-846f-4a08bc1a3fef""}]",3695cff8-d770-11ef-8f5d-0275dc2ded29
73d455ea-e7c2-4a09-b721-a860748d8b3b,36956e50-d770-11ef-8f5d-0275dc2ded29,166c7b56-b36e-4cfa-9dc0-7d232f147d69,1,9afb82d8-f2c6-4a4a-baa2-cca1cbc898ff,"{""en"": {""value"": ""by Laurie"", ""direction"": ""ltr""}}","[{""uri"": ""http://localhost:8000/plugins/controlled-list-manager/item/5f400d39-3b6b-4b8a-939b-4e49787c7444"", ""labels"": [{""id"": ""0070cd3b-1dd7-48ee-9f29-b97266bf5afb"", ""value"": ""preferred terms"", ""language_id"": ""en"", ""list_item_id"": ""5f400d39-3b6b-4b8a-939b-4e49787c7444"", ""valuetype_id"": ""prefLabel""}], ""list_id"": ""80028d07-9c98-48cf-84db-f77bc01c8bbc""}]","[{""uri"": ""http://localhost:8000/plugins/controlled-list-manager/item/38729dbe-6d1c-48ce-bf47-e2a18945600e"", ""labels"": [{""id"": ""08a9b0bd-4713-4ea6-a829-66a64240e254"", ""value"": ""English (language)"", ""language_id"": ""en"", ""list_item_id"": ""38729dbe-6d1c-48ce-bf47-e2a18945600e"", ""valuetype_id"": ""prefLabel""}], ""list_id"": ""f7fc4f6d-fd46-4881-846f-4a08bc1a3fef""}]",3695cff8-d770-11ef-8f5d-0275dc2ded29
9552110a-bf86-4b40-937b-195c6e67f85d,36956e50-d770-11ef-8f5d-0275dc2ded29,166c7b56-b36e-4cfa-9dc0-7d232f147d69,1,ef07622e-b27a-4b79-a303-dd3b34aa0b1a,"{""en"": {""value"": ""Chardin"", ""direction"": ""ltr""}}","[{""uri"": ""http://localhost:8000/plugins/controlled-list-manager/item/5f400d39-3b6b-4b8a-939b-4e49787c7444"", ""labels"": [{""id"": ""0070cd3b-1dd7-48ee-9f29-b97266bf5afb"", ""value"": ""preferred terms"", ""language_id"": ""en"", ""list_item_id"": ""5f400d39-3b6b-4b8a-939b-4e49787c7444"", ""valuetype_id"": ""prefLabel""}], ""list_id"": ""80028d07-9c98-48cf-84db-f77bc01c8bbc""}]","[{""uri"": ""http://localhost:8000/plugins/controlled-list-manager/item/38729dbe-6d1c-48ce-bf47-e2a18945600e"", ""labels"": [{""id"": ""08a9b0bd-4713-4ea6-a829-66a64240e254"", ""value"": ""English (language)"", ""language_id"": ""en"", ""list_item_id"": ""38729dbe-6d1c-48ce-bf47-e2a18945600e"", ""valuetype_id"": ""prefLabel""}], ""list_id"": ""f7fc4f6d-fd46-4881-846f-4a08bc1a3fef""}]",3695cff8-d770-11ef-8f5d-0275dc2ded29
30222982-6d6b-4810-a12f-b307236bb722,36956e50-d770-11ef-8f5d-0275dc2ded29,166c7b56-b36e-4cfa-9dc0-7d232f147d69,1,21afedc9-6709-46fc-9655-031554c9ab3d,"{""en"": {""value"": ""Fleischman"", ""direction"": ""ltr""}}","[{""uri"": ""http://localhost:8000/plugins/controlled-list-manager/item/5f400d39-3b6b-4b8a-939b-4e49787c7444"", ""labels"": [{""id"": ""0070cd3b-1dd7-48ee-9f29-b97266bf5afb"", ""value"": ""preferred terms"", ""language_id"": ""en"", ""list_item_id"": ""5f400d39-3b6b-4b8a-939b-4e49787c7444"", ""valuetype_id"": ""prefLabel""}], ""list_id"": ""80028d07-9c98-48cf-84db-f77bc01c8bbc""}]","[{""uri"": ""http://localhost:8000/plugins/controlled-list-manager/item/38729dbe-6d1c-48ce-bf47-e2a18945600e"", ""labels"": [{""id"": ""08a9b0bd-4713-4ea6-a829-66a64240e254"", ""value"": ""English (language)"", ""language_id"": ""en"", ""list_item_id"": ""38729dbe-6d1c-48ce-bf47-e2a18945600e"", ""valuetype_id"": ""prefLabel""}], ""list_id"": ""f7fc4f6d-fd46-4881-846f-4a08bc1a3fef""}]",3695cff8-d770-11ef-8f5d-0275dc2ded29
efcbf238-7d55-4c3d-b8f1-a08ab8f1e93a,36956e50-d770-11ef-8f5d-0275dc2ded29,166c7b56-b36e-4cfa-9dc0-7d232f147d69,1,271aac2e-dcd5-4a9f-9b16-3270146a7eb2,"{""en"": {""value"": ""Ole's Hardware Store"", ""direction"": ""ltr""}}","[{""uri"": ""http://localhost:8000/plugins/controlled-list-manager/item/5f400d39-3b6b-4b8a-939b-4e49787c7444"", ""labels"": [{""id"": ""0070cd3b-1dd7-48ee-9f29-b97266bf5afb"", ""value"": ""preferred terms"", ""language_id"": ""en"", ""list_item_id"": ""5f400d39-3b6b-4b8a-939b-4e49787c7444"", ""valuetype_id"": ""prefLabel""}], ""list_id"": ""80028d07-9c98-48cf-84db-f77bc01c8bbc""}]","[{""uri"": ""http://localhost:8000/plugins/controlled-list-manager/item/38729dbe-6d1c-48ce-bf47-e2a18945600e"", ""labels"": [{""id"": ""08a9b0bd-4713-4ea6-a829-66a64240e254"", ""value"": ""English (language)"", ""language_id"": ""en"", ""list_item_id"": ""38729dbe-6d1c-48ce-bf47-e2a18945600e"", ""valuetype_id"": ""prefLabel""}], ""list_id"": ""f7fc4f6d-fd46-4881-846f-4a08bc1a3fef""}]",3695cff8-d770-11ef-8f5d-0275dc2ded29
ab6528b3-18d7-482e-a2a6-399440d2a78d,36956e50-d770-11ef-8f5d-0275dc2ded29,166c7b56-b36e-4cfa-9dc0-7d232f147d69,1,53ef1e58-8653-4dda-b3d6-60428b8d0491,"{""en"": {""value"": ""Rota"", ""direction"": ""ltr""}}","[{""uri"": ""http://localhost:8000/plugins/controlled-list-manager/item/5f400d39-3b6b-4b8a-939b-4e49787c7444"", ""labels"": [{""id"": ""0070cd3b-1dd7-48ee-9f29-b97266bf5afb"", ""value"": ""preferred terms"", ""language_id"": ""en"", ""list_item_id"": ""5f400d39-3b6b-4b8a-939b-4e49787c7444"", ""valuetype_id"": ""prefLabel""}], ""list_id"": ""80028d07-9c98-48cf-84db-f77bc01c8bbc""}]","[{""uri"": ""http://localhost:8000/plugins/controlled-list-manager/item/38729dbe-6d1c-48ce-bf47-e2a18945600e"", ""labels"": [{""id"": ""08a9b0bd-4713-4ea6-a829-66a64240e254"", ""value"": ""English (language)"", ""language_id"": ""en"", ""list_item_id"": ""38729dbe-6d1c-48ce-bf47-e2a18945600e"", ""valuetype_id"": ""prefLabel""}], ""list_id"": ""f7fc4f6d-fd46-4881-846f-4a08bc1a3fef""}]",3695cff8-d770-11ef-8f5d-0275dc2ded29
2acda793-95bd-4fcf-bcd3-fe66ad638cf1,36956e50-d770-11ef-8f5d-0275dc2ded29,166c7b56-b36e-4cfa-9dc0-7d232f147d69,1,a0d54855-ae20-4664-ae46-4eb23b679002,"{""en"": {""value"": ""C. Kreul"", ""direction"": ""ltr""}}","[{""uri"": ""http://localhost:8000/plugins/controlled-list-manager/item/5f400d39-3b6b-4b8a-939b-4e49787c7444"", ""labels"": [{""id"": ""0070cd3b-1dd7-48ee-9f29-b97266bf5afb"", ""value"": ""preferred terms"", ""language_id"": ""en"", ""list_item_id"": ""5f400d39-3b6b-4b8a-939b-4e49787c7444"", ""valuetype_id"": ""prefLabel""}], ""list_id"": ""80028d07-9c98-48cf-84db-f77bc01c8bbc""}]","[{""uri"": ""http://localhost:8000/plugins/controlled-list-manager/item/38729dbe-6d1c-48ce-bf47-e2a18945600e"", ""labels"": [{""id"": ""08a9b0bd-4713-4ea6-a829-66a64240e254"", ""value"": ""English (language)"", ""language_id"": ""en"", ""list_item_id"": ""38729dbe-6d1c-48ce-bf47-e2a18945600e"", ""valuetype_id"": ""prefLabel""}], ""list_id"": ""f7fc4f6d-fd46-4881-846f-4a08bc1a3fef""}]",3695cff8-d770-11ef-8f5d-0275dc2ded29
090067b1-70e9-4b26-9ca8-12859dd65caf,36956e50-d770-11ef-8f5d-0275dc2ded29,166c7b56-b36e-4cfa-9dc0-7d232f147d69,1,a5b8cf9a-7580-45f5-b2ad-f42953b33020,"{""en"": {""value"": ""Guillero Corella"", ""direction"": ""ltr""}}","[{""uri"": ""http://localhost:8000/plugins/controlled-list-manager/item/5f400d39-3b6b-4b8a-939b-4e49787c7444"", ""labels"": [{""id"": ""0070cd3b-1dd7-48ee-9f29-b97266bf5afb"", ""value"": ""preferred terms"", ""language_id"": ""en"", ""list_item_id"": ""5f400d39-3b6b-4b8a-939b-4e49787c7444"", ""valuetype_id"": ""prefLabel""}], ""list_id"": ""80028d07-9c98-48cf-84db-f77bc01c8bbc""}]","[{""uri"": ""http://localhost:8000/plugins/controlled-list-manager/item/38729dbe-6d1c-48ce-bf47-e2a18945600e"", ""labels"": [{""id"": ""08a9b0bd-4713-4ea6-a829-66a64240e254"", ""value"": ""English (language)"", ""language_id"": ""en"", ""list_item_id"": ""38729dbe-6d1c-48ce-bf47-e2a18945600e"", ""valuetype_id"": ""prefLabel""}], ""list_id"": ""f7fc4f6d-fd46-4881-846f-4a08bc1a3fef""}]",3695cff8-d770-11ef-8f5d-0275dc2ded29
72f46561-bee6-4dee-9b8b-1e4dc8c6d1d2,36956e50-d770-11ef-8f5d-0275dc2ded29,166c7b56-b36e-4cfa-9dc0-7d232f147d69,1,d76ef145-5afc-4c0a-ab6a-735421bacf35,"{""en"": {""value"": ""Alphacolor"", ""direction"": ""ltr""}}","[{""uri"": ""http://localhost:8000/plugins/controlled-list-manager/item/5f400d39-3b6b-4b8a-939b-4e49787c7444"", ""labels"": [{""id"": ""0070cd3b-1dd7-48ee-9f29-b97266bf5afb"", ""value"": ""preferred terms"", ""language_id"": ""en"", ""list_item_id"": ""5f400d39-3b6b-4b8a-939b-4e49787c7444"", ""valuetype_id"": ""prefLabel""}], ""list_id"": ""80028d07-9c98-48cf-84db-f77bc01c8bbc""}]","[{""uri"": ""http://localhost:8000/plugins/controlled-list-manager/item/38729dbe-6d1c-48ce-bf47-e2a18945600e"", ""labels"": [{""id"": ""08a9b0bd-4713-4ea6-a829-66a64240e254"", ""value"": ""English (language)"", ""language_id"": ""en"", ""list_item_id"": ""38729dbe-6d1c-48ce-bf47-e2a18945600e"", ""valuetype_id"": ""prefLabel""}], ""list_id"": ""f7fc4f6d-fd46-4881-846f-4a08bc1a3fef""}]",3695cff8-d770-11ef-8f5d-0275dc2ded29
059a8994-c41f-4561-a301-8368d507ff52,36956e50-d770-11ef-8f5d-0275dc2ded29,166c7b56-b36e-4cfa-9dc0-7d232f147d69,1,f8451a51-a9fe-4b89-96d7-7539b44df80f,"{""en"": {""value"": ""Scuea Buonamici"", ""direction"": ""ltr""}}","[{""uri"": ""http://localhost:8000/plugins/controlled-list-manager/item/5f400d39-3b6b-4b8a-939b-4e49787c7444"", ""labels"": [{""id"": ""0070cd3b-1dd7-48ee-9f29-b97266bf5afb"", ""value"": ""preferred terms"", ""language_id"": ""en"", ""list_item_id"": ""5f400d39-3b6b-4b8a-939b-4e49787c7444"", ""valuetype_id"": ""prefLabel""}], ""list_id"": ""80028d07-9c98-48cf-84db-f77bc01c8bbc""}]","[{""uri"": ""http://localhost:8000/plugins/controlled-list-manager/item/38729dbe-6d1c-48ce-bf47-e2a18945600e"", ""labels"": [{""id"": ""08a9b0bd-4713-4ea6-a829-66a64240e254"", ""value"": ""English (language)"", ""language_id"": ""en"", ""list_item_id"": ""38729dbe-6d1c-48ce-bf47-e2a18945600e"", ""valuetype_id"": ""prefLabel""}], ""list_id"": ""f7fc4f6d-fd46-4881-846f-4a08bc1a3fef""}]",3695cff8-d770-11ef-8f5d-0275dc2ded29
35274597-cd68-4ce4-ad13-6c0ace08f087,36956e50-d770-11ef-8f5d-0275dc2ded29,166c7b56-b36e-4cfa-9dc0-7d232f147d69,1,85f821fe-c282-4fdc-9776-13980282464e,"{""en"": {""value"": ""JPGM Antiquities Conservation"", ""direction"": ""ltr""}}","[{""uri"": ""http://localhost:8000/plugins/controlled-list-manager/item/5f400d39-3b6b-4b8a-939b-4e49787c7444"", ""labels"": [{""id"": ""0070cd3b-1dd7-48ee-9f29-b97266bf5afb"", ""value"": ""preferred terms"", ""language_id"": ""en"", ""list_item_id"": ""5f400d39-3b6b-4b8a-939b-4e49787c7444"", ""valuetype_id"": ""prefLabel""}], ""list_id"": ""80028d07-9c98-48cf-84db-f77bc01c8bbc""}]","[{""uri"": ""http://localhost:8000/plugins/controlled-list-manager/item/38729dbe-6d1c-48ce-bf47-e2a18945600e"", ""labels"": [{""id"": ""08a9b0bd-4713-4ea6-a829-66a64240e254"", ""value"": ""English (language)"", ""language_id"": ""en"", ""list_item_id"": ""38729dbe-6d1c-48ce-bf47-e2a18945600e"", ""valuetype_id"": ""prefLabel""}], ""list_id"": ""f7fc4f6d-fd46-4881-846f-4a08bc1a3fef""}]",3695cff8-d770-11ef-8f5d-0275dc2ded29
ad8b0ee9-7953-4803-bdac-1a38d428d4fd,36956e50-d770-11ef-8f5d-0275dc2ded29,166c7b56-b36e-4cfa-9dc0-7d232f147d69,1,f95de994-3e80-4103-be6e-8c5a9926b0c5,"{""en"": {""value"": ""E. Porta"", ""direction"": ""ltr""}}","[{""uri"": ""http://localhost:8000/plugins/controlled-list-manager/item/5f400d39-3b6b-4b8a-939b-4e49787c7444"", ""labels"": [{""id"": ""0070cd3b-1dd7-48ee-9f29-b97266bf5afb"", ""value"": ""preferred terms"", ""language_id"": ""en"", ""list_item_id"": ""5f400d39-3b6b-4b8a-939b-4e49787c7444"", ""valuetype_id"": ""prefLabel""}], ""list_id"": ""80028d07-9c98-48cf-84db-f77bc01c8bbc""}]","[{""uri"": ""http://localhost:8000/plugins/controlled-list-manager/item/38729dbe-6d1c-48ce-bf47-e2a18945600e"", ""labels"": [{""id"": ""08a9b0bd-4713-4ea6-a829-66a64240e254"", ""value"": ""English (language)"", ""language_id"": ""en"", ""list_item_id"": ""38729dbe-6d1c-48ce-bf47-e2a18945600e"", ""valuetype_id"": ""prefLabel""}], ""list_id"": ""f7fc4f6d-fd46-4881-846f-4a08bc1a3fef""}]",3695cff8-d770-11ef-8f5d-0275dc2ded29
a80d8ad5-c837-4a88-b547-0f92981fb0a8,36956e50-d770-11ef-8f5d-0275dc2ded29,166c7b56-b36e-4cfa-9dc0-7d232f147d69,1,1b1d352f-9525-4f7b-9601-8500668e218d,"{""en"": {""value"": ""Dr. Ph. Martin's"", ""direction"": ""ltr""}}","[{""uri"": ""http://localhost:8000/plugins/controlled-list-manager/item/5f400d39-3b6b-4b8a-939b-4e49787c7444"", ""labels"": [{""id"": ""0070cd3b-1dd7-48ee-9f29-b97266bf5afb"", ""value"": ""preferred terms"", ""language_id"": ""en"", ""list_item_id"": ""5f400d39-3b6b-4b8a-939b-4e49787c7444"", ""valuetype_id"": ""prefLabel""}], ""list_id"": ""80028d07-9c98-48cf-84db-f77bc01c8bbc""}]","[{""uri"": ""http://localhost:8000/plugins/controlled-list-manager/item/38729dbe-6d1c-48ce-bf47-e2a18945600e"", ""labels"": [{""id"": ""08a9b0bd-4713-4ea6-a829-66a64240e254"", ""value"": ""English (language)"", ""language_id"": ""en"", ""list_item_id"": ""38729dbe-6d1c-48ce-bf47-e2a18945600e"", ""valuetype_id"": ""prefLabel""}], ""list_id"": ""f7fc4f6d-fd46-4881-846f-4a08bc1a3fef""}]",3695cff8-d770-11ef-8f5d-0275dc2ded29
af981582-c8d1-4b4b-b37e-a6a1a61269eb,36956e50-d770-11ef-8f5d-0275dc2ded29,166c7b56-b36e-4cfa-9dc0-7d232f147d69,1,dab5ca59-7bde-4aec-8af9-f631e2c2f4d7,"{""en"": {""value"": ""Hopkins Pwais & Son, Ltd."", ""direction"": ""ltr""}}","[{""uri"": ""http://localhost:8000/plugins/controlled-list-manager/item/5f400d39-3b6b-4b8a-939b-4e49787c7444"", ""labels"": [{""id"": ""0070cd3b-1dd7-48ee-9f29-b97266bf5afb"", ""value"": ""preferred terms"", ""language_id"": ""en"", ""list_item_id"": ""5f400d39-3b6b-4b8a-939b-4e49787c7444"", ""valuetype_id"": ""prefLabel""}], ""list_id"": ""80028d07-9c98-48cf-84db-f77bc01c8bbc""}]","[{""uri"": ""http://localhost:8000/plugins/controlled-list-manager/item/38729dbe-6d1c-48ce-bf47-e2a18945600e"", ""labels"": [{""id"": ""08a9b0bd-4713-4ea6-a829-66a64240e254"", ""value"": ""English (language)"", ""language_id"": ""en"", ""list_item_id"": ""38729dbe-6d1c-48ce-bf47-e2a18945600e"", ""valuetype_id"": ""prefLabel""}], ""list_id"": ""f7fc4f6d-fd46-4881-846f-4a08bc1a3fef""}]",3695cff8-d770-11ef-8f5d-0275dc2ded29
8361d98f-70ae-483d-9f43-897971acc3ef,36956e50-d770-11ef-8f5d-0275dc2ded29,166c7b56-b36e-4cfa-9dc0-7d232f147d69,1,7c1985ce-eaf5-43ae-ac40-eafa54d0a0f4,"{""en"": {""value"": ""Daniel Smith"", ""direction"": ""ltr""}}","[{""uri"": ""http://localhost:8000/plugins/controlled-list-manager/item/5f400d39-3b6b-4b8a-939b-4e49787c7444"", ""labels"": [{""id"": ""0070cd3b-1dd7-48ee-9f29-b97266bf5afb"", ""value"": ""preferred terms"", ""language_id"": ""en"", ""list_item_id"": ""5f400d39-3b6b-4b8a-939b-4e49787c7444"", ""valuetype_id"": ""prefLabel""}], ""list_id"": ""80028d07-9c98-48cf-84db-f77bc01c8bbc""}]","[{""uri"": ""http://localhost:8000/plugins/controlled-list-manager/item/38729dbe-6d1c-48ce-bf47-e2a18945600e"", ""labels"": [{""id"": ""08a9b0bd-4713-4ea6-a829-66a64240e254"", ""value"": ""English (language)"", ""language_id"": ""en"", ""list_item_id"": ""38729dbe-6d1c-48ce-bf47-e2a18945600e"", ""valuetype_id"": ""prefLabel""}], ""list_id"": ""f7fc4f6d-fd46-4881-846f-4a08bc1a3fef""}]",3695cff8-d770-11ef-8f5d-0275dc2ded29
c844b24a-e572-430c-bc04-b60994c13f9f,36956e50-d770-11ef-8f5d-0275dc2ded29,166c7b56-b36e-4cfa-9dc0-7d232f147d69,1,af9ab92e-de12-43ad-a9dd-72391c0f002b,"{""en"": {""value"": ""Hadassa Export Company, Ltd."", ""direction"": ""ltr""}}","[{""uri"": ""http://localhost:8000/plugins/controlled-list-manager/item/5f400d39-3b6b-4b8a-939b-4e49787c7444"", ""labels"": [{""id"": ""0070cd3b-1dd7-48ee-9f29-b97266bf5afb"", ""value"": ""preferred terms"", ""language_id"": ""en"", ""list_item_id"": ""5f400d39-3b6b-4b8a-939b-4e49787c7444"", ""valuetype_id"": ""prefLabel""}], ""list_id"": ""80028d07-9c98-48cf-84db-f77bc01c8bbc""}]","[{""uri"": ""http://localhost:8000/plugins/controlled-list-manager/item/38729dbe-6d1c-48ce-bf47-e2a18945600e"", ""labels"": [{""id"": ""08a9b0bd-4713-4ea6-a829-66a64240e254"", ""value"": ""English (language)"", ""language_id"": ""en"", ""list_item_id"": ""38729dbe-6d1c-48ce-bf47-e2a18945600e"", ""valuetype_id"": ""prefLabel""}], ""list_id"": ""f7fc4f6d-fd46-4881-846f-4a08bc1a3fef""}]",3695cff8-d770-11ef-8f5d-0275dc2ded29
8ff0e4e1-f422-4cb7-969a-7afda8c0ca1c,36956e50-d770-11ef-8f5d-0275dc2ded29,166c7b56-b36e-4cfa-9dc0-7d232f147d69,1,35607517-2e72-4b40-ad99-f0bb0b2741fe,"{""en"": {""value"": ""T. Hollis"", ""direction"": ""ltr""}}","[{""uri"": ""http://localhost:8000/plugins/controlled-list-manager/item/5f400d39-3b6b-4b8a-939b-4e49787c7444"", ""labels"": [{""id"": ""0070cd3b-1dd7-48ee-9f29-b97266bf5afb"", ""value"": ""preferred terms"", ""language_id"": ""en"", ""list_item_id"": ""5f400d39-3b6b-4b8a-939b-4e49787c7444"", ""valuetype_id"": ""prefLabel""}], ""list_id"": ""80028d07-9c98-48cf-84db-f77bc01c8bbc""}]","[{""uri"": ""http://localhost:8000/plugins/controlled-list-manager/item/38729dbe-6d1c-48ce-bf47-e2a18945600e"", ""labels"": [{""id"": ""08a9b0bd-4713-4ea6-a829-66a64240e254"", ""value"": ""English (language)"", ""language_id"": ""en"", ""list_item_id"": ""38729dbe-6d1c-48ce-bf47-e2a18945600e"", ""valuetype_id"": ""prefLabel""}], ""list_id"": ""f7fc4f6d-fd46-4881-846f-4a08bc1a3fef""}]",3695cff8-d770-11ef-8f5d-0275dc2ded29
5dc87c82-5010-446c-bb82-9f21bef0d77d,36956e50-d770-11ef-8f5d-0275dc2ded29,166c7b56-b36e-4cfa-9dc0-7d232f147d69,1,3f66be9f-0cab-4af2-af86-dab1b9f6a21d,"{""en"": {""value"": ""Chemical & Pigment Co."", ""direction"": ""ltr""}}","[{""uri"": ""http://localhost:8000/plugins/controlled-list-manager/item/5f400d39-3b6b-4b8a-939b-4e49787c7444"", ""labels"": [{""id"": ""0070cd3b-1dd7-48ee-9f29-b97266bf5afb"", ""value"": ""preferred terms"", ""language_id"": ""en"", ""list_item_id"": ""5f400d39-3b6b-4b8a-939b-4e49787c7444"", ""valuetype_id"": ""prefLabel""}], ""list_id"": ""80028d07-9c98-48cf-84db-f77bc01c8bbc""}]","[{""uri"": ""http://localhost:8000/plugins/controlled-list-manager/item/38729dbe-6d1c-48ce-bf47-e2a18945600e"", ""labels"": [{""id"": ""08a9b0bd-4713-4ea6-a829-66a64240e254"", ""value"": ""English (language)"", ""language_id"": ""en"", ""list_item_id"": ""38729dbe-6d1c-48ce-bf47-e2a18945600e"", ""valuetype_id"": ""prefLabel""}], ""list_id"": ""f7fc4f6d-fd46-4881-846f-4a08bc1a3fef""}]",3695cff8-d770-11ef-8f5d-0275dc2ded29
5b0a8717-6cea-4bf4-8205-1479584d202a,36956e50-d770-11ef-8f5d-0275dc2ded29,166c7b56-b36e-4cfa-9dc0-7d232f147d69,1,626a6b49-311c-45e2-b21f-6ed9de572c7e,"{""en"": {""value"": ""Bayer AG"", ""direction"": ""ltr""}}","[{""uri"": ""http://localhost:8000/plugins/controlled-list-manager/item/5f400d39-3b6b-4b8a-939b-4e49787c7444"", ""labels"": [{""id"": ""0070cd3b-1dd7-48ee-9f29-b97266bf5afb"", ""value"": ""preferred terms"", ""language_id"": ""en"", ""list_item_id"": ""5f400d39-3b6b-4b8a-939b-4e49787c7444"", ""valuetype_id"": ""prefLabel""}], ""list_id"": ""80028d07-9c98-48cf-84db-f77bc01c8bbc""}]","[{""uri"": ""http://localhost:8000/plugins/controlled-list-manager/item/38729dbe-6d1c-48ce-bf47-e2a18945600e"", ""labels"": [{""id"": ""08a9b0bd-4713-4ea6-a829-66a64240e254"", ""value"": ""English (language)"", ""language_id"": ""en"", ""list_item_id"": ""38729dbe-6d1c-48ce-bf47-e2a18945600e"", ""valuetype_id"": ""prefLabel""}], ""list_id"": ""f7fc4f6d-fd46-4881-846f-4a08bc1a3fef""}]",3695cff8-d770-11ef-8f5d-0275dc2ded29
4afa33f3-9348-4545-a342-5607ab59bbe5,36956e50-d770-11ef-8f5d-0275dc2ded29,166c7b56-b36e-4cfa-9dc0-7d232f147d69,1,43a51775-31a9-4f15-86f7-f881a4bbd669,"{""en"": {""value"": ""Oriental Photo Ind. Co., Ltd."", ""direction"": ""ltr""}}","[{""uri"": ""http://localhost:8000/plugins/controlled-list-manager/item/5f400d39-3b6b-4b8a-939b-4e49787c7444"", ""labels"": [{""id"": ""0070cd3b-1dd7-48ee-9f29-b97266bf5afb"", ""value"": ""preferred terms"", ""language_id"": ""en"", ""list_item_id"": ""5f400d39-3b6b-4b8a-939b-4e49787c7444"", ""valuetype_id"": ""prefLabel""}], ""list_id"": ""80028d07-9c98-48cf-84db-f77bc01c8bbc""}]","[{""uri"": ""http://localhost:8000/plugins/controlled-list-manager/item/38729dbe-6d1c-48ce-bf47-e2a18945600e"", ""labels"": [{""id"": ""08a9b0bd-4713-4ea6-a829-66a64240e254"", ""value"": ""English (language)"", ""language_id"": ""en"", ""list_item_id"": ""38729dbe-6d1c-48ce-bf47-e2a18945600e"", ""valuetype_id"": ""prefLabel""}], ""list_id"": ""f7fc4f6d-fd46-4881-846f-4a08bc1a3fef""}]",3695cff8-d770-11ef-8f5d-0275dc2ded29
64b2106d-af68-40dd-8940-3b776ccdde4a,36956e50-d770-11ef-8f5d-0275dc2ded29,166c7b56-b36e-4cfa-9dc0-7d232f147d69,1,10862e8b-235a-4dd3-9c54-1fdc285f2766,"{""en"": {""value"": ""Gane Brothers & Lane, Inc."", ""direction"": ""ltr""}}","[{""uri"": ""http://localhost:8000/plugins/controlled-list-manager/item/5f400d39-3b6b-4b8a-939b-4e49787c7444"", ""labels"": [{""id"": ""0070cd3b-1dd7-48ee-9f29-b97266bf5afb"", ""value"": ""preferred terms"", ""language_id"": ""en"", ""list_item_id"": ""5f400d39-3b6b-4b8a-939b-4e49787c7444"", ""valuetype_id"": ""prefLabel""}], ""list_id"": ""80028d07-9c98-48cf-84db-f77bc01c8bbc""}]","[{""uri"": ""http://localhost:8000/plugins/controlled-list-manager/item/38729dbe-6d1c-48ce-bf47-e2a18945600e"", ""labels"": [{""id"": ""08a9b0bd-4713-4ea6-a829-66a64240e254"", ""value"": ""English (language)"", ""language_id"": ""en"", ""list_item_id"": ""38729dbe-6d1c-48ce-bf47-e2a18945600e"", ""valuetype_id"": ""prefLabel""}], ""list_id"": ""f7fc4f6d-fd46-4881-846f-4a08bc1a3fef""}]",3695cff8-d770-11ef-8f5d-0275dc2ded29
9e707bce-455f-43ca-8443-0866e13d26d7,36956e50-d770-11ef-8f5d-0275dc2ded29,166c7b56-b36e-4cfa-9dc0-7d232f147d69,1,de51af31-c9be-409e-95fd-7ba6b8163d89,"{""en"": {""value"": ""Machado Araujo S/A"", ""direction"": ""ltr""}}","[{""uri"": ""http://localhost:8000/plugins/controlled-list-manager/item/5f400d39-3b6b-4b8a-939b-4e49787c7444"", ""labels"": [{""id"": ""0070cd3b-1dd7-48ee-9f29-b97266bf5afb"", ""value"": ""preferred terms"", ""language_id"": ""en"", ""list_item_id"": ""5f400d39-3b6b-4b8a-939b-4e49787c7444"", ""valuetype_id"": ""prefLabel""}], ""list_id"": ""80028d07-9c98-48cf-84db-f77bc01c8bbc""}]","[{""uri"": ""http://localhost:8000/plugins/controlled-list-manager/item/38729dbe-6d1c-48ce-bf47-e2a18945600e"", ""labels"": [{""id"": ""08a9b0bd-4713-4ea6-a829-66a64240e254"", ""value"": ""English (language)"", ""language_id"": ""en"", ""list_item_id"": ""38729dbe-6d1c-48ce-bf47-e2a18945600e"", ""valuetype_id"": ""prefLabel""}], ""list_id"": ""f7fc4f6d-fd46-4881-846f-4a08bc1a3fef""}]",3695cff8-d770-11ef-8f5d-0275dc2ded29
af51e2a5-35aa-413b-bb62-159efb0ecf61,36956e50-d770-11ef-8f5d-0275dc2ded29,166c7b56-b36e-4cfa-9dc0-7d232f147d69,1,378312d7-ef65-4f0b-85db-e4d8fdddfc66,"{""en"": {""value"": ""Aiko's Art Materials Import Inc."", ""direction"": ""ltr""}}","[{""uri"": ""http://localhost:8000/plugins/controlled-list-manager/item/5f400d39-3b6b-4b8a-939b-4e49787c7444"", ""labels"": [{""id"": ""0070cd3b-1dd7-48ee-9f29-b97266bf5afb"", ""value"": ""preferred terms"", ""language_id"": ""en"", ""list_item_id"": ""5f400d39-3b6b-4b8a-939b-4e49787c7444"", ""valuetype_id"": ""prefLabel""}], ""list_id"": ""80028d07-9c98-48cf-84db-f77bc01c8bbc""}]","[{""uri"": ""http://localhost:8000/plugins/controlled-list-manager/item/38729dbe-6d1c-48ce-bf47-e2a18945600e"", ""labels"": [{""id"": ""08a9b0bd-4713-4ea6-a829-66a64240e254"", ""value"": ""English (language)"", ""language_id"": ""en"", ""list_item_id"": ""38729dbe-6d1c-48ce-bf47-e2a18945600e"", ""valuetype_id"": ""prefLabel""}], ""list_id"": ""f7fc4f6d-fd46-4881-846f-4a08bc1a3fef""}]",3695cff8-d770-11ef-8f5d-0275dc2ded29
7df7c503-018b-40c4-88bf-874e3202a7fb,36956e50-d770-11ef-8f5d-0275dc2ded29,166c7b56-b36e-4cfa-9dc0-7d232f147d69,1,1842940c-9840-4919-a5ff-138716166735,"{""en"": {""value"": ""Stafford Allen & Sons; (Imported by CA Compack Foods Inc)"", ""direction"": ""ltr""}}","[{""uri"": ""http://localhost:8000/plugins/controlled-list-manager/item/5f400d39-3b6b-4b8a-939b-4e49787c7444"", ""labels"": [{""id"": ""0070cd3b-1dd7-48ee-9f29-b97266bf5afb"", ""value"": ""preferred terms"", ""language_id"": ""en"", ""list_item_id"": ""5f400d39-3b6b-4b8a-939b-4e49787c7444"", ""valuetype_id"": ""prefLabel""}], ""list_id"": ""80028d07-9c98-48cf-84db-f77bc01c8bbc""}]","[{""uri"": ""http://localhost:8000/plugins/controlled-list-manager/item/38729dbe-6d1c-48ce-bf47-e2a18945600e"", ""labels"": [{""id"": ""08a9b0bd-4713-4ea6-a829-66a64240e254"", ""value"": ""English (language)"", ""language_id"": ""en"", ""list_item_id"": ""38729dbe-6d1c-48ce-bf47-e2a18945600e"", ""valuetype_id"": ""prefLabel""}], ""list_id"": ""f7fc4f6d-fd46-4881-846f-4a08bc1a3fef""}]",3695cff8-d770-11ef-8f5d-0275dc2ded29
12e22b22-890f-4b20-a307-5b393e6a4adf,36956e50-d770-11ef-8f5d-0275dc2ded29,166c7b56-b36e-4cfa-9dc0-7d232f147d69,1,ba2251a5-c170-4b31-af0d-75f4535b69cb,"{""en"": {""value"": ""Sennelier"", ""direction"": ""ltr""}}","[{""uri"": ""http://localhost:8000/plugins/controlled-list-manager/item/5f400d39-3b6b-4b8a-939b-4e49787c7444"", ""labels"": [{""id"": ""0070cd3b-1dd7-48ee-9f29-b97266bf5afb"", ""value"": ""preferred terms"", ""language_id"": ""en"", ""list_item_id"": ""5f400d39-3b6b-4b8a-939b-4e49787c7444"", ""valuetype_id"": ""prefLabel""}], ""list_id"": ""80028d07-9c98-48cf-84db-f77bc01c8bbc""}]","[{""uri"": ""http://localhost:8000/plugins/controlled-list-manager/item/38729dbe-6d1c-48ce-bf47-e2a18945600e"", ""labels"": [{""id"": ""08a9b0bd-4713-4ea6-a829-66a64240e254"", ""value"": ""English (language)"", ""language_id"": ""en"", ""list_item_id"": ""38729dbe-6d1c-48ce-bf47-e2a18945600e"", ""valuetype_id"": ""prefLabel""}], ""list_id"": ""f7fc4f6d-fd46-4881-846f-4a08bc1a3fef""}]",3695cff8-d770-11ef-8f5d-0275dc2ded29
28c5a630-ee13-407c-a786-53798c44035e,36956e50-d770-11ef-8f5d-0275dc2ded29,166c7b56-b36e-4cfa-9dc0-7d232f147d69,1,4c2de350-49a9-45f1-a77f-cc15a8857a72,"{""en"": {""value"": ""Carolina Biological Supply Company"", ""direction"": ""ltr""}}","[{""uri"": ""http://localhost:8000/plugins/controlled-list-manager/item/5f400d39-3b6b-4b8a-939b-4e49787c7444"", ""labels"": [{""id"": ""0070cd3b-1dd7-48ee-9f29-b97266bf5afb"", ""value"": ""preferred terms"", ""language_id"": ""en"", ""list_item_id"": ""5f400d39-3b6b-4b8a-939b-4e49787c7444"", ""valuetype_id"": ""prefLabel""}], ""list_id"": ""80028d07-9c98-48cf-84db-f77bc01c8bbc""}]","[{""uri"": ""http://localhost:8000/plugins/controlled-list-manager/item/38729dbe-6d1c-48ce-bf47-e2a18945600e"", ""labels"": [{""id"": ""08a9b0bd-4713-4ea6-a829-66a64240e254"", ""value"": ""English (language)"", ""language_id"": ""en"", ""list_item_id"": ""38729dbe-6d1c-48ce-bf47-e2a18945600e"", ""valuetype_id"": ""prefLabel""}], ""list_id"": ""f7fc4f6d-fd46-4881-846f-4a08bc1a3fef""}]",3695cff8-d770-11ef-8f5d-0275dc2ded29
2b57987a-cd0e-4ca3-a288-776620d61506,36956e50-d770-11ef-8f5d-0275dc2ded29,166c7b56-b36e-4cfa-9dc0-7d232f147d69,1,d5a27790-b91c-4608-bb22-a32acd243482,"{""en"": {""value"": ""Conservator's Products Company"", ""direction"": ""ltr""}}","[{""uri"": ""http://localhost:8000/plugins/controlled-list-manager/item/5f400d39-3b6b-4b8a-939b-4e49787c7444"", ""labels"": [{""id"": ""0070cd3b-1dd7-48ee-9f29-b97266bf5afb"", ""value"": ""preferred terms"", ""language_id"": ""en"", ""list_item_id"": ""5f400d39-3b6b-4b8a-939b-4e49787c7444"", ""valuetype_id"": ""prefLabel""}], ""list_id"": ""80028d07-9c98-48cf-84db-f77bc01c8bbc""}]","[{""uri"": ""http://localhost:8000/plugins/controlled-list-manager/item/38729dbe-6d1c-48ce-bf47-e2a18945600e"", ""labels"": [{""id"": ""08a9b0bd-4713-4ea6-a829-66a64240e254"", ""value"": ""English (language)"", ""language_id"": ""en"", ""list_item_id"": ""38729dbe-6d1c-48ce-bf47-e2a18945600e"", ""valuetype_id"": ""prefLabel""}], ""list_id"": ""f7fc4f6d-fd46-4881-846f-4a08bc1a3fef""}]",3695cff8-d770-11ef-8f5d-0275dc2ded29
6fc0f4a2-e8c6-4e0f-9bcc-91029cbe5346,36956e50-d770-11ef-8f5d-0275dc2ded29,166c7b56-b36e-4cfa-9dc0-7d232f147d69,1,c1067caa-d112-460e-a029-0fa20ed329de,"{""en"": {""value"": ""Reeves and Sons, Ltd."", ""direction"": ""ltr""}}","[{""uri"": ""http://localhost:8000/plugins/controlled-list-manager/item/5f400d39-3b6b-4b8a-939b-4e49787c7444"", ""labels"": [{""id"": ""0070cd3b-1dd7-48ee-9f29-b97266bf5afb"", ""value"": ""preferred terms"", ""language_id"": ""en"", ""list_item_id"": ""5f400d39-3b6b-4b8a-939b-4e49787c7444"", ""valuetype_id"": ""prefLabel""}], ""list_id"": ""80028d07-9c98-48cf-84db-f77bc01c8bbc""}]","[{""uri"": ""http://localhost:8000/plugins/controlled-list-manager/item/38729dbe-6d1c-48ce-bf47-e2a18945600e"", ""labels"": [{""id"": ""08a9b0bd-4713-4ea6-a829-66a64240e254"", ""value"": ""English (language)"", ""language_id"": ""en"", ""list_item_id"": ""38729dbe-6d1c-48ce-bf47-e2a18945600e"", ""valuetype_id"": ""prefLabel""}], ""list_id"": ""f7fc4f6d-fd46-4881-846f-4a08bc1a3fef""}]",3695cff8-d770-11ef-8f5d-0275dc2ded29
dd6f9cfb-daad-4962-8588-1258241bedeb,36956e50-d770-11ef-8f5d-0275dc2ded29,166c7b56-b36e-4cfa-9dc0-7d232f147d69,1,06553668-7a4c-42df-b2a0-c5e283f09ec2,"{""en"": {""value"": ""Cowleys"", ""direction"": ""ltr""}}","[{""uri"": ""http://localhost:8000/plugins/controlled-list-manager/item/5f400d39-3b6b-4b8a-939b-4e49787c7444"", ""labels"": [{""id"": ""0070cd3b-1dd7-48ee-9f29-b97266bf5afb"", ""value"": ""preferred terms"", ""language_id"": ""en"", ""list_item_id"": ""5f400d39-3b6b-4b8a-939b-4e49787c7444"", ""valuetype_id"": ""prefLabel""}], ""list_id"": ""80028d07-9c98-48cf-84db-f77bc01c8bbc""}]","[{""uri"": ""http://localhost:8000/plugins/controlled-list-manager/item/38729dbe-6d1c-48ce-bf47-e2a18945600e"", ""labels"": [{""id"": ""08a9b0bd-4713-4ea6-a829-66a64240e254"", ""value"": ""English (language)"", ""language_id"": ""en"", ""list_item_id"": ""38729dbe-6d1c-48ce-bf47-e2a18945600e"", ""valuetype_id"": ""prefLabel""}], ""list_id"": ""f7fc4f6d-fd46-4881-846f-4a08bc1a3fef""}]",3695cff8-d770-11ef-8f5d-0275dc2ded29
5bfc9cdf-4aef-4d49-a09d-c51984adfdc3,36956e50-d770-11ef-8f5d-0275dc2ded29,166c7b56-b36e-4cfa-9dc0-7d232f147d69,1,f5825e80-4069-42be-a9a6-74964baa2893,"{""en"": {""value"": ""Masury"", ""direction"": ""ltr""}}","[{""uri"": ""http://localhost:8000/plugins/controlled-list-manager/item/5f400d39-3b6b-4b8a-939b-4e49787c7444"", ""labels"": [{""id"": ""0070cd3b-1dd7-48ee-9f29-b97266bf5afb"", ""value"": ""preferred terms"", ""language_id"": ""en"", ""list_item_id"": ""5f400d39-3b6b-4b8a-939b-4e49787c7444"", ""valuetype_id"": ""prefLabel""}], ""list_id"": ""80028d07-9c98-48cf-84db-f77bc01c8bbc""}]","[{""uri"": ""http://localhost:8000/plugins/controlled-list-manager/item/38729dbe-6d1c-48ce-bf47-e2a18945600e"", ""labels"": [{""id"": ""08a9b0bd-4713-4ea6-a829-66a64240e254"", ""value"": ""English (language)"", ""language_id"": ""en"", ""list_item_id"": ""38729dbe-6d1c-48ce-bf47-e2a18945600e"", ""valuetype_id"": ""prefLabel""}], ""list_id"": ""f7fc4f6d-fd46-4881-846f-4a08bc1a3fef""}]",3695cff8-d770-11ef-8f5d-0275dc2ded29
9e2f644c-f822-4c0d-955e-c1110d27b5cb,36956e50-d770-11ef-8f5d-0275dc2ded29,166c7b56-b36e-4cfa-9dc0-7d232f147d69,1,badfc10e-ae0f-4b40-a0a3-96379ad67a4c,"{""en"": {""value"": ""Pohlmeyer Inc."", ""direction"": ""ltr""}}","[{""uri"": ""http://localhost:8000/plugins/controlled-list-manager/item/5f400d39-3b6b-4b8a-939b-4e49787c7444"", ""labels"": [{""id"": ""0070cd3b-1dd7-48ee-9f29-b97266bf5afb"", ""value"": ""preferred terms"", ""language_id"": ""en"", ""list_item_id"": ""5f400d39-3b6b-4b8a-939b-4e49787c7444"", ""valuetype_id"": ""prefLabel""}], ""list_id"": ""80028d07-9c98-48cf-84db-f77bc01c8bbc""}]","[{""uri"": ""http://localhost:8000/plugins/controlled-list-manager/item/38729dbe-6d1c-48ce-bf47-e2a18945600e"", ""labels"": [{""id"": ""08a9b0bd-4713-4ea6-a829-66a64240e254"", ""value"": ""English (language)"", ""language_id"": ""en"", ""list_item_id"": ""38729dbe-6d1c-48ce-bf47-e2a18945600e"", ""valuetype_id"": ""prefLabel""}], ""list_id"": ""f7fc4f6d-fd46-4881-846f-4a08bc1a3fef""}]",3695cff8-d770-11ef-8f5d-0275dc2ded29
ff81f685-201b-4065-bc7d-913e2ab782dd,36956e50-d770-11ef-8f5d-0275dc2ded29,166c7b56-b36e-4cfa-9dc0-7d232f147d69,1,bb46ec2a-129a-454f-b74e-490cd3009b41,"{""en"": {""value"": ""Fuji Photo Film Co., Ltd."", ""direction"": ""ltr""}}","[{""uri"": ""http://localhost:8000/plugins/controlled-list-manager/item/5f400d39-3b6b-4b8a-939b-4e49787c7444"", ""labels"": [{""id"": ""0070cd3b-1dd7-48ee-9f29-b97266bf5afb"", ""value"": ""preferred terms"", ""language_id"": ""en"", ""list_item_id"": ""5f400d39-3b6b-4b8a-939b-4e49787c7444"", ""valuetype_id"": ""prefLabel""}], ""list_id"": ""80028d07-9c98-48cf-84db-f77bc01c8bbc""}]","[{""uri"": ""http://localhost:8000/plugins/controlled-list-manager/item/38729dbe-6d1c-48ce-bf47-e2a18945600e"", ""labels"": [{""id"": ""08a9b0bd-4713-4ea6-a829-66a64240e254"", ""value"": ""English (language)"", ""language_id"": ""en"", ""list_item_id"": ""38729dbe-6d1c-48ce-bf47-e2a18945600e"", ""valuetype_id"": ""prefLabel""}], ""list_id"": ""f7fc4f6d-fd46-4881-846f-4a08bc1a3fef""}]",3695cff8-d770-11ef-8f5d-0275dc2ded29
e5d5e7bf-202e-49ae-b6ea-57e757303d71,36956e50-d770-11ef-8f5d-0275dc2ded29,166c7b56-b36e-4cfa-9dc0-7d232f147d69,1,5d288a70-4ecd-4fad-b224-a7456301ba93,"{""en"": {""value"": ""Omega Color"", ""direction"": ""ltr""}}","[{""uri"": ""http://localhost:8000/plugins/controlled-list-manager/item/5f400d39-3b6b-4b8a-939b-4e49787c7444"", ""labels"": [{""id"": ""0070cd3b-1dd7-48ee-9f29-b97266bf5afb"", ""value"": ""preferred terms"", ""language_id"": ""en"", ""list_item_id"": ""5f400d39-3b6b-4b8a-939b-4e49787c7444"", ""valuetype_id"": ""prefLabel""}], ""list_id"": ""80028d07-9c98-48cf-84db-f77bc01c8bbc""}]","[{""uri"": ""http://localhost:8000/plugins/controlled-list-manager/item/38729dbe-6d1c-48ce-bf47-e2a18945600e"", ""labels"": [{""id"": ""08a9b0bd-4713-4ea6-a829-66a64240e254"", ""value"": ""English (language)"", ""language_id"": ""en"", ""list_item_id"": ""38729dbe-6d1c-48ce-bf47-e2a18945600e"", ""valuetype_id"": ""prefLabel""}], ""list_id"": ""f7fc4f6d-fd46-4881-846f-4a08bc1a3fef""}]",3695cff8-d770-11ef-8f5d-0275dc2ded29
f7b565d0-8ebd-4580-b0d1-e60fb0d24cee,36956e50-d770-11ef-8f5d-0275dc2ded29,166c7b56-b36e-4cfa-9dc0-7d232f147d69,1,1f194143-e35e-4a88-975e-217c121b58be,"{""en"": {""value"": ""Schumacher & Cie"", ""direction"": ""ltr""}}","[{""uri"": ""http://localhost:8000/plugins/controlled-list-manager/item/5f400d39-3b6b-4b8a-939b-4e49787c7444"", ""labels"": [{""id"": ""0070cd3b-1dd7-48ee-9f29-b97266bf5afb"", ""value"": ""preferred terms"", ""language_id"": ""en"", ""list_item_id"": ""5f400d39-3b6b-4b8a-939b-4e49787c7444"", ""valuetype_id"": ""prefLabel""}], ""list_id"": ""80028d07-9c98-48cf-84db-f77bc01c8bbc""}]","[{""uri"": ""http://localhost:8000/plugins/controlled-list-manager/item/38729dbe-6d1c-48ce-bf47-e2a18945600e"", ""labels"": [{""id"": ""08a9b0bd-4713-4ea6-a829-66a64240e254"", ""value"": ""English (language)"", ""language_id"": ""en"", ""list_item_id"": ""38729dbe-6d1c-48ce-bf47-e2a18945600e"", ""valuetype_id"": ""prefLabel""}], ""list_id"": ""f7fc4f6d-fd46-4881-846f-4a08bc1a3fef""}]",3695cff8-d770-11ef-8f5d-0275dc2ded29
6c481d70-0272-48a0-931b-af7864995000,36956e50-d770-11ef-8f5d-0275dc2ded29,166c7b56-b36e-4cfa-9dc0-7d232f147d69,1,55b9675b-10e2-4ae2-989c-9b44ce0c888d,"{""en"": {""value"": ""Excalibur Mineral Co."", ""direction"": ""ltr""}}","[{""uri"": ""http://localhost:8000/plugins/controlled-list-manager/item/5f400d39-3b6b-4b8a-939b-4e49787c7444"", ""labels"": [{""id"": ""0070cd3b-1dd7-48ee-9f29-b97266bf5afb"", ""value"": ""preferred terms"", ""language_id"": ""en"", ""list_item_id"": ""5f400d39-3b6b-4b8a-939b-4e49787c7444"", ""valuetype_id"": ""prefLabel""}], ""list_id"": ""80028d07-9c98-48cf-84db-f77bc01c8bbc""}]","[{""uri"": ""http://localhost:8000/plugins/controlled-list-manager/item/38729dbe-6d1c-48ce-bf47-e2a18945600e"", ""labels"": [{""id"": ""08a9b0bd-4713-4ea6-a829-66a64240e254"", ""value"": ""English (language)"", ""language_id"": ""en"", ""list_item_id"": ""38729dbe-6d1c-48ce-bf47-e2a18945600e"", ""valuetype_id"": ""prefLabel""}], ""list_id"": ""f7fc4f6d-fd46-4881-846f-4a08bc1a3fef""}]",3695cff8-d770-11ef-8f5d-0275dc2ded29
b69cfd93-5ab5-4340-a5c5-152c072077cf,36956e50-d770-11ef-8f5d-0275dc2ded29,166c7b56-b36e-4cfa-9dc0-7d232f147d69,1,256e07af-f563-4bff-ba7d-82f5c873695f,"{""en"": {""value"": ""Kodak Limited, London"", ""direction"": ""ltr""}}","[{""uri"": ""http://localhost:8000/plugins/controlled-list-manager/item/5f400d39-3b6b-4b8a-939b-4e49787c7444"", ""labels"": [{""id"": ""0070cd3b-1dd7-48ee-9f29-b97266bf5afb"", ""value"": ""preferred terms"", ""language_id"": ""en"", ""list_item_id"": ""5f400d39-3b6b-4b8a-939b-4e49787c7444"", ""valuetype_id"": ""prefLabel""}], ""list_id"": ""80028d07-9c98-48cf-84db-f77bc01c8bbc""}]","[{""uri"": ""http://localhost:8000/plugins/controlled-list-manager/item/38729dbe-6d1c-48ce-bf47-e2a18945600e"", ""labels"": [{""id"": ""08a9b0bd-4713-4ea6-a829-66a64240e254"", ""value"": ""English (language)"", ""language_id"": ""en"", ""list_item_id"": ""38729dbe-6d1c-48ce-bf47-e2a18945600e"", ""valuetype_id"": ""prefLabel""}], ""list_id"": ""f7fc4f6d-fd46-4881-846f-4a08bc1a3fef""}]",3695cff8-d770-11ef-8f5d-0275dc2ded29
93282fe7-d87f-4eb7-b392-0debfc634e22,36956e50-d770-11ef-8f5d-0275dc2ded29,166c7b56-b36e-4cfa-9dc0-7d232f147d69,1,9c3d236a-c071-4799-95bb-c061a4ac4e08,"{""en"": {""value"": ""Mimosa Kiel"", ""direction"": ""ltr""}}","[{""uri"": ""http://localhost:8000/plugins/controlled-list-manager/item/5f400d39-3b6b-4b8a-939b-4e49787c7444"", ""labels"": [{""id"": ""0070cd3b-1dd7-48ee-9f29-b97266bf5afb"", ""value"": ""preferred terms"", ""language_id"": ""en"", ""list_item_id"": ""5f400d39-3b6b-4b8a-939b-4e49787c7444"", ""valuetype_id"": ""prefLabel""}], ""list_id"": ""80028d07-9c98-48cf-84db-f77bc01c8bbc""}]","[{""uri"": ""http://localhost:8000/plugins/controlled-list-manager/item/38729dbe-6d1c-48ce-bf47-e2a18945600e"", ""labels"": [{""id"": ""08a9b0bd-4713-4ea6-a829-66a64240e254"", ""value"": ""English (language)"", ""language_id"": ""en"", ""list_item_id"": ""38729dbe-6d1c-48ce-bf47-e2a18945600e"", ""valuetype_id"": ""prefLabel""}], ""list_id"": ""f7fc4f6d-fd46-4881-846f-4a08bc1a3fef""}]",3695cff8-d770-11ef-8f5d-0275dc2ded29
8742ece7-aef1-4633-a136-bc8e51837125,36956e50-d770-11ef-8f5d-0275dc2ded29,166c7b56-b36e-4cfa-9dc0-7d232f147d69,1,48e3078d-5947-4320-aadd-3cabc558debe,"{""en"": {""value"": ""Baird & Tatlock, Ltd."", ""direction"": ""ltr""}}","[{""uri"": ""http://localhost:8000/plugins/controlled-list-manager/item/5f400d39-3b6b-4b8a-939b-4e49787c7444"", ""labels"": [{""id"": ""0070cd3b-1dd7-48ee-9f29-b97266bf5afb"", ""value"": ""preferred terms"", ""language_id"": ""en"", ""list_item_id"": ""5f400d39-3b6b-4b8a-939b-4e49787c7444"", ""valuetype_id"": ""prefLabel""}], ""list_id"": ""80028d07-9c98-48cf-84db-f77bc01c8bbc""}]","[{""uri"": ""http://localhost:8000/plugins/controlled-list-manager/item/38729dbe-6d1c-48ce-bf47-e2a18945600e"", ""labels"": [{""id"": ""08a9b0bd-4713-4ea6-a829-66a64240e254"", ""value"": ""English (language)"", ""language_id"": ""en"", ""list_item_id"": ""38729dbe-6d1c-48ce-bf47-e2a18945600e"", ""valuetype_id"": ""prefLabel""}], ""list_id"": ""f7fc4f6d-fd46-4881-846f-4a08bc1a3fef""}]",3695cff8-d770-11ef-8f5d-0275dc2ded29
3aaa93a8-9401-40a6-8d20-1d8e1b8373c6,36956e50-d770-11ef-8f5d-0275dc2ded29,166c7b56-b36e-4cfa-9dc0-7d232f147d69,1,63a0fa30-8f69-43db-bf47-358e31a49866,"{""en"": {""value"": ""LeFranc & Bourgeois"", ""direction"": ""ltr""}}","[{""uri"": ""http://localhost:8000/plugins/controlled-list-manager/item/5f400d39-3b6b-4b8a-939b-4e49787c7444"", ""labels"": [{""id"": ""0070cd3b-1dd7-48ee-9f29-b97266bf5afb"", ""value"": ""preferred terms"", ""language_id"": ""en"", ""list_item_id"": ""5f400d39-3b6b-4b8a-939b-4e49787c7444"", ""valuetype_id"": ""prefLabel""}], ""list_id"": ""80028d07-9c98-48cf-84db-f77bc01c8bbc""}]","[{""uri"": ""http://localhost:8000/plugins/controlled-list-manager/item/38729dbe-6d1c-48ce-bf47-e2a18945600e"", ""labels"": [{""id"": ""08a9b0bd-4713-4ea6-a829-66a64240e254"", ""value"": ""English (language)"", ""language_id"": ""en"", ""list_item_id"": ""38729dbe-6d1c-48ce-bf47-e2a18945600e"", ""valuetype_id"": ""prefLabel""}], ""list_id"": ""f7fc4f6d-fd46-4881-846f-4a08bc1a3fef""}]",3695cff8-d770-11ef-8f5d-0275dc2ded29
dbe974c5-d3e7-49be-b45c-937c165df2e5,36956e50-d770-11ef-8f5d-0275dc2ded29,166c7b56-b36e-4cfa-9dc0-7d232f147d69,1,689a40e5-2bb8-44f4-9f10-7535090afce3,"{""en"": {""value"": ""Chaparral Mountain Honey Co."", ""direction"": ""ltr""}}","[{""uri"": ""http://localhost:8000/plugins/controlled-list-manager/item/5f400d39-3b6b-4b8a-939b-4e49787c7444"", ""labels"": [{""id"": ""0070cd3b-1dd7-48ee-9f29-b97266bf5afb"", ""value"": ""preferred terms"", ""language_id"": ""en"", ""list_item_id"": ""5f400d39-3b6b-4b8a-939b-4e49787c7444"", ""valuetype_id"": ""prefLabel""}], ""list_id"": ""80028d07-9c98-48cf-84db-f77bc01c8bbc""}]","[{""uri"": ""http://localhost:8000/plugins/controlled-list-manager/item/38729dbe-6d1c-48ce-bf47-e2a18945600e"", ""labels"": [{""id"": ""08a9b0bd-4713-4ea6-a829-66a64240e254"", ""value"": ""English (language)"", ""language_id"": ""en"", ""list_item_id"": ""38729dbe-6d1c-48ce-bf47-e2a18945600e"", ""valuetype_id"": ""prefLabel""}], ""list_id"": ""f7fc4f6d-fd46-4881-846f-4a08bc1a3fef""}]",3695cff8-d770-11ef-8f5d-0275dc2ded29
e3958f5b-a3ed-41a6-9710-42643309ea7d,36956e50-d770-11ef-8f5d-0275dc2ded29,166c7b56-b36e-4cfa-9dc0-7d232f147d69,1,c79b2e9d-2584-4e30-b8c9-2c960210110b,"{""en"": {""value"": ""Morgan Company"", ""direction"": ""ltr""}}","[{""uri"": ""http://localhost:8000/plugins/controlled-list-manager/item/5f400d39-3b6b-4b8a-939b-4e49787c7444"", ""labels"": [{""id"": ""0070cd3b-1dd7-48ee-9f29-b97266bf5afb"", ""value"": ""preferred terms"", ""language_id"": ""en"", ""list_item_id"": ""5f400d39-3b6b-4b8a-939b-4e49787c7444"", ""valuetype_id"": ""prefLabel""}], ""list_id"": ""80028d07-9c98-48cf-84db-f77bc01c8bbc""}]","[{""uri"": ""http://localhost:8000/plugins/controlled-list-manager/item/38729dbe-6d1c-48ce-bf47-e2a18945600e"", ""labels"": [{""id"": ""08a9b0bd-4713-4ea6-a829-66a64240e254"", ""value"": ""English (language)"", ""language_id"": ""en"", ""list_item_id"": ""38729dbe-6d1c-48ce-bf47-e2a18945600e"", ""valuetype_id"": ""prefLabel""}], ""list_id"": ""f7fc4f6d-fd46-4881-846f-4a08bc1a3fef""}]",3695cff8-d770-11ef-8f5d-0275dc2ded29
ecad7c1a-2495-4f1e-9c22-4e9a0369f5a7,36956e50-d770-11ef-8f5d-0275dc2ded29,166c7b56-b36e-4cfa-9dc0-7d232f147d69,1,82d54257-9d36-4d3c-be19-b20bfc4224ec,"{""en"": {""value"": ""Arrowhead Mills"", ""direction"": ""ltr""}}","[{""uri"": ""http://localhost:8000/plugins/controlled-list-manager/item/5f400d39-3b6b-4b8a-939b-4e49787c7444"", ""labels"": [{""id"": ""0070cd3b-1dd7-48ee-9f29-b97266bf5afb"", ""value"": ""preferred terms"", ""language_id"": ""en"", ""list_item_id"": ""5f400d39-3b6b-4b8a-939b-4e49787c7444"", ""valuetype_id"": ""prefLabel""}], ""list_id"": ""80028d07-9c98-48cf-84db-f77bc01c8bbc""}]","[{""uri"": ""http://localhost:8000/plugins/controlled-list-manager/item/38729dbe-6d1c-48ce-bf47-e2a18945600e"", ""labels"": [{""id"": ""08a9b0bd-4713-4ea6-a829-66a64240e254"", ""value"": ""English (language)"", ""language_id"": ""en"", ""list_item_id"": ""38729dbe-6d1c-48ce-bf47-e2a18945600e"", ""valuetype_id"": ""prefLabel""}], ""list_id"": ""f7fc4f6d-fd46-4881-846f-4a08bc1a3fef""}]",3695cff8-d770-11ef-8f5d-0275dc2ded29
